<?xml version="1.0" encoding="UTF-8"?>
<osm version="0.6" generator="Overpass API 0.7.62.11 87bfad18">
<note>The data included in this document is from www.openstreetmap.org. The data is made available under ODbL.</note>
<meta osm_base="2026-08-06T22:50:21Z"/>

  <node id="172162108" lat="35.2005680" lon="-80.8646290"/>
  <node id="172162117" lat="35.1992420" lon="-80.8659640"/>
  <node id="172162840" lat="35.2091650" lon="-80.8542650"/>
  <node id="172162842" lat="35.2081960" lon="-80.8553410">
    <tag k="highway" v="stop"/>
  </node>
  <node id="172162843" lat="35.2079830" lon="-80.8555730"/>
  <node id="172162845" lat="35.2074300" lon="-80.8561990"/>
  <node id="172162847" lat="35.2072600" lon="-80.8563840"/>
  <node id="172162851" lat="35.2067530" lon="-80.8569350"/>
  <node id="172162852" lat="35.2066110" lon="-80.8570990"/>
  <node id="172162855" lat="35.2062930" lon="-80.8574520"/>
  <node id="172162858" lat="35.2059533" lon="-80.8578225"/>
  <node id="172162861" lat="35.2058930" lon="-80.8578890"/>
  <node id="172162864" lat="35.2058316" lon="-80.8579530"/>
  <node id="172162871" lat="35.2054280" lon="-80.8584090"/>
  <node id="172162874" lat="35.2052070" lon="-80.8586600"/>
  <node id="172162877" lat="35.2051410" lon="-80.8587220">
    <tag k="highway" v="stop"/>
    <tag k="stop" v="all"/>
  </node>
  <node id="172162882" lat="35.2050870" lon="-80.8587730">
    <tag k="crossing" v="unmarked"/>
    <tag k="crossing:island" v="no"/>
    <tag k="crossing:markings" v="no"/>
    <tag k="highway" v="crossing"/>
  </node>
  <node id="172162885" lat="35.2047930" lon="-80.8591000"/>
  <node id="172162888" lat="35.2047100" lon="-80.8592020"/>
  <node id="172162893" lat="35.2046130" lon="-80.8593390"/>
  <node id="172162896" lat="35.2045590" lon="-80.8594250"/>
  <node id="172162898" lat="35.2044800" lon="-80.8595710"/>
  <node id="172162900" lat="35.2044350" lon="-80.8596750"/>
  <node id="172162903" lat="35.2041273" lon="-80.8605198"/>
  <node id="172166212" lat="35.2041720" lon="-80.8595120"/>
  <node id="172166215" lat="35.2039770" lon="-80.8593870"/>
  <node id="172166218" lat="35.2039090" lon="-80.8593210"/>
  <node id="172166221" lat="35.2033450" lon="-80.8584530"/>
  <node id="172167022" lat="35.1919490" lon="-80.8613270">
    <tag k="highway" v="stop"/>
  </node>
  <node id="172167026" lat="35.1906370" lon="-80.8610810"/>
  <node id="172167445" lat="35.2074690" lon="-80.8519890"/>
  <node id="172167451" lat="35.2066160" lon="-80.8508490"/>
  <node id="172167454" lat="35.2063040" lon="-80.8504314"/>
  <node id="172167460" lat="35.2057650" lon="-80.8497100"/>
  <node id="172167468" lat="35.2048960" lon="-80.8485750">
    <tag k="highway" v="traffic_signals"/>
  </node>
  <node id="172167475" lat="35.2042060" lon="-80.8477020"/>
  <node id="172167481" lat="35.2035430" lon="-80.8468160">
    <tag k="highway" v="traffic_signals"/>
  </node>
  <node id="172167483" lat="35.2023660" lon="-80.8452320"/>
  <node id="172167487" lat="35.2021760" lon="-80.8449790"/>
  <node id="172167490" lat="35.2020080" lon="-80.8447640">
    <tag k="highway" v="traffic_signals"/>
  </node>
  <node id="172167492" lat="35.2018980" lon="-80.8446230"/>
  <node id="172167494" lat="35.2012340" lon="-80.8437010">
    <tag k="highway" v="traffic_signals"/>
  </node>
  <node id="172167496" lat="35.2010250" lon="-80.8434110"/>
  <node id="172167499" lat="35.2008560" lon="-80.8431610"/>
  <node id="172167501" lat="35.2006790" lon="-80.8429290"/>
  <node id="172167504" lat="35.2004510" lon="-80.8426080"/>
  <node id="172167507" lat="35.1997520" lon="-80.8416600"/>
  <node id="172167513" lat="35.1994890" lon="-80.8412870"/>
  <node id="172167516" lat="35.1989590" lon="-80.8405560"/>
  <node id="172167518" lat="35.1988470" lon="-80.8403990"/>
  <node id="172167523" lat="35.1987560" lon="-80.8402920"/>
  <node id="172167527" lat="35.1986320" lon="-80.8401740"/>
  <node id="172167530" lat="35.1985660" lon="-80.8401210"/>
  <node id="172167533" lat="35.1984230" lon="-80.8400260"/>
  <node id="172167536" lat="35.1983480" lon="-80.8399860"/>
  <node id="172167539" lat="35.1982300" lon="-80.8399360"/>
  <node id="172167542" lat="35.1978120" lon="-80.8397810"/>
  <node id="172167546" lat="35.1976790" lon="-80.8397150"/>
  <node id="172167548" lat="35.1976140" lon="-80.8396780"/>
  <node id="172167551" lat="35.1974991" lon="-80.8395952"/>
  <node id="172167554" lat="35.1974350" lon="-80.8395430"/>
  <node id="172167557" lat="35.1969120" lon="-80.8390270"/>
  <node id="172167563" lat="35.1962760" lon="-80.8383930"/>
  <node id="172167566" lat="35.1956845" lon="-80.8376928"/>
  <node id="172167572" lat="35.1951201" lon="-80.8373608"/>
  <node id="172167574" lat="35.1950599" lon="-80.8372797"/>
  <node id="172167576" lat="35.1949562" lon="-80.8371098">
    <tag k="highway" v="traffic_signals"/>
    <tag k="traffic_signals" v="signal"/>
    <tag k="traffic_signals:direction" v="forward"/>
  </node>
  <node id="172167581" lat="35.1948721" lon="-80.8369065"/>
  <node id="172168996" lat="35.2057490" lon="-80.8560090"/>
  <node id="172168999" lat="35.2059490" lon="-80.8562730"/>
  <node id="172169000" lat="35.2059978" lon="-80.8563110"/>
  <node id="172169004" lat="35.2060836" lon="-80.8563580">
    <tag k="highway" v="turning_circle"/>
  </node>
  <node id="172170011" lat="35.2108030" lon="-80.8510455"/>
  <node id="172170013" lat="35.2107490" lon="-80.8510160"/>
  <node id="172170015" lat="35.2107190" lon="-80.8509820">
    <tag k="direction" v="backward"/>
    <tag k="highway" v="stop"/>
    <tag k="stop" v="minor"/>
  </node>
  <node id="172170017" lat="35.2105450" lon="-80.8507000"/>
  <node id="172170018" lat="35.2104520" lon="-80.8505710"/>
  <node id="172170020" lat="35.2104010" lon="-80.8505120"/>
  <node id="172170021" lat="35.2102120" lon="-80.8503270"/>
  <node id="172170023" lat="35.2100420" lon="-80.8501370"/>
  <node id="172170025" lat="35.2099230" lon="-80.8499810"/>
  <node id="172170027" lat="35.2098570" lon="-80.8498830"/>
  <node id="172170029" lat="35.2097360" lon="-80.8496790"/>
  <node id="172170031" lat="35.2096300" lon="-80.8494650"/>
  <node id="172170033" lat="35.2095380" lon="-80.8492340"/>
  <node id="172170035" lat="35.2094960" lon="-80.8491140"/>
  <node id="172170037" lat="35.2094580" lon="-80.8489910"/>
  <node id="172170039" lat="35.2092320" lon="-80.8481650"/>
  <node id="172170041" lat="35.2091960" lon="-80.8480520"/>
  <node id="172170043" lat="35.2091470" lon="-80.8479220">
    <tag k="highway" v="stop"/>
    <tag k="stop" v="all"/>
  </node>
  <node id="172170046" lat="35.2090630" lon="-80.8477270"/>
  <node id="172170049" lat="35.2090160" lon="-80.8476340"/>
  <node id="172170052" lat="35.2089650" lon="-80.8475440"/>
  <node id="172170054" lat="35.2088530" lon="-80.8473730"/>
  <node id="172170056" lat="35.2087840" lon="-80.8472840"/>
  <node id="172170058" lat="35.2086490" lon="-80.8471350"/>
  <node id="172170060" lat="35.2085020" lon="-80.8470030"/>
  <node id="172170062" lat="35.2081030" lon="-80.8466730"/>
  <node id="172170065" lat="35.2078570" lon="-80.8464300"/>
  <node id="172170068" lat="35.2077500" lon="-80.8463130"/>
  <node id="172170073" lat="35.2076250" lon="-80.8461590"/>
  <node id="172170075" lat="35.2074970" lon="-80.8459910"/>
  <node id="172170081" lat="35.2073128" lon="-80.8456970"/>
  <node id="172170086" lat="35.2072216" lon="-80.8455377"/>
  <node id="172170093" lat="35.2068190" lon="-80.8448800"/>
  <node id="172170096" lat="35.2066210" lon="-80.8445300"/>
  <node id="172170098" lat="35.2065280" lon="-80.8443320"/>
  <node id="172170100" lat="35.2064860" lon="-80.8442300"/>
  <node id="172170102" lat="35.2064090" lon="-80.8439990"/>
  <node id="172170104" lat="35.2063490" lon="-80.8437740"/>
  <node id="172170106" lat="35.2063080" lon="-80.8435460"/>
  <node id="172170109" lat="35.2062840" lon="-80.8433180"/>
  <node id="172170111" lat="35.2062760" lon="-80.8430900"/>
  <node id="172170114" lat="35.2062378" lon="-80.8426490"/>
  <node id="172170116" lat="35.2062219" lon="-80.8422834"/>
  <node id="172170120" lat="35.2062041" lon="-80.8420229"/>
  <node id="172170122" lat="35.2061212" lon="-80.8416902"/>
  <node id="172170125" lat="35.2060434" lon="-80.8413895"/>
  <node id="172170127" lat="35.2059804" lon="-80.8412315"/>
  <node id="172170130" lat="35.2058168" lon="-80.8408206">
    <tag k="highway" v="traffic_signals"/>
    <tag k="traffic_signals" v="signal"/>
  </node>
  <node id="172170133" lat="35.2057567" lon="-80.8406193">
    <tag k="highway" v="traffic_signals"/>
    <tag k="traffic_signals" v="signal"/>
  </node>
  <node id="172170136" lat="35.2057129" lon="-80.8404732"/>
  <node id="172170142" lat="35.2054566" lon="-80.8395495"/>
  <node id="172170145" lat="35.2053460" lon="-80.8391450"/>
  <node id="172170148" lat="35.2052790" lon="-80.8388300"/>
  <node id="172170151" lat="35.2052730" lon="-80.8387160"/>
  <node id="172170154" lat="35.2052800" lon="-80.8386540"/>
  <node id="172170157" lat="35.2052860" lon="-80.8385970"/>
  <node id="172170160" lat="35.2053069" lon="-80.8385185"/>
  <node id="172177430" lat="35.1983840" lon="-80.8411670"/>
  <node id="172177433" lat="35.1981240" lon="-80.8414380"/>
  <node id="172177435" lat="35.1979880" lon="-80.8415630"/>
  <node id="172177438" lat="35.1973300" lon="-80.8420520"/>
  <node id="172177441" lat="35.1971180" lon="-80.8422010"/>
  <node id="172177444" lat="35.1969675" lon="-80.8421732"/>
  <node id="172177446" lat="35.1968890" lon="-80.8421370"/>
  <node id="172177449" lat="35.1968100" lon="-80.8420780"/>
  <node id="172177452" lat="35.1967410" lon="-80.8420020"/>
  <node id="172177455" lat="35.1967110" lon="-80.8419590"/>
  <node id="172177457" lat="35.1966590" lon="-80.8418570"/>
  <node id="172177458" lat="35.1966130" lon="-80.8417340"/>
  <node id="172177460" lat="35.1965690" lon="-80.8415880"/>
  <node id="172177462" lat="35.1965554" lon="-80.8415234"/>
  <node id="172177464" lat="35.1965350" lon="-80.8414020"/>
  <node id="172177469" lat="35.1965230" lon="-80.8412410"/>
  <node id="172177472" lat="35.1965330" lon="-80.8410720"/>
  <node id="172177475" lat="35.1965540" lon="-80.8408970"/>
  <node id="172177478" lat="35.1966910" lon="-80.8396380"/>
  <node id="172177481" lat="35.1967030" lon="-80.8395560"/>
  <node id="172177483" lat="35.1967200" lon="-80.8394730"/>
  <node id="172177487" lat="35.1967430" lon="-80.8393940"/>
  <node id="172177488" lat="35.1967960" lon="-80.8392500"/>
  <node id="172177491" lat="35.1968590" lon="-80.8391160"/>
  <node id="172177494" lat="35.1969350" lon="-80.8389900"/>
  <node id="172177495" lat="35.1970350" lon="-80.8388750"/>
  <node id="172177496" lat="35.1971570" lon="-80.8387530"/>
  <node id="172177497" lat="35.1972280" lon="-80.8386970"/>
  <node id="172177499" lat="35.1973460" lon="-80.8386290"/>
  <node id="172177501" lat="35.1974740" lon="-80.8385750"/>
  <node id="172177503" lat="35.1975400" lon="-80.8385550"/>
  <node id="172177505" lat="35.1976724" lon="-80.8385320"/>
  <node id="172177507" lat="35.1977440" lon="-80.8385260"/>
  <node id="172177510" lat="35.1978169" lon="-80.8385286"/>
  <node id="172177513" lat="35.1980160" lon="-80.8385540"/>
  <node id="172177516" lat="35.1981980" lon="-80.8386020"/>
  <node id="172177519" lat="35.1983020" lon="-80.8386340"/>
  <node id="172177522" lat="35.1984700" lon="-80.8387010"/>
  <node id="172177525" lat="35.1985130" lon="-80.8387180"/>
  <node id="172177530" lat="35.1986160" lon="-80.8387680"/>
  <node id="172177533" lat="35.1987170" lon="-80.8388230"/>
  <node id="172177536" lat="35.1989180" lon="-80.8389460"/>
  <node id="172177538" lat="35.1990600" lon="-80.8390500"/>
  <node id="172177540" lat="35.1992240" lon="-80.8391910"/>
  <node id="172177542" lat="35.1993150" lon="-80.8392760"/>
  <node id="172177543" lat="35.1994310" lon="-80.8394050"/>
  <node id="172177544" lat="35.1995190" lon="-80.8395140"/>
  <node id="172177545" lat="35.1995300" lon="-80.8395370"/>
  <node id="172177547" lat="35.1995380" lon="-80.8395880"/>
  <node id="172177548" lat="35.1995300" lon="-80.8396410"/>
  <node id="172177553" lat="35.1995060" lon="-80.8396840"/>
  <node id="172182624" lat="35.2019830" lon="-80.8644690"/>
  <node id="172182626" lat="35.2016810" lon="-80.8638810"/>
  <node id="172182630" lat="35.2013910" lon="-80.8633190"/>
  <node id="172182633" lat="35.2010800" lon="-80.8627310"/>
  <node id="172182638" lat="35.2009530" lon="-80.8624750"/>
  <node id="172182639" lat="35.2009060" lon="-80.8623680"/>
  <node id="172182641" lat="35.2008250" lon="-80.8621480"/>
  <node id="172182644" lat="35.2007910" lon="-80.8620340"/>
  <node id="172182646" lat="35.2007350" lon="-80.8617870"/>
  <node id="172182648" lat="35.2007110" lon="-80.8616790"/>
  <node id="172182651" lat="35.2006853" lon="-80.8615345"/>
  <node id="172182655" lat="35.1998530" lon="-80.8574720"/>
  <node id="172182659" lat="35.1997340" lon="-80.8568920"/>
  <node id="172182662" lat="35.1997100" lon="-80.8567070"/>
  <node id="172182666" lat="35.1996970" lon="-80.8564810"/>
  <node id="172182669" lat="35.1997050" lon="-80.8562570"/>
  <node id="172182673" lat="35.1997140" lon="-80.8561620"/>
  <node id="172182676" lat="35.1997450" lon="-80.8559790"/>
  <node id="172182678" lat="35.1997940" lon="-80.8557920"/>
  <node id="172182681" lat="35.2001340" lon="-80.8548260"/>
  <node id="172182683" lat="35.2001910" lon="-80.8546360"/>
  <node id="172182685" lat="35.2002270" lon="-80.8545190"/>
  <node id="172182688" lat="35.2003150" lon="-80.8542650"/>
  <node id="172182689" lat="35.2003860" lon="-80.8540030"/>
  <node id="172182692" lat="35.2004260" lon="-80.8538150"/>
  <node id="172182695" lat="35.2004620" lon="-80.8536460"/>
  <node id="172182698" lat="35.2004850" lon="-80.8535160"/>
  <node id="172182700" lat="35.2005170" lon="-80.8532490"/>
  <node id="172182702" lat="35.2005550" lon="-80.8528050"/>
  <node id="172182708" lat="35.2006130" lon="-80.8521990">
    <tag k="highway" v="traffic_signals"/>
  </node>
  <node id="172182711" lat="35.2006330" lon="-80.8519940"/>
  <node id="172182714" lat="35.2006761" lon="-80.8517893"/>
  <node id="172182718" lat="35.2007230" lon="-80.8516400"/>
  <node id="172182721" lat="35.2007660" lon="-80.8515390"/>
  <node id="172182724" lat="35.2008640" lon="-80.8513450"/>
  <node id="172182727" lat="35.2009400" lon="-80.8512150"/>
  <node id="172182734" lat="35.2011640" lon="-80.8509840"/>
  <node id="172182737" lat="35.2012710" lon="-80.8508840"/>
  <node id="172182740" lat="35.2013670" lon="-80.8507680"/>
  <node id="172182743" lat="35.2014100" lon="-80.8507050"/>
  <node id="172182746" lat="35.2014796" lon="-80.8505789"/>
  <node id="172182749" lat="35.2015390" lon="-80.8504350"/>
  <node id="172182753" lat="35.2015890" lon="-80.8502540"/>
  <node id="172182756" lat="35.2016117" lon="-80.8501453">
    <tag k="crossing" v="unmarked"/>
    <tag k="crossing:markings" v="no"/>
    <tag k="highway" v="crossing"/>
  </node>
  <node id="172182759" lat="35.2016760" lon="-80.8496910"/>
  <node id="172182762" lat="35.2017020" lon="-80.8493770"/>
  <node id="172182764" lat="35.2017130" lon="-80.8490040"/>
  <node id="172182767" lat="35.2017130" lon="-80.8488360"/>
  <node id="172182768" lat="35.2016990" lon="-80.8485220"/>
  <node id="172182770" lat="35.2016860" lon="-80.8483650"/>
  <node id="172182772" lat="35.2016110" lon="-80.8477490"/>
  <node id="172182774" lat="35.2016010" lon="-80.8476940"/>
  <node id="172182776" lat="35.2015720" lon="-80.8476230"/>
  <node id="172182778" lat="35.2012550" lon="-80.8471710"/>
  <node id="172182780" lat="35.2009350" lon="-80.8467020"/>
  <node id="172182782" lat="35.2008280" lon="-80.8465510"/>
  <node id="172182784" lat="35.2006100" lon="-80.8462180"/>
  <node id="172182798" lat="35.1988630" lon="-80.8443770"/>
  <node id="172182799" lat="35.1978240" lon="-80.8429460"/>
  <node id="172192160" lat="35.1997350" lon="-80.8494910"/>
  <node id="172192163" lat="35.1994360" lon="-80.8497910"/>
  <node id="172192166" lat="35.1991110" lon="-80.8501320"/>
  <node id="172192169" lat="35.1986550" lon="-80.8505950"/>
  <node id="172200436" lat="35.2025750" lon="-80.8603630"/>
  <node id="172200439" lat="35.2017260" lon="-80.8609040"/>
  <node id="172202027" lat="35.2056410" lon="-80.8519290">
    <tag k="highway" v="stop"/>
  </node>
  <node id="172202029" lat="35.2049700" lon="-80.8526680"/>
  <node id="172202031" lat="35.2046520" lon="-80.8530280"/>
  <node id="172202033" lat="35.2042610" lon="-80.8534570"/>
  <node id="172202036" lat="35.2040410" lon="-80.8537220"/>
  <node id="172203724" lat="35.1986911" lon="-80.8423693"/>
  <node id="172203727" lat="35.1974130" lon="-80.8432250"/>
  <node id="172203730" lat="35.1972630" lon="-80.8433330"/>
  <node id="172203732" lat="35.1970010" lon="-80.8435220"/>
  <node id="172203737" lat="35.1969450" lon="-80.8435690"/>
  <node id="172203739" lat="35.1968660" lon="-80.8436410"/>
  <node id="172203741" lat="35.1966380" lon="-80.8438810"/>
  <node id="172203745" lat="35.1964710" lon="-80.8440360"/>
  <node id="172203748" lat="35.1963840" lon="-80.8441070"/>
  <node id="172203751" lat="35.1961790" lon="-80.8442430"/>
  <node id="172203754" lat="35.1956770" lon="-80.8445510"/>
  <node id="172203757" lat="35.1954410" lon="-80.8446860"/>
  <node id="172203760" lat="35.1953100" lon="-80.8447430"/>
  <node id="172203763" lat="35.1951820" lon="-80.8447920"/>
  <node id="172203765" lat="35.1949700" lon="-80.8448590"/>
  <node id="172203767" lat="35.1947700" lon="-80.8449110"/>
  <node id="172203769" lat="35.1946030" lon="-80.8449380"/>
  <node id="172203771" lat="35.1943730" lon="-80.8449590"/>
  <node id="172203773" lat="35.1941430" lon="-80.8449580"/>
  <node id="172203776" lat="35.1939420" lon="-80.8449420"/>
  <node id="172203779" lat="35.1931500" lon="-80.8448770"/>
  <node id="172203785" lat="35.1928160" lon="-80.8448550"/>
  <node id="172203787" lat="35.1920110" lon="-80.8447850"/>
  <node id="172203789" lat="35.1919120" lon="-80.8447840"/>
  <node id="172207622" lat="35.1977230" lon="-80.8444080"/>
  <node id="172207625" lat="35.1975410" lon="-80.8447550"/>
  <node id="172207629" lat="35.1974740" lon="-80.8448680"/>
  <node id="172207632" lat="35.1973870" lon="-80.8449900"/>
  <node id="172207636" lat="35.1972700" lon="-80.8451330"/>
  <node id="172207640" lat="35.1967050" lon="-80.8457370"/>
  <node id="172207642" lat="35.1965960" lon="-80.8458410"/>
  <node id="172207645" lat="35.1964960" lon="-80.8459180"/>
  <node id="172207648" lat="35.1964290" lon="-80.8459630"/>
  <node id="172207651" lat="35.1963240" lon="-80.8460200"/>
  <node id="172207653" lat="35.1961930" lon="-80.8460760"/>
  <node id="172207655" lat="35.1960680" lon="-80.8461160"/>
  <node id="172207657" lat="35.1958970" lon="-80.8461450"/>
  <node id="172207659" lat="35.1953990" lon="-80.8461720"/>
  <node id="172207661" lat="35.1952410" lon="-80.8462060"/>
  <node id="172207664" lat="35.1950910" lon="-80.8462570"/>
  <node id="172207665" lat="35.1949400" lon="-80.8463420"/>
  <node id="172207666" lat="35.1946690" lon="-80.8465170"/>
  <node id="172221343" lat="35.2069803" lon="-80.8453385"/>
  <node id="172221347" lat="35.2067700" lon="-80.8455731"/>
  <node id="172221348" lat="35.2066846" lon="-80.8456382"/>
  <node id="172221350" lat="35.2066278" lon="-80.8456759"/>
  <node id="172221352" lat="35.2065635" lon="-80.8457151"/>
  <node id="172221354" lat="35.2064877" lon="-80.8457580"/>
  <node id="172221356" lat="35.2063529" lon="-80.8458218"/>
  <node id="172221358" lat="35.2061410" lon="-80.8458700"/>
  <node id="172221359" lat="35.2058300" lon="-80.8459260"/>
  <node id="172221361" lat="35.2054221" lon="-80.8459795">
    <tag k="crossing" v="uncontrolled"/>
    <tag k="highway" v="crossing"/>
  </node>
  <node id="172221364" lat="35.2053630" lon="-80.8459840"/>
  <node id="172221374" lat="35.2047470" lon="-80.8460180"/>
  <node id="172221377" lat="35.2046630" lon="-80.8460310"/>
  <node id="172221380" lat="35.2044920" lon="-80.8460740"/>
  <node id="172221383" lat="35.2044130" lon="-80.8461020"/>
  <node id="172221386" lat="35.2042590" lon="-80.8461740"/>
  <node id="172221388" lat="35.2041130" lon="-80.8462600"/>
  <node id="172221390" lat="35.2039620" lon="-80.8463710"/>
  <node id="172221392" lat="35.2038210" lon="-80.8465000"/>
  <node id="172221394" lat="35.2034860" lon="-80.8468808">
    <tag k="crossing" v="uncontrolled"/>
    <tag k="highway" v="crossing"/>
  </node>
  <node id="172221396" lat="35.2032780" lon="-80.8470930"/>
  <node id="172221399" lat="35.2031500" lon="-80.8472060"/>
  <node id="172221401" lat="35.2030110" lon="-80.8473020"/>
  <node id="172221402" lat="35.2028530" lon="-80.8473880"/>
  <node id="172221405" lat="35.2026730" lon="-80.8474660"/>
  <node id="172221408" lat="35.2025890" lon="-80.8474950"/>
  <node id="172221411" lat="35.2015040" lon="-80.8477760"/>
  <node id="172221414" lat="35.2014410" lon="-80.8477970"/>
  <node id="172221416" lat="35.2013180" lon="-80.8478550"/>
  <node id="172221418" lat="35.2012030" lon="-80.8479320"/>
  <node id="172221420" lat="35.2011360" lon="-80.8479880"/>
  <node id="172221422" lat="35.2010420" lon="-80.8480830"/>
  <node id="172221425" lat="35.2009924" lon="-80.8481507"/>
  <node id="172221428" lat="35.2009310" lon="-80.8482503"/>
  <node id="172221432" lat="35.2008440" lon="-80.8484340"/>
  <node id="172221435" lat="35.2007260" lon="-80.8487100"/>
  <node id="172221438" lat="35.2006630" lon="-80.8488760"/>
  <node id="172221441" lat="35.2005900" lon="-80.8491090"/>
  <node id="172221442" lat="35.2005600" lon="-80.8492280"/>
  <node id="172221443" lat="35.2005230" lon="-80.8494183"/>
  <node id="172221445" lat="35.2004550" lon="-80.8499260"/>
  <node id="172221447" lat="35.2004500" lon="-80.8500730"/>
  <node id="172221466" lat="35.2068950" lon="-80.8460130"/>
  <node id="172222574" lat="35.2025524" lon="-80.8535198"/>
  <node id="172224474" lat="35.1985250" lon="-80.8602340"/>
  <node id="172224498" lat="35.1983720" lon="-80.8600970"/>
  <node id="172224702" lat="35.2068630" lon="-80.8461420"/>
  <node id="172224705" lat="35.2067990" lon="-80.8463490"/>
  <node id="172224707" lat="35.2067610" lon="-80.8464490"/>
  <node id="172224709" lat="35.2067020" lon="-80.8465820"/>
  <node id="172224711" lat="35.2066150" lon="-80.8467530"/>
  <node id="172224713" lat="35.2065660" lon="-80.8468410"/>
  <node id="172224715" lat="35.2065130" lon="-80.8469260"/>
  <node id="172224717" lat="35.2063970" lon="-80.8470860"/>
  <node id="172224719" lat="35.2063300" lon="-80.8471650"/>
  <node id="172224721" lat="35.2061550" lon="-80.8473350"/>
  <node id="172224723" lat="35.2060630" lon="-80.8474140"/>
  <node id="172224725" lat="35.2059320" lon="-80.8475160"/>
  <node id="172224727" lat="35.2058260" lon="-80.8476050"/>
  <node id="172224729" lat="35.2057070" lon="-80.8477040"/>
  <node id="172224731" lat="35.2055010" lon="-80.8478980"/>
  <node id="172224733" lat="35.2053070" lon="-80.8481080"/>
  <node id="172224735" lat="35.2039290" lon="-80.8496430">
    <tag k="highway" v="stop"/>
  </node>
  <node id="172224737" lat="35.2037790" lon="-80.8498070"/>
  <node id="172224739" lat="35.2036450" lon="-80.8499280"/>
  <node id="172224741" lat="35.2035490" lon="-80.8499970"/>
  <node id="172224743" lat="35.2034510" lon="-80.8500610"/>
  <node id="172224745" lat="35.2033280" lon="-80.8501330"/>
  <node id="172224747" lat="35.2031690" lon="-80.8502060"/>
  <node id="172224749" lat="35.2029600" lon="-80.8502830"/>
  <node id="172224751" lat="35.2027940" lon="-80.8503280"/>
  <node id="172224753" lat="35.2026970" lon="-80.8503440"/>
  <node id="172224755" lat="35.2024980" lon="-80.8503550"/>
  <node id="172224756" lat="35.2022990" lon="-80.8503440"/>
  <node id="172224757" lat="35.2006840" lon="-80.8501270"/>
  <node id="172224758" lat="35.2002870" lon="-80.8500160"/>
  <node id="172224759" lat="35.2002070" lon="-80.8499790"/>
  <node id="172224760" lat="35.2000990" lon="-80.8499030"/>
  <node id="172224761" lat="35.1999800" lon="-80.8497970"/>
  <node id="172224762" lat="35.1998730" lon="-80.8496750"/>
  <node id="172224763" lat="35.1993440" lon="-80.8489110"/>
  <node id="172224764" lat="35.1991150" lon="-80.8485820"/>
  <node id="172231830" lat="35.1928641" lon="-80.8320608"/>
  <node id="172231836" lat="35.1921998" lon="-80.8323419"/>
  <node id="172252553" lat="35.2097740" lon="-80.8598310">
    <tag k="highway" v="traffic_signals"/>
  </node>
  <node id="172252555" lat="35.2097330" lon="-80.8597510"/>
  <node id="172252557" lat="35.2097030" lon="-80.8596670"/>
  <node id="172252561" lat="35.2096600" lon="-80.8595820"/>
  <node id="172252564" lat="35.2089660" lon="-80.8586580">
    <tag k="highway" v="traffic_signals"/>
    <tag k="traffic_signals" v="signal"/>
  </node>
  <node id="172252566" lat="35.2085540" lon="-80.8581110"/>
  <node id="172252568" lat="35.2081110" lon="-80.8575200"/>
  <node id="172252570" lat="35.2064050" lon="-80.8552470"/>
  <node id="172252573" lat="35.2058830" lon="-80.8545450"/>
  <node id="172252575" lat="35.2055510" lon="-80.8541090"/>
  <node id="172252576" lat="35.2050770" lon="-80.8534670"/>
  <node id="172252577" lat="35.2049130" lon="-80.8532740"/>
  <node id="172252578" lat="35.2047370" lon="-80.8530980"/>
  <node id="172252580" lat="35.2044640" lon="-80.8528920"/>
  <node id="172252582" lat="35.2043790" lon="-80.8528390"/>
  <node id="172252584" lat="35.2042030" lon="-80.8527470"/>
  <node id="172252586" lat="35.2041138" lon="-80.8527080"/>
  <node id="172252589" lat="35.2038830" lon="-80.8526290"/>
  <node id="172252592" lat="35.2036770" lon="-80.8525925"/>
  <node id="172252594" lat="35.2034910" lon="-80.8525605">
    <tag k="crossing" v="uncontrolled"/>
    <tag k="crossing:markings" v="ladder:paired"/>
    <tag k="crossing:signals" v="no"/>
    <tag k="highway" v="crossing"/>
  </node>
  <node id="172257810" lat="35.2107760" lon="-80.8587910"/>
  <node id="172257839" lat="35.2069260" lon="-80.8610143"/>
  <node id="172257851" lat="35.2013260" lon="-80.8659975">
    <tag k="highway" v="traffic_signals"/>
  </node>
  <node id="172257858" lat="35.1997956" lon="-80.8670357"/>
  <node id="172262225" lat="35.2050521" lon="-80.8546653"/>
  <node id="172262228" lat="35.2054040" lon="-80.8551420"/>
  <node id="172262233" lat="35.2057690" lon="-80.8556360"/>
  <node id="172262235" lat="35.2057989" lon="-80.8557079"/>
  <node id="172262238" lat="35.2058080" lon="-80.8557470"/>
  <node id="172262239" lat="35.2058130" lon="-80.8558270"/>
  <node id="172262242" lat="35.2058020" lon="-80.8558990"/>
  <node id="172262244" lat="35.2057750" lon="-80.8559700"/>
  <node id="172262247" lat="35.2057330" lon="-80.8560300"/>
  <node id="172262250" lat="35.2056820" lon="-80.8560720"/>
  <node id="172262253" lat="35.2056050" lon="-80.8561240"/>
  <node id="172262256" lat="35.2055140" lon="-80.8561580">
    <tag k="highway" v="turning_circle"/>
  </node>
  <node id="172270887" lat="35.2001713" lon="-80.8322907"/>
  <node id="172270889" lat="35.2000946" lon="-80.8325056"/>
  <node id="172270892" lat="35.2000381" lon="-80.8327098"/>
  <node id="172270895" lat="35.1999798" lon="-80.8329794"/>
  <node id="172270897" lat="35.1999627" lon="-80.8331690"/>
  <node id="172270899" lat="35.1999534" lon="-80.8335007"/>
  <node id="172270901" lat="35.1999307" lon="-80.8348197"/>
  <node id="172270913" lat="35.2000279" lon="-80.8363375"/>
  <node id="172281565" lat="35.2064120" lon="-80.8361120"/>
  <node id="172281571" lat="35.2060603" lon="-80.8361359"/>
  <node id="172281576" lat="35.2058530" lon="-80.8361160"/>
  <node id="172281588" lat="35.2044651" lon="-80.8358431"/>
  <node id="172281591" lat="35.2029027" lon="-80.8360139">
    <tag k="highway" v="traffic_signals"/>
  </node>
  <node id="172281593" lat="35.2025800" lon="-80.8360534"/>
  <node id="172281605" lat="35.1989644" lon="-80.8364598"/>
  <node id="172281607" lat="35.1979520" lon="-80.8365739"/>
  <node id="172281609" lat="35.1968815" lon="-80.8366933"/>
  <node id="172288212" lat="35.2040650" lon="-80.8478630"/>
  <node id="172288214" lat="35.2035610" lon="-80.8484170"/>
  <node id="172288217" lat="35.2034460" lon="-80.8485280"/>
  <node id="172288223" lat="35.2032953" lon="-80.8486428">
    <tag k="crossing" v="unmarked"/>
    <tag k="crossing:markings" v="no"/>
    <tag k="highway" v="crossing"/>
  </node>
  <node id="172288226" lat="35.2032270" lon="-80.8486890"/>
  <node id="172288229" lat="35.2031900" lon="-80.8487110"/>
  <node id="172288232" lat="35.2030450" lon="-80.8487730"/>
  <node id="172288235" lat="35.2028210" lon="-80.8488520"/>
  <node id="172288237" lat="35.2026520" lon="-80.8489000"/>
  <node id="172288240" lat="35.2024180" lon="-80.8489510"/>
  <node id="172288242" lat="35.2021590" lon="-80.8489850"/>
  <node id="172288245" lat="35.2018940" lon="-80.8490030"/>
  <node id="172292716" lat="35.2057863" lon="-80.8475294">
    <tag k="crossing" v="unmarked"/>
    <tag k="crossing:markings" v="no"/>
    <tag k="highway" v="crossing"/>
  </node>
  <node id="172292718" lat="35.2057210" lon="-80.8474350"/>
  <node id="172292720" lat="35.2056970" lon="-80.8474080"/>
  <node id="172292723" lat="35.2047810" lon="-80.8461780"/>
  <node id="172292726" lat="35.2047548" lon="-80.8461078">
    <tag k="crossing" v="unmarked"/>
    <tag k="crossing:markings" v="no"/>
    <tag k="highway" v="crossing"/>
  </node>
  <node id="172292729" lat="35.2047490" lon="-80.8460790"/>
  <node id="172296636" lat="35.1983970" lon="-80.8518890"/>
  <node id="172296638" lat="35.1983941" lon="-80.8517956">
    <tag k="crossing" v="unmarked"/>
    <tag k="crossing:markings" v="no"/>
    <tag k="highway" v="crossing"/>
  </node>
  <node id="172296640" lat="35.1983800" lon="-80.8517200"/>
  <node id="172296642" lat="35.1983250" lon="-80.8515040"/>
  <node id="172296644" lat="35.1981590" lon="-80.8509010"/>
  <node id="172296648" lat="35.1980850" lon="-80.8506170"/>
  <node id="172296651" lat="35.1980310" lon="-80.8503750"/>
  <node id="172296653" lat="35.1979926" lon="-80.8501986"/>
  <node id="172296656" lat="35.1979740" lon="-80.8500960"/>
  <node id="172296659" lat="35.1978920" lon="-80.8496490"/>
  <node id="172296661" lat="35.1978670" lon="-80.8495380"/>
  <node id="172296664" lat="35.1978120" lon="-80.8493570"/>
  <node id="172296667" lat="35.1977370" lon="-80.8491630">
    <tag k="crossing" v="unmarked"/>
    <tag k="crossing:markings" v="no"/>
    <tag k="highway" v="crossing"/>
  </node>
  <node id="172296670" lat="35.1976430" lon="-80.8489390"/>
  <node id="172296673" lat="35.1973640" lon="-80.8482980"/>
  <node id="172296676" lat="35.1972860" lon="-80.8481290"/>
  <node id="172296679" lat="35.1969090" lon="-80.8472910"/>
  <node id="172307571" lat="35.1914322" lon="-80.8417082"/>
  <node id="172307574" lat="35.1911592" lon="-80.8410544">
    <tag k="direction" v="both"/>
    <tag k="highway" v="stop"/>
    <tag k="stop" v="all"/>
  </node>
  <node id="172307577" lat="35.1910322" lon="-80.8407508"/>
  <node id="172307580" lat="35.1907111" lon="-80.8399835"/>
  <node id="172307583" lat="35.1906670" lon="-80.8398712"/>
  <node id="172307584" lat="35.1901248" lon="-80.8385818"/>
  <node id="172307586" lat="35.1900479" lon="-80.8384346"/>
  <node id="172307590" lat="35.1899573" lon="-80.8383267"/>
  <node id="172307593" lat="35.1896667" lon="-80.8379783"/>
  <node id="172307596" lat="35.1895208" lon="-80.8378106"/>
  <node id="172307598" lat="35.1893982" lon="-80.8376596"/>
  <node id="172307600" lat="35.1892994" lon="-80.8375452"/>
  <node id="172307601" lat="35.1891598" lon="-80.8373815"/>
  <node id="172307603" lat="35.1890579" lon="-80.8372620"/>
  <node id="172307605" lat="35.1887881" lon="-80.8369430"/>
  <node id="172307607" lat="35.1887210" lon="-80.8368574"/>
  <node id="172307609" lat="35.1886466" lon="-80.8367509"/>
  <node id="172307611" lat="35.1885646" lon="-80.8366237"/>
  <node id="172307613" lat="35.1883960" lon="-80.8363370"/>
  <node id="172307615" lat="35.1882332" lon="-80.8360098"/>
  <node id="172307618" lat="35.1881881" lon="-80.8359034"/>
  <node id="172307621" lat="35.1880729" lon="-80.8355799"/>
  <node id="172307624" lat="35.1878638" lon="-80.8348936"/>
  <node id="172308607" lat="35.1937100" lon="-80.8497460"/>
  <node id="172308610" lat="35.1933470" lon="-80.8487980"/>
  <node id="172308613" lat="35.1929550" lon="-80.8477500"/>
  <node id="172308616" lat="35.1928900" lon="-80.8475860"/>
  <node id="172308618" lat="35.1928730" lon="-80.8475550"/>
  <node id="172308620" lat="35.1928280" lon="-80.8475030"/>
  <node id="172308623" lat="35.1928020" lon="-80.8474830"/>
  <node id="172308624" lat="35.1927430" lon="-80.8474580"/>
  <node id="172308627" lat="35.1926950" lon="-80.8474530"/>
  <node id="172308630" lat="35.1926510" lon="-80.8474590"/>
  <node id="172308635" lat="35.1925940" lon="-80.8474860"/>
  <node id="172308638" lat="35.1925440" lon="-80.8475300"/>
  <node id="172308641" lat="35.1925070" lon="-80.8475900"/>
  <node id="172308644" lat="35.1924290" lon="-80.8478480"/>
  <node id="172308647" lat="35.1922880" lon="-80.8483470"/>
  <node id="172308650" lat="35.1922760" lon="-80.8484120"/>
  <node id="172308653" lat="35.1922630" lon="-80.8485400"/>
  <node id="172308656" lat="35.1922580" lon="-80.8488370"/>
  <node id="172308659" lat="35.1922570" lon="-80.8489420"/>
  <node id="172308662" lat="35.1922400" lon="-80.8490780"/>
  <node id="172308665" lat="35.1922060" lon="-80.8492100"/>
  <node id="172308667" lat="35.1921650" lon="-80.8492940"/>
  <node id="172308669" lat="35.1921390" lon="-80.8493380"/>
  <node id="172308671" lat="35.1921080" lon="-80.8493790"/>
  <node id="172308673" lat="35.1920350" lon="-80.8494420"/>
  <node id="172308677" lat="35.1912010" lon="-80.8498020"/>
  <node id="172308679" lat="35.1907270" lon="-80.8500240"/>
  <node id="172308681" lat="35.1905940" lon="-80.8500800"/>
  <node id="172308683" lat="35.1904960" lon="-80.8501090"/>
  <node id="172308685" lat="35.1903590" lon="-80.8501210"/>
  <node id="172308687" lat="35.1902450" lon="-80.8501140"/>
  <node id="172308689" lat="35.1901260" lon="-80.8500910"/>
  <node id="172308690" lat="35.1900620" lon="-80.8500720"/>
  <node id="172308692" lat="35.1900050" lon="-80.8500440"/>
  <node id="172308693" lat="35.1898960" lon="-80.8499740"/>
  <node id="172308696" lat="35.1895360" lon="-80.8496880"/>
  <node id="172308699" lat="35.1893880" lon="-80.8496060"/>
  <node id="172308701" lat="35.1891820" lon="-80.8495320"/>
  <node id="172308703" lat="35.1890320" lon="-80.8495020"/>
  <node id="172308706" lat="35.1888550" lon="-80.8494870"/>
  <node id="172308709" lat="35.1886890" lon="-80.8494920"/>
  <node id="172308712" lat="35.1885300" lon="-80.8495170"/>
  <node id="172308715" lat="35.1883700" lon="-80.8495490">
    <tag k="highway" v="stop"/>
    <tag k="stop" v="all"/>
  </node>
  <node id="172308718" lat="35.1875890" lon="-80.8495010"/>
  <node id="172308721" lat="35.1865630" lon="-80.8494510"/>
  <node id="172308724" lat="35.1855770" lon="-80.8493910">
    <tag k="highway" v="turning_circle"/>
  </node>
  <node id="172308741" lat="35.1926790" lon="-80.8472120"/>
  <node id="172308745" lat="35.1926681" lon="-80.8467013">
    <tag k="highway" v="turning_circle"/>
  </node>
  <node id="172309381" lat="35.2045100" lon="-80.8589320"/>
  <node id="172309383" lat="35.2042820" lon="-80.8592880"/>
  <node id="172309386" lat="35.2041970" lon="-80.8594530"/>
  <node id="172309388" lat="35.2041270" lon="-80.8596300"/>
  <node id="172309391" lat="35.2040790" lon="-80.8597700"/>
  <node id="172309395" lat="35.2040390" lon="-80.8598360"/>
  <node id="172309399" lat="35.2039860" lon="-80.8598860"/>
  <node id="172309402" lat="35.2039590" lon="-80.8599000"/>
  <node id="172309405" lat="35.2038990" lon="-80.8599140"/>
  <node id="172309408" lat="35.2038380" lon="-80.8599060"/>
  <node id="172309411" lat="35.2036730" lon="-80.8598430"/>
  <node id="172309414" lat="35.2035230" lon="-80.8598020"/>
  <node id="172309417" lat="35.2034460" lon="-80.8597860"/>
  <node id="172309420" lat="35.2031980" lon="-80.8597590"/>
  <node id="172309423" lat="35.2031700" lon="-80.8597490"/>
  <node id="172309425" lat="35.2031180" lon="-80.8597130"/>
  <node id="172309427" lat="35.2030780" lon="-80.8596610"/>
  <node id="172309429" lat="35.2027820" lon="-80.8590220"/>
  <node id="172309431" lat="35.2023540" lon="-80.8580900"/>
  <node id="172309433" lat="35.2023160" lon="-80.8579710"/>
  <node id="172309435" lat="35.2022980" lon="-80.8578770"/>
  <node id="172309437" lat="35.2022970" lon="-80.8577810"/>
  <node id="172309439" lat="35.2023110" lon="-80.8575900"/>
  <node id="172318987" lat="35.1935791" lon="-80.8521507"/>
  <node id="172318990" lat="35.1939800" lon="-80.8534170"/>
  <node id="172318993" lat="35.1941220" lon="-80.8538790"/>
  <node id="172318996" lat="35.1941400" lon="-80.8539550"/>
  <node id="172318999" lat="35.1941500" lon="-80.8540190"/>
  <node id="172319002" lat="35.1941600" lon="-80.8541440"/>
  <node id="172319005" lat="35.1941590" lon="-80.8542100"/>
  <node id="172319008" lat="35.1941510" lon="-80.8542720"/>
  <node id="172319011" lat="35.1941250" lon="-80.8543960"/>
  <node id="172319016" lat="35.1941050" lon="-80.8544520"/>
  <node id="172319019" lat="35.1940420" lon="-80.8545910"/>
  <node id="172319022" lat="35.1937420" lon="-80.8551520"/>
  <node id="172319025" lat="35.1930010" lon="-80.8565710"/>
  <node id="172319028" lat="35.1922109" lon="-80.8580726"/>
  <node id="172319034" lat="35.1921390" lon="-80.8582130"/>
  <node id="172319040" lat="35.1920440" lon="-80.8583720"/>
  <node id="172319044" lat="35.1920110" lon="-80.8584150"/>
  <node id="172319047" lat="35.1919740" lon="-80.8584520"/>
  <node id="172319050" lat="35.1918920" lon="-80.8585120"/>
  <node id="172319053" lat="35.1918040" lon="-80.8585540"/>
  <node id="172319056" lat="35.1917100" lon="-80.8585750"/>
  <node id="172319059" lat="35.1916150" lon="-80.8585760"/>
  <node id="172319061" lat="35.1902650" lon="-80.8584480"/>
  <node id="172319063" lat="35.1895170" lon="-80.8583750"/>
  <node id="172319066" lat="35.1894120" lon="-80.8583470"/>
  <node id="172319067" lat="35.1893770" lon="-80.8583260"/>
  <node id="172319070" lat="35.1893140" lon="-80.8582700"/>
  <node id="172319073" lat="35.1892630" lon="-80.8581990"/>
  <node id="172319076" lat="35.1892410" lon="-80.8581480"/>
  <node id="172319079" lat="35.1892170" lon="-80.8580590"/>
  <node id="172319082" lat="35.1892110" lon="-80.8579650"/>
  <node id="172319085" lat="35.1892180" lon="-80.8578960"/>
  <node id="172319089" lat="35.1892320" lon="-80.8576040"/>
  <node id="172319093" lat="35.1892220" lon="-80.8574590"/>
  <node id="172319096" lat="35.1892110" lon="-80.8573870"/>
  <node id="172319101" lat="35.1891740" lon="-80.8572440"/>
  <node id="172319103" lat="35.1891530" lon="-80.8571810"/>
  <node id="172319105" lat="35.1890980" lon="-80.8570620"/>
  <node id="172319107" lat="35.1890650" lon="-80.8570060"/>
  <node id="172319109" lat="35.1889920" lon="-80.8569090"/>
  <node id="172319111" lat="35.1888890" lon="-80.8567960"/>
  <node id="172320602" lat="35.2013560" lon="-80.8600620"/>
  <node id="172320605" lat="35.2009520" lon="-80.8591230"/>
  <node id="172320608" lat="35.2008900" lon="-80.8589450"/>
  <node id="172320611" lat="35.2008450" lon="-80.8587610"/>
  <node id="172320614" lat="35.2008210" lon="-80.8586120"/>
  <node id="172320617" lat="35.2008120" lon="-80.8585160"/>
  <node id="172320620" lat="35.2008080" lon="-80.8583220"/>
  <node id="172320623" lat="35.2008690" lon="-80.8574180"/>
  <node id="172323256" lat="35.1949682" lon="-80.8515234"/>
  <node id="172323259" lat="35.1949130" lon="-80.8513880"/>
  <node id="172323263" lat="35.1947920" lon="-80.8510480"/>
  <node id="172323265" lat="35.1946840" lon="-80.8507920"/>
  <node id="172323267" lat="35.1946590" lon="-80.8507330"/>
  <node id="172323270" lat="35.1945460" lon="-80.8504240"/>
  <node id="172323273" lat="35.1943896" lon="-80.8500670"/>
  <node id="172323276" lat="35.1941740" lon="-80.8495440"/>
  <node id="172323284" lat="35.1950114" lon="-80.8492137"/>
  <node id="172323286" lat="35.1945006" lon="-80.8494221"/>
  <node id="172323289" lat="35.1939330" lon="-80.8496520"/>
  <node id="172323292" lat="35.1934830" lon="-80.8498540"/>
  <node id="172323295" lat="35.1933180" lon="-80.8499200"/>
  <node id="172323299" lat="35.1932300" lon="-80.8499410"/>
  <node id="172323300" lat="35.1931400" lon="-80.8499410"/>
  <node id="172323303" lat="35.1930510" lon="-80.8499190"/>
  <node id="172323305" lat="35.1930090" lon="-80.8499010"/>
  <node id="172323307" lat="35.1929290" lon="-80.8498500"/>
  <node id="172323309" lat="35.1928550" lon="-80.8497750"/>
  <node id="172323312" lat="35.1926620" lon="-80.8495440"/>
  <node id="172323315" lat="35.1923660" lon="-80.8491610"/>
  <node id="172323318" lat="35.1923140" lon="-80.8490610"/>
  <node id="172323321" lat="35.1922940" lon="-80.8490080"/>
  <node id="172323324" lat="35.1922740" lon="-80.8489310"/>
  <node id="172332969" lat="35.2104790" lon="-80.8398820"/>
  <node id="172347593" lat="35.2023120" lon="-80.8411100">
    <tag k="highway" v="turning_circle"/>
  </node>
  <node id="172347605" lat="35.2017390" lon="-80.8413980"/>
  <node id="172347608" lat="35.2016020" lon="-80.8414650"/>
  <node id="172347610" lat="35.2014910" lon="-80.8415390"/>
  <node id="172352721" lat="35.1908533" lon="-80.8603920"/>
  <node id="172352722" lat="35.1908030" lon="-80.8603640"/>
  <node id="172352723" lat="35.1907480" lon="-80.8603340"/>
  <node id="172352724" lat="35.1906420" lon="-80.8602750"/>
  <node id="172352725" lat="35.1906020" lon="-80.8602470"/>
  <node id="172352726" lat="35.1905160" lon="-80.8601600"/>
  <node id="172352727" lat="35.1904580" lon="-80.8600800"/>
  <node id="172352729" lat="35.1903915" lon="-80.8599345"/>
  <node id="172352731" lat="35.1903609" lon="-80.8598506"/>
  <node id="172365241" lat="35.2041180" lon="-80.8584030"/>
  <node id="172365244" lat="35.2040860" lon="-80.8583680"/>
  <node id="172365247" lat="35.2040400" lon="-80.8583310"/>
  <node id="172365250" lat="35.2039610" lon="-80.8582910"/>
  <node id="172365253" lat="35.2038880" lon="-80.8582760"/>
  <node id="172365255" lat="35.2038510" lon="-80.8582760"/>
  <node id="172365257" lat="35.2037270" lon="-80.8583020"/>
  <node id="172365258" lat="35.2036680" lon="-80.8582990"/>
  <node id="172365261" lat="35.2036050" lon="-80.8582780"/>
  <node id="172365263" lat="35.2035450" lon="-80.8582380"/>
  <node id="172365266" lat="35.2035000" lon="-80.8581910"/>
  <node id="172365268" lat="35.2034620" lon="-80.8581270"/>
  <node id="172365270" lat="35.2034370" lon="-80.8580550"/>
  <node id="172365272" lat="35.2034140" lon="-80.8579030"/>
  <node id="172365274" lat="35.2034091" lon="-80.8577710"/>
  <node id="172365276" lat="35.2034160" lon="-80.8576780"/>
  <node id="172372738" lat="35.2008410" lon="-80.8511990"/>
  <node id="172372740" lat="35.2006430" lon="-80.8511800"/>
  <node id="172372743" lat="35.2004400" lon="-80.8511420"/>
  <node id="172372746" lat="35.2003390" lon="-80.8511150"/>
  <node id="172372749" lat="35.2001490" lon="-80.8510480"/>
  <node id="172372752" lat="35.1999720" lon="-80.8509640"/>
  <node id="172372755" lat="35.1998860" lon="-80.8509150"/>
  <node id="172372758" lat="35.1997990" lon="-80.8508590"/>
  <node id="172372761" lat="35.1996310" lon="-80.8507330"/>
  <node id="172372764" lat="35.1994730" lon="-80.8505900"/>
  <node id="172372767" lat="35.1993330" lon="-80.8504380"/>
  <node id="172372770" lat="35.1991980" lon="-80.8502600"/>
  <node id="172388516" lat="35.2073440" lon="-80.8542060">
    <tag k="highway" v="stop"/>
  </node>
  <node id="172388530" lat="35.2041670" lon="-80.8574580"/>
  <node id="172388533" lat="35.2039910" lon="-80.8575330"/>
  <node id="172388535" lat="35.2038940" lon="-80.8575690"/>
  <node id="172388538" lat="35.2036380" lon="-80.8576400"/>
  <node id="172388540" lat="35.2033810" lon="-80.8576830"/>
  <node id="172388542" lat="35.2031330" lon="-80.8576800"/>
  <node id="172388545" lat="35.2027240" lon="-80.8576390"/>
  <node id="172388547" lat="35.2015040" lon="-80.8574890"/>
  <node id="172388550" lat="35.2004770" lon="-80.8573800"/>
  <node id="172388553" lat="35.2003250" lon="-80.8573880"/>
  <node id="172388556" lat="35.2002160" lon="-80.8574010"/>
  <node id="172388559" lat="35.1999800" lon="-80.8574420"/>
  <node id="172420877" lat="35.1952149" lon="-80.8383818"/>
  <node id="172420879" lat="35.1951397" lon="-80.8384882"/>
  <node id="172420882" lat="35.1950763" lon="-80.8385529"/>
  <node id="172420885" lat="35.1949983" lon="-80.8386061"/>
  <node id="172420888" lat="35.1949258" lon="-80.8386372"/>
  <node id="172420891" lat="35.1948527" lon="-80.8386566"/>
  <node id="172420895" lat="35.1947514" lon="-80.8386581"/>
  <node id="172420899" lat="35.1946622" lon="-80.8386412"/>
  <node id="172420901" lat="35.1945698" lon="-80.8386163"/>
  <node id="172420906" lat="35.1941099" lon="-80.8385024"/>
  <node id="172420907" lat="35.1940047" lon="-80.8384830"/>
  <node id="172420911" lat="35.1937036" lon="-80.8384360"/>
  <node id="172420914" lat="35.1934652" lon="-80.8384144"/>
  <node id="172420916" lat="35.1932620" lon="-80.8384240"/>
  <node id="172420920" lat="35.1931791" lon="-80.8384330"/>
  <node id="172420924" lat="35.1930494" lon="-80.8384539"/>
  <node id="172420927" lat="35.1929248" lon="-80.8384813"/>
  <node id="172420930" lat="35.1927276" lon="-80.8385500"/>
  <node id="172420933" lat="35.1925735" lon="-80.8386265"/>
  <node id="172420935" lat="35.1924802" lon="-80.8386813"/>
  <node id="172420939" lat="35.1923697" lon="-80.8387547"/>
  <node id="172420941" lat="35.1921746" lon="-80.8388836"/>
  <node id="172420943" lat="35.1911926" lon="-80.8395403"/>
  <node id="172420945" lat="35.1897300" lon="-80.8404379"/>
  <node id="172420949" lat="35.1891751" lon="-80.8407528"/>
  <node id="172420951" lat="35.1887177" lon="-80.8410020"/>
  <node id="172420953" lat="35.1881995" lon="-80.8412701"/>
  <node id="172420957" lat="35.1880957" lon="-80.8413187"/>
  <node id="172420961" lat="35.1878698" lon="-80.8414177"/>
  <node id="172420964" lat="35.1874105" lon="-80.8415856"/>
  <node id="172420968" lat="35.1871190" lon="-80.8416680"/>
  <node id="172420970" lat="35.1868500" lon="-80.8417320"/>
  <node id="172420974" lat="35.1866660" lon="-80.8417690"/>
  <node id="172420978" lat="35.1863546" lon="-80.8418220"/>
  <node id="172420981" lat="35.1860498" lon="-80.8418587"/>
  <node id="172420984" lat="35.1857034" lon="-80.8418772"/>
  <node id="172420986" lat="35.1854250" lon="-80.8418768"/>
  <node id="172420988" lat="35.1851980" lon="-80.8418680"/>
  <node id="172420991" lat="35.1847910" lon="-80.8418270"/>
  <node id="172420994" lat="35.1845814" lon="-80.8417962"/>
  <node id="172420997" lat="35.1843098" lon="-80.8417432"/>
  <node id="172421000" lat="35.1839690" lon="-80.8416607"/>
  <node id="172421003" lat="35.1836305" lon="-80.8415519"/>
  <node id="172421008" lat="35.1832621" lon="-80.8414146"/>
  <node id="172421011" lat="35.1830987" lon="-80.8413467"/>
  <node id="172429781" lat="35.1938480" lon="-80.8534730"/>
  <node id="172429782" lat="35.1934720" lon="-80.8536520"/>
  <node id="172429784" lat="35.1929150" lon="-80.8539060"/>
  <node id="172429786" lat="35.1923420" lon="-80.8541760"/>
  <node id="172429787" lat="35.1917820" lon="-80.8544490"/>
  <node id="172442716" lat="35.2067890" lon="-80.8486960"/>
  <node id="172446930" lat="35.2098990" lon="-80.8576210">
    <tag k="highway" v="stop"/>
    <tag k="stop" v="all"/>
  </node>
  <node id="172454196" lat="35.2057509" lon="-80.8426485"/>
  <node id="172454198" lat="35.2050702" lon="-80.8433329"/>
  <node id="172454202" lat="35.2045870" lon="-80.8438460"/>
  <node id="172454204" lat="35.2043620" lon="-80.8440950"/>
  <node id="172456439" lat="35.2066021" lon="-80.8606025"/>
  <node id="172456443" lat="35.2060139" lon="-80.8598544"/>
  <node id="172456445" lat="35.2053880" lon="-80.8590310"/>
  <node id="172456447" lat="35.2048230" lon="-80.8583170"/>
  <node id="172456450" lat="35.2036150" lon="-80.8567250"/>
  <node id="172456452" lat="35.2035400" lon="-80.8566200"/>
  <node id="172456455" lat="35.2034030" lon="-80.8564000"/>
  <node id="172456458" lat="35.2033390" lon="-80.8562850"/>
  <node id="172456461" lat="35.2032630" lon="-80.8561350"/>
  <node id="172456463" lat="35.2032020" lon="-80.8559990"/>
  <node id="172456465" lat="35.2031670" lon="-80.8559170"/>
  <node id="172456467" lat="35.2030870" lon="-80.8556900"/>
  <node id="172456470" lat="35.2030420" lon="-80.8555310"/>
  <node id="172456473" lat="35.2028460" lon="-80.8546940"/>
  <node id="172456475" lat="35.2026880" lon="-80.8540920"/>
  <node id="172456477" lat="35.2026530" lon="-80.8539600"/>
  <node id="172456479" lat="35.2025860" lon="-80.8536730"/>
  <node id="172456480" lat="35.2025610" lon="-80.8535800"/>
  <node id="172456482" lat="35.2025370" lon="-80.8534110"/>
  <node id="172456485" lat="35.2025320" lon="-80.8530707"/>
  <node id="172456488" lat="35.2025470" lon="-80.8528760"/>
  <node id="172456491" lat="35.2025930" lon="-80.8524530"/>
  <node id="172456494" lat="35.2026110" lon="-80.8523120"/>
  <node id="172456496" lat="35.2027480" lon="-80.8507940"/>
  <node id="172463855" lat="35.2060360" lon="-80.8406431"/>
  <node id="172463857" lat="35.2059591" lon="-80.8407024"/>
  <node id="172463871" lat="35.2043340" lon="-80.8423390"/>
  <node id="172463877" lat="35.2036245" lon="-80.8430710"/>
  <node id="172463880" lat="35.2028631" lon="-80.8438702"/>
  <node id="172463889" lat="35.2019340" lon="-80.8448510"/>
  <node id="172463892" lat="35.2002650" lon="-80.8465690"/>
  <node id="172463894" lat="35.2001510" lon="-80.8466930"/>
  <node id="172463896" lat="35.1996171" lon="-80.8472402"/>
  <node id="172463898" lat="35.1993790" lon="-80.8474910"/>
  <node id="172463899" lat="35.1985740" lon="-80.8483070"/>
  <node id="172463903" lat="35.1979030" lon="-80.8489840"/>
  <node id="172463905" lat="35.1976700" lon="-80.8492350"/>
  <node id="172463907" lat="35.1975540" lon="-80.8493290"/>
  <node id="172463909" lat="35.1974110" lon="-80.8494230"/>
  <node id="172463912" lat="35.1968220" lon="-80.8497050"/>
  <node id="172463914" lat="35.1967514" lon="-80.8497558"/>
  <node id="172463917" lat="35.1966257" lon="-80.8498490"/>
  <node id="172463919" lat="35.1965457" lon="-80.8499080"/>
  <node id="172463921" lat="35.1964988" lon="-80.8497774"/>
  <node id="172463923" lat="35.1964456" lon="-80.8498693"/>
  <node id="172463925" lat="35.1963675" lon="-80.8499947"/>
  <node id="172463927" lat="35.1962871" lon="-80.8501388"/>
  <node id="172463930" lat="35.1959874" lon="-80.8506679"/>
  <node id="172463932" lat="35.1958001" lon="-80.8509462"/>
  <node id="172463935" lat="35.1957691" lon="-80.8510517">
    <tag k="highway" v="traffic_signals"/>
  </node>
  <node id="172464027" lat="35.2091629" lon="-80.8386819">
    <tag k="highway" v="traffic_signals"/>
    <tag k="traffic_signals" v="signal"/>
    <tag k="traffic_signals:direction" v="both"/>
  </node>
  <node id="172464079" lat="35.2059404" lon="-80.8405429"/>
  <node id="172467795" lat="35.1935200" lon="-80.8549930"/>
  <node id="172467798" lat="35.1933060" lon="-80.8548270"/>
  <node id="172467799" lat="35.1932450" lon="-80.8547750"/>
  <node id="172467800" lat="35.1931890" lon="-80.8547120"/>
  <node id="172467801" lat="35.1931490" lon="-80.8546230"/>
  <node id="172467803" lat="35.1929580" lon="-80.8540220"/>
  <node id="172468211" lat="35.1892003" lon="-80.8303654">
    <tag k="highway" v="traffic_signals"/>
  </node>
  <node id="172474252" lat="35.1978992" lon="-80.8359292"/>
  <node id="172474255" lat="35.1978711" lon="-80.8357821"/>
  <node id="172474258" lat="35.1978188" lon="-80.8356008"/>
  <node id="172474261" lat="35.1977606" lon="-80.8354584"/>
  <node id="172474270" lat="35.1970395" lon="-80.8340604"/>
  <node id="172474275" lat="35.1966849" lon="-80.8328160"/>
  <node id="172474278" lat="35.1965969" lon="-80.8324001"/>
  <node id="172481870" lat="35.2053320" lon="-80.8458210"/>
  <node id="172481871" lat="35.2052880" lon="-80.8456570"/>
  <node id="172481872" lat="35.2051990" lon="-80.8454140"/>
  <node id="172481873" lat="35.2051340" lon="-80.8452520"/>
  <node id="172481874" lat="35.2050450" lon="-80.8450710"/>
  <node id="172481875" lat="35.2049920" lon="-80.8449790"/>
  <node id="172481877" lat="35.2048750" lon="-80.8448050"/>
  <node id="172481881" lat="35.2032238" lon="-80.8424916"/>
  <node id="172481883" lat="35.2030425" lon="-80.8422296"/>
  <node id="172481885" lat="35.2028620" lon="-80.8420220"/>
  <node id="172483270" lat="35.2115390" lon="-80.8405080"/>
  <node id="172483272" lat="35.2112580" lon="-80.8405040"/>
  <node id="172483278" lat="35.2112170" lon="-80.8404960"/>
  <node id="172483281" lat="35.2111370" lon="-80.8404660"/>
  <node id="172483284" lat="35.2110990" lon="-80.8404430"/>
  <node id="172483287" lat="35.2110240" lon="-80.8403850"/>
  <node id="172483290" lat="35.2098521" lon="-80.8393021"/>
  <node id="172483304" lat="35.2084580" lon="-80.8380260"/>
  <node id="172483307" lat="35.2077320" lon="-80.8373600"/>
  <node id="172483310" lat="35.2072210" lon="-80.8368870"/>
  <node id="172483312" lat="35.2071693" lon="-80.8368622">
    <tag k="crossing" v="unmarked"/>
    <tag k="crossing:island" v="no"/>
    <tag k="highway" v="crossing"/>
    <tag k="tactile_paving" v="yes"/>
  </node>
  <node id="172483314" lat="35.2071490" lon="-80.8368610"/>
  <node id="172483316" lat="35.2071240" lon="-80.8368630"/>
  <node id="172483319" lat="35.2066580" lon="-80.8369610"/>
  <node id="172483324" lat="35.2066170" lon="-80.8369910"/>
  <node id="172483325" lat="35.2063360" lon="-80.8373170"/>
  <node id="172483326" lat="35.2062300" lon="-80.8374330"/>
  <node id="172483329" lat="35.2061578" lon="-80.8375224">
    <tag k="highway" v="traffic_signals"/>
    <tag k="traffic_signals" v="signal"/>
    <tag k="traffic_signals:direction" v="both"/>
  </node>
  <node id="172483332" lat="35.2059939" lon="-80.8377005"/>
  <node id="172483334" lat="35.2053500" lon="-80.8384300"/>
  <node id="172483336" lat="35.2053220" lon="-80.8384760"/>
  <node id="172495134" lat="35.2000830" lon="-80.8635880"/>
  <node id="172506309" lat="35.1966290" lon="-80.8626030"/>
  <node id="172506342" lat="35.1965990" lon="-80.8623240"/>
  <node id="172534400" lat="35.1977280" lon="-80.8401410"/>
  <node id="172534402" lat="35.1976760" lon="-80.8403080"/>
  <node id="172534404" lat="35.1976130" lon="-80.8404320"/>
  <node id="172534406" lat="35.1975550" lon="-80.8405200"/>
  <node id="172534408" lat="35.1975070" lon="-80.8405800"/>
  <node id="172534410" lat="35.1974040" lon="-80.8406810"/>
  <node id="172534413" lat="35.1972980" lon="-80.8407650"/>
  <node id="172534415" lat="35.1971850" lon="-80.8408310"/>
  <node id="172534417" lat="35.1971260" lon="-80.8408570"/>
  <node id="172534420" lat="35.1970010" lon="-80.8408970"/>
  <node id="172534423" lat="35.1968960" lon="-80.8409180"/>
  <node id="172534426" lat="35.1967600" lon="-80.8409230"/>
  <node id="172534428" lat="35.1966910" lon="-80.8409180"/>
  <node id="172534472" lat="35.1921676" lon="-80.8528057"/>
  <node id="172534473" lat="35.1918600" lon="-80.8518710"/>
  <node id="172534475" lat="35.1917727" lon="-80.8516015"/>
  <node id="172534478" lat="35.1916030" lon="-80.8510830"/>
  <node id="172534484" lat="35.1909899" lon="-80.8490923"/>
  <node id="172534487" lat="35.1909751" lon="-80.8489193"/>
  <node id="172534497" lat="35.1915185" lon="-80.8470854"/>
  <node id="172534500" lat="35.1915735" lon="-80.8468268"/>
  <node id="172534503" lat="35.1916170" lon="-80.8465630"/>
  <node id="172534506" lat="35.1916464" lon="-80.8463258"/>
  <node id="172534509" lat="35.1917140" lon="-80.8450780"/>
  <node id="172534512" lat="35.1917290" lon="-80.8449820"/>
  <node id="172534514" lat="35.1917500" lon="-80.8449180"/>
  <node id="172534516" lat="35.1917700" lon="-80.8448760"/>
  <node id="172534518" lat="35.1918220" lon="-80.8448280"/>
  <node id="172534520" lat="35.1918710" lon="-80.8447960"/>
  <node id="172544008" lat="35.1944792" lon="-80.8517433"/>
  <node id="172544011" lat="35.1946931" lon="-80.8524471"/>
  <node id="172544013" lat="35.1946992" lon="-80.8525887">
    <tag k="highway" v="turning_circle"/>
  </node>
  <node id="172568716" lat="35.1948091" lon="-80.8364841"/>
  <node id="172568719" lat="35.1946543" lon="-80.8362038"/>
  <node id="172568721" lat="35.1945113" lon="-80.8359606"/>
  <node id="172568723" lat="35.1943354" lon="-80.8356709"/>
  <node id="172568725" lat="35.1942737" lon="-80.8355817"/>
  <node id="172568727" lat="35.1937155" lon="-80.8348407"/>
  <node id="172568729" lat="35.1936192" lon="-80.8347137"/>
  <node id="172568733" lat="35.1934981" lon="-80.8345756"/>
  <node id="172568735" lat="35.1932975" lon="-80.8343846"/>
  <node id="172568737" lat="35.1931163" lon="-80.8342247"/>
  <node id="172568738" lat="35.1930291" lon="-80.8341336"/>
  <node id="172568740" lat="35.1929152" lon="-80.8339902"/>
  <node id="172568742" lat="35.1928502" lon="-80.8338886"/>
  <node id="172568745" lat="35.1927651" lon="-80.8337444"/>
  <node id="172568748" lat="35.1926855" lon="-80.8335816"/>
  <node id="172568751" lat="35.1925650" lon="-80.8333045"/>
  <node id="172568754" lat="35.1925171" lon="-80.8331851"/>
  <node id="172568757" lat="35.1923196" lon="-80.8326445"/>
  <node id="172568760" lat="35.1921147" lon="-80.8321804"/>
  <node id="172568761" lat="35.1920699" lon="-80.8320974"/>
  <node id="172568763" lat="35.1919693" lon="-80.8319220"/>
  <node id="172568765" lat="35.1917797" lon="-80.8315600"/>
  <node id="172568768" lat="35.1917342" lon="-80.8314624"/>
  <node id="172568770" lat="35.1915804" lon="-80.8310650"/>
  <node id="172568772" lat="35.1914942" lon="-80.8308445"/>
  <node id="172568774" lat="35.1914048" lon="-80.8306547"/>
  <node id="172568777" lat="35.1912730" lon="-80.8304219"/>
  <node id="172568780" lat="35.1911210" lon="-80.8302066"/>
  <node id="172568782" lat="35.1910151" lon="-80.8300807"/>
  <node id="172568785" lat="35.1909131" lon="-80.8299730"/>
  <node id="172572090" lat="35.1916380" lon="-80.8351795"/>
  <node id="172572091" lat="35.1913645" lon="-80.8354065"/>
  <node id="172572092" lat="35.1911927" lon="-80.8355703"/>
  <node id="172572093" lat="35.1911249" lon="-80.8356406"/>
  <node id="172572095" lat="35.1910173" lon="-80.8357579"/>
  <node id="172572096" lat="35.1908337" lon="-80.8359708"/>
  <node id="172572099" lat="35.1906792" lon="-80.8361521"/>
  <node id="172575628" lat="35.2052410" lon="-80.8408180"/>
  <node id="172575632" lat="35.2037130" lon="-80.8414540"/>
  <node id="172575634" lat="35.2033240" lon="-80.8416030"/>
  <node id="172575636" lat="35.2032550" lon="-80.8416340"/>
  <node id="172575638" lat="35.2031980" lon="-80.8416750"/>
  <node id="172575640" lat="35.2031480" lon="-80.8417210"/>
  <node id="172575643" lat="35.2026092" lon="-80.8422865"/>
  <node id="172575648" lat="35.2025200" lon="-80.8423726"/>
  <node id="172575650" lat="35.2020960" lon="-80.8428080"/>
  <node id="172575652" lat="35.2013750" lon="-80.8435510"/>
  <node id="172575654" lat="35.2008010" lon="-80.8441700"/>
  <node id="172575657" lat="35.2007000" lon="-80.8443100"/>
  <node id="172575660" lat="35.2005920" lon="-80.8444900"/>
  <node id="172575663" lat="35.2004640" lon="-80.8447180"/>
  <node id="172575665" lat="35.2002870" lon="-80.8450020"/>
  <node id="172575667" lat="35.2002250" lon="-80.8450850"/>
  <node id="172575670" lat="35.2001040" lon="-80.8452220"/>
  <node id="172575673" lat="35.1995360" lon="-80.8458010"/>
  <node id="172575675" lat="35.1989730" lon="-80.8463850"/>
  <node id="172575677" lat="35.1984770" lon="-80.8469070"/>
  <node id="172575682" lat="35.1979460" lon="-80.8474450"/>
  <node id="172575685" lat="35.1978630" lon="-80.8475270"/>
  <node id="172575688" lat="35.1975690" lon="-80.8478410"/>
  <node id="172575691" lat="35.1974720" lon="-80.8479360"/>
  <node id="172575694" lat="35.1971475" lon="-80.8482726"/>
  <node id="172575697" lat="35.1970530" lon="-80.8483830"/>
  <node id="172575700" lat="35.1969480" lon="-80.8485380"/>
  <node id="172575703" lat="35.1968750" lon="-80.8486720"/>
  <node id="172575706" lat="35.1968310" lon="-80.8487700"/>
  <node id="172575709" lat="35.1967730" lon="-80.8489330"/>
  <node id="172575712" lat="35.1965556" lon="-80.8496649"/>
  <node id="172579552" lat="35.1987781" lon="-80.8605261"/>
  <node id="172579574" lat="35.1966410" lon="-80.8617030"/>
  <node id="172592478" lat="35.1987436" lon="-80.8653413"/>
  <node id="172593170" lat="35.1967820" lon="-80.8486070"/>
  <node id="172593173" lat="35.1967000" lon="-80.8485850"/>
  <node id="172593176" lat="35.1965210" lon="-80.8486600"/>
  <node id="172595500" lat="35.2055488" lon="-80.8306961"/>
  <node id="172595503" lat="35.2055860" lon="-80.8307300"/>
  <node id="172595506" lat="35.2056090" lon="-80.8307770"/>
  <node id="172595509" lat="35.2056270" lon="-80.8308270"/>
  <node id="172595512" lat="35.2058870" lon="-80.8316990"/>
  <node id="172595515" lat="35.2058990" lon="-80.8317610"/>
  <node id="172595518" lat="35.2059110" lon="-80.8318870"/>
  <node id="172595520" lat="35.2059100" lon="-80.8319930"/>
  <node id="172595522" lat="35.2058880" lon="-80.8324880"/>
  <node id="172595524" lat="35.2058540" lon="-80.8329320"/>
  <node id="172595526" lat="35.2058120" lon="-80.8333100"/>
  <node id="172595527" lat="35.2057450" lon="-80.8337870"/>
  <node id="172595530" lat="35.2056600" lon="-80.8342750"/>
  <node id="172595533" lat="35.2055688" lon="-80.8346992"/>
  <node id="172595536" lat="35.2055269" lon="-80.8348669"/>
  <node id="172595539" lat="35.2054634" lon="-80.8350801"/>
  <node id="172595542" lat="35.2054141" lon="-80.8352131"/>
  <node id="172595545" lat="35.2053341" lon="-80.8354055"/>
  <node id="172598817" lat="35.2074710" lon="-80.8599200"/>
  <node id="172598820" lat="35.2072576" lon="-80.8596453"/>
  <node id="172598822" lat="35.2067700" lon="-80.8590060"/>
  <node id="172598823" lat="35.2066310" lon="-80.8588220"/>
  <node id="172598824" lat="35.2048610" lon="-80.8565350"/>
  <node id="172598825" lat="35.2040810" lon="-80.8555210"/>
  <node id="172598826" lat="35.2039310" lon="-80.8553490"/>
  <node id="172598828" lat="35.2037690" lon="-80.8551930"/>
  <node id="172598831" lat="35.2036750" lon="-80.8551140"/>
  <node id="172598833" lat="35.2035070" lon="-80.8549920"/>
  <node id="172598836" lat="35.2034200" lon="-80.8549380"/>
  <node id="172598839" lat="35.2033210" lon="-80.8548840"/>
  <node id="172598841" lat="35.2030440" lon="-80.8547460"/>
  <node id="172598844" lat="35.2029330" lon="-80.8546980"/>
  <node id="172598847" lat="35.2028700" lon="-80.8546910"/>
  <node id="172598850" lat="35.2027020" lon="-80.8547300"/>
  <node id="172598853" lat="35.2023600" lon="-80.8548360"/>
  <node id="172598856" lat="35.2022250" lon="-80.8548610"/>
  <node id="172598859" lat="35.2021570" lon="-80.8548650"/>
  <node id="172598861" lat="35.2019570" lon="-80.8548620"/>
  <node id="172598863" lat="35.2017780" lon="-80.8548480"/>
  <node id="172598865" lat="35.2015430" lon="-80.8548140"/>
  <node id="172598868" lat="35.2011220" lon="-80.8547660"/>
  <node id="172598871" lat="35.2002790" lon="-80.8546520"/>
  <node id="172598874" lat="35.2001357" lon="-80.8546251">
    <tag k="crossing" v="uncontrolled"/>
    <tag k="highway" v="crossing"/>
  </node>
  <node id="172598876" lat="35.1990089" lon="-80.8544676">
    <tag k="traffic_calming" v="hump"/>
  </node>
  <node id="172598878" lat="35.1983700" lon="-80.8543790"/>
  <node id="172598879" lat="35.1981760" lon="-80.8543420"/>
  <node id="172598881" lat="35.1980500" lon="-80.8543020"/>
  <node id="172598884" lat="35.1979310" lon="-80.8542420"/>
  <node id="172598887" lat="35.1978740" lon="-80.8542050"/>
  <node id="172598892" lat="35.1977640" lon="-80.8541150"/>
  <node id="172598895" lat="35.1976610" lon="-80.8540060"/>
  <node id="172598898" lat="35.1976140" lon="-80.8539460"/>
  <node id="172598900" lat="35.1975710" lon="-80.8538820"/>
  <node id="172598902" lat="35.1971070" lon="-80.8530850"/>
  <node id="172598903" lat="35.1968320" lon="-80.8526140"/>
  <node id="172598904" lat="35.1966990" lon="-80.8523780"/>
  <node id="172598905" lat="35.1966700" lon="-80.8523140"/>
  <node id="172598906" lat="35.1966250" lon="-80.8521790"/>
  <node id="172598907" lat="35.1966090" lon="-80.8521130"/>
  <node id="172598908" lat="35.1965910" lon="-80.8519770"/>
  <node id="172598911" lat="35.1965890" lon="-80.8518390"/>
  <node id="172598914" lat="35.1966050" lon="-80.8517030"/>
  <node id="172598917" lat="35.1966400" lon="-80.8515280"/>
  <node id="172605158" lat="35.2023560" lon="-80.8431570"/>
  <node id="172615677" lat="35.1888009" lon="-80.8530862">
    <tag k="highway" v="traffic_signals"/>
    <tag k="traffic_signals" v="signal"/>
  </node>
  <node id="172615680" lat="35.1886258" lon="-80.8515701"/>
  <node id="172615696" lat="35.1880900" lon="-80.8482290"/>
  <node id="172615741" lat="35.1862955" lon="-80.8430972"/>
  <node id="172615754" lat="35.1862654" lon="-80.8403783"/>
  <node id="172615755" lat="35.1862650" lon="-80.8402008"/>
  <node id="172627264" lat="35.1917197" lon="-80.8577328"/>
  <node id="172627268" lat="35.1915709" lon="-80.8574857"/>
  <node id="172627272" lat="35.1915362" lon="-80.8573004"/>
  <node id="172627273" lat="35.1915126" lon="-80.8570197"/>
  <node id="172627274" lat="35.1914889" lon="-80.8568076"/>
  <node id="172627275" lat="35.1914449" lon="-80.8565792"/>
  <node id="172627276" lat="35.1913729" lon="-80.8563286"/>
  <node id="172627277" lat="35.1913211" lon="-80.8561837"/>
  <node id="172627279" lat="35.1912605" lon="-80.8560348"/>
  <node id="172627280" lat="35.1910816" lon="-80.8556808"/>
  <node id="172627281" lat="35.1909258" lon="-80.8554669"/>
  <node id="172627282" lat="35.1907907" lon="-80.8553104"/>
  <node id="172627283" lat="35.1902720" lon="-80.8547860"/>
  <node id="172638378" lat="35.1957380" lon="-80.8558420"/>
  <node id="172638380" lat="35.1954460" lon="-80.8557210"/>
  <node id="172638384" lat="35.1952940" lon="-80.8556730"/>
  <node id="172638386" lat="35.1951850" lon="-80.8556610"/>
  <node id="172638388" lat="35.1950680" lon="-80.8556680"/>
  <node id="172638390" lat="35.1949520" lon="-80.8556920"/>
  <node id="172638393" lat="35.1948420" lon="-80.8557380"/>
  <node id="172638400" lat="35.1947140" lon="-80.8558250"/>
  <node id="172638403" lat="35.1946070" lon="-80.8559250"/>
  <node id="172638406" lat="35.1945140" lon="-80.8560380"/>
  <node id="172638409" lat="35.1944730" lon="-80.8561000"/>
  <node id="172638411" lat="35.1943820" lon="-80.8562630"/>
  <node id="172638414" lat="35.1938710" lon="-80.8572460"/>
  <node id="172638417" lat="35.1935580" lon="-80.8578360"/>
  <node id="172638420" lat="35.1934070" lon="-80.8581330"/>
  <node id="172638423" lat="35.1933750" lon="-80.8582040"/>
  <node id="172638425" lat="35.1933230" lon="-80.8583530"/>
  <node id="172638426" lat="35.1932790" lon="-80.8585380"/>
  <node id="172638427" lat="35.1932510" lon="-80.8587280"/>
  <node id="172638428" lat="35.1932430" lon="-80.8588240"/>
  <node id="172638429" lat="35.1932400" lon="-80.8589200"/>
  <node id="172638430" lat="35.1932480" lon="-80.8590850"/>
  <node id="172638431" lat="35.1932740" lon="-80.8592510"/>
  <node id="172638432" lat="35.1933280" lon="-80.8594860"/>
  <node id="172638433" lat="35.1934130" lon="-80.8598370"/>
  <node id="172638434" lat="35.1934390" lon="-80.8599210"/>
  <node id="172638435" lat="35.1935210" lon="-80.8600980"/>
  <node id="172638436" lat="35.1936010" lon="-80.8602130"/>
  <node id="172638437" lat="35.1936940" lon="-80.8603130"/>
  <node id="172638438" lat="35.1937440" lon="-80.8603560"/>
  <node id="172638439" lat="35.1937980" lon="-80.8603950"/>
  <node id="172638442" lat="35.1939710" lon="-80.8604920"/>
  <node id="172638445" lat="35.1942120" lon="-80.8606090"/>
  <node id="172638446" lat="35.1944220" lon="-80.8607230"/>
  <node id="172638448" lat="35.1944740" lon="-80.8607570"/>
  <node id="172638450" lat="35.1945700" lon="-80.8608390"/>
  <node id="172638452" lat="35.1946670" lon="-80.8609470"/>
  <node id="172638454" lat="35.1947110" lon="-80.8610070"/>
  <node id="172638456" lat="35.1947880" lon="-80.8611370"/>
  <node id="172638458" lat="35.1948230" lon="-80.8612070"/>
  <node id="172638461" lat="35.1948800" lon="-80.8613560"/>
  <node id="172638462" lat="35.1949210" lon="-80.8615130"/>
  <node id="172651452" lat="35.1907800" lon="-80.8514710"/>
  <node id="172651454" lat="35.1904710" lon="-80.8515950"/>
  <node id="172651457" lat="35.1904020" lon="-80.8516160"/>
  <node id="172651459" lat="35.1902610" lon="-80.8516410"/>
  <node id="172651462" lat="35.1901260" lon="-80.8516460"/>
  <node id="172651465" lat="35.1898940" lon="-80.8516440"/>
  <node id="172651469" lat="35.1895320" lon="-80.8516220"/>
  <node id="172651471" lat="35.1888490" lon="-80.8515660"/>
  <node id="172656835" lat="35.1952478" lon="-80.8520638"/>
  <node id="172656837" lat="35.1959267" lon="-80.8537992"/>
  <node id="172662600" lat="35.1945005" lon="-80.8368727"/>
  <node id="172662603" lat="35.1940487" lon="-80.8368471"/>
  <node id="172662605" lat="35.1929517" lon="-80.8367412"/>
  <node id="172662606" lat="35.1928951" lon="-80.8367461"/>
  <node id="172662607" lat="35.1927729" lon="-80.8367700"/>
  <node id="172662609" lat="35.1926869" lon="-80.8367967"/>
  <node id="172662610" lat="35.1925550" lon="-80.8368679"/>
  <node id="172662612" lat="35.1923067" lon="-80.8370203"/>
  <node id="172662614" lat="35.1921855" lon="-80.8370872"/>
  <node id="172662617" lat="35.1896215" lon="-80.8386969"/>
  <node id="172662620" lat="35.1883342" lon="-80.8394311"/>
  <node id="172662622" lat="35.1879550" lon="-80.8396335"/>
  <node id="172662627" lat="35.1877324" lon="-80.8397468"/>
  <node id="172662629" lat="35.1874098" lon="-80.8398906"/>
  <node id="172662631" lat="35.1871602" lon="-80.8399795"/>
  <node id="172662632" lat="35.1869699" lon="-80.8400405"/>
  <node id="172662633" lat="35.1866900" lon="-80.8401162"/>
  <node id="172662635" lat="35.1864569" lon="-80.8401642"/>
  <node id="172662748" lat="35.1996714" lon="-80.8320393"/>
  <node id="172662749" lat="35.1993850" lon="-80.8321575"/>
  <node id="172662751" lat="35.1991756" lon="-80.8322348"/>
  <node id="172662752" lat="35.1989726" lon="-80.8322931"/>
  <node id="172662754" lat="35.1988003" lon="-80.8323284"/>
  <node id="172662757" lat="35.1986284" lon="-80.8323467"/>
  <node id="172662759" lat="35.1983670" lon="-80.8323445"/>
  <node id="172662761" lat="35.1981988" lon="-80.8323264"/>
  <node id="172662763" lat="35.1979197" lon="-80.8322783"/>
  <node id="172662765" lat="35.1977407" lon="-80.8322545"/>
  <node id="172662768" lat="35.1975322" lon="-80.8322367"/>
  <node id="172662771" lat="35.1972964" lon="-80.8322351"/>
  <node id="172662773" lat="35.1971199" lon="-80.8322462"/>
  <node id="172662777" lat="35.1966473" lon="-80.8323513"/>
  <node id="172662781" lat="35.1965026" lon="-80.8325812"/>
  <node id="172662784" lat="35.1963639" lon="-80.8328854"/>
  <node id="172662786" lat="35.1961611" lon="-80.8331731"/>
  <node id="172662789" lat="35.1960124" lon="-80.8333406"/>
  <node id="172662792" lat="35.1959203" lon="-80.8334363"/>
  <node id="172662794" lat="35.1957961" lon="-80.8335571"/>
  <node id="172662796" lat="35.1956982" lon="-80.8336402"/>
  <node id="172662798" lat="35.1955171" lon="-80.8338129"/>
  <node id="172662802" lat="35.1954195" lon="-80.8339882"/>
  <node id="172662805" lat="35.1953605" lon="-80.8341142"/>
  <node id="172662808" lat="35.1952931" lon="-80.8342959"/>
  <node id="172662811" lat="35.1952119" lon="-80.8345322"/>
  <node id="172662814" lat="35.1951138" lon="-80.8348699"/>
  <node id="172662817" lat="35.1950033" lon="-80.8352999"/>
  <node id="172662819" lat="35.1949448" lon="-80.8355570"/>
  <node id="172662821" lat="35.1948480" lon="-80.8360424"/>
  <node id="172662825" lat="35.1948263" lon="-80.8361673"/>
  <node id="172662828" lat="35.1948146" lon="-80.8362819"/>
  <node id="172662830" lat="35.1948123" lon="-80.8365558"/>
  <node id="172662832" lat="35.1948198" lon="-80.8366495"/>
  <node id="172662834" lat="35.1948288" lon="-80.8367171"/>
  <node id="172696497" lat="35.2040165" lon="-80.8347799"/>
  <node id="172701032" lat="35.2018560" lon="-80.8588040"/>
  <node id="172701033" lat="35.2016340" lon="-80.8583330"/>
  <node id="172701034" lat="35.2015990" lon="-80.8582480"/>
  <node id="172701036" lat="35.2015430" lon="-80.8580740"/>
  <node id="172701039" lat="35.2015210" lon="-80.8579830"/>
  <node id="172701042" lat="35.2015010" lon="-80.8578400"/>
  <node id="172701045" lat="35.2014930" lon="-80.8576670"/>
  <node id="172701048" lat="35.2014960" lon="-80.8575800"/>
  <node id="172701051" lat="35.2015520" lon="-80.8568340"/>
  <node id="172701053" lat="35.2016070" lon="-80.8561950"/>
  <node id="172709248" lat="35.1911460" lon="-80.8532607">
    <tag k="highway" v="traffic_signals"/>
  </node>
  <node id="172709251" lat="35.1910566" lon="-80.8534695"/>
  <node id="172709254" lat="35.1902530" lon="-80.8546864"/>
  <node id="172709257" lat="35.1897120" lon="-80.8555360"/>
  <node id="172709261" lat="35.1895500" lon="-80.8557770"/>
  <node id="172709264" lat="35.1894850" lon="-80.8558910"/>
  <node id="172709267" lat="35.1894660" lon="-80.8559070"/>
  <node id="172709270" lat="35.1887400" lon="-80.8570280"/>
  <node id="172709274" lat="35.1884980" lon="-80.8573900">
    <tag k="noexit" v="yes"/>
  </node>
  <node id="172712533" lat="35.1959080" lon="-80.8602740"/>
  <node id="172712535" lat="35.1955520" lon="-80.8600210"/>
  <node id="172712537" lat="35.1952220" lon="-80.8597770"/>
  <node id="172712540" lat="35.1951090" lon="-80.8597030"/>
  <node id="172712543" lat="35.1948430" lon="-80.8595160"/>
  <node id="172712545" lat="35.1946950" lon="-80.8594360"/>
  <node id="172712547" lat="35.1945400" lon="-80.8593770"/>
  <node id="172712550" lat="35.1943810" lon="-80.8593380"/>
  <node id="172712553" lat="35.1941370" lon="-80.8593120"/>
  <node id="172712556" lat="35.1940610" lon="-80.8593110"/>
  <node id="172712559" lat="35.1939390" lon="-80.8593250"/>
  <node id="172712560" lat="35.1937810" lon="-80.8593590"/>
  <node id="172712563" lat="35.1935480" lon="-80.8594200"/>
  <node id="172712566" lat="35.1930950" lon="-80.8595550"/>
  <node id="172712570" lat="35.1930160" lon="-80.8595840"/>
  <node id="172712573" lat="35.1928620" lon="-80.8596580"/>
  <node id="172712576" lat="35.1927150" lon="-80.8597520"/>
  <node id="172712578" lat="35.1926440" lon="-80.8598050"/>
  <node id="172712580" lat="35.1925180" lon="-80.8599180"/>
  <node id="172712582" lat="35.1924110" lon="-80.8600400"/>
  <node id="172712586" lat="35.1923610" lon="-80.8601060"/>
  <node id="172712589" lat="35.1922450" lon="-80.8602890"/>
  <node id="172712592" lat="35.1921910" lon="-80.8603870"/>
  <node id="172712593" lat="35.1921530" lon="-80.8604660"/>
  <node id="172712595" lat="35.1920930" lon="-80.8606250"/>
  <node id="172712597" lat="35.1920450" lon="-80.8607930"/>
  <node id="172712599" lat="35.1919910" lon="-80.8610430"/>
  <node id="172714402" lat="35.1987180" lon="-80.8451210"/>
  <node id="172714403" lat="35.1980610" lon="-80.8446700"/>
  <node id="172714404" lat="35.1974230" lon="-80.8441450"/>
  <node id="172714405" lat="35.1972690" lon="-80.8439870"/>
  <node id="172714406" lat="35.1971960" lon="-80.8439020"/>
  <node id="172719154" lat="35.2003890" lon="-80.8477690"/>
  <node id="172719156" lat="35.2001800" lon="-80.8474850"/>
  <node id="172723071" lat="35.1989162" lon="-80.8358365"/>
  <node id="172723073" lat="35.1988820" lon="-80.8356022"/>
  <node id="172723076" lat="35.1988331" lon="-80.8353928"/>
  <node id="172723077" lat="35.1985980" lon="-80.8345280"/>
  <node id="172723079" lat="35.1984780" lon="-80.8340760"/>
  <node id="172723082" lat="35.1983987" lon="-80.8337836"/>
  <node id="172723084" lat="35.1983300" lon="-80.8335040"/>
  <node id="172723086" lat="35.1982669" lon="-80.8331529"/>
  <node id="172723088" lat="35.1982288" lon="-80.8328950"/>
  <node id="172731356" lat="35.2009840" lon="-80.8653880"/>
  <node id="172731358" lat="35.2008280" lon="-80.8651200"/>
  <node id="172731360" lat="35.2003800" lon="-80.8642500"/>
  <node id="172731362" lat="35.2001850" lon="-80.8638220"/>
  <node id="172731364" lat="35.1998565" lon="-80.8630226"/>
  <node id="172731366" lat="35.1996719" lon="-80.8625400"/>
  <node id="172731368" lat="35.1995570" lon="-80.8622208"/>
  <node id="172731370" lat="35.1994275" lon="-80.8618579"/>
  <node id="172731372" lat="35.1993138" lon="-80.8615291"/>
  <node id="172731373" lat="35.1991357" lon="-80.8611224"/>
  <node id="172731374" lat="35.1990380" lon="-80.8609327"/>
  <node id="172731375" lat="35.1989236" lon="-80.8607327"/>
  <node id="172731376" lat="35.1986430" lon="-80.8603610"/>
  <node id="172731378" lat="35.1985800" lon="-80.8602890"/>
  <node id="172731380" lat="35.1984430" lon="-80.8601560"/>
  <node id="172731382" lat="35.1982990" lon="-80.8600430"/>
  <node id="172731385" lat="35.1980970" lon="-80.8599150"/>
  <node id="172731388" lat="35.1977790" lon="-80.8597520"/>
  <node id="172731390" lat="35.1974740" lon="-80.8595910"/>
  <node id="172731391" lat="35.1965890" lon="-80.8591520"/>
  <node id="172731397" lat="35.1963020" lon="-80.8590010"/>
  <node id="172731399" lat="35.1957260" lon="-80.8586540"/>
  <node id="172731400" lat="35.1954600" lon="-80.8584690"/>
  <node id="172731402" lat="35.1948600" lon="-80.8580170"/>
  <node id="172731404" lat="35.1944750" lon="-80.8577090"/>
  <node id="172731406" lat="35.1940190" lon="-80.8573550"/>
  <node id="172731408" lat="35.1932330" lon="-80.8567450"/>
  <node id="172731411" lat="35.1928520" lon="-80.8564550"/>
  <node id="172731414" lat="35.1927210" lon="-80.8563340"/>
  <node id="172731417" lat="35.1926850" lon="-80.8562960"/>
  <node id="172731419" lat="35.1926220" lon="-80.8562080"/>
  <node id="172731421" lat="35.1925960" lon="-80.8561580"/>
  <node id="172731424" lat="35.1924360" lon="-80.8556610"/>
  <node id="172731425" lat="35.1923430" lon="-80.8554220"/>
  <node id="172731427" lat="35.1922440" lon="-80.8551920"/>
  <node id="172731428" lat="35.1921320" lon="-80.8549730"/>
  <node id="172731430" lat="35.1920050" lon="-80.8547660"/>
  <node id="172731433" lat="35.1917640" lon="-80.8544220"/>
  <node id="172731436" lat="35.1916530" lon="-80.8542890"/>
  <node id="172731438" lat="35.1913160" lon="-80.8539087"/>
  <node id="172731440" lat="35.1912557" lon="-80.8538048"/>
  <node id="172731442" lat="35.1912234" lon="-80.8537113"/>
  <node id="172731444" lat="35.1911746" lon="-80.8535116"/>
  <node id="172732215" lat="35.1969900" lon="-80.8422990"/>
  <node id="172732217" lat="35.1965510" lon="-80.8425980"/>
  <node id="172732219" lat="35.1961610" lon="-80.8428700"/>
  <node id="172732221" lat="35.1958618" lon="-80.8430812"/>
  <node id="172737464" lat="35.1997830" lon="-80.8439030"/>
  <node id="172737466" lat="35.1995400" lon="-80.8435710"/>
  <node id="172737474" lat="35.2090460" lon="-80.8564810">
    <tag k="highway" v="stop"/>
  </node>
  <node id="172737477" lat="35.2076660" lon="-80.8546400"/>
  <node id="172737479" lat="35.2064940" lon="-80.8530720">
    <tag k="highway" v="stop"/>
  </node>
  <node id="172737480" lat="35.2052250" lon="-80.8513830"/>
  <node id="172737481" lat="35.2047870" lon="-80.8507930">
    <tag k="highway" v="stop"/>
  </node>
  <node id="172737483" lat="35.2043490" lon="-80.8501960"/>
  <node id="172737486" lat="35.2041560" lon="-80.8499540"/>
  <node id="172737488" lat="35.2035580" lon="-80.8491370"/>
  <node id="172737491" lat="35.2032490" lon="-80.8487240"/>
  <node id="172737493" lat="35.2031740" lon="-80.8485960"/>
  <node id="172737495" lat="35.2026320" lon="-80.8473850"/>
  <node id="172737496" lat="35.2026000" lon="-80.8473320"/>
  <node id="172737498" lat="35.2021940" lon="-80.8467970"/>
  <node id="172737505" lat="35.2017010" lon="-80.8461370"/>
  <node id="172737508" lat="35.2016100" lon="-80.8460070"/>
  <node id="172749960" lat="35.1958834" lon="-80.8479002"/>
  <node id="172749965" lat="35.1958227" lon="-80.8478525"/>
  <node id="172749968" lat="35.1957460" lon="-80.8477410"/>
  <node id="172749971" lat="35.1956570" lon="-80.8476170"/>
  <node id="172749974" lat="35.1955560" lon="-80.8475070"/>
  <node id="172749977" lat="35.1955020" lon="-80.8474580"/>
  <node id="172749980" lat="35.1952590" lon="-80.8472660"/>
  <node id="172749982" lat="35.1950370" lon="-80.8470630"/>
  <node id="172749984" lat="35.1949160" lon="-80.8469260"/>
  <node id="172749986" lat="35.1948070" lon="-80.8467740"/>
  <node id="172749989" lat="35.1947570" lon="-80.8466930"/>
  <node id="172749991" lat="35.1947063" lon="-80.8466010"/>
  <node id="172750745" lat="35.1908440" lon="-80.8486960"/>
  <node id="172750748" lat="35.1907910" lon="-80.8485960"/>
  <node id="172750751" lat="35.1907300" lon="-80.8485120"/>
  <node id="172750754" lat="35.1906460" lon="-80.8484230"/>
  <node id="172750756" lat="35.1905520" lon="-80.8483510"/>
  <node id="172750763" lat="35.1897330" lon="-80.8480070"/>
  <node id="172750764" lat="35.1895510" lon="-80.8479580"/>
  <node id="172750767" lat="35.1894050" lon="-80.8479350"/>
  <node id="172750770" lat="35.1891810" lon="-80.8479190"/>
  <node id="172750773" lat="35.1889360" lon="-80.8479290"/>
  <node id="172750776" lat="35.1887810" lon="-80.8479540"/>
  <node id="172750779" lat="35.1886380" lon="-80.8479890"/>
  <node id="172750782" lat="35.1885350" lon="-80.8480200"/>
  <node id="172750785" lat="35.1884320" lon="-80.8480570"/>
  <node id="172750788" lat="35.1882660" lon="-80.8481330"/>
  <node id="172755019" lat="35.2045230" lon="-80.8543800"/>
  <node id="172755022" lat="35.2035970" lon="-80.8531320"/>
  <node id="172755024" lat="35.2033240" lon="-80.8527620"/>
  <node id="172755026" lat="35.2032521" lon="-80.8526631">
    <tag k="crossing" v="uncontrolled"/>
    <tag k="crossing:markings" v="ladder:paired"/>
    <tag k="crossing:signals" v="no"/>
    <tag k="highway" v="crossing"/>
  </node>
  <node id="172756834" lat="35.1940881" lon="-80.8386415"/>
  <node id="172756836" lat="35.1940531" lon="-80.8387350"/>
  <node id="172756838" lat="35.1939889" lon="-80.8388645"/>
  <node id="172756840" lat="35.1938590" lon="-80.8390736"/>
  <node id="172756842" lat="35.1937616" lon="-80.8392065"/>
  <node id="172756845" lat="35.1936746" lon="-80.8393038"/>
  <node id="172756848" lat="35.1936021" lon="-80.8393774"/>
  <node id="172756853" lat="35.1935172" lon="-80.8394519"/>
  <node id="172756856" lat="35.1929123" lon="-80.8398918"/>
  <node id="172756859" lat="35.1922369" lon="-80.8403567"/>
  <node id="172756862" lat="35.1910893" lon="-80.8410943"/>
  <node id="172756865" lat="35.1899658" lon="-80.8417624"/>
  <node id="172756868" lat="35.1896212" lon="-80.8419569"/>
  <node id="172756871" lat="35.1888146" lon="-80.8423878"/>
  <node id="172756874" lat="35.1886652" lon="-80.8424541"/>
  <node id="172756876" lat="35.1885750" lon="-80.8424880"/>
  <node id="172756878" lat="35.1883963" lon="-80.8425364"/>
  <node id="172756880" lat="35.1883130" lon="-80.8425550"/>
  <node id="172756882" lat="35.1881387" lon="-80.8425762"/>
  <node id="172756885" lat="35.1877883" lon="-80.8425966"/>
  <node id="172756887" lat="35.1875285" lon="-80.8426466"/>
  <node id="172756890" lat="35.1873605" lon="-80.8426913"/>
  <node id="172756892" lat="35.1871466" lon="-80.8427527"/>
  <node id="172756893" lat="35.1869262" lon="-80.8428449"/>
  <node id="172756895" lat="35.1868087" lon="-80.8429007"/>
  <node id="172756897" lat="35.1866148" lon="-80.8429977"/>
  <node id="172756898" lat="35.1864262" lon="-80.8430659"/>
  <node id="172756899" lat="35.1861432" lon="-80.8431145"/>
  <node id="172756901" lat="35.1860200" lon="-80.8431080"/>
  <node id="172756903" lat="35.1854267" lon="-80.8430755"/>
  <node id="172756906" lat="35.1849722" lon="-80.8430370"/>
  <node id="172756909" lat="35.1846758" lon="-80.8430014"/>
  <node id="172756913" lat="35.1843521" lon="-80.8429520"/>
  <node id="172756915" lat="35.1841894" lon="-80.8429205"/>
  <node id="172756916" lat="35.1839833" lon="-80.8428709"/>
  <node id="172756919" lat="35.1835975" lon="-80.8427690"/>
  <node id="172756922" lat="35.1834338" lon="-80.8427172"/>
  <node id="172756924" lat="35.1832856" lon="-80.8426715"/>
  <node id="172756925" lat="35.1831677" lon="-80.8426277"/>
  <node id="172756927" lat="35.1827759" lon="-80.8424688">
    <tag k="direction" v="both"/>
    <tag k="highway" v="stop"/>
    <tag k="stop" v="all"/>
  </node>
  <node id="172762882" lat="35.2004980" lon="-80.8471600"/>
  <node id="172762885" lat="35.1999620" lon="-80.8477130"/>
  <node id="172762888" lat="35.1993810" lon="-80.8483140"/>
  <node id="172762891" lat="35.1989080" lon="-80.8488040"/>
  <node id="172762894" lat="35.1987820" lon="-80.8489260"/>
  <node id="172762896" lat="35.1985080" lon="-80.8492230"/>
  <node id="172762899" lat="35.1984630" lon="-80.8492970"/>
  <node id="172762900" lat="35.1984460" lon="-80.8493380"/>
  <node id="172762902" lat="35.1984250" lon="-80.8494260"/>
  <node id="172762904" lat="35.1984210" lon="-80.8495180"/>
  <node id="172762905" lat="35.1984250" lon="-80.8495630"/>
  <node id="172762906" lat="35.1988200" lon="-80.8513380"/>
  <node id="172762908" lat="35.1989180" lon="-80.8517980"/>
  <node id="172762910" lat="35.1989500" lon="-80.8519700"/>
  <node id="172768943" lat="35.1903260" lon="-80.8574420"/>
  <node id="172768947" lat="35.1903310" lon="-80.8572590"/>
  <node id="172768951" lat="35.1903260" lon="-80.8571770"/>
  <node id="172768955" lat="35.1903010" lon="-80.8570160"/>
  <node id="172768959" lat="35.1902830" lon="-80.8569370"/>
  <node id="172768963" lat="35.1902600" lon="-80.8568590"/>
  <node id="172768966" lat="35.1902030" lon="-80.8567100"/>
  <node id="172768968" lat="35.1901300" lon="-80.8565720"/>
  <node id="172768970" lat="35.1900430" lon="-80.8564450"/>
  <node id="172768972" lat="35.1899440" lon="-80.8563320"/>
  <node id="172768976" lat="35.1895520" lon="-80.8559590"/>
  <node id="172768979" lat="35.1892820" lon="-80.8556980"/>
  <node id="172768982" lat="35.1891590" lon="-80.8556080"/>
  <node id="172768983" lat="35.1890410" lon="-80.8555330"/>
  <node id="172768985" lat="35.1887840" lon="-80.8553890">
    <tag k="highway" v="turning_circle"/>
  </node>
  <node id="172769175" lat="35.2054730" lon="-80.8439067"/>
  <node id="172769181" lat="35.2044220" lon="-80.8424590"/>
  <node id="172769186" lat="35.2037750" lon="-80.8415630"/>
  <node id="172770642" lat="35.1993202" lon="-80.8468578"/>
  <node id="172770644" lat="35.1988200" lon="-80.8461700"/>
  <node id="172770648" lat="35.1983700" lon="-80.8455650"/>
  <node id="172794983" lat="35.1968407" lon="-80.8361686"/>
  <node id="172794987" lat="35.1968298" lon="-80.8360963"/>
  <node id="172794989" lat="35.1968028" lon="-80.8359801"/>
  <node id="172794991" lat="35.1967392" lon="-80.8358154"/>
  <node id="172794992" lat="35.1966373" lon="-80.8356173"/>
  <node id="172794993" lat="35.1965650" lon="-80.8355030"/>
  <node id="172794994" lat="35.1964929" lon="-80.8354092"/>
  <node id="172794996" lat="35.1964029" lon="-80.8353074"/>
  <node id="172794999" lat="35.1962512" lon="-80.8351619"/>
  <node id="172795002" lat="35.1962128" lon="-80.8351324"/>
  <node id="172795007" lat="35.1961030" lon="-80.8350560"/>
  <node id="172795010" lat="35.1954083" lon="-80.8346538"/>
  <node id="172795013" lat="35.1951252" lon="-80.8344791">
    <tag k="direction" v="backward"/>
    <tag k="highway" v="stop"/>
    <tag k="stop" v="minor"/>
  </node>
  <node id="172795015" lat="35.1949010" lon="-80.8343430"/>
  <node id="172795017" lat="35.1947770" lon="-80.8342590"/>
  <node id="172795020" lat="35.1944960" lon="-80.8340439"/>
  <node id="172795023" lat="35.1943023" lon="-80.8338831"/>
  <node id="172795026" lat="35.1941729" lon="-80.8337516"/>
  <node id="172795029" lat="35.1940621" lon="-80.8336159"/>
  <node id="172795032" lat="35.1940162" lon="-80.8335484"/>
  <node id="172795035" lat="35.1938571" lon="-80.8332629"/>
  <node id="172795038" lat="35.1936311" lon="-80.8328509"/>
  <node id="172795043" lat="35.1934564" lon="-80.8325400"/>
  <node id="172795045" lat="35.1933394" lon="-80.8324023"/>
  <node id="172795049" lat="35.1932500" lon="-80.8323201"/>
  <node id="172795052" lat="35.1931649" lon="-80.8322579"/>
  <node id="172807162" lat="35.1974280" lon="-80.8467330"/>
  <node id="172809788" lat="35.1906970" lon="-80.8606370"/>
  <node id="172809791" lat="35.1907800" lon="-80.8602740"/>
  <node id="172809794" lat="35.1908150" lon="-80.8601970"/>
  <node id="172809796" lat="35.1908730" lon="-80.8600970"/>
  <node id="172809798" lat="35.1909510" lon="-80.8600040"/>
  <node id="172809800" lat="35.1909990" lon="-80.8599600"/>
  <node id="172809802" lat="35.1910880" lon="-80.8598920"/>
  <node id="172809804" lat="35.1911300" lon="-80.8598690"/>
  <node id="172809807" lat="35.1911710" lon="-80.8598510"/>
  <node id="172809809" lat="35.1912069" lon="-80.8598375"/>
  <node id="172811801" lat="35.2060060" lon="-80.8373448"/>
  <node id="172811803" lat="35.2057818" lon="-80.8369929"/>
  <node id="172811806" lat="35.2056477" lon="-80.8368022"/>
  <node id="172816401" lat="35.2047110" lon="-80.8388460"/>
  <node id="172816404" lat="35.2046880" lon="-80.8387410"/>
  <node id="172816410" lat="35.2046329" lon="-80.8383666"/>
  <node id="172816413" lat="35.2046150" lon="-80.8383033"/>
  <node id="172816415" lat="35.2045790" lon="-80.8381680"/>
  <node id="172816417" lat="35.2045280" lon="-80.8380129"/>
  <node id="172816419" lat="35.2044730" lon="-80.8378946"/>
  <node id="172816430" lat="35.2041201" lon="-80.8375452"/>
  <node id="172816433" lat="35.2039935" lon="-80.8374720"/>
  <node id="172816436" lat="35.2038790" lon="-80.8374290"/>
  <node id="172816439" lat="35.2037687" lon="-80.8374014"/>
  <node id="172816442" lat="35.2036641" lon="-80.8373947"/>
  <node id="172816445" lat="35.2035655" lon="-80.8373967"/>
  <node id="172816448" lat="35.2000621" lon="-80.8378345"/>
  <node id="172817030" lat="35.2071460" lon="-80.8523480"/>
  <node id="172817031" lat="35.2068840" lon="-80.8526320"/>
  <node id="172817036" lat="35.2065420" lon="-80.8530220"/>
  <node id="172817040" lat="35.2063450" lon="-80.8532290"/>
  <node id="172817046" lat="35.2045740" lon="-80.8551990"/>
  <node id="172817063" lat="35.2030730" lon="-80.8560720"/>
  <node id="172817066" lat="35.2030060" lon="-80.8561030"/>
  <node id="172817069" lat="35.2028080" lon="-80.8561700"/>
  <node id="172817073" lat="35.2026560" lon="-80.8562050"/>
  <node id="172817076" lat="35.2024550" lon="-80.8562260"/>
  <node id="172817079" lat="35.2023310" lon="-80.8562320"/>
  <node id="172817084" lat="35.2020240" lon="-80.8562320"/>
  <node id="172817087" lat="35.2014000" lon="-80.8561730"/>
  <node id="172817088" lat="35.2011090" lon="-80.8561300"/>
  <node id="172817090" lat="35.2006800" lon="-80.8560330"/>
  <node id="172817093" lat="35.2005020" lon="-80.8560020"/>
  <node id="172817098" lat="35.2002790" lon="-80.8559830"/>
  <node id="172817101" lat="35.1998630" lon="-80.8559870"/>
  <node id="172817693" lat="35.1971753" lon="-80.8573376"/>
  <node id="172817696" lat="35.1971704" lon="-80.8574666"/>
  <node id="172817701" lat="35.1971410" lon="-80.8575500"/>
  <node id="172817704" lat="35.1971090" lon="-80.8576000"/>
  <node id="172817707" lat="35.1969360" lon="-80.8578150"/>
  <node id="172817708" lat="35.1968110" lon="-80.8579830"/>
  <node id="172817709" lat="35.1966680" lon="-80.8581890"/>
  <node id="172817711" lat="35.1965660" lon="-80.8583650"/>
  <node id="172817714" lat="35.1964560" lon="-80.8585930"/>
  <node id="172817717" lat="35.1963460" lon="-80.8588750"/>
  <node id="172817730" lat="35.1962740" lon="-80.8590840"/>
  <node id="172817733" lat="35.1961630" lon="-80.8594850"/>
  <node id="172817736" lat="35.1960720" lon="-80.8597880"/>
  <node id="172817737" lat="35.1959740" lon="-80.8600950"/>
  <node id="172817740" lat="35.1958880" lon="-80.8603300"/>
  <node id="172817741" lat="35.1957890" lon="-80.8605620"/>
  <node id="172817744" lat="35.1956370" lon="-80.8608640"/>
  <node id="172817747" lat="35.1955470" lon="-80.8610160"/>
  <node id="172817749" lat="35.1954440" lon="-80.8611540"/>
  <node id="172817752" lat="35.1953290" lon="-80.8612770"/>
  <node id="172817754" lat="35.1952040" lon="-80.8613830"/>
  <node id="172817757" lat="35.1950990" lon="-80.8614470"/>
  <node id="172817759" lat="35.1950400" lon="-80.8614750"/>
  <node id="172817761" lat="35.1949800" lon="-80.8614970"/>
  <node id="172818996" lat="35.2010705" lon="-80.8403986"/>
  <node id="172818998" lat="35.2002180" lon="-80.8406860"/>
  <node id="172819001" lat="35.1998390" lon="-80.8409523"/>
  <node id="172823822" lat="35.2074420" lon="-80.8479720">
    <tag k="highway" v="stop"/>
    <tag k="stop" v="all"/>
  </node>
  <node id="172830707" lat="35.1993100" lon="-80.8660840"/>
  <node id="172830708" lat="35.1991260" lon="-80.8657820"/>
  <node id="172830711" lat="35.1990580" lon="-80.8656880"/>
  <node id="172830714" lat="35.1989597" lon="-80.8655728"/>
  <node id="172830716" lat="35.1988087" lon="-80.8654069"/>
  <node id="172830717" lat="35.1983230" lon="-80.8649370"/>
  <node id="172830719" lat="35.1978780" lon="-80.8644990"/>
  <node id="172830722" lat="35.1978200" lon="-80.8644330"/>
  <node id="172830725" lat="35.1972850" lon="-80.8638060"/>
  <node id="172830727" lat="35.1971260" lon="-80.8636250"/>
  <node id="172830730" lat="35.1969220" lon="-80.8633590"/>
  <node id="172830731" lat="35.1968760" lon="-80.8632860"/>
  <node id="172830733" lat="35.1967950" lon="-80.8631310"/>
  <node id="172830736" lat="35.1967590" lon="-80.8630500"/>
  <node id="172830737" lat="35.1967100" lon="-80.8629130"/>
  <node id="172830740" lat="35.1966360" lon="-80.8626510"/>
  <node id="172830746" lat="35.1966070" lon="-80.8624270"/>
  <node id="172830754" lat="35.1965940" lon="-80.8622120"/>
  <node id="172830756" lat="35.1965990" lon="-80.8620080"/>
  <node id="172830758" lat="35.1966080" lon="-80.8619070"/>
  <node id="172830761" lat="35.1966840" lon="-80.8615310"/>
  <node id="172830764" lat="35.1967470" lon="-80.8613520"/>
  <node id="172830767" lat="35.1968260" lon="-80.8611820"/>
  <node id="172830770" lat="35.1968710" lon="-80.8611000"/>
  <node id="172830772" lat="35.1970030" lon="-80.8608950"/>
  <node id="172830774" lat="35.1973630" lon="-80.8604110"/>
  <node id="172830777" lat="35.1975770" lon="-80.8601150"/>
  <node id="172830780" lat="35.1976770" lon="-80.8599570"/>
  <node id="172830783" lat="35.1977220" lon="-80.8598730"/>
  <node id="172830786" lat="35.1978020" lon="-80.8597030"/>
  <node id="172830790" lat="35.1979500" lon="-80.8593030"/>
  <node id="172830792" lat="35.1981650" lon="-80.8586930"/>
  <node id="172830796" lat="35.1981850" lon="-80.8586220"/>
  <node id="172830799" lat="35.1982230" lon="-80.8583240"/>
  <node id="172832475" lat="35.2004670" lon="-80.8431540"/>
  <node id="172832477" lat="35.1992600" lon="-80.8444720"/>
  <node id="172832479" lat="35.1991720" lon="-80.8445740"/>
  <node id="172832482" lat="35.1991330" lon="-80.8446190"/>
  <node id="172832485" lat="35.1989840" lon="-80.8447930"/>
  <node id="172832487" lat="35.1973140" lon="-80.8468790"/>
  <node id="172832491" lat="35.1971360" lon="-80.8470850"/>
  <node id="172832496" lat="35.1965330" lon="-80.8476130"/>
  <node id="172832499" lat="35.1963670" lon="-80.8477610"/>
  <node id="172832502" lat="35.1962860" lon="-80.8478220"/>
  <node id="172832505" lat="35.1961990" lon="-80.8478640"/>
  <node id="172832506" lat="35.1959800" lon="-80.8479230"/>
  <node id="172834203" lat="35.2028571" lon="-80.8355730"/>
  <node id="172834207" lat="35.2028192" lon="-80.8354527"/>
  <node id="172834209" lat="35.2027956" lon="-80.8354035"/>
  <node id="172834211" lat="35.2027381" lon="-80.8353117"/>
  <node id="172834222" lat="35.2022825" lon="-80.8348200"/>
  <node id="172834225" lat="35.2022406" lon="-80.8347324"/>
  <node id="172856693" lat="35.1965129" lon="-80.8542366"/>
  <node id="172856697" lat="35.1964695" lon="-80.8541165"/>
  <node id="172856698" lat="35.1963675" lon="-80.8538576"/>
  <node id="172856701" lat="35.1962854" lon="-80.8537315"/>
  <node id="172856704" lat="35.1962193" lon="-80.8536491"/>
  <node id="172856707" lat="35.1961481" lon="-80.8536871"/>
  <node id="172856710" lat="35.1953810" lon="-80.8540817"/>
  <node id="172856718" lat="35.1952093" lon="-80.8541751"/>
  <node id="172856721" lat="35.1953485" lon="-80.8545978"/>
  <node id="172856727" lat="35.1954700" lon="-80.8547747"/>
  <node id="172856730" lat="35.1958078" lon="-80.8550455"/>
  <node id="172856733" lat="35.1959509" lon="-80.8550619"/>
  <node id="172856737" lat="35.1960501" lon="-80.8550035"/>
  <node id="172856741" lat="35.1961360" lon="-80.8548984"/>
  <node id="172856745" lat="35.1962370" lon="-80.8547223"/>
  <node id="172856749" lat="35.1964297" lon="-80.8543767"/>
  <node id="172856752" lat="35.1969087" lon="-80.8535585"/>
  <node id="172860586" lat="35.1928519" lon="-80.8366831">
    <tag k="direction" v="backward"/>
    <tag k="highway" v="stop"/>
    <tag k="stop" v="minor"/>
  </node>
  <node id="172860589" lat="35.1926784" lon="-80.8365614"/>
  <node id="172860590" lat="35.1925896" lon="-80.8364934"/>
  <node id="172860593" lat="35.1925036" lon="-80.8364212"/>
  <node id="172860595" lat="35.1923328" lon="-80.8362469"/>
  <node id="172860598" lat="35.1922566" lon="-80.8361695"/>
  <node id="172860601" lat="35.1921398" lon="-80.8360260"/>
  <node id="172860605" lat="35.1920371" lon="-80.8358822"/>
  <node id="172860608" lat="35.1919209" lon="-80.8356998"/>
  <node id="172860610" lat="35.1918418" lon="-80.8355530"/>
  <node id="172860613" lat="35.1916787" lon="-80.8352537"/>
  <node id="172860614" lat="35.1903769" lon="-80.8327815"/>
  <node id="172860615" lat="35.1902954" lon="-80.8326153"/>
  <node id="172860616" lat="35.1897970" lon="-80.8315086"/>
  <node id="172860621" lat="35.1894979" lon="-80.8309033"/>
  <node id="172860624" lat="35.1894114" lon="-80.8307416"/>
  <node id="172860627" lat="35.1892881" lon="-80.8305247"/>
  <node id="172891785" lat="35.1956921" lon="-80.8511227"/>
  <node id="172891789" lat="35.1955011" lon="-80.8512537"/>
  <node id="172891791" lat="35.1954041" lon="-80.8513137"/>
  <node id="172891793" lat="35.1952591" lon="-80.8513907"/>
  <node id="172891795" lat="35.1952051" lon="-80.8514197"/>
  <node id="172891797" lat="35.1951031" lon="-80.8514657"/>
  <node id="172891801" lat="35.1938291" lon="-80.8520307"/>
  <node id="172891804" lat="35.1931571" lon="-80.8523477"/>
  <node id="172891807" lat="35.1927991" lon="-80.8525087"/>
  <node id="172891810" lat="35.1924261" lon="-80.8526877"/>
  <node id="172891813" lat="35.1912383" lon="-80.8532358"/>
  <node id="172891815" lat="35.1910481" lon="-80.8532697"/>
  <node id="172891817" lat="35.1909941" lon="-80.8532677"/>
  <node id="172891819" lat="35.1904936" lon="-80.8532249"/>
  <node id="172892188" lat="35.2030101" lon="-80.8525066">
    <tag k="crossing" v="uncontrolled"/>
    <tag k="crossing:markings" v="ladder:paired"/>
    <tag k="crossing:signals" v="no"/>
    <tag k="highway" v="crossing"/>
  </node>
  <node id="172892190" lat="35.2012650" lon="-80.8522790"/>
  <node id="172892192" lat="35.1976100" lon="-80.8517620"/>
  <node id="172892194" lat="35.1972260" lon="-80.8516800"/>
  <node id="172892196" lat="35.1960730" lon="-80.8513760"/>
  <node id="172892198" lat="35.1960150" lon="-80.8513550"/>
  <node id="172892200" lat="35.1959560" lon="-80.8513070"/>
  <node id="172892202" lat="35.1958830" lon="-80.8512230"/>
  <node id="172892228" lat="35.2073780" lon="-80.8480900"/>
  <node id="172892231" lat="35.2073470" lon="-80.8481330"/>
  <node id="172892234" lat="35.2070670" lon="-80.8484390"/>
  <node id="172892237" lat="35.2068510" lon="-80.8486470"/>
  <node id="172892240" lat="35.2065490" lon="-80.8488850"/>
  <node id="172892244" lat="35.2063640" lon="-80.8490530"/>
  <node id="172892247" lat="35.2062750" lon="-80.8491430"/>
  <node id="172892250" lat="35.2052390" lon="-80.8502990"/>
  <node id="172892254" lat="35.2037030" lon="-80.8519900"/>
  <node id="172892259" lat="35.2034295" lon="-80.8522982">
    <tag k="crossing" v="uncontrolled"/>
    <tag k="crossing:markings" v="ladder:paired"/>
    <tag k="crossing:signals" v="no"/>
    <tag k="highway" v="crossing"/>
  </node>
  <node id="693757742" lat="35.1989207" lon="-80.8544554"/>
  <node id="1872094198" lat="35.2086822" lon="-80.8548011"/>
  <node id="1872094203" lat="35.2061839" lon="-80.8492443"/>
  <node id="1966095981" lat="35.2052816" lon="-80.8502513"/>
  <node id="1966097118" lat="35.2061243" lon="-80.8513913"/>
  <node id="1966099057" lat="35.1940247" lon="-80.8519516"/>
  <node id="2162820433" lat="35.1913016" lon="-80.8345448"/>
  <node id="2162847558" lat="35.1896695" lon="-80.8312419"/>
  <node id="2162847570" lat="35.1907402" lon="-80.8334894"/>
  <node id="2222780926" lat="35.2027551" lon="-80.8370811"/>
  <node id="2222780927" lat="35.2027815" lon="-80.8373879"/>
  <node id="2222782429" lat="35.1964569" lon="-80.8385823"/>
  <node id="2222782430" lat="35.1961771" lon="-80.8382913"/>
  <node id="2249346545" lat="35.2059239" lon="-80.8372437"/>
  <node id="2249346548" lat="35.2055975" lon="-80.8367447"/>
  <node id="2249349971" lat="35.2050709" lon="-80.8360481"/>
  <node id="2271628152" lat="35.1902009" lon="-80.8324101"/>
  <node id="2271628169" lat="35.1900591" lon="-80.8321060"/>
  <node id="2272411425" lat="35.1878895" lon="-80.8349827"/>
  <node id="2272431275" lat="35.1883507" lon="-80.8362528"/>
  <node id="2401687282" lat="35.2031388" lon="-80.8472137"/>
  <node id="2401687283" lat="35.2037578" lon="-80.8482006"/>
  <node id="2401687284" lat="35.2044265" lon="-80.8490935"/>
  <node id="2439176249" lat="35.2010361" lon="-80.8654811"/>
  <node id="2469596703" lat="35.2059121" lon="-80.8393470"/>
  <node id="2469596705" lat="35.2062834" lon="-80.8388831"/>
  <node id="2469596713" lat="35.2056876" lon="-80.8380455"/>
  <node id="2469596734" lat="35.2003989" lon="-80.8405838"/>
  <node id="2469596757" lat="35.2007400" lon="-80.8403913"/>
  <node id="2469616509" lat="35.2058088" lon="-80.8393996"/>
  <node id="2469616510" lat="35.2049658" lon="-80.8397938"/>
  <node id="2469616511" lat="35.2043909" lon="-80.8400101"/>
  <node id="2469616516" lat="35.2046794" lon="-80.8399055"/>
  <node id="2469616538" lat="35.2029722" lon="-80.8415259"/>
  <node id="2469616539" lat="35.2030673" lon="-80.8416322"/>
  <node id="2469616541" lat="35.2009368" lon="-80.8377287"/>
  <node id="2469616544" lat="35.2010501" lon="-80.8390648"/>
  <node id="2469616550" lat="35.2043268" lon="-80.8400007"/>
  <node id="2469616570" lat="35.2026791" lon="-80.8411460"/>
  <node id="2470600981" lat="35.2014759" lon="-80.8376686"/>
  <node id="2470600987" lat="35.2010178" lon="-80.8386757"/>
  <node id="2470616280" lat="35.2002321" lon="-80.8378119"/>
  <node id="2470636226" lat="35.2067904" lon="-80.8403126"/>
  <node id="2612402698" lat="35.1982073" lon="-80.8585047"/>
  <node id="2612402813" lat="35.1982034" lon="-80.8580936"/>
  <node id="2612402814" lat="35.1992439" lon="-80.8545004"/>
  <node id="2612402827" lat="35.1981927" lon="-80.8585816"/>
  <node id="2612402828" lat="35.1980392" lon="-80.8576853"/>
  <node id="2612402830" lat="35.1982220" lon="-80.8582480"/>
  <node id="2612402831" lat="35.1982130" lon="-80.8584750"/>
  <node id="2612402835" lat="35.1988401" lon="-80.8544442"/>
  <node id="2624684127" lat="35.2086644" lon="-80.8471520"/>
  <node id="2624696230" lat="35.2069152" lon="-80.8459390"/>
  <node id="2625122925" lat="35.1972029" lon="-80.8532491"/>
  <node id="2625122926" lat="35.1970644" lon="-80.8531937"/>
  <node id="2625122927" lat="35.1971562" lon="-80.8575225"/>
  <node id="2625122928" lat="35.1971285" lon="-80.8531218"/>
  <node id="2625122929" lat="35.1973489" lon="-80.8534994"/>
  <node id="2625122930" lat="35.1956742" lon="-80.8549474"/>
  <node id="2625122932" lat="35.1950114" lon="-80.8515049"/>
  <node id="2625122933" lat="35.1963311" lon="-80.8537874"/>
  <node id="2625122942" lat="35.1970188" lon="-80.8533004"/>
  <node id="2625122951" lat="35.1977213" lon="-80.8540698"/>
  <node id="2625123100" lat="35.1966468" lon="-80.8582256"/>
  <node id="2625123112" lat="35.1969703" lon="-80.8577724"/>
  <node id="2625123116" lat="35.1966948" lon="-80.8581504"/>
  <node id="2625123122" lat="35.1971173" lon="-80.8575870"/>
  <node id="2625123123" lat="35.1980761" lon="-80.8589452"/>
  <node id="2625123135" lat="35.1980242" lon="-80.8590924"/>
  <node id="2625123139" lat="35.1981212" lon="-80.8588172"/>
  <node id="2625309269" lat="35.1984743" lon="-80.8650795"/>
  <node id="2625309276" lat="35.1980990" lon="-80.8647166"/>
  <node id="2649089941" lat="35.1994895" lon="-80.8664305"/>
  <node id="2649089942" lat="35.2009121" lon="-80.8652645"/>
  <node id="2649089945" lat="35.1997045" lon="-80.8668458"/>
  <node id="2649089951" lat="35.1994683" lon="-80.8663897"/>
  <node id="2649089952" lat="35.2008958" lon="-80.8652364"/>
  <node id="2649089989" lat="35.1997359" lon="-80.8669064"/>
  <node id="2649089997" lat="35.1995263" lon="-80.8665016"/>
  <node id="2653098521" lat="35.1999737" lon="-80.8378450"/>
  <node id="2699183086" lat="35.1908785" lon="-80.8488073"/>
  <node id="2699183088" lat="35.1909269" lon="-80.8488877"/>
  <node id="2699183090" lat="35.1909857" lon="-80.8487806"/>
  <node id="2699183093" lat="35.1944678" lon="-80.8494343"/>
  <node id="3291434870" lat="35.1894867" lon="-80.8531414"/>
  <node id="3298628121" lat="35.1949464" lon="-80.8364862"/>
  <node id="3298628122" lat="35.1949514" lon="-80.8363153"/>
  <node id="3298628123" lat="35.1949680" lon="-80.8367043">
    <tag k="highway" v="traffic_signals"/>
    <tag k="traffic_signals" v="signal"/>
    <tag k="traffic_signals:direction" v="forward"/>
  </node>
  <node id="3298628125" lat="35.1949621" lon="-80.8362411"/>
  <node id="3298628128" lat="35.1949983" lon="-80.8360346"/>
  <node id="3298628130" lat="35.1950112" lon="-80.8368956"/>
  <node id="3298628137" lat="35.1951811" lon="-80.8351839"/>
  <node id="3298628140" lat="35.1953405" lon="-80.8346152"/>
  <node id="3298628141" lat="35.1954152" lon="-80.8343883"/>
  <node id="3298628144" lat="35.1954889" lon="-80.8341924"/>
  <node id="3298628146" lat="35.1955785" lon="-80.8340104"/>
  <node id="3298628151" lat="35.1957176" lon="-80.8338470"/>
  <node id="3298628361" lat="35.1959493" lon="-80.8336273"/>
  <node id="3298628368" lat="35.1961785" lon="-80.8333924"/>
  <node id="3298628379" lat="35.1963633" lon="-80.8331649"/>
  <node id="3298628380" lat="35.1964663" lon="-80.8330065"/>
  <node id="3298628383" lat="35.1966473" lon="-80.8326521"/>
  <node id="3298628384" lat="35.1966951" lon="-80.8325586"/>
  <node id="3298628385" lat="35.1967684" lon="-80.8324874">
    <tag k="direction" v="forward"/>
    <tag k="highway" v="stop"/>
    <tag k="stop" v="minor"/>
  </node>
  <node id="3298628388" lat="35.1969867" lon="-80.8324373"/>
  <node id="3298628393" lat="35.1971430" lon="-80.8324186"/>
  <node id="3298628395" lat="35.1973098" lon="-80.8324084"/>
  <node id="3298628398" lat="35.1976231" lon="-80.8324179"/>
  <node id="3298628401" lat="35.1979066" lon="-80.8324545"/>
  <node id="3298628405" lat="35.1981925" lon="-80.8325025"/>
  <node id="3298628407" lat="35.1983090" lon="-80.8325172"/>
  <node id="3298628408" lat="35.1984886" lon="-80.8325268"/>
  <node id="3298628411" lat="35.1987208" lon="-80.8325180"/>
  <node id="3298628416" lat="35.1990807" lon="-80.8324479"/>
  <node id="3298628419" lat="35.1993725" lon="-80.8323494"/>
  <node id="3298628421" lat="35.1995897" lon="-80.8322628"/>
  <node id="3298628427" lat="35.1998402" lon="-80.8321520"/>
  <node id="3298628433" lat="35.2000367" lon="-80.8318526"/>
  <node id="3298628435" lat="35.2000969" lon="-80.8320185"/>
  <node id="3298628441" lat="35.2003106" lon="-80.8318981"/>
  <node id="3298628442" lat="35.2003921" lon="-80.8318422"/>
  <node id="3305079978" lat="35.1956125" lon="-80.8337086"/>
  <node id="3305080033" lat="35.2036526" lon="-80.8359322"/>
  <node id="3305083279" lat="35.2113731" lon="-80.8405056"/>
  <node id="3417469365" lat="35.2003859" lon="-80.8377902"/>
  <node id="3701189109" lat="35.1889742" lon="-80.8371619"/>
  <node id="3701189120" lat="35.1912756" lon="-80.8344950"/>
  <node id="3927668948" lat="35.1880830" lon="-80.8425807"/>
  <node id="4147352411" lat="35.1989561" lon="-80.8363383">
    <tag k="direction" v="backward"/>
    <tag k="highway" v="stop"/>
    <tag k="stop" v="minor"/>
  </node>
  <node id="4209805709" lat="35.1981135" lon="-80.8578037"/>
  <node id="4209805711" lat="35.1980667" lon="-80.8577203"/>
  <node id="4209805712" lat="35.1980782" lon="-80.8576983"/>
  <node id="4209805713" lat="35.1980887" lon="-80.8576738"/>
  <node id="4209805714" lat="35.1981060" lon="-80.8576185"/>
  <node id="4209805716" lat="35.1967280" lon="-80.8496981"/>
  <node id="4209805717" lat="35.1966789" lon="-80.8496811"/>
  <node id="4209805718" lat="35.1966411" lon="-80.8496457"/>
  <node id="4209805719" lat="35.1966272" lon="-80.8496025"/>
  <node id="4209805720" lat="35.1966247" lon="-80.8495486"/>
  <node id="4209805721" lat="35.1966447" lon="-80.8493991"/>
  <node id="4321929972" lat="35.2031400" lon="-80.8374474"/>
  <node id="4375093805" lat="35.1865071" lon="-80.8403328"/>
  <node id="4375093809" lat="35.1866836" lon="-80.8402970"/>
  <node id="4375093812" lat="35.1870581" lon="-80.8401940"/>
  <node id="4375093813" lat="35.1873385" lon="-80.8401011"/>
  <node id="4375093817" lat="35.1876143" lon="-80.8399872"/>
  <node id="4375093819" lat="35.1878686" lon="-80.8398673"/>
  <node id="4375093823" lat="35.1883918" lon="-80.8395909"/>
  <node id="4375093824" lat="35.1886772" lon="-80.8394328"/>
  <node id="4375093856" lat="35.1909749" lon="-80.8380323"/>
  <node id="4375093859" lat="35.1911512" lon="-80.8377216"/>
  <node id="4375093864" lat="35.1919655" lon="-80.8373617"/>
  <node id="4375093865" lat="35.1920776" lon="-80.8371282"/>
  <node id="4375093866" lat="35.1924122" lon="-80.8370551"/>
  <node id="4375093876" lat="35.1926345" lon="-80.8369281"/>
  <node id="4375093877" lat="35.1927351" lon="-80.8369066"/>
  <node id="4375093878" lat="35.1927917" lon="-80.8368995"/>
  <node id="4375093879" lat="35.1929957" lon="-80.8369048"/>
  <node id="4375093880" lat="35.1934144" lon="-80.8369532"/>
  <node id="4375093886" lat="35.1939528" lon="-80.8370103"/>
  <node id="4375093891" lat="35.1942835" lon="-80.8370423"/>
  <node id="4375093892" lat="35.1944241" lon="-80.8370385"/>
  <node id="4375093931" lat="35.1951156" lon="-80.8371145"/>
  <node id="4375093934" lat="35.1951920" lon="-80.8372096"/>
  <node id="4375093955" lat="35.1956979" lon="-80.8379260">
    <tag k="crossing" v="marked"/>
    <tag k="highway" v="crossing"/>
  </node>
  <node id="4382739389" lat="35.2104408" lon="-80.8583438"/>
  <node id="4420670247" lat="35.1961823" lon="-80.8503336"/>
  <node id="4799084524" lat="35.1902143" lon="-80.8532023"/>
  <node id="4799084527" lat="35.1903649" lon="-80.8545276"/>
  <node id="5336113449" lat="35.2070810" lon="-80.8452993">
    <tag k="highway" v="traffic_signals"/>
    <tag k="traffic_signals" v="blinker"/>
    <tag k="traffic_signals:direction" v="both"/>
  </node>
  <node id="5336113457" lat="35.2055056" lon="-80.8407098"/>
  <node id="5336113458" lat="35.2055869" lon="-80.8407430"/>
  <node id="5336113461" lat="35.2056395" lon="-80.8407885">
    <tag k="direction" v="forward"/>
    <tag k="highway" v="give_way"/>
  </node>
  <node id="5336113462" lat="35.2056629" lon="-80.8408735">
    <tag k="direction" v="forward"/>
    <tag k="highway" v="give_way"/>
  </node>
  <node id="5336113463" lat="35.2056528" lon="-80.8409345"/>
  <node id="5336113464" lat="35.2056100" lon="-80.8410189"/>
  <node id="5336113465" lat="35.2058571" lon="-80.8409243"/>
  <node id="5336113466" lat="35.2060817" lon="-80.8415048"/>
  <node id="5527391721" lat="35.2054342" lon="-80.8306079"/>
  <node id="5527450609" lat="35.2052126" lon="-80.8362323"/>
  <node id="5527450611" lat="35.2052140" lon="-80.8361141">
    <tag k="crossing" v="uncontrolled"/>
    <tag k="crossing:markings" v="ladder:paired"/>
    <tag k="crossing:signals" v="no"/>
    <tag k="highway" v="crossing"/>
  </node>
  <node id="5527450614" lat="35.2053101" lon="-80.8360419"/>
  <node id="5527450617" lat="35.2054438" lon="-80.8359844"/>
  <node id="5527450618" lat="35.2054304" lon="-80.8360682"/>
  <node id="5527450619" lat="35.2055818" lon="-80.8368589"/>
  <node id="5527451021" lat="35.2045675" lon="-80.8354254"/>
  <node id="5527451022" lat="35.2044991" lon="-80.8354605"/>
  <node id="5527451023" lat="35.2051754" lon="-80.8360125"/>
  <node id="5527451025" lat="35.2050072" lon="-80.8361069"/>
  <node id="5527451026" lat="35.2054491" lon="-80.8366769"/>
  <node id="5527451027" lat="35.2055435" lon="-80.8360494"/>
  <node id="5579074534" lat="35.1917082" lon="-80.8451789"/>
  <node id="5689358092" lat="35.1894080" lon="-80.8531344"/>
  <node id="5689366694" lat="35.1914071" lon="-80.8598041"/>
  <node id="5689366695" lat="35.1914096" lon="-80.8598299"/>
  <node id="5689366696" lat="35.1914055" lon="-80.8598553"/>
  <node id="5689366697" lat="35.1913951" lon="-80.8598780"/>
  <node id="5689366698" lat="35.1913794" lon="-80.8598955"/>
  <node id="5689366699" lat="35.1912857" lon="-80.8598717"/>
  <node id="5689366700" lat="35.1912766" lon="-80.8598458"/>
  <node id="5689366701" lat="35.1912752" lon="-80.8598176"/>
  <node id="5689366702" lat="35.1912816" lon="-80.8597904"/>
  <node id="5689366703" lat="35.1912952" lon="-80.8597676"/>
  <node id="5689366704" lat="35.1913601" lon="-80.8599063"/>
  <node id="5689366705" lat="35.1913391" lon="-80.8599092"/>
  <node id="5689366706" lat="35.1913183" lon="-80.8599039"/>
  <node id="5689366707" lat="35.1912999" lon="-80.8598910"/>
  <node id="5689366708" lat="35.1913143" lon="-80.8597516"/>
  <node id="5689366709" lat="35.1913366" lon="-80.8597445"/>
  <node id="5689366710" lat="35.1913596" lon="-80.8597470"/>
  <node id="5689366711" lat="35.1913806" lon="-80.8597589"/>
  <node id="5689366712" lat="35.1913970" lon="-80.8597787"/>
  <node id="5689366713" lat="35.1912372" lon="-80.8598338"/>
  <node id="5689366714" lat="35.1912759" lon="-80.8598318"/>
  <node id="5689366834" lat="35.1908896" lon="-80.8604227"/>
  <node id="5689366835" lat="35.1903801" lon="-80.8597064"/>
  <node id="5689366836" lat="35.1903760" lon="-80.8597362"/>
  <node id="5689366837" lat="35.1903638" lon="-80.8597625"/>
  <node id="5689366838" lat="35.1903451" lon="-80.8597822"/>
  <node id="5689366839" lat="35.1902377" lon="-80.8597081"/>
  <node id="5689366840" lat="35.1902409" lon="-80.8596811"/>
  <node id="5689366841" lat="35.1902509" lon="-80.8596567"/>
  <node id="5689366842" lat="35.1902665" lon="-80.8596372"/>
  <node id="5689366843" lat="35.1903219" lon="-80.8597928"/>
  <node id="5689366844" lat="35.1902972" lon="-80.8597931"/>
  <node id="5689366845" lat="35.1902739" lon="-80.8597830"/>
  <node id="5689366846" lat="35.1902548" lon="-80.8597638"/>
  <node id="5689366847" lat="35.1902422" lon="-80.8597378"/>
  <node id="5689366848" lat="35.1902862" lon="-80.8596245"/>
  <node id="5689366849" lat="35.1903082" lon="-80.8596200"/>
  <node id="5689366850" lat="35.1903302" lon="-80.8596240"/>
  <node id="5689366851" lat="35.1903502" lon="-80.8596362"/>
  <node id="5689366852" lat="35.1903661" lon="-80.8596553"/>
  <node id="5689366853" lat="35.1903764" lon="-80.8596795"/>
  <node id="5689366854" lat="35.1903368" lon="-80.8597860"/>
  <node id="5780570927" lat="35.2068017" lon="-80.8608562"/>
  <node id="5780570931" lat="35.2065154" lon="-80.8604922"/>
  <node id="5786520943" lat="35.1945297" lon="-80.8503842"/>
  <node id="5786521057" lat="35.1945174" lon="-80.8503541"/>
  <node id="5786521077" lat="35.1947032" lon="-80.8525116"/>
  <node id="5786521078" lat="35.1947764" lon="-80.8526591">
    <tag k="highway" v="crossing"/>
  </node>
  <node id="5786521079" lat="35.1948858" lon="-80.8527164"/>
  <node id="5786521080" lat="35.1949455" lon="-80.8527671"/>
  <node id="5786521081" lat="35.1951495" lon="-80.8533232"/>
  <node id="5786521082" lat="35.1952158" lon="-80.8533475"/>
  <node id="5786521083" lat="35.1953369" lon="-80.8532826"/>
  <node id="5794908522" lat="35.2039035" lon="-80.8472920"/>
  <node id="5794908526" lat="35.2040209" lon="-80.8474485"/>
  <node id="5794908533" lat="35.2040171" lon="-80.8463305"/>
  <node id="5794908534" lat="35.2037252" lon="-80.8470538"/>
  <node id="5794908540" lat="35.2030972" lon="-80.8462160"/>
  <node id="5794908543" lat="35.2027876" lon="-80.8457993"/>
  <node id="5794929859" lat="35.2027345" lon="-80.8440026"/>
  <node id="5794929861" lat="35.2021286" lon="-80.8449183"/>
  <node id="5794929863" lat="35.2021693" lon="-80.8445918"/>
  <node id="5794929869" lat="35.2025317" lon="-80.8442235"/>
  <node id="5794929870" lat="35.2017662" lon="-80.8431478"/>
  <node id="5794929871" lat="35.2011808" lon="-80.8456287"/>
  <node id="5794929880" lat="35.2006541" lon="-80.8443809"/>
  <node id="5794929881" lat="35.2002813" lon="-80.8450097"/>
  <node id="5794929882" lat="35.2007279" lon="-80.8460962"/>
  <node id="5794929890" lat="35.2030082" lon="-80.8437267"/>
  <node id="5794929893" lat="35.2032023" lon="-80.8463592"/>
  <node id="5797638488" lat="35.2063250" lon="-80.8361201"/>
  <node id="5800037528" lat="35.2024078" lon="-80.8452883"/>
  <node id="5814065655" lat="35.1992364" lon="-80.8520094"/>
  <node id="5814065658" lat="35.1999071" lon="-80.8521018"/>
  <node id="5814065664" lat="35.2005508" lon="-80.8528410"/>
  <node id="5814065669" lat="35.1981545" lon="-80.8518499"/>
  <node id="5845427110" lat="35.1948734" lon="-80.8386526"/>
  <node id="5845427116" lat="35.1953847" lon="-80.8381228"/>
  <node id="5950131659" lat="35.2068882" lon="-80.8454522"/>
  <node id="5950131660" lat="35.2069409" lon="-80.8458277"/>
  <node id="5950131665" lat="35.2068207" lon="-80.8455306"/>
  <node id="6012224778" lat="35.1956401" lon="-80.8512385"/>
  <node id="6012224779" lat="35.1957239" lon="-80.8512392"/>
  <node id="6012224780" lat="35.1958048" lon="-80.8512555">
    <tag k="crossing" v="uncontrolled"/>
    <tag k="highway" v="crossing"/>
  </node>
  <node id="6012224781" lat="35.1958889" lon="-80.8512942"/>
  <node id="6012224782" lat="35.1958971" lon="-80.8509817"/>
  <node id="6012224783" lat="35.1960357" lon="-80.8507504"/>
  <node id="6012224784" lat="35.1962653" lon="-80.8503534"/>
  <node id="6012228185" lat="35.1964412" lon="-80.8500423"/>
  <node id="6443465733" lat="35.2097537" lon="-80.8392112"/>
  <node id="6443465734" lat="35.2096010" lon="-80.8390784"/>
  <node id="6461708780" lat="35.2057727" lon="-80.8459340"/>
  <node id="6480069542" lat="35.1975435" lon="-80.8517474"/>
  <node id="6776939911" lat="35.2009488" lon="-80.8432982"/>
  <node id="6776939919" lat="35.2000218" lon="-80.8420260"/>
  <node id="6784506176" lat="35.2025311" lon="-80.8584757"/>
  <node id="6785474314" lat="35.1958646" lon="-80.8368027"/>
  <node id="6802195759" lat="35.2061699" lon="-80.8600528"/>
  <node id="6802195767" lat="35.2056510" lon="-80.8593784"/>
  <node id="6885160299" lat="35.2064823" lon="-80.8371473"/>
  <node id="6989268115" lat="35.2094558" lon="-80.8593101"/>
  <node id="6989268119" lat="35.2095525" lon="-80.8594389"/>
  <node id="6989281110" lat="35.1895691" lon="-80.8310374"/>
  <node id="6989281118" lat="35.1896561" lon="-80.8312157"/>
  <node id="6989325199" lat="35.1929483" lon="-80.8448637"/>
  <node id="6989325200" lat="35.1927108" lon="-80.8448459"/>
  <node id="6989351105" lat="35.2054441" lon="-80.8411904"/>
  <node id="6989351106" lat="35.2040059" lon="-80.8426812"/>
  <node id="6989452267" lat="35.2067283" lon="-80.8528096"/>
  <node id="6989452271" lat="35.2066215" lon="-80.8529313"/>
  <node id="6996191159" lat="35.1960005" lon="-80.8600158"/>
  <node id="6996191166" lat="35.1960479" lon="-80.8598636"/>
  <node id="7007878680" lat="35.2110745" lon="-80.8404240"/>
  <node id="7007951138" lat="35.2058074" lon="-80.8379099"/>
  <node id="7007951145" lat="35.2057207" lon="-80.8368950"/>
  <node id="7007951149" lat="35.2043380" lon="-80.8351980"/>
  <node id="7007951170" lat="35.2017555" lon="-80.8361462"/>
  <node id="7007951176" lat="35.2007283" lon="-80.8362613"/>
  <node id="7007951180" lat="35.2011252" lon="-80.8362172"/>
  <node id="7007952427" lat="35.1922464" lon="-80.8324545"/>
  <node id="7007952438" lat="35.1920142" lon="-80.8320007"/>
  <node id="7007961061" lat="35.2102224" lon="-80.8396445"/>
  <node id="7007961064" lat="35.2079869" lon="-80.8375939"/>
  <node id="7007989113" lat="35.1977472" lon="-80.8517842"/>
  <node id="7007989120" lat="35.1979622" lon="-80.8500316"/>
  <node id="7007989129" lat="35.1964843" lon="-80.8499869"/>
  <node id="7007989143" lat="35.1961204" lon="-80.8513887"/>
  <node id="7007989144" lat="35.1964904" lon="-80.8514879"/>
  <node id="7007989153" lat="35.1966762" lon="-80.8515374"/>
  <node id="7007989165" lat="35.1969352" lon="-80.8516046"/>
  <node id="7007989172" lat="35.1971460" lon="-80.8516593"/>
  <node id="7007989174" lat="35.1951681" lon="-80.8555571"/>
  <node id="7007989175" lat="35.1951445" lon="-80.8554251"/>
  <node id="7007989176" lat="35.1950994" lon="-80.8553257"/>
  <node id="7007989177" lat="35.1950623" lon="-80.8552822"/>
  <node id="7007989178" lat="35.1950064" lon="-80.8552560"/>
  <node id="7007989179" lat="35.1949449" lon="-80.8552552"/>
  <node id="7007989180" lat="35.1948718" lon="-80.8552840"/>
  <node id="7007989181" lat="35.1948247" lon="-80.8553386"/>
  <node id="7007989182" lat="35.1948024" lon="-80.8554220"/>
  <node id="7007989183" lat="35.1947949" lon="-80.8555237"/>
  <node id="7007989184" lat="35.1948086" lon="-80.8556193"/>
  <node id="7007992685" lat="35.1941595" lon="-80.8541768"/>
  <node id="7008118298" lat="35.1916735" lon="-80.8512851"/>
  <node id="7008118304" lat="35.1930752" lon="-80.8523865"/>
  <node id="7008140888" lat="35.2092686" lon="-80.8590609"/>
  <node id="7008140890" lat="35.2093810" lon="-80.8592105"/>
  <node id="7008202207" lat="35.2025346" lon="-80.8532960"/>
  <node id="7008207764" lat="35.2053013" lon="-80.8490849"/>
  <node id="7008207767" lat="35.2053234" lon="-80.8480903"/>
  <node id="7008209577" lat="35.1985542" lon="-80.8409861"/>
  <node id="7008289648" lat="35.2017432" lon="-80.8431715"/>
  <node id="7008289649" lat="35.2009471" lon="-80.8420981"/>
  <node id="7008289650" lat="35.2018860" lon="-80.8430244"/>
  <node id="7008289653" lat="35.2015387" lon="-80.8433822"/>
  <node id="7008289659" lat="35.2005948" lon="-80.8428104"/>
  <node id="7008289662" lat="35.2010753" lon="-80.8434809"/>
  <node id="7010610484" lat="35.1926723" lon="-80.8469001"/>
  <node id="7010807489" lat="35.1891639" lon="-80.8531138"/>
  <node id="7031690972" lat="35.2038085" lon="-80.8591663"/>
  <node id="7060255907" lat="35.2015364" lon="-80.8361699"/>
  <node id="7060420088" lat="35.2102856" lon="-80.8581367"/>
  <node id="7060420091" lat="35.2101016" lon="-80.8578912"/>
  <node id="7065242699" lat="35.1960057" lon="-80.8380671"/>
  <node id="7065242718" lat="35.1966569" lon="-80.8367149"/>
  <node id="7065242719" lat="35.1958229" lon="-80.8378514"/>
  <node id="7065252114" lat="35.2060963" lon="-80.8493417"/>
  <node id="7065252116" lat="35.2062208" lon="-80.8492033"/>
  <node id="7065401817" lat="35.1859700" lon="-80.8494149"/>
  <node id="7065944786" lat="35.2069710" lon="-80.8525377"/>
  <node id="7068275677" lat="35.1956842" lon="-80.8607703"/>
  <node id="7071497546" lat="35.2047061" lon="-80.8428471"/>
  <node id="7081468507" lat="35.2003407" lon="-80.8521615"/>
  <node id="7081468512" lat="35.2009947" lon="-80.8533158"/>
  <node id="7081468516" lat="35.2016128" lon="-80.8523246"/>
  <node id="7081468522" lat="35.2020140" lon="-80.8523771"/>
  <node id="7081468523" lat="35.2028240" lon="-80.8524827"/>
  <node id="7081468527" lat="35.2026504" lon="-80.8518756"/>
  <node id="7081468530" lat="35.2028703" lon="-80.8524886"/>
  <node id="7171587126" lat="35.1911123" lon="-80.8532652"/>
  <node id="7200211235" lat="35.2088817" lon="-80.8545796"/>
  <node id="7204954039" lat="35.2072867" lon="-80.8369478"/>
  <node id="7565007390" lat="35.1899760" lon="-80.8531821"/>
  <node id="7591021920" lat="35.1917728" lon="-80.8575867"/>
  <node id="7591021921" lat="35.1916847" lon="-80.8574016"/>
  <node id="7591021922" lat="35.1916472" lon="-80.8572039"/>
  <node id="7591021923" lat="35.1916307" lon="-80.8569639"/>
  <node id="7591021924" lat="35.1916027" lon="-80.8567058"/>
  <node id="7591021925" lat="35.1915298" lon="-80.8564349"/>
  <node id="7591021926" lat="35.1914708" lon="-80.8562427"/>
  <node id="7591021927" lat="35.1913974" lon="-80.8560146"/>
  <node id="7591021928" lat="35.1911810" lon="-80.8556109"/>
  <node id="7591021929" lat="35.1909992" lon="-80.8553298"/>
  <node id="7591021930" lat="35.1908525" lon="-80.8551644"/>
  <node id="7591021931" lat="35.1903468" lon="-80.8546789"/>
  <node id="7591021932" lat="35.1921247" lon="-80.8579323"/>
  <node id="7591021933" lat="35.1920833" lon="-80.8580737"/>
  <node id="7591021934" lat="35.1912849" lon="-80.8560946"/>
  <node id="7605665157" lat="35.2057346" lon="-80.8360922"/>
  <node id="7605665160" lat="35.2061612" lon="-80.8361354"/>
  <node id="7605665164" lat="35.2059683" lon="-80.8361303"/>
  <node id="7645596893" lat="35.2044598" lon="-80.8399936"/>
  <node id="7673430290" lat="35.2011159" lon="-80.8656233"/>
  <node id="7676065071" lat="35.2091777" lon="-80.8589399"/>
  <node id="7678896420" lat="35.2046010" lon="-80.8444257"/>
  <node id="7678896423" lat="35.2047986" lon="-80.8436247"/>
  <node id="7756393837" lat="35.1989953" lon="-80.8519762"/>
  <node id="7802498539" lat="35.2064934" lon="-80.8360922"/>
  <node id="7813572742" lat="35.2087734" lon="-80.8547005"/>
  <node id="7813715870" lat="35.2074879" lon="-80.8599437"/>
  <node id="7814358432" lat="35.2062537" lon="-80.8503641"/>
  <node id="7814358435" lat="35.2060876" lon="-80.8501418"/>
  <node id="7814359488" lat="35.2061407" lon="-80.8534555"/>
  <node id="7814359490" lat="35.2052830" lon="-80.8523233"/>
  <node id="7814366389" lat="35.2043573" lon="-80.8502074"/>
  <node id="7814366397" lat="35.2044425" lon="-80.8511734"/>
  <node id="7814375931" lat="35.2044928" lon="-80.8560563">
    <tag k="traffic_calming" v="table"/>
  </node>
  <node id="7814376120" lat="35.2052409" lon="-80.8570335">
    <tag k="traffic_calming" v="table"/>
  </node>
  <node id="7846619615" lat="35.1993409" lon="-80.8398645"/>
  <node id="7908616548" lat="35.2010373" lon="-80.8434282"/>
  <node id="7908616553" lat="35.2008223" lon="-80.8441469"/>
  <node id="7908616554" lat="35.2010902" lon="-80.8438567"/>
  <node id="7993809404" lat="35.2053639" lon="-80.8365691"/>
  <node id="7993809464" lat="35.2039549" lon="-80.8418068"/>
  <node id="7993813938" lat="35.2028092" lon="-80.8367216"/>
  <node id="7993822038" lat="35.2044556" lon="-80.8353433"/>
  <node id="8007458336" lat="35.2020701" lon="-80.8455353"/>
  <node id="8007458374" lat="35.2032769" lon="-80.8464592"/>
  <node id="8007486555" lat="35.1998953" lon="-80.8409061"/>
  <node id="8007486558" lat="35.1998541" lon="-80.8417985"/>
  <node id="8007718636" lat="35.2045186" lon="-80.8481207"/>
  <node id="8007718780" lat="35.2062152" lon="-80.8512910"/>
  <node id="8007748314" lat="35.2018387" lon="-80.8457725"/>
  <node id="8007748315" lat="35.2022598" lon="-80.8450907"/>
  <node id="8007748318" lat="35.2021222" lon="-80.8449101"/>
  <node id="8007748320" lat="35.2018812" lon="-80.8449055"/>
  <node id="8007748321" lat="35.2022312" lon="-80.8453702"/>
  <node id="8007748325" lat="35.2016344" lon="-80.8451604"/>
  <node id="8007748326" lat="35.2016969" lon="-80.8450959"/>
  <node id="8007748330" lat="35.2017055" lon="-80.8443557"/>
  <node id="8007799514" lat="35.2003776" lon="-80.8546653"/>
  <node id="8011311789" lat="35.2002371" lon="-80.8423180"/>
  <node id="8011311794" lat="35.2003116" lon="-80.8424190"/>
  <node id="8011320805" lat="35.1957000" lon="-80.8533217"/>
  <node id="8081236764" lat="35.2082739" lon="-80.8378572"/>
  <node id="8098771180" lat="35.2011256" lon="-80.8522619"/>
  <node id="8156504668" lat="35.2059932" lon="-80.8412637"/>
  <node id="8156504669" lat="35.2048442" lon="-80.8418107"/>
  <node id="8156504676" lat="35.2044450" lon="-80.8411552"/>
  <node id="8157026518" lat="35.2008746" lon="-80.8403646"/>
  <node id="8157026519" lat="35.1983773" lon="-80.8411740"/>
  <node id="8157026522" lat="35.1980774" lon="-80.8398794"/>
  <node id="8165352917" lat="35.2013198" lon="-80.8361941"/>
  <node id="8165877561" lat="35.1996664" lon="-80.8415335"/>
  <node id="8165877563" lat="35.1993029" lon="-80.8419640"/>
  <node id="8165877566" lat="35.1995917" lon="-80.8414263"/>
  <node id="8166658846" lat="35.2039774" lon="-80.8473905"/>
  <node id="8167172633" lat="35.1946237" lon="-80.8522200"/>
  <node id="8167782615" lat="35.2009574" lon="-80.8440006"/>
  <node id="8167791518" lat="35.2016126" lon="-80.8442266"/>
  <node id="8169260029" lat="35.1904458" lon="-80.8383801"/>
  <node id="8169260034" lat="35.1906087" lon="-80.8382808"/>
  <node id="8309347012" lat="35.1951666" lon="-80.8368853">
    <tag k="highway" v="traffic_signals"/>
    <tag k="traffic_signals" v="signal"/>
    <tag k="traffic_signals:direction" v="forward"/>
  </node>
  <node id="8309347013" lat="35.1947632" lon="-80.8368634">
    <tag k="highway" v="traffic_signals"/>
    <tag k="traffic_signals" v="signal"/>
    <tag k="traffic_signals:direction" v="forward"/>
  </node>
  <node id="8517774729" lat="35.2052945" lon="-80.8456811"/>
  <node id="8521393496" lat="35.2002605" lon="-80.8378087"/>
  <node id="8521393502" lat="35.2000142" lon="-80.8378401"/>
  <node id="8558008696" lat="35.1883134" lon="-80.8481113"/>
  <node id="8570264890" lat="35.2043162" lon="-80.8592346"/>
  <node id="8630001217" lat="35.2099273" lon="-80.8393717"/>
  <node id="8643108949" lat="35.1982814" lon="-80.8513456"/>
  <node id="8643108955" lat="35.1981787" lon="-80.8509726"/>
  <node id="8643286766" lat="35.2108959" lon="-80.8402667"/>
  <node id="8643422218" lat="35.2001268" lon="-80.8451962"/>
  <node id="8643422229" lat="35.1995414" lon="-80.8441659"/>
  <node id="8644301092" lat="35.1992790" lon="-80.8364245"/>
  <node id="8645061822" lat="35.1963985" lon="-80.8367384"/>
  <node id="8645061824" lat="35.1971816" lon="-80.8387331"/>
  <node id="9183012413" lat="35.2058999" lon="-80.8361239"/>
  <node id="9183012558" lat="35.2062181" lon="-80.8374476">
    <tag k="crossing" v="traffic_signals"/>
    <tag k="crossing:markings" v="ladder:paired"/>
    <tag k="crossing:signals" v="yes"/>
    <tag k="highway" v="crossing"/>
  </node>
  <node id="9183012559" lat="35.2061069" lon="-80.8374640">
    <tag k="crossing" v="traffic_signals"/>
    <tag k="crossing:markings" v="ladder:paired"/>
    <tag k="crossing:signals" v="yes"/>
    <tag k="highway" v="crossing"/>
  </node>
  <node id="9183012563" lat="35.2060620" lon="-80.8376245">
    <tag k="crossing" v="traffic_signals"/>
    <tag k="crossing:markings" v="ladder:paired"/>
    <tag k="crossing:signals" v="yes"/>
    <tag k="highway" v="crossing"/>
  </node>
  <node id="9183265109" lat="35.2003642" lon="-80.8377931"/>
  <node id="9183274578" lat="35.1955862" lon="-80.8378321"/>
  <node id="9183274585" lat="35.1955486" lon="-80.8378901">
    <tag k="crossing" v="unmarked"/>
    <tag k="crossing:markings" v="no"/>
    <tag k="highway" v="crossing"/>
  </node>
  <node id="9183274597" lat="35.1967600" lon="-80.8388656"/>
  <node id="9183274598" lat="35.1967385" lon="-80.8388170"/>
  <node id="9183274599" lat="35.1967178" lon="-80.8387843"/>
  <node id="9183274600" lat="35.1966839" lon="-80.8387495"/>
  <node id="9183274601" lat="35.1965241" lon="-80.8385921"/>
  <node id="9183274605" lat="35.1967789" lon="-80.8388907"/>
  <node id="9183274606" lat="35.1967553" lon="-80.8388744"/>
  <node id="9183274607" lat="35.1967113" lon="-80.8388599"/>
  <node id="9183274608" lat="35.1966776" lon="-80.8388447"/>
  <node id="9183274609" lat="35.1966434" lon="-80.8388140"/>
  <node id="9183274610" lat="35.1964892" lon="-80.8386590"/>
  <node id="9183274616" lat="35.1966100" lon="-80.8387807">
    <tag k="crossing" v="marked"/>
    <tag k="crossing:markings" v="yes"/>
    <tag k="highway" v="crossing"/>
  </node>
  <node id="9183274618" lat="35.1966386" lon="-80.8387026">
    <tag k="crossing" v="marked"/>
    <tag k="highway" v="crossing"/>
  </node>
  <node id="9183274635" lat="35.1959581" lon="-80.8381374"/>
  <node id="9183274639" lat="35.1957718" lon="-80.8377906">
    <tag k="crossing" v="marked"/>
    <tag k="highway" v="crossing"/>
  </node>
  <node id="9183475487" lat="35.2056722" lon="-80.8369727"/>
  <node id="9183497599" lat="35.2040294" lon="-80.8358883"/>
  <node id="9183497739" lat="35.2029131" lon="-80.8361527">
    <tag k="crossing" v="traffic_signals"/>
    <tag k="crossing:markings" v="ladder:paired"/>
    <tag k="crossing:signals" v="yes"/>
    <tag k="highway" v="crossing"/>
  </node>
  <node id="9183497742" lat="35.2028940" lon="-80.8359008">
    <tag k="crossing" v="traffic_signals"/>
    <tag k="crossing:markings" v="ladder:paired"/>
    <tag k="crossing:signals" v="yes"/>
    <tag k="highway" v="crossing"/>
  </node>
  <node id="9183497743" lat="35.2028281" lon="-80.8360228">
    <tag k="crossing" v="traffic_signals"/>
    <tag k="crossing:markings" v="ladder:paired"/>
    <tag k="crossing:signals" v="yes"/>
    <tag k="highway" v="crossing"/>
  </node>
  <node id="9183497744" lat="35.2029683" lon="-80.8360069">
    <tag k="crossing" v="traffic_signals"/>
    <tag k="crossing:markings" v="ladder:paired"/>
    <tag k="crossing:signals" v="yes"/>
    <tag k="highway" v="crossing"/>
  </node>
  <node id="9183497971" lat="35.2046230" lon="-80.8356219"/>
  <node id="9183497972" lat="35.2044826" lon="-80.8354323"/>
  <node id="9183497973" lat="35.2044697" lon="-80.8354056"/>
  <node id="9183497974" lat="35.2045220" lon="-80.8354920"/>
  <node id="9183497975" lat="35.2044626" lon="-80.8353801"/>
  <node id="9183497977" lat="35.2045211" lon="-80.8353775"/>
  <node id="9183497978" lat="35.2045448" lon="-80.8354002"/>
  <node id="9183497979" lat="35.2044799" lon="-80.8353534"/>
  <node id="9183497980" lat="35.2045011" lon="-80.8353643"/>
  <node id="9183497983" lat="35.2053231" lon="-80.8359551"/>
  <node id="9183497984" lat="35.2051843" lon="-80.8359196"/>
  <node id="9183497985" lat="35.2048315" lon="-80.8358851">
    <tag k="highway" v="traffic_signals"/>
    <tag k="traffic_signals" v="signal"/>
  </node>
  <node id="9183497986" lat="35.2045250" lon="-80.8358405"/>
  <node id="9183497987" lat="35.2045802" lon="-80.8358374"/>
  <node id="9183497988" lat="35.2046369" lon="-80.8358423"/>
  <node id="9183497989" lat="35.2047580" lon="-80.8358713"/>
  <node id="9183497990" lat="35.2050949" lon="-80.8359026"/>
  <node id="9183497991" lat="35.2049454" lon="-80.8358962"/>
  <node id="9183497992" lat="35.2049684" lon="-80.8358886"/>
  <node id="9183497993" lat="35.2049385" lon="-80.8358878">
    <tag k="highway" v="traffic_signals"/>
    <tag k="traffic_signals" v="signal"/>
  </node>
  <node id="9183497994" lat="35.2050650" lon="-80.8359825"/>
  <node id="9183497995" lat="35.2049987" lon="-80.8359606">
    <tag k="highway" v="traffic_signals"/>
    <tag k="traffic_signals" v="signal"/>
  </node>
  <node id="9183497996" lat="35.2049407" lon="-80.8359406"/>
  <node id="9183497997" lat="35.2048955" lon="-80.8359208"/>
  <node id="9183497998" lat="35.2051086" lon="-80.8357942"/>
  <node id="9183497999" lat="35.2051579" lon="-80.8357227"/>
  <node id="9183498000" lat="35.2052010" lon="-80.8356502"/>
  <node id="9183498001" lat="35.2052659" lon="-80.8355362"/>
  <node id="9183498002" lat="35.2052724" lon="-80.8355796"/>
  <node id="9183498003" lat="35.2052162" lon="-80.8357300"/>
  <node id="9183498004" lat="35.2052016" lon="-80.8357714"/>
  <node id="9183498005" lat="35.2051964" lon="-80.8357901"/>
  <node id="9183498006" lat="35.2051946" lon="-80.8358087"/>
  <node id="9183498007" lat="35.2051935" lon="-80.8358291"/>
  <node id="9183498008" lat="35.2051946" lon="-80.8358458"/>
  <node id="9183498009" lat="35.2052006" lon="-80.8358723">
    <tag k="crossing" v="unmarked"/>
    <tag k="crossing:markings" v="no"/>
    <tag k="highway" v="crossing"/>
  </node>
  <node id="9183498010" lat="35.2052065" lon="-80.8358902"/>
  <node id="9183498011" lat="35.2052149" lon="-80.8359019"/>
  <node id="9183498012" lat="35.2052267" lon="-80.8359141"/>
  <node id="9183498013" lat="35.2052430" lon="-80.8359270"/>
  <node id="9183498014" lat="35.2052668" lon="-80.8359407"/>
  <node id="9183498015" lat="35.2050835" lon="-80.8358279"/>
  <node id="9183498016" lat="35.2050621" lon="-80.8358491"/>
  <node id="9183498017" lat="35.2050327" lon="-80.8358673"/>
  <node id="9183498018" lat="35.2050107" lon="-80.8358733"/>
  <node id="9183498019" lat="35.2049851" lon="-80.8358795"/>
  <node id="9183498020" lat="35.2054863" lon="-80.8360700"/>
  <node id="9183498021" lat="35.2055184" lon="-80.8360634"/>
  <node id="9183498022" lat="35.2054583" lon="-80.8360718"/>
  <node id="9183498023" lat="35.2055009" lon="-80.8360105"/>
  <node id="9183498024" lat="35.2055230" lon="-80.8360276"/>
  <node id="9183498025" lat="35.2054730" lon="-80.8359966"/>
  <node id="9183498026" lat="35.2047194" lon="-80.8357436">
    <tag k="crossing" v="traffic_signals"/>
    <tag k="crossing:markings" v="ladder:paired"/>
    <tag k="crossing:signals" v="yes"/>
    <tag k="highway" v="crossing"/>
  </node>
  <node id="9183498027" lat="35.2048355" lon="-80.8357633">
    <tag k="crossing" v="traffic_signals"/>
    <tag k="crossing:markings" v="ladder:paired"/>
    <tag k="crossing:signals" v="yes"/>
    <tag k="highway" v="crossing"/>
  </node>
  <node id="9183498028" lat="35.2047304" lon="-80.8358647">
    <tag k="crossing" v="traffic_signals"/>
    <tag k="crossing:markings" v="ladder:paired"/>
    <tag k="crossing:signals" v="yes"/>
    <tag k="highway" v="crossing"/>
  </node>
  <node id="9183498029" lat="35.2050375" lon="-80.8358646">
    <tag k="crossing" v="traffic_signals"/>
    <tag k="crossing:markings" v="ladder:paired"/>
    <tag k="crossing:signals" v="yes"/>
    <tag k="highway" v="crossing"/>
  </node>
  <node id="9183498030" lat="35.2050550" lon="-80.8359022">
    <tag k="crossing" v="traffic_signals"/>
    <tag k="crossing:markings" v="ladder:paired"/>
    <tag k="crossing:signals" v="yes"/>
    <tag k="highway" v="crossing"/>
  </node>
  <node id="9183498031" lat="35.2050984" lon="-80.8359956">
    <tag k="crossing" v="traffic_signals"/>
    <tag k="crossing:markings" v="ladder:paired"/>
    <tag k="crossing:signals" v="yes"/>
    <tag k="highway" v="crossing"/>
  </node>
  <node id="9183498032" lat="35.2049633" lon="-80.8360514">
    <tag k="crossing" v="traffic_signals"/>
    <tag k="crossing:markings" v="ladder:paired"/>
    <tag k="crossing:signals" v="yes"/>
    <tag k="highway" v="crossing"/>
  </node>
  <node id="9183498033" lat="35.2050838" lon="-80.8360648">
    <tag k="crossing" v="traffic_signals"/>
    <tag k="crossing:markings" v="ladder:paired"/>
    <tag k="crossing:signals" v="yes"/>
    <tag k="highway" v="crossing"/>
  </node>
  <node id="9183498034" lat="35.2050697" lon="-80.8358416">
    <tag k="crossing" v="unmarked"/>
    <tag k="crossing:markings" v="no"/>
    <tag k="highway" v="crossing"/>
  </node>
  <node id="9183498035" lat="35.2052103" lon="-80.8361416"/>
  <node id="9183498036" lat="35.2052097" lon="-80.8361628"/>
  <node id="9183498037" lat="35.2052094" lon="-80.8361857">
    <tag k="direction" v="forward"/>
    <tag k="highway" v="give_way"/>
  </node>
  <node id="9183498038" lat="35.2052124" lon="-80.8362066"/>
  <node id="9183498039" lat="35.2052186" lon="-80.8362262"/>
  <node id="9183498040" lat="35.2052298" lon="-80.8362550"/>
  <node id="9183498041" lat="35.2052226" lon="-80.8360915"/>
  <node id="9183498042" lat="35.2052361" lon="-80.8360751">
    <tag k="direction" v="forward"/>
    <tag k="highway" v="give_way"/>
  </node>
  <node id="9183498043" lat="35.2052509" lon="-80.8360652"/>
  <node id="9183498044" lat="35.2052686" lon="-80.8360558"/>
  <node id="9183498045" lat="35.2052923" lon="-80.8360486"/>
  <node id="9183498046" lat="35.2053180" lon="-80.8360436"/>
  <node id="9201807965" lat="35.1964452" lon="-80.8385701"/>
  <node id="9217388182" lat="35.2031272" lon="-80.8525181">
    <tag k="direction" v="forward"/>
    <tag k="highway" v="give_way"/>
  </node>
  <node id="9217388183" lat="35.2033144" lon="-80.8524211">
    <tag k="direction" v="forward"/>
    <tag k="highway" v="give_way"/>
  </node>
  <node id="9217388184" lat="35.2033340" lon="-80.8525408">
    <tag k="direction" v="forward"/>
    <tag k="highway" v="give_way"/>
  </node>
  <node id="9217388185" lat="35.2032306" lon="-80.8526339">
    <tag k="direction" v="forward"/>
    <tag k="highway" v="give_way"/>
  </node>
  <node id="9217388186" lat="35.2034080" lon="-80.8523672"/>
  <node id="9217388187" lat="35.2034622" lon="-80.8525569"/>
  <node id="9217388188" lat="35.2034346" lon="-80.8524997"/>
  <node id="9217388189" lat="35.2034129" lon="-80.8524219"/>
  <node id="9217388190" lat="35.2031724" lon="-80.8525914"/>
  <node id="9217388191" lat="35.2031914" lon="-80.8526045"/>
  <node id="9217388192" lat="35.2032128" lon="-80.8526094"/>
  <node id="9217388193" lat="35.2032377" lon="-80.8526039"/>
  <node id="9217388194" lat="35.2032592" lon="-80.8525874"/>
  <node id="9217388195" lat="35.2032740" lon="-80.8525622"/>
  <node id="9217388196" lat="35.2032799" lon="-80.8525338"/>
  <node id="9217388197" lat="35.2032762" lon="-80.8525015"/>
  <node id="9217388198" lat="35.2032432" lon="-80.8524559"/>
  <node id="9217388199" lat="35.2032187" lon="-80.8524478"/>
  <node id="9217388200" lat="35.2031936" lon="-80.8524515"/>
  <node id="9217388201" lat="35.2031555" lon="-80.8524906"/>
  <node id="9217388202" lat="35.2031481" lon="-80.8525202"/>
  <node id="9217388203" lat="35.2031495" lon="-80.8525468"/>
  <node id="9217388204" lat="35.2031579" lon="-80.8525715"/>
  <node id="9217388205" lat="35.2031714" lon="-80.8524665"/>
  <node id="9217388206" lat="35.2032633" lon="-80.8524748"/>
  <node id="9228628547" lat="35.2009714" lon="-80.8547456"/>
  <node id="9465035719" lat="35.1892445" lon="-80.8304466"/>
  <node id="9465035767" lat="35.1892644" lon="-80.8304822">
    <tag k="crossing" v="traffic_signals"/>
    <tag k="highway" v="crossing"/>
  </node>
  <node id="9469401105" lat="35.1881263" lon="-80.8357417"/>
  <node id="9469401108" lat="35.1882839" lon="-80.8361168"/>
  <node id="9469438912" lat="35.1896451" lon="-80.8311939"/>
  <node id="9599876614" lat="35.2057508" lon="-80.8369434"/>
  <node id="9599876637" lat="35.2057069" lon="-80.8368774"/>
  <node id="9602699414" lat="35.1945762" lon="-80.8368700"/>
  <node id="9625713950" lat="35.2030108" lon="-80.8418654"/>
  <node id="9625713951" lat="35.2047624" lon="-80.8410257"/>
  <node id="9625713952" lat="35.2053532" lon="-80.8407717"/>
  <node id="9665700221" lat="35.2003095" lon="-80.8449658"/>
  <node id="9864454637" lat="35.2090801" lon="-80.8385933">
    <tag k="crossing" v="traffic_signals"/>
    <tag k="highway" v="crossing"/>
  </node>
  <node id="9864454651" lat="35.2092641" lon="-80.8387860">
    <tag k="crossing" v="traffic_signals"/>
    <tag k="highway" v="crossing"/>
  </node>
  <node id="9864454659" lat="35.2058253" lon="-80.8405850">
    <tag k="crossing" v="traffic_signals"/>
    <tag k="crossing:markings" v="ladder:paired"/>
    <tag k="crossing:signals" v="yes"/>
    <tag k="highway" v="crossing"/>
  </node>
  <node id="9864454660" lat="35.2058634" lon="-80.8407797">
    <tag k="crossing" v="traffic_signals"/>
    <tag k="crossing:markings" v="ladder:paired"/>
    <tag k="crossing:signals" v="yes"/>
    <tag k="highway" v="crossing"/>
  </node>
  <node id="9867151813" lat="35.2077241" lon="-80.8373527">
    <tag k="crossing" v="unmarked"/>
    <tag k="crossing:island" v="no"/>
    <tag k="highway" v="crossing"/>
  </node>
  <node id="9867151814" lat="35.2086895" lon="-80.8382343"/>
  <node id="9873281702" lat="35.2069799" lon="-80.8610829"/>
  <node id="9873355478" lat="35.2050392" lon="-80.8397195"/>
  <node id="9873355479" lat="35.2053685" lon="-80.8395858"/>
  <node id="9873355480" lat="35.2050614" lon="-80.8398003"/>
  <node id="9873355482" lat="35.2053923" lon="-80.8396676"/>
  <node id="9873355483" lat="35.2054799" lon="-80.8396318"/>
  <node id="9873355484" lat="35.2057531" lon="-80.8395199"/>
  <node id="9873355485" lat="35.2057967" lon="-80.8394960"/>
  <node id="9873355486" lat="35.2058486" lon="-80.8394532"/>
  <node id="9873418036" lat="35.1907920" lon="-80.8298516"/>
  <node id="9873418041" lat="35.1908508" lon="-80.8299091"/>
  <node id="9873418044" lat="35.1914007" lon="-80.8347251"/>
  <node id="9873418150" lat="35.2057033" lon="-80.8340264"/>
  <node id="9887187811" lat="35.2027997" lon="-80.8374983"/>
  <node id="9913855991" lat="35.2063104" lon="-80.8403753"/>
  <node id="9913855992" lat="35.2062610" lon="-80.8405160"/>
  <node id="9913855994" lat="35.2063569" lon="-80.8404888"/>
  <node id="9913855995" lat="35.2061760" lon="-80.8405093"/>
  <node id="9913855996" lat="35.2059948" lon="-80.8405790"/>
  <node id="9913855997" lat="35.2058389" lon="-80.8406461">
    <tag k="crossing" v="traffic_signals"/>
    <tag k="crossing:markings" v="ladder:paired"/>
    <tag k="crossing:signals" v="yes"/>
    <tag k="highway" v="crossing"/>
  </node>
  <node id="9913855998" lat="35.2064763" lon="-80.8403310"/>
  <node id="9913855999" lat="35.2067641" lon="-80.8403116"/>
  <node id="9966198055" lat="35.1948085" lon="-80.8364021"/>
  <node id="9993044228" lat="35.2054890" lon="-80.8367300"/>
  <node id="10010402514" lat="35.2074240" lon="-80.8370749"/>
  <node id="10021412726" lat="35.2057129" lon="-80.8380168"/>
  <node id="10021412732" lat="35.2056778" lon="-80.8380566"/>
  <node id="10021412830" lat="35.2056288" lon="-80.8401692"/>
  <node id="10030299785" lat="35.2054386" lon="-80.8394874">
    <tag k="crossing" v="marked"/>
    <tag k="highway" v="crossing"/>
  </node>
  <node id="10030299790" lat="35.2054976" lon="-80.8396937">
    <tag k="crossing" v="marked"/>
    <tag k="highway" v="crossing"/>
  </node>
  <node id="10030299792" lat="35.2054241" lon="-80.8396547">
    <tag k="crossing" v="marked"/>
    <tag k="crossing:markings" v="yes"/>
    <tag k="highway" v="crossing"/>
  </node>
  <node id="10030299793" lat="35.2054025" lon="-80.8395720">
    <tag k="crossing" v="marked"/>
    <tag k="crossing:markings" v="yes"/>
    <tag k="highway" v="crossing"/>
  </node>
  <node id="10030299799" lat="35.2063221" lon="-80.8388374"/>
  <node id="10056027596" lat="35.1993362" lon="-80.8410762"/>
  <node id="10056027598" lat="35.1986507" lon="-80.8408836"/>
  <node id="10056027600" lat="35.1987502" lon="-80.8407778"/>
  <node id="10056027602" lat="35.1991852" lon="-80.8420419"/>
  <node id="10056027605" lat="35.1995204" lon="-80.8413296"/>
  <node id="10279567450" lat="35.2005184" lon="-80.8430994"/>
  <node id="10279567454" lat="35.2004967" lon="-80.8426723"/>
  <node id="10295355364" lat="35.2056652" lon="-80.8406503">
    <tag k="crossing" v="traffic_signals"/>
    <tag k="crossing:markings" v="ladder:paired"/>
    <tag k="crossing:signals" v="yes"/>
    <tag k="highway" v="crossing"/>
  </node>
  <node id="10295355365" lat="35.2057466" lon="-80.8408842">
    <tag k="crossing" v="traffic_signals"/>
    <tag k="crossing:markings" v="ladder:paired"/>
    <tag k="crossing:signals" v="yes"/>
    <tag k="highway" v="crossing"/>
  </node>
  <node id="10295355366" lat="35.2056595" lon="-80.8408332"/>
  <node id="10295355367" lat="35.2056532" lon="-80.8408113">
    <tag k="crossing" v="uncontrolled"/>
    <tag k="crossing:markings" v="ladder:paired"/>
    <tag k="crossing:signals" v="no"/>
    <tag k="highway" v="crossing"/>
  </node>
  <node id="10295355384" lat="35.2055516" lon="-80.8410793"/>
  <node id="10295355385" lat="35.2054264" lon="-80.8407410"/>
  <node id="10295355424" lat="35.2057243" lon="-80.8405121">
    <tag k="crossing" v="traffic_signals"/>
    <tag k="crossing:markings" v="ladder:paired"/>
    <tag k="crossing:signals" v="yes"/>
    <tag k="highway" v="crossing"/>
  </node>
  <node id="10295355426" lat="35.2058461" lon="-80.8408964">
    <tag k="crossing" v="traffic_signals"/>
    <tag k="crossing:markings" v="ladder:paired"/>
    <tag k="crossing:signals" v="yes"/>
    <tag k="highway" v="crossing"/>
  </node>
  <node id="10295355433" lat="35.2061746" lon="-80.8419309">
    <tag k="crossing" v="unmarked"/>
    <tag k="highway" v="crossing"/>
  </node>
  <node id="10295355441" lat="35.2062078" lon="-80.8420774">
    <tag k="crossing" v="unmarked"/>
    <tag k="highway" v="crossing"/>
  </node>
  <node id="10301674146" lat="35.2055454" lon="-80.8396047">
    <tag k="crossing" v="marked"/>
    <tag k="crossing:markings" v="yes"/>
    <tag k="highway" v="crossing"/>
  </node>
  <node id="10301674147" lat="35.2055236" lon="-80.8395218">
    <tag k="crossing" v="marked"/>
    <tag k="crossing:markings" v="yes"/>
    <tag k="highway" v="crossing"/>
  </node>
  <node id="10302606818" lat="35.2067216" lon="-80.8456087"/>
  <node id="10601773984" lat="35.1987383" lon="-80.8364836"/>
  <node id="10601773992" lat="35.1985761" lon="-80.8365011"/>
  <node id="10601774001" lat="35.1995452" lon="-80.8363942"/>
  <node id="10601777310" lat="35.1993497" lon="-80.8364161"/>
  <node id="10601777319" lat="35.1992062" lon="-80.8364316"/>
  <node id="10601777333" lat="35.1991382" lon="-80.8364396"/>
  <node id="10601777346" lat="35.1997956" lon="-80.8363657"/>
  <node id="10601777347" lat="35.1999895" lon="-80.8363421"/>
  <node id="10601777353" lat="35.1997388" lon="-80.8363719"/>
  <node id="10601777358" lat="35.1996394" lon="-80.8363825"/>
  <node id="10601777542" lat="35.1989568" lon="-80.8363490">
    <tag k="crossing" v="unmarked"/>
    <tag k="crossing:markings" v="no"/>
    <tag k="highway" v="crossing"/>
  </node>
  <node id="10601777566" lat="35.1942393" lon="-80.8368642"/>
  <node id="10601777583" lat="35.1945911" lon="-80.8361031"/>
  <node id="10601777585" lat="35.1941703" lon="-80.8368584"/>
  <node id="10601777594" lat="35.1939578" lon="-80.8368375"/>
  <node id="10699904499" lat="35.2058579" lon="-80.8405732"/>
  <node id="10699904500" lat="35.2058733" lon="-80.8406316"/>
  <node id="10699904502" lat="35.2058976" lon="-80.8407536"/>
  <node id="10699904520" lat="35.2056304" lon="-80.8406630"/>
  <node id="10699904521" lat="35.2057340" lon="-80.8408958"/>
  <node id="10700342664" lat="35.2055725" lon="-80.8410576"/>
  <node id="10700342668" lat="35.2054416" lon="-80.8407350"/>
  <node id="10700342689" lat="35.2055734" lon="-80.8407372"/>
  <node id="10718021489" lat="35.2028446" lon="-80.8366486"/>
  <node id="10718028458" lat="35.1996107" lon="-80.8378955"/>
  <node id="10718028459" lat="35.1995591" lon="-80.8379017"/>
  <node id="10718028460" lat="35.1995238" lon="-80.8379094"/>
  <node id="10718028461" lat="35.1994957" lon="-80.8379212"/>
  <node id="10718028462" lat="35.1994668" lon="-80.8379469"/>
  <node id="10718028463" lat="35.1994391" lon="-80.8379874"/>
  <node id="10718028464" lat="35.1994232" lon="-80.8380416"/>
  <node id="10718028465" lat="35.1994198" lon="-80.8380828"/>
  <node id="10718028466" lat="35.1994654" lon="-80.8385444">
    <tag k="crossing" v="uncontrolled"/>
    <tag k="highway" v="crossing"/>
  </node>
  <node id="10718028467" lat="35.1994684" lon="-80.8385657"/>
  <node id="10718028468" lat="35.1994810" lon="-80.8385842"/>
  <node id="10718028469" lat="35.1996276" lon="-80.8387270"/>
  <node id="10718028470" lat="35.1996870" lon="-80.8378566"/>
  <node id="10718028471" lat="35.1998636" lon="-80.8378321"/>
  <node id="10718028472" lat="35.1998661" lon="-80.8378941"/>
  <node id="10718028473" lat="35.1996859" lon="-80.8379174"/>
  <node id="10718028474" lat="35.1998568" lon="-80.8378952">
    <tag k="barrier" v="lift_gate"/>
  </node>
  <node id="10718028475" lat="35.1996970" lon="-80.8378555">
    <tag k="barrier" v="lift_gate"/>
  </node>
  <node id="10718028499" lat="35.1994555" lon="-80.8379634">
    <tag k="crossing" v="uncontrolled"/>
    <tag k="highway" v="crossing"/>
  </node>
  <node id="10718078210" lat="35.1994419" lon="-80.8383085">
    <tag k="crossing" v="uncontrolled"/>
    <tag k="highway" v="crossing"/>
  </node>
  <node id="10718078234" lat="35.1994306" lon="-80.8381927"/>
  <node id="10718078240" lat="35.1995780" lon="-80.8386786"/>
  <node id="10718078244" lat="35.1994535" lon="-80.8384251"/>
  <node id="10718078251" lat="35.1996643" lon="-80.8387303">
    <tag k="barrier" v="lift_gate"/>
  </node>
  <node id="10718078252" lat="35.1997629" lon="-80.8388352"/>
  <node id="10718078253" lat="35.1997812" lon="-80.8388758"/>
  <node id="10718078254" lat="35.1997380" lon="-80.8388718">
    <tag k="barrier" v="lift_gate"/>
  </node>
  <node id="10718078255" lat="35.1996342" lon="-80.8387681"/>
  <node id="10718078295" lat="35.2010458" lon="-80.8377222">
    <tag k="highway" v="crossing"/>
  </node>
  <node id="10718078298" lat="35.2011151" lon="-80.8397072"/>
  <node id="10869885415" lat="35.1888577" lon="-80.8530905">
    <tag k="crossing" v="traffic_signals"/>
    <tag k="highway" v="crossing"/>
  </node>
  <node id="10869885461" lat="35.1908364" lon="-80.8538059"/>
  <node id="10869885462" lat="35.1913457" lon="-80.8539469"/>
  <node id="10869885463" lat="35.1912834" lon="-80.8538557"/>
  <node id="10869885464" lat="35.1912393" lon="-80.8537649"/>
  <node id="10869885465" lat="35.1912048" lon="-80.8536422"/>
  <node id="10869885466" lat="35.1911856" lon="-80.8535639"/>
  <node id="10869885467" lat="35.1911639" lon="-80.8534586"/>
  <node id="10869885468" lat="35.1911470" lon="-80.8532896"/>
  <node id="10869885469" lat="35.1913210" lon="-80.8532078"/>
  <node id="10869885470" lat="35.1914208" lon="-80.8531623"/>
  <node id="10869885493" lat="35.1910938" lon="-80.8534006"/>
  <node id="10869885494" lat="35.1911162" lon="-80.8533498"/>
  <node id="10869885495" lat="35.1911304" lon="-80.8533106"/>
  <node id="10869885496" lat="35.1911397" lon="-80.8532826"/>
  <node id="10869885497" lat="35.1911521" lon="-80.8533474"/>
  <node id="10869885498" lat="35.1911583" lon="-80.8534079"/>
  <node id="10869885499" lat="35.1911916" lon="-80.8532496"/>
  <node id="10869885500" lat="35.1910766" lon="-80.8534325">
    <tag k="crossing" v="unmarked"/>
    <tag k="crossing:markings" v="no"/>
    <tag k="highway" v="crossing"/>
  </node>
  <node id="10869885503" lat="35.1911116" lon="-80.8533601">
    <tag k="crossing" v="traffic_signals"/>
    <tag k="highway" v="crossing"/>
  </node>
  <node id="10869885504" lat="35.1911535" lon="-80.8533606">
    <tag k="crossing" v="traffic_signals"/>
    <tag k="highway" v="crossing"/>
  </node>
  <node id="10869885507" lat="35.1912122" lon="-80.8532435">
    <tag k="crossing" v="traffic_signals"/>
    <tag k="highway" v="crossing"/>
  </node>
  <node id="10904207417" lat="35.1831638" lon="-80.8413756">
    <tag k="direction" v="forward"/>
    <tag k="highway" v="stop"/>
    <tag k="stop" v="minor"/>
  </node>
  <node id="10904207420" lat="35.1831430" lon="-80.8413664">
    <tag k="crossing" v="unmarked"/>
    <tag k="crossing:markings" v="no"/>
    <tag k="highway" v="crossing"/>
  </node>
  <node id="10904207423" lat="35.1829856" lon="-80.8412955"/>
  <node id="10904207424" lat="35.1828764" lon="-80.8412413"/>
  <node id="10904207425" lat="35.1830552" lon="-80.8413270">
    <tag k="crossing" v="unmarked"/>
    <tag k="crossing:markings" v="no"/>
    <tag k="highway" v="crossing"/>
  </node>
  <node id="10904207426" lat="35.1827811" lon="-80.8411939"/>
  <node id="10904207427" lat="35.1826848" lon="-80.8411461"/>
  <node id="10904207428" lat="35.1825926" lon="-80.8410942"/>
  <node id="10904207429" lat="35.1824890" lon="-80.8410333"/>
  <node id="10904207430" lat="35.1823867" lon="-80.8409728"/>
  <node id="10904207431" lat="35.1822847" lon="-80.8409120"/>
  <node id="10904207432" lat="35.1821824" lon="-80.8408457"/>
  <node id="10904207433" lat="35.1820905" lon="-80.8407857"/>
  <node id="10904207434" lat="35.1819923" lon="-80.8407140"/>
  <node id="10904207435" lat="35.1819057" lon="-80.8406455"/>
  <node id="10904207436" lat="35.1818163" lon="-80.8405761"/>
  <node id="10904207437" lat="35.1817354" lon="-80.8405080"/>
  <node id="10904207438" lat="35.1816737" lon="-80.8404518"/>
  <node id="10904207439" lat="35.1815969" lon="-80.8403813"/>
  <node id="10904207440" lat="35.1815063" lon="-80.8402900"/>
  <node id="10904207441" lat="35.1814373" lon="-80.8402176"/>
  <node id="10904207442" lat="35.1813736" lon="-80.8401483"/>
  <node id="10904207443" lat="35.1813152" lon="-80.8400820"/>
  <node id="10904207444" lat="35.1812540" lon="-80.8400066"/>
  <node id="10904207445" lat="35.1811902" lon="-80.8399241"/>
  <node id="10904207446" lat="35.1811591" lon="-80.8398833"/>
  <node id="10904207447" lat="35.1811181" lon="-80.8398224"/>
  <node id="10904207448" lat="35.1810631" lon="-80.8397343"/>
  <node id="10904207449" lat="35.1810367" lon="-80.8396866"/>
  <node id="10904207450" lat="35.1810023" lon="-80.8396214"/>
  <node id="10904207451" lat="35.1809622" lon="-80.8395416"/>
  <node id="10904207452" lat="35.1809241" lon="-80.8394540"/>
  <node id="10904207453" lat="35.1808907" lon="-80.8393758"/>
  <node id="10904207454" lat="35.1808663" lon="-80.8393104"/>
  <node id="10904207455" lat="35.1808470" lon="-80.8392559"/>
  <node id="10904207456" lat="35.1808251" lon="-80.8391925"/>
  <node id="10904207457" lat="35.1808010" lon="-80.8391184"/>
  <node id="10904207458" lat="35.1807801" lon="-80.8390470"/>
  <node id="10904207459" lat="35.1807642" lon="-80.8389888"/>
  <node id="10904207460" lat="35.1807420" lon="-80.8389018"/>
  <node id="10904207461" lat="35.1807222" lon="-80.8388119"/>
  <node id="10904207462" lat="35.1806836" lon="-80.8386482"/>
  <node id="10904207463" lat="35.1806631" lon="-80.8385589"/>
  <node id="10904207464" lat="35.1806581" lon="-80.8385343">
    <tag k="direction" v="forward"/>
    <tag k="highway" v="stop"/>
    <tag k="stop" v="minor"/>
  </node>
  <node id="10904207465" lat="35.1806556" lon="-80.8385188">
    <tag k="crossing" v="unmarked"/>
    <tag k="crossing:markings" v="no"/>
    <tag k="highway" v="crossing"/>
  </node>
  <node id="10904207466" lat="35.1806521" lon="-80.8384891"/>
  <node id="10904207467" lat="35.1806507" lon="-80.8384654"/>
  <node id="10904207512" lat="35.1830359" lon="-80.8413183">
    <tag k="direction" v="backward"/>
    <tag k="highway" v="stop"/>
    <tag k="stop" v="minor"/>
  </node>
  <node id="10904207519" lat="35.1809826" lon="-80.8395822"/>
  <node id="10904207524" lat="35.1808790" lon="-80.8393445"/>
  <node id="10904207540" lat="35.1808161" lon="-80.8391649"/>
  <node id="10904207546" lat="35.1807864" lon="-80.8390694"/>
  <node id="10904207553" lat="35.1807917" lon="-80.8390874"/>
  <node id="10904207570" lat="35.1809277" lon="-80.8394624"/>
  <node id="10904207572" lat="35.1810206" lon="-80.8396564"/>
  <node id="10904207584" lat="35.1812500" lon="-80.8400014"/>
  <node id="10904207596" lat="35.1815339" lon="-80.8403179"/>
  <node id="10904207612" lat="35.1814105" lon="-80.8401893"/>
  <node id="10904207629" lat="35.1811056" lon="-80.8398024"/>
  <node id="10904207637" lat="35.1816765" lon="-80.8404543"/>
  <node id="10904207639" lat="35.1817056" lon="-80.8404808"/>
  <node id="10904207649" lat="35.1818626" lon="-80.8406121"/>
  <node id="10904207650" lat="35.1818827" lon="-80.8406276"/>
  <node id="10904207663" lat="35.1822514" lon="-80.8408904"/>
  <node id="10904207671" lat="35.1820236" lon="-80.8407369"/>
  <node id="10904207681" lat="35.1821326" lon="-80.8408131"/>
  <node id="10904207687" lat="35.1823271" lon="-80.8409373"/>
  <node id="10904207701" lat="35.1826667" lon="-80.8411359"/>
  <node id="10904207709" lat="35.1827539" lon="-80.8411804"/>
  <node id="10904207711" lat="35.1826955" lon="-80.8411514"/>
  <node id="10904207718" lat="35.1826386" lon="-80.8411201"/>
  <node id="10904207726" lat="35.1824259" lon="-80.8409960"/>
  <node id="10912503660" lat="35.1973434" lon="-80.8517049">
    <tag k="crossing" v="unmarked"/>
    <tag k="crossing:markings" v="no"/>
    <tag k="highway" v="crossing"/>
  </node>
  <node id="10912503681" lat="35.1966190" lon="-80.8516330">
    <tag k="crossing" v="unmarked"/>
    <tag k="crossing:markings" v="no"/>
    <tag k="highway" v="crossing"/>
  </node>
  <node id="10912503702" lat="35.1950513" lon="-80.8515993"/>
  <node id="10912544923" lat="35.1996206" lon="-80.8520623">
    <tag k="crossing" v="unmarked"/>
    <tag k="crossing:markings" v="no"/>
    <tag k="highway" v="crossing"/>
  </node>
  <node id="10912591943" lat="35.2001207" lon="-80.8521312"/>
  <node id="10915442920" lat="35.1864774" lon="-80.8418025"/>
  <node id="10915442921" lat="35.1861980" lon="-80.8418419"/>
  <node id="10915442922" lat="35.1864416" lon="-80.8418080">
    <tag k="direction" v="forward"/>
    <tag k="highway" v="stop"/>
    <tag k="stop" v="minor"/>
  </node>
  <node id="10915442923" lat="35.1862702" lon="-80.8418327">
    <tag k="direction" v="backward"/>
    <tag k="highway" v="stop"/>
    <tag k="stop" v="minor"/>
  </node>
  <node id="10915442947" lat="35.1862877" lon="-80.8418305">
    <tag k="crossing" v="unmarked"/>
    <tag k="crossing:markings" v="no"/>
    <tag k="highway" v="crossing"/>
  </node>
  <node id="10915442949" lat="35.1864225" lon="-80.8418112">
    <tag k="crossing" v="unmarked"/>
    <tag k="crossing:markings" v="no"/>
    <tag k="highway" v="crossing"/>
  </node>
  <node id="10915442995" lat="35.1861797" lon="-80.8431146"/>
  <node id="10915442996" lat="35.1862506" lon="-80.8431065"/>
  <node id="10915442997" lat="35.1864695" lon="-80.8430563"/>
  <node id="10915442998" lat="35.1865097" lon="-80.8430447"/>
  <node id="10915442999" lat="35.1865509" lon="-80.8430286"/>
  <node id="10915443001" lat="35.1862180" lon="-80.8431115">
    <tag k="direction" v="backward"/>
    <tag k="highway" v="stop"/>
    <tag k="stop" v="minor"/>
  </node>
  <node id="10915443003" lat="35.1863657" lon="-80.8430804">
    <tag k="crossing" v="unmarked"/>
    <tag k="crossing:markings" v="no"/>
    <tag k="highway" v="crossing"/>
  </node>
  <node id="10915443005" lat="35.1863885" lon="-80.8430749">
    <tag k="direction" v="forward"/>
    <tag k="highway" v="stop"/>
    <tag k="stop" v="minor"/>
  </node>
  <node id="10915443062" lat="35.1863766" lon="-80.8401806"/>
  <node id="10915443063" lat="35.1865619" lon="-80.8401426"/>
  <node id="10915443066" lat="35.1863728" lon="-80.8403605"/>
  <node id="10915443067" lat="35.1868748" lon="-80.8402483"/>
  <node id="10915443068" lat="35.1867779" lon="-80.8402737"/>
  <node id="10915443487" lat="35.1927210" lon="-80.8367017"/>
  <node id="10915443515" lat="35.1882424" lon="-80.8394803"/>
  <node id="10915443516" lat="35.1884885" lon="-80.8393462"/>
  <node id="10915443517" lat="35.1883876" lon="-80.8394023"/>
  <node id="10915443521" lat="35.1883556" lon="-80.8396100"/>
  <node id="10915443522" lat="35.1884591" lon="-80.8395548"/>
  <node id="10915443577" lat="35.1900252" lon="-80.8384058"/>
  <node id="10915443578" lat="35.1899735" lon="-80.8383444">
    <tag k="direction" v="backward"/>
    <tag k="highway" v="stop"/>
    <tag k="stop" v="minor"/>
  </node>
  <node id="10915443579" lat="35.1901002" lon="-80.8385281"/>
  <node id="10915443580" lat="35.1900743" lon="-80.8384789"/>
  <node id="10915443581" lat="35.1900053" lon="-80.8383826"/>
  <node id="10915443582" lat="35.1899936" lon="-80.8383684">
    <tag k="crossing" v="unmarked"/>
    <tag k="crossing:markings" v="no"/>
    <tag k="highway" v="crossing"/>
  </node>
  <node id="10915443583" lat="35.1898073" lon="-80.8381517"/>
  <node id="10915443612" lat="35.1894440" lon="-80.8376053">
    <tag k="crossing" v="unmarked"/>
    <tag k="crossing:markings" v="no"/>
    <tag k="highway" v="crossing"/>
  </node>
  <node id="10915443613" lat="35.1903412" lon="-80.8365494"/>
  <node id="10915443614" lat="35.1905151" lon="-80.8363386"/>
  <node id="10915443615" lat="35.1915302" lon="-80.8352650"/>
  <node id="10915443616" lat="35.1916010" lon="-80.8352078">
    <tag k="direction" v="backward"/>
    <tag k="highway" v="stop"/>
    <tag k="stop" v="minor"/>
  </node>
  <node id="10915443617" lat="35.1915782" lon="-80.8352262">
    <tag k="crossing" v="unmarked"/>
    <tag k="crossing:markings" v="no"/>
    <tag k="highway" v="crossing"/>
  </node>
  <node id="10915443689" lat="35.1902359" lon="-80.8388479"/>
  <node id="10915443692" lat="35.1901525" lon="-80.8386476">
    <tag k="crossing" v="unmarked"/>
    <tag k="crossing:markings" v="no"/>
    <tag k="highway" v="crossing"/>
  </node>
  <node id="10915443693" lat="35.1899284" lon="-80.8385096"/>
  <node id="10915443694" lat="35.1900087" lon="-80.8384589"/>
  <node id="10915443695" lat="35.1901364" lon="-80.8383795"/>
  <node id="10915443696" lat="35.1904196" lon="-80.8382007"/>
  <node id="10915443697" lat="35.1906929" lon="-80.8380249"/>
  <node id="10915443698" lat="35.1909226" lon="-80.8378739"/>
  <node id="10915443699" lat="35.1914081" lon="-80.8375464"/>
  <node id="10915443700" lat="35.1916051" lon="-80.8374122"/>
  <node id="10915443701" lat="35.1917990" lon="-80.8372777"/>
  <node id="10915443702" lat="35.1919855" lon="-80.8371667"/>
  <node id="10915443703" lat="35.1918897" lon="-80.8372200"/>
  <node id="10915443704" lat="35.1922512" lon="-80.8370542"/>
  <node id="10915443705" lat="35.1924374" lon="-80.8369417"/>
  <node id="10915443706" lat="35.1926072" lon="-80.8368363"/>
  <node id="10915443707" lat="35.1926467" lon="-80.8368152"/>
  <node id="10915443709" lat="35.1927305" lon="-80.8367822"/>
  <node id="10915443710" lat="35.1928134" lon="-80.8367604"/>
  <node id="10915443711" lat="35.1928543" lon="-80.8367519"/>
  <node id="10915443712" lat="35.1932529" lon="-80.8367608"/>
  <node id="10915443713" lat="35.1931612" lon="-80.8367490"/>
  <node id="10915443714" lat="35.1930345" lon="-80.8367398"/>
  <node id="10915443715" lat="35.1929209" lon="-80.8368984"/>
  <node id="10915443716" lat="35.1929982" lon="-80.8368717"/>
  <node id="10915443717" lat="35.1929995" lon="-80.8368330"/>
  <node id="10915443718" lat="35.1929951" lon="-80.8368017"/>
  <node id="10915443719" lat="35.1929824" lon="-80.8367737"/>
  <node id="10915443720" lat="35.1929681" lon="-80.8367566"/>
  <node id="10915443721" lat="35.1927631" lon="-80.8366212"/>
  <node id="10915443722" lat="35.1926332" lon="-80.8365288"/>
  <node id="10915443724" lat="35.1926522" lon="-80.8365425">
    <tag k="crossing" v="unmarked"/>
    <tag k="crossing:markings" v="no"/>
    <tag k="highway" v="crossing"/>
  </node>
  <node id="10915443725" lat="35.1925508" lon="-80.8364625"/>
  <node id="10915443726" lat="35.1924150" lon="-80.8363318"/>
  <node id="10915443727" lat="35.1921948" lon="-80.8360973"/>
  <node id="10915443728" lat="35.1920776" lon="-80.8359382"/>
  <node id="10915443729" lat="35.1919786" lon="-80.8357919"/>
  <node id="10915443730" lat="35.1918792" lon="-80.8356260"/>
  <node id="10915443731" lat="35.1917442" lon="-80.8353715"/>
  <node id="10915443732" lat="35.1914827" lon="-80.8348815"/>
  <node id="10915443733" lat="35.1910524" lon="-80.8340730"/>
  <node id="10915443734" lat="35.1904807" lon="-80.8329904"/>
  <node id="10915443735" lat="35.1899691" lon="-80.8319013"/>
  <node id="10915443736" lat="35.1897030" lon="-80.8313131"/>
  <node id="10915443737" lat="35.1896067" lon="-80.8311131"/>
  <node id="10915443738" lat="35.1927002" lon="-80.8367857"/>
  <node id="10915443739" lat="35.1927084" lon="-80.8367703"/>
  <node id="10915443740" lat="35.1927156" lon="-80.8367429"/>
  <node id="10915443741" lat="35.1927207" lon="-80.8366682"/>
  <node id="10915443742" lat="35.1927156" lon="-80.8366378"/>
  <node id="10915443743" lat="35.1927062" lon="-80.8366039"/>
  <node id="10915443744" lat="35.1926968" lon="-80.8365839"/>
  <node id="10915443745" lat="35.1937599" lon="-80.8369892"/>
  <node id="10915443746" lat="35.1934802" lon="-80.8369604"/>
  <node id="10915443747" lat="35.1932463" lon="-80.8369328"/>
  <node id="10915443748" lat="35.1928470" lon="-80.8368959"/>
  <node id="10915443749" lat="35.1926895" lon="-80.8369147"/>
  <node id="10915443750" lat="35.1924892" lon="-80.8370030"/>
  <node id="10915443751" lat="35.1925364" lon="-80.8369742"/>
  <node id="10915443752" lat="35.1925968" lon="-80.8369423"/>
  <node id="10915443753" lat="35.1922910" lon="-80.8371399"/>
  <node id="10915443754" lat="35.1920910" lon="-80.8372776"/>
  <node id="10915443755" lat="35.1918127" lon="-80.8374679"/>
  <node id="10915443756" lat="35.1915678" lon="-80.8376365"/>
  <node id="10915443757" lat="35.1913750" lon="-80.8377695"/>
  <node id="10915443758" lat="35.1912311" lon="-80.8378679"/>
  <node id="10915443759" lat="35.1907309" lon="-80.8381994"/>
  <node id="10915443760" lat="35.1902284" lon="-80.8385181"/>
  <node id="10915443761" lat="35.1899373" lon="-80.8387006"/>
  <node id="10915443762" lat="35.1897582" lon="-80.8388090"/>
  <node id="10915443763" lat="35.1895444" lon="-80.8389346"/>
  <node id="10915443764" lat="35.1893243" lon="-80.8390622"/>
  <node id="10915443765" lat="35.1890907" lon="-80.8391984"/>
  <node id="10915443766" lat="35.1880384" lon="-80.8397808"/>
  <node id="10915443767" lat="35.1877395" lon="-80.8399306"/>
  <node id="10915443768" lat="35.1874757" lon="-80.8400459"/>
  <node id="10915443769" lat="35.1872019" lon="-80.8401489"/>
  <node id="10915443770" lat="35.1868605" lon="-80.8400721"/>
  <node id="10915443771" lat="35.1867742" lon="-80.8400955"/>
  <node id="10915443772" lat="35.1870782" lon="-80.8400071"/>
  <node id="10915443773" lat="35.1872950" lon="-80.8399342"/>
  <node id="10915443774" lat="35.1875000" lon="-80.8398535"/>
  <node id="10915443775" lat="35.1876242" lon="-80.8397968"/>
  <node id="10915443776" lat="35.1878382" lon="-80.8396920"/>
  <node id="10915443777" lat="35.1881005" lon="-80.8395560"/>
  <node id="10915443778" lat="35.1888224" lon="-80.8391597"/>
  <node id="10915443779" lat="35.1890731" lon="-80.8390179"/>
  <node id="10915443782" lat="35.1900698" lon="-80.8386166">
    <tag k="crossing" v="unmarked"/>
    <tag k="crossing:markings" v="no"/>
    <tag k="highway" v="crossing"/>
  </node>
  <node id="10915443783" lat="35.1899786" lon="-80.8384779">
    <tag k="crossing" v="unmarked"/>
    <tag k="crossing:markings" v="no"/>
    <tag k="highway" v="crossing"/>
  </node>
  <node id="10915443785" lat="35.1901213" lon="-80.8383889">
    <tag k="crossing" v="unmarked"/>
    <tag k="crossing:markings" v="no"/>
    <tag k="highway" v="crossing"/>
  </node>
  <node id="10915443788" lat="35.1902089" lon="-80.8385301">
    <tag k="crossing" v="unmarked"/>
    <tag k="crossing:markings" v="no"/>
    <tag k="highway" v="crossing"/>
  </node>
  <node id="10915443790" lat="35.1901677" lon="-80.8386841">
    <tag k="direction" v="forward"/>
    <tag k="highway" v="stop"/>
    <tag k="stop" v="minor"/>
  </node>
  <node id="10916269286" lat="35.1830272" lon="-80.8425734"/>
  <node id="10916269292" lat="35.1831115" lon="-80.8426048"/>
  <node id="10916269298" lat="35.1830727" lon="-80.8425904"/>
  <node id="10916269300" lat="35.1830394" lon="-80.8425779"/>
  <node id="10916269302" lat="35.1833111" lon="-80.8426797"/>
  <node id="10916279209" lat="35.1833523" lon="-80.8426918"/>
  <node id="10916279216" lat="35.1835121" lon="-80.8427426"/>
  <node id="10916279217" lat="35.1838166" lon="-80.8428305"/>
  <node id="10916279218" lat="35.1857175" lon="-80.8430932"/>
  <node id="10916279220" lat="35.1860498" lon="-80.8431095"/>
  <node id="10916279222" lat="35.1859618" lon="-80.8431051"/>
  <node id="10916279226" lat="35.1857504" lon="-80.8430948"/>
  <node id="10916279228" lat="35.1853753" lon="-80.8430711"/>
  <node id="10916279236" lat="35.1851559" lon="-80.8430525"/>
  <node id="10916279243" lat="35.1849216" lon="-80.8430309"/>
  <node id="10916279251" lat="35.1850893" lon="-80.8430469"/>
  <node id="10916279263" lat="35.1850995" lon="-80.8430478"/>
  <node id="10916279265" lat="35.1848731" lon="-80.8430251"/>
  <node id="10916279271" lat="35.1848251" lon="-80.8430193"/>
  <node id="10916279273" lat="35.1843881" lon="-80.8429575"/>
  <node id="10916279281" lat="35.1841548" lon="-80.8429122"/>
  <node id="10916279288" lat="35.1843105" lon="-80.8429440"/>
  <node id="10916279297" lat="35.1845072" lon="-80.8429757"/>
  <node id="10916279299" lat="35.1839279" lon="-80.8428575"/>
  <node id="10916279305" lat="35.1837139" lon="-80.8428043"/>
  <node id="10916279307" lat="35.1834943" lon="-80.8427368"/>
  <node id="10916279309" lat="35.1837069" lon="-80.8428022"/>
  <node id="10916279322" lat="35.1853301" lon="-80.8430673"/>
  <node id="10916279324" lat="35.1855080" lon="-80.8430804"/>
  <node id="10916279330" lat="35.1856041" lon="-80.8430863"/>
  <node id="10916279332" lat="35.1858363" lon="-80.8430990"/>
  <node id="10916279557" lat="35.1833902" lon="-80.8414660"/>
  <node id="10916279558" lat="35.1835099" lon="-80.8415095"/>
  <node id="10916279559" lat="35.1837477" lon="-80.8415917"/>
  <node id="10916279560" lat="35.1838579" lon="-80.8416285"/>
  <node id="10916279561" lat="35.1841399" lon="-80.8417052"/>
  <node id="10916279562" lat="35.1847020" lon="-80.8418145"/>
  <node id="10916279563" lat="35.1850026" lon="-80.8418522"/>
  <node id="10916279564" lat="35.1853120" lon="-80.8418735"/>
  <node id="10916279565" lat="35.1858844" lon="-80.8418705"/>
  <node id="10916279570" lat="35.1835965" lon="-80.8415400"/>
  <node id="10916279584" lat="35.1838041" lon="-80.8416106"/>
  <node id="10916279586" lat="35.1838977" lon="-80.8416400"/>
  <node id="10916279588" lat="35.1840354" lon="-80.8416780"/>
  <node id="10916279596" lat="35.1844099" lon="-80.8417628"/>
  <node id="10916279604" lat="35.1846299" lon="-80.8418036"/>
  <node id="10916279607" lat="35.1846683" lon="-80.8418094"/>
  <node id="10916279610" lat="35.1846924" lon="-80.8418131"/>
  <node id="10916279612" lat="35.1844406" lon="-80.8417688"/>
  <node id="10916279619" lat="35.1851146" lon="-80.8418612"/>
  <node id="10916279621" lat="35.1850990" lon="-80.8418600"/>
  <node id="10916279629" lat="35.1853865" lon="-80.8418754"/>
  <node id="10916279631" lat="35.1853510" lon="-80.8418747"/>
  <node id="10916279633" lat="35.1855929" lon="-80.8418770"/>
  <node id="10916279650" lat="35.1855560" lon="-80.8418769"/>
  <node id="10916279657" lat="35.1856775" lon="-80.8418771"/>
  <node id="10916279659" lat="35.1858320" lon="-80.8418724"/>
  <node id="10916279663" lat="35.1860423" lon="-80.8418593"/>
  <node id="10916279709" lat="35.1842083" lon="-80.8417205"/>
  <node id="10916595579" lat="35.1906348" lon="-80.8297044"/>
  <node id="10916595580" lat="35.1906852" lon="-80.8297491"/>
  <node id="10916595593" lat="35.1907024" lon="-80.8297656">
    <tag k="crossing" v="unmarked"/>
    <tag k="crossing:markings" v="no"/>
    <tag k="highway" v="crossing"/>
  </node>
  <node id="10916595594" lat="35.1907279" lon="-80.8297901">
    <tag k="direction" v="forward"/>
    <tag k="highway" v="stop"/>
    <tag k="stop" v="minor"/>
  </node>
  <node id="10916995120" lat="35.1912045" lon="-80.8411669"/>
  <node id="10916995121" lat="35.1911175" lon="-80.8409538"/>
  <node id="10916995122" lat="35.1912413" lon="-80.8410057"/>
  <node id="10916995123" lat="35.1908432" lon="-80.8402985"/>
  <node id="10916995124" lat="35.1906217" lon="-80.8397611"/>
  <node id="10916995125" lat="35.1907609" lon="-80.8398124">
    <tag k="direction" v="forward"/>
    <tag k="highway" v="stop"/>
    <tag k="stop" v="minor"/>
  </node>
  <node id="10916995126" lat="35.1910490" lon="-80.8396337"/>
  <node id="10916995127" lat="35.1915475" lon="-80.8393096"/>
  <node id="10916995128" lat="35.1918899" lon="-80.8390775"/>
  <node id="10916995129" lat="35.1925271" lon="-80.8386521"/>
  <node id="10916995130" lat="35.1926371" lon="-80.8385938"/>
  <node id="10916995131" lat="35.1927874" lon="-80.8385256"/>
  <node id="10916995132" lat="35.1928650" lon="-80.8384986"/>
  <node id="10916995133" lat="35.1929854" lon="-80.8384671"/>
  <node id="10916995134" lat="35.1931105" lon="-80.8384434"/>
  <node id="10916995135" lat="35.1933262" lon="-80.8384190"/>
  <node id="10916995136" lat="35.1933953" lon="-80.8384159"/>
  <node id="10916995137" lat="35.1935572" lon="-80.8384207"/>
  <node id="10916995138" lat="35.1936456" lon="-80.8384309"/>
  <node id="10916995139" lat="35.1938169" lon="-80.8384520"/>
  <node id="10916995140" lat="35.1940620" lon="-80.8384934"/>
  <node id="10916995141" lat="35.1913851" lon="-80.8409152"/>
  <node id="10916995142" lat="35.1916857" lon="-80.8407209"/>
  <node id="10916995143" lat="35.1919687" lon="-80.8405375"/>
  <node id="10916995144" lat="35.1921287" lon="-80.8404325"/>
  <node id="10916995145" lat="35.1924485" lon="-80.8402135"/>
  <node id="10916995146" lat="35.1926807" lon="-80.8400522"/>
  <node id="10916995147" lat="35.1931352" lon="-80.8397332"/>
  <node id="10916995148" lat="35.1933302" lon="-80.8395877"/>
  <node id="10916995149" lat="35.1934490" lon="-80.8395043"/>
  <node id="10916995150" lat="35.1935631" lon="-80.8394135"/>
  <node id="10916995151" lat="35.1936349" lon="-80.8393448"/>
  <node id="10916995152" lat="35.1937157" lon="-80.8392591"/>
  <node id="10916995153" lat="35.1938069" lon="-80.8391458"/>
  <node id="10916995154" lat="35.1939105" lon="-80.8389996"/>
  <node id="10916995155" lat="35.1939417" lon="-80.8389466"/>
  <node id="10916995156" lat="35.1940280" lon="-80.8387882"/>
  <node id="10916995157" lat="35.1940716" lon="-80.8386885"/>
  <node id="10916995158" lat="35.1940993" lon="-80.8385925"/>
  <node id="10916995159" lat="35.1941057" lon="-80.8385468">
    <tag k="direction" v="backward"/>
    <tag k="highway" v="stop"/>
    <tag k="stop" v="minor"/>
  </node>
  <node id="10916995160" lat="35.1944219" lon="-80.8385731"/>
  <node id="10916995161" lat="35.1942453" lon="-80.8385296"/>
  <node id="10916995162" lat="35.1941769" lon="-80.8385158"/>
  <node id="10916995165" lat="35.1941007" lon="-80.8385830">
    <tag k="crossing" v="unmarked"/>
    <tag k="crossing:markings" v="no"/>
    <tag k="highway" v="crossing"/>
  </node>
  <node id="10916995177" lat="35.1944807" lon="-80.8385889"/>
  <node id="10916995178" lat="35.1947076" lon="-80.8386518"/>
  <node id="10916995179" lat="35.1947899" lon="-80.8386615"/>
  <node id="10916995180" lat="35.1950425" lon="-80.8385776"/>
  <node id="10916995181" lat="35.1951086" lon="-80.8385252"/>
  <node id="10916995182" lat="35.1951761" lon="-80.8384393"/>
  <node id="10916995183" lat="35.1949619" lon="-80.8386238"/>
  <node id="10916995184" lat="35.1948204" lon="-80.8386602"/>
  <node id="10916995219" lat="35.1911326" lon="-80.8409901">
    <tag k="crossing" v="unmarked"/>
    <tag k="crossing:markings" v="no"/>
    <tag k="highway" v="crossing"/>
  </node>
  <node id="10916995220" lat="35.1912165" lon="-80.8410204">
    <tag k="crossing" v="unmarked"/>
    <tag k="crossing:markings" v="no"/>
    <tag k="highway" v="crossing"/>
  </node>
  <node id="10916995221" lat="35.1911072" lon="-80.8410840">
    <tag k="crossing" v="unmarked"/>
    <tag k="crossing:markings" v="no"/>
    <tag k="highway" v="crossing"/>
  </node>
  <node id="10916995222" lat="35.1911850" lon="-80.8411186">
    <tag k="crossing" v="unmarked"/>
    <tag k="crossing:markings" v="no"/>
    <tag k="highway" v="crossing"/>
  </node>
  <node id="10916995223" lat="35.1906533" lon="-80.8413611"/>
  <node id="10916995224" lat="35.1903086" lon="-80.8415679"/>
  <node id="10916995225" lat="35.1893864" lon="-80.8420871"/>
  <node id="10916995226" lat="35.1887375" lon="-80.8424245"/>
  <node id="10916995227" lat="35.1884861" lon="-80.8425137"/>
  <node id="10916995228" lat="35.1882187" lon="-80.8425668"/>
  <node id="10916995229" lat="35.1879347" lon="-80.8425869"/>
  <node id="10916995230" lat="35.1876966" lon="-80.8426111"/>
  <node id="10916995231" lat="35.1878696" lon="-80.8425900"/>
  <node id="10916995232" lat="35.1876130" lon="-80.8426271"/>
  <node id="10916995233" lat="35.1872543" lon="-80.8427196"/>
  <node id="10916995234" lat="35.1870366" lon="-80.8427924"/>
  <node id="10916995235" lat="35.1870940" lon="-80.8427696"/>
  <node id="10916995236" lat="35.1869955" lon="-80.8417006"/>
  <node id="10916995237" lat="35.1872619" lon="-80.8416288"/>
  <node id="10916995238" lat="35.1875879" lon="-80.8415241"/>
  <node id="10916995239" lat="35.1877463" lon="-80.8414671"/>
  <node id="10916995240" lat="35.1879947" lon="-80.8413639"/>
  <node id="10916995241" lat="35.1883396" lon="-80.8412037"/>
  <node id="10916995242" lat="35.1884459" lon="-80.8411478"/>
  <node id="10916995243" lat="35.1885324" lon="-80.8411035"/>
  <node id="10916995244" lat="35.1889404" lon="-80.8408797"/>
  <node id="10916995245" lat="35.1895418" lon="-80.8405472"/>
  <node id="10916995246" lat="35.1901185" lon="-80.8402086"/>
  <node id="10916995247" lat="35.1903916" lon="-80.8400445"/>
  <node id="10916995248" lat="35.1905623" lon="-80.8399373">
    <tag k="direction" v="backward"/>
    <tag k="highway" v="stop"/>
    <tag k="stop" v="minor"/>
  </node>
  <node id="10916995249" lat="35.1907144" lon="-80.8398415">
    <tag k="crossing" v="unmarked"/>
    <tag k="crossing:markings" v="no"/>
    <tag k="highway" v="crossing"/>
  </node>
  <node id="10916995250" lat="35.1906965" lon="-80.8399463">
    <tag k="crossing" v="unmarked"/>
    <tag k="crossing:markings" v="no"/>
    <tag k="highway" v="crossing"/>
  </node>
  <node id="10916995253" lat="35.1951500" lon="-80.8371609"/>
  <node id="10916995254" lat="35.1950827" lon="-80.8370638"/>
  <node id="10916995255" lat="35.1950525" lon="-80.8370095"/>
  <node id="10916995257" lat="35.1955917" lon="-80.8368366"/>
  <node id="10916995258" lat="35.1962896" lon="-80.8367518"/>
  <node id="10916995259" lat="35.1973811" lon="-80.8366354"/>
  <node id="10916995260" lat="35.1976903" lon="-80.8366009"/>
  <node id="10916995261" lat="35.1982627" lon="-80.8365374"/>
  <node id="10916995262" lat="35.1949802" lon="-80.8361408"/>
  <node id="10916995263" lat="35.1950184" lon="-80.8359199"/>
  <node id="10916995264" lat="35.1950449" lon="-80.8357764"/>
  <node id="10916995265" lat="35.1950739" lon="-80.8356379"/>
  <node id="10916995266" lat="35.1951211" lon="-80.8354231"/>
  <node id="10916995267" lat="35.1951509" lon="-80.8353010"/>
  <node id="10916995268" lat="35.1952587" lon="-80.8348909"/>
  <node id="10916995269" lat="35.1953058" lon="-80.8347251"/>
  <node id="10916995357" lat="35.1943689" lon="-80.8370427"/>
  <node id="10916995358" lat="35.1943246" lon="-80.8370439"/>
  <node id="10916995359" lat="35.1944822" lon="-80.8370306"/>
  <node id="10916995360" lat="35.1945645" lon="-80.8370170"/>
  <node id="10916995361" lat="35.1946456" lon="-80.8370006"/>
  <node id="10916995362" lat="35.1947147" lon="-80.8369848"/>
  <node id="10916995363" lat="35.1947754" lon="-80.8369723"/>
  <node id="10916995364" lat="35.1948071" lon="-80.8369625"/>
  <node id="10916995365" lat="35.1946540" lon="-80.8368650"/>
  <node id="10916995366" lat="35.1943301" lon="-80.8368717"/>
  <node id="10916995367" lat="35.1944129" lon="-80.8368745"/>
  <node id="10916995451" lat="35.1949581" lon="-80.8366351"/>
  <node id="10916995452" lat="35.1949499" lon="-80.8365615"/>
  <node id="10916995453" lat="35.1949449" lon="-80.8364256"/>
  <node id="10916995454" lat="35.1948954" lon="-80.8357909"/>
  <node id="10916995455" lat="35.1949260" lon="-80.8356435"/>
  <node id="10916995456" lat="35.1949699" lon="-80.8354437"/>
  <node id="10916995457" lat="35.1950553" lon="-80.8350969"/>
  <node id="10916995491" lat="35.1946352" lon="-80.8361738"/>
  <node id="10916995492" lat="35.1947023" lon="-80.8362514">
    <tag k="direction" v="backward"/>
    <tag k="highway" v="stop"/>
    <tag k="stop" v="minor"/>
  </node>
  <node id="10916995493" lat="35.1947278" lon="-80.8362614">
    <tag k="crossing" v="unmarked"/>
    <tag k="crossing:markings" v="no"/>
    <tag k="highway" v="crossing"/>
  </node>
  <node id="10916995494" lat="35.1948721" lon="-80.8362962"/>
  <node id="10916995495" lat="35.1949457" lon="-80.8363718"/>
  <node id="10916995496" lat="35.1946747" lon="-80.8362289"/>
  <node id="10916995601" lat="35.1944248" lon="-80.8358140"/>
  <node id="10916995602" lat="35.1943806" lon="-80.8357395"/>
  <node id="10916995603" lat="35.1941344" lon="-80.8353968"/>
  <node id="10916995604" lat="35.1939443" lon="-80.8351426"/>
  <node id="10916995605" lat="35.1935546" lon="-80.8346374"/>
  <node id="10916995606" lat="35.1934305" lon="-80.8345084"/>
  <node id="10916995607" lat="35.1933548" lon="-80.8344359"/>
  <node id="10916995608" lat="35.1933902" lon="-80.8344686"/>
  <node id="10916995609" lat="35.1931805" lon="-80.8342834"/>
  <node id="10916995610" lat="35.1930837" lon="-80.8341925"/>
  <node id="10916995611" lat="35.1929718" lon="-80.8340652"/>
  <node id="10916995612" lat="35.1929435" lon="-80.8340286"/>
  <node id="10916995613" lat="35.1928820" lon="-80.8339412"/>
  <node id="10916995614" lat="35.1927970" lon="-80.8337999"/>
  <node id="10916995615" lat="35.1927285" lon="-80.8336723"/>
  <node id="10916995616" lat="35.1926039" lon="-80.8333977"/>
  <node id="10916995617" lat="35.1926447" lon="-80.8334910"/>
  <node id="10916995618" lat="35.1924731" lon="-80.8330656"/>
  <node id="10916995619" lat="35.1923972" lon="-80.8328604"/>
  <node id="10916995620" lat="35.1922153" lon="-80.8323787"/>
  <node id="10916995621" lat="35.1950042" lon="-80.8368718"/>
  <node id="10916995624" lat="35.1949783" lon="-80.8371487"/>
  <node id="10916995625" lat="35.1949284" lon="-80.8370494"/>
  <node id="10916995629" lat="35.1948396" lon="-80.8369456"/>
  <node id="10916995630" lat="35.1948566" lon="-80.8369324"/>
  <node id="10916995631" lat="35.1948652" lon="-80.8369217"/>
  <node id="10916995632" lat="35.1948234" lon="-80.8368692"/>
  <node id="10916995633" lat="35.1947935" lon="-80.8368643"/>
  <node id="10916995634" lat="35.1948480" lon="-80.8368811"/>
  <node id="10916995635" lat="35.1948655" lon="-80.8368952"/>
  <node id="10916995636" lat="35.1948568" lon="-80.8368868"/>
  <node id="10916995637" lat="35.1948360" lon="-80.8368742"/>
  <node id="10916995639" lat="35.1945430" lon="-80.8368712"/>
  <node id="10916995640" lat="35.1945938" lon="-80.8368612"/>
  <node id="10916995641" lat="35.1946101" lon="-80.8368488"/>
  <node id="10916995642" lat="35.1946289" lon="-80.8368289"/>
  <node id="10916995643" lat="35.1946506" lon="-80.8367988"/>
  <node id="10916995644" lat="35.1946831" lon="-80.8367444"/>
  <node id="10916995645" lat="35.1947099" lon="-80.8366984"/>
  <node id="10916995646" lat="35.1947247" lon="-80.8366671"/>
  <node id="10916995647" lat="35.1947376" lon="-80.8366363">
    <tag k="direction" v="forward"/>
    <tag k="highway" v="give_way"/>
  </node>
  <node id="10916995648" lat="35.1947524" lon="-80.8365889"/>
  <node id="10916995649" lat="35.1947606" lon="-80.8365458"/>
  <node id="10916995650" lat="35.1947659" lon="-80.8365092"/>
  <node id="10916995651" lat="35.1947722" lon="-80.8364799"/>
  <node id="10916995652" lat="35.1947785" lon="-80.8364615"/>
  <node id="10916995653" lat="35.1947854" lon="-80.8364449"/>
  <node id="10916995654" lat="35.1947952" lon="-80.8364318"/>
  <node id="10916995655" lat="35.1948086" lon="-80.8364210"/>
  <node id="10916995656" lat="35.1950925" lon="-80.8373365"/>
  <node id="10916995657" lat="35.1950559" lon="-80.8373106"/>
  <node id="10916995658" lat="35.1950013" lon="-80.8372754"/>
  <node id="10916995659" lat="35.1949320" lon="-80.8372345"/>
  <node id="10916995660" lat="35.1948789" lon="-80.8372070"/>
  <node id="10916995661" lat="35.1948446" lon="-80.8371926"/>
  <node id="10916995662" lat="35.1947750" lon="-80.8371624"/>
  <node id="10916995663" lat="35.1947038" lon="-80.8371292">
    <tag k="direction" v="forward"/>
    <tag k="highway" v="stop"/>
    <tag k="stop" v="minor"/>
  </node>
  <node id="10916995664" lat="35.1946487" lon="-80.8371025"/>
  <node id="10916995665" lat="35.1945942" lon="-80.8370779"/>
  <node id="10916995666" lat="35.1945606" lon="-80.8370642"/>
  <node id="10916995667" lat="35.1945281" lon="-80.8370549"/>
  <node id="10916995668" lat="35.1944955" lon="-80.8370496"/>
  <node id="10916995669" lat="35.1943866" lon="-80.8370414"/>
  <node id="10916995670" lat="35.1944456" lon="-80.8370450"/>
  <node id="10916995674" lat="35.1951078" lon="-80.8368892">
    <tag k="crossing" v="traffic_signals"/>
    <tag k="crossing:markings" v="ladder:paired"/>
    <tag k="crossing:signals" v="yes"/>
    <tag k="highway" v="crossing"/>
  </node>
  <node id="10916995675" lat="35.1950647" lon="-80.8370314">
    <tag k="crossing" v="traffic_signals"/>
    <tag k="crossing:markings" v="ladder:paired"/>
    <tag k="crossing:signals" v="yes"/>
    <tag k="highway" v="crossing"/>
  </node>
  <node id="10916995678" lat="35.1949751" lon="-80.8367425">
    <tag k="crossing" v="traffic_signals"/>
    <tag k="crossing:markings" v="ladder:paired"/>
    <tag k="crossing:signals" v="yes"/>
    <tag k="highway" v="crossing"/>
  </node>
  <node id="10916995681" lat="35.1948391" lon="-80.8367676">
    <tag k="crossing" v="traffic_signals"/>
    <tag k="crossing:markings" v="ladder:paired"/>
    <tag k="crossing:signals" v="yes"/>
    <tag k="highway" v="crossing"/>
  </node>
  <node id="10916995684" lat="35.1948025" lon="-80.8368657">
    <tag k="crossing" v="traffic_signals"/>
    <tag k="crossing:markings" v="ladder:paired"/>
    <tag k="crossing:signals" v="yes"/>
    <tag k="highway" v="crossing"/>
  </node>
  <node id="10916995685" lat="35.1948222" lon="-80.8369546">
    <tag k="crossing" v="traffic_signals"/>
    <tag k="crossing:markings" v="ladder:paired"/>
    <tag k="crossing:signals" v="yes"/>
    <tag k="highway" v="crossing"/>
  </node>
  <node id="10916995688" lat="35.1949369" lon="-80.8370680">
    <tag k="crossing" v="traffic_signals"/>
    <tag k="crossing:markings" v="ladder:paired"/>
    <tag k="crossing:signals" v="yes"/>
    <tag k="highway" v="crossing"/>
  </node>
  <node id="10916995691" lat="35.1948262" lon="-80.8371846">
    <tag k="crossing" v="uncontrolled"/>
    <tag k="crossing:markings" v="ladder:paired"/>
    <tag k="crossing:signals" v="no"/>
    <tag k="highway" v="crossing"/>
  </node>
  <node id="10916995697" lat="35.1946609" lon="-80.8367816">
    <tag k="crossing" v="uncontrolled"/>
    <tag k="crossing:markings" v="ladder:paired"/>
    <tag k="crossing:signals" v="no"/>
    <tag k="highway" v="crossing"/>
  </node>
  <node id="10917012642" lat="35.1921557" lon="-80.8322554"/>
  <node id="10917012643" lat="35.1918975" lon="-80.8317939"/>
  <node id="10917012644" lat="35.1918281" lon="-80.8316624"/>
  <node id="10917012645" lat="35.1916688" lon="-80.8313035"/>
  <node id="10917012646" lat="35.1915292" lon="-80.8309321"/>
  <node id="10917012647" lat="35.1914416" lon="-80.8307321"/>
  <node id="10917012648" lat="35.1913566" lon="-80.8305640"/>
  <node id="10917012649" lat="35.1913121" lon="-80.8304862"/>
  <node id="10917012650" lat="35.1912285" lon="-80.8303551"/>
  <node id="10917012651" lat="35.1911780" lon="-80.8302832"/>
  <node id="10917012652" lat="35.1910704" lon="-80.8301448"/>
  <node id="10917012653" lat="35.1909693" lon="-80.8300309"/>
  <node id="10917021642" lat="35.1963164" lon="-80.8332274"/>
  <node id="10917021643" lat="35.1964177" lon="-80.8330839"/>
  <node id="10917021644" lat="35.1965237" lon="-80.8329039"/>
  <node id="10917021645" lat="35.1965826" lon="-80.8327990"/>
  <node id="10917021646" lat="35.1960483" lon="-80.8335297"/>
  <node id="10917021647" lat="35.1956198" lon="-80.8339506"/>
  <node id="10917021648" lat="35.1956683" lon="-80.8338973"/>
  <node id="10917021649" lat="35.1955254" lon="-80.8341095"/>
  <node id="10917021650" lat="35.1955507" lon="-80.8340579"/>
  <node id="10917021651" lat="35.1954504" lon="-80.8342893"/>
  <node id="10917021652" lat="35.1952442" lon="-80.8344332"/>
  <node id="10917021653" lat="35.1953268" lon="-80.8342023"/>
  <node id="10917021654" lat="35.1953875" lon="-80.8340522"/>
  <node id="10917021655" lat="35.1954554" lon="-80.8339206"/>
  <node id="10917021656" lat="35.1954871" lon="-80.8338619"/>
  <node id="10917021657" lat="35.1955500" lon="-80.8337724"/>
  <node id="10917021658" lat="35.1955790" lon="-80.8337413"/>
  <node id="10917021659" lat="35.1957484" lon="-80.8335989"/>
  <node id="10917021660" lat="35.1958569" lon="-80.8335000"/>
  <node id="10917021661" lat="35.1961175" lon="-80.8332243"/>
  <node id="10917021662" lat="35.1962193" lon="-80.8331017"/>
  <node id="10917021663" lat="35.1962746" lon="-80.8330253"/>
  <node id="10917021664" lat="35.1963192" lon="-80.8329597"/>
  <node id="10917021665" lat="35.1964062" lon="-80.8328004"/>
  <node id="10917021666" lat="35.1964631" lon="-80.8326745"/>
  <node id="10917021667" lat="35.1965332" lon="-80.8325134"/>
  <node id="10917021668" lat="35.1967631" lon="-80.8323074"/>
  <node id="10917021670" lat="35.1967144" lon="-80.8323205"/>
  <node id="10917021671" lat="35.1967624" lon="-80.8330987"/>
  <node id="10917021672" lat="35.1967151" lon="-80.8329250"/>
  <node id="10917021675" lat="35.1966134" lon="-80.8327340"/>
  <node id="10917021676" lat="35.1969277" lon="-80.8324473"/>
  <node id="10917021677" lat="35.1968859" lon="-80.8324540"/>
  <node id="10917021678" lat="35.1968382" lon="-80.8324657"/>
  <node id="10917021679" lat="35.1968015" lon="-80.8324773"/>
  <node id="10917021765" lat="35.1968686" lon="-80.8364923"/>
  <node id="10917021766" lat="35.1968751" lon="-80.8365949">
    <tag k="crossing" v="unmarked"/>
    <tag k="crossing:markings" v="no"/>
    <tag k="highway" v="crossing"/>
  </node>
  <node id="10917021767" lat="35.1968557" lon="-80.8363320"/>
  <node id="10917021768" lat="35.1968475" lon="-80.8362371"/>
  <node id="10917021769" lat="35.1968179" lon="-80.8360381"/>
  <node id="10917021770" lat="35.1967872" lon="-80.8359298"/>
  <node id="10917021771" lat="35.1967659" lon="-80.8358785"/>
  <node id="10917021772" lat="35.1967008" lon="-80.8357354"/>
  <node id="10917021773" lat="35.1966680" lon="-80.8356718"/>
  <node id="10917021774" lat="35.1966048" lon="-80.8355640"/>
  <node id="10917021775" lat="35.1965338" lon="-80.8354608"/>
  <node id="10917021776" lat="35.1964428" lon="-80.8353499"/>
  <node id="10917021777" lat="35.1963440" lon="-80.8352457"/>
  <node id="10917021778" lat="35.1963013" lon="-80.8352050"/>
  <node id="10917021779" lat="35.1961675" lon="-80.8350975"/>
  <node id="10917021780" lat="35.1959357" lon="-80.8349589"/>
  <node id="10917021781" lat="35.1957222" lon="-80.8348322"/>
  <node id="10917021782" lat="35.1955515" lon="-80.8347342"/>
  <node id="10917021783" lat="35.1953744" lon="-80.8346345">
    <tag k="direction" v="forward"/>
    <tag k="highway" v="stop"/>
    <tag k="stop" v="minor"/>
  </node>
  <node id="10917021784" lat="35.1968730" lon="-80.8365611">
    <tag k="direction" v="backward"/>
    <tag k="highway" v="stop"/>
    <tag k="stop" v="minor"/>
  </node>
  <node id="10917021961" lat="35.1968412" lon="-80.8333728"/>
  <node id="10917021962" lat="35.1966665" lon="-80.8327405">
    <tag k="crossing" v="unmarked"/>
    <tag k="crossing:markings" v="no"/>
    <tag k="highway" v="crossing"/>
  </node>
  <node id="10917021963" lat="35.1967111" lon="-80.8325300"/>
  <node id="10917021964" lat="35.1967375" lon="-80.8324995"/>
  <node id="10917021965" lat="35.1967217" lon="-80.8325134"/>
  <node id="10917021966" lat="35.1967521" lon="-80.8324930"/>
  <node id="10917021967" lat="35.1966690" lon="-80.8326087"/>
  <node id="10917021968" lat="35.1966741" lon="-80.8327712">
    <tag k="crossing" v="unmarked"/>
    <tag k="crossing:markings" v="no"/>
    <tag k="highway" v="crossing"/>
  </node>
  <node id="10917021990" lat="35.1965706" lon="-80.8322645"/>
  <node id="10917021992" lat="35.1965191" lon="-80.8325423"/>
  <node id="10917021993" lat="35.1965600" lon="-80.8324594"/>
  <node id="10917021994" lat="35.1965800" lon="-80.8324252"/>
  <node id="10917021995" lat="35.1966101" lon="-80.8323826"/>
  <node id="10917021996" lat="35.1966275" lon="-80.8323654"/>
  <node id="10917021997" lat="35.1966815" lon="-80.8323336"/>
  <node id="10917021998" lat="35.1967391" lon="-80.8323129"/>
  <node id="10917022031" lat="35.1965746" lon="-80.8322844">
    <tag k="crossing" v="unmarked"/>
    <tag k="crossing:markings" v="no"/>
    <tag k="highway" v="crossing"/>
  </node>
  <node id="10917022034" lat="35.1966614" lon="-80.8327168">
    <tag k="direction" v="forward"/>
    <tag k="highway" v="stop"/>
    <tag k="stop" v="minor"/>
  </node>
  <node id="10917022036" lat="35.1967214" lon="-80.8329481"/>
  <node id="10917022047" lat="35.1965162" lon="-80.8329173"/>
  <node id="10917022052" lat="35.1951507" lon="-80.8344947">
    <tag k="crossing" v="unmarked"/>
    <tag k="crossing:markings" v="no"/>
    <tag k="highway" v="crossing"/>
  </node>
  <node id="10917022055" lat="35.1953952" lon="-80.8346464">
    <tag k="crossing" v="unmarked"/>
    <tag k="crossing:markings" v="no"/>
    <tag k="highway" v="crossing"/>
  </node>
  <node id="10917022057" lat="35.1929303" lon="-80.8321168">
    <tag k="direction" v="forward"/>
    <tag k="highway" v="stop"/>
    <tag k="stop" v="minor"/>
  </node>
  <node id="10917022058" lat="35.1929000" lon="-80.8320981"/>
  <node id="10917022059" lat="35.1928826" lon="-80.8320871"/>
  <node id="10917022060" lat="35.1928699" lon="-80.8320740"/>
  <node id="10917022061" lat="35.1942295" lon="-80.8338141"/>
  <node id="10917022062" lat="35.1940896" lon="-80.8336543"/>
  <node id="10917022063" lat="35.1939619" lon="-80.8334538"/>
  <node id="10917022064" lat="35.1937458" lon="-80.8330599"/>
  <node id="10917022065" lat="35.1934839" lon="-80.8325858"/>
  <node id="10917022067" lat="35.1934234" lon="-80.8324958"/>
  <node id="10917022068" lat="35.1933831" lon="-80.8324468"/>
  <node id="10917022069" lat="35.1933053" lon="-80.8323681"/>
  <node id="10917022070" lat="35.1932101" lon="-80.8322902"/>
  <node id="10917022071" lat="35.1928757" lon="-80.8320817"/>
  <node id="10917022072" lat="35.1930578" lon="-80.8321936"/>
  <node id="10917022083" lat="35.1929612" lon="-80.8321356">
    <tag k="crossing" v="unmarked"/>
    <tag k="crossing:markings" v="no"/>
    <tag k="highway" v="crossing"/>
  </node>
  <node id="10917022134" lat="35.1979403" lon="-80.8364460">
    <tag k="direction" v="backward"/>
    <tag k="highway" v="stop"/>
    <tag k="stop" v="minor"/>
  </node>
  <node id="10917022135" lat="35.1979168" lon="-80.8361366"/>
  <node id="10917022136" lat="35.1979080" lon="-80.8360128"/>
  <node id="10917022137" lat="35.1978872" lon="-80.8358539"/>
  <node id="10917022138" lat="35.1978459" lon="-80.8356853"/>
  <node id="10917022139" lat="35.1977895" lon="-80.8355227"/>
  <node id="10917022140" lat="35.1977225" lon="-80.8353862"/>
  <node id="10917022148" lat="35.1979432" lon="-80.8364771">
    <tag k="crossing" v="unmarked"/>
    <tag k="crossing:markings" v="no"/>
    <tag k="highway" v="crossing"/>
  </node>
  <node id="10917202942" lat="35.1896583" lon="-80.8379687"/>
  <node id="10917202948" lat="35.1894187" lon="-80.8376849"/>
  <node id="10917202960" lat="35.1893237" lon="-80.8375734"/>
  <node id="10917202961" lat="35.1892765" lon="-80.8375184"/>
  <node id="10917202978" lat="35.1891925" lon="-80.8374199"/>
  <node id="10917202985" lat="35.1890291" lon="-80.8372275"/>
  <node id="10917202989" lat="35.1888353" lon="-80.8370007"/>
  <node id="10917202990" lat="35.1884789" lon="-80.8364808"/>
  <node id="10917202991" lat="35.1881543" lon="-80.8358197"/>
  <node id="10917202997" lat="35.1888030" lon="-80.8369613"/>
  <node id="10917205009" lat="35.1885327" lon="-80.8365705"/>
  <node id="10917205019" lat="35.1882947" lon="-80.8361387"/>
  <node id="10917205025" lat="35.1881139" lon="-80.8357042"/>
  <node id="10917205030" lat="35.1880263" lon="-80.8354283"/>
  <node id="10917205217" lat="35.1886855" lon="-80.8392362"/>
  <node id="10917205231" lat="35.1888674" lon="-80.8391342"/>
  <node id="10917205238" lat="35.1891210" lon="-80.8389899"/>
  <node id="10917205240" lat="35.1891792" lon="-80.8389558"/>
  <node id="10917205259" lat="35.1877759" lon="-80.8397246"/>
  <node id="10917205272" lat="35.1872891" lon="-80.8399362"/>
  <node id="10917205273" lat="35.1872145" lon="-80.8399613"/>
  <node id="10917205290" lat="35.1867192" lon="-80.8401090"/>
  <node id="10927880022" lat="35.1951051" lon="-80.8382885"/>
  <node id="10927880023" lat="35.1948360" lon="-80.8380625"/>
  <node id="10927880024" lat="35.1945422" lon="-80.8378162"/>
  <node id="10927880025" lat="35.1945217" lon="-80.8377946"/>
  <node id="10927880026" lat="35.1945126" lon="-80.8377742"/>
  <node id="10927880027" lat="35.1945088" lon="-80.8377578"/>
  <node id="10927880028" lat="35.1945073" lon="-80.8377298"/>
  <node id="10927880029" lat="35.1945083" lon="-80.8376930"/>
  <node id="10927880030" lat="35.1945279" lon="-80.8374350"/>
  <node id="10927880031" lat="35.1951558" lon="-80.8383316">
    <tag k="highway" v="crossing"/>
  </node>
  <node id="10927920783" lat="35.1873823" lon="-80.8400835"/>
  <node id="10927920789" lat="35.1873276" lon="-80.8401049"/>
  <node id="10927920800" lat="35.1871491" lon="-80.8401655"/>
  <node id="10927926907" lat="35.1870877" lon="-80.8401847"/>
  <node id="10927926916" lat="35.1868262" lon="-80.8402610"/>
  <node id="10927926935" lat="35.1869179" lon="-80.8417174"/>
  <node id="10927926940" lat="35.1871565" lon="-80.8416577"/>
  <node id="10927926948" lat="35.1871925" lon="-80.8416478"/>
  <node id="10927926950" lat="35.1873902" lon="-80.8415915"/>
  <node id="10927926951" lat="35.1874400" lon="-80.8415754"/>
  <node id="10927926965" lat="35.1876646" lon="-80.8414965"/>
  <node id="10927926974" lat="35.1877295" lon="-80.8414731"/>
  <node id="10927926990" lat="35.1879138" lon="-80.8413990"/>
  <node id="10927927001" lat="35.1879477" lon="-80.8413843"/>
  <node id="10927927017" lat="35.1880383" lon="-80.8413444"/>
  <node id="10927927022" lat="35.1878311" lon="-80.8414332"/>
  <node id="10927927027" lat="35.1884095" lon="-80.8411669"/>
  <node id="10927927036" lat="35.1886099" lon="-80.8410610"/>
  <node id="10927927040" lat="35.1886785" lon="-80.8410235"/>
  <node id="10927927045" lat="35.1890117" lon="-80.8408412"/>
  <node id="10927927054" lat="35.1892084" lon="-80.8407341"/>
  <node id="10927927056" lat="35.1892463" lon="-80.8407129"/>
  <node id="10927927064" lat="35.1896007" lon="-80.8405130"/>
  <node id="10927927072" lat="35.1895570" lon="-80.8405384"/>
  <node id="10927927077" lat="35.1898114" lon="-80.8403899"/>
  <node id="10927927079" lat="35.1897921" lon="-80.8404012"/>
  <node id="10927927089" lat="35.1896683" lon="-80.8404738"/>
  <node id="10927927095" lat="35.1899912" lon="-80.8402837"/>
  <node id="10927927105" lat="35.1898428" lon="-80.8403713"/>
  <node id="10927927106" lat="35.1898773" lon="-80.8403510"/>
  <node id="10927927122" lat="35.1900605" lon="-80.8402429"/>
  <node id="10927927124" lat="35.1901959" lon="-80.8401621"/>
  <node id="10927927136" lat="35.1900324" lon="-80.8402594"/>
  <node id="10927927138" lat="35.1902959" lon="-80.8401020"/>
  <node id="10927927142" lat="35.1903099" lon="-80.8400936"/>
  <node id="10927927144" lat="35.1907332" lon="-80.8400361"/>
  <node id="10927927150" lat="35.1905078" lon="-80.8399715"/>
  <node id="10927927169" lat="35.1903396" lon="-80.8390933"/>
  <node id="10927927179" lat="35.1897992" lon="-80.8387842"/>
  <node id="10927927189" lat="35.1893442" lon="-80.8390507"/>
  <node id="10927927201" lat="35.1895302" lon="-80.8389428"/>
  <node id="10927927210" lat="35.1892894" lon="-80.8390825"/>
  <node id="10927927212" lat="35.1890403" lon="-80.8392270"/>
  <node id="10927927226" lat="35.1887983" lon="-80.8393642"/>
  <node id="10927927227" lat="35.1887361" lon="-80.8393994"/>
  <node id="10927927255" lat="35.1884298" lon="-80.8395705"/>
  <node id="10927927264" lat="35.1883632" lon="-80.8396060"/>
  <node id="10927927276" lat="35.1881015" lon="-80.8397468"/>
  <node id="10927927282" lat="35.1878037" lon="-80.8398991"/>
  <node id="10927927292" lat="35.1880229" lon="-80.8397887"/>
  <node id="10927927309" lat="35.1868837" lon="-80.8417247"/>
  <node id="10927927312" lat="35.1869076" lon="-80.8417196"/>
  <node id="10927927316" lat="35.1876223" lon="-80.8415117"/>
  <node id="10927927318" lat="35.1908948" lon="-80.8404221"/>
  <node id="10927927321" lat="35.1909809" lon="-80.8406281"/>
  <node id="10927927341" lat="35.1908814" lon="-80.8412215"/>
  <node id="10927927342" lat="35.1907236" lon="-80.8413181"/>
  <node id="10927927350" lat="35.1906896" lon="-80.8413389"/>
  <node id="10927927356" lat="35.1905378" lon="-80.8414304"/>
  <node id="10927927373" lat="35.1904966" lon="-80.8414551"/>
  <node id="10927927381" lat="35.1901289" lon="-80.8416698"/>
  <node id="10927927387" lat="35.1901403" lon="-80.8416634"/>
  <node id="10927927390" lat="35.1899308" lon="-80.8417821"/>
  <node id="10927927397" lat="35.1899011" lon="-80.8417989"/>
  <node id="10927927403" lat="35.1899188" lon="-80.8417889"/>
  <node id="10927927405" lat="35.1897318" lon="-80.8418945"/>
  <node id="10927927407" lat="35.1895301" lon="-80.8420074"/>
  <node id="10927927415" lat="35.1896575" lon="-80.8419364"/>
  <node id="10927927420" lat="35.1894835" lon="-80.8420333"/>
  <node id="10927927429" lat="35.1893246" lon="-80.8421196"/>
  <node id="10927927435" lat="35.1891366" lon="-80.8422185"/>
  <node id="10927927446" lat="35.1890829" lon="-80.8422467"/>
  <node id="10927927457" lat="35.1889334" lon="-80.8423253"/>
  <node id="10927927459" lat="35.1888699" lon="-80.8423587"/>
  <node id="10927927465" lat="35.1888801" lon="-80.8423534"/>
  <node id="10927927473" lat="35.1885417" lon="-80.8424976"/>
  <node id="10927927483" lat="35.1885116" lon="-80.8425063"/>
  <node id="10927927485" lat="35.1884172" lon="-80.8425311"/>
  <node id="10927927487" lat="35.1879658" lon="-80.8425856"/>
  <node id="10927927489" lat="35.1878877" lon="-80.8425891"/>
  <node id="10927927496" lat="35.1876663" lon="-80.8426169"/>
  <node id="10927927500" lat="35.1874265" lon="-80.8426737"/>
  <node id="10927927504" lat="35.1870045" lon="-80.8428077"/>
  <node id="10927927509" lat="35.1869364" lon="-80.8428401"/>
  <node id="10927927512" lat="35.1913441" lon="-80.8414988"/>
  <node id="10927927514" lat="35.1915779" lon="-80.8407905"/>
  <node id="10927927522" lat="35.1916103" lon="-80.8407697"/>
  <node id="10927927530" lat="35.1917876" lon="-80.8406548"/>
  <node id="10927927535" lat="35.1917688" lon="-80.8406671"/>
  <node id="10927927539" lat="35.1918194" lon="-80.8406343"/>
  <node id="10927927545" lat="35.1920673" lon="-80.8404728"/>
  <node id="10927927547" lat="35.1921563" lon="-80.8404132"/>
  <node id="10927927554" lat="35.1922752" lon="-80.8403308"/>
  <node id="10927927562" lat="35.1923355" lon="-80.8402898"/>
  <node id="10927927570" lat="35.1925228" lon="-80.8401619"/>
  <node id="10927927577" lat="35.1928073" lon="-80.8399645"/>
  <node id="10927927582" lat="35.1928440" lon="-80.8399391"/>
  <node id="10927927584" lat="35.1928870" lon="-80.8399093"/>
  <node id="10927927589" lat="35.1929769" lon="-80.8398459"/>
  <node id="10927927595" lat="35.1930094" lon="-80.8398227"/>
  <node id="10927927601" lat="35.1932107" lon="-80.8396769"/>
  <node id="10927927606" lat="35.1931785" lon="-80.8397009"/>
  <node id="10927927608" lat="35.1933793" lon="-80.8395533"/>
  <node id="10927927615" lat="35.1934394" lon="-80.8395110"/>
  <node id="10927927620" lat="35.1934856" lon="-80.8394762"/>
  <node id="10927927631" lat="35.1936782" lon="-80.8392999"/>
  <node id="10927927633" lat="35.1938092" lon="-80.8391426"/>
  <node id="10927927637" lat="35.1937838" lon="-80.8391767"/>
  <node id="10927927646" lat="35.1940641" lon="-80.8387073"/>
  <node id="10927927648" lat="35.1940811" lon="-80.8386615"/>
  <node id="10927927653" lat="35.1939940" lon="-80.8384812"/>
  <node id="10927927663" lat="35.1943111" lon="-80.8385458"/>
  <node id="10927927665" lat="35.1944983" lon="-80.8385943"/>
  <node id="10927927673" lat="35.1950318" lon="-80.8382270"/>
  <node id="10927927675" lat="35.1949260" lon="-80.8381381"/>
  <node id="10927927677" lat="35.1948126" lon="-80.8380428"/>
  <node id="10927927679" lat="35.1947053" lon="-80.8379529"/>
  <node id="10927927681" lat="35.1946429" lon="-80.8379006"/>
  <node id="10927927684" lat="35.1945127" lon="-80.8376345"/>
  <node id="10927927686" lat="35.1945181" lon="-80.8375638"/>
  <node id="10927927688" lat="35.1945240" lon="-80.8374858"/>
  <node id="10927927690" lat="35.1945890" lon="-80.8378555"/>
  <node id="10927927698" lat="35.1949794" lon="-80.8381829"/>
  <node id="10927927711" lat="35.1939444" lon="-80.8384730"/>
  <node id="10927927720" lat="35.1937493" lon="-80.8384425"/>
  <node id="10927927722" lat="35.1935341" lon="-80.8384191"/>
  <node id="10927927724" lat="35.1935130" lon="-80.8384177"/>
  <node id="10927927725" lat="35.1932826" lon="-80.8384224"/>
  <node id="10927927739" lat="35.1931150" lon="-80.8384427"/>
  <node id="10927927751" lat="35.1931469" lon="-80.8384379"/>
  <node id="10927927769" lat="35.1928782" lon="-80.8384948"/>
  <node id="10927927771" lat="35.1928408" lon="-80.8385070"/>
  <node id="10927927784" lat="35.1928214" lon="-80.8385138"/>
  <node id="10927927786" lat="35.1926268" lon="-80.8385991"/>
  <node id="10927927792" lat="35.1925857" lon="-80.8386202"/>
  <node id="10927927794" lat="35.1924912" lon="-80.8386744"/>
  <node id="10927927801" lat="35.1924190" lon="-80.8387219"/>
  <node id="10927927809" lat="35.1922141" lon="-80.8388575"/>
  <node id="10927927813" lat="35.1920440" lon="-80.8389726"/>
  <node id="10927927827" lat="35.1918502" lon="-80.8391044"/>
  <node id="10927927831" lat="35.1916637" lon="-80.8392308"/>
  <node id="10927927840" lat="35.1916944" lon="-80.8392100"/>
  <node id="10927927842" lat="35.1914720" lon="-80.8393587"/>
  <node id="10927927851" lat="35.1912910" lon="-80.8394763"/>
  <node id="10927927857" lat="35.1911194" lon="-80.8395879"/>
  <node id="10927927864" lat="35.1910875" lon="-80.8396086"/>
  <node id="10927927866" lat="35.1908984" lon="-80.8404306"/>
  <node id="10927927868" lat="35.1904855" lon="-80.8394387"/>
  <node id="10927927870" lat="35.1903899" lon="-80.8392125"/>
  <node id="10927927882" lat="35.1906488" lon="-80.8382541"/>
  <node id="10927927886" lat="35.1906875" lon="-80.8382283"/>
  <node id="10927927889" lat="35.1911206" lon="-80.8379388"/>
  <node id="10927927899" lat="35.1909358" lon="-80.8380591"/>
  <node id="10927927905" lat="35.1911747" lon="-80.8379041"/>
  <node id="10927927913" lat="35.1915993" lon="-80.8376148"/>
  <node id="10927927915" lat="35.1918366" lon="-80.8374513"/>
  <node id="10927927925" lat="35.1916443" lon="-80.8375838"/>
  <node id="10927927944" lat="35.1918939" lon="-80.8374115"/>
  <node id="10927927951" lat="35.1920181" lon="-80.8373264"/>
  <node id="10927927966" lat="35.1923301" lon="-80.8371126"/>
  <node id="10927927977" lat="35.1923769" lon="-80.8370798"/>
  <node id="10927927988" lat="35.1925678" lon="-80.8369576"/>
  <node id="10927928007" lat="35.1928279" lon="-80.8368971"/>
  <node id="10927928013" lat="35.1931965" lon="-80.8369272"/>
  <node id="10927928020" lat="35.1934401" lon="-80.8369560"/>
  <node id="10927928024" lat="35.1936848" lon="-80.8369815"/>
  <node id="10927928025" lat="35.1940079" lon="-80.8370156"/>
  <node id="10927928037" lat="35.1937430" lon="-80.8369875"/>
  <node id="10927928047" lat="35.1942783" lon="-80.8370418"/>
  <node id="10927928057" lat="35.1906124" lon="-80.8380767"/>
  <node id="10927928060" lat="35.1905767" lon="-80.8380997"/>
  <node id="10927928068" lat="35.1908507" lon="-80.8379211"/>
  <node id="10927928073" lat="35.1911002" lon="-80.8377556"/>
  <node id="10927928081" lat="35.1913362" lon="-80.8375954"/>
  <node id="10927928084" lat="35.1915736" lon="-80.8374337"/>
  <node id="10927928093" lat="35.1920076" lon="-80.8371575"/>
  <node id="10927928105" lat="35.1920617" lon="-80.8371348"/>
  <node id="10927928113" lat="35.1922108" lon="-80.8361160"/>
  <node id="10927928118" lat="35.1920659" lon="-80.8359220"/>
  <node id="10927928125" lat="35.1919355" lon="-80.8357231"/>
  <node id="10927928129" lat="35.1918045" lon="-80.8354836"/>
  <node id="10927928132" lat="35.1912170" lon="-80.8355471"/>
  <node id="10927928142" lat="35.1911645" lon="-80.8355995"/>
  <node id="10927928159" lat="35.1909917" lon="-80.8357876"/>
  <node id="10927928167" lat="35.1909995" lon="-80.8357785"/>
  <node id="10927928171" lat="35.1908537" lon="-80.8359476"/>
  <node id="10927928179" lat="35.1907119" lon="-80.8361137"/>
  <node id="10927928182" lat="35.1907311" lon="-80.8360911"/>
  <node id="10927928188" lat="35.1905773" lon="-80.8362679"/>
  <node id="10927928199" lat="35.1904355" lon="-80.8364351"/>
  <node id="10927928210" lat="35.1904005" lon="-80.8364775"/>
  <node id="10927928216" lat="35.1902919" lon="-80.8366074"/>
  <node id="10927928221" lat="35.1902625" lon="-80.8366420"/>
  <node id="10927928225" lat="35.1901105" lon="-80.8368209"/>
  <node id="10927928229" lat="35.1900313" lon="-80.8369141"/>
  <node id="10927928234" lat="35.1900077" lon="-80.8369419"/>
  <node id="10927928237" lat="35.1898591" lon="-80.8371167"/>
  <node id="10927928245" lat="35.1898192" lon="-80.8371637"/>
  <node id="10927928256" lat="35.1899593" lon="-80.8369989"/>
  <node id="10927928261" lat="35.1897834" lon="-80.8372059"/>
  <node id="10927928264" lat="35.1896084" lon="-80.8379113"/>
  <node id="10927928272" lat="35.1897795" lon="-80.8381174"/>
  <node id="10927928282" lat="35.1914487" lon="-80.8348167"/>
  <node id="10927928292" lat="35.1913486" lon="-80.8346303"/>
  <node id="10933339904" lat="35.1896597" lon="-80.8312227"/>
  <node id="10933339905" lat="35.1895803" lon="-80.8310599"/>
  <node id="10936021152" lat="35.1942287" lon="-80.8368633"/>
  <node id="10936021176" lat="35.1945714" lon="-80.8360678"/>
  <node id="10936021194" lat="35.1945227" lon="-80.8359810"/>
  <node id="10936116405" lat="35.1941927" lon="-80.8354742"/>
  <node id="10936116409" lat="35.1941603" lon="-80.8354312"/>
  <node id="10936116415" lat="35.1937628" lon="-80.8349031"/>
  <node id="10936116419" lat="35.1935964" lon="-80.8346868"/>
  <node id="10936116428" lat="35.1933604" lon="-80.8344411"/>
  <node id="10936116436" lat="35.1931524" lon="-80.8342594"/>
  <node id="10936116451" lat="35.1929889" lon="-80.8340856"/>
  <node id="10936116455" lat="35.1928704" lon="-80.8339224"/>
  <node id="10936116470" lat="35.1932098" lon="-80.8343087"/>
  <node id="10936116480" lat="35.1928470" lon="-80.8338833"/>
  <node id="10936116490" lat="35.1927398" lon="-80.8336946"/>
  <node id="10936116503" lat="35.1927536" lon="-80.8337219"/>
  <node id="10936116512" lat="35.1928219" lon="-80.8338415"/>
  <node id="10936116517" lat="35.1926343" lon="-80.8334673"/>
  <node id="10936116530" lat="35.1926193" lon="-80.8334330"/>
  <node id="10936116544" lat="35.1925289" lon="-80.8332145"/>
  <node id="10936116555" lat="35.1924397" lon="-80.8329754"/>
  <node id="10936116580" lat="35.1925061" lon="-80.8331552"/>
  <node id="10936116597" lat="35.1922583" lon="-80.8324851"/>
  <node id="10936116605" lat="35.1923571" lon="-80.8327487"/>
  <node id="10936116624" lat="35.1922333" lon="-80.8324218"/>
  <node id="10936116638" lat="35.1920547" lon="-80.8320710"/>
  <node id="10936116647" lat="35.1919185" lon="-80.8318313"/>
  <node id="10936116655" lat="35.1918908" lon="-80.8317812"/>
  <node id="10936116662" lat="35.1918538" lon="-80.8317112"/>
  <node id="10936116701" lat="35.1914845" lon="-80.8308237"/>
  <node id="10936116710" lat="35.1912877" lon="-80.8304461"/>
  <node id="10936116715" lat="35.1908707" lon="-80.8299295"/>
  <node id="10936116726" lat="35.1898572" lon="-80.8316459"/>
  <node id="10936116744" lat="35.1901106" lon="-80.8322165"/>
  <node id="10936116748" lat="35.1902326" lon="-80.8324788"/>
  <node id="10936116762" lat="35.1901454" lon="-80.8322911"/>
  <node id="10936116767" lat="35.1905200" lon="-80.8330661"/>
  <node id="10936116771" lat="35.1905557" lon="-80.8331347"/>
  <node id="10936116785" lat="35.1907062" lon="-80.8334240"/>
  <node id="10936116786" lat="35.1908075" lon="-80.8336153"/>
  <node id="10936116796" lat="35.1908488" lon="-80.8336925"/>
  <node id="10936116802" lat="35.1911182" lon="-80.8341974"/>
  <node id="10936116813" lat="35.1909984" lon="-80.8339720"/>
  <node id="10936116821" lat="35.1911475" lon="-80.8342528"/>
  <node id="10936116828" lat="35.1912658" lon="-80.8344766"/>
  <node id="10936116838" lat="35.1915126" lon="-80.8349389"/>
  <node id="10936116845" lat="35.1914243" lon="-80.8347702"/>
  <node id="10936116856" lat="35.1916274" lon="-80.8351592"/>
  <node id="10936116859" lat="35.1916955" lon="-80.8352840"/>
  <node id="10936116875" lat="35.1918671" lon="-80.8356024"/>
  <node id="10936116884" lat="35.1920147" lon="-80.8358476"/>
  <node id="10936116890" lat="35.1921591" lon="-80.8360510"/>
  <node id="10936116898" lat="35.1923553" lon="-80.8362702"/>
  <node id="10936116908" lat="35.1923894" lon="-80.8363054"/>
  <node id="10936116916" lat="35.1927928" lon="-80.8366419"/>
  <node id="10936116925" lat="35.1928452" lon="-80.8366784"/>
  <node id="10936116930" lat="35.1931316" lon="-80.8367468"/>
  <node id="10936116938" lat="35.1933294" lon="-80.8367691"/>
  <node id="10936116949" lat="35.1936250" lon="-80.8368013"/>
  <node id="10936116960" lat="35.1936825" lon="-80.8368075"/>
  <node id="10936116968" lat="35.1935171" lon="-80.8345964"/>
  <node id="10936116973" lat="35.1936427" lon="-80.8347447"/>
  <node id="10936116984" lat="35.1936957" lon="-80.8348145"/>
  <node id="10936116985" lat="35.1938833" lon="-80.8350621"/>
  <node id="10936117015" lat="35.1939911" lon="-80.8352051"/>
  <node id="10936117018" lat="35.1942633" lon="-80.8355679"/>
  <node id="10936117020" lat="35.1943611" lon="-80.8357100"/>
  <node id="10936117028" lat="35.1944479" lon="-80.8358531"/>
  <node id="10936117036" lat="35.1951077" lon="-80.8348936"/>
  <node id="10936117049" lat="35.1951617" lon="-80.8347049"/>
  <node id="10936117055" lat="35.1948613" lon="-80.8343161"/>
  <node id="10936117061" lat="35.1947415" lon="-80.8342320"/>
  <node id="10936117066" lat="35.1946041" lon="-80.8341274"/>
  <node id="10936117071" lat="35.1943408" lon="-80.8339151"/>
  <node id="10936117079" lat="35.1941215" lon="-80.8336925"/>
  <node id="10936117083" lat="35.1940379" lon="-80.8335811"/>
  <node id="10936117088" lat="35.1939173" lon="-80.8333726"/>
  <node id="10936117096" lat="35.1938268" lon="-80.8332077"/>
  <node id="10936117101" lat="35.1938008" lon="-80.8331603"/>
  <node id="10936117105" lat="35.1936446" lon="-80.8328751"/>
  <node id="10936117111" lat="35.1933959" lon="-80.8324624"/>
  <node id="10936117123" lat="35.1930160" lon="-80.8321685"/>
  <node id="10936197888" lat="35.1964140" lon="-80.8367370"/>
  <node id="10936197895" lat="35.1959950" lon="-80.8367871"/>
  <node id="10936197919" lat="35.1949455" lon="-80.8364498"/>
  <node id="10936197928" lat="35.1949488" lon="-80.8363411"/>
  <node id="10936197934" lat="35.1949993" lon="-80.8360286"/>
  <node id="10936197952" lat="35.1950570" lon="-80.8357184"/>
  <node id="10936197957" lat="35.1951356" lon="-80.8353635"/>
  <node id="10936197983" lat="35.1952241" lon="-80.8350217"/>
  <node id="10936197987" lat="35.1957901" lon="-80.8348725"/>
  <node id="10936197992" lat="35.1958940" lon="-80.8349342"/>
  <node id="10936197994" lat="35.1961097" lon="-80.8350603"/>
  <node id="10936198008" lat="35.1959234" lon="-80.8349516"/>
  <node id="10936198015" lat="35.1962862" lon="-80.8351920"/>
  <node id="10936198023" lat="35.1963375" lon="-80.8352395"/>
  <node id="10936198028" lat="35.1964540" lon="-80.8353631"/>
  <node id="10936198037" lat="35.1965449" lon="-80.8354758"/>
  <node id="10936198043" lat="35.1966616" lon="-80.8367144"/>
  <node id="10936198045" lat="35.1968510" lon="-80.8362782"/>
  <node id="10936198046" lat="35.1968012" lon="-80.8359750"/>
  <node id="10936198065" lat="35.1967478" lon="-80.8358357"/>
  <node id="10936198078" lat="35.1968324" lon="-80.8361132"/>
  <node id="10936198087" lat="35.1973087" lon="-80.8366438"/>
  <node id="10936198095" lat="35.1974971" lon="-80.8366225"/>
  <node id="10936198102" lat="35.1976817" lon="-80.8366019"/>
  <node id="10936198114" lat="35.1978404" lon="-80.8356680"/>
  <node id="10936198128" lat="35.1978942" lon="-80.8358980"/>
  <node id="10936198130" lat="35.1979015" lon="-80.8359512"/>
  <node id="10936198132" lat="35.1979185" lon="-80.8361588"/>
  <node id="10936198140" lat="35.1982706" lon="-80.8365365"/>
  <node id="10936198149" lat="35.1976065" lon="-80.8351752"/>
  <node id="10936198152" lat="35.1976206" lon="-80.8352010"/>
  <node id="10936198160" lat="35.1976473" lon="-80.8352496"/>
  <node id="10936198169" lat="35.1977334" lon="-80.8354069"/>
  <node id="10936198173" lat="35.1974981" lon="-80.8349778"/>
  <node id="10936198182" lat="35.1974865" lon="-80.8349567"/>
  <node id="10936198189" lat="35.1974635" lon="-80.8349147"/>
  <node id="10936198196" lat="35.1973422" lon="-80.8346938"/>
  <node id="10936198198" lat="35.1971418" lon="-80.8343103"/>
  <node id="10936198205" lat="35.1971118" lon="-80.8342416"/>
  <node id="10936198208" lat="35.1972609" lon="-80.8345457"/>
  <node id="10936198216" lat="35.1973773" lon="-80.8347577"/>
  <node id="10936198232" lat="35.1970518" lon="-80.8340929"/>
  <node id="10936198240" lat="35.1969673" lon="-80.8338392"/>
  <node id="10936198263" lat="35.1967796" lon="-80.8331586"/>
  <node id="10936198264" lat="35.1968832" lon="-80.8335282"/>
  <node id="10936198269" lat="35.1969115" lon="-80.8336327"/>
  <node id="10936198280" lat="35.1967289" lon="-80.8329757"/>
  <node id="10936198288" lat="35.1958934" lon="-80.8336803"/>
  <node id="10936198299" lat="35.1956011" lon="-80.8339757"/>
  <node id="10936198314" lat="35.1975264" lon="-80.8324106"/>
  <node id="10936198319" lat="35.1978265" lon="-80.8324435"/>
  <node id="10936198324" lat="35.1982474" lon="-80.8330329"/>
  <node id="10936198331" lat="35.1982971" lon="-80.8333311"/>
  <node id="10936198338" lat="35.1983388" lon="-80.8335418"/>
  <node id="10936198344" lat="35.1983610" lon="-80.8336371"/>
  <node id="10936198350" lat="35.1984389" lon="-80.8339382"/>
  <node id="10936198354" lat="35.1986011" lon="-80.8345394"/>
  <node id="10936198356" lat="35.1987088" lon="-80.8349314"/>
  <node id="10936198363" lat="35.1987288" lon="-80.8350042"/>
  <node id="10936198367" lat="35.1988489" lon="-80.8354582"/>
  <node id="10936198368" lat="35.1989283" lon="-80.8359928"/>
  <node id="10936198369" lat="35.1989010" lon="-80.8357062"/>
  <node id="10936198374" lat="35.1988552" lon="-80.8354858"/>
  <node id="10936198391" lat="35.1985550" lon="-80.8365035"/>
  <node id="10949782995" lat="35.2000209" lon="-80.8362393">
    <tag k="crossing" v="unmarked"/>
    <tag k="crossing:markings" v="no"/>
    <tag k="highway" v="crossing"/>
  </node>
  <node id="10949808305" lat="35.2028674" lon="-80.8356299"/>
  <node id="10949808306" lat="35.2028411" lon="-80.8355131"/>
  <node id="10949808307" lat="35.2027741" lon="-80.8353647"/>
  <node id="10949808308" lat="35.2023051" lon="-80.8348595"/>
  <node id="10949808320" lat="35.2023345" lon="-80.8348988"/>
  <node id="10949808321" lat="35.2022601" lon="-80.8347739"/>
  <node id="10949808347" lat="35.2026227" lon="-80.8351939"/>
  <node id="10949808348" lat="35.2026846" lon="-80.8352527"/>
  <node id="10949808401" lat="35.2000180" lon="-80.8361987">
    <tag k="direction" v="forward"/>
    <tag k="highway" v="stop"/>
    <tag k="stop" v="minor"/>
  </node>
  <node id="10949808402" lat="35.1999360" lon="-80.8346281"/>
  <node id="10949808403" lat="35.1999246" lon="-80.8349310"/>
  <node id="10949808407" lat="35.1999492" lon="-80.8338663"/>
  <node id="10949808408" lat="35.1999591" lon="-80.8332661"/>
  <node id="10949808409" lat="35.1999688" lon="-80.8330779"/>
  <node id="10949808410" lat="35.1999922" lon="-80.8329077"/>
  <node id="10949808411" lat="35.2000111" lon="-80.8328202"/>
  <node id="10949808412" lat="35.2000702" lon="-80.8325897"/>
  <node id="10949808413" lat="35.2001263" lon="-80.8324117"/>
  <node id="10949808871" lat="35.1999548" lon="-80.8320957"/>
  <node id="10949808872" lat="35.2000861" lon="-80.8320243"/>
  <node id="10949808873" lat="35.2002636" lon="-80.8319251"/>
  <node id="10949808874" lat="35.1999319" lon="-80.8319092"/>
  <node id="10949808875" lat="35.2001177" lon="-80.8318076"/>
  <node id="10949809129" lat="35.2023802" lon="-80.8349504"/>
  <node id="10949809177" lat="35.2036227" lon="-80.8359355"/>
  <node id="10949809190" lat="35.2038726" lon="-80.8359062"/>
  <node id="10949809199" lat="35.2043515" lon="-80.8352147"/>
  <node id="10949922344" lat="35.1984163" lon="-80.8325235"/>
  <node id="10949922345" lat="35.1985693" lon="-80.8325282"/>
  <node id="10949922346" lat="35.1986544" lon="-80.8325240"/>
  <node id="10949922347" lat="35.1987953" lon="-80.8325080"/>
  <node id="10949922348" lat="35.1989062" lon="-80.8324890"/>
  <node id="10949922349" lat="35.1990043" lon="-80.8324680"/>
  <node id="10949922350" lat="35.1991658" lon="-80.8324210"/>
  <node id="10949922351" lat="35.1992906" lon="-80.8323788"/>
  <node id="10949922352" lat="35.1994804" lon="-80.8323070"/>
  <node id="10949922353" lat="35.1998345" lon="-80.8319608"/>
  <node id="10949922354" lat="35.1995340" lon="-80.8320989"/>
  <node id="10949922355" lat="35.1992772" lon="-80.8321992"/>
  <node id="10949922356" lat="35.1990710" lon="-80.8322691"/>
  <node id="10949922357" lat="35.1988865" lon="-80.8323118"/>
  <node id="10949922358" lat="35.1987044" lon="-80.8323416"/>
  <node id="10949922359" lat="35.1985220" lon="-80.8323494"/>
  <node id="10949922360" lat="35.1984246" lon="-80.8323477"/>
  <node id="10949922361" lat="35.1982911" lon="-80.8323374"/>
  <node id="10949922362" lat="35.1980852" lon="-80.8323044"/>
  <node id="10949922363" lat="35.1980135" lon="-80.8322934"/>
  <node id="10949922364" lat="35.1978447" lon="-80.8322674"/>
  <node id="10949922365" lat="35.1976242" lon="-80.8322433"/>
  <node id="10949922366" lat="35.1974469" lon="-80.8322337"/>
  <node id="10949922367" lat="35.1973683" lon="-80.8322339"/>
  <node id="10949922368" lat="35.1972418" lon="-80.8322359"/>
  <node id="10949922369" lat="35.1971738" lon="-80.8322403"/>
  <node id="10949922372" lat="35.1970698" lon="-80.8324254"/>
  <node id="10949922373" lat="35.1972272" lon="-80.8324124"/>
  <node id="10949922374" lat="35.1974195" lon="-80.8324079"/>
  <node id="10949922375" lat="35.1974794" lon="-80.8324092"/>
  <node id="10949922376" lat="35.1977225" lon="-80.8324294"/>
  <node id="10949922377" lat="35.1980247" lon="-80.8324777"/>
  <node id="10949922378" lat="35.1980907" lon="-80.8324873"/>
  <node id="10949922379" lat="35.1982449" lon="-80.8325093"/>
  <node id="10949922380" lat="35.1982065" lon="-80.8327287"/>
  <node id="10949922381" lat="35.1981974" lon="-80.8326471"/>
  <node id="10949922382" lat="35.1981925" lon="-80.8325539">
    <tag k="direction" v="forward"/>
    <tag k="highway" v="stop"/>
    <tag k="stop" v="minor"/>
  </node>
  <node id="10949922383" lat="35.1981957" lon="-80.8324055"/>
  <node id="10949922384" lat="35.1981934" lon="-80.8325881">
    <tag k="crossing" v="unmarked"/>
    <tag k="crossing:markings" v="no"/>
    <tag k="highway" v="crossing"/>
  </node>
  <node id="10959603879" lat="35.1983124" lon="-80.8365317"/>
  <node id="10959603881" lat="35.1981441" lon="-80.8365513"/>
  <node id="10959603884" lat="35.1979347" lon="-80.8365757"/>
  <node id="10959603889" lat="35.1977407" lon="-80.8365957"/>
  <node id="10959603892" lat="35.1975277" lon="-80.8366191"/>
  <node id="10959603902" lat="35.1989251" lon="-80.8359508"/>
  <node id="10959611505" lat="35.1988205" lon="-80.8353470"/>
  <node id="10959611510" lat="35.1987486" lon="-80.8350803"/>
  <node id="10959611516" lat="35.1986871" lon="-80.8348525"/>
  <node id="10959611519" lat="35.1995898" lon="-80.8363887"/>
  <node id="10959611523" lat="35.1999401" lon="-80.8351891"/>
  <node id="10959611525" lat="35.1999617" lon="-80.8354696"/>
  <node id="10959611528" lat="35.1999875" lon="-80.8358031"/>
  <node id="10959611529" lat="35.2004843" lon="-80.8362876"/>
  <node id="10959611532" lat="35.2003249" lon="-80.8363030"/>
  <node id="10959611536" lat="35.2004914" lon="-80.8362869"/>
  <node id="10959611541" lat="35.1986216" lon="-80.8346140"/>
  <node id="10959611547" lat="35.1985851" lon="-80.8344793"/>
  <node id="10963630925" lat="35.1985225" lon="-80.8365073"/>
  <node id="10963630928" lat="35.1973442" lon="-80.8366397"/>
  <node id="10963630930" lat="35.1971643" lon="-80.8366605"/>
  <node id="10963630944" lat="35.1969816" lon="-80.8366817"/>
  <node id="10963630947" lat="35.1975732" lon="-80.8351145"/>
  <node id="10963630955" lat="35.1999383" lon="-80.8351656"/>
  <node id="10963630971" lat="35.2007014" lon="-80.8362642"/>
  <node id="10963630974" lat="35.2008938" lon="-80.8362429"/>
  <node id="10964384496" lat="35.1997403" lon="-80.8669170">
    <tag k="crossing" v="uncontrolled"/>
    <tag k="highway" v="crossing"/>
  </node>
  <node id="10964384504" lat="35.2012698" lon="-80.8658975">
    <tag k="crossing" v="traffic_signals"/>
    <tag k="highway" v="crossing"/>
  </node>
  <node id="10964394075" lat="35.2068787" lon="-80.8609541">
    <tag k="crossing" v="unmarked"/>
    <tag k="crossing:island" v="no"/>
    <tag k="crossing:markings" v="no"/>
    <tag k="highway" v="crossing"/>
  </node>
  <node id="10964394102" lat="35.2097158" lon="-80.8597066">
    <tag k="crossing" v="traffic_signals"/>
    <tag k="highway" v="crossing"/>
  </node>
  <node id="10964394133" lat="35.2107083" lon="-80.8587007">
    <tag k="crossing" v="unmarked"/>
    <tag k="crossing:markings" v="no"/>
    <tag k="highway" v="crossing"/>
  </node>
  <node id="10984683028" lat="35.2056326" lon="-80.8360694"/>
  <node id="10984683031" lat="35.2053931" lon="-80.8359721"/>
  <node id="10984683034" lat="35.2053793" lon="-80.8352969"/>
  <node id="11042363288" lat="35.2055139" lon="-80.8349119"/>
  <node id="11042363296" lat="35.2054830" lon="-80.8350150"/>
  <node id="11042363299" lat="35.2056025" lon="-80.8345423"/>
  <node id="11042363302" lat="35.2056572" lon="-80.8342880"/>
  <node id="11042441805" lat="35.2056991" lon="-80.8340492"/>
  <node id="11060690432" lat="35.2049370" lon="-80.8396868">
    <tag k="crossing" v="uncontrolled"/>
    <tag k="highway" v="crossing"/>
  </node>
  <node id="11060690442" lat="35.2049002" lon="-80.8398176">
    <tag k="crossing" v="uncontrolled"/>
    <tag k="highway" v="crossing"/>
  </node>
  <node id="11060690459" lat="35.2049948" lon="-80.8399019">
    <tag k="crossing" v="uncontrolled"/>
    <tag k="highway" v="crossing"/>
  </node>
  <node id="11070502382" lat="35.1991953" lon="-80.8658907"/>
  <node id="11070502420" lat="35.1992862" lon="-80.8660421">
    <tag k="crossing" v="unmarked"/>
    <tag k="crossing:markings" v="no"/>
    <tag k="highway" v="crossing"/>
  </node>
  <node id="11070502454" lat="35.2001219" lon="-80.8636772"/>
  <node id="11070502622" lat="35.1978652" lon="-80.8597962">
    <tag k="crossing" v="unmarked"/>
    <tag k="crossing:markings" v="no"/>
    <tag k="highway" v="crossing"/>
  </node>
  <node id="11076296682" lat="35.1947256" lon="-80.8464804">
    <tag k="crossing" v="unmarked"/>
    <tag k="crossing:markings" v="no"/>
    <tag k="highway" v="crossing"/>
  </node>
  <node id="11076313441" lat="35.2016408" lon="-80.8460511">
    <tag k="crossing" v="unmarked"/>
    <tag k="crossing:markings" v="no"/>
    <tag k="highway" v="crossing"/>
  </node>
  <node id="11076313446" lat="35.1995728" lon="-80.8471992">
    <tag k="crossing" v="unmarked"/>
    <tag k="crossing:markings" v="no"/>
    <tag k="highway" v="crossing"/>
  </node>
  <node id="11076317624" lat="35.2090756" lon="-80.8543643">
    <tag k="crossing" v="uncontrolled"/>
    <tag k="highway" v="crossing"/>
  </node>
  <node id="11076317638" lat="35.2073866" lon="-80.8542634">
    <tag k="crossing" v="unmarked"/>
    <tag k="crossing:markings" v="no"/>
    <tag k="highway" v="crossing"/>
  </node>
  <node id="11076317641" lat="35.2072987" lon="-80.8541456">
    <tag k="crossing" v="unmarked"/>
    <tag k="crossing:markings" v="no"/>
    <tag k="highway" v="crossing"/>
  </node>
  <node id="11076317661" lat="35.2065360" lon="-80.8531280">
    <tag k="crossing" v="unmarked"/>
    <tag k="crossing:markings" v="no"/>
    <tag k="highway" v="crossing"/>
  </node>
  <node id="11076317663" lat="35.2065513" lon="-80.8530114">
    <tag k="crossing" v="unmarked"/>
    <tag k="crossing:markings" v="no"/>
    <tag k="highway" v="crossing"/>
  </node>
  <node id="11076317673" lat="35.2056076" lon="-80.8540463">
    <tag k="crossing" v="unmarked"/>
    <tag k="crossing:markings" v="no"/>
    <tag k="highway" v="crossing"/>
  </node>
  <node id="11076317727" lat="35.2039364" lon="-80.8535830"/>
  <node id="11076317762" lat="35.2055082" lon="-80.8541566">
    <tag k="crossing" v="unmarked"/>
    <tag k="crossing:markings" v="no"/>
    <tag k="highway" v="crossing"/>
  </node>
  <node id="11076317763" lat="35.2055277" lon="-80.8540775">
    <tag k="crossing" v="unmarked"/>
    <tag k="crossing:markings" v="no"/>
    <tag k="highway" v="crossing"/>
  </node>
  <node id="11076317765" lat="35.2055832" lon="-80.8541513">
    <tag k="crossing" v="unmarked"/>
    <tag k="crossing:markings" v="no"/>
    <tag k="highway" v="crossing"/>
  </node>
  <node id="11076317766" lat="35.2047024" lon="-80.8529709">
    <tag k="crossing" v="unmarked"/>
    <tag k="crossing:markings" v="no"/>
    <tag k="highway" v="crossing"/>
  </node>
  <node id="11076317767" lat="35.2046049" lon="-80.8530797">
    <tag k="crossing" v="unmarked"/>
    <tag k="crossing:markings" v="no"/>
    <tag k="highway" v="crossing"/>
  </node>
  <node id="11076317768" lat="35.2046886" lon="-80.8530582">
    <tag k="crossing" v="unmarked"/>
    <tag k="crossing:markings" v="no"/>
    <tag k="highway" v="crossing"/>
  </node>
  <node id="11076317770" lat="35.2046068" lon="-80.8529953">
    <tag k="crossing" v="unmarked"/>
    <tag k="crossing:markings" v="no"/>
    <tag k="highway" v="crossing"/>
  </node>
  <node id="11076317782" lat="35.2064402" lon="-80.8531287">
    <tag k="crossing" v="unmarked"/>
    <tag k="crossing:markings" v="no"/>
    <tag k="highway" v="crossing"/>
  </node>
  <node id="11076317784" lat="35.2064494" lon="-80.8530122">
    <tag k="crossing" v="unmarked"/>
    <tag k="crossing:markings" v="no"/>
    <tag k="highway" v="crossing"/>
  </node>
  <node id="11076317794" lat="35.2056881" lon="-80.8519921">
    <tag k="crossing" v="unmarked"/>
    <tag k="crossing:markings" v="no"/>
    <tag k="highway" v="crossing"/>
  </node>
  <node id="11076317798" lat="35.2055862" lon="-80.8519894">
    <tag k="crossing" v="unmarked"/>
    <tag k="crossing:markings" v="no"/>
    <tag k="highway" v="crossing"/>
  </node>
  <node id="11076317825" lat="35.2026649" lon="-80.8524623">
    <tag k="crossing" v="unmarked"/>
    <tag k="crossing:markings" v="no"/>
    <tag k="highway" v="crossing"/>
  </node>
  <node id="11076317827" lat="35.2025846" lon="-80.8525300">
    <tag k="crossing" v="unmarked"/>
    <tag k="crossing:markings" v="no"/>
    <tag k="highway" v="crossing"/>
  </node>
  <node id="11076317853" lat="35.2026046" lon="-80.8523622">
    <tag k="crossing" v="unmarked"/>
    <tag k="crossing:markings" v="no"/>
    <tag k="highway" v="crossing"/>
  </node>
  <node id="11076317855" lat="35.2025200" lon="-80.8524434">
    <tag k="crossing" v="unmarked"/>
    <tag k="crossing:markings" v="no"/>
    <tag k="highway" v="crossing"/>
  </node>
  <node id="11076317877" lat="35.2005811" lon="-80.8532586">
    <tag k="crossing" v="unmarked"/>
    <tag k="crossing:markings" v="no"/>
    <tag k="highway" v="crossing"/>
  </node>
  <node id="11076317939" lat="35.1966548" lon="-80.8522684"/>
  <node id="11076317940" lat="35.1965893" lon="-80.8518616"/>
  <node id="11076317941" lat="35.1970781" lon="-80.8531779">
    <tag k="crossing" v="unmarked"/>
    <tag k="crossing:markings" v="no"/>
    <tag k="highway" v="crossing"/>
  </node>
  <node id="11076317962" lat="35.2028213" lon="-80.8546000">
    <tag k="crossing" v="unmarked"/>
    <tag k="crossing:markings" v="no"/>
    <tag k="highway" v="crossing"/>
  </node>
  <node id="11076317963" lat="35.2027706" lon="-80.8547129">
    <tag k="crossing" v="unmarked"/>
    <tag k="crossing:markings" v="no"/>
    <tag k="highway" v="crossing"/>
  </node>
  <node id="11076317997" lat="35.2008799" lon="-80.8512053">
    <tag k="crossing" v="uncontrolled"/>
    <tag k="highway" v="crossing"/>
  </node>
  <node id="11076318028" lat="35.1996927" lon="-80.8495334">
    <tag k="crossing" v="unmarked"/>
    <tag k="crossing:markings" v="no"/>
    <tag k="highway" v="crossing"/>
  </node>
  <node id="11076318075" lat="35.2007816" lon="-80.8483428">
    <tag k="crossing" v="unmarked"/>
    <tag k="crossing:markings" v="no"/>
    <tag k="highway" v="crossing"/>
  </node>
  <node id="11076318134" lat="35.2016525" lon="-80.8502620">
    <tag k="crossing" v="unmarked"/>
    <tag k="crossing:markings" v="no"/>
    <tag k="highway" v="crossing"/>
  </node>
  <node id="11076318135" lat="35.2015601" lon="-80.8503585">
    <tag k="crossing" v="unmarked"/>
    <tag k="crossing:markings" v="no"/>
    <tag k="highway" v="crossing"/>
  </node>
  <node id="11076318136" lat="35.2015263" lon="-80.8502452">
    <tag k="crossing" v="unmarked"/>
    <tag k="crossing:markings" v="no"/>
    <tag k="highway" v="crossing"/>
  </node>
  <node id="11076318138" lat="35.2017827" lon="-80.8490036">
    <tag k="crossing" v="unmarked"/>
    <tag k="crossing:markings" v="no"/>
    <tag k="highway" v="crossing"/>
  </node>
  <node id="11076318157" lat="35.2016238" lon="-80.8478540">
    <tag k="crossing" v="unmarked"/>
    <tag k="crossing:markings" v="no"/>
    <tag k="highway" v="crossing"/>
  </node>
  <node id="11076318161" lat="35.2016816" lon="-80.8477307">
    <tag k="crossing" v="unmarked"/>
    <tag k="crossing:markings" v="no"/>
    <tag k="highway" v="crossing"/>
  </node>
  <node id="11076318164" lat="35.2009738" lon="-80.8467589">
    <tag k="crossing" v="unmarked"/>
    <tag k="crossing:markings" v="no"/>
    <tag k="highway" v="crossing"/>
  </node>
  <node id="11076318168" lat="35.2009023" lon="-80.8467363">
    <tag k="crossing" v="unmarked"/>
    <tag k="crossing:markings" v="no"/>
    <tag k="highway" v="crossing"/>
  </node>
  <node id="11076318178" lat="35.2009895" lon="-80.8466459">
    <tag k="crossing" v="unmarked"/>
    <tag k="crossing:markings" v="no"/>
    <tag k="highway" v="crossing"/>
  </node>
  <node id="11076318179" lat="35.2008955" lon="-80.8466462">
    <tag k="crossing" v="unmarked"/>
    <tag k="crossing:markings" v="no"/>
    <tag k="highway" v="crossing"/>
  </node>
  <node id="11076318180" lat="35.2002219" lon="-80.8475418">
    <tag k="crossing" v="unmarked"/>
    <tag k="crossing:markings" v="no"/>
    <tag k="highway" v="crossing"/>
  </node>
  <node id="11076318184" lat="35.1991576" lon="-80.8486433">
    <tag k="crossing" v="unmarked"/>
    <tag k="crossing:markings" v="no"/>
    <tag k="highway" v="crossing"/>
  </node>
  <node id="11076318197" lat="35.1989323" lon="-80.8518750">
    <tag k="crossing" v="unmarked"/>
    <tag k="crossing:markings" v="no"/>
    <tag k="highway" v="crossing"/>
  </node>
  <node id="11076318252" lat="35.1989258" lon="-80.8464346">
    <tag k="crossing" v="uncontrolled"/>
    <tag k="highway" v="crossing"/>
  </node>
  <node id="11076318276" lat="35.1989351" lon="-80.8463318">
    <tag k="crossing" v="unmarked"/>
    <tag k="crossing:markings" v="no"/>
    <tag k="highway" v="crossing"/>
  </node>
  <node id="11076318278" lat="35.1990171" lon="-80.8464457">
    <tag k="crossing" v="unmarked"/>
    <tag k="crossing:markings" v="no"/>
    <tag k="highway" v="crossing"/>
  </node>
  <node id="11076318301" lat="35.2019551" lon="-80.8448261">
    <tag k="crossing" v="uncontrolled"/>
    <tag k="highway" v="crossing"/>
  </node>
  <node id="11076318303" lat="35.2020476" lon="-80.8448146">
    <tag k="crossing" v="uncontrolled"/>
    <tag k="highway" v="crossing"/>
  </node>
  <node id="11076318305" lat="35.2020626" lon="-80.8447057">
    <tag k="crossing" v="uncontrolled"/>
    <tag k="highway" v="crossing"/>
  </node>
  <node id="11076318306" lat="35.2019658" lon="-80.8447099">
    <tag k="crossing" v="uncontrolled"/>
    <tag k="highway" v="crossing"/>
  </node>
  <node id="11076318311" lat="35.2028143" lon="-80.8438042">
    <tag k="crossing" v="uncontrolled"/>
    <tag k="highway" v="crossing"/>
  </node>
  <node id="11076318312" lat="35.2011722" lon="-80.8437679">
    <tag k="crossing" v="uncontrolled"/>
    <tag k="highway" v="crossing"/>
  </node>
  <node id="11076318314" lat="35.2012834" lon="-80.8437695">
    <tag k="crossing" v="uncontrolled"/>
    <tag k="highway" v="crossing"/>
  </node>
  <node id="11076318316" lat="35.2012986" lon="-80.8436323">
    <tag k="crossing" v="uncontrolled"/>
    <tag k="highway" v="crossing"/>
  </node>
  <node id="11076318319" lat="35.2011817" lon="-80.8436290">
    <tag k="crossing" v="uncontrolled"/>
    <tag k="highway" v="crossing"/>
  </node>
  <node id="11076318334" lat="35.2029017" lon="-80.8420763">
    <tag k="crossing" v="unmarked"/>
    <tag k="crossing:markings" v="no"/>
    <tag k="highway" v="crossing"/>
  </node>
  <node id="11076318353" lat="35.2043830" lon="-80.8424058">
    <tag k="crossing" v="unmarked"/>
    <tag k="crossing:markings" v="no"/>
    <tag k="highway" v="crossing"/>
  </node>
  <node id="11076318355" lat="35.2044021" lon="-80.8440506"/>
  <node id="11076318392" lat="35.2036706" lon="-80.8431401">
    <tag k="crossing" v="unmarked"/>
    <tag k="crossing:markings" v="no"/>
    <tag k="highway" v="crossing"/>
  </node>
  <node id="11076318394" lat="35.2035808" lon="-80.8430025">
    <tag k="crossing" v="unmarked"/>
    <tag k="crossing:markings" v="no"/>
    <tag k="highway" v="crossing"/>
  </node>
  <node id="11076318402" lat="35.2042902" lon="-80.8422771">
    <tag k="crossing" v="unmarked"/>
    <tag k="crossing:markings" v="no"/>
    <tag k="highway" v="crossing"/>
  </node>
  <node id="11076318407" lat="35.2043724" lon="-80.8422992">
    <tag k="crossing" v="unmarked"/>
    <tag k="crossing:markings" v="no"/>
    <tag k="highway" v="crossing"/>
  </node>
  <node id="11076318409" lat="35.2043086" lon="-80.8423660">
    <tag k="crossing" v="unmarked"/>
    <tag k="crossing:markings" v="no"/>
    <tag k="highway" v="crossing"/>
  </node>
  <node id="11076318432" lat="35.2069973" lon="-80.8451691">
    <tag k="crossing" v="uncontrolled"/>
    <tag k="highway" v="crossing"/>
  </node>
  <node id="11076318435" lat="35.2071532" lon="-80.8454167">
    <tag k="crossing" v="uncontrolled"/>
    <tag k="highway" v="crossing"/>
  </node>
  <node id="11076318503" lat="35.2077942" lon="-80.8463614"/>
  <node id="11076318677" lat="35.2074051" lon="-80.8480400">
    <tag k="crossing" v="unmarked"/>
    <tag k="crossing:markings" v="no"/>
    <tag k="highway" v="crossing"/>
  </node>
  <node id="11076318704" lat="35.2058647" lon="-80.8495992">
    <tag k="crossing" v="uncontrolled"/>
    <tag k="highway" v="crossing"/>
  </node>
  <node id="11076318707" lat="35.2058168" lon="-80.8497793">
    <tag k="highway" v="crossing"/>
  </node>
  <node id="11076318710" lat="35.2048378" lon="-80.8508614">
    <tag k="crossing" v="unmarked"/>
    <tag k="crossing:markings" v="no"/>
    <tag k="highway" v="crossing"/>
  </node>
  <node id="11076318712" lat="35.2048465" lon="-80.8507280">
    <tag k="crossing" v="unmarked"/>
    <tag k="crossing:markings" v="no"/>
    <tag k="highway" v="crossing"/>
  </node>
  <node id="11076318714" lat="35.2047339" lon="-80.8508516">
    <tag k="crossing" v="unmarked"/>
    <tag k="crossing:markings" v="no"/>
    <tag k="highway" v="crossing"/>
  </node>
  <node id="11076318715" lat="35.2047378" lon="-80.8507259">
    <tag k="crossing" v="unmarked"/>
    <tag k="crossing:markings" v="no"/>
    <tag k="highway" v="crossing"/>
  </node>
  <node id="11076318733" lat="35.2027829" lon="-80.8504406">
    <tag k="crossing" v="unmarked"/>
    <tag k="crossing:markings" v="no"/>
    <tag k="highway" v="crossing"/>
  </node>
  <node id="11076318734" lat="35.2038788" lon="-80.8496978">
    <tag k="crossing" v="unmarked"/>
    <tag k="crossing:markings" v="no"/>
    <tag k="highway" v="crossing"/>
  </node>
  <node id="11076318736" lat="35.2039861" lon="-80.8497213">
    <tag k="crossing" v="unmarked"/>
    <tag k="crossing:markings" v="no"/>
    <tag k="highway" v="crossing"/>
  </node>
  <node id="11076318738" lat="35.2039879" lon="-80.8495780">
    <tag k="crossing" v="unmarked"/>
    <tag k="crossing:markings" v="no"/>
    <tag k="highway" v="crossing"/>
  </node>
  <node id="11076318739" lat="35.2038650" lon="-80.8495557">
    <tag k="crossing" v="unmarked"/>
    <tag k="crossing:markings" v="no"/>
    <tag k="highway" v="crossing"/>
  </node>
  <node id="11076318749" lat="35.2041464" lon="-80.8477700">
    <tag k="crossing" v="unmarked"/>
    <tag k="crossing:markings" v="no"/>
    <tag k="highway" v="crossing"/>
  </node>
  <node id="11076318768" lat="35.2056736" lon="-80.8498124">
    <tag k="crossing" v="uncontrolled"/>
    <tag k="highway" v="crossing"/>
  </node>
  <node id="11076318778" lat="35.2056971" lon="-80.8518666">
    <tag k="crossing" v="unmarked"/>
    <tag k="crossing:markings" v="no"/>
    <tag k="highway" v="crossing"/>
  </node>
  <node id="11076318779" lat="35.2055945" lon="-80.8518679">
    <tag k="crossing" v="unmarked"/>
    <tag k="crossing:markings" v="no"/>
    <tag k="highway" v="crossing"/>
  </node>
  <node id="11076318782" lat="35.2065662" lon="-80.8507824">
    <tag k="crossing" v="unmarked"/>
    <tag k="crossing:markings" v="no"/>
    <tag k="highway" v="crossing"/>
  </node>
  <node id="11076318788" lat="35.2057150" lon="-80.8496426">
    <tag k="crossing" v="unmarked"/>
    <tag k="crossing:markings" v="no"/>
    <tag k="highway" v="crossing"/>
  </node>
  <node id="11076318814" lat="35.2049516" lon="-80.8486372">
    <tag k="crossing" v="uncontrolled"/>
    <tag k="highway" v="crossing"/>
  </node>
  <node id="11076318816" lat="35.2048315" lon="-80.8485113">
    <tag k="crossing" v="uncontrolled"/>
    <tag k="highway" v="crossing"/>
  </node>
  <node id="11076318818" lat="35.2049652" lon="-80.8484964">
    <tag k="crossing" v="uncontrolled"/>
    <tag k="highway" v="crossing"/>
  </node>
  <node id="11076318820" lat="35.2048150" lon="-80.8486645">
    <tag k="crossing" v="uncontrolled"/>
    <tag k="highway" v="crossing"/>
  </node>
  <node id="11076318873" lat="35.2053465" lon="-80.8458971">
    <tag k="crossing" v="unmarked"/>
    <tag k="crossing:markings" v="no"/>
    <tag k="highway" v="crossing"/>
  </node>
  <node id="11076318890" lat="35.2023011" lon="-80.8452986">
    <tag k="crossing" v="unmarked"/>
    <tag k="crossing:markings" v="no"/>
    <tag k="highway" v="crossing"/>
  </node>
  <node id="11076318910" lat="35.2031904" lon="-80.8486248">
    <tag k="crossing" v="unmarked"/>
    <tag k="crossing:markings" v="no"/>
    <tag k="highway" v="crossing"/>
  </node>
  <node id="11076318911" lat="35.2032694" lon="-80.8487513">
    <tag k="crossing" v="unmarked"/>
    <tag k="crossing:markings" v="no"/>
    <tag k="highway" v="crossing"/>
  </node>
  <node id="11076318912" lat="35.2031673" lon="-80.8487207">
    <tag k="crossing" v="unmarked"/>
    <tag k="crossing:markings" v="no"/>
    <tag k="highway" v="crossing"/>
  </node>
  <node id="11076318913" lat="35.2027167" lon="-80.8475646">
    <tag k="crossing" v="unmarked"/>
    <tag k="crossing:markings" v="no"/>
    <tag k="highway" v="crossing"/>
  </node>
  <node id="11076318917" lat="35.2015816" lon="-80.8476465">
    <tag k="crossing" v="unmarked"/>
    <tag k="crossing:markings" v="no"/>
    <tag k="highway" v="crossing"/>
  </node>
  <node id="11076318920" lat="35.2026125" lon="-80.8474869">
    <tag k="crossing" v="unmarked"/>
    <tag k="crossing:markings" v="no"/>
    <tag k="highway" v="crossing"/>
  </node>
  <node id="11076318931" lat="35.2026258" lon="-80.8473747">
    <tag k="crossing" v="unmarked"/>
    <tag k="crossing:markings" v="no"/>
    <tag k="highway" v="crossing"/>
  </node>
  <node id="11076318932" lat="35.2027401" lon="-80.8474369">
    <tag k="crossing" v="unmarked"/>
    <tag k="crossing:markings" v="no"/>
    <tag k="highway" v="crossing"/>
  </node>
  <node id="11076318933" lat="35.2034894" lon="-80.8467441">
    <tag k="crossing" v="uncontrolled"/>
    <tag k="highway" v="crossing"/>
  </node>
  <node id="11076318934" lat="35.2036103" lon="-80.8467396">
    <tag k="crossing" v="uncontrolled"/>
    <tag k="highway" v="crossing"/>
  </node>
  <node id="11076318936" lat="35.2035971" lon="-80.8468865">
    <tag k="crossing" v="uncontrolled"/>
    <tag k="highway" v="crossing"/>
  </node>
  <node id="11076318938" lat="35.1997663" lon="-80.8438801"/>
  <node id="11076318974" lat="35.1969991" lon="-80.8436407">
    <tag k="crossing" v="unmarked"/>
    <tag k="crossing:markings" v="no"/>
    <tag k="highway" v="crossing"/>
  </node>
  <node id="11076318975" lat="35.1978597" lon="-80.8429951">
    <tag k="crossing" v="unmarked"/>
    <tag k="crossing:markings" v="no"/>
    <tag k="highway" v="crossing"/>
  </node>
  <node id="11076318976" lat="35.1987269" lon="-80.8424198">
    <tag k="crossing" v="unmarked"/>
    <tag k="crossing:markings" v="no"/>
    <tag k="highway" v="crossing"/>
  </node>
  <node id="11076318977" lat="35.1996863" lon="-80.8417047">
    <tag k="crossing" v="unmarked"/>
    <tag k="crossing:markings" v="no"/>
    <tag k="highway" v="crossing"/>
  </node>
  <node id="11076319070" lat="35.1949289" lon="-80.8514271">
    <tag k="crossing" v="unmarked"/>
    <tag k="crossing:markings" v="no"/>
    <tag k="highway" v="crossing"/>
  </node>
  <node id="11076319131" lat="35.1951746" lon="-80.8555973">
    <tag k="crossing" v="unmarked"/>
    <tag k="crossing:markings" v="no"/>
    <tag k="highway" v="crossing"/>
  </node>
  <node id="11076319132" lat="35.1948235" lon="-80.8556721"/>
  <node id="11076319133" lat="35.1948257" lon="-80.8556800">
    <tag k="crossing" v="unmarked"/>
    <tag k="crossing:markings" v="no"/>
    <tag k="highway" v="crossing"/>
  </node>
  <node id="11076319159" lat="35.1958633" lon="-80.8602423">
    <tag k="crossing" v="unmarked"/>
    <tag k="crossing:markings" v="no"/>
    <tag k="highway" v="crossing"/>
  </node>
  <node id="11076319202" lat="35.1933965" lon="-80.8594654">
    <tag k="crossing" v="unmarked"/>
    <tag k="highway" v="crossing"/>
  </node>
  <node id="11076319203" lat="35.1933121" lon="-80.8594168">
    <tag k="crossing" v="unmarked"/>
    <tag k="crossing:markings" v="no"/>
    <tag k="highway" v="crossing"/>
  </node>
  <node id="11076319232" lat="35.1906481" lon="-80.8609989">
    <tag k="crossing" v="unmarked"/>
    <tag k="highway" v="crossing"/>
  </node>
  <node id="11076319348" lat="35.2001695" lon="-80.8547077">
    <tag k="crossing" v="uncontrolled"/>
    <tag k="highway" v="crossing"/>
  </node>
  <node id="11076337612" lat="35.1985326" lon="-80.8482502">
    <tag k="crossing" v="unmarked"/>
    <tag k="crossing:markings" v="no"/>
    <tag k="highway" v="crossing"/>
  </node>
  <node id="11076337613" lat="35.1979951" lon="-80.8475123">
    <tag k="crossing" v="unmarked"/>
    <tag k="crossing:markings" v="no"/>
    <tag k="highway" v="crossing"/>
  </node>
  <node id="11076337618" lat="35.1979073" lon="-80.8473919">
    <tag k="crossing" v="unmarked"/>
    <tag k="crossing:markings" v="no"/>
    <tag k="highway" v="crossing"/>
  </node>
  <node id="11076337619" lat="35.1990272" lon="-80.8463287">
    <tag k="crossing" v="unmarked"/>
    <tag k="crossing:markings" v="no"/>
    <tag k="highway" v="crossing"/>
  </node>
  <node id="11076337620" lat="35.1999230" lon="-80.8476567">
    <tag k="crossing" v="unmarked"/>
    <tag k="crossing:markings" v="no"/>
    <tag k="highway" v="crossing"/>
  </node>
  <node id="11076337621" lat="35.1991492" lon="-80.8501881">
    <tag k="crossing" v="unmarked"/>
    <tag k="crossing:markings" v="no"/>
    <tag k="highway" v="crossing"/>
  </node>
  <node id="11076337622" lat="35.1987150" lon="-80.8505340">
    <tag k="crossing" v="unmarked"/>
    <tag k="crossing:markings" v="no"/>
    <tag k="highway" v="crossing"/>
  </node>
  <node id="11076337633" lat="35.1957253" lon="-80.8510921">
    <tag k="crossing" v="uncontrolled"/>
    <tag k="highway" v="crossing"/>
  </node>
  <node id="11076337634" lat="35.1958445" lon="-80.8511650">
    <tag k="crossing" v="uncontrolled"/>
    <tag k="highway" v="crossing"/>
  </node>
  <node id="11076337666" lat="35.2025396" lon="-80.8602862">
    <tag k="crossing" v="unmarked"/>
    <tag k="crossing:markings" v="no"/>
    <tag k="highway" v="crossing"/>
  </node>
  <node id="11076337667" lat="35.2041563" lon="-80.8604374">
    <tag k="crossing" v="unmarked"/>
    <tag k="crossing:markings" v="no"/>
    <tag k="highway" v="crossing"/>
  </node>
  <node id="11076337735" lat="35.2023376" lon="-80.8575932"/>
  <node id="11076337738" lat="35.2035312" lon="-80.8582235"/>
  <node id="11076337772" lat="35.2046642" lon="-80.8591402">
    <tag k="crossing" v="unmarked"/>
    <tag k="crossing:markings" v="no"/>
    <tag k="highway" v="crossing"/>
  </node>
  <node id="11076337774" lat="35.2044599" lon="-80.8590103">
    <tag k="crossing" v="unmarked"/>
    <tag k="crossing:markings" v="no"/>
    <tag k="highway" v="crossing"/>
  </node>
  <node id="11076337808" lat="35.2041118" lon="-80.8594734">
    <tag k="crossing" v="unmarked"/>
    <tag k="crossing:markings" v="no"/>
    <tag k="highway" v="crossing"/>
  </node>
  <node id="11076337835" lat="35.2028507" lon="-80.8589526">
    <tag k="crossing" v="unmarked"/>
    <tag k="crossing:markings" v="no"/>
    <tag k="highway" v="crossing"/>
  </node>
  <node id="11076337838" lat="35.2034919" lon="-80.8582951">
    <tag k="crossing" v="unmarked"/>
    <tag k="crossing:markings" v="no"/>
    <tag k="highway" v="crossing"/>
  </node>
  <node id="11076337877" lat="35.2040870" lon="-80.8574921">
    <tag k="crossing" v="unmarked"/>
    <tag k="crossing:markings" v="no"/>
    <tag k="highway" v="crossing"/>
  </node>
  <node id="11076337879" lat="35.2072109" lon="-80.8563187">
    <tag k="crossing" v="unmarked"/>
    <tag k="crossing:markings" v="no"/>
    <tag k="highway" v="crossing"/>
  </node>
  <node id="11076337880" lat="35.2082530" lon="-80.8552777">
    <tag k="crossing" v="unmarked"/>
    <tag k="crossing:markings" v="no"/>
    <tag k="highway" v="crossing"/>
  </node>
  <node id="11076337881" lat="35.2081481" lon="-80.8552776">
    <tag k="crossing" v="unmarked"/>
    <tag k="crossing:markings" v="no"/>
    <tag k="highway" v="crossing"/>
  </node>
  <node id="11076337883" lat="35.2081429" lon="-80.8553988">
    <tag k="crossing" v="unmarked"/>
    <tag k="crossing:markings" v="no"/>
    <tag k="highway" v="crossing"/>
  </node>
  <node id="11076337887" lat="35.2089989" lon="-80.8564179">
    <tag k="crossing" v="unmarked"/>
    <tag k="crossing:markings" v="no"/>
    <tag k="highway" v="crossing"/>
  </node>
  <node id="11076337904" lat="35.2090960" lon="-80.8565479">
    <tag k="crossing" v="unmarked"/>
    <tag k="crossing:markings" v="no"/>
    <tag k="highway" v="crossing"/>
  </node>
  <node id="11076337911" lat="35.2072186" lon="-80.8564290">
    <tag k="crossing" v="unmarked"/>
    <tag k="crossing:markings" v="no"/>
    <tag k="highway" v="crossing"/>
  </node>
  <node id="11076337912" lat="35.2073052" lon="-80.8564444">
    <tag k="crossing" v="unmarked"/>
    <tag k="crossing:markings" v="no"/>
    <tag k="highway" v="crossing"/>
  </node>
  <node id="11076337913" lat="35.2073132" lon="-80.8563261">
    <tag k="crossing" v="unmarked"/>
    <tag k="crossing:markings" v="no"/>
    <tag k="highway" v="crossing"/>
  </node>
  <node id="11076337914" lat="35.2080713" lon="-80.8574670">
    <tag k="crossing" v="unmarked"/>
    <tag k="crossing:markings" v="no"/>
    <tag k="highway" v="crossing"/>
  </node>
  <node id="11076337919" lat="35.2089093" lon="-80.8585828">
    <tag k="crossing" v="unmarked"/>
    <tag k="crossing:markings" v="no"/>
    <tag k="highway" v="crossing"/>
  </node>
  <node id="11076337920" lat="35.2089980" lon="-80.8587006">
    <tag k="crossing" v="unmarked"/>
    <tag k="crossing:markings" v="no"/>
    <tag k="highway" v="crossing"/>
  </node>
  <node id="11076337929" lat="35.2081654" lon="-80.8575925">
    <tag k="crossing" v="unmarked"/>
    <tag k="crossing:markings" v="no"/>
    <tag k="highway" v="crossing"/>
  </node>
  <node id="11076337942" lat="35.2059407" lon="-80.8578364">
    <tag k="crossing" v="unmarked"/>
    <tag k="crossing:markings" v="no"/>
    <tag k="highway" v="crossing"/>
  </node>
  <node id="11076337949" lat="35.2058538" lon="-80.8578376">
    <tag k="crossing" v="unmarked"/>
    <tag k="crossing:markings" v="no"/>
    <tag k="highway" v="crossing"/>
  </node>
  <node id="11076337950" lat="35.2050956" lon="-80.8586641">
    <tag k="crossing" v="unmarked"/>
    <tag k="crossing:markings" v="no"/>
    <tag k="highway" v="crossing"/>
  </node>
  <node id="11076337951" lat="35.2024842" lon="-80.8535110">
    <tag k="crossing" v="unmarked"/>
    <tag k="crossing:markings" v="no"/>
    <tag k="highway" v="crossing"/>
  </node>
  <node id="11076337954" lat="35.2004584" lon="-80.8499005">
    <tag k="crossing" v="unmarked"/>
    <tag k="crossing:markings" v="no"/>
    <tag k="highway" v="crossing"/>
  </node>
  <node id="11076337962" lat="35.2006582" lon="-80.8614024">
    <tag k="crossing" v="uncontrolled"/>
    <tag k="highway" v="crossing"/>
  </node>
  <node id="11076337963" lat="35.2016925" lon="-80.8608278">
    <tag k="crossing" v="unmarked"/>
    <tag k="crossing:markings" v="no"/>
    <tag k="highway" v="crossing"/>
  </node>
  <node id="11076337965" lat="35.1912635" lon="-80.8497770">
    <tag k="crossing" v="unmarked"/>
    <tag k="crossing:markings" v="no"/>
    <tag k="highway" v="crossing"/>
  </node>
  <node id="11076337969" lat="35.1939882" lon="-80.8450420">
    <tag k="crossing" v="unmarked"/>
    <tag k="crossing:markings" v="no"/>
    <tag k="highway" v="crossing"/>
  </node>
  <node id="11078073116" lat="35.1949924" lon="-80.8614925">
    <tag k="crossing" v="unmarked"/>
    <tag k="crossing:markings" v="no"/>
    <tag k="highway" v="crossing"/>
  </node>
  <node id="11078073133" lat="35.1930566" lon="-80.8566127">
    <tag k="crossing" v="unmarked"/>
    <tag k="crossing:markings" v="no"/>
    <tag k="highway" v="crossing"/>
  </node>
  <node id="11078073135" lat="35.1929748" lon="-80.8566208">
    <tag k="crossing" v="unmarked"/>
    <tag k="crossing:markings" v="no"/>
    <tag k="highway" v="crossing"/>
  </node>
  <node id="11078073160" lat="35.1918365" lon="-80.8544225">
    <tag k="crossing" v="unmarked"/>
    <tag k="crossing:markings" v="no"/>
    <tag k="highway" v="crossing"/>
  </node>
  <node id="11078073181" lat="35.1929625" lon="-80.8565411">
    <tag k="crossing" v="unmarked"/>
    <tag k="crossing:markings" v="no"/>
    <tag k="highway" v="crossing"/>
  </node>
  <node id="11078073184" lat="35.1930362" lon="-80.8565037">
    <tag k="crossing" v="unmarked"/>
    <tag k="crossing:markings" v="no"/>
    <tag k="highway" v="crossing"/>
  </node>
  <node id="11078073195" lat="35.1936109" lon="-80.8522511">
    <tag k="crossing" v="unmarked"/>
    <tag k="crossing:markings" v="no"/>
    <tag k="highway" v="crossing"/>
  </node>
  <node id="11078073199" lat="35.1945096" lon="-80.8518393">
    <tag k="crossing" v="unmarked"/>
    <tag k="crossing:markings" v="no"/>
    <tag k="highway" v="crossing"/>
  </node>
  <node id="11078073221" lat="35.1951924" lon="-80.8519328"/>
  <node id="11078073222" lat="35.1951423" lon="-80.8518143"/>
  <node id="11078073223" lat="35.1952737" lon="-80.8521360"/>
  <node id="11078073225" lat="35.1954989" lon="-80.8527624"/>
  <node id="11078073240" lat="35.1956753" lon="-80.8532530"/>
  <node id="11078073242" lat="35.1957982" lon="-80.8535286"/>
  <node id="11078073246" lat="35.1961399" lon="-80.8536913"/>
  <node id="11078073276" lat="35.1962944" lon="-80.8546193"/>
  <node id="11078073277" lat="35.1958859" lon="-80.8538203"/>
  <node id="11078073288" lat="35.1955555" lon="-80.8539913"/>
  <node id="11078073297" lat="35.1955218" lon="-80.8548185"/>
  <node id="11078073306" lat="35.1960193" lon="-80.8550216"/>
  <node id="11078073307" lat="35.1963780" lon="-80.8544694"/>
  <node id="11078073312" lat="35.1960675" lon="-80.8537279"/>
  <node id="11078073502" lat="35.1921390" lon="-80.8527189">
    <tag k="crossing" v="unmarked"/>
    <tag k="crossing:markings" v="no"/>
    <tag k="highway" v="crossing"/>
  </node>
  <node id="11078073510" lat="35.1930498" lon="-80.8448704"/>
  <node id="11078073511" lat="35.1975849" lon="-80.8478241"/>
  <node id="11078073527" lat="35.2024628" lon="-80.8433079"/>
  <node id="11078073528" lat="35.2065223" lon="-80.8509524">
    <tag k="crossing" v="uncontrolled"/>
    <tag k="highway" v="crossing"/>
  </node>
  <node id="11078073999" lat="35.2073794" lon="-80.8520885">
    <tag k="crossing" v="uncontrolled"/>
    <tag k="highway" v="crossing"/>
  </node>
  <node id="11078074006" lat="35.2005117" lon="-80.8425456">
    <tag k="crossing" v="unmarked"/>
    <tag k="crossing:markings" v="no"/>
    <tag k="highway" v="crossing"/>
  </node>
  <node id="11078074288" lat="35.1995556" lon="-80.8412233">
    <tag k="crossing" v="unmarked"/>
    <tag k="crossing:markings" v="no"/>
    <tag k="highway" v="crossing"/>
  </node>
  <node id="11078074292" lat="35.1990790" lon="-80.8407215">
    <tag k="crossing" v="uncontrolled"/>
    <tag k="highway" v="crossing"/>
  </node>
  <node id="11078074294" lat="35.1989042" lon="-80.8406142">
    <tag k="crossing" v="unmarked"/>
    <tag k="crossing:markings" v="no"/>
    <tag k="highway" v="crossing"/>
  </node>
  <node id="11078074304" lat="35.1977887" lon="-80.8398808">
    <tag k="crossing" v="unmarked"/>
    <tag k="crossing:markings" v="no"/>
    <tag k="highway" v="crossing"/>
  </node>
  <node id="11078074310" lat="35.1968659" lon="-80.8391045">
    <tag k="crossing" v="unmarked"/>
    <tag k="crossing:markings" v="no"/>
    <tag k="highway" v="crossing"/>
  </node>
  <node id="11078074313" lat="35.1969623" lon="-80.8389587">
    <tag k="crossing" v="unmarked"/>
    <tag k="crossing:markings" v="no"/>
    <tag k="highway" v="crossing"/>
  </node>
  <node id="11078074318" lat="35.1973853" lon="-80.8394940">
    <tag k="crossing" v="uncontrolled"/>
    <tag k="highway" v="crossing"/>
  </node>
  <node id="11078074328" lat="35.1989055" lon="-80.8403357">
    <tag k="crossing" v="unmarked"/>
    <tag k="crossing:markings" v="no"/>
    <tag k="highway" v="crossing"/>
  </node>
  <node id="11078074347" lat="35.1970298" lon="-80.8422686"/>
  <node id="11078074370" lat="35.1966191" lon="-80.8409070">
    <tag k="crossing" v="unmarked"/>
    <tag k="crossing:markings" v="no"/>
    <tag k="highway" v="crossing"/>
  </node>
  <node id="11084118569" lat="35.2056025" lon="-80.8307637">
    <tag k="crossing" v="unmarked"/>
    <tag k="crossing:markings" v="no"/>
    <tag k="highway" v="crossing"/>
  </node>
  <node id="11126535017" lat="35.1977466" lon="-80.8598208">
    <tag k="crossing" v="unmarked"/>
    <tag k="crossing:markings" v="no"/>
    <tag k="highway" v="crossing"/>
  </node>
  <node id="11126535099" lat="35.1962642" lon="-80.8589782">
    <tag k="crossing" v="uncontrolled"/>
    <tag k="highway" v="crossing"/>
  </node>
  <node id="11126535100" lat="35.1962862" lon="-80.8590477">
    <tag k="crossing" v="unmarked"/>
    <tag k="crossing:markings" v="no"/>
    <tag k="highway" v="crossing"/>
  </node>
  <node id="11126535104" lat="35.1939289" lon="-80.8572886">
    <tag k="crossing" v="unmarked"/>
    <tag k="crossing:markings" v="no"/>
    <tag k="highway" v="crossing"/>
  </node>
  <node id="11126535106" lat="35.1938360" lon="-80.8573120">
    <tag k="crossing" v="unmarked"/>
    <tag k="crossing:markings" v="no"/>
    <tag k="highway" v="crossing"/>
  </node>
  <node id="11126535108" lat="35.1938225" lon="-80.8572079">
    <tag k="crossing" v="uncontrolled"/>
    <tag k="highway" v="crossing"/>
  </node>
  <node id="11126535111" lat="35.1886666" lon="-80.8515631">
    <tag k="crossing" v="unmarked"/>
    <tag k="crossing:markings" v="no"/>
    <tag k="highway" v="crossing"/>
  </node>
  <node id="11126535115" lat="35.1884139" lon="-80.8495402">
    <tag k="crossing" v="unmarked"/>
    <tag k="crossing:markings" v="no"/>
    <tag k="highway" v="crossing"/>
  </node>
  <node id="11126535122" lat="35.1881459" lon="-80.8481985">
    <tag k="crossing" v="unmarked"/>
    <tag k="crossing:markings" v="no"/>
    <tag k="highway" v="crossing"/>
  </node>
  <node id="11128745474" lat="35.2052165" lon="-80.8407276">
    <tag k="crossing" v="uncontrolled"/>
    <tag k="crossing:markings" v="zebra"/>
    <tag k="crossing:signals" v="no"/>
    <tag k="highway" v="crossing"/>
  </node>
  <node id="11128745487" lat="35.2030949" lon="-80.8416625">
    <tag k="crossing" v="uncontrolled"/>
    <tag k="crossing:markings" v="ladder:paired"/>
    <tag k="crossing:signals" v="no"/>
    <tag k="highway" v="crossing"/>
  </node>
  <node id="11128745489" lat="35.2037509" lon="-80.8415206">
    <tag k="crossing" v="unmarked"/>
    <tag k="crossing:markings" v="no"/>
    <tag k="highway" v="crossing"/>
  </node>
  <node id="11223702176" lat="35.1965970" lon="-80.8517714"/>
  <node id="11223702178" lat="35.1965901" lon="-80.8519188"/>
  <node id="11223702200" lat="35.1964492" lon="-80.8514769"/>
  <node id="11223702206" lat="35.1962507" lon="-80.8514236"/>
  <node id="11237198242" lat="35.2046780" lon="-80.8386456">
    <tag k="crossing" v="uncontrolled"/>
    <tag k="highway" v="crossing"/>
  </node>
  <node id="11237198252" lat="35.2055842" lon="-80.8394889"/>
  <node id="11237198253" lat="35.2058840" lon="-80.8394037"/>
  <node id="11237198279" lat="35.2046588" lon="-80.8384947"/>
  <node id="11237198287" lat="35.2047010" lon="-80.8388002"/>
  <node id="11237198313" lat="35.2044150" lon="-80.8378060"/>
  <node id="11237198316" lat="35.2043740" lon="-80.8377613">
    <tag k="crossing" v="uncontrolled"/>
    <tag k="highway" v="crossing"/>
  </node>
  <node id="11237198317" lat="35.2043408" lon="-80.8377270"/>
  <node id="11237198329" lat="35.2042145" lon="-80.8376155"/>
  <node id="11237212699" lat="35.2025398" lon="-80.8375331"/>
  <node id="11237212713" lat="35.2047442" lon="-80.8389695"/>
  <node id="11237212738" lat="35.2043684" lon="-80.8400068">
    <tag k="crossing" v="uncontrolled"/>
    <tag k="highway" v="crossing"/>
  </node>
  <node id="11380696545" lat="35.2019410" lon="-80.8643872"/>
  <node id="11460654400" lat="35.2013129" lon="-80.8404401"/>
  <node id="11460654401" lat="35.2015574" lon="-80.8403923"/>
  <node id="11460654402" lat="35.2020418" lon="-80.8400566"/>
  <node id="11462227091" lat="35.2011287" lon="-80.8400597"/>
  <node id="11563280932" lat="35.2051116" lon="-80.8433910"/>
  <node id="11586051558" lat="35.2004800" lon="-80.8377779">
    <tag k="crossing" v="uncontrolled"/>
    <tag k="highway" v="crossing"/>
  </node>
  <node id="11586051561" lat="35.2008392" lon="-80.8377348">
    <tag k="crossing" v="uncontrolled"/>
    <tag k="highway" v="crossing"/>
  </node>
  <node id="11586051565" lat="35.2009449" lon="-80.8378188">
    <tag k="crossing" v="uncontrolled"/>
    <tag k="highway" v="crossing"/>
  </node>
  <node id="11586069070" lat="35.2024224" lon="-80.8375480">
    <tag k="crossing" v="uncontrolled"/>
    <tag k="highway" v="crossing"/>
  </node>
  <node id="11586069112" lat="35.2022315" lon="-80.8412049"/>
  <node id="11586069158" lat="35.2019569" lon="-80.8401128">
    <tag k="highway" v="crossing"/>
  </node>
  <node id="11586069176" lat="35.2011715" lon="-80.8404200">
    <tag k="highway" v="crossing"/>
  </node>
  <node id="11586069180" lat="35.2010899" lon="-80.8402864">
    <tag k="crossing" v="uncontrolled"/>
    <tag k="highway" v="crossing"/>
  </node>
  <node id="11586069183" lat="35.2008132" lon="-80.8403685"/>
  <node id="11586069197" lat="35.2009854" lon="-80.8403838">
    <tag k="crossing" v="uncontrolled"/>
    <tag k="highway" v="crossing"/>
  </node>
  <node id="11630916088" lat="35.1994103" lon="-80.8662777"/>
  <node id="11644735161" lat="35.2030337" lon="-80.8418413">
    <tag k="crossing" v="traffic_signals"/>
    <tag k="crossing:island" v="no"/>
    <tag k="crossing:markings" v="ladder:paired"/>
    <tag k="crossing:signals" v="yes"/>
    <tag k="crossing_ref" v="hawk"/>
    <tag k="highway" v="crossing"/>
  </node>
  <node id="11675524268" lat="35.2070113" lon="-80.8453146">
    <tag k="crossing" v="uncontrolled"/>
    <tag k="highway" v="crossing"/>
  </node>
  <node id="11675660490" lat="35.2067597" lon="-80.8455803">
    <tag k="crossing" v="unmarked"/>
    <tag k="crossing:markings" v="no"/>
    <tag k="highway" v="crossing"/>
  </node>
  <node id="11675660494" lat="35.2069277" lon="-80.8458852">
    <tag k="crossing" v="unmarked"/>
    <tag k="crossing:markings" v="no"/>
    <tag k="highway" v="crossing"/>
  </node>
  <node id="11743255537" lat="35.1999742" lon="-80.8419615"/>
  <node id="11743264599" lat="35.1999337" lon="-80.8419055"/>
  <node id="11743264628" lat="35.2008827" lon="-80.8421650"/>
  <node id="11743264636" lat="35.2007479" lon="-80.8423033"/>
  <node id="11757084448" lat="35.2085522" lon="-80.8549455"/>
  <node id="11762019254" lat="35.2031902" lon="-80.8463427"/>
  <node id="11902145963" lat="35.2031093" lon="-80.8423279"/>
  <node id="11902145965" lat="35.2024443" lon="-80.8432817"/>
  <node id="11902148983" lat="35.1903960" lon="-80.8544800"/>
  <node id="11902149087" lat="35.2021456" lon="-80.8428746">
    <tag k="crossing" v="uncontrolled"/>
    <tag k="highway" v="crossing"/>
  </node>
  <node id="11908198004" lat="35.1898728" lon="-80.8316815"/>
  <node id="11908244050" lat="35.1953781" lon="-80.8340738"/>
  <node id="11908244062" lat="35.1946991" lon="-80.8341997"/>
  <node id="11908244065" lat="35.1946160" lon="-80.8341365"/>
  <node id="11908250175" lat="35.1944015" lon="-80.8339655"/>
  <node id="11908250179" lat="35.1940433" lon="-80.8335889"/>
  <node id="11908250185" lat="35.1939820" lon="-80.8334888"/>
  <node id="11908250188" lat="35.1938771" lon="-80.8332993"/>
  <node id="11908250191" lat="35.1937799" lon="-80.8331222"/>
  <node id="11908250198" lat="35.1937001" lon="-80.8329764"/>
  <node id="11908250200" lat="35.1935089" lon="-80.8326308"/>
  <node id="11908250203" lat="35.1935989" lon="-80.8327929"/>
  <node id="11908250345" lat="35.1974263" lon="-80.8322338"/>
  <node id="11908250347" lat="35.1979385" lon="-80.8322813"/>
  <node id="11908250350" lat="35.1981513" lon="-80.8323172"/>
  <node id="11908250355" lat="35.1982463" lon="-80.8323321"/>
  <node id="11908250358" lat="35.1988536" lon="-80.8323181"/>
  <node id="11908250362" lat="35.1993726" lon="-80.8321623"/>
  <node id="11908250365" lat="35.2003265" lon="-80.8316910"/>
  <node id="11908631647" lat="35.1984233" lon="-80.8338783"/>
  <node id="11908631651" lat="35.1983499" lon="-80.8335894"/>
  <node id="11908631658" lat="35.1986153" lon="-80.8325259"/>
  <node id="11908631662" lat="35.1989795" lon="-80.8324733"/>
  <node id="11908631666" lat="35.1991982" lon="-80.8324100"/>
  <node id="11908748272" lat="35.1999603" lon="-80.8332324"/>
  <node id="11908748277" lat="35.1999520" lon="-80.8336237"/>
  <node id="11908748280" lat="35.1999475" lon="-80.8339622"/>
  <node id="11908748283" lat="35.1999417" lon="-80.8342976"/>
  <node id="11908748288" lat="35.1999577" lon="-80.8354172"/>
  <node id="11908748298" lat="35.1999932" lon="-80.8358767"/>
  <node id="11908748309" lat="35.1999423" lon="-80.8342619"/>
  <node id="11908748312" lat="35.1999487" lon="-80.8338963"/>
  <node id="11908748317" lat="35.1999529" lon="-80.8335467"/>
  <node id="11908748320" lat="35.1999876" lon="-80.8329343"/>
  <node id="11908748324" lat="35.2000548" lon="-80.8326473"/>
  <node id="11908748341" lat="35.2013039" lon="-80.8361960"/>
  <node id="11908748351" lat="35.2019535" lon="-80.8361244"/>
  <node id="11908748355" lat="35.2021542" lon="-80.8361022"/>
  <node id="11908748375" lat="35.2026061" lon="-80.8360499"/>
  <node id="11959507138" lat="35.2047300" lon="-80.8356316"/>
  <node id="11959507145" lat="35.2045886" lon="-80.8354522"/>
  <node id="11959507147" lat="35.2053599" lon="-80.8353435"/>
  <node id="11959507150" lat="35.2054453" lon="-80.8351289"/>
  <node id="11959507153" lat="35.2054728" lon="-80.8350488"/>
  <node id="11959507162" lat="35.2057471" lon="-80.8337723"/>
  <node id="11959507164" lat="35.2057850" lon="-80.8335118"/>
  <node id="11959507166" lat="35.2057923" lon="-80.8334602"/>
  <node id="11959507168" lat="35.2058440" lon="-80.8330220"/>
  <node id="11959507171" lat="35.2058481" lon="-80.8329852"/>
  <node id="11959507175" lat="35.2058698" lon="-80.8327259"/>
  <node id="11959507180" lat="35.2058738" lon="-80.8326740"/>
  <node id="11959507185" lat="35.2058900" lon="-80.8324428"/>
  <node id="11959507187" lat="35.2058883" lon="-80.8324810"/>
  <node id="11959507202" lat="35.2059009" lon="-80.8321979"/>
  <node id="11959507205" lat="35.2059045" lon="-80.8321175"/>
  <node id="11959507208" lat="35.2059107" lon="-80.8319239"/>
  <node id="11959507215" lat="35.2058136" lon="-80.8314527"/>
  <node id="11959507217" lat="35.2057930" lon="-80.8313836"/>
  <node id="11959507248" lat="35.2056310" lon="-80.8308404"/>
  <node id="12049644820" lat="35.2017139" lon="-80.8459004"/>
  <node id="12049644827" lat="35.2012747" lon="-80.8463523"/>
  <node id="12049644831" lat="35.2014283" lon="-80.8461941"/>
  <node id="12049644839" lat="35.2006956" lon="-80.8463487"/>
  <node id="12049644843" lat="35.1995590" lon="-80.8473016">
    <tag k="crossing" v="traffic_signals"/>
    <tag k="highway" v="crossing"/>
  </node>
  <node id="12049644847" lat="35.1996765" lon="-80.8473013"/>
  <node id="12210264472" lat="35.2050972" lon="-80.8451771"/>
  <node id="12210264475" lat="35.2050349" lon="-80.8433708"/>
  <node id="12249203356" lat="35.2043298" lon="-80.8599628"/>
  <node id="12249203359" lat="35.2044152" lon="-80.8597292"/>
  <node id="12249203401" lat="35.2033943" lon="-80.8585290">
    <tag k="crossing" v="unmarked"/>
    <tag k="crossing:markings" v="no"/>
    <tag k="highway" v="crossing"/>
  </node>
  <node id="12255441125" lat="35.1986132" lon="-80.8652145"/>
  <node id="12255441161" lat="35.1965954" lon="-80.8622444"/>
  <node id="12255441164" lat="35.1967190" lon="-80.8629382"/>
  <node id="12255441165" lat="35.1967290" lon="-80.8629662"/>
  <node id="12255441168" lat="35.1968484" lon="-80.8632365"/>
  <node id="12255441170" lat="35.1970010" lon="-80.8634621"/>
  <node id="12255441172" lat="35.1970276" lon="-80.8634967"/>
  <node id="12255441176" lat="35.1972009" lon="-80.8637103"/>
  <node id="12255441179" lat="35.1973702" lon="-80.8639059"/>
  <node id="12255441182" lat="35.1975350" lon="-80.8640990"/>
  <node id="12255441184" lat="35.1976953" lon="-80.8642868"/>
  <node id="12255441187" lat="35.1980441" lon="-80.8646626"/>
  <node id="12255441189" lat="35.1982219" lon="-80.8648375"/>
  <node id="12255441191" lat="35.1984175" lon="-80.8650260"/>
  <node id="12338036151" lat="35.2027267" lon="-80.8503391"/>
  <node id="12338036152" lat="35.2028541" lon="-80.8503117"/>
  <node id="12338036156" lat="35.2006044" lon="-80.8522896">
    <tag k="crossing" v="unmarked"/>
    <tag k="crossing:markings" v="no"/>
    <tag k="highway" v="crossing"/>
  </node>
  <node id="12338036162" lat="35.2006766" lon="-80.8522068">
    <tag k="crossing" v="traffic_signals"/>
    <tag k="highway" v="crossing"/>
  </node>
  <node id="12338036166" lat="35.2006230" lon="-80.8520966">
    <tag k="crossing" v="traffic_signals"/>
    <tag k="highway" v="crossing"/>
  </node>
  <node id="12338036167" lat="35.2005607" lon="-80.8521918">
    <tag k="crossing" v="traffic_signals"/>
    <tag k="highway" v="crossing"/>
  </node>
  <node id="12338036174" lat="35.2002624" lon="-80.8521507"/>
  <node id="12338036182" lat="35.1997318" lon="-80.8520776"/>
  <node id="12338036192" lat="35.1999310" lon="-80.8521051"/>
  <node id="12338036198" lat="35.2000200" lon="-80.8521173"/>
  <node id="12338043601" lat="35.1994532" lon="-80.8520385"/>
  <node id="12338043613" lat="35.1993017" lon="-80.8520173"/>
  <node id="12445906105" lat="35.1944229" lon="-80.8494511"/>
  <node id="12445906109" lat="35.1943540" lon="-80.8494768"/>
  <node id="12445906130" lat="35.1949480" lon="-80.8492252"/>
  <node id="12469099166" lat="35.2011316" lon="-80.8398846"/>
  <node id="12469099167" lat="35.2014563" lon="-80.8404342"/>
  <node id="12469099168" lat="35.2015069" lon="-80.8404150"/>
  <node id="12469099169" lat="35.2013851" lon="-80.8404430"/>
  <node id="12470280412" lat="35.2057816" lon="-80.8476419">
    <tag k="crossing" v="unmarked"/>
    <tag k="crossing:markings" v="no"/>
    <tag k="highway" v="crossing"/>
  </node>
  <node id="12543039050" lat="35.1973195" lon="-80.8482016"/>
  <node id="12543039052" lat="35.1972578" lon="-80.8480663">
    <tag k="crossing" v="unmarked"/>
    <tag k="crossing:markings" v="no"/>
    <tag k="highway" v="crossing"/>
  </node>
  <node id="12543039065" lat="35.1968279" lon="-80.8486391">
    <tag k="crossing" v="unmarked"/>
    <tag k="crossing:markings" v="no"/>
    <tag k="highway" v="crossing"/>
  </node>
  <node id="12543039066" lat="35.1960561" lon="-80.8479113"/>
  <node id="12543039067" lat="35.1957833" lon="-80.8478046"/>
  <node id="12702976049" lat="35.2029330" lon="-80.8364002"/>
  <node id="12702976050" lat="35.2029312" lon="-80.8364505"/>
  <node id="12702976051" lat="35.2029212" lon="-80.8364940"/>
  <node id="12702976052" lat="35.2028978" lon="-80.8365502"/>
  <node id="12702976053" lat="35.2027501" lon="-80.8370002"/>
  <node id="12702976054" lat="35.2027596" lon="-80.8368967"/>
  <node id="12702976055" lat="35.2027827" lon="-80.8367956"/>
  <node id="12702976079" lat="35.2028769" lon="-80.8374863"/>
  <node id="12702976503" lat="35.2027282" lon="-80.8375079">
    <tag k="crossing" v="uncontrolled"/>
    <tag k="crossing:markings" v="yes"/>
    <tag k="highway" v="crossing"/>
  </node>
  <node id="12749006761" lat="35.1981680" lon="-80.8579401"/>
  <node id="12752839301" lat="35.1995110" lon="-80.8396750"/>
  <node id="12752839303" lat="35.1995251" lon="-80.8395267"/>
  <node id="12752839308" lat="35.1993624" lon="-80.8393287"/>
  <node id="12752839310" lat="35.1993400" lon="-80.8393038"/>
  <node id="12752839312" lat="35.1992668" lon="-80.8392309"/>
  <node id="12752839313" lat="35.1991576" lon="-80.8391339"/>
  <node id="12752839315" lat="35.1990132" lon="-80.8390157"/>
  <node id="12752839317" lat="35.1988726" lon="-80.8389182"/>
  <node id="12752839327" lat="35.1988639" lon="-80.8389129"/>
  <node id="12752839330" lat="35.1986208" lon="-80.8387706"/>
  <node id="12752839332" lat="35.1987354" lon="-80.8388342"/>
  <node id="12752839335" lat="35.1983398" lon="-80.8386491"/>
  <node id="12752839337" lat="35.1979604" lon="-80.8385466"/>
  <node id="12752839338" lat="35.1982706" lon="-80.8386243"/>
  <node id="12752839340" lat="35.1980541" lon="-80.8385640"/>
  <node id="12752839345" lat="35.1978708" lon="-80.8385347"/>
  <node id="12752839347" lat="35.1977554" lon="-80.8385265"/>
  <node id="12752839351" lat="35.1976299" lon="-80.8385384"/>
  <node id="12752839353" lat="35.1975496" lon="-80.8385532"/>
  <node id="12752839355" lat="35.1974830" lon="-80.8385723"/>
  <node id="12752839357" lat="35.1973698" lon="-80.8386190"/>
  <node id="12752839385" lat="35.1967076" lon="-80.8395337"/>
  <node id="12752839391" lat="35.1967849" lon="-80.8392801"/>
  <node id="12752839397" lat="35.1966571" lon="-80.8399415"/>
  <node id="12752839399" lat="35.1966401" lon="-80.8400994"/>
  <node id="12752839401" lat="35.1966366" lon="-80.8401319"/>
  <node id="12752839403" lat="35.1966168" lon="-80.8403150"/>
  <node id="12752839404" lat="35.1966780" lon="-80.8397545"/>
  <node id="12752839406" lat="35.1966600" lon="-80.8399155"/>
  <node id="12752839408" lat="35.1966558" lon="-80.8399536"/>
  <node id="12752839410" lat="35.1966377" lon="-80.8401216"/>
  <node id="12752839412" lat="35.1966191" lon="-80.8402942"/>
  <node id="12752839414" lat="35.1965663" lon="-80.8407830"/>
  <node id="12752839416" lat="35.1965314" lon="-80.8410998"/>
  <node id="12752839418" lat="35.1965431" lon="-80.8409878"/>
  <node id="12752839441" lat="35.1966668" lon="-80.8418737"/>
  <node id="12752839443" lat="35.1968233" lon="-80.8420879"/>
  <node id="12752839446" lat="35.1967155" lon="-80.8424860"/>
  <node id="12752839448" lat="35.1965265" lon="-80.8411818"/>
  <node id="12752839451" lat="35.1965875" lon="-80.8416493"/>
  <node id="12752839466" lat="35.1972121" lon="-80.8421348"/>
  <node id="12752839468" lat="35.1973801" lon="-80.8420148"/>
  <node id="12752839470" lat="35.1977010" lon="-80.8417763"/>
  <node id="12752839472" lat="35.1978214" lon="-80.8416869"/>
  <node id="12752839474" lat="35.1979443" lon="-80.8415955"/>
  <node id="12752839476" lat="35.1980507" lon="-80.8415054"/>
  <node id="12752839478" lat="35.1980825" lon="-80.8414762"/>
  <node id="12752839480" lat="35.1982094" lon="-80.8413490"/>
  <node id="12752839489" lat="35.1982728" lon="-80.8412829"/>
  <node id="12752839491" lat="35.1983984" lon="-80.8411517"/>
  <node id="12752839495" lat="35.1981857" lon="-80.8413737"/>
  <node id="12752839499" lat="35.1980617" lon="-80.8414953"/>
  <node id="12752839503" lat="35.1977177" lon="-80.8417639"/>
  <node id="12752839505" lat="35.1975222" lon="-80.8419092"/>
  <node id="12752839508" lat="35.1972529" lon="-80.8421062"/>
  <node id="12752839510" lat="35.1969684" lon="-80.8423137"/>
  <node id="12752839514" lat="35.1966787" lon="-80.8425110"/>
  <node id="12752839521" lat="35.1965758" lon="-80.8425811"/>
  <node id="12752839529" lat="35.1960416" lon="-80.8429543"/>
  <node id="12752839537" lat="35.1968517" lon="-80.8409196"/>
  <node id="12752839539" lat="35.1965806" lon="-80.8406506"/>
  <node id="12752839541" lat="35.1969803" lon="-80.8409011"/>
  <node id="12752839542" lat="35.1969664" lon="-80.8409039"/>
  <node id="12752839544" lat="35.1971099" lon="-80.8408622"/>
  <node id="12752839547" lat="35.1971191" lon="-80.8408592"/>
  <node id="12752839551" lat="35.1972303" lon="-80.8408045"/>
  <node id="12752839554" lat="35.1973667" lon="-80.8407106"/>
  <node id="12752839555" lat="35.1972885" lon="-80.8407705"/>
  <node id="12752839562" lat="35.1973954" lon="-80.8406878"/>
  <node id="12752839567" lat="35.1975417" lon="-80.8405367"/>
  <node id="12752839568" lat="35.1976281" lon="-80.8404023"/>
  <node id="12752839571" lat="35.1976365" lon="-80.8403858"/>
  <node id="12752839572" lat="35.1976992" lon="-80.8402334"/>
  <node id="12752839578" lat="35.1980483" lon="-80.8398687"/>
  <node id="12752839595" lat="35.1972462" lon="-80.8393568"/>
  <node id="12752839660" lat="35.1992287" lon="-80.8399860"/>
  <node id="12761735045" lat="35.2042727" lon="-80.8351091"/>
  <node id="12761743352" lat="35.2054197" lon="-80.8360659"/>
  <node id="13020134513" lat="35.2082211" lon="-80.8467707"/>
  <node id="13020134518" lat="35.2078433" lon="-80.8464150"/>
  <node id="13032619958" lat="35.2039213" lon="-80.8413690"/>
  <node id="13032619970" lat="35.2043321" lon="-80.8412013"/>
  <node id="13058618210" lat="35.2060935" lon="-80.8415557"/>
  <node id="13058618332" lat="35.2068452" lon="-80.8449225"/>
  <node id="13058618333" lat="35.2066501" lon="-80.8445814"/>
  <node id="13058618417" lat="35.2074479" lon="-80.8459127"/>
  <node id="13058618427" lat="35.2075619" lon="-80.8460762"/>
  <node id="13058618522" lat="35.2080786" lon="-80.8466489"/>
  <node id="13058618525" lat="35.2083721" lon="-80.8468956"/>
  <node id="13058618530" lat="35.2086405" lon="-80.8471274"/>
  <node id="13058618533" lat="35.2089491" lon="-80.8475197"/>
  <node id="13058618535" lat="35.2090404" lon="-80.8476823"/>
  <node id="13058618544" lat="35.2092336" lon="-80.8481710"/>
  <node id="13058618548" lat="35.2092895" lon="-80.8483751"/>
  <node id="13058618549" lat="35.2093820" lon="-80.8487132"/>
  <node id="13058618557" lat="35.2094198" lon="-80.8488515"/>
  <node id="13058618559" lat="35.2094861" lon="-80.8490821"/>
  <node id="13058618560" lat="35.2095684" lon="-80.8493103"/>
  <node id="13058618564" lat="35.2096521" lon="-80.8495096"/>
  <node id="13058618567" lat="35.2096752" lon="-80.8495563"/>
  <node id="13058618568" lat="35.2097775" lon="-80.8497489"/>
  <node id="13058618576" lat="35.2098916" lon="-80.8499343"/>
  <node id="13058618580" lat="35.2100166" lon="-80.8501036"/>
  <node id="13058618584" lat="35.2102545" lon="-80.8503686"/>
  <node id="13058618586" lat="35.2104233" lon="-80.8505378"/>
  <node id="13066975349" lat="35.2065945" lon="-80.8488492"/>
  <node id="13066975354" lat="35.2055454" lon="-80.8494139"/>
  <node id="13066975360" lat="35.2056203" lon="-80.8477856"/>
  <node id="13066975362" lat="35.2061308" lon="-80.8473558"/>
  <node id="13066975372" lat="35.2062891" lon="-80.8472048"/>
  <node id="13066975378" lat="35.2072522" lon="-80.8482366"/>
  <node id="13066975380" lat="35.2070203" lon="-80.8484840"/>
  <node id="13066975382" lat="35.2068928" lon="-80.8486068"/>
  <node id="13066975383" lat="35.2068588" lon="-80.8486395"/>
  <node id="13066975384" lat="35.2067309" lon="-80.8487418"/>
  <node id="13066975385" lat="35.2068226" lon="-80.8486694"/>
  <node id="13066975397" lat="35.2067150" lon="-80.8487543"/>
  <node id="13066975401" lat="35.2062867" lon="-80.8491312"/>
  <node id="13066975439" lat="35.2071993" lon="-80.8482944"/>
  <node id="13066975442" lat="35.2070533" lon="-80.8484522"/>
  <node id="13067144997" lat="35.2068199" lon="-80.8462816"/>
  <node id="13067145000" lat="35.2064566" lon="-80.8457727"/>
  <node id="13067147703" lat="35.2062868" lon="-80.8458368"/>
  <node id="13067147705" lat="35.2059330" lon="-80.8459075"/>
  <node id="13067147708" lat="35.2056177" lon="-80.8459541"/>
  <node id="13067147710" lat="35.2054613" lon="-80.8459744"/>
  <node id="13067147712" lat="35.2052121" lon="-80.8459923"/>
  <node id="13067147713" lat="35.2050647" lon="-80.8465590"/>
  <node id="13067147715" lat="35.2051888" lon="-80.8467256"/>
  <node id="13067147717" lat="35.2053126" lon="-80.8468918"/>
  <node id="13067147720" lat="35.2055003" lon="-80.8471439"/>
  <node id="13067147722" lat="35.2063093" lon="-80.8471852"/>
  <node id="13067147725" lat="35.2065938" lon="-80.8467910"/>
  <node id="13067147737" lat="35.2040498" lon="-80.8463065"/>
  <node id="13067147739" lat="35.2043045" lon="-80.8461527"/>
  <node id="13067147741" lat="35.2044500" lon="-80.8460889"/>
  <node id="13067147743" lat="35.2046065" lon="-80.8460452"/>
  <node id="13067147749" lat="35.2049208" lon="-80.8460084"/>
  <node id="13067147751" lat="35.2050962" lon="-80.8459980"/>
  <node id="13067147754" lat="35.2051770" lon="-80.8453592"/>
  <node id="13067147756" lat="35.2052125" lon="-80.8454510"/>
  <node id="13067147758" lat="35.2050168" lon="-80.8450221"/>
  <node id="13067147760" lat="35.2049182" lon="-80.8448693"/>
  <node id="13067147762" lat="35.2047446" lon="-80.8446244"/>
  <node id="13067147768" lat="35.2043864" lon="-80.8441288"/>
  <node id="13067147770" lat="35.2043316" lon="-80.8440530"/>
  <node id="13067147773" lat="35.2042180" lon="-80.8438961"/>
  <node id="13067147775" lat="35.2041228" lon="-80.8437646"/>
  <node id="13067147777" lat="35.2040281" lon="-80.8436338"/>
  <node id="13067147779" lat="35.2038822" lon="-80.8434323"/>
  <node id="13067147781" lat="35.2034885" lon="-80.8432157"/>
  <node id="13067147783" lat="35.2033850" lon="-80.8433258"/>
  <node id="13067147785" lat="35.2032620" lon="-80.8434566"/>
  <node id="13067147786" lat="35.2033534" lon="-80.8433594"/>
  <node id="13067147788" lat="35.2026377" lon="-80.8435548"/>
  <node id="13067147791" lat="35.2033957" lon="-80.8427376"/>
  <node id="13067147793" lat="35.2032532" lon="-80.8425337"/>
  <node id="13067147801" lat="35.2023766" lon="-80.8425198"/>
  <node id="13067147804" lat="35.2037824" lon="-80.8429097"/>
  <node id="13067147807" lat="35.2040998" lon="-80.8437328"/>
  <node id="13067147808" lat="35.2045697" lon="-80.8438651"/>
  <node id="13067147810" lat="35.2046105" lon="-80.8438214"/>
  <node id="13067147812" lat="35.2048259" lon="-80.8435953"/>
  <node id="13067147819" lat="35.2048121" lon="-80.8429885"/>
  <node id="13067147820" lat="35.2047181" lon="-80.8428631"/>
  <node id="13067147824" lat="35.2053031" lon="-80.8436594"/>
  <node id="13067147826" lat="35.2052773" lon="-80.8436231"/>
  <node id="13067147828" lat="35.2051966" lon="-80.8432063"/>
  <node id="13067147830" lat="35.2052204" lon="-80.8431825"/>
  <node id="13067147832" lat="35.2053987" lon="-80.8430039"/>
  <node id="13067147834" lat="35.2055102" lon="-80.8428923"/>
  <node id="13067147836" lat="35.2055428" lon="-80.8428596"/>
  <node id="13067147840" lat="35.2056466" lon="-80.8427556"/>
  <node id="13067147841" lat="35.2053283" lon="-80.8430744"/>
  <node id="13067147844" lat="35.2046867" lon="-80.8419738"/>
  <node id="13067147846" lat="35.2047916" lon="-80.8418652"/>
  <node id="13067147848" lat="35.2049975" lon="-80.8416522"/>
  <node id="13067147849" lat="35.2048899" lon="-80.8417635"/>
  <node id="13067147851" lat="35.2050139" lon="-80.8416352"/>
  <node id="13067147858" lat="35.2052826" lon="-80.8413574"/>
  <node id="13067147860" lat="35.2051540" lon="-80.8414904"/>
  <node id="13067147874" lat="35.2059403" lon="-80.8411317"/>
  <node id="13099020723" lat="35.1877035" lon="-80.8495080"/>
  <node id="13099020726" lat="35.1874587" lon="-80.8494946"/>
  <node id="13099020858" lat="35.1871636" lon="-80.8494803"/>
  <node id="13099020861" lat="35.1869825" lon="-80.8494714"/>
  <node id="13099020862" lat="35.1865426" lon="-80.8494492"/>
  <node id="13119807779" lat="35.2045527" lon="-80.8481633"/>
  <node id="13119807783" lat="35.2042887" lon="-80.8478128"/>
  <node id="13119807799" lat="35.2041739" lon="-80.8476581"/>
  <node id="13119850815" lat="35.2032378" lon="-80.8471285"/>
  <node id="13119850863" lat="35.2054108" lon="-80.8492325"/>
  <node id="13119850881" lat="35.2025743" lon="-80.8455124"/>
  <node id="13119850888" lat="35.2026836" lon="-80.8456593"/>
  <node id="13119850892" lat="35.2028142" lon="-80.8458352"/>
  <node id="13119850893" lat="35.2029173" lon="-80.8459739"/>
  <node id="13119850898" lat="35.2031124" lon="-80.8462367"/>
  <node id="13119850966" lat="35.1978594" lon="-80.8518023"/>
  <node id="13119851013" lat="35.1980487" lon="-80.8504543">
    <tag k="traffic_calming" v="hump"/>
  </node>
  <node id="13119851052" lat="35.1968576" lon="-80.8515845"/>
  <node id="13119851161" lat="35.2044961" lon="-80.8490167"/>
  <node id="13119851164" lat="35.2046145" lon="-80.8488859"/>
  <node id="13129980865" lat="35.2106095" lon="-80.8585689"/>
  <node id="13129980882" lat="35.2099453" lon="-80.8576828">
    <tag k="crossing" v="unmarked"/>
    <tag k="crossing:markings" v="no"/>
    <tag k="highway" v="crossing"/>
  </node>
  <node id="13129980890" lat="35.2082465" lon="-80.8554088">
    <tag k="crossing" v="unmarked"/>
    <tag k="crossing:markings" v="no"/>
    <tag k="highway" v="crossing"/>
  </node>
  <node id="13191372024" lat="35.2054651" lon="-80.8438855"/>
  <node id="13206493511" lat="35.2015535" lon="-80.8441446"/>
  <node id="13206725613" lat="35.2022390" lon="-80.8450630"/>
  <node id="13246796075" lat="35.1989022" lon="-80.8517236"/>
  <node id="13246796084" lat="35.1988750" lon="-80.8515963"/>
  <node id="13246796087" lat="35.1988342" lon="-80.8514049"/>
  <node id="13246796090" lat="35.1987693" lon="-80.8511096"/>
  <node id="13246796096" lat="35.1987323" lon="-80.8509433"/>
  <node id="13246796099" lat="35.1986975" lon="-80.8507863"/>
  <node id="13246800608" lat="35.1986268" lon="-80.8504683"/>
  <node id="13246800614" lat="35.1981013" lon="-80.8506795"/>
  <node id="13246800616" lat="35.1985899" lon="-80.8503027"/>
  <node id="13246800623" lat="35.1985462" lon="-80.8501069"/>
  <node id="13246800626" lat="35.1985035" lon="-80.8499153"/>
  <node id="13246800628" lat="35.1984874" lon="-80.8498432"/>
  <node id="13246800639" lat="35.1984669" lon="-80.8492906"/>
  <node id="13246800641" lat="35.1982382" lon="-80.8486458"/>
  <node id="13246800650" lat="35.1983050" lon="-80.8485784"/>
  <node id="13246800651" lat="35.1978694" lon="-80.8495486"/>
  <node id="13246800653" lat="35.1998273" lon="-80.8478524"/>
  <node id="13246800659" lat="35.1997207" lon="-80.8473650"/>
  <node id="13246800668" lat="35.2006297" lon="-80.8461977"/>
  <node id="13246800671" lat="35.2005400" lon="-80.8462893"/>
  <node id="13246800678" lat="35.2002881" lon="-80.8465452"/>
  <node id="13246800685" lat="35.2000793" lon="-80.8467665"/>
  <node id="13246800688" lat="35.1998780" lon="-80.8469728"/>
  <node id="13246800691" lat="35.1997623" lon="-80.8470913"/>
  <node id="13246800694" lat="35.1994442" lon="-80.8474224"/>
  <node id="13246800697" lat="35.1993483" lon="-80.8475221"/>
  <node id="13246800700" lat="35.1992405" lon="-80.8476314"/>
  <node id="13246800703" lat="35.1990230" lon="-80.8478519"/>
  <node id="13246800706" lat="35.1989249" lon="-80.8479510"/>
  <node id="13246800709" lat="35.1983070" lon="-80.8479405"/>
  <node id="13246800713" lat="35.1992107" lon="-80.8467090"/>
  <node id="13246800716" lat="35.2000152" lon="-80.8453125"/>
  <node id="13246800719" lat="35.1997518" lon="-80.8455810"/>
  <node id="13246800722" lat="35.1995421" lon="-80.8457948"/>
  <node id="13246800725" lat="35.1993211" lon="-80.8460238"/>
  <node id="13246800728" lat="35.1992137" lon="-80.8461353"/>
  <node id="13246800731" lat="35.1988188" lon="-80.8465473"/>
  <node id="13246800734" lat="35.1987329" lon="-80.8466377"/>
  <node id="13246800737" lat="35.1986143" lon="-80.8467625"/>
  <node id="13246800740" lat="35.1985048" lon="-80.8468777"/>
  <node id="13246800743" lat="35.1984029" lon="-80.8469821"/>
  <node id="13246800746" lat="35.1983044" lon="-80.8470819"/>
  <node id="13246800749" lat="35.1981937" lon="-80.8471940"/>
  <node id="13246800752" lat="35.1970681" lon="-80.8476447"/>
  <node id="13246800754" lat="35.1971693" lon="-80.8478696"/>
  <node id="13246800770" lat="35.1976073" lon="-80.8478002"/>
  <node id="13246800773" lat="35.1977127" lon="-80.8476876"/>
  <node id="13246800776" lat="35.1978101" lon="-80.8472582"/>
  <node id="13246800778" lat="35.1981100" lon="-80.8472788"/>
  <node id="13246800792" lat="35.1985212" lon="-80.8468605"/>
  <node id="13246800803" lat="35.1987118" lon="-80.8466600"/>
  <node id="13246800806" lat="35.1987927" lon="-80.8461333"/>
  <node id="13246800808" lat="35.1986379" lon="-80.8459252"/>
  <node id="13246800809" lat="35.1986796" lon="-80.8459813"/>
  <node id="13246800811" lat="35.1991333" lon="-80.8462187"/>
  <node id="13246800814" lat="35.1992356" lon="-80.8461125"/>
  <node id="13246800818" lat="35.1993414" lon="-80.8460029"/>
  <node id="13246800821" lat="35.1994295" lon="-80.8459115"/>
  <node id="13246800825" lat="35.1995226" lon="-80.8458149"/>
  <node id="13246800828" lat="35.1997434" lon="-80.8455896"/>
  <node id="13246800830" lat="35.1998817" lon="-80.8454487"/>
  <node id="13246801051" lat="35.1988432" lon="-80.8514468"/>
  <node id="13246801054" lat="35.1988049" lon="-80.8512701"/>
  <node id="13246801056" lat="35.1987659" lon="-80.8510945"/>
  <node id="13246801058" lat="35.1987294" lon="-80.8509300"/>
  <node id="13246801076" lat="35.1985090" lon="-80.8499397"/>
  <node id="13246801083" lat="35.1990025" lon="-80.8502421"/>
  <node id="13246801088" lat="35.1991729" lon="-80.8500670"/>
  <node id="13246801091" lat="35.1990685" lon="-80.8501751"/>
  <node id="13246801094" lat="35.1992770" lon="-80.8499578"/>
  <node id="13246801098" lat="35.1995261" lon="-80.8491811"/>
  <node id="13246801101" lat="35.1994379" lon="-80.8490503"/>
  <node id="13246801104" lat="35.1988650" lon="-80.8488456"/>
  <node id="13246801107" lat="35.1987603" lon="-80.8489495"/>
  <node id="13246801110" lat="35.1986602" lon="-80.8490580"/>
  <node id="13246801113" lat="35.1985497" lon="-80.8491778"/>
  <node id="13246801115" lat="35.1984226" lon="-80.8494815"/>
  <node id="13260173307" lat="35.1886988" lon="-80.8515607"/>
  <node id="13260173341" lat="35.1880567" lon="-80.8495297"/>
  <node id="13260173343" lat="35.1879800" lon="-80.8495250"/>
  <node id="13260173551" lat="35.1860894" lon="-80.8494222"/>
  <node id="13340866129" lat="35.1992515" lon="-80.8399613"/>
  <node id="13340866176" lat="35.1992678" lon="-80.8409819"/>
  <node id="13340866333" lat="35.1971210" lon="-80.8392332"/>
  <node id="13345733278" lat="35.2051462" lon="-80.8504004"/>
  <node id="13345733283" lat="35.2059969" lon="-80.8515331"/>
  <node id="13345733290" lat="35.2040321" lon="-80.8526804"/>
  <node id="13345733359" lat="35.2078405" lon="-80.8557343"/>
  <node id="13406565498" lat="35.1912478" lon="-80.8303841"/>
  <node id="13406585910" lat="35.1911014" lon="-80.8301827"/>
  <node id="13406585921" lat="35.1911330" lon="-80.8302227"/>
  <node id="13438325922" lat="35.2032383" lon="-80.8434819"/>
  <node id="13438325926" lat="35.2027070" lon="-80.8421842"/>
  <node id="13438325929" lat="35.2025784" lon="-80.8423162"/>
  <node id="13438325932" lat="35.2020504" lon="-80.8428550"/>
  <node id="13438325935" lat="35.2021709" lon="-80.8427311"/>
  <node id="13438325939" lat="35.2022719" lon="-80.8426273"/>
  <node id="13438325944" lat="35.2024625" lon="-80.8424316"/>
  <node id="13438325953" lat="35.2011477" lon="-80.8418919"/>
  <node id="13438325955" lat="35.2012755" lon="-80.8417606"/>
  <node id="13438325960" lat="35.2013959" lon="-80.8416368"/>
  <node id="13438325963" lat="35.2015744" lon="-80.8414834"/>
  <node id="13438325974" lat="35.2017930" lon="-80.8413753"/>
  <node id="13438325977" lat="35.2019244" lon="-80.8413253"/>
  <node id="13438325979" lat="35.2020590" lon="-80.8412725"/>
  <node id="13438325981" lat="35.2022888" lon="-80.8411546"/>
  <node id="13438325982" lat="35.2022635" lon="-80.8411813"/>
  <node id="13438325983" lat="35.2021573" lon="-80.8412340"/>
  <node id="13438325985" lat="35.2020344" lon="-80.8412822"/>
  <node id="13438325990" lat="35.2013666" lon="-80.8416669"/>
  <node id="13438325998" lat="35.2012629" lon="-80.8417735"/>
  <node id="13438326000" lat="35.2010714" lon="-80.8419703"/>
  <node id="13438366502" lat="35.2010440" lon="-80.8419985"/>
  <node id="13438366521" lat="35.2002062" lon="-80.8406940"/>
  <node id="13438366523" lat="35.2000896" lon="-80.8407736"/>
  <node id="13438366527" lat="35.2006952" lon="-80.8404166"/>
  <node id="13438366529" lat="35.2005698" lon="-80.8404874"/>
  <node id="13438366532" lat="35.2003361" lon="-80.8406193"/>
  <node id="13438366609" lat="35.2003193" lon="-80.8406287"/>
  <node id="13438366612" lat="35.2001516" lon="-80.8407313"/>
  <node id="13438366615" lat="35.2000041" lon="-80.8408319"/>
  <node id="13481107293" lat="35.1992268" lon="-80.8420143"/>
  <node id="13481107296" lat="35.1989890" lon="-80.8421717"/>
  <node id="13481107298" lat="35.1989694" lon="-80.8421847"/>
  <node id="13481107300" lat="35.1993381" lon="-80.8419402"/>
  <node id="13481138302" lat="35.1983575" lon="-80.8425910">
    <tag k="traffic_calming" v="hump"/>
  </node>
  <node id="13481138303" lat="35.1956088" lon="-80.8445900">
    <tag k="traffic_calming" v="hump"/>
  </node>
  <node id="13481138304" lat="35.1934308" lon="-80.8449000">
    <tag k="traffic_calming" v="hump"/>
  </node>
  <node id="13481138305" lat="35.1916578" lon="-80.8461558">
    <tag k="traffic_calming" v="hump"/>
  </node>
  <node id="13481138306" lat="35.1914374" lon="-80.8473981"/>
  <node id="13481138307" lat="35.1912800" lon="-80.8478799">
    <tag k="traffic_calming" v="hump"/>
  </node>
  <node id="13481138308" lat="35.1913995" lon="-80.8504346">
    <tag k="traffic_calming" v="hump"/>
  </node>
  <node id="13481138309" lat="35.1988761" lon="-80.8422465"/>
  <node id="13481138312" lat="35.1987029" lon="-80.8423615"/>
  <node id="13481138314" lat="35.1986567" lon="-80.8423922"/>
  <node id="13481138316" lat="35.1984587" lon="-80.8425237"/>
  <node id="13481138318" lat="35.1983193" lon="-80.8426164"/>
  <node id="13481138322" lat="35.1981432" lon="-80.8427335"/>
  <node id="13481138324" lat="35.1981090" lon="-80.8427563"/>
  <node id="13481138326" lat="35.1979246" lon="-80.8428791"/>
  <node id="13481138328" lat="35.1977914" lon="-80.8429681"/>
  <node id="13481138330" lat="35.1976417" lon="-80.8430698"/>
  <node id="13481138332" lat="35.1973944" lon="-80.8432384"/>
  <node id="13481138334" lat="35.1973614" lon="-80.8432621"/>
  <node id="13481138341" lat="35.1972540" lon="-80.8433395"/>
  <node id="13481138342" lat="35.1971522" lon="-80.8434130">
    <tag k="traffic_calming" v="hump"/>
  </node>
  <node id="13481138348" lat="35.1975105" lon="-80.8431588"/>
  <node id="13481138352" lat="35.1980162" lon="-80.8428181"/>
  <node id="13481138367" lat="35.1982461" lon="-80.8426651"/>
  <node id="13481138369" lat="35.1988537" lon="-80.8425993"/>
  <node id="13481138371" lat="35.1990126" lon="-80.8428243"/>
  <node id="13481138381" lat="35.1991284" lon="-80.8429883"/>
  <node id="13481138383" lat="35.1992184" lon="-80.8431157"/>
  <node id="13481138385" lat="35.1993135" lon="-80.8432503"/>
  <node id="13481138387" lat="35.1994769" lon="-80.8434817"/>
  <node id="13481138388" lat="35.1994519" lon="-80.8442632"/>
  <node id="13481138390" lat="35.1993643" lon="-80.8443586"/>
  <node id="13481138393" lat="35.1995874" lon="-80.8436357"/>
  <node id="13481138400" lat="35.2000402" lon="-80.8436213">
    <tag k="traffic_calming" v="hump"/>
  </node>
  <node id="13481138401" lat="35.1991449" lon="-80.8446052">
    <tag k="traffic_calming" v="hump"/>
  </node>
  <node id="13481138402" lat="35.1978827" lon="-80.8461692">
    <tag k="traffic_calming" v="hump"/>
  </node>
  <node id="13481138403" lat="35.1966930" lon="-80.8474760">
    <tag k="traffic_calming" v="hump"/>
  </node>
  <node id="13481138405" lat="35.1996903" lon="-80.8437763"/>
  <node id="13481138418" lat="35.1979905" lon="-80.8431752"/>
  <node id="13481138422" lat="35.1981003" lon="-80.8433265"/>
  <node id="13481138423" lat="35.1981368" lon="-80.8433767"/>
  <node id="13481138431" lat="35.1982101" lon="-80.8434778"/>
  <node id="13481138432" lat="35.1982359" lon="-80.8435133"/>
  <node id="13481138435" lat="35.1982696" lon="-80.8435596"/>
  <node id="13481138436" lat="35.1983990" lon="-80.8437380"/>
  <node id="13481138438" lat="35.1984863" lon="-80.8438582"/>
  <node id="13481138440" lat="35.1985859" lon="-80.8439953"/>
  <node id="13481138442" lat="35.1986748" lon="-80.8441177"/>
  <node id="13481138444" lat="35.1987661" lon="-80.8442435"/>
  <node id="13481138446" lat="35.1988487" lon="-80.8443572"/>
  <node id="13481138448" lat="35.1990828" lon="-80.8446776"/>
  <node id="13481138454" lat="35.1989673" lon="-80.8448136"/>
  <node id="13481138456" lat="35.1988005" lon="-80.8450193"/>
  <node id="13481138458" lat="35.1987783" lon="-80.8450467"/>
  <node id="13481138460" lat="35.1986876" lon="-80.8451597"/>
  <node id="13481138462" lat="35.1985181" lon="-80.8453760"/>
  <node id="13481138464" lat="35.1984754" lon="-80.8457067"/>
  <node id="13481138466" lat="35.1986858" lon="-80.8459896"/>
  <node id="13481138468" lat="35.1981576" lon="-80.8458283"/>
  <node id="13481138470" lat="35.1980301" lon="-80.8459864"/>
  <node id="13481138474" lat="35.1980613" lon="-80.8459478"/>
  <node id="13481138475" lat="35.1983122" lon="-80.8456367"/>
  <node id="13481138477" lat="35.1986087" lon="-80.8450459"/>
  <node id="13481138486" lat="35.1984775" lon="-80.8449559"/>
  <node id="13481138489" lat="35.1982994" lon="-80.8448337"/>
  <node id="13481138490" lat="35.1989225" lon="-80.8448688"/>
  <node id="13481138492" lat="35.1990708" lon="-80.8446917"/>
  <node id="13481138494" lat="35.1985691" lon="-80.8450188"/>
  <node id="13481138496" lat="35.1982549" lon="-80.8448031"/>
  <node id="13481138499" lat="35.1981478" lon="-80.8447296"/>
  <node id="13481138506" lat="35.1979854" lon="-80.8446114"/>
  <node id="13481138507" lat="35.1979585" lon="-80.8445906"/>
  <node id="13481138515" lat="35.1978577" lon="-80.8445124"/>
  <node id="13481138526" lat="35.1975331" lon="-80.8447682"/>
  <node id="13481138527" lat="35.1975668" lon="-80.8442711"/>
  <node id="13481138529" lat="35.1975136" lon="-80.8442244"/>
  <node id="13481138531" lat="35.1973512" lon="-80.8440714"/>
  <node id="13481138538" lat="35.1972937" lon="-80.8440123"/>
  <node id="13481138550" lat="35.1967261" lon="-80.8437883"/>
  <node id="13481138552" lat="35.1965842" lon="-80.8439309"/>
  <node id="13481138554" lat="35.1963063" lon="-80.8441586"/>
  <node id="13481138581" lat="35.1962437" lon="-80.8442001"/>
  <node id="13481138586" lat="35.1961303" lon="-80.8442728"/>
  <node id="13481138588" lat="35.1959644" lon="-80.8443747"/>
  <node id="13481138589" lat="35.1958795" lon="-80.8444268"/>
  <node id="13481138610" lat="35.1958003" lon="-80.8444753"/>
  <node id="13481138613" lat="35.1957573" lon="-80.8445017"/>
  <node id="13481138615" lat="35.1957136" lon="-80.8445285"/>
  <node id="13481138619" lat="35.1955321" lon="-80.8446339"/>
  <node id="13481138624" lat="35.1954263" lon="-80.8446924"/>
  <node id="13481138627" lat="35.1952433" lon="-80.8447685"/>
  <node id="13481138629" lat="35.1950683" lon="-80.8448279"/>
  <node id="13481138630" lat="35.1949937" lon="-80.8448515"/>
  <node id="13481138632" lat="35.1953461" lon="-80.8447273"/>
  <node id="13481138634" lat="35.1947926" lon="-80.8449051"/>
  <node id="13481138636" lat="35.1947395" lon="-80.8449159"/>
  <node id="13481138647" lat="35.1947173" lon="-80.8449195"/>
  <node id="13481138652" lat="35.1946961" lon="-80.8449229"/>
  <node id="13481138671" lat="35.1943111" lon="-80.8457276"/>
  <node id="13481138695" lat="35.1943864" lon="-80.8449578"/>
  <node id="13481138702" lat="35.1941834" lon="-80.8449582"/>
  <node id="13481138705" lat="35.1941621" lon="-80.8449581"/>
  <node id="13481138716" lat="35.1939789" lon="-80.8449449"/>
  <node id="13481138717" lat="35.1939606" lon="-80.8449435"/>
  <node id="13481138722" lat="35.1937671" lon="-80.8449276"/>
  <node id="13481138724" lat="35.1935762" lon="-80.8449120"/>
  <node id="13481138726" lat="35.1932416" lon="-80.8448845"/>
  <node id="13481138736" lat="35.1933586" lon="-80.8448941"/>
  <node id="13481138741" lat="35.1916879" lon="-80.8455723"/>
  <node id="13481138743" lat="35.1916846" lon="-80.8456367"/>
  <node id="13481138745" lat="35.1916626" lon="-80.8460620"/>
  <node id="13481138747" lat="35.1916481" lon="-80.8463007"/>
  <node id="13481138752" lat="35.1916438" lon="-80.8463466"/>
  <node id="13481138754" lat="35.1915817" lon="-80.8467752"/>
  <node id="13481138759" lat="35.1915223" lon="-80.8470675"/>
  <node id="13481138761" lat="35.1914021" lon="-80.8475061"/>
  <node id="13481138762" lat="35.1913341" lon="-80.8477143"/>
  <node id="13481138774" lat="35.1913157" lon="-80.8477706"/>
  <node id="13481138776" lat="35.1912495" lon="-80.8479732"/>
  <node id="13481138778" lat="35.1911773" lon="-80.8481943"/>
  <node id="13481138786" lat="35.1911267" lon="-80.8483491"/>
  <node id="13481138787" lat="35.1910651" lon="-80.8485377"/>
  <node id="13481138796" lat="35.1911025" lon="-80.8484232"/>
  <node id="13481138797" lat="35.1883992" lon="-80.8480720"/>
  <node id="13481138799" lat="35.1888273" lon="-80.8479465"/>
  <node id="13481138804" lat="35.1890124" lon="-80.8479259"/>
  <node id="13481138811" lat="35.1893442" lon="-80.8479307"/>
  <node id="13481138813" lat="35.1894714" lon="-80.8479455">
    <tag k="traffic_calming" v="hump"/>
  </node>
  <node id="13481138814" lat="35.1895376" lon="-80.8479559"/>
  <node id="13481138817" lat="35.1899372" lon="-80.8480928"/>
  <node id="13481138819" lat="35.1901260" lon="-80.8481721"/>
  <node id="13481138821" lat="35.1903279" lon="-80.8482569"/>
  <node id="13481138823" lat="35.1905193" lon="-80.8483373"/>
  <node id="13481138825" lat="35.1905940" lon="-80.8483832"/>
  <node id="13485002664" lat="35.1979453" lon="-80.8460915"/>
  <node id="13485002667" lat="35.1979259" lon="-80.8461156"/>
  <node id="13485002669" lat="35.1978271" lon="-80.8462382"/>
  <node id="13485002671" lat="35.1976630" lon="-80.8464423"/>
  <node id="13485002673" lat="35.1976238" lon="-80.8464908"/>
  <node id="13485002675" lat="35.1977739" lon="-80.8472084"/>
  <node id="13485002690" lat="35.1971721" lon="-80.8470432"/>
  <node id="13485002692" lat="35.1972759" lon="-80.8469231"/>
  <node id="13485002694" lat="35.1975537" lon="-80.8469058"/>
  <node id="13485002695" lat="35.1974710" lon="-80.8466798"/>
  <node id="13485002698" lat="35.1975595" lon="-80.8465703"/>
  <node id="13485002699" lat="35.1974582" lon="-80.8466956"/>
  <node id="13485025601" lat="35.1972463" lon="-80.8469573"/>
  <node id="13485025603" lat="35.1971278" lon="-80.8470925"/>
  <node id="13485025609" lat="35.1969894" lon="-80.8472181"/>
  <node id="13485025611" lat="35.1970091" lon="-80.8472002"/>
  <node id="13485025613" lat="35.1968644" lon="-80.8473292"/>
  <node id="13485025617" lat="35.1968190" lon="-80.8473680"/>
  <node id="13485025621" lat="35.1966246" lon="-80.8475346"/>
  <node id="13485025622" lat="35.1963007" lon="-80.8478109"/>
  <node id="13485025626" lat="35.1957353" lon="-80.8477261"/>
  <node id="13485025631" lat="35.1957668" lon="-80.8477765"/>
  <node id="13485025638" lat="35.1955830" lon="-80.8475364"/>
  <node id="13485025647" lat="35.1955374" lon="-80.8474901"/>
  <node id="13485025650" lat="35.1953368" lon="-80.8473275"/>
  <node id="13485025687" lat="35.1950863" lon="-80.8471081"/>
  <node id="13485025689" lat="35.1951306" lon="-80.8471486"/>
  <node id="13485025695" lat="35.1948412" lon="-80.8468217"/>
  <node id="13485025700" lat="35.1950180" lon="-80.8462981"/>
  <node id="13485025704" lat="35.1946906" lon="-80.8465656"/>
  <node id="13485025706" lat="35.1945955" lon="-80.8463549"/>
  <node id="13485025716" lat="35.1945269" lon="-80.8462037"/>
  <node id="13485025718" lat="35.1945372" lon="-80.8462262"/>
  <node id="13485025721" lat="35.1944423" lon="-80.8460169"/>
  <node id="13485025724" lat="35.1944266" lon="-80.8459823"/>
  <node id="13485025727" lat="35.1943174" lon="-80.8457416"/>
  <node id="13485025730" lat="35.1942284" lon="-80.8455519"/>
  <node id="13485025734" lat="35.1940532" lon="-80.8451799"/>
  <node id="13485025737" lat="35.1941483" lon="-80.8453819"/>
  <node id="13500885228" lat="35.1954861" lon="-80.8461673"/>
  <node id="13500885235" lat="35.1954566" lon="-80.8461689"/>
  <node id="13500885239" lat="35.1952720" lon="-80.8461993"/>
  <node id="13500885242" lat="35.1955911" lon="-80.8461616"/>
  <node id="13500885243" lat="35.1956821" lon="-80.8461567"/>
  <node id="13500885246" lat="35.1956263" lon="-80.8461597"/>
  <node id="13500885287" lat="35.1959896" lon="-80.8461293"/>
  <node id="13500885288" lat="35.1961034" lon="-80.8461047"/>
  <node id="13500885297" lat="35.1964632" lon="-80.8459401"/>
  <node id="13500886106" lat="35.1962903" lon="-80.8460344"/>
  <node id="13500886110" lat="35.1959578" lon="-80.8461347"/>
  <node id="13500886112" lat="35.1964478" lon="-80.8459504"/>
  <node id="13500886135" lat="35.1964876" lon="-80.8459237"/>
  <node id="13500886142" lat="35.1967676" lon="-80.8456700"/>
  <node id="13500886146" lat="35.1969288" lon="-80.8454978"/>
  <node id="13500886147" lat="35.1967983" lon="-80.8456373"/>
  <node id="13500886151" lat="35.1968232" lon="-80.8456107"/>
  <node id="13500886153" lat="35.1969722" lon="-80.8454513"/>
  <node id="13500886156" lat="35.1971700" lon="-80.8452399"/>
  <node id="13500886158" lat="35.1972165" lon="-80.8451902"/>
  <node id="13500886160" lat="35.1973589" lon="-80.8450244"/>
  <node id="13500886161" lat="35.1972283" lon="-80.8451776"/>
  <node id="13500886163" lat="35.1973803" lon="-80.8449981"/>
  <node id="13500886165" lat="35.1974187" lon="-80.8449455"/>
  <node id="13500886276" lat="35.1927036" lon="-80.8448453"/>
  <node id="13500886284" lat="35.1925839" lon="-80.8448349"/>
  <node id="13500886291" lat="35.1923759" lon="-80.8448168"/>
  <node id="13500886293" lat="35.1922422" lon="-80.8448051"/>
  <node id="13500886296" lat="35.1917092" lon="-80.8451620"/>
  <node id="13501174467" lat="35.2096564" lon="-80.8572968"/>
  <node id="13501174479" lat="35.2095619" lon="-80.8571705"/>
  <node id="13501174482" lat="35.2093890" lon="-80.8569395"/>
  <node id="13501178511" lat="35.2089301" lon="-80.8563257"/>
  <node id="13501178514" lat="35.2088270" lon="-80.8561874"/>
  <node id="13501178517" lat="35.2087338" lon="-80.8560624"/>
  <node id="13501178520" lat="35.2086272" lon="-80.8559194"/>
  <node id="13501178523" lat="35.2085265" lon="-80.8557843"/>
  <node id="13501178531" lat="35.2094764" lon="-80.8570562"/>
  <node id="13501178557" lat="35.2092902" lon="-80.8568075"/>
  <node id="13501178559" lat="35.2088944" lon="-80.8562777"/>
  <node id="13501178566" lat="35.2087140" lon="-80.8560357"/>
  <node id="13501178569" lat="35.2086139" lon="-80.8559016"/>
  <node id="13501178592" lat="35.2078730" lon="-80.8556975"/>
  <node id="13501178595" lat="35.2079599" lon="-80.8550287"/>
  <node id="13501178598" lat="35.2077740" lon="-80.8547828"/>
  <node id="13501178601" lat="35.2076699" lon="-80.8546451"/>
  <node id="13501178604" lat="35.2075827" lon="-80.8545277"/>
  <node id="13501178613" lat="35.2070202" lon="-80.8537740"/>
  <node id="13501178616" lat="35.2069158" lon="-80.8536347"/>
  <node id="13501178619" lat="35.2067345" lon="-80.8533928"/>
  <node id="13501178622" lat="35.2060800" lon="-80.8525172"/>
  <node id="13501178625" lat="35.2058879" lon="-80.8522598"/>
  <node id="13501178627" lat="35.2061566" lon="-80.8526199"/>
  <node id="13501178636" lat="35.2058821" lon="-80.8522521"/>
  <node id="13501178643" lat="35.2053199" lon="-80.8522826"/>
  <node id="13501178646" lat="35.2054135" lon="-80.8516303"/>
  <node id="13501178648" lat="35.2052086" lon="-80.8513609"/>
  <node id="13501178652" lat="35.2044339" lon="-80.8511829"/>
  <node id="13501178663" lat="35.2041467" lon="-80.8494026"/>
  <node id="13501178668" lat="35.2042806" lon="-80.8492547"/>
  <node id="13501178670" lat="35.2042530" lon="-80.8492851"/>
  <node id="13501178680" lat="35.2035954" lon="-80.8491879"/>
  <node id="13501178682" lat="35.2036123" lon="-80.8492110"/>
  <node id="13501178686" lat="35.2035626" lon="-80.8491433"/>
  <node id="13501178689" lat="35.2037209" lon="-80.8482411"/>
  <node id="13501178693" lat="35.2034875" lon="-80.8484879"/>
  <node id="13501178695" lat="35.2036031" lon="-80.8483708"/>
  <node id="13501178698" lat="35.2034531" lon="-80.8485211"/>
  <node id="13501178702" lat="35.2030231" lon="-80.8482556"/>
  <node id="13501178705" lat="35.2030100" lon="-80.8482260"/>
  <node id="13501178716" lat="35.2029248" lon="-80.8480340"/>
  <node id="13501178726" lat="35.2028563" lon="-80.8478796"/>
  <node id="13501178728" lat="35.2024609" lon="-80.8475283"/>
  <node id="13501178733" lat="35.2024150" lon="-80.8470882"/>
  <node id="13501178735" lat="35.2023967" lon="-80.8470641"/>
  <node id="13501178738" lat="35.2022274" lon="-80.8468410"/>
  <node id="13501178741" lat="35.2022934" lon="-80.8469279"/>
  <node id="13501178746" lat="35.2019493" lon="-80.8464694"/>
  <node id="13501178750" lat="35.2020463" lon="-80.8465993"/>
  <node id="13501178752" lat="35.2018576" lon="-80.8463467"/>
  <node id="13501178763" lat="35.2017583" lon="-80.8462137"/>
  <node id="13501178765" lat="35.2017654" lon="-80.8462232"/>
  <node id="13502629453" lat="35.2010709" lon="-80.8469000"/>
  <node id="13502629460" lat="35.2010913" lon="-80.8469301"/>
  <node id="13502629467" lat="35.2012064" lon="-80.8470994"/>
  <node id="13502629469" lat="35.2011671" lon="-80.8470416"/>
  <node id="13502629477" lat="35.2012812" lon="-80.8472084"/>
  <node id="13502629479" lat="35.2013441" lon="-80.8472981"/>
  <node id="13502629485" lat="35.2014403" lon="-80.8474352"/>
  <node id="13502629487" lat="35.2012488" lon="-80.8479013"/>
  <node id="13502629492" lat="35.2011137" lon="-80.8480105"/>
  <node id="13502629499" lat="35.2008765" lon="-80.8483614"/>
  <node id="13502629500" lat="35.2008164" lon="-80.8484986"/>
  <node id="13502630702" lat="35.2006056" lon="-80.8480855"/>
  <node id="13502630708" lat="35.2005621" lon="-80.8480221"/>
  <node id="13502630714" lat="35.2004659" lon="-80.8478814"/>
  <node id="13502630717" lat="35.2004855" lon="-80.8479100"/>
  <node id="13502630720" lat="35.2004455" lon="-80.8472136"/>
  <node id="13502630723" lat="35.2005565" lon="-80.8470987"/>
  <node id="13502630726" lat="35.2006741" lon="-80.8469755"/>
  <node id="13502630728" lat="35.2002319" lon="-80.8474319"/>
  <node id="13502630730" lat="35.2001406" lon="-80.8475262"/>
  <node id="13502630732" lat="35.1999103" lon="-80.8477665"/>
  <node id="13502630735" lat="35.1998045" lon="-80.8478760"/>
  <node id="13502630738" lat="35.1997843" lon="-80.8478969"/>
  <node id="13502630746" lat="35.1996012" lon="-80.8480863"/>
  <node id="13502630752" lat="35.1995781" lon="-80.8481101"/>
  <node id="13502630757" lat="35.1994756" lon="-80.8482161"/>
  <node id="13502630760" lat="35.1993694" lon="-80.8483256"/>
  <node id="13502630771" lat="35.1996081" lon="-80.8493028"/>
  <node id="13502630780" lat="35.1998370" lon="-80.8496269"/>
  <node id="13502630786" lat="35.1997708" lon="-80.8495387"/>
  <node id="13502630788" lat="35.1994065" lon="-80.8498219"/>
  <node id="13502630793" lat="35.1998955" lon="-80.8497007"/>
  <node id="13502630795" lat="35.1999104" lon="-80.8497176"/>
  <node id="13502630803" lat="35.2000119" lon="-80.8498254"/>
  <node id="13502630810" lat="35.2004936" lon="-80.8496297"/>
  <node id="13502630813" lat="35.2002387" lon="-80.8499937"/>
  <node id="13502630816" lat="35.2003872" lon="-80.8500510"/>
  <node id="13502630819" lat="35.2005487" lon="-80.8500958"/>
  <node id="13502630824" lat="35.2006124" lon="-80.8490376"/>
  <node id="13502630827" lat="35.2006832" lon="-80.8488228"/>
  <node id="13502630830" lat="35.2007517" lon="-80.8486498"/>
  <node id="13502630843" lat="35.2005076" lon="-80.8495289"/>
  <node id="13502630845" lat="35.2005428" lon="-80.8493163"/>
  <node id="13502630847" lat="35.2005809" lon="-80.8491450"/>
  <node id="13502630869" lat="35.2007299" lon="-80.8487008"/>
  <node id="13502630877" lat="35.2010919" lon="-80.8480326"/>
  <node id="13502630880" lat="35.2012878" lon="-80.8478752"/>
  <node id="13502630885" lat="35.2009709" lon="-80.8501673"/>
  <node id="13502630889" lat="35.2011603" lon="-80.8501938"/>
  <node id="13502630900" lat="35.2013468" lon="-80.8502200"/>
  <node id="13502630904" lat="35.2012824" lon="-80.8502110"/>
  <node id="13502630907" lat="35.2010765" lon="-80.8501821"/>
  <node id="13502630910" lat="35.2010443" lon="-80.8501776"/>
  <node id="13502630915" lat="35.2008599" lon="-80.8501517"/>
  <node id="13502630918" lat="35.2006883" lon="-80.8501276"/>
  <node id="13502630927" lat="35.2016796" lon="-80.8496476"/>
  <node id="13502630931" lat="35.2016961" lon="-80.8494481"/>
  <node id="13502630936" lat="35.2017053" lon="-80.8492639"/>
  <node id="13502630938" lat="35.2017092" lon="-80.8491323">
    <tag k="traffic_calming" v="hump"/>
  </node>
  <node id="13502630940" lat="35.2017066" lon="-80.8492197"/>
  <node id="13502630943" lat="35.2017118" lon="-80.8490431"/>
  <node id="13502630944" lat="35.2017108" lon="-80.8490782"/>
  <node id="13502630946" lat="35.2017130" lon="-80.8488519"/>
  <node id="13502630948" lat="35.2016972" lon="-80.8485003"/>
  <node id="13502630950" lat="35.2016907" lon="-80.8484222"/>
  <node id="13502630956" lat="35.2018502" lon="-80.8476869"/>
  <node id="13502630959" lat="35.2020187" lon="-80.8476431"/>
  <node id="13502630962" lat="35.2023006" lon="-80.8475699"/>
  <node id="13502630964" lat="35.2022527" lon="-80.8475824"/>
  <node id="13502630967" lat="35.2022174" lon="-80.8475916"/>
  <node id="13502630970" lat="35.2020431" lon="-80.8476368"/>
  <node id="13502630975" lat="35.2021493" lon="-80.8489857"/>
  <node id="13502630978" lat="35.2016838" lon="-80.8495972"/>
  <node id="13502630981" lat="35.2020472" lon="-80.8503121"/>
  <node id="13502630984" lat="35.2022389" lon="-80.8503364"/>
  <node id="13502631016" lat="35.2020877" lon="-80.8489898"/>
  <node id="13502631020" lat="35.2022511" lon="-80.8489729"/>
  <node id="13502631042" lat="35.2023979" lon="-80.8503495"/>
  <node id="13502631049" lat="35.2026043" lon="-80.8503491"/>
  <node id="13502631055" lat="35.2025725" lon="-80.8489173"/>
  <node id="13502631058" lat="35.2025349" lon="-80.8489255"/>
  <node id="13502631062" lat="35.2023488" lon="-80.8489601"/>
  <node id="13502631066" lat="35.2028536" lon="-80.8488405"/>
  <node id="13502631068" lat="35.2027312" lon="-80.8488775"/>
  <node id="13502631072" lat="35.2033739" lon="-80.8488910"/>
  <node id="13502631086" lat="35.2029819" lon="-80.8502749"/>
  <node id="13502631090" lat="35.2033505" lon="-80.8501198"/>
  <node id="13502631093" lat="35.2031808" lon="-80.8502006"/>
  <node id="13502631096" lat="35.2035115" lon="-80.8500215"/>
  <node id="13502631098" lat="35.2036895" lon="-80.8498878"/>
  <node id="13502631103" lat="35.2035752" lon="-80.8499782"/>
  <node id="13502631106" lat="35.2034342" lon="-80.8500708"/>
  <node id="13502631109" lat="35.2032897" lon="-80.8501506"/>
  <node id="13502631112" lat="35.2031275" lon="-80.8502213"/>
  <node id="13502631117" lat="35.2027512" lon="-80.8507611"/>
  <node id="13502631119" lat="35.2027274" lon="-80.8510222"/>
  <node id="13502631122" lat="35.2027238" lon="-80.8510627"/>
  <node id="13502631126" lat="35.2027169" lon="-80.8511389"/>
  <node id="13502631134" lat="35.2021722" lon="-80.8503279"/>
  <node id="13502631137" lat="35.2023352" lon="-80.8503460"/>
  <node id="13502631143" lat="35.2018512" lon="-80.8502872"/>
  <node id="13502631150" lat="35.2016634" lon="-80.8497799"/>
  <node id="13502631155" lat="35.2013338" lon="-80.8508081"/>
  <node id="13502631162" lat="35.2011313" lon="-80.8510177"/>
  <node id="13502631164" lat="35.2010626" lon="-80.8510885">
    <tag k="traffic_calming" v="hump"/>
  </node>
  <node id="13502631166" lat="35.2010073" lon="-80.8511456"/>
  <node id="13502631169" lat="35.2009102" lon="-80.8512660"/>
  <node id="13502631172" lat="35.2011943" lon="-80.8509557"/>
  <node id="13502631175" lat="35.2006242" lon="-80.8511765"/>
  <node id="13502631179" lat="35.2005252" lon="-80.8511579"/>
  <node id="13502631182" lat="35.2004996" lon="-80.8511532"/>
  <node id="13502631184" lat="35.2004723" lon="-80.8511480"/>
  <node id="13502631187" lat="35.2002613" lon="-80.8510876"/>
  <node id="13502631189" lat="35.2002297" lon="-80.8510765"/>
  <node id="13502631190" lat="35.2002110" lon="-80.8510699"/>
  <node id="13502631193" lat="35.2001064" lon="-80.8510278"/>
  <node id="13502631194" lat="35.2000729" lon="-80.8510119"/>
  <node id="13502631196" lat="35.1999427" lon="-80.8509473"/>
  <node id="13502631199" lat="35.1999878" lon="-80.8509715"/>
  <node id="13502631201" lat="35.1998695" lon="-80.8509044"/>
  <node id="13502631202" lat="35.1998153" lon="-80.8508695"/>
  <node id="13502631205" lat="35.1997499" lon="-80.8508222"/>
  <node id="13502631207" lat="35.1996357" lon="-80.8507365"/>
  <node id="13502631208" lat="35.1996830" lon="-80.8507720"/>
  <node id="13502631210" lat="35.1995507" lon="-80.8506604"/>
  <node id="13502631213" lat="35.1994268" lon="-80.8505399"/>
  <node id="13502631214" lat="35.1994459" lon="-80.8505606"/>
  <node id="13502631217" lat="35.1995339" lon="-80.8506451"/>
  <node id="13502631241" lat="35.1988660" lon="-80.8503807"/>
  <node id="13502631244" lat="35.2007737" lon="-80.8515238"/>
  <node id="13502631246" lat="35.2006950" lon="-80.8517293"/>
  <node id="13502631250" lat="35.2026982" lon="-80.8513454"/>
  <node id="13502631251" lat="35.2026900" lon="-80.8514364"/>
  <node id="13502631253" lat="35.2026728" lon="-80.8516273"/>
  <node id="13502631256" lat="35.2026675" lon="-80.8516864"/>
  <node id="13502631258" lat="35.2026432" lon="-80.8519550"/>
  <node id="13502631262" lat="35.2026618" lon="-80.8517496"/>
  <node id="13502631264" lat="35.2023378" lon="-80.8524195"/>
  <node id="13502631269" lat="35.2014475" lon="-80.8523029"/>
  <node id="13502631271" lat="35.2011808" lon="-80.8522687"/>
  <node id="13502877154" lat="35.2026234" lon="-80.8538331"/>
  <node id="13502877171" lat="35.2021854" lon="-80.8523996"/>
  <node id="13502877179" lat="35.2018874" lon="-80.8523605"/>
  <node id="13502877191" lat="35.2017257" lon="-80.8523394"/>
  <node id="13502928668" lat="35.2031166" lon="-80.8525171"/>
  <node id="13502928672" lat="35.2036010" lon="-80.8521050"/>
  <node id="13502928679" lat="35.2038101" lon="-80.8518717"/>
  <node id="13502928682" lat="35.2039208" lon="-80.8517495"/>
  <node id="13502928685" lat="35.2041100" lon="-80.8515406"/>
  <node id="13502928688" lat="35.2042101" lon="-80.8514300"/>
  <node id="13502938001" lat="35.2036635" lon="-80.8525902"/>
  <node id="13502938006" lat="35.2034599" lon="-80.8522640"/>
  <node id="13502938015" lat="35.2038519" lon="-80.8518256"/>
  <node id="13502938018" lat="35.2039762" lon="-80.8516883"/>
  <node id="13502938021" lat="35.2041770" lon="-80.8514666"/>
  <node id="13502938024" lat="35.2043872" lon="-80.8512345"/>
  <node id="13502938027" lat="35.2051171" lon="-80.8512376"/>
  <node id="13502938029" lat="35.2050573" lon="-80.8525719"/>
  <node id="13502938032" lat="35.2048975" lon="-80.8527501"/>
  <node id="13502938035" lat="35.2043389" lon="-80.8528180"/>
  <node id="13502938058" lat="35.2038552" lon="-80.8534751"/>
  <node id="13502938062" lat="35.2037258" lon="-80.8533032"/>
  <node id="13502938068" lat="35.2036923" lon="-80.8532586"/>
  <node id="13502938071" lat="35.2043074" lon="-80.8534061"/>
  <node id="13502938074" lat="35.2043586" lon="-80.8533500"/>
  <node id="13502938085" lat="35.2040229" lon="-80.8526772"/>
  <node id="13502938087" lat="35.2035629" lon="-80.8530857"/>
  <node id="13502938090" lat="35.2034963" lon="-80.8529955"/>
  <node id="13502938097" lat="35.2051607" lon="-80.8524580"/>
  <node id="13502938100" lat="35.2050458" lon="-80.8534303"/>
  <node id="13502938105" lat="35.2051431" lon="-80.8535565"/>
  <node id="13502938108" lat="35.2049491" lon="-80.8533165"/>
  <node id="13502938111" lat="35.2048496" lon="-80.8532106"/>
  <node id="13502938115" lat="35.2044495" lon="-80.8532502"/>
  <node id="13502938117" lat="35.2052347" lon="-80.8536806"/>
  <node id="13502938120" lat="35.2054006" lon="-80.8539053"/>
  <node id="13502938126" lat="35.2052193" lon="-80.8544772"/>
  <node id="13502938128" lat="35.2053150" lon="-80.8543710"/>
  <node id="13502938130" lat="35.2032792" lon="-80.8527003"/>
  <node id="13502938135" lat="35.2025408" lon="-80.8529486"/>
  <node id="13502938137" lat="35.2025337" lon="-80.8530313"/>
  <node id="13502938141" lat="35.2036203" lon="-80.8531630"/>
  <node id="13502938144" lat="35.2037953" lon="-80.8533955"/>
  <node id="13502938147" lat="35.2039231" lon="-80.8535653"/>
  <node id="13502938150" lat="35.2041859" lon="-80.8539199"/>
  <node id="13502938152" lat="35.2043981" lon="-80.8542095"/>
  <node id="13502938155" lat="35.2045003" lon="-80.8543490"/>
  <node id="13502938157" lat="35.2044671" lon="-80.8543037"/>
  <node id="13502938159" lat="35.2043822" lon="-80.8541878"/>
  <node id="13502938161" lat="35.2043575" lon="-80.8541541"/>
  <node id="13502938164" lat="35.2041942" lon="-80.8539312"/>
  <node id="13502938172" lat="35.2043028" lon="-80.8534111"/>
  <node id="13502938174" lat="35.2052074" lon="-80.8536436"/>
  <node id="13502938177" lat="35.2053199" lon="-80.8537961"/>
  <node id="13502938193" lat="35.2059043" lon="-80.8537175"/>
  <node id="13502938198" lat="35.2057111" lon="-80.8543192"/>
  <node id="13502938214" lat="35.2066464" lon="-80.8555680"/>
  <node id="13502938217" lat="35.2066529" lon="-80.8555766"/>
  <node id="13502938220" lat="35.2067445" lon="-80.8556985"/>
  <node id="13502938223" lat="35.2068439" lon="-80.8558306"/>
  <node id="13502938226" lat="35.2069376" lon="-80.8559553"/>
  <node id="13502938228" lat="35.2070383" lon="-80.8560892"/>
  <node id="13502938235" lat="35.2076006" lon="-80.8560059"/>
  <node id="13502938238" lat="35.2077197" lon="-80.8558710"/>
  <node id="13502938243" lat="35.2074928" lon="-80.8566948"/>
  <node id="13502938247" lat="35.2076903" lon="-80.8569584"/>
  <node id="13502938250" lat="35.2078693" lon="-80.8571974"/>
  <node id="13502954702" lat="35.2015710" lon="-80.8523191"/>
  <node id="13502954705" lat="35.2014164" lon="-80.8522988"/>
  <node id="13502954708" lat="35.2011521" lon="-80.8522652"/>
  <node id="13502954711" lat="35.2009932" lon="-80.8522457"/>
  <node id="13502954713" lat="35.2008340" lon="-80.8522261"/>
  <node id="13502954717" lat="35.2021132" lon="-80.8534629"/>
  <node id="13502954720" lat="35.2019633" lon="-80.8534433"/>
  <node id="13502954725" lat="35.2018166" lon="-80.8534240"/>
  <node id="13502954728" lat="35.2015566" lon="-80.8533898"/>
  <node id="13502954752" lat="35.2007304" lon="-80.8532809"/>
  <node id="13502954756" lat="35.2008991" lon="-80.8533031"/>
  <node id="13502954760" lat="35.2010638" lon="-80.8533248"/>
  <node id="13502954763" lat="35.2012321" lon="-80.8533470"/>
  <node id="13502954766" lat="35.2013970" lon="-80.8533687"/>
  <node id="13502954771" lat="35.2016213" lon="-80.8533983"/>
  <node id="13502954774" lat="35.2017813" lon="-80.8534193"/>
  <node id="13502954777" lat="35.2019975" lon="-80.8534477"/>
  <node id="13502954780" lat="35.2019499" lon="-80.8534415"/>
  <node id="13502954782" lat="35.2020613" lon="-80.8534561"/>
  <node id="13502954790" lat="35.2022203" lon="-80.8534767"/>
  <node id="13503053886" lat="35.2051686" lon="-80.8545335"/>
  <node id="13503053888" lat="35.2050839" lon="-80.8546275"/>
  <node id="13503053890" lat="35.2049426" lon="-80.8547855"/>
  <node id="13503053895" lat="35.2047414" lon="-80.8550112"/>
  <node id="13503053896" lat="35.2045977" lon="-80.8551724"/>
  <node id="13503097208" lat="35.2046977" lon="-80.8550602"/>
  <node id="13503097209" lat="35.2046568" lon="-80.8551062"/>
  <node id="13503097211" lat="35.2047731" lon="-80.8549757"/>
  <node id="13503097213" lat="35.2048720" lon="-80.8548657"/>
  <node id="13503097225" lat="35.2053364" lon="-80.8550504"/>
  <node id="13503097258" lat="35.2055557" lon="-80.8553478"/>
  <node id="13503097271" lat="35.2054318" lon="-80.8551796"/>
  <node id="13503097273" lat="35.2056501" lon="-80.8554751"/>
  <node id="13503097280" lat="35.2056905" lon="-80.8555298"/>
  <node id="13503097283" lat="35.2057208" lon="-80.8560400"/>
  <node id="13503097290" lat="35.2058118" lon="-80.8558079"/>
  <node id="13503097292" lat="35.2058877" lon="-80.8561921"/>
  <node id="13503097302" lat="35.2059023" lon="-80.8562113"/>
  <node id="13503097320" lat="35.2058681" lon="-80.8545254"/>
  <node id="13503097323" lat="35.2061852" lon="-80.8549514"/>
  <node id="13503097326" lat="35.2059991" lon="-80.8547012"/>
  <node id="13503097329" lat="35.2064265" lon="-80.8552756"/>
  <node id="13503097335" lat="35.2064521" lon="-80.8553096">
    <tag k="crossing" v="unmarked"/>
    <tag k="crossing:markings" v="no"/>
    <tag k="highway" v="crossing"/>
  </node>
  <node id="13503097338" lat="35.2063783" lon="-80.8552111">
    <tag k="crossing" v="unmarked"/>
    <tag k="crossing:markings" v="no"/>
    <tag k="highway" v="crossing"/>
  </node>
  <node id="13503097341" lat="35.2068147" lon="-80.8557918"/>
  <node id="13503097347" lat="35.2071062" lon="-80.8561794"/>
  <node id="13503097350" lat="35.2070420" lon="-80.8566209"/>
  <node id="13503097353" lat="35.2070093" lon="-80.8566564"/>
  <node id="13503097358" lat="35.2069319" lon="-80.8567405"/>
  <node id="13503097362" lat="35.2068582" lon="-80.8568206"/>
  <node id="13503097365" lat="35.2067739" lon="-80.8569122"/>
  <node id="13503097369" lat="35.2065935" lon="-80.8571184"/>
  <node id="13503097377" lat="35.2065775" lon="-80.8571362"/>
  <node id="13503097380" lat="35.2064817" lon="-80.8572425"/>
  <node id="13503097383" lat="35.2063765" lon="-80.8573593"/>
  <node id="13503097402" lat="35.2062436" lon="-80.8575058"/>
  <node id="13503097412" lat="35.2060431" lon="-80.8580788"/>
  <node id="13503097415" lat="35.2061484" lon="-80.8582118"/>
  <node id="13503097418" lat="35.2061921" lon="-80.8582672"/>
  <node id="13503097420" lat="35.2063801" lon="-80.8585048"/>
  <node id="13503097424" lat="35.2063994" lon="-80.8585292"/>
  <node id="13503097428" lat="35.2065136" lon="-80.8586735"/>
  <node id="13503097451" lat="35.2080627" lon="-80.8574555"/>
  <node id="13503097454" lat="35.2079576" lon="-80.8573152"/>
  <node id="13503097457" lat="35.2077876" lon="-80.8570882"/>
  <node id="13503097460" lat="35.2077030" lon="-80.8569753"/>
  <node id="13503097463" lat="35.2076136" lon="-80.8568561"/>
  <node id="13503097466" lat="35.2057146" lon="-80.8576549"/>
  <node id="13503097470" lat="35.2055325" lon="-80.8574161"/>
  <node id="13503097473" lat="35.2054951" lon="-80.8573670"/>
  <node id="13503097474" lat="35.2053976" lon="-80.8572390"/>
  <node id="13503097476" lat="35.2052974" lon="-80.8571077"/>
  <node id="13503097479" lat="35.2051025" lon="-80.8568519"/>
  <node id="13503097481" lat="35.2050077" lon="-80.8567275"/>
  <node id="13503097483" lat="35.2048536" lon="-80.8565254"/>
  <node id="13503097485" lat="35.2046719" lon="-80.8562891"/>
  <node id="13503097491" lat="35.2045658" lon="-80.8561512"/>
  <node id="13503097492" lat="35.2044576" lon="-80.8560106"/>
  <node id="13503097496" lat="35.2043555" lon="-80.8558778"/>
  <node id="13503097499" lat="35.2042389" lon="-80.8557263"/>
  <node id="13503097501" lat="35.2041305" lon="-80.8555854"/>
  <node id="13503097505" lat="35.2041125" lon="-80.8555619"/>
  <node id="13503097518" lat="35.2039084" lon="-80.8553273"/>
  <node id="13503097524" lat="35.2037313" lon="-80.8551613">
    <tag k="traffic_calming" v="hump"/>
  </node>
  <node id="13503097525" lat="35.2037953" lon="-80.8552183"/>
  <node id="13503097528" lat="35.2035541" lon="-80.8550262"/>
  <node id="13503097530" lat="35.2035292" lon="-80.8550081"/>
  <node id="13503097532" lat="35.2032800" lon="-80.8548636"/>
  <node id="13503097535" lat="35.2032565" lon="-80.8548519"/>
  <node id="13503097538" lat="35.2031257" lon="-80.8547867"/>
  <node id="13503097582" lat="35.2065930" lon="-80.8587740"/>
  <node id="13503097589" lat="35.2064918" lon="-80.8586460"/>
  <node id="13503097591" lat="35.2063004" lon="-80.8584041"/>
  <node id="13503097596" lat="35.2062744" lon="-80.8583712"/>
  <node id="13503097603" lat="35.2061663" lon="-80.8582345"/>
  <node id="13503097606" lat="35.2055990" lon="-80.8582158"/>
  <node id="13503097608" lat="35.2054807" lon="-80.8583494"/>
  <node id="13503097611" lat="35.2055565" lon="-80.8582638"/>
  <node id="13503097619" lat="35.2056950" lon="-80.8576293"/>
  <node id="13503097622" lat="35.2056310" lon="-80.8575453"/>
  <node id="13503097624" lat="35.2055249" lon="-80.8574061"/>
  <node id="13503097626" lat="35.2052655" lon="-80.8570657"/>
  <node id="13503097634" lat="35.2052007" lon="-80.8569808"/>
  <node id="13503097652" lat="35.2050216" lon="-80.8567457"/>
  <node id="13503097659" lat="35.2047571" lon="-80.8563999"/>
  <node id="13503097665" lat="35.2046581" lon="-80.8562712"/>
  <node id="13503097672" lat="35.2045408" lon="-80.8561187"/>
  <node id="13503097678" lat="35.2043352" lon="-80.8558514"/>
  <node id="13503097688" lat="35.2042447" lon="-80.8557337"/>
  <node id="13503097689" lat="35.2041174" lon="-80.8555704"/>
  <node id="13503097705" lat="35.2040950" lon="-80.8555392"/>
  <node id="13503097707" lat="35.2039674" lon="-80.8553908"/>
  <node id="13503097709" lat="35.2038283" lon="-80.8552501"/>
  <node id="13503097712" lat="35.2036975" lon="-80.8551330"/>
  <node id="13503097716" lat="35.2036498" lon="-80.8550957"/>
  <node id="13503097719" lat="35.2027474" lon="-80.8543183"/>
  <node id="13503097726" lat="35.2058388" lon="-80.8596247"/>
  <node id="13503097728" lat="35.2057358" lon="-80.8594897"/>
  <node id="13503097730" lat="35.2056283" lon="-80.8593484"/>
  <node id="13503097733" lat="35.2055214" lon="-80.8592072"/>
  <node id="13503097735" lat="35.2054118" lon="-80.8590625"/>
  <node id="13503097738" lat="35.2049249" lon="-80.8584467"/>
  <node id="13503097739" lat="35.2048698" lon="-80.8583766"/>
  <node id="13503097754" lat="35.2047670" lon="-80.8582437"/>
  <node id="13503097756" lat="35.2046680" lon="-80.8581140"/>
  <node id="13503097758" lat="35.2045435" lon="-80.8579510"/>
  <node id="13503097760" lat="35.2043941" lon="-80.8577554"/>
  <node id="13503097762" lat="35.2044736" lon="-80.8578595">
    <tag k="traffic_calming" v="hump"/>
  </node>
  <node id="13503097763" lat="35.2042188" lon="-80.8575259"/>
  <node id="13503097765" lat="35.2041282" lon="-80.8574065"/>
  <node id="13503097767" lat="35.2040012" lon="-80.8572379"/>
  <node id="13503097769" lat="35.2037812" lon="-80.8569457"/>
  <node id="13503097771" lat="35.2037154" lon="-80.8568584"/>
  <node id="13503097780" lat="35.2036106" lon="-80.8567188"/>
  <node id="13503097781" lat="35.2035127" lon="-80.8565762"/>
  <node id="13503097783" lat="35.2033775" lon="-80.8563542"/>
  <node id="13503097786" lat="35.2032477" lon="-80.8561008"/>
  <node id="13503097799" lat="35.2030439" lon="-80.8555377"/>
  <node id="13503097802" lat="35.2029997" lon="-80.8553505"/>
  <node id="13503097803" lat="35.2029641" lon="-80.8551981">
    <tag k="traffic_calming" v="hump"/>
  </node>
  <node id="13508768323" lat="35.2046195" lon="-80.8482467"/>
  <node id="13596410549" lat="35.2009599" lon="-80.8653467"/>
  <node id="13695407907" lat="35.2058796" lon="-80.8325981">
    <tag k="traffic_calming" v="hump"/>
  </node>
  <node id="13695407908" lat="35.2056796" lon="-80.8341621">
    <tag k="traffic_calming" v="hump"/>
  </node>
  <node id="13695407928" lat="35.1926721" lon="-80.8368035">
    <tag k="crossing" v="unmarked"/>
    <tag k="crossing:markings" v="no"/>
    <tag k="highway" v="crossing"/>
  </node>
  <node id="13695407929" lat="35.1926970" lon="-80.8369134">
    <tag k="crossing" v="unmarked"/>
    <tag k="crossing:markings" v="no"/>
    <tag k="highway" v="crossing"/>
  </node>
  <node id="13998461527" lat="35.1880961" lon="-80.8425796"/>
  <node id="14056807077" lat="35.2000489" lon="-80.8635028"/>
  <way id="16663139">
    <nd ref="172166212"/>
    <nd ref="11076337808"/>
    <nd ref="172166215"/>
    <nd ref="172166218"/>
    <nd ref="7031690972"/>
    <nd ref="12249203401"/>
    <nd ref="172166221"/>
    <tag k="highway" v="residential"/>
    <tag k="name" v="Mather Green Avenue"/>
  </way>
  <way id="16663311">
    <nd ref="172168996"/>
    <nd ref="13503097292"/>
    <nd ref="13503097302"/>
    <nd ref="172168999"/>
    <nd ref="172169000"/>
    <nd ref="172169004"/>
    <tag k="highway" v="residential"/>
    <tag k="name" v="Victorian Place"/>
  </way>
  <way id="16663359">
    <nd ref="172170011"/>
    <nd ref="172170013"/>
    <nd ref="172170015"/>
    <nd ref="172170017"/>
    <nd ref="172170018"/>
    <nd ref="13058618586"/>
    <nd ref="172170020"/>
    <nd ref="13058618584"/>
    <nd ref="172170021"/>
    <nd ref="172170023"/>
    <nd ref="13058618580"/>
    <nd ref="172170025"/>
    <nd ref="13058618576"/>
    <nd ref="172170027"/>
    <nd ref="13058618568"/>
    <nd ref="172170029"/>
    <nd ref="13058618567"/>
    <nd ref="13058618564"/>
    <nd ref="172170031"/>
    <nd ref="13058618560"/>
    <nd ref="172170033"/>
    <nd ref="172170035"/>
    <nd ref="13058618559"/>
    <nd ref="172170037"/>
    <nd ref="13058618557"/>
    <nd ref="13058618549"/>
    <nd ref="13058618548"/>
    <nd ref="13058618544"/>
    <nd ref="172170039"/>
    <nd ref="172170041"/>
    <nd ref="172170043"/>
    <nd ref="172170046"/>
    <nd ref="13058618535"/>
    <nd ref="172170049"/>
    <nd ref="172170052"/>
    <nd ref="13058618533"/>
    <nd ref="172170054"/>
    <nd ref="172170056"/>
    <nd ref="2624684127"/>
    <nd ref="172170058"/>
    <nd ref="13058618530"/>
    <nd ref="172170060"/>
    <nd ref="13058618525"/>
    <nd ref="13020134513"/>
    <nd ref="172170062"/>
    <nd ref="13058618522"/>
    <nd ref="172170065"/>
    <nd ref="13020134518"/>
    <nd ref="11076318503"/>
    <nd ref="172170068"/>
    <nd ref="172170073"/>
    <nd ref="13058618427"/>
    <nd ref="172170075"/>
    <nd ref="13058618417"/>
    <nd ref="172170081"/>
    <nd ref="172170086"/>
    <nd ref="11076318435"/>
    <nd ref="5336113449"/>
    <nd ref="11076318432"/>
    <nd ref="13058618332"/>
    <nd ref="172170093"/>
    <nd ref="13058618333"/>
    <nd ref="172170096"/>
    <nd ref="172170098"/>
    <nd ref="172170100"/>
    <nd ref="172170102"/>
    <nd ref="172170104"/>
    <nd ref="172170106"/>
    <nd ref="172170109"/>
    <nd ref="172170111"/>
    <nd ref="172170114"/>
    <nd ref="172170116"/>
    <nd ref="10295355441"/>
    <nd ref="172170120"/>
    <nd ref="10295355433"/>
    <nd ref="172170122"/>
    <nd ref="13058618210"/>
    <nd ref="5336113466"/>
    <nd ref="172170125"/>
    <nd ref="8156504668"/>
    <nd ref="172170127"/>
    <nd ref="13067147874"/>
    <nd ref="5336113465"/>
    <nd ref="10295355426"/>
    <nd ref="172170130"/>
    <tag k="highway" v="residential"/>
    <tag k="lanes" v="2"/>
    <tag k="maxspeed" v="25 mph"/>
    <tag k="name" v="Romany Road"/>
    <tag k="surface" v="asphalt"/>
  </way>
  <way id="16663781">
    <nd ref="172167516"/>
    <nd ref="11078074294"/>
    <nd ref="10056027600"/>
    <nd ref="10056027598"/>
    <nd ref="7008209577"/>
    <nd ref="12752839491"/>
    <nd ref="172177430"/>
    <nd ref="8157026519"/>
    <nd ref="12752839489"/>
    <nd ref="12752839480"/>
    <nd ref="12752839495"/>
    <nd ref="172177433"/>
    <nd ref="12752839478"/>
    <nd ref="12752839499"/>
    <nd ref="12752839476"/>
    <nd ref="172177435"/>
    <nd ref="12752839474"/>
    <nd ref="12752839472"/>
    <nd ref="12752839503"/>
    <nd ref="12752839470"/>
    <nd ref="12752839505"/>
    <nd ref="12752839468"/>
    <nd ref="172177438"/>
    <nd ref="12752839508"/>
    <nd ref="12752839466"/>
    <nd ref="172177441"/>
    <nd ref="172177444"/>
    <nd ref="172177446"/>
    <nd ref="12752839443"/>
    <nd ref="172177449"/>
    <nd ref="172177452"/>
    <nd ref="172177455"/>
    <nd ref="12752839441"/>
    <nd ref="172177457"/>
    <nd ref="172177458"/>
    <nd ref="12752839451"/>
    <nd ref="172177460"/>
    <nd ref="172177462"/>
    <nd ref="172177464"/>
    <nd ref="172177469"/>
    <nd ref="12752839448"/>
    <nd ref="12752839416"/>
    <nd ref="172177472"/>
    <nd ref="12752839418"/>
    <nd ref="172177475"/>
    <nd ref="12752839414"/>
    <nd ref="12752839539"/>
    <nd ref="12752839403"/>
    <nd ref="12752839412"/>
    <nd ref="12752839401"/>
    <nd ref="12752839410"/>
    <nd ref="12752839399"/>
    <nd ref="12752839408"/>
    <nd ref="12752839397"/>
    <nd ref="12752839406"/>
    <nd ref="12752839404"/>
    <nd ref="172177478"/>
    <nd ref="172177481"/>
    <nd ref="12752839385"/>
    <nd ref="172177483"/>
    <nd ref="172177487"/>
    <nd ref="12752839391"/>
    <nd ref="172177488"/>
    <nd ref="172177491"/>
    <nd ref="11078074310"/>
    <nd ref="172167557"/>
    <tag k="highway" v="residential"/>
    <tag k="name" v="Lombardy Circle"/>
  </way>
  <way id="16664057">
    <nd ref="172182624"/>
    <nd ref="11380696545"/>
    <nd ref="172182626"/>
    <nd ref="172182630"/>
    <nd ref="172182633"/>
    <nd ref="172182638"/>
    <nd ref="172182639"/>
    <nd ref="172182641"/>
    <nd ref="172182644"/>
    <nd ref="172182646"/>
    <nd ref="172182648"/>
    <nd ref="172182651"/>
    <nd ref="11076337962"/>
    <nd ref="172182655"/>
    <nd ref="172182659"/>
    <nd ref="172182662"/>
    <nd ref="172182666"/>
    <nd ref="172182669"/>
    <nd ref="172182673"/>
    <nd ref="172182676"/>
    <nd ref="172182678"/>
    <nd ref="172182681"/>
    <nd ref="11076319348"/>
    <nd ref="172182683"/>
    <nd ref="172182685"/>
    <nd ref="172182688"/>
    <nd ref="172182689"/>
    <nd ref="172182692"/>
    <nd ref="172182695"/>
    <nd ref="172182698"/>
    <nd ref="172182700"/>
    <nd ref="5814065664"/>
    <nd ref="172182702"/>
    <nd ref="12338036156"/>
    <nd ref="172182708"/>
    <tag k="hgv" v="permit"/>
    <tag k="highway" v="residential"/>
    <tag k="name" v="Ideal Way"/>
  </way>
  <way id="16664060">
    <nd ref="172182798"/>
    <nd ref="13481138446"/>
    <nd ref="13481138444"/>
    <nd ref="13481138442"/>
    <nd ref="13481138440"/>
    <nd ref="13481138438"/>
    <nd ref="13481138436"/>
    <nd ref="13481138435"/>
    <nd ref="13481138432"/>
    <nd ref="13481138431"/>
    <nd ref="13481138423"/>
    <nd ref="13481138422"/>
    <nd ref="13481138418"/>
    <nd ref="11076318975"/>
    <nd ref="172182799"/>
    <tag k="highway" v="residential"/>
    <tag k="name" v="Ideal Way"/>
    <tag k="tiger:cfcc" v="A41"/>
    <tag k="tiger:county" v="Mecklenburg, NC"/>
    <tag k="tiger:name_base" v="Ideal"/>
    <tag k="tiger:name_type" v="Way"/>
    <tag k="tiger:reviewed" v="no"/>
    <tag k="tiger:zip_left" v="28203"/>
    <tag k="tiger:zip_right" v="28203"/>
  </way>
  <way id="16664478">
    <nd ref="172192160"/>
    <nd ref="11076318028"/>
    <nd ref="172192163"/>
    <nd ref="13502630788"/>
    <nd ref="13246801094"/>
    <nd ref="13246801088"/>
    <nd ref="172192166"/>
    <nd ref="13246801091"/>
    <nd ref="13246801083"/>
    <nd ref="13502631241"/>
    <nd ref="11076337622"/>
    <nd ref="172192169"/>
    <tag k="highway" v="residential"/>
    <tag k="name" v="Ledgewood Lane"/>
  </way>
  <way id="16664997">
    <nd ref="172167507"/>
    <nd ref="11076318977"/>
    <nd ref="13481107300"/>
    <nd ref="8165877563"/>
    <nd ref="13481107293"/>
    <nd ref="10056027602"/>
    <nd ref="13481107296"/>
    <nd ref="13481107298"/>
    <nd ref="13481138309"/>
    <nd ref="13481138312"/>
    <nd ref="172203724"/>
    <nd ref="13481138314"/>
    <nd ref="13481138316"/>
    <nd ref="13481138302"/>
    <nd ref="13481138318"/>
    <nd ref="13481138367"/>
    <nd ref="13481138322"/>
    <nd ref="13481138324"/>
    <nd ref="13481138352"/>
    <nd ref="13481138326"/>
    <nd ref="172182799"/>
    <nd ref="13481138328"/>
    <nd ref="13481138330"/>
    <nd ref="13481138348"/>
    <nd ref="172203727"/>
    <nd ref="13481138332"/>
    <nd ref="13481138334"/>
    <nd ref="172203730"/>
    <nd ref="13481138341"/>
    <nd ref="13481138342"/>
    <nd ref="172203732"/>
    <nd ref="172203737"/>
    <nd ref="172203739"/>
    <nd ref="13481138550"/>
    <nd ref="172203741"/>
    <nd ref="13481138552"/>
    <nd ref="172203745"/>
    <nd ref="172203748"/>
    <nd ref="13481138554"/>
    <nd ref="13481138581"/>
    <nd ref="172203751"/>
    <nd ref="13481138586"/>
    <nd ref="13481138588"/>
    <nd ref="13481138589"/>
    <nd ref="13481138610"/>
    <nd ref="13481138613"/>
    <nd ref="13481138615"/>
    <nd ref="172203754"/>
    <nd ref="13481138303"/>
    <nd ref="13481138619"/>
    <nd ref="172203757"/>
    <nd ref="13481138624"/>
    <nd ref="13481138632"/>
    <nd ref="172203760"/>
    <nd ref="13481138627"/>
    <nd ref="172203763"/>
    <nd ref="13481138629"/>
    <nd ref="13481138630"/>
    <nd ref="172203765"/>
    <nd ref="13481138634"/>
    <nd ref="172203767"/>
    <nd ref="13481138636"/>
    <nd ref="13481138647"/>
    <nd ref="13481138652"/>
    <nd ref="172203769"/>
    <nd ref="13481138695"/>
    <nd ref="172203771"/>
    <nd ref="13481138702"/>
    <nd ref="13481138705"/>
    <nd ref="172203773"/>
    <nd ref="13481138716"/>
    <nd ref="13481138717"/>
    <nd ref="172203776"/>
    <tag k="hgv" v="permit"/>
    <tag k="highway" v="residential"/>
    <tag k="name" v="Cumberland Avenue"/>
  </way>
  <way id="16665125">
    <nd ref="172207622"/>
    <nd ref="172207625"/>
    <nd ref="13481138526"/>
    <nd ref="172207629"/>
    <nd ref="13500886165"/>
    <nd ref="172207632"/>
    <nd ref="13500886163"/>
    <nd ref="13500886160"/>
    <nd ref="172207636"/>
    <nd ref="13500886161"/>
    <nd ref="13500886158"/>
    <nd ref="13500886156"/>
    <nd ref="13500886153"/>
    <nd ref="13500886146"/>
    <nd ref="13500886151"/>
    <nd ref="13500886147"/>
    <nd ref="13500886142"/>
    <nd ref="172207640"/>
    <nd ref="172207642"/>
    <nd ref="172207645"/>
    <nd ref="13500886135"/>
    <nd ref="13500885297"/>
    <nd ref="13500886112"/>
    <nd ref="172207648"/>
    <nd ref="172207651"/>
    <nd ref="13500886106"/>
    <nd ref="172207653"/>
    <nd ref="13500885288"/>
    <nd ref="172207655"/>
    <nd ref="13500885287"/>
    <nd ref="13500886110"/>
    <nd ref="172207657"/>
    <nd ref="13500885243"/>
    <nd ref="13500885246"/>
    <nd ref="13500885242"/>
    <nd ref="13500885228"/>
    <nd ref="13500885235"/>
    <nd ref="172207659"/>
    <nd ref="13500885239"/>
    <nd ref="172207661"/>
    <nd ref="172207664"/>
    <nd ref="13485025700"/>
    <nd ref="172207665"/>
    <nd ref="11076296682"/>
    <nd ref="172207666"/>
    <tag k="highway" v="residential"/>
    <tag k="name" v="Lockhart Drive"/>
    <tag k="sidewalk" v="no"/>
  </way>
  <way id="16665690">
    <nd ref="5336113449"/>
    <nd ref="11675524268"/>
    <nd ref="172221343"/>
    <nd ref="5950131659"/>
    <nd ref="5950131665"/>
    <nd ref="172221347"/>
    <nd ref="11675660490"/>
    <nd ref="10302606818"/>
    <nd ref="172221348"/>
    <nd ref="172221350"/>
    <nd ref="172221352"/>
    <nd ref="172221354"/>
    <nd ref="13067145000"/>
    <nd ref="172221356"/>
    <nd ref="13067147703"/>
    <nd ref="172221358"/>
    <nd ref="13067147705"/>
    <nd ref="172221359"/>
    <nd ref="6461708780"/>
    <nd ref="13067147708"/>
    <tag k="highway" v="residential"/>
    <tag k="lanes" v="2"/>
    <tag k="maxspeed" v="25 mph"/>
    <tag k="name" v="Dilworth Road East"/>
    <tag k="surface" v="asphalt"/>
  </way>
  <way id="16667391">
    <nd ref="172252553"/>
    <nd ref="172252555"/>
    <nd ref="10964394102"/>
    <nd ref="172252557"/>
    <nd ref="172252561"/>
    <nd ref="6989268119"/>
    <nd ref="6989268115"/>
    <nd ref="7008140890"/>
    <nd ref="7008140888"/>
    <nd ref="7676065071"/>
    <nd ref="11076337920"/>
    <nd ref="172252564"/>
    <nd ref="11076337919"/>
    <nd ref="172252566"/>
    <nd ref="11076337929"/>
    <nd ref="172252568"/>
    <nd ref="11076337914"/>
    <nd ref="13503097451"/>
    <nd ref="13503097454"/>
    <nd ref="13502938250"/>
    <nd ref="13503097457"/>
    <nd ref="13503097460"/>
    <nd ref="13502938247"/>
    <nd ref="13503097463"/>
    <nd ref="13502938243"/>
    <nd ref="11076337912"/>
    <nd ref="172162847"/>
    <nd ref="11076337879"/>
    <nd ref="13503097347"/>
    <nd ref="13502938228"/>
    <nd ref="13502938226"/>
    <nd ref="13502938223"/>
    <nd ref="13503097341"/>
    <nd ref="13502938220"/>
    <nd ref="13502938217"/>
    <nd ref="13502938214"/>
    <nd ref="13503097335"/>
    <nd ref="13503097329"/>
    <nd ref="172252570"/>
    <nd ref="13503097338"/>
    <nd ref="13503097323"/>
    <nd ref="13503097326"/>
    <nd ref="172252573"/>
    <nd ref="13503097320"/>
    <nd ref="13502938198"/>
    <nd ref="11076317765"/>
    <nd ref="172252575"/>
    <nd ref="11076317763"/>
    <nd ref="13502938120"/>
    <nd ref="13502938177"/>
    <nd ref="13502938117"/>
    <nd ref="13502938174"/>
    <nd ref="13502938105"/>
    <nd ref="172252576"/>
    <nd ref="13502938100"/>
    <nd ref="13502938108"/>
    <nd ref="172252577"/>
    <nd ref="13502938111"/>
    <nd ref="172252578"/>
    <nd ref="11076317768"/>
    <nd ref="172202031"/>
    <nd ref="11076317770"/>
    <nd ref="172252580"/>
    <nd ref="172252582"/>
    <nd ref="13502938035"/>
    <nd ref="172252584"/>
    <nd ref="172252586"/>
    <nd ref="13345733290"/>
    <nd ref="13502938085"/>
    <nd ref="172252589"/>
    <nd ref="172252592"/>
    <nd ref="13502938001"/>
    <nd ref="172252594"/>
    <nd ref="9217388187"/>
    <tag k="hgv" v="permit"/>
    <tag k="highway" v="tertiary"/>
    <tag k="lanes" v="2"/>
    <tag k="name" v="East Tremont Avenue"/>
    <tag k="sidewalk:both" v="separate"/>
    <tag k="surface" v="asphalt"/>
  </way>
  <way id="16667911">
    <nd ref="172262225"/>
    <nd ref="13503097225"/>
    <nd ref="172262228"/>
    <nd ref="13503097271"/>
    <nd ref="13503097258"/>
    <nd ref="13503097273"/>
    <nd ref="13503097280"/>
    <nd ref="172262233"/>
    <nd ref="172262235"/>
    <nd ref="172262238"/>
    <nd ref="13503097290"/>
    <nd ref="172262239"/>
    <nd ref="172262242"/>
    <nd ref="172262244"/>
    <nd ref="172168996"/>
    <nd ref="172262247"/>
    <nd ref="13503097283"/>
    <nd ref="172262250"/>
    <nd ref="172262253"/>
    <nd ref="172262256"/>
    <tag k="highway" v="residential"/>
    <tag k="name" v="Dilworth Mews Court"/>
    <tag k="sidewalk:both" v="no"/>
  </way>
  <way id="16668383">
    <nd ref="172270887"/>
    <nd ref="10949808413"/>
    <nd ref="172270889"/>
    <nd ref="10949808412"/>
    <nd ref="11908748324"/>
    <nd ref="172270892"/>
    <nd ref="10949808411"/>
    <nd ref="10949808410"/>
    <nd ref="11908748320"/>
    <nd ref="172270895"/>
    <nd ref="10949808409"/>
    <nd ref="172270897"/>
    <nd ref="11908748272"/>
    <nd ref="10949808408"/>
    <nd ref="172270899"/>
    <nd ref="11908748317"/>
    <nd ref="11908748277"/>
    <nd ref="10949808407"/>
    <nd ref="11908748312"/>
    <nd ref="11908748280"/>
    <nd ref="11908748309"/>
    <nd ref="11908748283"/>
    <nd ref="10949808402"/>
    <nd ref="172270901"/>
    <nd ref="10949808403"/>
    <nd ref="10963630955"/>
    <nd ref="10959611523"/>
    <nd ref="11908748288"/>
    <nd ref="10959611525"/>
    <nd ref="10959611528"/>
    <nd ref="11908748298"/>
    <nd ref="10949808401"/>
    <nd ref="10949782995"/>
    <nd ref="172270913"/>
    <tag k="highway" v="residential"/>
    <tag k="name" v="Ardsley Road"/>
    <tag k="surface" v="asphalt"/>
  </way>
  <way id="16669337">
    <nd ref="172167475"/>
    <nd ref="11076318749"/>
    <nd ref="172288212"/>
    <nd ref="2401687283"/>
    <nd ref="13501178689"/>
    <nd ref="13501178695"/>
    <nd ref="172288214"/>
    <nd ref="13501178693"/>
    <nd ref="13501178698"/>
    <nd ref="172288217"/>
    <nd ref="172288223"/>
    <nd ref="172288226"/>
    <nd ref="172288229"/>
    <nd ref="11076318912"/>
    <nd ref="172288232"/>
    <nd ref="13502631066"/>
    <nd ref="172288235"/>
    <nd ref="13502631068"/>
    <nd ref="172288237"/>
    <nd ref="13502631055"/>
    <nd ref="13502631058"/>
    <nd ref="172288240"/>
    <nd ref="13502631062"/>
    <nd ref="13502631020"/>
    <nd ref="172288242"/>
    <nd ref="13502630975"/>
    <nd ref="13502631016"/>
    <nd ref="172288245"/>
    <nd ref="11076318138"/>
    <nd ref="172182764"/>
    <tag k="highway" v="residential"/>
    <tag k="name" v="Ewing Avenue"/>
  </way>
  <way id="16669565">
    <nd ref="172224727"/>
    <nd ref="172292716"/>
    <nd ref="172292718"/>
    <nd ref="172292720"/>
    <nd ref="13067147720"/>
    <nd ref="13067147717"/>
    <nd ref="13067147715"/>
    <nd ref="13067147713"/>
    <nd ref="172292723"/>
    <nd ref="172292726"/>
    <nd ref="172292729"/>
    <nd ref="172221374"/>
    <tag k="highway" v="residential"/>
    <tag k="name" v="Isleworth Avenue"/>
  </way>
  <way id="16669828">
    <nd ref="172296636"/>
    <nd ref="172296638"/>
    <nd ref="172296640"/>
    <nd ref="172296642"/>
    <nd ref="8643108949"/>
    <nd ref="8643108955"/>
    <nd ref="172296644"/>
    <nd ref="13246800614"/>
    <nd ref="172296648"/>
    <nd ref="13119851013"/>
    <nd ref="172296651"/>
    <nd ref="172296653"/>
    <nd ref="172296656"/>
    <nd ref="7007989120"/>
    <nd ref="172296659"/>
    <nd ref="13246800651"/>
    <nd ref="172296661"/>
    <nd ref="172296664"/>
    <nd ref="172296667"/>
    <nd ref="172296670"/>
    <nd ref="172296673"/>
    <nd ref="12543039050"/>
    <nd ref="172296676"/>
    <tag k="hgv" v="permit"/>
    <tag k="highway" v="residential"/>
    <tag k="name" v="Ordermore Avenue"/>
  </way>
  <way id="16670386">
    <nd ref="172307571"/>
    <nd ref="10927927512"/>
    <nd ref="10916995120"/>
    <nd ref="10916995222"/>
    <nd ref="172307574"/>
    <nd ref="10916995219"/>
    <nd ref="10916995121"/>
    <nd ref="172307577"/>
    <nd ref="10927927321"/>
    <nd ref="10927927866"/>
    <nd ref="10927927318"/>
    <nd ref="10916995123"/>
    <nd ref="10927927144"/>
    <nd ref="172307580"/>
    <nd ref="10916995250"/>
    <nd ref="172307583"/>
    <nd ref="10916995124"/>
    <nd ref="10927927868"/>
    <nd ref="10927927870"/>
    <nd ref="10927927169"/>
    <nd ref="10915443689"/>
    <nd ref="10915443790"/>
    <nd ref="10915443692"/>
    <nd ref="172307584"/>
    <nd ref="10915443579"/>
    <nd ref="10915443580"/>
    <nd ref="172307586"/>
    <nd ref="10915443577"/>
    <nd ref="10915443581"/>
    <nd ref="10915443582"/>
    <nd ref="10915443578"/>
    <nd ref="172307590"/>
    <nd ref="10915443583"/>
    <nd ref="10927928272"/>
    <nd ref="172307593"/>
    <nd ref="10917202942"/>
    <nd ref="10927928264"/>
    <nd ref="172307596"/>
    <nd ref="10917202948"/>
    <nd ref="172307598"/>
    <nd ref="10917202960"/>
    <nd ref="172307600"/>
    <nd ref="10917202961"/>
    <nd ref="10917202978"/>
    <nd ref="172307601"/>
    <nd ref="172307603"/>
    <nd ref="10917202985"/>
    <nd ref="3701189109"/>
    <nd ref="10917202989"/>
    <nd ref="10917202997"/>
    <nd ref="172307605"/>
    <nd ref="172307607"/>
    <nd ref="172307609"/>
    <nd ref="172307611"/>
    <nd ref="10917205009"/>
    <nd ref="10917202990"/>
    <nd ref="172307613"/>
    <nd ref="2272431275"/>
    <nd ref="10917205019"/>
    <nd ref="9469401108"/>
    <nd ref="172307615"/>
    <nd ref="172307618"/>
    <nd ref="10917202991"/>
    <nd ref="9469401105"/>
    <nd ref="10917205025"/>
    <nd ref="172307621"/>
    <nd ref="10917205030"/>
    <nd ref="2272411425"/>
    <nd ref="172307624"/>
    <tag k="highway" v="residential"/>
    <tag k="name" v="Wellesley Avenue"/>
  </way>
  <way id="16670433">
    <nd ref="172308607"/>
    <nd ref="172308610"/>
    <nd ref="172308613"/>
    <nd ref="172308616"/>
    <nd ref="172308618"/>
    <nd ref="172308620"/>
    <nd ref="172308623"/>
    <nd ref="172308624"/>
    <nd ref="172308627"/>
    <nd ref="172308630"/>
    <nd ref="172308635"/>
    <nd ref="172308638"/>
    <nd ref="172308641"/>
    <nd ref="172308644"/>
    <nd ref="172308647"/>
    <nd ref="172308650"/>
    <nd ref="172308653"/>
    <nd ref="172308656"/>
    <nd ref="172308659"/>
    <nd ref="172308662"/>
    <nd ref="172308665"/>
    <nd ref="172308667"/>
    <nd ref="172308669"/>
    <nd ref="172308671"/>
    <nd ref="172308673"/>
    <nd ref="11076337965"/>
    <nd ref="172308677"/>
    <nd ref="172308679"/>
    <nd ref="172308681"/>
    <nd ref="172308683"/>
    <nd ref="172308685"/>
    <nd ref="172308687"/>
    <nd ref="172308689"/>
    <nd ref="172308690"/>
    <nd ref="172308692"/>
    <nd ref="172308693"/>
    <nd ref="172308696"/>
    <nd ref="172308699"/>
    <nd ref="172308701"/>
    <nd ref="172308703"/>
    <nd ref="172308706"/>
    <nd ref="172308709"/>
    <nd ref="172308712"/>
    <nd ref="11126535115"/>
    <nd ref="172308715"/>
    <nd ref="13260173341"/>
    <nd ref="13260173343"/>
    <nd ref="13099020723"/>
    <nd ref="172308718"/>
    <nd ref="13099020726"/>
    <nd ref="13099020858"/>
    <nd ref="13099020861"/>
    <nd ref="172308721"/>
    <nd ref="13099020862"/>
    <nd ref="13260173551"/>
    <nd ref="7065401817"/>
    <nd ref="172308724"/>
    <tag k="highway" v="residential"/>
    <tag k="name" v="Idlewood Circle"/>
  </way>
  <way id="16670435">
    <nd ref="172308627"/>
    <nd ref="172308741"/>
    <nd ref="7010610484"/>
    <nd ref="172308745"/>
    <tag k="highway" v="residential"/>
    <tag k="name" v="Idlewood Circle"/>
  </way>
  <way id="16670453">
    <nd ref="172309381"/>
    <nd ref="11076337774"/>
    <nd ref="8570264890"/>
    <nd ref="172309383"/>
    <nd ref="172309386"/>
    <nd ref="172166212"/>
    <nd ref="172309388"/>
    <nd ref="172309391"/>
    <nd ref="172309395"/>
    <nd ref="172309399"/>
    <nd ref="172309402"/>
    <nd ref="172309405"/>
    <nd ref="172309408"/>
    <nd ref="172309411"/>
    <nd ref="172309414"/>
    <nd ref="172309417"/>
    <nd ref="172309420"/>
    <nd ref="172309423"/>
    <nd ref="172309425"/>
    <nd ref="172309427"/>
    <nd ref="172309429"/>
    <nd ref="6784506176"/>
    <nd ref="172309431"/>
    <nd ref="172309433"/>
    <nd ref="172309435"/>
    <nd ref="172309437"/>
    <nd ref="172309439"/>
    <tag k="highway" v="residential"/>
    <tag k="name" v="Olmsted Park Place"/>
  </way>
  <way id="16671046">
    <nd ref="172318987"/>
    <nd ref="11078073195"/>
    <nd ref="172318990"/>
    <nd ref="172318993"/>
    <nd ref="172318996"/>
    <nd ref="172318999"/>
    <nd ref="172319002"/>
    <nd ref="7007992685"/>
    <nd ref="172319005"/>
    <nd ref="172319008"/>
    <nd ref="172319011"/>
    <nd ref="172319016"/>
    <nd ref="172319019"/>
    <nd ref="172319022"/>
    <nd ref="11078073184"/>
    <nd ref="172319025"/>
    <nd ref="11078073135"/>
    <nd ref="172319028"/>
    <nd ref="172319034"/>
    <nd ref="172319040"/>
    <nd ref="172319044"/>
    <nd ref="172319047"/>
    <nd ref="172319050"/>
    <nd ref="172319053"/>
    <nd ref="172319056"/>
    <nd ref="172319059"/>
    <nd ref="172319061"/>
    <nd ref="172319063"/>
    <nd ref="172319066"/>
    <nd ref="172319067"/>
    <nd ref="172319070"/>
    <nd ref="172319073"/>
    <nd ref="172319076"/>
    <nd ref="172319079"/>
    <nd ref="172319082"/>
    <nd ref="172319085"/>
    <nd ref="172319089"/>
    <nd ref="172319093"/>
    <nd ref="172319096"/>
    <nd ref="172319101"/>
    <nd ref="172319103"/>
    <nd ref="172319105"/>
    <nd ref="172319107"/>
    <nd ref="172319109"/>
    <nd ref="172319111"/>
    <tag k="hgv" v="permit"/>
    <tag k="highway" v="residential"/>
    <tag k="name" v="Sunset Drive"/>
  </way>
  <way id="16671119">
    <nd ref="172200439"/>
    <nd ref="11076337963"/>
    <nd ref="172320602"/>
    <nd ref="172320605"/>
    <nd ref="172320608"/>
    <nd ref="172320611"/>
    <nd ref="172320614"/>
    <nd ref="172320617"/>
    <nd ref="172320620"/>
    <nd ref="172320623"/>
    <tag k="highway" v="residential"/>
    <tag k="name" v="Diana Drive"/>
  </way>
  <way id="16671260">
    <nd ref="172323256"/>
    <nd ref="11076319070"/>
    <nd ref="172323259"/>
    <nd ref="172323263"/>
    <nd ref="172323265"/>
    <nd ref="172323267"/>
    <nd ref="172323270"/>
    <nd ref="5786520943"/>
    <nd ref="5786521057"/>
    <nd ref="172323273"/>
    <nd ref="172323276"/>
    <tag k="highway" v="residential"/>
    <tag k="name" v="Salem Drive"/>
  </way>
  <way id="16671262">
    <nd ref="172323284"/>
    <nd ref="12445906130"/>
    <nd ref="172323286"/>
    <nd ref="2699183093"/>
    <nd ref="12445906105"/>
    <nd ref="12445906109"/>
    <nd ref="172323276"/>
    <nd ref="172323289"/>
    <nd ref="172308607"/>
    <nd ref="172323292"/>
    <nd ref="172323295"/>
    <nd ref="172323299"/>
    <nd ref="172323300"/>
    <nd ref="172323303"/>
    <nd ref="172323305"/>
    <nd ref="172323307"/>
    <nd ref="172323309"/>
    <nd ref="172323312"/>
    <nd ref="172323315"/>
    <nd ref="172323318"/>
    <nd ref="172323321"/>
    <nd ref="172323324"/>
    <nd ref="172308656"/>
    <tag k="highway" v="residential"/>
    <tag k="name" v="Salem Drive"/>
  </way>
  <way id="16673154">
    <nd ref="172347593"/>
    <nd ref="13438325981"/>
    <nd ref="13438325982"/>
    <nd ref="11586069112"/>
    <nd ref="13438325983"/>
    <nd ref="13438325979"/>
    <nd ref="13438325985"/>
    <nd ref="13438325977"/>
    <nd ref="13438325974"/>
    <nd ref="172347605"/>
    <nd ref="172347608"/>
    <nd ref="13438325963"/>
    <nd ref="172347610"/>
    <nd ref="13438325960"/>
    <nd ref="13438325990"/>
    <nd ref="13438325955"/>
    <nd ref="13438325998"/>
    <nd ref="13438325953"/>
    <nd ref="13438326000"/>
    <nd ref="13438366502"/>
    <nd ref="7008289649"/>
    <nd ref="11743264628"/>
    <nd ref="11743264636"/>
    <nd ref="11078074006"/>
    <nd ref="172167504"/>
    <tag k="highway" v="residential"/>
    <tag k="name" v="Fountain View Street"/>
    <tag k="tiger:cfcc" v="A41"/>
    <tag k="tiger:county" v="Mecklenburg, NC"/>
    <tag k="tiger:name_base" v="Fountain View"/>
    <tag k="tiger:name_type" v="St"/>
    <tag k="tiger:reviewed" v="no"/>
    <tag k="tiger:zip_left" v="28203"/>
    <tag k="tiger:zip_right" v="28203"/>
  </way>
  <way id="16673657">
    <nd ref="5689366834"/>
    <nd ref="172352721"/>
    <nd ref="172352722"/>
    <nd ref="172352723"/>
    <nd ref="172352724"/>
    <nd ref="172352725"/>
    <nd ref="172352726"/>
    <nd ref="172352727"/>
    <nd ref="172352729"/>
    <nd ref="172352731"/>
    <nd ref="5689366854"/>
    <tag k="highway" v="residential"/>
    <tag k="name" v="Clayfield Court"/>
    <tag k="tiger:cfcc" v="A41"/>
    <tag k="tiger:county" v="Mecklenburg, NC"/>
    <tag k="tiger:name_base" v="Clayfield"/>
    <tag k="tiger:name_type" v="Ct"/>
    <tag k="tiger:reviewed" v="no"/>
    <tag k="tiger:zip_left" v="28209"/>
    <tag k="tiger:zip_right" v="28209"/>
  </way>
  <way id="16674882">
    <nd ref="172162888"/>
    <nd ref="11076337772"/>
    <nd ref="172309381"/>
    <nd ref="172365241"/>
    <nd ref="172365244"/>
    <nd ref="172365247"/>
    <nd ref="172365250"/>
    <nd ref="172365253"/>
    <nd ref="172365255"/>
    <nd ref="172365257"/>
    <nd ref="172365258"/>
    <nd ref="172365261"/>
    <nd ref="172365263"/>
    <nd ref="11076337738"/>
    <nd ref="172365266"/>
    <nd ref="172365268"/>
    <nd ref="172365270"/>
    <nd ref="172365272"/>
    <nd ref="172365274"/>
    <nd ref="172365276"/>
    <tag k="highway" v="residential"/>
    <tag k="name" v="Meacham Street"/>
  </way>
  <way id="16675457">
    <nd ref="172182727"/>
    <nd ref="11076317997"/>
    <nd ref="172372738"/>
    <nd ref="172372740"/>
    <nd ref="13502631175"/>
    <nd ref="13502631179"/>
    <nd ref="13502631182"/>
    <nd ref="13502631184"/>
    <nd ref="172372743"/>
    <nd ref="172372746"/>
    <nd ref="13502631187"/>
    <nd ref="13502631189"/>
    <nd ref="13502631190"/>
    <nd ref="172372749"/>
    <nd ref="13502631193"/>
    <nd ref="13502631194"/>
    <nd ref="13502631199"/>
    <nd ref="172372752"/>
    <nd ref="13502631196"/>
    <nd ref="172372755"/>
    <nd ref="13502631201"/>
    <nd ref="13502631202"/>
    <nd ref="172372758"/>
    <nd ref="13502631205"/>
    <nd ref="13502631208"/>
    <nd ref="13502631207"/>
    <nd ref="172372761"/>
    <nd ref="13502631210"/>
    <nd ref="13502631217"/>
    <nd ref="172372764"/>
    <nd ref="13502631214"/>
    <nd ref="13502631213"/>
    <nd ref="172372767"/>
    <nd ref="172372770"/>
    <nd ref="11076337621"/>
    <nd ref="172192166"/>
    <tag k="highway" v="residential"/>
    <tag k="name" v="Sarah Marks Avenue"/>
  </way>
  <way id="16676805">
    <nd ref="172388530"/>
    <nd ref="11076337877"/>
    <nd ref="172388533"/>
    <nd ref="172388535"/>
    <nd ref="172388538"/>
    <nd ref="172365276"/>
    <nd ref="172388540"/>
    <nd ref="172388542"/>
    <nd ref="172388545"/>
    <nd ref="11076337735"/>
    <nd ref="172309439"/>
    <nd ref="172388547"/>
    <nd ref="172320623"/>
    <nd ref="172388550"/>
    <nd ref="172388553"/>
    <nd ref="172388556"/>
    <nd ref="172388559"/>
    <nd ref="172182655"/>
    <tag k="highway" v="residential"/>
    <tag k="name" v="Winthrop Avenue"/>
  </way>
  <way id="16679544">
    <nd ref="172167566"/>
    <nd ref="9183274578"/>
    <nd ref="9183274585"/>
    <nd ref="5845427116"/>
    <nd ref="172420877"/>
    <nd ref="10916995182"/>
    <nd ref="172420879"/>
    <nd ref="10916995181"/>
    <nd ref="172420882"/>
    <nd ref="10916995180"/>
    <nd ref="172420885"/>
    <nd ref="10916995183"/>
    <nd ref="172420888"/>
    <nd ref="5845427110"/>
    <nd ref="172420891"/>
    <nd ref="10916995184"/>
    <nd ref="10916995179"/>
    <nd ref="172420895"/>
    <nd ref="10916995178"/>
    <nd ref="172420899"/>
    <nd ref="172420901"/>
    <nd ref="10927927665"/>
    <nd ref="10916995177"/>
    <nd ref="10916995160"/>
    <nd ref="10927927663"/>
    <nd ref="10916995161"/>
    <nd ref="10916995162"/>
    <nd ref="172420906"/>
    <nd ref="10916995140"/>
    <nd ref="172420907"/>
    <nd ref="10927927653"/>
    <nd ref="10927927711"/>
    <nd ref="10916995139"/>
    <nd ref="10927927720"/>
    <nd ref="172420911"/>
    <nd ref="10916995138"/>
    <nd ref="10916995137"/>
    <nd ref="10927927722"/>
    <nd ref="10927927724"/>
    <nd ref="172420914"/>
    <nd ref="10916995136"/>
    <nd ref="10916995135"/>
    <nd ref="10927927725"/>
    <nd ref="172420916"/>
    <nd ref="172420920"/>
    <nd ref="10927927751"/>
    <nd ref="10927927739"/>
    <nd ref="10916995134"/>
    <nd ref="172420924"/>
    <nd ref="10916995133"/>
    <nd ref="172420927"/>
    <nd ref="10927927769"/>
    <nd ref="10916995132"/>
    <nd ref="10927927771"/>
    <nd ref="10927927784"/>
    <nd ref="10916995131"/>
    <nd ref="172420930"/>
    <nd ref="10916995130"/>
    <nd ref="10927927786"/>
    <nd ref="10927927792"/>
    <nd ref="172420933"/>
    <nd ref="10916995129"/>
    <nd ref="10927927794"/>
    <nd ref="172420935"/>
    <nd ref="10927927801"/>
    <nd ref="172420939"/>
    <nd ref="10927927809"/>
    <nd ref="172420941"/>
    <nd ref="10927927813"/>
    <nd ref="10916995128"/>
    <nd ref="10927927827"/>
    <nd ref="10927927840"/>
    <nd ref="10927927831"/>
    <nd ref="10916995127"/>
    <nd ref="10927927842"/>
    <nd ref="10927927851"/>
    <nd ref="172420943"/>
    <nd ref="10927927857"/>
    <nd ref="10927927864"/>
    <nd ref="10916995126"/>
    <nd ref="10916995125"/>
    <nd ref="10916995249"/>
    <nd ref="172307583"/>
    <nd ref="10916995248"/>
    <nd ref="10927927150"/>
    <nd ref="10916995247"/>
    <nd ref="10927927142"/>
    <nd ref="10927927138"/>
    <nd ref="10927927124"/>
    <nd ref="10916995246"/>
    <nd ref="10927927122"/>
    <nd ref="10927927136"/>
    <nd ref="10927927095"/>
    <nd ref="10927927106"/>
    <nd ref="10927927105"/>
    <nd ref="10927927077"/>
    <nd ref="10927927079"/>
    <nd ref="172420945"/>
    <nd ref="10927927089"/>
    <nd ref="10927927064"/>
    <nd ref="10927927072"/>
    <nd ref="10916995245"/>
    <nd ref="10927927056"/>
    <nd ref="10927927054"/>
    <nd ref="172420949"/>
    <nd ref="10927927045"/>
    <nd ref="10916995244"/>
    <nd ref="172420951"/>
    <nd ref="10927927040"/>
    <nd ref="10927927036"/>
    <nd ref="10916995243"/>
    <nd ref="10916995242"/>
    <nd ref="10927927027"/>
    <nd ref="10916995241"/>
    <nd ref="172420953"/>
    <nd ref="172420957"/>
    <nd ref="10927927017"/>
    <nd ref="10916995240"/>
    <nd ref="10927927001"/>
    <nd ref="10927926990"/>
    <nd ref="172420961"/>
    <nd ref="10927927022"/>
    <nd ref="10916995239"/>
    <nd ref="10927926974"/>
    <nd ref="10927926965"/>
    <nd ref="10927927316"/>
    <nd ref="10916995238"/>
    <nd ref="10927926951"/>
    <nd ref="172420964"/>
    <nd ref="10927926950"/>
    <nd ref="10916995237"/>
    <nd ref="10927926948"/>
    <nd ref="10927926940"/>
    <nd ref="172420968"/>
    <nd ref="10916995236"/>
    <nd ref="10927926935"/>
    <nd ref="10927927312"/>
    <nd ref="10927927309"/>
    <nd ref="172420970"/>
    <nd ref="172420974"/>
    <nd ref="10915442920"/>
    <nd ref="10915442922"/>
    <nd ref="10915442949"/>
    <nd ref="172420978"/>
    <nd ref="10915442947"/>
    <nd ref="10915442923"/>
    <nd ref="10915442921"/>
    <nd ref="172420981"/>
    <nd ref="10916279663"/>
    <nd ref="10916279565"/>
    <nd ref="10916279659"/>
    <nd ref="172420984"/>
    <nd ref="10916279657"/>
    <nd ref="10916279633"/>
    <nd ref="10916279650"/>
    <nd ref="172420986"/>
    <nd ref="10916279629"/>
    <nd ref="10916279631"/>
    <nd ref="10916279564"/>
    <nd ref="172420988"/>
    <nd ref="10916279619"/>
    <nd ref="10916279621"/>
    <nd ref="10916279563"/>
    <nd ref="172420991"/>
    <nd ref="10916279562"/>
    <nd ref="10916279610"/>
    <nd ref="10916279607"/>
    <nd ref="10916279604"/>
    <nd ref="172420994"/>
    <nd ref="10916279612"/>
    <nd ref="10916279596"/>
    <nd ref="172420997"/>
    <nd ref="10916279709"/>
    <nd ref="10916279561"/>
    <nd ref="10916279588"/>
    <nd ref="172421000"/>
    <nd ref="10916279586"/>
    <nd ref="10916279560"/>
    <nd ref="10916279584"/>
    <nd ref="10916279559"/>
    <nd ref="172421003"/>
    <nd ref="10916279570"/>
    <nd ref="10916279558"/>
    <nd ref="10916279557"/>
    <nd ref="172421008"/>
    <nd ref="10904207417"/>
    <nd ref="10904207420"/>
    <nd ref="172421011"/>
    <nd ref="10904207425"/>
    <nd ref="10904207512"/>
    <nd ref="10904207423"/>
    <nd ref="10904207424"/>
    <nd ref="10904207426"/>
    <nd ref="10904207709"/>
    <nd ref="10904207711"/>
    <nd ref="10904207427"/>
    <nd ref="10904207701"/>
    <nd ref="10904207718"/>
    <nd ref="10904207428"/>
    <nd ref="10904207429"/>
    <nd ref="10904207726"/>
    <nd ref="10904207430"/>
    <nd ref="10904207687"/>
    <nd ref="10904207431"/>
    <nd ref="10904207663"/>
    <nd ref="10904207432"/>
    <nd ref="10904207681"/>
    <nd ref="10904207433"/>
    <nd ref="10904207671"/>
    <nd ref="10904207434"/>
    <nd ref="10904207435"/>
    <nd ref="10904207650"/>
    <nd ref="10904207649"/>
    <nd ref="10904207436"/>
    <nd ref="10904207437"/>
    <nd ref="10904207639"/>
    <nd ref="10904207637"/>
    <nd ref="10904207438"/>
    <nd ref="10904207439"/>
    <nd ref="10904207596"/>
    <nd ref="10904207440"/>
    <nd ref="10904207441"/>
    <nd ref="10904207612"/>
    <nd ref="10904207442"/>
    <nd ref="10904207443"/>
    <nd ref="10904207444"/>
    <nd ref="10904207584"/>
    <nd ref="10904207445"/>
    <nd ref="10904207446"/>
    <nd ref="10904207447"/>
    <nd ref="10904207629"/>
    <nd ref="10904207448"/>
    <nd ref="10904207449"/>
    <nd ref="10904207572"/>
    <nd ref="10904207450"/>
    <nd ref="10904207519"/>
    <nd ref="10904207451"/>
    <nd ref="10904207570"/>
    <nd ref="10904207452"/>
    <nd ref="10904207453"/>
    <nd ref="10904207524"/>
    <nd ref="10904207454"/>
    <nd ref="10904207455"/>
    <nd ref="10904207456"/>
    <nd ref="10904207540"/>
    <nd ref="10904207457"/>
    <nd ref="10904207553"/>
    <nd ref="10904207546"/>
    <nd ref="10904207458"/>
    <nd ref="10904207459"/>
    <nd ref="10904207460"/>
    <nd ref="10904207461"/>
    <nd ref="10904207462"/>
    <nd ref="10904207463"/>
    <nd ref="10904207464"/>
    <nd ref="10904207465"/>
    <nd ref="10904207466"/>
    <nd ref="10904207467"/>
    <tag k="highway" v="residential"/>
    <tag k="name" v="Maryland Avenue"/>
  </way>
  <way id="16680512">
    <nd ref="172318990"/>
    <nd ref="172429781"/>
    <nd ref="172429782"/>
    <nd ref="172429784"/>
    <nd ref="172429786"/>
    <nd ref="11078073160"/>
    <nd ref="172429787"/>
    <tag k="highway" v="residential"/>
    <tag k="name" v="Windsor Avenue"/>
  </way>
  <way id="16682781">
    <nd ref="172454196"/>
    <nd ref="13067147840"/>
    <nd ref="13067147836"/>
    <nd ref="13067147834"/>
    <nd ref="13067147832"/>
    <nd ref="13067147841"/>
    <nd ref="13067147830"/>
    <nd ref="13067147828"/>
    <nd ref="172454198"/>
    <nd ref="12210264475"/>
    <nd ref="13067147812"/>
    <nd ref="7678896423"/>
    <nd ref="13067147810"/>
    <nd ref="172454202"/>
    <nd ref="13067147808"/>
    <nd ref="11076318355"/>
    <nd ref="172454204"/>
    <tag k="highway" v="residential"/>
    <tag k="name" v="Waverly Avenue"/>
    <tag k="tiger:cfcc" v="A41"/>
    <tag k="tiger:county" v="Mecklenburg, NC"/>
    <tag k="tiger:name_base" v="Waverly"/>
    <tag k="tiger:name_type" v="Ave"/>
    <tag k="tiger:reviewed" v="no"/>
    <tag k="tiger:zip_left" v="28203"/>
    <tag k="tiger:zip_right" v="28203"/>
  </way>
  <way id="16683024">
    <nd ref="172162877"/>
    <nd ref="11076337950"/>
    <nd ref="13503097738"/>
    <nd ref="13503097739"/>
    <nd ref="172456447"/>
    <nd ref="13503097754"/>
    <nd ref="13503097756"/>
    <nd ref="13503097758"/>
    <nd ref="13503097762"/>
    <nd ref="13503097760"/>
    <nd ref="13503097763"/>
    <nd ref="172388530"/>
    <nd ref="13503097765"/>
    <nd ref="13503097767"/>
    <nd ref="13503097769"/>
    <nd ref="13503097771"/>
    <nd ref="172456450"/>
    <nd ref="13503097780"/>
    <nd ref="172456452"/>
    <nd ref="13503097781"/>
    <nd ref="172456455"/>
    <nd ref="13503097783"/>
    <nd ref="172456458"/>
    <nd ref="172456461"/>
    <nd ref="13503097786"/>
    <nd ref="172456463"/>
    <nd ref="172456465"/>
    <nd ref="172456467"/>
    <nd ref="13503097799"/>
    <nd ref="172456470"/>
    <nd ref="13503097802"/>
    <nd ref="13503097803"/>
    <nd ref="172456473"/>
    <nd ref="11076317962"/>
    <nd ref="13503097719"/>
    <nd ref="172456475"/>
    <nd ref="172456477"/>
    <nd ref="13502877154"/>
    <nd ref="172456479"/>
    <nd ref="172456480"/>
    <nd ref="172222574"/>
    <nd ref="172456482"/>
    <nd ref="7008202207"/>
    <nd ref="172456485"/>
    <nd ref="13502938137"/>
    <nd ref="13502938135"/>
    <nd ref="172456488"/>
    <nd ref="11076317827"/>
    <nd ref="172456491"/>
    <nd ref="11076317853"/>
    <nd ref="172456494"/>
    <nd ref="13502631258"/>
    <nd ref="7081468527"/>
    <nd ref="13502631262"/>
    <nd ref="13502631256"/>
    <nd ref="13502631253"/>
    <nd ref="13502631251"/>
    <nd ref="13502631250"/>
    <nd ref="13502631126"/>
    <nd ref="13502631122"/>
    <nd ref="13502631119"/>
    <nd ref="172456496"/>
    <nd ref="13502631117"/>
    <nd ref="11076318733"/>
    <nd ref="172224751"/>
    <tag k="highway" v="residential"/>
    <tag k="name" v="Magnolia Avenue"/>
  </way>
  <way id="16683890">
    <nd ref="9913855994"/>
    <nd ref="9913855992"/>
    <nd ref="172463855"/>
    <nd ref="172463857"/>
    <nd ref="10699904502"/>
    <nd ref="9864454660"/>
    <nd ref="172170130"/>
    <tag k="cycleway:right" v="lane"/>
    <tag k="highway" v="secondary"/>
    <tag k="lanes" v="2"/>
    <tag k="name" v="Kenilworth Avenue"/>
    <tag k="oneway" v="yes"/>
    <tag k="sidewalk:left" v="no"/>
    <tag k="sidewalk:right" v="separate"/>
  </way>
  <way id="16684395">
    <nd ref="172319022"/>
    <nd ref="172467795"/>
    <nd ref="172467798"/>
    <nd ref="172467799"/>
    <nd ref="172467800"/>
    <nd ref="172467801"/>
    <nd ref="172467803"/>
    <nd ref="172429784"/>
    <tag k="highway" v="residential"/>
    <tag k="name" v="Edinburgh Lane"/>
  </way>
  <way id="16685195">
    <nd ref="172281607"/>
    <nd ref="10917022148"/>
    <nd ref="10917022134"/>
    <nd ref="10936198132"/>
    <nd ref="10917022135"/>
    <nd ref="10917022136"/>
    <nd ref="10936198130"/>
    <nd ref="172474252"/>
    <nd ref="10936198128"/>
    <nd ref="10917022137"/>
    <nd ref="172474255"/>
    <nd ref="10917022138"/>
    <nd ref="10936198114"/>
    <nd ref="172474258"/>
    <nd ref="10917022139"/>
    <nd ref="172474261"/>
    <nd ref="10936198169"/>
    <nd ref="10917022140"/>
    <nd ref="10936198160"/>
    <nd ref="10936198152"/>
    <nd ref="10936198149"/>
    <nd ref="10963630947"/>
    <nd ref="10936198173"/>
    <nd ref="10936198182"/>
    <nd ref="10936198189"/>
    <nd ref="10936198216"/>
    <nd ref="10936198196"/>
    <nd ref="10936198208"/>
    <nd ref="10936198198"/>
    <nd ref="10936198205"/>
    <nd ref="10936198232"/>
    <nd ref="172474270"/>
    <nd ref="10936198240"/>
    <nd ref="10936198269"/>
    <nd ref="10936198264"/>
    <nd ref="10917021961"/>
    <nd ref="10936198263"/>
    <nd ref="10917021671"/>
    <nd ref="10936198280"/>
    <nd ref="10917022036"/>
    <nd ref="10917021672"/>
    <nd ref="172474275"/>
    <nd ref="10917021968"/>
    <nd ref="10917021962"/>
    <nd ref="10917022034"/>
    <nd ref="3298628383"/>
    <nd ref="172474278"/>
    <nd ref="10917022031"/>
    <nd ref="10917021990"/>
    <tag k="highway" v="residential"/>
    <tag k="name" v="Hopedale Avenue"/>
  </way>
  <way id="16685711">
    <nd ref="172221364"/>
    <nd ref="11076318873"/>
    <nd ref="172481870"/>
    <nd ref="8517774729"/>
    <nd ref="172481871"/>
    <nd ref="13067147756"/>
    <nd ref="172481872"/>
    <nd ref="13067147754"/>
    <nd ref="172481873"/>
    <nd ref="12210264472"/>
    <nd ref="172481874"/>
    <nd ref="13067147758"/>
    <nd ref="172481875"/>
    <nd ref="13067147760"/>
    <nd ref="172481877"/>
    <nd ref="13067147762"/>
    <nd ref="7678896420"/>
    <nd ref="13067147768"/>
    <nd ref="172454204"/>
    <nd ref="13067147770"/>
    <nd ref="13067147773"/>
    <nd ref="13067147775"/>
    <nd ref="13067147807"/>
    <nd ref="13067147777"/>
    <nd ref="13067147779"/>
    <nd ref="11076318392"/>
    <nd ref="172463877"/>
    <tag k="highway" v="residential"/>
    <tag k="name" v="Buchanan Street"/>
    <tag k="tiger:cfcc" v="A41"/>
    <tag k="tiger:county" v="Mecklenburg, NC"/>
    <tag k="tiger:name_base" v="Buchanan"/>
    <tag k="tiger:name_type" v="St"/>
    <tag k="tiger:reviewed" v="no"/>
    <tag k="tiger:zip_left" v="28203"/>
    <tag k="tiger:zip_right" v="28203"/>
  </way>
  <way id="16685801">
    <nd ref="172483270"/>
    <nd ref="3305083279"/>
    <nd ref="172483272"/>
    <nd ref="172483278"/>
    <nd ref="172483281"/>
    <nd ref="172483284"/>
    <nd ref="7007878680"/>
    <nd ref="172483287"/>
    <nd ref="8643286766"/>
    <nd ref="172332969"/>
    <nd ref="7007961061"/>
    <nd ref="8630001217"/>
    <nd ref="172483290"/>
    <nd ref="6443465733"/>
    <nd ref="6443465734"/>
    <nd ref="9864454651"/>
    <nd ref="172464027"/>
    <nd ref="9864454637"/>
    <nd ref="9867151814"/>
    <nd ref="172483304"/>
    <nd ref="8081236764"/>
    <nd ref="7007961064"/>
    <nd ref="172483307"/>
    <nd ref="9867151813"/>
    <nd ref="10010402514"/>
    <nd ref="7204954039"/>
    <nd ref="172483310"/>
    <nd ref="172483312"/>
    <nd ref="172483314"/>
    <nd ref="172483316"/>
    <nd ref="172483319"/>
    <nd ref="172483324"/>
    <nd ref="6885160299"/>
    <nd ref="172483325"/>
    <nd ref="172483326"/>
    <nd ref="9183012558"/>
    <nd ref="172483329"/>
    <nd ref="9183012563"/>
    <nd ref="172483332"/>
    <nd ref="7007951138"/>
    <nd ref="10021412726"/>
    <nd ref="2469596713"/>
    <nd ref="10021412732"/>
    <nd ref="172483334"/>
    <nd ref="172483336"/>
    <nd ref="172170160"/>
    <tag k="highway" v="residential"/>
    <tag k="lanes" v="2"/>
    <tag k="name" v="Harding Place"/>
    <tag k="surface" v="asphalt"/>
  </way>
  <way id="16689103">
    <nd ref="172167542"/>
    <nd ref="11078074304"/>
    <nd ref="172534400"/>
    <nd ref="12752839572"/>
    <nd ref="172534402"/>
    <nd ref="12752839571"/>
    <nd ref="12752839568"/>
    <nd ref="172534404"/>
    <nd ref="172534406"/>
    <nd ref="12752839567"/>
    <nd ref="172534408"/>
    <nd ref="172534410"/>
    <nd ref="12752839562"/>
    <nd ref="12752839554"/>
    <nd ref="172534413"/>
    <nd ref="12752839555"/>
    <nd ref="12752839551"/>
    <nd ref="172534415"/>
    <nd ref="172534417"/>
    <nd ref="12752839547"/>
    <nd ref="12752839544"/>
    <nd ref="172534420"/>
    <nd ref="12752839541"/>
    <nd ref="12752839542"/>
    <nd ref="172534423"/>
    <nd ref="12752839537"/>
    <nd ref="172534426"/>
    <nd ref="172534428"/>
    <nd ref="11078074370"/>
    <nd ref="172177475"/>
    <tag k="highway" v="residential"/>
    <tag k="name" v="Asheville Place"/>
  </way>
  <way id="16689114">
    <nd ref="172534487"/>
    <nd ref="2699183090"/>
    <nd ref="13481138787"/>
    <nd ref="13481138796"/>
    <nd ref="13481138786"/>
    <nd ref="13481138778"/>
    <nd ref="13481138776"/>
    <nd ref="13481138307"/>
    <nd ref="13481138774"/>
    <nd ref="13481138762"/>
    <nd ref="13481138761"/>
    <nd ref="13481138306"/>
    <nd ref="172534497"/>
    <nd ref="13481138759"/>
    <nd ref="172534500"/>
    <nd ref="13481138754"/>
    <nd ref="172534503"/>
    <nd ref="13481138752"/>
    <nd ref="172534506"/>
    <nd ref="13481138747"/>
    <nd ref="13481138305"/>
    <nd ref="13481138745"/>
    <nd ref="13481138743"/>
    <nd ref="13481138741"/>
    <nd ref="5579074534"/>
    <nd ref="13500886296"/>
    <nd ref="172534509"/>
    <nd ref="172534512"/>
    <nd ref="172534514"/>
    <nd ref="172534516"/>
    <nd ref="172534518"/>
    <nd ref="172534520"/>
    <nd ref="172203789"/>
    <tag k="hgv" v="permit"/>
    <tag k="highway" v="residential"/>
    <tag k="name" v="Lilac Road"/>
  </way>
  <way id="16689674">
    <nd ref="172544008"/>
    <nd ref="11078073199"/>
    <nd ref="8167172633"/>
    <nd ref="172544011"/>
    <nd ref="5786521077"/>
    <nd ref="172544013"/>
    <tag k="highway" v="residential"/>
    <tag k="name" v="Park West Drive"/>
  </way>
  <way id="16691667">
    <nd ref="3298628122"/>
    <nd ref="10916995494"/>
    <nd ref="172662828"/>
    <nd ref="10916995493"/>
    <nd ref="10916995492"/>
    <nd ref="10916995496"/>
    <nd ref="172568719"/>
    <nd ref="10916995491"/>
    <nd ref="10601777583"/>
    <nd ref="10936021176"/>
    <nd ref="10936021194"/>
    <nd ref="172568721"/>
    <nd ref="10936117028"/>
    <nd ref="10916995601"/>
    <nd ref="10916995602"/>
    <nd ref="10936117020"/>
    <nd ref="172568723"/>
    <nd ref="172568725"/>
    <nd ref="10936117018"/>
    <nd ref="10936116405"/>
    <nd ref="10936116409"/>
    <nd ref="10916995603"/>
    <nd ref="10936117015"/>
    <nd ref="10916995604"/>
    <nd ref="10936116985"/>
    <nd ref="10936116415"/>
    <nd ref="172568727"/>
    <nd ref="10936116984"/>
    <nd ref="10936116973"/>
    <nd ref="172568729"/>
    <nd ref="10936116419"/>
    <nd ref="10916995605"/>
    <nd ref="10936116968"/>
    <nd ref="172568733"/>
    <nd ref="10916995606"/>
    <nd ref="10916995608"/>
    <nd ref="10936116428"/>
    <nd ref="10916995607"/>
    <nd ref="172568735"/>
    <nd ref="10936116470"/>
    <nd ref="10916995609"/>
    <nd ref="10936116436"/>
    <nd ref="172568737"/>
    <nd ref="10916995610"/>
    <nd ref="172568738"/>
    <nd ref="10936116451"/>
    <nd ref="10916995611"/>
    <nd ref="10916995612"/>
    <nd ref="172568740"/>
    <nd ref="10916995613"/>
    <nd ref="10936116455"/>
    <nd ref="172568742"/>
    <nd ref="10936116480"/>
    <nd ref="10936116512"/>
    <nd ref="10916995614"/>
    <nd ref="172568745"/>
    <nd ref="10936116503"/>
    <nd ref="10936116490"/>
    <nd ref="10916995615"/>
    <nd ref="172568748"/>
    <nd ref="10916995617"/>
    <nd ref="10936116517"/>
    <nd ref="10936116530"/>
    <nd ref="10916995616"/>
    <nd ref="172568751"/>
    <nd ref="10936116544"/>
    <nd ref="172568754"/>
    <nd ref="10936116580"/>
    <nd ref="10916995618"/>
    <nd ref="10936116555"/>
    <nd ref="10916995619"/>
    <nd ref="10936116605"/>
    <nd ref="172568757"/>
    <nd ref="10936116597"/>
    <nd ref="7007952427"/>
    <nd ref="10936116624"/>
    <nd ref="10916995620"/>
    <nd ref="172231836"/>
    <nd ref="10917012642"/>
    <nd ref="172568760"/>
    <nd ref="172568761"/>
    <nd ref="10936116638"/>
    <nd ref="7007952438"/>
    <nd ref="172568763"/>
    <nd ref="10936116647"/>
    <nd ref="10917012643"/>
    <nd ref="10936116655"/>
    <nd ref="10936116662"/>
    <nd ref="10917012644"/>
    <nd ref="172568765"/>
    <nd ref="172568768"/>
    <nd ref="10917012645"/>
    <nd ref="172568770"/>
    <nd ref="10917012646"/>
    <nd ref="172568772"/>
    <nd ref="10936116701"/>
    <nd ref="10917012647"/>
    <nd ref="172568774"/>
    <nd ref="10917012648"/>
    <nd ref="10917012649"/>
    <nd ref="10936116710"/>
    <nd ref="172568777"/>
    <nd ref="13406565498"/>
    <nd ref="10917012650"/>
    <nd ref="10917012651"/>
    <nd ref="13406585921"/>
    <nd ref="172568780"/>
    <nd ref="13406585910"/>
    <nd ref="10917012652"/>
    <nd ref="172568782"/>
    <nd ref="10917012653"/>
    <nd ref="172568785"/>
    <nd ref="10936116715"/>
    <nd ref="9873418041"/>
    <nd ref="9873418036"/>
    <nd ref="10916595594"/>
    <nd ref="10916595593"/>
    <nd ref="10916595580"/>
    <nd ref="10916595579"/>
    <tag k="highway" v="residential"/>
    <tag k="name" v="Sherwood Avenue"/>
    <tag k="surface" v="asphalt"/>
  </way>
  <way id="16691912">
    <nd ref="172572090"/>
    <nd ref="10915443616"/>
    <nd ref="10915443617"/>
    <nd ref="10915443615"/>
    <nd ref="172572091"/>
    <nd ref="10927928132"/>
    <nd ref="172572092"/>
    <nd ref="10927928142"/>
    <nd ref="172572093"/>
    <nd ref="172572095"/>
    <nd ref="10927928167"/>
    <nd ref="10927928159"/>
    <nd ref="10927928171"/>
    <nd ref="172572096"/>
    <nd ref="10927928182"/>
    <nd ref="10927928179"/>
    <nd ref="172572099"/>
    <nd ref="10927928188"/>
    <nd ref="10915443614"/>
    <nd ref="10927928199"/>
    <nd ref="10927928210"/>
    <nd ref="10915443613"/>
    <nd ref="10927928216"/>
    <nd ref="10927928221"/>
    <nd ref="10927928225"/>
    <nd ref="10927928229"/>
    <nd ref="10927928234"/>
    <nd ref="10927928256"/>
    <nd ref="10927928237"/>
    <nd ref="10927928245"/>
    <nd ref="10927928261"/>
    <nd ref="10915443612"/>
    <nd ref="172307598"/>
    <tag k="highway" v="residential"/>
    <tag k="name" v="Stanford Place"/>
  </way>
  <way id="16692256">
    <nd ref="172296676"/>
    <nd ref="172575691"/>
    <nd ref="172575688"/>
    <nd ref="11078073511"/>
    <nd ref="13246800770"/>
    <nd ref="13246800773"/>
    <nd ref="172575685"/>
    <nd ref="172575682"/>
    <nd ref="13246800778"/>
    <nd ref="13246800749"/>
    <nd ref="13246800746"/>
    <nd ref="13246800743"/>
    <nd ref="172575677"/>
    <nd ref="13246800740"/>
    <nd ref="13246800792"/>
    <nd ref="13246800737"/>
    <nd ref="13246800803"/>
    <nd ref="13246800734"/>
    <nd ref="13246800731"/>
    <nd ref="11076318252"/>
    <nd ref="172575675"/>
    <nd ref="11076337619"/>
    <nd ref="13246800811"/>
    <nd ref="13246800728"/>
    <nd ref="13246800814"/>
    <nd ref="13246800725"/>
    <nd ref="13246800818"/>
    <nd ref="13246800821"/>
    <nd ref="13246800825"/>
    <nd ref="172575673"/>
    <nd ref="13246800722"/>
    <nd ref="13246800828"/>
    <nd ref="13246800719"/>
    <nd ref="13246800830"/>
    <nd ref="13246800716"/>
    <nd ref="172575670"/>
    <nd ref="8643422218"/>
    <nd ref="172575667"/>
    <nd ref="5794929881"/>
    <nd ref="172575665"/>
    <nd ref="9665700221"/>
    <tag k="cycleway:right" v="lane"/>
    <tag k="highway" v="secondary"/>
    <tag k="lanes" v="2"/>
    <tag k="name" v="Scott Avenue"/>
    <tag k="oneway" v="yes"/>
  </way>
  <way id="16694109">
    <nd ref="172575703"/>
    <nd ref="12543039065"/>
    <nd ref="172593170"/>
    <nd ref="172593173"/>
    <nd ref="172593176"/>
    <tag k="highway" v="unclassified"/>
    <tag k="name" v="Corton Drive"/>
  </way>
  <way id="16694384">
    <nd ref="5527391721"/>
    <nd ref="172595500"/>
    <nd ref="172595503"/>
    <nd ref="11084118569"/>
    <nd ref="172595506"/>
    <nd ref="172595509"/>
    <nd ref="11959507248"/>
    <nd ref="11959507217"/>
    <nd ref="11959507215"/>
    <nd ref="172595512"/>
    <nd ref="172595515"/>
    <nd ref="172595518"/>
    <nd ref="11959507208"/>
    <nd ref="172595520"/>
    <nd ref="11959507205"/>
    <nd ref="11959507202"/>
    <nd ref="11959507185"/>
    <nd ref="11959507187"/>
    <nd ref="172595522"/>
    <nd ref="13695407907"/>
    <nd ref="11959507180"/>
    <nd ref="11959507175"/>
    <nd ref="172595524"/>
    <nd ref="11959507171"/>
    <nd ref="11959507168"/>
    <nd ref="172595526"/>
    <nd ref="11959507166"/>
    <nd ref="11959507164"/>
    <nd ref="11959507162"/>
    <nd ref="172595527"/>
    <nd ref="9873418150"/>
    <nd ref="11042441805"/>
    <nd ref="13695407908"/>
    <nd ref="172595530"/>
    <nd ref="11042363302"/>
    <nd ref="11042363299"/>
    <nd ref="172595533"/>
    <nd ref="172595536"/>
    <nd ref="11042363288"/>
    <nd ref="11042363296"/>
    <nd ref="11959507153"/>
    <nd ref="172595539"/>
    <nd ref="11959507150"/>
    <nd ref="172595542"/>
    <nd ref="10984683034"/>
    <nd ref="11959507147"/>
    <nd ref="172595545"/>
    <tag k="highway" v="residential"/>
    <tag k="name" v="Henley Place"/>
  </way>
  <way id="16695390">
    <nd ref="172463880"/>
    <nd ref="11076318311"/>
    <nd ref="13067147788"/>
    <nd ref="11078073527"/>
    <nd ref="11902145965"/>
    <nd ref="172605158"/>
    <nd ref="11902149087"/>
    <nd ref="172575650"/>
    <tag k="goods" v="no"/>
    <tag k="hgv" v="permit"/>
    <tag k="highway" v="residential"/>
    <tag k="name" v="Fillmore Avenue"/>
    <tag k="tiger:cfcc" v="A41"/>
    <tag k="tiger:county" v="Mecklenburg, NC"/>
    <tag k="tiger:name_base" v="Fillmore"/>
    <tag k="tiger:name_type" v="Ave"/>
    <tag k="tiger:reviewed" v="no"/>
    <tag k="tiger:zip_left" v="28203"/>
    <tag k="tiger:zip_right" v="28203"/>
  </way>
  <way id="16696002">
    <nd ref="172365263"/>
    <nd ref="11076337838"/>
    <nd ref="172166221"/>
    <nd ref="11076337835"/>
    <nd ref="172309429"/>
    <tag k="highway" v="residential"/>
    <tag k="name" v="Sumner Green Avenue"/>
  </way>
  <way id="16697694">
    <nd ref="172319028"/>
    <nd ref="7591021933"/>
    <nd ref="172627264"/>
    <nd ref="172627268"/>
    <nd ref="172627272"/>
    <nd ref="172627273"/>
    <nd ref="172627274"/>
    <nd ref="172627275"/>
    <nd ref="172627276"/>
    <nd ref="172627277"/>
    <nd ref="7591021934"/>
    <nd ref="172627279"/>
    <nd ref="172627280"/>
    <nd ref="172627281"/>
    <nd ref="172627282"/>
    <nd ref="172627283"/>
    <nd ref="172709254"/>
    <tag k="highway" v="residential"/>
    <tag k="name" v="Habersham Drive"/>
    <tag k="oneway" v="yes"/>
  </way>
  <way id="16698944">
    <nd ref="172638378"/>
    <nd ref="172638380"/>
    <nd ref="172638384"/>
    <nd ref="172638386"/>
    <nd ref="172638388"/>
    <nd ref="172638390"/>
    <nd ref="172638393"/>
    <nd ref="172638400"/>
    <nd ref="172638403"/>
    <nd ref="172638406"/>
    <nd ref="172638409"/>
    <nd ref="172638411"/>
    <nd ref="172638414"/>
    <nd ref="11126535106"/>
    <nd ref="172638417"/>
    <nd ref="172638420"/>
    <nd ref="172638423"/>
    <nd ref="172638425"/>
    <nd ref="172638426"/>
    <nd ref="172638427"/>
    <nd ref="172638428"/>
    <nd ref="172638429"/>
    <nd ref="172638430"/>
    <nd ref="172638431"/>
    <nd ref="11076319203"/>
    <nd ref="172638432"/>
    <nd ref="172638433"/>
    <nd ref="172638434"/>
    <nd ref="172638435"/>
    <nd ref="172638436"/>
    <nd ref="172638437"/>
    <nd ref="172638438"/>
    <nd ref="172638439"/>
    <nd ref="172638442"/>
    <nd ref="172638445"/>
    <nd ref="172638446"/>
    <nd ref="172638448"/>
    <nd ref="172638450"/>
    <nd ref="172638452"/>
    <nd ref="172638454"/>
    <nd ref="172638456"/>
    <nd ref="172638458"/>
    <nd ref="172638461"/>
    <nd ref="172638462"/>
    <tag k="highway" v="residential"/>
    <tag k="lanes" v="2"/>
    <tag k="maxspeed" v="25 mph"/>
    <tag k="name" v="Sedgefield Road"/>
    <tag k="surface" v="asphalt"/>
  </way>
  <way id="16700352">
    <nd ref="172534478"/>
    <nd ref="172651452"/>
    <nd ref="172651454"/>
    <nd ref="172651457"/>
    <nd ref="172651459"/>
    <nd ref="172651462"/>
    <nd ref="172651465"/>
    <nd ref="172651469"/>
    <nd ref="172651471"/>
    <nd ref="13260173307"/>
    <nd ref="11126535111"/>
    <nd ref="172615680"/>
    <tag k="highway" v="residential"/>
    <tag k="name" v="Somerset Drive"/>
  </way>
  <way id="16700868">
    <nd ref="2625122932"/>
    <nd ref="10912503702"/>
    <nd ref="11078073222"/>
    <nd ref="11078073221"/>
    <nd ref="172656835"/>
    <nd ref="11078073223"/>
    <nd ref="11078073225"/>
    <nd ref="11078073240"/>
    <nd ref="8011320805"/>
    <nd ref="11078073242"/>
    <nd ref="172656837"/>
    <tag k="highway" v="residential"/>
    <tag k="name" v="Dilworth Edge Condominiums Drive"/>
    <tag k="tiger:cfcc" v="A74"/>
    <tag k="tiger:county" v="Mecklenburg, NC"/>
    <tag k="tiger:name_base" v="Versilles Apartment"/>
    <tag k="tiger:name_type" v="Dr"/>
    <tag k="tiger:reviewed" v="no"/>
  </way>
  <way id="16701452">
    <nd ref="172167581"/>
    <nd ref="10916995681"/>
    <nd ref="172662834"/>
    <nd ref="172662832"/>
    <nd ref="172662830"/>
    <nd ref="172568716"/>
    <nd ref="10916995655"/>
    <nd ref="9966198055"/>
    <nd ref="172662828"/>
    <nd ref="172662825"/>
    <nd ref="172662821"/>
    <nd ref="10916995454"/>
    <nd ref="10916995455"/>
    <nd ref="172662819"/>
    <nd ref="10916995456"/>
    <nd ref="172662817"/>
    <nd ref="10916995457"/>
    <nd ref="10936117036"/>
    <nd ref="172662814"/>
    <nd ref="10936117049"/>
    <nd ref="172662811"/>
    <nd ref="10917021652"/>
    <nd ref="172662808"/>
    <nd ref="10917021653"/>
    <nd ref="172662805"/>
    <nd ref="11908244050"/>
    <nd ref="10917021654"/>
    <nd ref="172662802"/>
    <nd ref="10917021655"/>
    <nd ref="10917021656"/>
    <nd ref="172662798"/>
    <nd ref="10917021657"/>
    <nd ref="10917021658"/>
    <nd ref="3305079978"/>
    <nd ref="172662796"/>
    <nd ref="10917021659"/>
    <nd ref="172662794"/>
    <nd ref="10917021660"/>
    <nd ref="172662792"/>
    <nd ref="172662789"/>
    <nd ref="10917021661"/>
    <nd ref="172662786"/>
    <nd ref="10917021662"/>
    <nd ref="10917021663"/>
    <nd ref="10917021664"/>
    <nd ref="172662784"/>
    <nd ref="10917021665"/>
    <nd ref="10917021666"/>
    <nd ref="172662781"/>
    <nd ref="10917021992"/>
    <nd ref="10917021667"/>
    <nd ref="10917021993"/>
    <nd ref="10917021994"/>
    <nd ref="172474278"/>
    <nd ref="10917021995"/>
    <nd ref="10917021996"/>
    <nd ref="172662777"/>
    <nd ref="10917021997"/>
    <nd ref="10917021670"/>
    <nd ref="10917021998"/>
    <nd ref="10917021668"/>
    <nd ref="172662773"/>
    <nd ref="10949922369"/>
    <nd ref="10949922368"/>
    <nd ref="172662771"/>
    <nd ref="10949922367"/>
    <nd ref="11908250345"/>
    <nd ref="10949922366"/>
    <nd ref="172662768"/>
    <nd ref="10949922365"/>
    <nd ref="172662765"/>
    <nd ref="10949922364"/>
    <nd ref="172662763"/>
    <nd ref="11908250347"/>
    <nd ref="10949922363"/>
    <nd ref="10949922362"/>
    <nd ref="11908250350"/>
    <nd ref="172662761"/>
    <nd ref="11908250355"/>
    <nd ref="10949922361"/>
    <nd ref="172662759"/>
    <nd ref="10949922360"/>
    <nd ref="10949922359"/>
    <nd ref="172662757"/>
    <nd ref="10949922358"/>
    <nd ref="172662754"/>
    <nd ref="11908250358"/>
    <nd ref="10949922357"/>
    <nd ref="172662752"/>
    <nd ref="10949922356"/>
    <nd ref="172662751"/>
    <nd ref="10949922355"/>
    <nd ref="11908250362"/>
    <nd ref="172662749"/>
    <nd ref="10949922354"/>
    <nd ref="172662748"/>
    <nd ref="10949922353"/>
    <nd ref="10949808874"/>
    <nd ref="3298628433"/>
    <nd ref="10949808875"/>
    <nd ref="11908250365"/>
    <tag k="highway" v="tertiary"/>
    <tag k="name" v="Queens Road West"/>
    <tag k="oneway" v="yes"/>
    <tag k="sidewalk:left" v="no"/>
    <tag k="sidewalk:right" v="separate"/>
  </way>
  <way id="16705064">
    <nd ref="172200436"/>
    <nd ref="11076337666"/>
    <nd ref="172701032"/>
    <nd ref="172701033"/>
    <nd ref="172701034"/>
    <nd ref="172701036"/>
    <nd ref="172701039"/>
    <nd ref="172701042"/>
    <nd ref="172701045"/>
    <nd ref="172701048"/>
    <nd ref="172388547"/>
    <nd ref="172701051"/>
    <nd ref="172701053"/>
    <tag k="highway" v="residential"/>
    <tag k="name" v="Dorothy Drive"/>
  </way>
  <way id="16705748">
    <nd ref="172709248"/>
    <nd ref="10869885496"/>
    <nd ref="10869885495"/>
    <nd ref="10869885494"/>
    <nd ref="10869885503"/>
    <nd ref="10869885493"/>
    <nd ref="10869885500"/>
    <nd ref="172709251"/>
    <nd ref="10869885461"/>
    <nd ref="11902148983"/>
    <nd ref="4799084527"/>
    <nd ref="172709254"/>
    <nd ref="172709257"/>
    <nd ref="172709261"/>
    <nd ref="172709264"/>
    <nd ref="172709267"/>
    <nd ref="172319111"/>
    <nd ref="172709270"/>
    <nd ref="172709274"/>
    <tag k="hgv" v="permit"/>
    <tag k="highway" v="residential"/>
    <tag k="name" v="Cambridge Road"/>
  </way>
  <way id="16705992">
    <nd ref="172712533"/>
    <nd ref="11076319159"/>
    <nd ref="172712535"/>
    <nd ref="172712537"/>
    <nd ref="172712540"/>
    <nd ref="172712543"/>
    <nd ref="172712545"/>
    <nd ref="172712547"/>
    <nd ref="172712550"/>
    <nd ref="172712553"/>
    <nd ref="172712556"/>
    <nd ref="172712559"/>
    <nd ref="172712560"/>
    <nd ref="172712563"/>
    <nd ref="11076319202"/>
    <nd ref="172638432"/>
    <nd ref="172712566"/>
    <nd ref="172712570"/>
    <nd ref="172712573"/>
    <nd ref="172712576"/>
    <nd ref="172712578"/>
    <nd ref="172712580"/>
    <nd ref="172712582"/>
    <nd ref="172712586"/>
    <nd ref="172712589"/>
    <nd ref="172712592"/>
    <nd ref="172712593"/>
    <nd ref="172712595"/>
    <nd ref="172712597"/>
    <nd ref="172712599"/>
    <nd ref="172167022"/>
    <tag k="highway" v="residential"/>
    <tag k="lanes" v="2"/>
    <tag k="maxspeed" v="25 mph"/>
    <tag k="name" v="Wriston Place"/>
  </way>
  <way id="16706130">
    <nd ref="172714402"/>
    <nd ref="13481138477"/>
    <nd ref="13481138494"/>
    <nd ref="13481138486"/>
    <nd ref="13481138489"/>
    <nd ref="13481138496"/>
    <nd ref="13481138499"/>
    <nd ref="172714403"/>
    <nd ref="13481138506"/>
    <nd ref="13481138507"/>
    <nd ref="13481138515"/>
    <nd ref="172207622"/>
    <nd ref="13481138527"/>
    <nd ref="13481138529"/>
    <nd ref="172714404"/>
    <nd ref="13481138531"/>
    <nd ref="13481138538"/>
    <nd ref="172714405"/>
    <nd ref="172714406"/>
    <nd ref="11076318974"/>
    <nd ref="172203737"/>
    <tag k="highway" v="residential"/>
    <tag k="name" v="Lynway Drive"/>
    <tag k="sidewalk" v="no"/>
  </way>
  <way id="16706575">
    <nd ref="172221432"/>
    <nd ref="11076318075"/>
    <nd ref="13502630702"/>
    <nd ref="13502630708"/>
    <nd ref="13502630717"/>
    <nd ref="13502630714"/>
    <nd ref="172719154"/>
    <nd ref="11076318180"/>
    <nd ref="172719156"/>
    <tag k="highway" v="residential"/>
    <tag k="name" v="Carling Avenue"/>
  </way>
  <way id="16706910">
    <nd ref="172281605"/>
    <nd ref="10601777542"/>
    <nd ref="4147352411"/>
    <nd ref="10936198368"/>
    <nd ref="10959603902"/>
    <nd ref="172723071"/>
    <nd ref="10936198369"/>
    <nd ref="172723073"/>
    <nd ref="10936198374"/>
    <nd ref="10936198367"/>
    <nd ref="172723076"/>
    <nd ref="10959611505"/>
    <nd ref="10959611510"/>
    <nd ref="10936198363"/>
    <nd ref="10936198356"/>
    <nd ref="10959611516"/>
    <nd ref="10959611541"/>
    <nd ref="10936198354"/>
    <nd ref="172723077"/>
    <nd ref="10959611547"/>
    <nd ref="172723079"/>
    <nd ref="10936198350"/>
    <nd ref="11908631647"/>
    <nd ref="172723082"/>
    <nd ref="10936198344"/>
    <nd ref="11908631651"/>
    <nd ref="10936198338"/>
    <nd ref="172723084"/>
    <nd ref="10936198331"/>
    <nd ref="172723086"/>
    <nd ref="10936198324"/>
    <nd ref="172723088"/>
    <nd ref="10949922380"/>
    <nd ref="10949922381"/>
    <nd ref="10949922384"/>
    <nd ref="10949922382"/>
    <nd ref="3298628405"/>
    <nd ref="10949922383"/>
    <nd ref="172662761"/>
    <tag k="highway" v="residential"/>
    <tag k="name" v="Coniston Place"/>
  </way>
  <way id="16707524">
    <nd ref="172257851"/>
    <nd ref="10964384504"/>
    <nd ref="7673430290"/>
    <nd ref="2439176249"/>
    <nd ref="172731356"/>
    <nd ref="13596410549"/>
    <nd ref="2649089942"/>
    <nd ref="2649089952"/>
    <nd ref="172731358"/>
    <nd ref="172162108"/>
    <nd ref="172731360"/>
    <nd ref="172731362"/>
    <nd ref="11070502454"/>
    <nd ref="172495134"/>
    <nd ref="14056807077"/>
    <nd ref="172731364"/>
    <nd ref="172731366"/>
    <nd ref="172731368"/>
    <nd ref="172731370"/>
    <nd ref="172731372"/>
    <nd ref="172731373"/>
    <nd ref="172731374"/>
    <nd ref="172731375"/>
    <nd ref="172579552"/>
    <nd ref="172731376"/>
    <nd ref="172731378"/>
    <nd ref="172224474"/>
    <nd ref="172731380"/>
    <nd ref="172224498"/>
    <nd ref="172731382"/>
    <nd ref="172731385"/>
    <nd ref="11070502622"/>
    <nd ref="172731388"/>
    <tag k="hgv" v="permit"/>
    <tag k="highway" v="residential"/>
    <tag k="lanes" v="2"/>
    <tag k="maxspeed" v="25 mph"/>
    <tag k="name" v="Poindexter Drive"/>
    <tag k="surface" v="asphalt"/>
  </way>
  <way id="16707581">
    <nd ref="172177441"/>
    <nd ref="11078074347"/>
    <nd ref="172732215"/>
    <nd ref="12752839510"/>
    <nd ref="12752839446"/>
    <nd ref="12752839514"/>
    <nd ref="12752839521"/>
    <nd ref="172732217"/>
    <nd ref="172732219"/>
    <nd ref="12752839529"/>
    <nd ref="172732221"/>
    <tag k="highway" v="residential"/>
    <tag k="name" v="New Hope Road"/>
  </way>
  <way id="16707915">
    <nd ref="172737464"/>
    <nd ref="11076318938"/>
    <nd ref="13481138405"/>
    <nd ref="13481138393"/>
    <nd ref="172737466"/>
    <nd ref="13481138387"/>
    <nd ref="13481138385"/>
    <nd ref="13481138383"/>
    <nd ref="13481138381"/>
    <nd ref="13481138371"/>
    <nd ref="13481138369"/>
    <nd ref="11076318976"/>
    <nd ref="172203724"/>
    <tag k="highway" v="residential"/>
    <tag k="name" v="East Worthington Avenue"/>
    <tag k="tiger:cfcc" v="A41"/>
    <tag k="tiger:county" v="Mecklenburg, NC"/>
    <tag k="tiger:name_base" v="Worthington"/>
    <tag k="tiger:name_direction_prefix" v="E"/>
    <tag k="tiger:name_type" v="Ave"/>
    <tag k="tiger:reviewed" v="no"/>
    <tag k="tiger:zip_left" v="28203"/>
    <tag k="tiger:zip_right" v="28203"/>
  </way>
  <way id="16707919">
    <nd ref="172257810"/>
    <nd ref="10964394133"/>
    <nd ref="13129980865"/>
    <nd ref="4382739389"/>
    <nd ref="7060420088"/>
    <nd ref="7060420091"/>
    <nd ref="13129980882"/>
    <nd ref="172446930"/>
    <nd ref="13501174467"/>
    <nd ref="13501174479"/>
    <nd ref="13501178531"/>
    <nd ref="13501174482"/>
    <nd ref="13501178557"/>
    <nd ref="11076337904"/>
    <nd ref="172737474"/>
    <nd ref="11076337887"/>
    <nd ref="13501178511"/>
    <nd ref="13501178559"/>
    <nd ref="13501178514"/>
    <nd ref="13501178517"/>
    <nd ref="13501178566"/>
    <nd ref="13501178520"/>
    <nd ref="13501178569"/>
    <nd ref="13501178523"/>
    <nd ref="13129980890"/>
    <nd ref="172162842"/>
    <nd ref="11076337881"/>
    <nd ref="13501178595"/>
    <nd ref="13501178598"/>
    <nd ref="13501178601"/>
    <nd ref="172737477"/>
    <nd ref="13501178604"/>
    <nd ref="11076317638"/>
    <nd ref="172388516"/>
    <nd ref="11076317641"/>
    <nd ref="13501178613"/>
    <nd ref="13501178616"/>
    <nd ref="13501178619"/>
    <nd ref="11076317661"/>
    <nd ref="172737479"/>
    <nd ref="11076317784"/>
    <nd ref="13501178627"/>
    <nd ref="13501178622"/>
    <nd ref="13501178625"/>
    <nd ref="13501178636"/>
    <nd ref="11076317794"/>
    <nd ref="172202027"/>
    <nd ref="11076318779"/>
    <nd ref="13501178646"/>
    <nd ref="172737480"/>
    <nd ref="13501178648"/>
    <nd ref="13502938027"/>
    <nd ref="11076318710"/>
    <nd ref="172737481"/>
    <nd ref="11076318715"/>
    <nd ref="7814366389"/>
    <nd ref="172737483"/>
    <nd ref="172737486"/>
    <nd ref="11076318736"/>
    <nd ref="172224735"/>
    <nd ref="11076318739"/>
    <nd ref="13501178682"/>
    <nd ref="13501178680"/>
    <nd ref="13501178686"/>
    <nd ref="172737488"/>
    <nd ref="13502631072"/>
    <nd ref="11076318911"/>
    <nd ref="172737491"/>
    <nd ref="172288226"/>
    <nd ref="11076318910"/>
    <nd ref="172737493"/>
    <nd ref="13501178702"/>
    <nd ref="13501178705"/>
    <nd ref="13501178716"/>
    <nd ref="13501178726"/>
    <nd ref="11076318913"/>
    <nd ref="172221405"/>
    <nd ref="172737495"/>
    <nd ref="11076318931"/>
    <nd ref="172737496"/>
    <nd ref="13501178733"/>
    <nd ref="13501178735"/>
    <nd ref="13501178741"/>
    <nd ref="13501178738"/>
    <nd ref="172737498"/>
    <nd ref="13501178750"/>
    <nd ref="13501178746"/>
    <nd ref="13501178752"/>
    <nd ref="13501178765"/>
    <nd ref="13501178763"/>
    <nd ref="172737505"/>
    <nd ref="11076313441"/>
    <nd ref="172737508"/>
    <tag k="highway" v="residential"/>
    <tag k="name" v="East Worthington Avenue"/>
  </way>
  <way id="16708866">
    <nd ref="172749960"/>
    <nd ref="172749965"/>
    <nd ref="12543039067"/>
    <nd ref="13485025631"/>
    <nd ref="172749968"/>
    <nd ref="13485025626"/>
    <nd ref="172749971"/>
    <nd ref="13485025638"/>
    <nd ref="172749974"/>
    <nd ref="13485025647"/>
    <nd ref="172749977"/>
    <nd ref="13485025650"/>
    <nd ref="172749980"/>
    <nd ref="13485025689"/>
    <nd ref="13485025687"/>
    <nd ref="172749982"/>
    <nd ref="172749984"/>
    <nd ref="13485025695"/>
    <nd ref="172749986"/>
    <nd ref="172749989"/>
    <nd ref="172749991"/>
    <nd ref="13485025704"/>
    <nd ref="172207666"/>
    <nd ref="13485025706"/>
    <nd ref="13485025718"/>
    <nd ref="13485025716"/>
    <nd ref="13485025721"/>
    <nd ref="13485025724"/>
    <nd ref="13485025727"/>
    <nd ref="13481138671"/>
    <nd ref="13485025730"/>
    <nd ref="13485025737"/>
    <nd ref="13485025734"/>
    <nd ref="11076337969"/>
    <nd ref="172203776"/>
    <tag k="hgv" v="permit"/>
    <tag k="highway" v="residential"/>
    <tag k="name" v="Clayton Drive"/>
  </way>
  <way id="16708912">
    <nd ref="172534487"/>
    <nd ref="2699183088"/>
    <nd ref="2699183086"/>
    <nd ref="172750745"/>
    <nd ref="172750748"/>
    <nd ref="172750751"/>
    <nd ref="172750754"/>
    <nd ref="13481138825"/>
    <nd ref="172750756"/>
    <nd ref="13481138823"/>
    <nd ref="13481138821"/>
    <nd ref="13481138819"/>
    <nd ref="13481138817"/>
    <nd ref="172750763"/>
    <nd ref="172750764"/>
    <nd ref="13481138814"/>
    <nd ref="13481138813"/>
    <nd ref="172750767"/>
    <nd ref="13481138811"/>
    <nd ref="172750770"/>
    <nd ref="13481138804"/>
    <nd ref="172750773"/>
    <nd ref="13481138799"/>
    <nd ref="172750776"/>
    <nd ref="172750779"/>
    <nd ref="172750782"/>
    <nd ref="172750785"/>
    <nd ref="13481138797"/>
    <nd ref="8558008696"/>
    <nd ref="172750788"/>
    <nd ref="11126535122"/>
    <nd ref="172615696"/>
    <tag k="highway" v="residential"/>
    <tag k="name" v="Forest Park Drive"/>
  </way>
  <way id="16709268">
    <nd ref="172755019"/>
    <nd ref="13502938155"/>
    <nd ref="13502938157"/>
    <nd ref="13502938152"/>
    <nd ref="13502938159"/>
    <nd ref="13502938161"/>
    <nd ref="13502938164"/>
    <nd ref="13502938150"/>
    <nd ref="172202036"/>
    <nd ref="11076317727"/>
    <nd ref="13502938147"/>
    <nd ref="13502938058"/>
    <nd ref="13502938144"/>
    <nd ref="13502938062"/>
    <nd ref="13502938068"/>
    <nd ref="13502938141"/>
    <nd ref="172755022"/>
    <nd ref="13502938087"/>
    <nd ref="13502938090"/>
    <nd ref="172755024"/>
    <nd ref="13502938130"/>
    <nd ref="172755026"/>
    <nd ref="9217388185"/>
    <nd ref="9217388192"/>
    <tag k="highway" v="residential"/>
    <tag k="name" v="Brookside Avenue"/>
  </way>
  <way id="16709422">
    <nd ref="172420906"/>
    <nd ref="10916995159"/>
    <nd ref="10916995165"/>
    <nd ref="10916995158"/>
    <nd ref="172756834"/>
    <nd ref="10927927648"/>
    <nd ref="10916995157"/>
    <nd ref="10927927646"/>
    <nd ref="172756836"/>
    <nd ref="10916995156"/>
    <nd ref="172756838"/>
    <nd ref="10916995155"/>
    <nd ref="10916995154"/>
    <nd ref="172756840"/>
    <nd ref="10927927633"/>
    <nd ref="10916995153"/>
    <nd ref="10927927637"/>
    <nd ref="172756842"/>
    <nd ref="10916995152"/>
    <nd ref="10927927631"/>
    <nd ref="172756845"/>
    <nd ref="10916995151"/>
    <nd ref="172756848"/>
    <nd ref="10916995150"/>
    <nd ref="172756853"/>
    <nd ref="10927927620"/>
    <nd ref="10916995149"/>
    <nd ref="10927927615"/>
    <nd ref="10927927608"/>
    <nd ref="10916995148"/>
    <nd ref="10927927601"/>
    <nd ref="10927927606"/>
    <nd ref="10916995147"/>
    <nd ref="10927927595"/>
    <nd ref="10927927589"/>
    <nd ref="172756856"/>
    <nd ref="10927927584"/>
    <nd ref="10927927582"/>
    <nd ref="10927927577"/>
    <nd ref="10916995146"/>
    <nd ref="10927927570"/>
    <nd ref="10916995145"/>
    <nd ref="10927927562"/>
    <nd ref="10927927554"/>
    <nd ref="172756859"/>
    <nd ref="10927927547"/>
    <nd ref="10916995144"/>
    <nd ref="10927927545"/>
    <nd ref="10916995143"/>
    <nd ref="10927927539"/>
    <nd ref="10927927530"/>
    <nd ref="10927927535"/>
    <nd ref="10916995142"/>
    <nd ref="10927927522"/>
    <nd ref="10927927514"/>
    <nd ref="10916995141"/>
    <nd ref="10916995122"/>
    <nd ref="10916995220"/>
    <nd ref="172307574"/>
    <nd ref="10916995221"/>
    <nd ref="172756862"/>
    <nd ref="10927927341"/>
    <nd ref="10927927342"/>
    <nd ref="10927927350"/>
    <nd ref="10916995223"/>
    <nd ref="10927927356"/>
    <nd ref="10927927373"/>
    <nd ref="10916995224"/>
    <nd ref="10927927387"/>
    <nd ref="10927927381"/>
    <nd ref="172756865"/>
    <nd ref="10927927390"/>
    <nd ref="10927927403"/>
    <nd ref="10927927397"/>
    <nd ref="10927927405"/>
    <nd ref="10927927415"/>
    <nd ref="172756868"/>
    <nd ref="10927927407"/>
    <nd ref="10927927420"/>
    <nd ref="10916995225"/>
    <nd ref="10927927429"/>
    <nd ref="10927927435"/>
    <nd ref="10927927446"/>
    <nd ref="10927927457"/>
    <nd ref="10927927465"/>
    <nd ref="10927927459"/>
    <nd ref="172756871"/>
    <nd ref="10916995226"/>
    <nd ref="172756874"/>
    <nd ref="172756876"/>
    <nd ref="10927927473"/>
    <nd ref="10927927483"/>
    <nd ref="10916995227"/>
    <nd ref="10927927485"/>
    <nd ref="172756878"/>
    <nd ref="172756880"/>
    <nd ref="10916995228"/>
    <nd ref="172756882"/>
    <nd ref="13998461527"/>
    <nd ref="3927668948"/>
    <nd ref="10927927487"/>
    <nd ref="10916995229"/>
    <nd ref="10927927489"/>
    <nd ref="10916995231"/>
    <nd ref="172756885"/>
    <nd ref="10916995230"/>
    <nd ref="10927927496"/>
    <nd ref="10916995232"/>
    <nd ref="172756887"/>
    <nd ref="10927927500"/>
    <nd ref="172756890"/>
    <nd ref="10916995233"/>
    <nd ref="172756892"/>
    <nd ref="10916995235"/>
    <nd ref="10916995234"/>
    <nd ref="10927927504"/>
    <nd ref="10927927509"/>
    <nd ref="172756893"/>
    <nd ref="172756895"/>
    <nd ref="172756897"/>
    <nd ref="10915442999"/>
    <nd ref="10915442998"/>
    <nd ref="10915442997"/>
    <nd ref="172756898"/>
    <nd ref="10915443005"/>
    <nd ref="10915443003"/>
    <nd ref="172615741"/>
    <nd ref="10915442996"/>
    <nd ref="10915443001"/>
    <nd ref="10915442995"/>
    <nd ref="172756899"/>
    <nd ref="10916279220"/>
    <nd ref="172756901"/>
    <nd ref="10916279222"/>
    <nd ref="10916279332"/>
    <nd ref="10916279226"/>
    <nd ref="10916279218"/>
    <nd ref="10916279330"/>
    <nd ref="10916279324"/>
    <nd ref="172756903"/>
    <nd ref="10916279228"/>
    <nd ref="10916279322"/>
    <nd ref="10916279236"/>
    <nd ref="10916279263"/>
    <nd ref="10916279251"/>
    <nd ref="172756906"/>
    <nd ref="10916279243"/>
    <nd ref="10916279265"/>
    <nd ref="10916279271"/>
    <nd ref="172756909"/>
    <nd ref="10916279297"/>
    <nd ref="10916279273"/>
    <nd ref="172756913"/>
    <nd ref="10916279288"/>
    <nd ref="172756915"/>
    <nd ref="10916279281"/>
    <nd ref="172756916"/>
    <nd ref="10916279299"/>
    <nd ref="10916279217"/>
    <nd ref="10916279305"/>
    <nd ref="10916279309"/>
    <nd ref="172756919"/>
    <nd ref="10916279216"/>
    <nd ref="10916279307"/>
    <nd ref="172756922"/>
    <nd ref="10916279209"/>
    <nd ref="10916269302"/>
    <nd ref="172756924"/>
    <nd ref="172756925"/>
    <nd ref="10916269292"/>
    <nd ref="10916269298"/>
    <nd ref="10916269300"/>
    <nd ref="10916269286"/>
    <nd ref="172756927"/>
    <tag k="highway" v="residential"/>
    <tag k="name" v="Sterling Road"/>
  </way>
  <way id="16709948">
    <nd ref="172762885"/>
    <nd ref="13502630732"/>
    <nd ref="13246800653"/>
    <nd ref="13502630735"/>
    <nd ref="13502630738"/>
    <nd ref="13502630746"/>
    <nd ref="13502630752"/>
    <nd ref="13502630757"/>
    <nd ref="172762888"/>
    <nd ref="13502630760"/>
    <nd ref="172224764"/>
    <nd ref="172762891"/>
    <nd ref="13246801104"/>
    <nd ref="172762894"/>
    <nd ref="13246801107"/>
    <nd ref="13246801110"/>
    <nd ref="13246801113"/>
    <nd ref="172762896"/>
    <nd ref="13246800639"/>
    <nd ref="172762899"/>
    <nd ref="172762900"/>
    <nd ref="172762902"/>
    <nd ref="13246801115"/>
    <nd ref="172762904"/>
    <nd ref="172762905"/>
    <nd ref="13246800628"/>
    <nd ref="13246800626"/>
    <nd ref="13246801076"/>
    <nd ref="13246800623"/>
    <nd ref="13246800616"/>
    <nd ref="13246800608"/>
    <nd ref="172192169"/>
    <nd ref="13246796099"/>
    <nd ref="13246801058"/>
    <nd ref="13246796096"/>
    <nd ref="13246801056"/>
    <nd ref="13246796090"/>
    <nd ref="13246801054"/>
    <nd ref="172762906"/>
    <nd ref="13246796087"/>
    <nd ref="13246801051"/>
    <nd ref="13246796084"/>
    <nd ref="13246796075"/>
    <nd ref="172762908"/>
    <nd ref="11076318197"/>
    <nd ref="172762910"/>
    <tag k="hgv" v="permit"/>
    <tag k="highway" v="residential"/>
    <tag k="name" v="Charlotte Drive"/>
  </way>
  <way id="16710518">
    <nd ref="172319061"/>
    <nd ref="172768943"/>
    <nd ref="172768947"/>
    <nd ref="172768951"/>
    <nd ref="172768955"/>
    <nd ref="172768959"/>
    <nd ref="172768963"/>
    <nd ref="172768966"/>
    <nd ref="172768968"/>
    <nd ref="172768970"/>
    <nd ref="172768972"/>
    <nd ref="172768976"/>
    <nd ref="172709264"/>
    <nd ref="172768979"/>
    <nd ref="172768982"/>
    <nd ref="172768983"/>
    <nd ref="172768985"/>
    <tag k="highway" v="residential"/>
    <tag k="name" v="Guilford Road"/>
  </way>
  <way id="16710548">
    <nd ref="172769175"/>
    <nd ref="13191372024"/>
    <nd ref="13067147824"/>
    <nd ref="13067147826"/>
    <nd ref="11563280932"/>
    <nd ref="172454198"/>
    <nd ref="13067147819"/>
    <nd ref="13067147820"/>
    <nd ref="7071497546"/>
    <nd ref="172769181"/>
    <nd ref="11076318353"/>
    <nd ref="172463871"/>
    <nd ref="11076318402"/>
    <nd ref="7993809464"/>
    <nd ref="172769186"/>
    <nd ref="11128745489"/>
    <nd ref="172575632"/>
    <tag k="highway" v="residential"/>
    <tag k="name" v="Pierce Street"/>
    <tag k="tiger:cfcc" v="A41"/>
    <tag k="tiger:county" v="Mecklenburg, NC"/>
    <tag k="tiger:name_base" v="Pierce"/>
    <tag k="tiger:name_type" v="St"/>
    <tag k="tiger:reviewed" v="no"/>
    <tag k="tiger:zip_left" v="28203"/>
    <tag k="tiger:zip_right" v="28203"/>
  </way>
  <way id="16710701">
    <nd ref="172762885"/>
    <nd ref="11076337620"/>
    <nd ref="13246800659"/>
    <nd ref="12049644847"/>
    <nd ref="172463896"/>
    <nd ref="11076313446"/>
    <nd ref="172770642"/>
    <nd ref="13246800713"/>
    <nd ref="11076318278"/>
    <nd ref="172575675"/>
    <tag k="highway" v="residential"/>
    <tag k="name" v="Lattimore Street"/>
  </way>
  <way id="16712568">
    <nd ref="172281609"/>
    <nd ref="10917021766"/>
    <nd ref="10917021784"/>
    <nd ref="10917021765"/>
    <nd ref="10917021767"/>
    <nd ref="10936198045"/>
    <nd ref="10917021768"/>
    <nd ref="172794983"/>
    <nd ref="10936198078"/>
    <nd ref="172794987"/>
    <nd ref="10917021769"/>
    <nd ref="172794989"/>
    <nd ref="10936198046"/>
    <nd ref="10917021770"/>
    <nd ref="10917021771"/>
    <nd ref="10936198065"/>
    <nd ref="172794991"/>
    <nd ref="10917021772"/>
    <nd ref="10917021773"/>
    <nd ref="172794992"/>
    <nd ref="10917021774"/>
    <nd ref="172794993"/>
    <nd ref="10936198037"/>
    <nd ref="10917021775"/>
    <nd ref="172794994"/>
    <nd ref="10936198028"/>
    <nd ref="10917021776"/>
    <nd ref="172794996"/>
    <nd ref="10917021777"/>
    <nd ref="10936198023"/>
    <nd ref="10917021778"/>
    <nd ref="10936198015"/>
    <nd ref="172794999"/>
    <nd ref="172795002"/>
    <nd ref="10917021779"/>
    <nd ref="10936197994"/>
    <nd ref="172795007"/>
    <nd ref="10917021780"/>
    <nd ref="10936198008"/>
    <nd ref="10936197992"/>
    <nd ref="10936197987"/>
    <nd ref="10917021781"/>
    <nd ref="10917021782"/>
    <nd ref="172795010"/>
    <nd ref="10917022055"/>
    <nd ref="10917021783"/>
    <nd ref="3298628140"/>
    <nd ref="172662811"/>
    <nd ref="10917022052"/>
    <nd ref="172795013"/>
    <nd ref="172795015"/>
    <nd ref="10936117055"/>
    <nd ref="172795017"/>
    <nd ref="10936117061"/>
    <nd ref="11908244062"/>
    <nd ref="11908244065"/>
    <nd ref="10936117066"/>
    <nd ref="172795020"/>
    <nd ref="11908250175"/>
    <nd ref="10936117071"/>
    <nd ref="172795023"/>
    <nd ref="10917022061"/>
    <nd ref="172795026"/>
    <nd ref="10936117079"/>
    <nd ref="10917022062"/>
    <nd ref="172795029"/>
    <nd ref="11908250179"/>
    <nd ref="10936117083"/>
    <nd ref="172795032"/>
    <nd ref="11908250185"/>
    <nd ref="10917022063"/>
    <nd ref="10936117088"/>
    <nd ref="11908250188"/>
    <nd ref="172795035"/>
    <nd ref="10936117096"/>
    <nd ref="10936117101"/>
    <nd ref="11908250191"/>
    <nd ref="10917022064"/>
    <nd ref="11908250198"/>
    <nd ref="10936117105"/>
    <nd ref="172795038"/>
    <nd ref="11908250203"/>
    <nd ref="11908250200"/>
    <nd ref="10917022065"/>
    <nd ref="172795043"/>
    <nd ref="10917022067"/>
    <nd ref="10936117111"/>
    <nd ref="10917022068"/>
    <nd ref="172795045"/>
    <nd ref="10917022069"/>
    <nd ref="172795049"/>
    <nd ref="10917022070"/>
    <nd ref="172795052"/>
    <nd ref="10917022072"/>
    <nd ref="10936117123"/>
    <nd ref="10917022083"/>
    <nd ref="10917022057"/>
    <nd ref="10917022058"/>
    <nd ref="10917022059"/>
    <nd ref="10917022071"/>
    <nd ref="10917022060"/>
    <nd ref="172231830"/>
    <tag k="highway" v="residential"/>
    <tag k="name" v="Norton Road"/>
  </way>
  <way id="16713438">
    <nd ref="172463899"/>
    <nd ref="11076337612"/>
    <nd ref="13246800709"/>
    <nd ref="11076337613"/>
    <nd ref="172575682"/>
    <nd ref="11076337618"/>
    <nd ref="13246800776"/>
    <nd ref="13485002675"/>
    <nd ref="13485002694"/>
    <nd ref="172807162"/>
    <tag k="highway" v="residential"/>
    <tag k="name" v="Hemlock Street"/>
  </way>
  <way id="16713617">
    <nd ref="172167026"/>
    <nd ref="11076319232"/>
    <nd ref="172809788"/>
    <nd ref="172352723"/>
    <nd ref="172809791"/>
    <nd ref="172809794"/>
    <nd ref="172809796"/>
    <nd ref="172809798"/>
    <nd ref="172809800"/>
    <nd ref="172809802"/>
    <nd ref="172809804"/>
    <nd ref="172809807"/>
    <nd ref="172809809"/>
    <nd ref="5689366713"/>
    <nd ref="5689366714"/>
    <tag k="highway" v="residential"/>
    <tag k="name" v="Stone Orchard Place"/>
    <tag k="tiger:cfcc" v="A41"/>
    <tag k="tiger:county" v="Mecklenburg, NC"/>
    <tag k="tiger:name_base" v="Stone Orchard"/>
    <tag k="tiger:name_type" v="Pl"/>
    <tag k="tiger:reviewed" v="no"/>
    <tag k="tiger:zip_left" v="28209"/>
    <tag k="tiger:zip_right" v="28209"/>
  </way>
  <way id="16714056">
    <nd ref="172816413"/>
    <nd ref="172816415"/>
    <nd ref="172816417"/>
    <nd ref="172816419"/>
    <nd ref="11237198313"/>
    <nd ref="11237198316"/>
    <nd ref="11237198317"/>
    <nd ref="11237198329"/>
    <nd ref="172816430"/>
    <nd ref="172816433"/>
    <nd ref="172816436"/>
    <nd ref="172816439"/>
    <nd ref="172816442"/>
    <nd ref="172816445"/>
    <nd ref="4321929972"/>
    <nd ref="12702976079"/>
    <nd ref="9887187811"/>
    <tag k="highway" v="unclassified"/>
    <tag k="name" v="Blythe Boulevard"/>
    <tag k="surface" v="asphalt"/>
  </way>
  <way id="16714111">
    <nd ref="172167445"/>
    <nd ref="11078073999"/>
    <nd ref="172817030"/>
    <nd ref="7065944786"/>
    <nd ref="172817031"/>
    <nd ref="6989452267"/>
    <nd ref="6989452271"/>
    <nd ref="11076317663"/>
    <nd ref="172817036"/>
    <nd ref="172737479"/>
    <nd ref="11076317782"/>
    <nd ref="172817040"/>
    <nd ref="7814359488"/>
    <nd ref="13502938193"/>
    <nd ref="11076317673"/>
    <nd ref="172252575"/>
    <nd ref="11076317762"/>
    <nd ref="13502938128"/>
    <nd ref="13502938126"/>
    <nd ref="13503053886"/>
    <nd ref="13503053888"/>
    <nd ref="172262225"/>
    <nd ref="13503053890"/>
    <nd ref="13503097213"/>
    <nd ref="13503097211"/>
    <nd ref="13503053895"/>
    <nd ref="13503097208"/>
    <nd ref="13503097209"/>
    <nd ref="13503053896"/>
    <nd ref="172817046"/>
    <tag k="hgv:conditional" v="destination @ (axles&gt;2)"/>
    <tag k="highway" v="residential"/>
    <tag k="name" v="Springdale Avenue"/>
  </way>
  <way id="16714113">
    <nd ref="172456463"/>
    <nd ref="172817063"/>
    <nd ref="172817066"/>
    <nd ref="172817069"/>
    <nd ref="172817073"/>
    <nd ref="172817076"/>
    <nd ref="172817079"/>
    <nd ref="172817084"/>
    <nd ref="172701053"/>
    <nd ref="172817087"/>
    <nd ref="172817088"/>
    <nd ref="172817090"/>
    <nd ref="172817093"/>
    <nd ref="172817098"/>
    <nd ref="172817101"/>
    <nd ref="172182676"/>
    <tag k="highway" v="residential"/>
    <tag k="name" v="Springdale Avenue"/>
  </way>
  <way id="16714156">
    <nd ref="172817693"/>
    <nd ref="172817696"/>
    <nd ref="2625122927"/>
    <nd ref="172817701"/>
    <nd ref="2625123122"/>
    <nd ref="172817704"/>
    <nd ref="2625123112"/>
    <nd ref="172817707"/>
    <nd ref="172817708"/>
    <nd ref="2625123116"/>
    <nd ref="172817709"/>
    <nd ref="2625123100"/>
    <nd ref="172817711"/>
    <nd ref="172817714"/>
    <nd ref="172817717"/>
    <nd ref="172731397"/>
    <tag k="highway" v="residential"/>
    <tag k="lanes" v="2"/>
    <tag k="maxspeed" v="25 mph"/>
    <tag k="name" v="Dorchester Place"/>
    <tag k="surface" v="asphalt"/>
  </way>
  <way id="16715067">
    <nd ref="172257858"/>
    <nd ref="10964384496"/>
    <nd ref="2649089989"/>
    <nd ref="2649089945"/>
    <nd ref="2649089997"/>
    <nd ref="2649089941"/>
    <nd ref="2649089951"/>
    <nd ref="11630916088"/>
    <nd ref="172830707"/>
    <nd ref="11070502420"/>
    <nd ref="172162117"/>
    <nd ref="11070502382"/>
    <nd ref="172830708"/>
    <nd ref="172830711"/>
    <nd ref="172830714"/>
    <nd ref="172830716"/>
    <nd ref="172592478"/>
    <nd ref="12255441125"/>
    <nd ref="2625309269"/>
    <nd ref="12255441191"/>
    <nd ref="172830717"/>
    <nd ref="12255441189"/>
    <nd ref="2625309276"/>
    <nd ref="12255441187"/>
    <nd ref="172830719"/>
    <nd ref="172830722"/>
    <nd ref="12255441184"/>
    <nd ref="12255441182"/>
    <nd ref="12255441179"/>
    <nd ref="172830725"/>
    <nd ref="12255441176"/>
    <nd ref="172830727"/>
    <nd ref="12255441172"/>
    <nd ref="12255441170"/>
    <nd ref="172830730"/>
    <nd ref="172830731"/>
    <nd ref="12255441168"/>
    <nd ref="172830733"/>
    <nd ref="172830736"/>
    <nd ref="12255441165"/>
    <nd ref="12255441164"/>
    <nd ref="172830737"/>
    <nd ref="172830740"/>
    <nd ref="172506309"/>
    <nd ref="172830746"/>
    <nd ref="172506342"/>
    <nd ref="12255441161"/>
    <nd ref="172830754"/>
    <nd ref="172830756"/>
    <nd ref="172830758"/>
    <nd ref="172579574"/>
    <nd ref="172830761"/>
    <nd ref="172830764"/>
    <nd ref="172830767"/>
    <nd ref="172830770"/>
    <nd ref="172830772"/>
    <nd ref="172830774"/>
    <nd ref="172830777"/>
    <nd ref="172830780"/>
    <nd ref="172830783"/>
    <nd ref="11126535017"/>
    <nd ref="172731388"/>
    <tag k="highway" v="residential"/>
    <tag k="name" v="Elmhurst Road"/>
  </way>
  <way id="16715158">
    <nd ref="172770648"/>
    <nd ref="13481138475"/>
    <nd ref="13481138468"/>
    <nd ref="13481138474"/>
    <nd ref="13481138470"/>
    <nd ref="13485002664"/>
    <nd ref="13485002667"/>
    <nd ref="13481138402"/>
    <nd ref="13485002669"/>
    <nd ref="13485002671"/>
    <nd ref="13485002673"/>
    <nd ref="13485002698"/>
    <nd ref="13485002695"/>
    <nd ref="13485002699"/>
    <nd ref="172807162"/>
    <nd ref="172832487"/>
    <nd ref="13485002692"/>
    <nd ref="13485025601"/>
    <nd ref="13485002690"/>
    <nd ref="172832491"/>
    <nd ref="13485025603"/>
    <nd ref="13485025611"/>
    <nd ref="13485025609"/>
    <nd ref="172296679"/>
    <nd ref="13485025613"/>
    <nd ref="13485025617"/>
    <nd ref="13481138403"/>
    <nd ref="13485025621"/>
    <nd ref="172832496"/>
    <nd ref="172832499"/>
    <nd ref="13485025622"/>
    <nd ref="172832502"/>
    <nd ref="172832505"/>
    <nd ref="12543039066"/>
    <nd ref="172832506"/>
    <nd ref="172749960"/>
    <tag k="hgv" v="permit"/>
    <tag k="highway" v="residential"/>
    <tag k="name" v="Floral Avenue"/>
    <tag k="sidewalk" v="no"/>
  </way>
  <way id="16717170">
    <nd ref="172856693"/>
    <nd ref="172856697"/>
    <nd ref="172856698"/>
    <nd ref="2625122933"/>
    <nd ref="172856701"/>
    <nd ref="172856704"/>
    <nd ref="172856707"/>
    <nd ref="11078073246"/>
    <nd ref="11078073312"/>
    <nd ref="172656837"/>
    <nd ref="11078073277"/>
    <nd ref="11078073288"/>
    <nd ref="172856710"/>
    <nd ref="172856718"/>
    <nd ref="172856721"/>
    <nd ref="172856727"/>
    <nd ref="11078073297"/>
    <nd ref="2625122930"/>
    <nd ref="172856730"/>
    <nd ref="172856733"/>
    <nd ref="11078073306"/>
    <nd ref="172856737"/>
    <nd ref="172856741"/>
    <nd ref="172856745"/>
    <nd ref="11078073276"/>
    <nd ref="11078073307"/>
    <nd ref="172856749"/>
    <nd ref="172856693"/>
    <nd ref="172856752"/>
    <nd ref="2625122942"/>
    <nd ref="2625122926"/>
    <nd ref="11076317941"/>
    <nd ref="2625122928"/>
    <tag k="highway" v="residential"/>
    <tag k="name" v="Dilworth Edge Condominiums Drive"/>
  </way>
  <way id="16717546">
    <nd ref="4375093879"/>
    <nd ref="10915443716"/>
    <nd ref="10915443717"/>
    <nd ref="10915443718"/>
    <nd ref="10915443719"/>
    <nd ref="10915443720"/>
    <nd ref="172662605"/>
    <nd ref="172860586"/>
    <nd ref="10936116925"/>
    <nd ref="10936116916"/>
    <nd ref="10915443721"/>
    <nd ref="172860589"/>
    <nd ref="10915443724"/>
    <nd ref="10915443722"/>
    <nd ref="172860590"/>
    <nd ref="10915443725"/>
    <nd ref="172860593"/>
    <nd ref="10915443726"/>
    <nd ref="10936116908"/>
    <nd ref="10936116898"/>
    <nd ref="172860595"/>
    <nd ref="172860598"/>
    <nd ref="10927928113"/>
    <nd ref="10915443727"/>
    <nd ref="10936116890"/>
    <nd ref="172860601"/>
    <nd ref="10915443728"/>
    <nd ref="10927928118"/>
    <nd ref="172860605"/>
    <nd ref="10936116884"/>
    <nd ref="10915443729"/>
    <nd ref="10927928125"/>
    <nd ref="172860608"/>
    <nd ref="10915443730"/>
    <nd ref="10936116875"/>
    <nd ref="172860610"/>
    <nd ref="10927928129"/>
    <nd ref="10915443731"/>
    <nd ref="10936116859"/>
    <nd ref="172860613"/>
    <nd ref="172572090"/>
    <nd ref="10936116856"/>
    <nd ref="10936116838"/>
    <nd ref="10915443732"/>
    <nd ref="10927928282"/>
    <nd ref="10936116845"/>
    <nd ref="9873418044"/>
    <nd ref="10927928292"/>
    <nd ref="2162820433"/>
    <nd ref="3701189120"/>
    <nd ref="10936116828"/>
    <nd ref="10936116821"/>
    <nd ref="10936116802"/>
    <nd ref="10915443733"/>
    <nd ref="10936116813"/>
    <nd ref="10936116796"/>
    <nd ref="10936116786"/>
    <nd ref="2162847570"/>
    <nd ref="10936116785"/>
    <nd ref="10936116771"/>
    <nd ref="10936116767"/>
    <nd ref="10915443734"/>
    <nd ref="172860614"/>
    <nd ref="172860615"/>
    <nd ref="10936116748"/>
    <nd ref="2271628152"/>
    <nd ref="10936116762"/>
    <nd ref="10936116744"/>
    <nd ref="2271628169"/>
    <nd ref="10915443735"/>
    <nd ref="11908198004"/>
    <nd ref="10936116726"/>
    <nd ref="172860616"/>
    <nd ref="10915443736"/>
    <nd ref="2162847558"/>
    <nd ref="10933339904"/>
    <nd ref="6989281118"/>
    <nd ref="9469438912"/>
    <nd ref="10915443737"/>
    <nd ref="10933339905"/>
    <nd ref="6989281110"/>
    <nd ref="172860621"/>
    <nd ref="172860624"/>
    <nd ref="172860627"/>
    <nd ref="9465035767"/>
    <nd ref="9465035719"/>
    <nd ref="172468211"/>
    <tag k="highway" v="residential"/>
    <tag k="name" v="Radcliffe Avenue"/>
    <tag k="surface" v="asphalt"/>
  </way>
  <way id="16721045">
    <nd ref="172892198"/>
    <nd ref="172892196"/>
    <nd ref="7007989143"/>
    <tag k="cycleway:both" v="lane"/>
    <tag k="highway" v="tertiary"/>
    <tag k="name" v="Park Road"/>
  </way>
  <way id="16721051">
    <nd ref="172823822"/>
    <nd ref="11076318677"/>
    <nd ref="172892228"/>
    <nd ref="172892231"/>
    <nd ref="13066975378"/>
    <nd ref="13066975439"/>
    <nd ref="172892234"/>
    <nd ref="13066975442"/>
    <nd ref="13066975380"/>
    <nd ref="13066975382"/>
    <nd ref="13066975383"/>
    <nd ref="172892237"/>
    <nd ref="13066975385"/>
    <nd ref="172442716"/>
    <nd ref="13066975384"/>
    <nd ref="13066975397"/>
    <nd ref="13066975349"/>
    <nd ref="172892240"/>
    <nd ref="172892244"/>
    <nd ref="13066975401"/>
    <nd ref="172892247"/>
    <nd ref="7065252116"/>
    <nd ref="1872094203"/>
    <nd ref="7065252114"/>
    <nd ref="11076318704"/>
    <nd ref="172167460"/>
    <tag k="highway" v="residential"/>
    <tag k="name" v="Park Road"/>
  </way>
  <way id="51063152">
    <nd ref="172463935"/>
    <nd ref="172463932"/>
    <nd ref="172463930"/>
    <nd ref="4420670247"/>
    <nd ref="172463927"/>
    <nd ref="172463925"/>
    <nd ref="172463923"/>
    <nd ref="172463921"/>
    <tag k="cycleway:both" v="lane"/>
    <tag k="highway" v="secondary"/>
    <tag k="lanes" v="2"/>
    <tag k="name" v="Kenilworth Avenue"/>
    <tag k="oneway" v="yes"/>
  </way>
  <way id="51063233">
    <nd ref="5800037528"/>
    <nd ref="13119850881"/>
    <nd ref="13119850888"/>
    <nd ref="5794908543"/>
    <nd ref="13119850892"/>
    <nd ref="13119850893"/>
    <nd ref="5794908540"/>
    <nd ref="13119850898"/>
    <nd ref="11762019254"/>
    <nd ref="5794929893"/>
    <nd ref="8007458374"/>
    <nd ref="11076318933"/>
    <nd ref="172167481"/>
    <nd ref="11076318936"/>
    <nd ref="5794908534"/>
    <nd ref="5794908522"/>
    <nd ref="8166658846"/>
    <nd ref="5794908526"/>
    <nd ref="13119807799"/>
    <nd ref="172167475"/>
    <nd ref="13119807783"/>
    <nd ref="8007718636"/>
    <nd ref="13119807779"/>
    <nd ref="13508768323"/>
    <tag k="access" v="yes"/>
    <tag k="cycleway" v="lane"/>
    <tag k="cycleway:both" v="lane"/>
    <tag k="highway" v="tertiary"/>
    <tag k="maxspeed" v="25 mph"/>
    <tag k="name" v="East Boulevard"/>
  </way>
  <way id="212428991">
    <nd ref="9887187811"/>
    <nd ref="2222780927"/>
    <tag k="highway" v="residential"/>
    <tag k="name" v="Medical Center Drive"/>
  </way>
  <way id="212429111">
    <nd ref="2222782430"/>
    <nd ref="9183274635"/>
    <nd ref="4375093955"/>
    <nd ref="9183274578"/>
    <nd ref="172167572"/>
    <nd ref="172167574"/>
    <nd ref="10916995624"/>
    <nd ref="172167576"/>
    <nd ref="10916995688"/>
    <nd ref="10916995625"/>
    <nd ref="172167581"/>
    <tag k="access" v="yes"/>
    <tag k="cycleway:right" v="lane"/>
    <tag k="highway" v="tertiary"/>
    <tag k="maxweight" v="17 st"/>
    <tag k="maxweight:hgv_articulated" v="24 st"/>
    <tag k="name" v="East Boulevard"/>
    <tag k="oneway" v="yes"/>
    <tag k="sidewalk:left" v="no"/>
    <tag k="sidewalk:right" v="separate"/>
    <tag k="surface" v="asphalt"/>
  </way>
  <way id="212429112">
    <nd ref="2222782430"/>
    <nd ref="172167563"/>
    <nd ref="9201807965"/>
    <nd ref="2222782429"/>
    <tag k="access" v="yes"/>
    <tag k="bridge" v="yes"/>
    <tag k="cycleway" v="lane"/>
    <tag k="cycleway:both" v="lane"/>
    <tag k="highway" v="tertiary"/>
    <tag k="layer" v="1"/>
    <tag k="maxweight" v="17 st"/>
    <tag k="maxweight:hgv_articulated" v="24 st"/>
    <tag k="name" v="East Boulevard"/>
    <tag k="sidewalk:both" v="separate"/>
  </way>
  <way id="215487233">
    <nd ref="2249346548"/>
    <nd ref="172811806"/>
    <nd ref="9599876637"/>
    <tag k="HFCS" v="Urban Minor Arterial"/>
    <tag k="bridge" v="yes"/>
    <tag k="highway" v="secondary"/>
    <tag k="lanes" v="2"/>
    <tag k="layer" v="1"/>
    <tag k="name" v="East Morehead Street"/>
    <tag k="oneway" v="yes"/>
    <tag k="sidewalk:left" v="no"/>
    <tag k="sidewalk:right" v="separate"/>
    <tag k="tiger:cfcc" v="A41"/>
    <tag k="tiger:county" v="Mecklenburg, NC"/>
    <tag k="tiger:name_base" v="Morehead"/>
    <tag k="tiger:name_direction_prefix" v="E"/>
    <tag k="tiger:name_type" v="St"/>
    <tag k="tiger:reviewed" v="no"/>
    <tag k="tiger:zip_left" v="28207"/>
    <tag k="tiger:zip_right" v="28207"/>
    <tag k="unsigned_ref" v="SR 3815"/>
  </way>
  <way id="215487234">
    <nd ref="12761735045"/>
    <nd ref="172696497"/>
    <tag k="HFCS" v="Urban Minor Arterial"/>
    <tag k="highway" v="secondary"/>
    <tag k="name" v="East Morehead Street"/>
    <tag k="sidewalk:both" v="separate"/>
    <tag k="tiger:cfcc" v="A41"/>
    <tag k="tiger:county" v="Mecklenburg, NC"/>
    <tag k="tiger:name_base" v="Morehead"/>
    <tag k="tiger:name_direction_prefix" v="E"/>
    <tag k="tiger:name_type" v="St"/>
    <tag k="tiger:reviewed" v="no"/>
    <tag k="tiger:zip_left" v="28207"/>
    <tag k="tiger:zip_right" v="28207"/>
    <tag k="unsigned_ref" v="SR 3815"/>
  </way>
  <way id="239259511">
    <nd ref="172818996"/>
    <nd ref="11586069197"/>
    <nd ref="8157026518"/>
    <nd ref="11586069183"/>
    <nd ref="2469596757"/>
    <nd ref="13438366527"/>
    <nd ref="13438366529"/>
    <nd ref="2469596734"/>
    <nd ref="13438366532"/>
    <nd ref="13438366609"/>
    <nd ref="172818998"/>
    <nd ref="13438366521"/>
    <nd ref="13438366612"/>
    <nd ref="13438366523"/>
    <nd ref="13438366615"/>
    <nd ref="8007486555"/>
    <nd ref="172819001"/>
    <nd ref="11078074288"/>
    <nd ref="172167513"/>
    <tag k="highway" v="residential"/>
    <tag k="name" v="Garden Terrace"/>
    <tag k="tiger:cfcc" v="A41"/>
    <tag k="tiger:county" v="Mecklenburg, NC"/>
    <tag k="tiger:name_base" v="Garden"/>
    <tag k="tiger:name_type" v="Ter"/>
    <tag k="tiger:reviewed" v="no"/>
    <tag k="tiger:zip_left" v="28203"/>
    <tag k="tiger:zip_right" v="28203"/>
  </way>
  <way id="239920274">
    <nd ref="2222780926"/>
    <nd ref="12702976053"/>
    <nd ref="12702976054"/>
    <nd ref="12702976055"/>
    <nd ref="7993813938"/>
    <nd ref="10718021489"/>
    <nd ref="12702976052"/>
    <nd ref="12702976051"/>
    <nd ref="12702976050"/>
    <nd ref="12702976049"/>
    <nd ref="9183497739"/>
    <nd ref="172281591"/>
    <tag k="highway" v="residential"/>
    <tag k="name" v="Medical Center Drive"/>
    <tag k="sidewalk" v="separate"/>
  </way>
  <way id="239920275">
    <nd ref="2222780927"/>
    <nd ref="2222780926"/>
    <tag k="bridge" v="yes"/>
    <tag k="highway" v="residential"/>
    <tag k="layer" v="1"/>
    <tag k="name" v="Medical Center Drive"/>
    <tag k="sidewalk" v="separate"/>
  </way>
  <way id="264244045">
    <nd ref="172222574"/>
    <nd ref="11076337951"/>
    <nd ref="13502954790"/>
    <nd ref="13502954717"/>
    <nd ref="13502954782"/>
    <nd ref="13502954777"/>
    <nd ref="13502954720"/>
    <nd ref="13502954780"/>
    <nd ref="13502954725"/>
    <nd ref="13502954774"/>
    <nd ref="13502954771"/>
    <nd ref="13502954728"/>
    <nd ref="13502954766"/>
    <nd ref="13502954763"/>
    <nd ref="13502954760"/>
    <nd ref="7081468512"/>
    <nd ref="13502954756"/>
    <nd ref="13502954752"/>
    <nd ref="11076317877"/>
    <nd ref="172182700"/>
    <tag k="highway" v="residential"/>
    <tag k="name" v="Kirkwood Avenue"/>
  </way>
  <way id="404591566">
    <nd ref="172731388"/>
    <nd ref="172830786"/>
    <nd ref="172830790"/>
    <nd ref="2625123135"/>
    <nd ref="2625123123"/>
    <nd ref="2625123139"/>
    <nd ref="172830792"/>
    <nd ref="172830796"/>
    <nd ref="2612402827"/>
    <nd ref="2612402698"/>
    <tag k="highway" v="residential"/>
    <tag k="lanes" v="2"/>
    <tag k="maxspeed" v="25 mph"/>
    <tag k="name" v="Elmhurst Road"/>
    <tag k="surface" v="asphalt"/>
  </way>
  <way id="404591567">
    <nd ref="172731397"/>
    <nd ref="11126535100"/>
    <nd ref="172817730"/>
    <nd ref="172817733"/>
    <nd ref="172817736"/>
    <nd ref="6996191166"/>
    <nd ref="6996191159"/>
    <nd ref="172817737"/>
    <nd ref="172712533"/>
    <nd ref="172817740"/>
    <nd ref="172817741"/>
    <nd ref="7068275677"/>
    <nd ref="172817744"/>
    <nd ref="172817747"/>
    <nd ref="172817749"/>
    <nd ref="172817752"/>
    <nd ref="172817754"/>
    <nd ref="172817757"/>
    <nd ref="172817759"/>
    <nd ref="11078073116"/>
    <nd ref="172817761"/>
    <nd ref="172638462"/>
    <tag k="highway" v="residential"/>
    <tag k="lanes" v="2"/>
    <tag k="maxspeed" v="25 mph"/>
    <tag k="name" v="Dorchester Place"/>
    <tag k="surface" v="asphalt"/>
  </way>
  <way id="421162116">
    <nd ref="4209805711"/>
    <nd ref="4209805712"/>
    <nd ref="4209805713"/>
    <nd ref="4209805714"/>
    <tag k="highway" v="residential"/>
  </way>
  <way id="421162118">
    <nd ref="172463912"/>
    <nd ref="4209805716"/>
    <nd ref="4209805717"/>
    <nd ref="4209805718"/>
    <nd ref="4209805719"/>
    <nd ref="4209805720"/>
    <nd ref="4209805721"/>
    <tag k="highway" v="secondary_link"/>
    <tag k="oneway" v="yes"/>
  </way>
  <way id="439832521">
    <nd ref="3298628130"/>
    <nd ref="10916995255"/>
    <nd ref="10916995675"/>
    <nd ref="10916995254"/>
    <nd ref="4375093931"/>
    <nd ref="10916995253"/>
    <nd ref="4375093934"/>
    <nd ref="172167566"/>
    <nd ref="9183274639"/>
    <nd ref="7065242719"/>
    <nd ref="7065242699"/>
    <nd ref="2222782430"/>
    <tag k="cycleway:right" v="lane"/>
    <tag k="highway" v="tertiary"/>
    <tag k="maxweight" v="17 st"/>
    <tag k="maxweight:hgv_articulated" v="24 st"/>
    <tag k="name" v="East Boulevard"/>
    <tag k="oneway" v="yes"/>
    <tag k="sidewalk:left" v="no"/>
    <tag k="sidewalk:right" v="separate"/>
    <tag k="surface" v="asphalt"/>
  </way>
  <way id="439832536">
    <nd ref="172167581"/>
    <nd ref="10916995631"/>
    <nd ref="10916995630"/>
    <nd ref="10916995629"/>
    <nd ref="10916995685"/>
    <nd ref="10916995364"/>
    <nd ref="10916995363"/>
    <nd ref="10916995362"/>
    <nd ref="10916995361"/>
    <nd ref="10916995360"/>
    <nd ref="10916995359"/>
    <nd ref="4375093892"/>
    <nd ref="10916995669"/>
    <nd ref="10916995357"/>
    <nd ref="10916995358"/>
    <nd ref="4375093891"/>
    <nd ref="10927928047"/>
    <nd ref="10927928025"/>
    <nd ref="4375093886"/>
    <nd ref="10915443745"/>
    <nd ref="10927928037"/>
    <nd ref="10927928024"/>
    <nd ref="10915443746"/>
    <nd ref="10927928020"/>
    <nd ref="4375093880"/>
    <nd ref="10915443747"/>
    <nd ref="10927928013"/>
    <nd ref="4375093879"/>
    <nd ref="10915443715"/>
    <nd ref="10915443748"/>
    <nd ref="10927928007"/>
    <nd ref="4375093878"/>
    <nd ref="4375093877"/>
    <nd ref="13695407929"/>
    <nd ref="10915443749"/>
    <nd ref="4375093876"/>
    <nd ref="10915443752"/>
    <nd ref="10927927988"/>
    <nd ref="10915443751"/>
    <nd ref="10915443750"/>
    <nd ref="4375093866"/>
    <nd ref="10927927977"/>
    <nd ref="10927927966"/>
    <nd ref="10915443753"/>
    <nd ref="10915443754"/>
    <nd ref="10927927951"/>
    <nd ref="4375093864"/>
    <nd ref="10927927944"/>
    <nd ref="10927927915"/>
    <nd ref="10915443755"/>
    <nd ref="10927927925"/>
    <nd ref="10927927913"/>
    <nd ref="10915443756"/>
    <nd ref="10915443757"/>
    <nd ref="10915443758"/>
    <nd ref="10927927905"/>
    <nd ref="10927927889"/>
    <nd ref="4375093856"/>
    <nd ref="10927927899"/>
    <nd ref="10915443759"/>
    <nd ref="10927927886"/>
    <nd ref="10927927882"/>
    <nd ref="8169260034"/>
    <nd ref="8169260029"/>
    <nd ref="10915443760"/>
    <nd ref="10915443788"/>
    <nd ref="172307584"/>
    <nd ref="10915443782"/>
    <nd ref="10915443761"/>
    <nd ref="10927927179"/>
    <nd ref="10915443762"/>
    <nd ref="10915443763"/>
    <nd ref="10927927201"/>
    <nd ref="10927927189"/>
    <nd ref="10915443764"/>
    <nd ref="10927927210"/>
    <nd ref="10915443765"/>
    <nd ref="10927927212"/>
    <nd ref="10927927226"/>
    <nd ref="10927927227"/>
    <nd ref="4375093824"/>
    <nd ref="10915443522"/>
    <nd ref="10927927255"/>
    <nd ref="4375093823"/>
    <nd ref="10927927264"/>
    <nd ref="10915443521"/>
    <nd ref="10927927276"/>
    <nd ref="10915443766"/>
    <nd ref="10927927292"/>
    <nd ref="4375093819"/>
    <nd ref="10927927282"/>
    <nd ref="10915443767"/>
    <nd ref="4375093817"/>
    <nd ref="10915443768"/>
    <nd ref="10927920783"/>
    <nd ref="4375093813"/>
    <nd ref="10927920789"/>
    <nd ref="10915443769"/>
    <nd ref="10927920800"/>
    <nd ref="10927926907"/>
    <nd ref="4375093812"/>
    <nd ref="10915443067"/>
    <nd ref="10927926916"/>
    <nd ref="10915443068"/>
    <nd ref="4375093809"/>
    <nd ref="4375093805"/>
    <nd ref="10915443066"/>
    <nd ref="172615754"/>
    <tag k="highway" v="tertiary"/>
    <tag k="lanes" v="2"/>
    <tag k="name" v="Queens Road West"/>
    <tag k="oneway" v="yes"/>
    <tag k="sidewalk:left" v="no"/>
    <tag k="sidewalk:right" v="separate"/>
    <tag k="surface" v="asphalt"/>
  </way>
  <way id="552722595">
    <nd ref="5336113457"/>
    <nd ref="10700342689"/>
    <nd ref="5336113458"/>
    <nd ref="5336113461"/>
    <nd ref="10295355367"/>
    <nd ref="10295355366"/>
    <nd ref="5336113462"/>
    <nd ref="5336113463"/>
    <nd ref="5336113464"/>
    <tag k="highway" v="secondary_link"/>
    <tag k="lanes" v="1"/>
    <tag k="oneway" v="yes"/>
    <tag k="surface" v="asphalt"/>
  </way>
  <way id="576256765">
    <nd ref="9183497985"/>
    <nd ref="9183497993"/>
    <nd ref="9183497992"/>
    <nd ref="9183498030"/>
    <nd ref="9183497990"/>
    <nd ref="9183497984"/>
    <nd ref="9183498014"/>
    <nd ref="9183497983"/>
    <nd ref="10984683031"/>
    <tag k="highway" v="secondary"/>
    <tag k="lanes" v="4"/>
    <tag k="name" v="South Kings Drive"/>
    <tag k="oneway" v="yes"/>
    <tag k="sidewalk:left" v="no"/>
    <tag k="sidewalk:right" v="separate"/>
    <tag k="surface" v="asphalt"/>
  </way>
  <way id="576256768">
    <nd ref="2249346545"/>
    <nd ref="9183475487"/>
    <tag k="HFCS" v="Urban Minor Arterial"/>
    <tag k="highway" v="secondary"/>
    <tag k="lanes" v="2"/>
    <tag k="layer" v="1"/>
    <tag k="name" v="East Morehead Street"/>
    <tag k="oneway" v="yes"/>
    <tag k="sidewalk:left" v="no"/>
    <tag k="sidewalk:right" v="separate"/>
    <tag k="tiger:cfcc" v="A41"/>
    <tag k="tiger:county" v="Mecklenburg, NC"/>
    <tag k="tiger:name_base" v="Morehead"/>
    <tag k="tiger:name_direction_prefix" v="E"/>
    <tag k="tiger:name_type" v="St"/>
    <tag k="tiger:reviewed" v="no"/>
    <tag k="tiger:zip_left" v="28207"/>
    <tag k="tiger:zip_right" v="28207"/>
    <tag k="unsigned_ref" v="SR 3815"/>
  </way>
  <way id="576256773">
    <nd ref="12761743352"/>
    <nd ref="9183498046"/>
    <nd ref="5527450614"/>
    <nd ref="5527451023"/>
    <nd ref="9183498031"/>
    <nd ref="9183497994"/>
    <nd ref="9183497995"/>
    <nd ref="9183497996"/>
    <nd ref="9183497997"/>
    <nd ref="9183497985"/>
    <tag k="highway" v="secondary"/>
    <tag k="lanes" v="3"/>
    <tag k="name" v="South Kings Drive"/>
    <tag k="oneway" v="yes"/>
    <tag k="surface" v="asphalt"/>
    <tag k="turn:lanes" v="left|none|none"/>
  </way>
  <way id="576256784">
    <nd ref="9183497985"/>
    <nd ref="9183497989"/>
    <nd ref="9183498028"/>
    <nd ref="9183497988"/>
    <nd ref="9183497987"/>
    <nd ref="9183497986"/>
    <nd ref="172281588"/>
    <nd ref="9183497599"/>
    <nd ref="10949809190"/>
    <nd ref="3305080033"/>
    <tag k="highway" v="tertiary"/>
    <tag k="lanes" v="4"/>
    <tag k="name" v="South Kings Drive"/>
    <tag k="sidewalk:both" v="separate"/>
    <tag k="surface" v="asphalt"/>
  </way>
  <way id="576256787">
    <nd ref="9183497995"/>
    <nd ref="2249349971"/>
    <nd ref="9183498033"/>
    <nd ref="5527450609"/>
    <nd ref="9183498040"/>
    <nd ref="2249346548"/>
    <tag k="HFCS" v="Urban Minor Arterial"/>
    <tag k="highway" v="secondary"/>
    <tag k="lanes" v="2"/>
    <tag k="name" v="East Morehead Street"/>
    <tag k="oneway" v="yes"/>
    <tag k="sidewalk:left" v="no"/>
    <tag k="sidewalk:right" v="separate"/>
    <tag k="tiger:cfcc" v="A41"/>
    <tag k="tiger:county" v="Mecklenburg, NC"/>
    <tag k="tiger:name_base" v="Morehead"/>
    <tag k="tiger:name_direction_prefix" v="E"/>
    <tag k="tiger:name_type" v="St"/>
    <tag k="tiger:reviewed" v="no"/>
    <tag k="tiger:zip_left" v="28207"/>
    <tag k="tiger:zip_right" v="28207"/>
    <tag k="unsigned_ref" v="SR 3815"/>
  </way>
  <way id="597564033">
    <nd ref="5689366708"/>
    <nd ref="5689366709"/>
    <nd ref="5689366710"/>
    <nd ref="5689366711"/>
    <nd ref="5689366712"/>
    <nd ref="5689366694"/>
    <nd ref="5689366695"/>
    <nd ref="5689366696"/>
    <nd ref="5689366697"/>
    <nd ref="5689366698"/>
    <nd ref="5689366704"/>
    <nd ref="5689366705"/>
    <nd ref="5689366706"/>
    <nd ref="5689366707"/>
    <nd ref="5689366699"/>
    <nd ref="5689366700"/>
    <nd ref="5689366714"/>
    <nd ref="5689366701"/>
    <nd ref="5689366702"/>
    <nd ref="5689366703"/>
    <nd ref="5689366708"/>
    <tag k="highway" v="residential"/>
    <tag k="lanes" v="1"/>
    <tag k="name" v="Stone Orchard Place"/>
    <tag k="oneway" v="yes"/>
    <tag k="surface" v="asphalt"/>
  </way>
  <way id="597564035">
    <nd ref="5689366848"/>
    <nd ref="5689366849"/>
    <nd ref="5689366850"/>
    <nd ref="5689366851"/>
    <nd ref="5689366852"/>
    <nd ref="5689366853"/>
    <nd ref="5689366835"/>
    <nd ref="5689366836"/>
    <nd ref="5689366837"/>
    <nd ref="5689366838"/>
    <nd ref="5689366854"/>
    <nd ref="5689366843"/>
    <nd ref="5689366844"/>
    <nd ref="5689366845"/>
    <nd ref="5689366846"/>
    <nd ref="5689366847"/>
    <nd ref="5689366839"/>
    <nd ref="5689366840"/>
    <nd ref="5689366841"/>
    <nd ref="5689366842"/>
    <nd ref="5689366848"/>
    <tag k="highway" v="residential"/>
    <tag k="lanes" v="1"/>
    <tag k="name" v="Clayfield Court"/>
    <tag k="oneway" v="yes"/>
    <tag k="surface" v="asphalt"/>
  </way>
  <way id="611101068">
    <nd ref="172544013"/>
    <nd ref="5786521078"/>
    <nd ref="5786521079"/>
    <nd ref="5786521080"/>
    <nd ref="5786521081"/>
    <nd ref="5786521082"/>
    <nd ref="5786521083"/>
    <tag k="highway" v="residential"/>
  </way>
  <way id="630060613">
    <nd ref="172167468"/>
    <nd ref="11076318820"/>
    <nd ref="13119851164"/>
    <nd ref="13119851161"/>
    <nd ref="2401687284"/>
    <nd ref="13501178668"/>
    <nd ref="13501178670"/>
    <nd ref="13501178663"/>
    <nd ref="11076318738"/>
    <nd ref="172224735"/>
    <nd ref="11076318734"/>
    <nd ref="172224737"/>
    <nd ref="13502631098"/>
    <nd ref="172224739"/>
    <nd ref="13502631103"/>
    <nd ref="172224741"/>
    <nd ref="13502631096"/>
    <nd ref="172224743"/>
    <nd ref="13502631106"/>
    <nd ref="13502631090"/>
    <nd ref="172224745"/>
    <nd ref="13502631109"/>
    <nd ref="13502631093"/>
    <nd ref="172224747"/>
    <nd ref="13502631112"/>
    <nd ref="13502631086"/>
    <nd ref="172224749"/>
    <nd ref="12338036152"/>
    <nd ref="172224751"/>
    <nd ref="12338036151"/>
    <nd ref="172224753"/>
    <nd ref="13502631049"/>
    <nd ref="172224755"/>
    <nd ref="13502631042"/>
    <nd ref="13502631137"/>
    <nd ref="172224756"/>
    <nd ref="13502630984"/>
    <nd ref="13502631134"/>
    <nd ref="13502630981"/>
    <nd ref="13502631143"/>
    <nd ref="11076318134"/>
    <nd ref="172182753"/>
    <nd ref="11076318136"/>
    <nd ref="13502630900"/>
    <nd ref="13502630904"/>
    <nd ref="13502630889"/>
    <nd ref="13502630907"/>
    <nd ref="13502630910"/>
    <nd ref="13502630885"/>
    <nd ref="13502630915"/>
    <nd ref="13502630918"/>
    <nd ref="172224757"/>
    <nd ref="13502630819"/>
    <nd ref="172221447"/>
    <nd ref="13502630816"/>
    <nd ref="172224758"/>
    <nd ref="13502630813"/>
    <nd ref="172224759"/>
    <nd ref="172224760"/>
    <nd ref="13502630803"/>
    <nd ref="172224761"/>
    <nd ref="13502630795"/>
    <nd ref="13502630793"/>
    <nd ref="172224762"/>
    <nd ref="13502630780"/>
    <nd ref="13502630786"/>
    <nd ref="172192160"/>
    <nd ref="13502630771"/>
    <nd ref="13246801098"/>
    <nd ref="13246801101"/>
    <nd ref="172224763"/>
    <nd ref="11076318184"/>
    <nd ref="172224764"/>
    <tag k="highway" v="residential"/>
    <tag k="lanes" v="2"/>
    <tag k="maxspeed" v="25 mph"/>
    <tag k="name" v="Dilworth Road West"/>
    <tag k="surface" v="asphalt"/>
  </way>
  <way id="637791518">
    <nd ref="172892198"/>
    <nd ref="6012224781"/>
    <nd ref="6012224780"/>
    <nd ref="6012224779"/>
    <nd ref="6012224778"/>
    <nd ref="172891789"/>
    <tag k="highway" v="secondary_link"/>
    <tag k="lanes" v="1"/>
    <tag k="oneway" v="yes"/>
    <tag k="turn:lanes" v="right"/>
  </way>
  <way id="637791520">
    <nd ref="6012228185"/>
    <nd ref="172463925"/>
    <tag k="highway" v="secondary_link"/>
  </way>
  <way id="648248442">
    <nd ref="172575632"/>
    <nd ref="13032619958"/>
    <nd ref="13032619970"/>
    <nd ref="8156504676"/>
    <nd ref="9625713951"/>
    <tag k="highway" v="secondary"/>
    <tag k="lanes" v="2"/>
    <tag k="maxspeed" v="30 mph"/>
    <tag k="name" v="Scott Avenue"/>
    <tag k="oneway" v="yes"/>
    <tag k="sidewalk:both" v="separate"/>
  </way>
  <way id="648248443">
    <nd ref="172167557"/>
    <nd ref="13340866333"/>
    <nd ref="12752839595"/>
    <nd ref="11078074318"/>
    <nd ref="172167554"/>
    <nd ref="172167551"/>
    <nd ref="172167548"/>
    <nd ref="172167546"/>
    <nd ref="172167542"/>
    <nd ref="12752839578"/>
    <nd ref="8157026522"/>
    <nd ref="172167539"/>
    <nd ref="172167536"/>
    <nd ref="172167533"/>
    <nd ref="172167530"/>
    <nd ref="172167527"/>
    <nd ref="172167523"/>
    <nd ref="172167518"/>
    <nd ref="172167516"/>
    <nd ref="11078074292"/>
    <nd ref="13340866176"/>
    <nd ref="10056027596"/>
    <nd ref="172167513"/>
    <nd ref="10056027605"/>
    <nd ref="8165877566"/>
    <nd ref="8165877561"/>
    <nd ref="172167507"/>
    <nd ref="8007486558"/>
    <nd ref="11743264599"/>
    <nd ref="11743255537"/>
    <nd ref="6776939919"/>
    <nd ref="8011311789"/>
    <nd ref="8011311794"/>
    <nd ref="172167504"/>
    <nd ref="10279567454"/>
    <nd ref="7008289659"/>
    <nd ref="172167501"/>
    <nd ref="172167499"/>
    <nd ref="6776939911"/>
    <nd ref="172167496"/>
    <nd ref="7908616548"/>
    <nd ref="7008289662"/>
    <nd ref="11076318319"/>
    <nd ref="172167494"/>
    <tag k="access" v="yes"/>
    <tag k="cycleway" v="lane"/>
    <tag k="cycleway:both" v="lane"/>
    <tag k="highway" v="tertiary"/>
    <tag k="name" v="East Boulevard"/>
    <tag k="sidewalk:both" v="separate"/>
  </way>
  <way id="648248445">
    <nd ref="3298628130"/>
    <nd ref="172167581"/>
    <tag k="highway" v="tertiary"/>
    <tag k="lanes" v="4"/>
    <tag k="name" v="South Kings Drive"/>
    <tag k="surface" v="asphalt"/>
  </way>
  <way id="648248446">
    <nd ref="5527451026"/>
    <nd ref="7993809404"/>
    <nd ref="5527451025"/>
    <nd ref="9183498032"/>
    <nd ref="9183497985"/>
    <tag k="HFCS" v="Urban Minor Arterial"/>
    <tag k="highway" v="secondary"/>
    <tag k="lanes" v="3"/>
    <tag k="name" v="East Morehead Street"/>
    <tag k="oneway" v="yes"/>
    <tag k="sidewalk:left" v="no"/>
    <tag k="sidewalk:right" v="separate"/>
    <tag k="tiger:cfcc" v="A41"/>
    <tag k="tiger:county" v="Mecklenburg, NC"/>
    <tag k="tiger:name_base" v="Morehead"/>
    <tag k="tiger:name_direction_prefix" v="E"/>
    <tag k="tiger:name_type" v="St"/>
    <tag k="tiger:reviewed" v="no"/>
    <tag k="tiger:zip_left" v="28207"/>
    <tag k="tiger:zip_right" v="28207"/>
    <tag k="turn:lanes" v="left|none|none"/>
    <tag k="unsigned_ref" v="SR 3815"/>
  </way>
  <way id="648281500">
    <nd ref="172891789"/>
    <nd ref="172891785"/>
    <nd ref="11076337633"/>
    <nd ref="172463935"/>
    <tag k="HFCS" v="Urban Minor Arterial"/>
    <tag k="highway" v="secondary"/>
    <tag k="name" v="Park Road"/>
    <tag k="unsigned_ref" v="SR 3687"/>
  </way>
  <way id="648281501">
    <nd ref="172463935"/>
    <nd ref="11076337634"/>
    <nd ref="172892202"/>
    <nd ref="172892200"/>
    <nd ref="172892198"/>
    <tag k="cycleway:both" v="lane"/>
    <tag k="highway" v="tertiary"/>
    <tag k="name" v="Park Road"/>
  </way>
  <way id="648281502">
    <nd ref="172167460"/>
    <nd ref="11076318707"/>
    <nd ref="7814358435"/>
    <nd ref="7814358432"/>
    <nd ref="172167454"/>
    <nd ref="11076318782"/>
    <nd ref="172167451"/>
    <tag k="access" v="yes"/>
    <tag k="cycleway" v="lane"/>
    <tag k="cycleway:both" v="lane"/>
    <tag k="highway" v="tertiary"/>
    <tag k="maxspeed" v="25 mph"/>
    <tag k="name" v="East Boulevard"/>
  </way>
  <way id="648281503">
    <nd ref="172167460"/>
    <nd ref="11076318768"/>
    <nd ref="1966095981"/>
    <nd ref="172892250"/>
    <nd ref="13345733278"/>
    <nd ref="11076318712"/>
    <nd ref="172737481"/>
    <nd ref="11076318714"/>
    <nd ref="7814366397"/>
    <nd ref="13501178652"/>
    <nd ref="13502938024"/>
    <nd ref="13502928688"/>
    <nd ref="13502938021"/>
    <nd ref="13502928685"/>
    <nd ref="13502938018"/>
    <nd ref="13502928682"/>
    <nd ref="13502938015"/>
    <nd ref="13502928679"/>
    <nd ref="172892254"/>
    <nd ref="13502928672"/>
    <nd ref="13502938006"/>
    <nd ref="172892259"/>
    <tag k="hgv" v="permit"/>
    <tag k="highway" v="residential"/>
    <tag k="name" v="Park Road"/>
  </way>
  <way id="749394939">
    <nd ref="172598917"/>
    <nd ref="7007989153"/>
    <nd ref="13119851052"/>
    <nd ref="7007989165"/>
    <nd ref="7007989172"/>
    <nd ref="172892194"/>
    <nd ref="10912503660"/>
    <nd ref="6480069542"/>
    <nd ref="172892192"/>
    <nd ref="7007989113"/>
    <nd ref="13119850966"/>
    <nd ref="5814065669"/>
    <nd ref="172296636"/>
    <nd ref="172762910"/>
    <nd ref="7756393837"/>
    <nd ref="5814065655"/>
    <nd ref="12338043613"/>
    <nd ref="12338043601"/>
    <nd ref="10912544923"/>
    <nd ref="12338036182"/>
    <nd ref="5814065658"/>
    <nd ref="12338036192"/>
    <nd ref="12338036198"/>
    <nd ref="10912591943"/>
    <nd ref="12338036174"/>
    <nd ref="7081468507"/>
    <nd ref="12338036167"/>
    <nd ref="172182708"/>
    <tag k="cycleway" v="lane"/>
    <tag k="cycleway:both" v="lane"/>
    <tag k="highway" v="tertiary"/>
    <tag k="lanes" v="3"/>
    <tag k="maxspeed" v="25 mph"/>
    <tag k="name" v="Park Road"/>
    <tag k="surface" v="asphalt"/>
  </way>
  <way id="749394949">
    <nd ref="172638386"/>
    <nd ref="11076319131"/>
    <nd ref="7007989174"/>
    <nd ref="7007989175"/>
    <nd ref="7007989176"/>
    <nd ref="7007989177"/>
    <nd ref="7007989178"/>
    <nd ref="7007989179"/>
    <nd ref="7007989180"/>
    <nd ref="7007989181"/>
    <nd ref="7007989182"/>
    <nd ref="7007989183"/>
    <nd ref="7007989184"/>
    <nd ref="11076319132"/>
    <nd ref="11076319133"/>
    <nd ref="172638393"/>
    <tag k="highway" v="residential"/>
  </way>
  <way id="749424129">
    <nd ref="7008207764"/>
    <nd ref="13119850863"/>
    <nd ref="13066975354"/>
    <nd ref="11076318788"/>
    <nd ref="172167460"/>
    <tag k="access" v="yes"/>
    <tag k="cycleway" v="lane"/>
    <tag k="cycleway:both" v="lane"/>
    <tag k="highway" v="tertiary"/>
    <tag k="maxspeed" v="25 mph"/>
    <tag k="name" v="East Boulevard"/>
  </way>
  <way id="785787037">
    <nd ref="172167490"/>
    <nd ref="11076318301"/>
    <nd ref="172463889"/>
    <nd ref="8007748320"/>
    <nd ref="8007748326"/>
    <nd ref="8007748325"/>
    <nd ref="5794929871"/>
    <nd ref="5794929882"/>
    <nd ref="13246800668"/>
    <nd ref="172182784"/>
    <nd ref="13246800671"/>
    <nd ref="13246800678"/>
    <nd ref="172463892"/>
    <nd ref="172463894"/>
    <nd ref="13246800685"/>
    <nd ref="13246800688"/>
    <nd ref="13246800691"/>
    <nd ref="172463896"/>
    <nd ref="12049644843"/>
    <nd ref="13246800694"/>
    <nd ref="172463898"/>
    <nd ref="13246800697"/>
    <nd ref="13246800700"/>
    <nd ref="13246800703"/>
    <nd ref="13246800706"/>
    <nd ref="172463899"/>
    <nd ref="13246800650"/>
    <nd ref="13246800641"/>
    <nd ref="172463903"/>
    <nd ref="172296667"/>
    <tag k="cycleway:right" v="lane"/>
    <tag k="highway" v="secondary"/>
    <tag k="lanes" v="2"/>
    <tag k="name" v="Kenilworth Avenue"/>
    <tag k="oneway" v="yes"/>
    <tag k="turn:lanes" v="through|through"/>
  </way>
  <way id="785787038">
    <nd ref="172481881"/>
    <nd ref="13067147793"/>
    <nd ref="13067147791"/>
    <nd ref="11076318394"/>
    <nd ref="172463877"/>
    <tag k="highway" v="residential"/>
    <tag k="name" v="Buchanan Street"/>
    <tag k="oneway" v="no"/>
    <tag k="tiger:cfcc" v="A41"/>
    <tag k="tiger:county" v="Mecklenburg, NC"/>
    <tag k="tiger:name_base" v="Buchanan"/>
    <tag k="tiger:name_type" v="St"/>
    <tag k="tiger:reviewed" v="no"/>
    <tag k="tiger:zip_left" v="28203"/>
    <tag k="tiger:zip_right" v="28203"/>
  </way>
  <way id="796881753">
    <nd ref="172170130"/>
    <nd ref="172170133"/>
    <tag k="highway" v="residential"/>
    <tag k="lanes" v="2"/>
    <tag k="maxspeed" v="25 mph"/>
    <tag k="name" v="Romany Road"/>
    <tag k="surface" v="asphalt"/>
  </way>
  <way id="796881754">
    <nd ref="172170130"/>
    <nd ref="10295355365"/>
    <nd ref="10699904521"/>
    <nd ref="5336113464"/>
    <tag k="highway" v="secondary"/>
    <tag k="name" v="Kenilworth Avenue"/>
    <tag k="oneway" v="yes"/>
    <tag k="sidewalk:left" v="no"/>
    <tag k="sidewalk:right" v="separate"/>
  </way>
  <way id="796881755">
    <nd ref="5336113464"/>
    <nd ref="10700342664"/>
    <nd ref="10295355384"/>
    <nd ref="6989351105"/>
    <nd ref="13067147858"/>
    <nd ref="13067147860"/>
    <nd ref="13067147851"/>
    <nd ref="13067147848"/>
    <nd ref="13067147849"/>
    <nd ref="8156504669"/>
    <nd ref="13067147846"/>
    <nd ref="13067147844"/>
    <nd ref="11076318407"/>
    <nd ref="172463871"/>
    <nd ref="11076318409"/>
    <nd ref="6989351106"/>
    <nd ref="13067147804"/>
    <nd ref="172463877"/>
    <tag k="highway" v="secondary"/>
    <tag k="maxspeed" v="30 mph"/>
    <tag k="name" v="Kenilworth Avenue"/>
    <tag k="oneway" v="yes"/>
    <tag k="sidewalk:both" v="separate"/>
  </way>
  <way id="796881756">
    <nd ref="5336113457"/>
    <nd ref="10699904520"/>
    <nd ref="10295355364"/>
    <nd ref="172170133"/>
    <tag k="highway" v="secondary"/>
    <tag k="name" v="Scott Avenue"/>
    <tag k="oneway" v="yes"/>
    <tag k="sidewalk:left" v="no"/>
    <tag k="sidewalk:right" v="separate"/>
  </way>
  <way id="796881757">
    <nd ref="172170133"/>
    <nd ref="10295355424"/>
    <nd ref="172170136"/>
    <nd ref="10021412830"/>
    <nd ref="10030299790"/>
    <nd ref="9873355483"/>
    <nd ref="172170142"/>
    <nd ref="10030299785"/>
    <nd ref="172170145"/>
    <nd ref="172170148"/>
    <nd ref="172170151"/>
    <nd ref="172170154"/>
    <nd ref="172170157"/>
    <nd ref="172170160"/>
    <tag k="highway" v="residential"/>
    <tag k="lanes" v="2"/>
    <tag k="maxspeed" v="25 mph"/>
    <tag k="name" v="Romany Road"/>
    <tag k="sidewalk" v="separate"/>
    <tag k="surface" v="asphalt"/>
  </way>
  <way id="796881758">
    <nd ref="172170133"/>
    <nd ref="9864454659"/>
    <nd ref="10699904499"/>
    <nd ref="172464079"/>
    <nd ref="9913855991"/>
    <nd ref="9913855998"/>
    <nd ref="9913855999"/>
    <nd ref="2470636226"/>
    <tag k="cycleway:right" v="lane"/>
    <tag k="highway" v="secondary"/>
    <tag k="name" v="Kenilworth Avenue"/>
    <tag k="oneway" v="yes"/>
    <tag k="sidewalk:left" v="no"/>
    <tag k="sidewalk:right" v="separate"/>
  </way>
  <way id="812719484">
    <nd ref="172709254"/>
    <nd ref="7591021931"/>
    <nd ref="7591021930"/>
    <nd ref="7591021929"/>
    <nd ref="7591021928"/>
    <nd ref="7591021927"/>
    <nd ref="7591021926"/>
    <nd ref="7591021925"/>
    <nd ref="7591021924"/>
    <nd ref="7591021923"/>
    <nd ref="7591021922"/>
    <nd ref="7591021921"/>
    <nd ref="7591021920"/>
    <nd ref="7591021932"/>
    <nd ref="172319028"/>
    <tag k="highway" v="residential"/>
    <tag k="name" v="Habersham Drive"/>
    <tag k="oneway" v="yes"/>
  </way>
  <way id="812719485">
    <nd ref="7591021927"/>
    <nd ref="7591021934"/>
    <tag k="highway" v="residential"/>
  </way>
  <way id="868882366">
    <nd ref="172731397"/>
    <nd ref="11126535099"/>
    <nd ref="172731399"/>
    <nd ref="172731400"/>
    <nd ref="172731402"/>
    <nd ref="172731404"/>
    <nd ref="172731406"/>
    <nd ref="11126535104"/>
    <nd ref="172638414"/>
    <nd ref="11126535108"/>
    <nd ref="172731408"/>
    <nd ref="11078073133"/>
    <nd ref="172319025"/>
    <nd ref="11078073181"/>
    <nd ref="172731411"/>
    <nd ref="172731414"/>
    <nd ref="172731417"/>
    <nd ref="172731419"/>
    <nd ref="172731421"/>
    <nd ref="172731424"/>
    <nd ref="172731425"/>
    <nd ref="172731427"/>
    <nd ref="172731428"/>
    <nd ref="172731430"/>
    <nd ref="172429787"/>
    <nd ref="172731433"/>
    <nd ref="172731436"/>
    <nd ref="10869885462"/>
    <nd ref="172731438"/>
    <nd ref="10869885463"/>
    <nd ref="172731440"/>
    <nd ref="10869885464"/>
    <nd ref="172731442"/>
    <nd ref="10869885465"/>
    <nd ref="10869885466"/>
    <nd ref="172731444"/>
    <nd ref="10869885467"/>
    <nd ref="10869885498"/>
    <nd ref="10869885504"/>
    <nd ref="10869885497"/>
    <nd ref="10869885468"/>
    <nd ref="172709248"/>
    <tag k="hgv" v="permit"/>
    <tag k="highway" v="residential"/>
    <tag k="lanes" v="2"/>
    <tag k="maxspeed" v="25 mph"/>
    <tag k="name" v="Poindexter Drive"/>
    <tag k="surface" v="asphalt"/>
  </way>
  <way id="868882367">
    <nd ref="172731388"/>
    <nd ref="172731390"/>
    <nd ref="172731391"/>
    <nd ref="172731397"/>
    <tag k="hgv" v="permit"/>
    <tag k="highway" v="residential"/>
    <tag k="lanes" v="2"/>
    <tag k="maxspeed" v="25 mph"/>
    <tag k="name" v="Poindexter Drive"/>
    <tag k="surface" v="asphalt"/>
  </way>
  <way id="868882369">
    <nd ref="2612402698"/>
    <nd ref="2612402831"/>
    <nd ref="172830799"/>
    <nd ref="2612402830"/>
    <nd ref="2612402813"/>
    <nd ref="12749006761"/>
    <nd ref="4209805709"/>
    <nd ref="4209805711"/>
    <nd ref="2612402828"/>
    <tag k="highway" v="residential"/>
    <tag k="lanes" v="2"/>
    <tag k="maxspeed" v="25 mph"/>
    <tag k="name" v="Elmhurst Road"/>
    <tag k="surface" v="asphalt"/>
  </way>
  <way id="868882372">
    <nd ref="693757742"/>
    <nd ref="2612402835"/>
    <nd ref="172598878"/>
    <nd ref="172598879"/>
    <nd ref="172598881"/>
    <nd ref="172598884"/>
    <nd ref="172598887"/>
    <nd ref="172598892"/>
    <nd ref="2625122951"/>
    <nd ref="172598895"/>
    <nd ref="172598898"/>
    <nd ref="172598900"/>
    <nd ref="2625122929"/>
    <nd ref="2625122925"/>
    <nd ref="2625122928"/>
    <nd ref="172598902"/>
    <nd ref="172598903"/>
    <nd ref="172598904"/>
    <nd ref="172598905"/>
    <nd ref="11076317939"/>
    <nd ref="172598906"/>
    <nd ref="172598907"/>
    <nd ref="172598908"/>
    <nd ref="11223702178"/>
    <nd ref="11076317940"/>
    <nd ref="172598911"/>
    <nd ref="11223702176"/>
    <nd ref="172598914"/>
    <nd ref="10912503681"/>
    <nd ref="172598917"/>
    <tag k="highway" v="residential"/>
    <tag k="lanes" v="2"/>
    <tag k="maxspeed" v="25 mph"/>
    <tag k="name" v="McDonald Avenue"/>
    <tag k="surface" v="asphalt"/>
  </way>
  <way id="868882373">
    <nd ref="8098771180"/>
    <nd ref="13502954708"/>
    <nd ref="13502631271"/>
    <nd ref="172892190"/>
    <nd ref="13502954705"/>
    <nd ref="13502631269"/>
    <nd ref="13502954702"/>
    <nd ref="7081468516"/>
    <nd ref="13502877191"/>
    <nd ref="13502877179"/>
    <nd ref="7081468522"/>
    <nd ref="13502877171"/>
    <nd ref="13502631264"/>
    <nd ref="11076317855"/>
    <nd ref="172456491"/>
    <nd ref="11076317825"/>
    <nd ref="7081468523"/>
    <nd ref="7081468530"/>
    <nd ref="172892188"/>
    <nd ref="13502928668"/>
    <nd ref="9217388182"/>
    <nd ref="9217388202"/>
    <tag k="cycleway" v="lane"/>
    <tag k="cycleway:both" v="lane"/>
    <tag k="hgv" v="permit"/>
    <tag k="highway" v="tertiary"/>
    <tag k="lanes" v="2"/>
    <tag k="maxspeed" v="25 mph"/>
    <tag k="name" v="Park Road"/>
    <tag k="sidewalk:both" v="separate"/>
    <tag k="surface" v="asphalt"/>
  </way>
  <way id="868882374">
    <nd ref="172182708"/>
    <nd ref="12338036166"/>
    <nd ref="172182711"/>
    <nd ref="172182714"/>
    <nd ref="13502631246"/>
    <nd ref="172182718"/>
    <nd ref="172182721"/>
    <nd ref="13502631244"/>
    <nd ref="172182724"/>
    <nd ref="13502631169"/>
    <nd ref="172182727"/>
    <nd ref="13502631166"/>
    <nd ref="13502631164"/>
    <nd ref="13502631162"/>
    <nd ref="172182734"/>
    <nd ref="13502631172"/>
    <nd ref="172182737"/>
    <nd ref="13502631155"/>
    <nd ref="172182740"/>
    <nd ref="172182743"/>
    <nd ref="172182746"/>
    <nd ref="172182749"/>
    <nd ref="11076318135"/>
    <nd ref="172182753"/>
    <nd ref="172182756"/>
    <nd ref="13502631150"/>
    <nd ref="172182759"/>
    <nd ref="13502630927"/>
    <nd ref="13502630978"/>
    <nd ref="13502630931"/>
    <nd ref="172182762"/>
    <nd ref="13502630936"/>
    <nd ref="13502630940"/>
    <nd ref="13502630938"/>
    <nd ref="13502630944"/>
    <nd ref="13502630943"/>
    <nd ref="172182764"/>
    <nd ref="13502630946"/>
    <nd ref="172182767"/>
    <nd ref="172182768"/>
    <nd ref="13502630948"/>
    <nd ref="13502630950"/>
    <nd ref="172182770"/>
    <nd ref="11076318157"/>
    <nd ref="172182772"/>
    <tag k="hgv" v="permit"/>
    <tag k="highway" v="residential"/>
    <tag k="lanes" v="2"/>
    <tag k="maxspeed" v="25 mph"/>
    <tag k="name" v="Ideal Way"/>
    <tag k="surface" v="asphalt"/>
  </way>
  <way id="868882375">
    <nd ref="172182708"/>
    <nd ref="12338036162"/>
    <nd ref="13502954713"/>
    <nd ref="13502954711"/>
    <nd ref="8098771180"/>
    <tag k="cycleway" v="lane"/>
    <tag k="cycleway:both" v="lane"/>
    <tag k="hgv" v="permit"/>
    <tag k="highway" v="tertiary"/>
    <tag k="lanes" v="3"/>
    <tag k="maxspeed" v="25 mph"/>
    <tag k="name" v="Park Road"/>
    <tag k="sidewalk:both" v="separate"/>
    <tag k="surface" v="asphalt"/>
  </way>
  <way id="868882376">
    <nd ref="7007989143"/>
    <nd ref="11223702206"/>
    <nd ref="11223702200"/>
    <nd ref="7007989144"/>
    <nd ref="172598917"/>
    <tag k="cycleway" v="lane"/>
    <tag k="cycleway:both" v="lane"/>
    <tag k="highway" v="tertiary"/>
    <tag k="lanes" v="3"/>
    <tag k="maxspeed" v="25 mph"/>
    <tag k="name" v="Park Road"/>
    <tag k="surface" v="asphalt"/>
  </way>
  <way id="868882377">
    <nd ref="172182772"/>
    <nd ref="172182774"/>
    <nd ref="11076318917"/>
    <nd ref="172182776"/>
    <nd ref="13502629485"/>
    <nd ref="13502629479"/>
    <nd ref="13502629477"/>
    <nd ref="172182778"/>
    <nd ref="13502629467"/>
    <nd ref="13502629469"/>
    <nd ref="13502629460"/>
    <nd ref="13502629453"/>
    <nd ref="11076318164"/>
    <nd ref="172182780"/>
    <nd ref="11076318179"/>
    <nd ref="172182782"/>
    <nd ref="12049644839"/>
    <nd ref="172182784"/>
    <tag k="highway" v="residential"/>
    <tag k="lanes" v="2"/>
    <tag k="maxspeed" v="25 mph"/>
    <tag k="name" v="Ideal Way"/>
    <tag k="surface" v="asphalt"/>
  </way>
  <way id="874919523">
    <nd ref="172534472"/>
    <nd ref="11078073502"/>
    <nd ref="172534473"/>
    <nd ref="172534475"/>
    <nd ref="7008118298"/>
    <nd ref="172534478"/>
    <nd ref="13481138308"/>
    <nd ref="172308677"/>
    <nd ref="172534484"/>
    <nd ref="172534487"/>
    <tag k="hgv" v="permit"/>
    <tag k="highway" v="residential"/>
    <tag k="name" v="Lilac Road"/>
  </way>
  <way id="874919524">
    <nd ref="172203776"/>
    <nd ref="13481138722"/>
    <nd ref="13481138724"/>
    <nd ref="13481138304"/>
    <nd ref="13481138736"/>
    <nd ref="13481138726"/>
    <nd ref="172203779"/>
    <nd ref="11078073510"/>
    <nd ref="6989325199"/>
    <nd ref="172203785"/>
    <nd ref="6989325200"/>
    <nd ref="13500886276"/>
    <nd ref="13500886284"/>
    <nd ref="13500886291"/>
    <nd ref="13500886293"/>
    <nd ref="172203787"/>
    <nd ref="172203789"/>
    <tag k="hgv" v="permit"/>
    <tag k="highway" v="residential"/>
    <tag k="name" v="Cumberland Avenue"/>
  </way>
  <way id="874919525">
    <nd ref="172737464"/>
    <nd ref="8643422229"/>
    <nd ref="13481138388"/>
    <nd ref="13481138390"/>
    <nd ref="172832477"/>
    <nd ref="172832479"/>
    <nd ref="13481138401"/>
    <nd ref="172832482"/>
    <nd ref="13481138448"/>
    <nd ref="13481138492"/>
    <nd ref="172832485"/>
    <tag k="hgv" v="permit"/>
    <tag k="highway" v="residential"/>
    <tag k="name" v="Floral Avenue"/>
    <tag k="sidewalk" v="right"/>
  </way>
  <way id="874919526">
    <nd ref="172167483"/>
    <nd ref="11076318890"/>
    <nd ref="8007748321"/>
    <nd ref="8007458336"/>
    <nd ref="8007748314"/>
    <nd ref="12049644820"/>
    <nd ref="172737508"/>
    <nd ref="12049644831"/>
    <nd ref="12049644827"/>
    <nd ref="11076318178"/>
    <nd ref="172182780"/>
    <nd ref="11076318168"/>
    <nd ref="13502630726"/>
    <nd ref="13502630723"/>
    <nd ref="172762882"/>
    <nd ref="13502630720"/>
    <nd ref="13502630728"/>
    <nd ref="172719156"/>
    <tag k="hgv" v="permit"/>
    <tag k="highway" v="residential"/>
    <tag k="name" v="Charlotte Drive"/>
  </way>
  <way id="874919527">
    <nd ref="172719156"/>
    <nd ref="13502630730"/>
    <nd ref="172762885"/>
    <tag k="hgv" v="permit"/>
    <tag k="highway" v="residential"/>
    <tag k="name" v="Charlotte Drive"/>
  </way>
  <way id="876160388">
    <nd ref="172221432"/>
    <nd ref="13502629500"/>
    <nd ref="13502630830"/>
    <nd ref="13502630869"/>
    <nd ref="172221435"/>
    <nd ref="13502630827"/>
    <nd ref="172221438"/>
    <nd ref="13502630824"/>
    <nd ref="172221441"/>
    <nd ref="13502630847"/>
    <nd ref="172221442"/>
    <nd ref="13502630845"/>
    <nd ref="172221443"/>
    <nd ref="13502630843"/>
    <nd ref="13502630810"/>
    <nd ref="11076337954"/>
    <nd ref="172221445"/>
    <nd ref="172221447"/>
    <tag k="hgv" v="permit"/>
    <tag k="highway" v="residential"/>
    <tag k="lanes" v="2"/>
    <tag k="maxspeed" v="25 mph"/>
    <tag k="name" v="Dilworth Road East"/>
    <tag k="surface" v="asphalt"/>
  </way>
  <way id="926136369">
    <nd ref="9183475487"/>
    <nd ref="5527450619"/>
    <nd ref="9993044228"/>
    <tag k="HFCS" v="Urban Minor Arterial"/>
    <tag k="bridge" v="yes"/>
    <tag k="highway" v="secondary"/>
    <tag k="lanes" v="3"/>
    <tag k="layer" v="1"/>
    <tag k="name" v="East Morehead Street"/>
    <tag k="oneway" v="yes"/>
    <tag k="sidewalk:left" v="no"/>
    <tag k="sidewalk:right" v="separate"/>
    <tag k="tiger:cfcc" v="A41"/>
    <tag k="tiger:county" v="Mecklenburg, NC"/>
    <tag k="tiger:name_base" v="Morehead"/>
    <tag k="tiger:name_direction_prefix" v="E"/>
    <tag k="tiger:name_type" v="St"/>
    <tag k="tiger:reviewed" v="no"/>
    <tag k="tiger:zip_left" v="28207"/>
    <tag k="tiger:zip_right" v="28207"/>
    <tag k="unsigned_ref" v="SR 3815"/>
  </way>
  <way id="931360651">
    <nd ref="172615677"/>
    <nd ref="10869885415"/>
    <nd ref="7010807489"/>
    <nd ref="5689358092"/>
    <nd ref="3291434870"/>
    <nd ref="7565007390"/>
    <nd ref="4799084524"/>
    <nd ref="172891819"/>
    <nd ref="172891817"/>
    <nd ref="172891815"/>
    <nd ref="7171587126"/>
    <nd ref="172709248"/>
    <nd ref="10869885499"/>
    <nd ref="10869885507"/>
    <nd ref="172891813"/>
    <nd ref="10869885469"/>
    <nd ref="10869885470"/>
    <nd ref="172534472"/>
    <nd ref="172891810"/>
    <nd ref="172891807"/>
    <nd ref="7008118304"/>
    <nd ref="172891804"/>
    <nd ref="172318987"/>
    <nd ref="172891801"/>
    <nd ref="1966099057"/>
    <nd ref="172544008"/>
    <nd ref="172323256"/>
    <nd ref="2625122932"/>
    <nd ref="172891797"/>
    <nd ref="172891795"/>
    <nd ref="172891793"/>
    <nd ref="172891791"/>
    <nd ref="172891789"/>
    <tag k="HFCS" v="Urban Minor Arterial"/>
    <tag k="highway" v="secondary"/>
    <tag k="name" v="Park Road"/>
    <tag k="unsigned_ref" v="SR 3687"/>
  </way>
  <way id="969711611">
    <nd ref="2469616510"/>
    <nd ref="11060690432"/>
    <nd ref="11237212713"/>
    <nd ref="172816401"/>
    <nd ref="11237198287"/>
    <nd ref="172816404"/>
    <nd ref="11237198242"/>
    <nd ref="11237198279"/>
    <nd ref="172816410"/>
    <tag k="highway" v="unclassified"/>
    <tag k="name" v="Blythe Boulevard"/>
    <tag k="surface" v="asphalt"/>
  </way>
  <way id="969711612">
    <nd ref="172816410"/>
    <nd ref="172816413"/>
    <tag k="highway" v="unclassified"/>
    <tag k="maxheight" v="14'0&quot;"/>
    <tag k="name" v="Blythe Boulevard"/>
    <tag k="surface" v="asphalt"/>
  </way>
  <way id="993985211">
    <nd ref="2222782429"/>
    <nd ref="9183274601"/>
    <nd ref="9183274618"/>
    <nd ref="9183274600"/>
    <nd ref="9183274599"/>
    <nd ref="9183274598"/>
    <nd ref="9183274597"/>
    <nd ref="9183274605"/>
    <tag k="access" v="yes"/>
    <tag k="cycleway:both" v="lane"/>
    <tag k="cycleway:right" v="lane"/>
    <tag k="highway" v="tertiary"/>
    <tag k="maxweight" v="17 st"/>
    <tag k="maxweight:hgv_articulated" v="24 st"/>
    <tag k="name" v="East Boulevard"/>
    <tag k="oneway" v="yes"/>
    <tag k="sidewalk:left" v="no"/>
    <tag k="sidewalk:right" v="separate"/>
  </way>
  <way id="993985212">
    <nd ref="9183274605"/>
    <nd ref="9183274606"/>
    <nd ref="9183274607"/>
    <nd ref="9183274608"/>
    <nd ref="9183274609"/>
    <nd ref="9183274616"/>
    <nd ref="9183274610"/>
    <nd ref="2222782429"/>
    <tag k="access" v="yes"/>
    <tag k="cycleway:both" v="lane"/>
    <tag k="cycleway:right" v="lane"/>
    <tag k="highway" v="tertiary"/>
    <tag k="maxweight" v="17 st"/>
    <tag k="maxweight:hgv_articulated" v="24 st"/>
    <tag k="name" v="East Boulevard"/>
    <tag k="oneway" v="yes"/>
    <tag k="sidewalk:left" v="no"/>
    <tag k="sidewalk:right" v="separate"/>
  </way>
  <way id="994009682">
    <nd ref="172811803"/>
    <nd ref="2249346545"/>
    <tag k="HFCS" v="Urban Minor Arterial"/>
    <tag k="highway" v="secondary"/>
    <tag k="lanes" v="3"/>
    <tag k="name" v="East Morehead Street"/>
    <tag k="oneway" v="yes"/>
    <tag k="sidewalk:left" v="no"/>
    <tag k="sidewalk:right" v="separate"/>
    <tag k="tiger:cfcc" v="A41"/>
    <tag k="tiger:county" v="Mecklenburg, NC"/>
    <tag k="tiger:name_base" v="Morehead"/>
    <tag k="tiger:name_direction_prefix" v="E"/>
    <tag k="tiger:name_type" v="St"/>
    <tag k="tiger:reviewed" v="no"/>
    <tag k="tiger:zip_left" v="28207"/>
    <tag k="tiger:zip_right" v="28207"/>
    <tag k="turn:lanes" v="left|through|through;right"/>
    <tag k="unsigned_ref" v="SR 3815"/>
  </way>
  <way id="994009726">
    <nd ref="7802498539"/>
    <nd ref="172281565"/>
    <nd ref="5797638488"/>
    <nd ref="7605665160"/>
    <nd ref="172281571"/>
    <nd ref="7605665164"/>
    <nd ref="9183012413"/>
    <nd ref="172281576"/>
    <nd ref="7605665157"/>
    <tag k="highway" v="secondary"/>
    <tag k="lanes" v="4"/>
    <tag k="name" v="South Kings Drive"/>
    <tag k="sidewalk:left" v="separate"/>
    <tag k="sidewalk:right" v="no"/>
    <tag k="surface" v="asphalt"/>
  </way>
  <way id="994009741">
    <nd ref="9183497993"/>
    <nd ref="9183498019"/>
    <nd ref="9183498018"/>
    <nd ref="9183498017"/>
    <nd ref="9183498029"/>
    <nd ref="9183498016"/>
    <nd ref="9183498034"/>
    <nd ref="9183498015"/>
    <nd ref="9183497998"/>
    <nd ref="9183497999"/>
    <nd ref="9183498000"/>
    <nd ref="9183498001"/>
    <nd ref="172595545"/>
    <nd ref="9183498002"/>
    <nd ref="9183498003"/>
    <nd ref="9183498004"/>
    <nd ref="9183498005"/>
    <nd ref="9183498006"/>
    <nd ref="9183498007"/>
    <nd ref="9183498008"/>
    <nd ref="9183498009"/>
    <nd ref="9183498010"/>
    <nd ref="9183498011"/>
    <nd ref="9183498012"/>
    <nd ref="9183498013"/>
    <nd ref="9183498014"/>
    <tag k="highway" v="residential"/>
    <tag k="name" v="Henley Place"/>
    <tag k="oneway" v="yes"/>
  </way>
  <way id="994009742">
    <nd ref="9183498046"/>
    <nd ref="9183498045"/>
    <nd ref="9183498044"/>
    <nd ref="9183498043"/>
    <nd ref="9183498042"/>
    <nd ref="9183498041"/>
    <nd ref="5527450611"/>
    <nd ref="9183498035"/>
    <nd ref="9183498036"/>
    <nd ref="9183498037"/>
    <nd ref="9183498038"/>
    <nd ref="9183498039"/>
    <nd ref="9183498040"/>
    <tag k="highway" v="secondary"/>
    <tag k="lanes" v="1"/>
    <tag k="name" v="South Kings Drive"/>
    <tag k="oneway" v="yes"/>
    <tag k="surface" v="asphalt"/>
  </way>
  <way id="998282058">
    <nd ref="172892259"/>
    <nd ref="9217388186"/>
    <nd ref="9217388189"/>
    <nd ref="9217388188"/>
    <nd ref="9217388187"/>
    <tag k="highway" v="tertiary_link"/>
    <tag k="oneway" v="yes"/>
  </way>
  <way id="998282059">
    <nd ref="9217388196"/>
    <nd ref="9217388195"/>
    <nd ref="9217388194"/>
    <nd ref="9217388193"/>
    <nd ref="9217388192"/>
    <tag k="direction" v="clockwise"/>
    <tag k="highway" v="tertiary"/>
    <tag k="junction" v="roundabout"/>
    <tag k="name" v="Park Road"/>
    <tag k="oneway" v="yes"/>
    <tag k="type" v="roundabout"/>
  </way>
  <way id="1026710638">
    <nd ref="172162840"/>
    <nd ref="11076317624"/>
    <nd ref="7200211235"/>
    <nd ref="7813572742"/>
    <nd ref="1872094198"/>
    <nd ref="11757084448"/>
    <nd ref="11076337880"/>
    <nd ref="172162842"/>
    <nd ref="11076337883"/>
    <nd ref="172162843"/>
    <nd ref="13501178592"/>
    <nd ref="13345733359"/>
    <nd ref="13502938238"/>
    <nd ref="13502938235"/>
    <nd ref="172162845"/>
    <nd ref="11076337913"/>
    <nd ref="172162847"/>
    <nd ref="11076337911"/>
    <nd ref="13503097350"/>
    <nd ref="13503097353"/>
    <nd ref="13503097358"/>
    <nd ref="13503097362"/>
    <nd ref="13503097365"/>
    <nd ref="172162851"/>
    <nd ref="172162852"/>
    <nd ref="13503097369"/>
    <nd ref="13503097377"/>
    <nd ref="13503097380"/>
    <nd ref="13503097383"/>
    <nd ref="172162855"/>
    <nd ref="13503097402"/>
    <nd ref="172162858"/>
    <nd ref="11076337942"/>
    <nd ref="172162861"/>
    <nd ref="172162864"/>
    <nd ref="13503097606"/>
    <nd ref="13503097611"/>
    <nd ref="13503097608"/>
    <nd ref="172162871"/>
    <nd ref="172162874"/>
    <nd ref="172162877"/>
    <tag k="highway" v="residential"/>
    <tag k="name" v="Lyndhurst Avenue"/>
    <tag k="surface" v="asphalt"/>
  </way>
  <way id="1032465835">
    <nd ref="172167451"/>
    <nd ref="11078073528"/>
    <nd ref="8007718780"/>
    <nd ref="1966097118"/>
    <nd ref="13345733283"/>
    <nd ref="11076318778"/>
    <nd ref="172202027"/>
    <nd ref="11076317798"/>
    <nd ref="13501178643"/>
    <nd ref="7814359490"/>
    <nd ref="13502938097"/>
    <nd ref="13502938029"/>
    <nd ref="172202029"/>
    <nd ref="13502938032"/>
    <nd ref="11076317766"/>
    <nd ref="172202031"/>
    <nd ref="11076317767"/>
    <nd ref="13502938115"/>
    <nd ref="13502938074"/>
    <nd ref="13502938071"/>
    <nd ref="13502938172"/>
    <nd ref="172202033"/>
    <nd ref="172202036"/>
    <tag k="highway" v="residential"/>
    <tag k="name" v="Lennox Avenue"/>
  </way>
  <way id="1042959334">
    <nd ref="9599876637"/>
    <nd ref="7007951145"/>
    <nd ref="9599876614"/>
    <nd ref="172811803"/>
    <tag k="HFCS" v="Urban Minor Arterial"/>
    <tag k="bridge" v="yes"/>
    <tag k="highway" v="secondary"/>
    <tag k="lanes" v="2"/>
    <tag k="layer" v="1"/>
    <tag k="name" v="East Morehead Street"/>
    <tag k="oneway" v="yes"/>
    <tag k="sidewalk:left" v="no"/>
    <tag k="sidewalk:right" v="separate"/>
    <tag k="tiger:cfcc" v="A41"/>
    <tag k="tiger:county" v="Mecklenburg, NC"/>
    <tag k="tiger:name_base" v="Morehead"/>
    <tag k="tiger:name_direction_prefix" v="E"/>
    <tag k="tiger:name_type" v="St"/>
    <tag k="tiger:reviewed" v="no"/>
    <tag k="tiger:zip_left" v="28207"/>
    <tag k="tiger:zip_right" v="28207"/>
    <tag k="turn:lanes" v="through|through;right"/>
    <tag k="unsigned_ref" v="SR 3815"/>
  </way>
  <way id="1043372497">
    <nd ref="9602699414"/>
    <nd ref="10916995365"/>
    <nd ref="8309347013"/>
    <nd ref="10916995633"/>
    <nd ref="10916995684"/>
    <nd ref="10916995632"/>
    <nd ref="10916995637"/>
    <nd ref="10916995634"/>
    <nd ref="10916995636"/>
    <nd ref="10916995635"/>
    <nd ref="172167581"/>
    <tag k="highway" v="tertiary"/>
    <tag k="lanes" v="3"/>
    <tag k="name" v="Queens Road West"/>
    <tag k="oneway" v="yes"/>
    <tag k="sidewalk:left" v="no"/>
    <tag k="sidewalk:right" v="separate"/>
    <tag k="surface" v="asphalt"/>
    <tag k="turn:lanes" v="left||"/>
  </way>
  <way id="1046489899">
    <nd ref="172167481"/>
    <nd ref="172221394"/>
    <nd ref="172221396"/>
    <nd ref="13119850815"/>
    <nd ref="172221399"/>
    <nd ref="2401687282"/>
    <nd ref="172221401"/>
    <nd ref="172221402"/>
    <nd ref="11076318932"/>
    <nd ref="172221405"/>
    <nd ref="11076318920"/>
    <nd ref="172221408"/>
    <nd ref="13501178728"/>
    <nd ref="13502630962"/>
    <nd ref="13502630964"/>
    <nd ref="13502630967"/>
    <nd ref="13502630970"/>
    <nd ref="13502630959"/>
    <nd ref="13502630956"/>
    <nd ref="11076318161"/>
    <nd ref="172182772"/>
    <nd ref="172221411"/>
    <nd ref="172221414"/>
    <nd ref="172221416"/>
    <nd ref="13502630880"/>
    <nd ref="13502629487"/>
    <nd ref="172221418"/>
    <nd ref="172221420"/>
    <nd ref="13502629492"/>
    <nd ref="13502630877"/>
    <nd ref="172221422"/>
    <nd ref="172221425"/>
    <nd ref="172221428"/>
    <nd ref="13502629499"/>
    <nd ref="172221432"/>
    <tag k="hgv" v="permit"/>
    <tag k="highway" v="residential"/>
    <tag k="lanes" v="2"/>
    <tag k="maxspeed" v="25 mph"/>
    <tag k="name" v="Dilworth Road East"/>
    <tag k="surface" v="asphalt"/>
  </way>
  <way id="1046753468">
    <nd ref="9183497985"/>
    <nd ref="9183498026"/>
    <nd ref="9183497971"/>
    <nd ref="9183497974"/>
    <nd ref="5527451022"/>
    <nd ref="9183497972"/>
    <nd ref="9183497973"/>
    <nd ref="9183497975"/>
    <nd ref="7993822038"/>
    <tag k="HFCS" v="Urban Minor Arterial"/>
    <tag k="highway" v="secondary"/>
    <tag k="lanes" v="2"/>
    <tag k="name" v="East Morehead Street"/>
    <tag k="oneway" v="yes"/>
    <tag k="sidewalk:left" v="no"/>
    <tag k="sidewalk:right" v="separate"/>
    <tag k="tiger:cfcc" v="A41"/>
    <tag k="tiger:county" v="Mecklenburg, NC"/>
    <tag k="tiger:name_base" v="Morehead"/>
    <tag k="tiger:name_direction_prefix" v="E"/>
    <tag k="tiger:name_type" v="St"/>
    <tag k="tiger:reviewed" v="no"/>
    <tag k="tiger:zip_left" v="28207"/>
    <tag k="tiger:zip_right" v="28207"/>
    <tag k="unsigned_ref" v="SR 3815"/>
  </way>
  <way id="1046757885">
    <nd ref="172167494"/>
    <nd ref="11076318316"/>
    <nd ref="172575652"/>
    <nd ref="7008289653"/>
    <nd ref="7008289648"/>
    <nd ref="5794929870"/>
    <nd ref="7008289650"/>
    <nd ref="13438325932"/>
    <nd ref="172575650"/>
    <nd ref="13438325935"/>
    <nd ref="13438325939"/>
    <nd ref="13067147801"/>
    <nd ref="13438325944"/>
    <nd ref="172575648"/>
    <nd ref="13438325929"/>
    <nd ref="172575643"/>
    <nd ref="13438325926"/>
    <nd ref="172481885"/>
    <nd ref="9625713950"/>
    <tag k="highway" v="secondary"/>
    <tag k="lanes" v="2"/>
    <tag k="maxspeed" v="30 mph"/>
    <tag k="name" v="Scott Avenue"/>
    <tag k="oneway" v="yes"/>
    <tag k="sidewalk:both" v="separate"/>
  </way>
  <way id="1046757886">
    <nd ref="9625713950"/>
    <nd ref="11644735161"/>
    <nd ref="172575640"/>
    <nd ref="172575638"/>
    <nd ref="172575636"/>
    <nd ref="172575634"/>
    <nd ref="172575632"/>
    <tag k="highway" v="secondary"/>
    <tag k="lanes" v="2"/>
    <tag k="maxspeed" v="30 mph"/>
    <tag k="name" v="Scott Avenue"/>
    <tag k="oneway" v="yes"/>
    <tag k="sidewalk:both" v="separate"/>
    <tag k="turn:lanes" v="left;through|"/>
  </way>
  <way id="1046757887">
    <nd ref="172575628"/>
    <nd ref="9625713952"/>
    <tag k="highway" v="secondary"/>
    <tag k="lanes" v="2"/>
    <tag k="name" v="Scott Avenue"/>
    <tag k="oneway" v="yes"/>
    <tag k="sidewalk:both" v="separate"/>
  </way>
  <way id="1046757888">
    <nd ref="9625713951"/>
    <nd ref="172575628"/>
    <tag k="highway" v="secondary"/>
    <tag k="lanes" v="2"/>
    <tag k="name" v="Scott Avenue"/>
    <tag k="oneway" v="yes"/>
    <tag k="sidewalk:both" v="separate"/>
    <tag k="turn:lanes" v="|through;right"/>
  </way>
  <way id="1046757889">
    <nd ref="9625713952"/>
    <nd ref="10295355385"/>
    <nd ref="10700342668"/>
    <nd ref="5336113457"/>
    <tag k="highway" v="secondary"/>
    <tag k="lanes" v="3"/>
    <tag k="name" v="Scott Avenue"/>
    <tag k="oneway" v="yes"/>
    <tag k="sidewalk:both" v="separate"/>
    <tag k="turn:lanes" v="||right"/>
  </way>
  <way id="1051810631">
    <nd ref="9665700221"/>
    <nd ref="172575663"/>
    <nd ref="172575660"/>
    <nd ref="5794929880"/>
    <nd ref="172575657"/>
    <nd ref="172575654"/>
    <nd ref="7908616553"/>
    <nd ref="8167782615"/>
    <nd ref="7908616554"/>
    <nd ref="11076318312"/>
    <nd ref="172167494"/>
    <tag k="cycleway:right" v="lane"/>
    <tag k="highway" v="secondary"/>
    <tag k="lanes" v="3"/>
    <tag k="name" v="Scott Avenue"/>
    <tag k="oneway" v="yes"/>
    <tag k="turn:lanes" v="left||"/>
  </way>
  <way id="1054640117">
    <nd ref="13206493511"/>
    <nd ref="8167791518"/>
    <nd ref="8007748330"/>
    <nd ref="172167492"/>
    <nd ref="11076318306"/>
    <nd ref="172167490"/>
    <tag k="access" v="yes"/>
    <tag k="cycleway" v="shared_lane"/>
    <tag k="highway" v="tertiary"/>
    <tag k="name" v="East Boulevard"/>
  </way>
  <way id="1054640118">
    <nd ref="172463877"/>
    <nd ref="13067147781"/>
    <nd ref="13067147783"/>
    <nd ref="13067147786"/>
    <nd ref="13067147785"/>
    <nd ref="13438325922"/>
    <nd ref="5794929890"/>
    <nd ref="172463880"/>
    <nd ref="5794929859"/>
    <nd ref="5794929869"/>
    <nd ref="5794929863"/>
    <nd ref="11076318305"/>
    <nd ref="172167490"/>
    <tag k="highway" v="secondary"/>
    <tag k="lanes" v="2"/>
    <tag k="maxspeed" v="30 mph"/>
    <tag k="name" v="Kenilworth Avenue"/>
    <tag k="oneway" v="yes"/>
    <tag k="sidewalk:both" v="separate"/>
  </way>
  <way id="1072644908">
    <nd ref="172615755"/>
    <nd ref="10915443062"/>
    <nd ref="172662635"/>
    <nd ref="10915443063"/>
    <nd ref="172662633"/>
    <nd ref="10917205290"/>
    <nd ref="10915443771"/>
    <nd ref="10915443770"/>
    <nd ref="172662632"/>
    <nd ref="10915443772"/>
    <nd ref="172662631"/>
    <nd ref="10917205273"/>
    <nd ref="10917205272"/>
    <nd ref="10915443773"/>
    <nd ref="172662629"/>
    <nd ref="10915443774"/>
    <nd ref="10915443775"/>
    <nd ref="172662627"/>
    <nd ref="10917205259"/>
    <nd ref="10915443776"/>
    <nd ref="172662622"/>
    <nd ref="10915443777"/>
    <nd ref="10915443515"/>
    <nd ref="172662620"/>
    <nd ref="10915443517"/>
    <nd ref="10915443516"/>
    <nd ref="10917205217"/>
    <nd ref="10915443778"/>
    <nd ref="10917205231"/>
    <nd ref="10915443779"/>
    <nd ref="10917205238"/>
    <nd ref="10917205240"/>
    <nd ref="172662617"/>
    <nd ref="10915443693"/>
    <nd ref="10915443783"/>
    <nd ref="10915443694"/>
    <nd ref="172307586"/>
    <nd ref="10915443785"/>
    <nd ref="10915443695"/>
    <nd ref="10915443696"/>
    <nd ref="10927928060"/>
    <nd ref="10927928057"/>
    <nd ref="10915443697"/>
    <nd ref="10927928068"/>
    <nd ref="10915443698"/>
    <nd ref="10927928073"/>
    <nd ref="4375093859"/>
    <nd ref="10927928081"/>
    <nd ref="10915443699"/>
    <nd ref="10927928084"/>
    <nd ref="10915443700"/>
    <nd ref="10915443701"/>
    <nd ref="10915443703"/>
    <nd ref="10915443702"/>
    <nd ref="10927928093"/>
    <nd ref="10927928105"/>
    <nd ref="4375093865"/>
    <nd ref="172662614"/>
    <nd ref="10915443704"/>
    <nd ref="172662612"/>
    <nd ref="10915443705"/>
    <nd ref="172662610"/>
    <nd ref="10915443706"/>
    <nd ref="10915443707"/>
    <nd ref="13695407928"/>
    <nd ref="172662609"/>
    <nd ref="10915443709"/>
    <nd ref="172662607"/>
    <nd ref="10915443710"/>
    <nd ref="10915443711"/>
    <nd ref="172662606"/>
    <nd ref="172662605"/>
    <nd ref="10915443714"/>
    <nd ref="10936116930"/>
    <nd ref="10915443713"/>
    <nd ref="10915443712"/>
    <nd ref="10936116938"/>
    <nd ref="10936116949"/>
    <nd ref="10936116960"/>
    <nd ref="10601777594"/>
    <nd ref="172662603"/>
    <nd ref="10601777585"/>
    <nd ref="10936021152"/>
    <nd ref="10601777566"/>
    <nd ref="10916995366"/>
    <nd ref="10916995367"/>
    <nd ref="172662600"/>
    <nd ref="10916995639"/>
    <nd ref="9602699414"/>
    <tag k="highway" v="tertiary"/>
    <tag k="lanes" v="2"/>
    <tag k="name" v="Queens Road West"/>
    <tag k="oneway" v="yes"/>
    <tag k="sidewalk:left" v="no"/>
    <tag k="sidewalk:right" v="separate"/>
    <tag k="surface" v="asphalt"/>
  </way>
  <way id="1076707159">
    <nd ref="2469616550"/>
    <nd ref="11237212738"/>
    <nd ref="2469616511"/>
    <nd ref="7645596893"/>
    <nd ref="2469616516"/>
    <nd ref="11060690442"/>
    <nd ref="2469616510"/>
    <tag k="highway" v="residential"/>
    <tag k="name" v="Morehead Medical Drive"/>
  </way>
  <way id="1076707160">
    <nd ref="9873355478"/>
    <nd ref="9873355479"/>
    <tag k="covered" v="yes"/>
    <tag k="highway" v="residential"/>
    <tag k="name" v="Morehead Medical Drive"/>
    <tag k="oneway" v="yes"/>
  </way>
  <way id="1076707161">
    <nd ref="2469596703"/>
    <nd ref="11237198253"/>
    <nd ref="9873355486"/>
    <nd ref="9873355485"/>
    <nd ref="9873355484"/>
    <nd ref="10301674146"/>
    <nd ref="9873355483"/>
    <nd ref="10030299792"/>
    <nd ref="9873355482"/>
    <tag k="highway" v="residential"/>
    <tag k="name" v="Morehead Medical Drive"/>
    <tag k="oneway" v="yes"/>
    <tag k="sidewalk:left" v="no"/>
    <tag k="sidewalk:right" v="separate"/>
  </way>
  <way id="1076707162">
    <nd ref="9873355479"/>
    <nd ref="10030299793"/>
    <nd ref="172170142"/>
    <nd ref="10301674147"/>
    <nd ref="11237198252"/>
    <nd ref="2469616509"/>
    <nd ref="2469596703"/>
    <tag k="highway" v="residential"/>
    <tag k="name" v="Morehead Medical Drive"/>
    <tag k="oneway" v="yes"/>
    <tag k="sidewalk:left" v="no"/>
    <tag k="sidewalk:right" v="separate"/>
  </way>
  <way id="1076712645">
    <nd ref="9873355482"/>
    <nd ref="9873355480"/>
    <tag k="covered" v="yes"/>
    <tag k="highway" v="residential"/>
    <tag k="name" v="Morehead Medical Drive"/>
    <tag k="oneway" v="yes"/>
  </way>
  <way id="1076712646">
    <nd ref="9873355480"/>
    <nd ref="2469616510"/>
    <tag k="highway" v="residential"/>
    <tag k="name" v="Morehead Medical Drive"/>
    <tag k="oneway" v="yes"/>
  </way>
  <way id="1076712647">
    <nd ref="172575628"/>
    <nd ref="11128745474"/>
    <nd ref="11060690459"/>
    <nd ref="2469616510"/>
    <tag k="highway" v="unclassified"/>
    <tag k="name" v="Blythe Boulevard"/>
    <tag k="sidewalk:left" v="no"/>
    <tag k="sidewalk:right" v="separate"/>
    <tag k="surface" v="asphalt"/>
  </way>
  <way id="1076712648">
    <nd ref="2469616510"/>
    <nd ref="9873355478"/>
    <tag k="highway" v="residential"/>
    <tag k="name" v="Morehead Medical Drive"/>
    <tag k="oneway" v="yes"/>
  </way>
  <way id="1076787040">
    <nd ref="3298628122"/>
    <nd ref="10936197928"/>
    <nd ref="10916995495"/>
    <nd ref="10916995453"/>
    <nd ref="10936197919"/>
    <nd ref="3298628121"/>
    <nd ref="10916995452"/>
    <nd ref="10916995451"/>
    <nd ref="3298628123"/>
    <nd ref="10916995678"/>
    <nd ref="10916995621"/>
    <nd ref="3298628130"/>
    <tag k="highway" v="tertiary"/>
    <tag k="lanes" v="2"/>
    <tag k="name" v="Queens Road West"/>
    <tag k="oneway" v="yes"/>
    <tag k="sidewalk:left" v="no"/>
    <tag k="sidewalk:right" v="separate"/>
    <tag k="turn:lanes" v="left|through;right"/>
  </way>
  <way id="1081681715">
    <nd ref="9913855994"/>
    <nd ref="9913855995"/>
    <nd ref="9913855996"/>
    <nd ref="10699904500"/>
    <nd ref="9913855997"/>
    <nd ref="172170133"/>
    <tag k="highway" v="secondary_link"/>
    <tag k="lanes" v="1"/>
    <tag k="oneway" v="yes"/>
    <tag k="turn:lanes" v="left"/>
  </way>
  <way id="1091028345">
    <nd ref="9993044228"/>
    <nd ref="5527451026"/>
    <tag k="HFCS" v="Urban Minor Arterial"/>
    <tag k="highway" v="secondary"/>
    <tag k="lanes" v="3"/>
    <tag k="name" v="East Morehead Street"/>
    <tag k="oneway" v="yes"/>
    <tag k="sidewalk:left" v="no"/>
    <tag k="sidewalk:right" v="separate"/>
    <tag k="tiger:cfcc" v="A41"/>
    <tag k="tiger:county" v="Mecklenburg, NC"/>
    <tag k="tiger:name_base" v="Morehead"/>
    <tag k="tiger:name_direction_prefix" v="E"/>
    <tag k="tiger:name_type" v="St"/>
    <tag k="tiger:reviewed" v="no"/>
    <tag k="tiger:zip_left" v="28207"/>
    <tag k="tiger:zip_right" v="28207"/>
    <tag k="unsigned_ref" v="SR 3815"/>
  </way>
  <way id="1095797763">
    <nd ref="2469596703"/>
    <nd ref="2469596705"/>
    <nd ref="10030299799"/>
    <tag k="highway" v="residential"/>
    <tag k="name" v="Morehead Medical Drive"/>
    <tag k="sidewalk" v="separate"/>
  </way>
  <way id="1099962380">
    <nd ref="172483329"/>
    <nd ref="9183012559"/>
    <nd ref="172811801"/>
    <nd ref="2249346545"/>
    <tag k="HFCS" v="Urban Minor Arterial"/>
    <tag k="highway" v="secondary"/>
    <tag k="lanes" v="5"/>
    <tag k="lanes:backward" v="3"/>
    <tag k="lanes:forward" v="2"/>
    <tag k="name" v="East Morehead Street"/>
    <tag k="sidewalk:both" v="separate"/>
    <tag k="turn:lanes:backward" v="left||"/>
    <tag k="unsigned_ref" v="SR 3815"/>
  </way>
  <way id="1152303908">
    <nd ref="10718028458"/>
    <nd ref="10718028459"/>
    <nd ref="10718028460"/>
    <nd ref="10718028461"/>
    <nd ref="10718028462"/>
    <nd ref="10718028499"/>
    <nd ref="10718028463"/>
    <nd ref="10718028464"/>
    <nd ref="10718028465"/>
    <nd ref="10718078234"/>
    <nd ref="10718078210"/>
    <nd ref="10718078244"/>
    <nd ref="10718028466"/>
    <nd ref="10718028467"/>
    <nd ref="10718028468"/>
    <nd ref="10718078240"/>
    <nd ref="10718028469"/>
    <tag k="highway" v="unclassified"/>
  </way>
  <way id="1152303909">
    <nd ref="10718028458"/>
    <nd ref="10718028470"/>
    <nd ref="10718028475"/>
    <nd ref="10718028471"/>
    <nd ref="2653098521"/>
    <tag k="highway" v="unclassified"/>
    <tag k="oneway" v="yes"/>
  </way>
  <way id="1152303910">
    <nd ref="2653098521"/>
    <nd ref="10718028472"/>
    <nd ref="10718028474"/>
    <nd ref="10718028473"/>
    <nd ref="10718028458"/>
    <tag k="highway" v="unclassified"/>
    <tag k="oneway" v="yes"/>
  </way>
  <way id="1152303932">
    <nd ref="10718078253"/>
    <nd ref="10718078254"/>
    <nd ref="10718078255"/>
    <nd ref="10718028469"/>
    <tag k="highway" v="unclassified"/>
    <tag k="oneway" v="yes"/>
  </way>
  <way id="1152303933">
    <nd ref="10718028469"/>
    <nd ref="10718078251"/>
    <nd ref="10718078252"/>
    <nd ref="10718078253"/>
    <tag k="highway" v="unclassified"/>
    <tag k="oneway" v="yes"/>
  </way>
  <way id="1152305681">
    <nd ref="3305080033"/>
    <nd ref="10949809177"/>
    <nd ref="9183497744"/>
    <nd ref="172281591"/>
    <nd ref="9183497743"/>
    <nd ref="11908748375"/>
    <nd ref="172281593"/>
    <nd ref="11908748355"/>
    <nd ref="11908748351"/>
    <nd ref="7007951170"/>
    <nd ref="7060255907"/>
    <nd ref="8165352917"/>
    <nd ref="11908748341"/>
    <nd ref="7007951180"/>
    <nd ref="10963630974"/>
    <nd ref="7007951176"/>
    <nd ref="10963630971"/>
    <nd ref="10959611536"/>
    <nd ref="10959611529"/>
    <nd ref="10959611532"/>
    <nd ref="172270913"/>
    <nd ref="10601777347"/>
    <nd ref="10601777346"/>
    <nd ref="10601777353"/>
    <nd ref="10601777358"/>
    <nd ref="10959611519"/>
    <nd ref="10601774001"/>
    <nd ref="10601777310"/>
    <nd ref="8644301092"/>
    <nd ref="10601777319"/>
    <nd ref="10601777333"/>
    <nd ref="172281605"/>
    <nd ref="10601773984"/>
    <nd ref="10601773992"/>
    <nd ref="10936198391"/>
    <nd ref="10963630925"/>
    <nd ref="10959603879"/>
    <nd ref="10936198140"/>
    <nd ref="10916995261"/>
    <nd ref="10959603881"/>
    <nd ref="172281607"/>
    <nd ref="10959603884"/>
    <nd ref="10959603889"/>
    <nd ref="10916995260"/>
    <nd ref="10936198102"/>
    <nd ref="10959603892"/>
    <nd ref="10936198095"/>
    <nd ref="10916995259"/>
    <nd ref="10963630928"/>
    <nd ref="10936198087"/>
    <nd ref="10963630930"/>
    <nd ref="10963630944"/>
    <nd ref="172281609"/>
    <nd ref="10936198043"/>
    <nd ref="7065242718"/>
    <nd ref="10936197888"/>
    <nd ref="8645061822"/>
    <nd ref="10916995258"/>
    <nd ref="10936197895"/>
    <nd ref="6785474314"/>
    <nd ref="10916995257"/>
    <nd ref="8309347012"/>
    <nd ref="10916995674"/>
    <nd ref="3298628130"/>
    <tag k="highway" v="tertiary"/>
    <tag k="lanes" v="4"/>
    <tag k="name" v="South Kings Drive"/>
    <tag k="sidewalk:both" v="separate"/>
    <tag k="surface" v="asphalt"/>
  </way>
  <way id="1174693485">
    <nd ref="172662609"/>
    <nd ref="10915443738"/>
    <nd ref="10915443739"/>
    <nd ref="10915443740"/>
    <nd ref="10915443487"/>
    <nd ref="10915443741"/>
    <nd ref="10915443742"/>
    <nd ref="10915443743"/>
    <nd ref="10915443744"/>
    <nd ref="172860589"/>
    <tag k="highway" v="tertiary_link"/>
    <tag k="oneway" v="yes"/>
  </way>
  <way id="1174888828">
    <nd ref="9602699414"/>
    <nd ref="10916995640"/>
    <nd ref="10916995641"/>
    <nd ref="10916995642"/>
    <nd ref="10916995643"/>
    <nd ref="10916995697"/>
    <nd ref="10916995644"/>
    <nd ref="10916995645"/>
    <nd ref="10916995646"/>
    <nd ref="10916995647"/>
    <nd ref="10916995648"/>
    <nd ref="10916995649"/>
    <nd ref="10916995650"/>
    <nd ref="10916995651"/>
    <nd ref="10916995652"/>
    <nd ref="10916995653"/>
    <nd ref="10916995654"/>
    <nd ref="10916995655"/>
    <tag k="highway" v="tertiary_link"/>
    <tag k="oneway" v="yes"/>
  </way>
  <way id="1174888829">
    <nd ref="172167572"/>
    <nd ref="10916995656"/>
    <nd ref="10916995657"/>
    <nd ref="10916995658"/>
    <nd ref="10916995659"/>
    <nd ref="10916995660"/>
    <nd ref="10916995661"/>
    <nd ref="10916995691"/>
    <nd ref="10916995662"/>
    <nd ref="10916995663"/>
    <nd ref="10916995664"/>
    <nd ref="10916995665"/>
    <nd ref="10916995666"/>
    <nd ref="10916995667"/>
    <nd ref="10916995668"/>
    <nd ref="10916995670"/>
    <nd ref="10916995669"/>
    <tag k="highway" v="tertiary_link"/>
    <tag k="oneway" v="yes"/>
  </way>
  <way id="1176116269">
    <nd ref="172420877"/>
    <nd ref="10927880031"/>
    <nd ref="10927880022"/>
    <nd ref="10927927673"/>
    <nd ref="10927927698"/>
    <nd ref="10927927675"/>
    <nd ref="10927880023"/>
    <nd ref="10927927677"/>
    <nd ref="10927927679"/>
    <nd ref="10927927681"/>
    <nd ref="10927927690"/>
    <nd ref="10927880024"/>
    <nd ref="10927880025"/>
    <nd ref="10927880026"/>
    <nd ref="10927880027"/>
    <nd ref="10927880028"/>
    <nd ref="10927880029"/>
    <nd ref="10927927684"/>
    <nd ref="10927927686"/>
    <nd ref="10927927688"/>
    <nd ref="10927880030"/>
    <tag k="highway" v="residential"/>
    <tag k="name" v="Nolen Park Lane2"/>
  </way>
  <way id="1212898912">
    <nd ref="9887187811"/>
    <nd ref="12702976503"/>
    <nd ref="11237212699"/>
    <nd ref="11586069070"/>
    <nd ref="2470600981"/>
    <nd ref="10718078295"/>
    <nd ref="2469616541"/>
    <nd ref="11586051561"/>
    <nd ref="11586051558"/>
    <nd ref="3417469365"/>
    <nd ref="9183265109"/>
    <nd ref="8521393496"/>
    <nd ref="2470616280"/>
    <nd ref="172816448"/>
    <nd ref="8521393502"/>
    <nd ref="2653098521"/>
    <tag k="highway" v="unclassified"/>
    <tag k="name" v="Blythe Boulevard"/>
    <tag k="surface" v="asphalt"/>
  </way>
  <way id="1218436149">
    <nd ref="172281591"/>
    <nd ref="9183497742"/>
    <nd ref="10949808305"/>
    <nd ref="172834203"/>
    <nd ref="10949808306"/>
    <nd ref="172834207"/>
    <nd ref="172834209"/>
    <nd ref="10949808307"/>
    <nd ref="172834211"/>
    <nd ref="10949808348"/>
    <nd ref="10949808347"/>
    <nd ref="10949809129"/>
    <nd ref="10949808320"/>
    <nd ref="10949808308"/>
    <nd ref="172834222"/>
    <nd ref="10949808321"/>
    <nd ref="172834225"/>
    <tag k="highway" v="residential"/>
    <tag k="name" v="Brunswick Avenue"/>
  </way>
  <way id="1234716195">
    <nd ref="2469616541"/>
    <nd ref="11586051565"/>
    <nd ref="2470600987"/>
    <nd ref="2469616544"/>
    <tag k="highway" v="residential"/>
    <tag k="name" v="West Drive"/>
    <tag k="oneway" v="no"/>
  </way>
  <way id="1234716196">
    <nd ref="2469616544"/>
    <nd ref="10718078298"/>
    <nd ref="12469099166"/>
    <nd ref="11462227091"/>
    <nd ref="11586069180"/>
    <nd ref="172818996"/>
    <tag k="highway" v="residential"/>
    <tag k="name" v="West Drive"/>
  </way>
  <way id="1234849655">
    <nd ref="172818996"/>
    <nd ref="11586069176"/>
    <nd ref="11460654400"/>
    <nd ref="12469099169"/>
    <nd ref="12469099167"/>
    <nd ref="12469099168"/>
    <nd ref="11460654401"/>
    <nd ref="11586069158"/>
    <nd ref="11460654402"/>
    <tag k="highway" v="residential"/>
  </way>
  <way id="1244194599">
    <nd ref="172167490"/>
    <nd ref="11076318303"/>
    <nd ref="8007748318"/>
    <nd ref="5794929861"/>
    <nd ref="172167487"/>
    <nd ref="13206725613"/>
    <tag k="access" v="yes"/>
    <tag k="cycleway" v="shared_lane"/>
    <tag k="cycleway:both" v="lane"/>
    <tag k="highway" v="tertiary"/>
    <tag k="name" v="East Boulevard"/>
  </way>
  <way id="1245093091">
    <nd ref="172463921"/>
    <nd ref="172575712"/>
    <nd ref="4209805721"/>
    <tag k="highway" v="secondary"/>
    <tag k="lanes" v="2"/>
    <tag k="name" v="Scott Avenue"/>
    <tag k="oneway" v="yes"/>
  </way>
  <way id="1245094979">
    <nd ref="172296667"/>
    <nd ref="172463905"/>
    <nd ref="172463907"/>
    <nd ref="172463909"/>
    <nd ref="172463912"/>
    <nd ref="172463914"/>
    <nd ref="172463917"/>
    <nd ref="172463919"/>
    <nd ref="7007989129"/>
    <nd ref="6012228185"/>
    <nd ref="6012224784"/>
    <nd ref="6012224783"/>
    <nd ref="6012224782"/>
    <nd ref="172463935"/>
    <tag k="highway" v="secondary"/>
    <tag k="lanes" v="2"/>
    <tag k="name" v="Kenilworth Avenue"/>
    <tag k="oneway" v="yes"/>
    <tag k="turn:lanes" v="through|through"/>
  </way>
  <way id="1246223136">
    <nd ref="2469616570"/>
    <nd ref="2469616538"/>
    <nd ref="2469616539"/>
    <nd ref="11128745487"/>
    <nd ref="172575640"/>
    <tag k="highway" v="residential"/>
    <tag k="name" v="Loop Road"/>
  </way>
  <way id="1248709720">
    <nd ref="9873281702"/>
    <nd ref="172257839"/>
    <nd ref="10964394075"/>
    <nd ref="5780570927"/>
    <nd ref="172456439"/>
    <nd ref="5780570931"/>
    <nd ref="6802195759"/>
    <nd ref="172456443"/>
    <nd ref="13503097726"/>
    <nd ref="13503097728"/>
    <nd ref="6802195767"/>
    <nd ref="13503097730"/>
    <nd ref="13503097733"/>
    <nd ref="13503097735"/>
    <nd ref="172456445"/>
    <nd ref="172162877"/>
    <tag k="cycleway" v="shared_lane"/>
    <tag k="highway" v="residential"/>
    <tag k="name" v="Magnolia Avenue"/>
  </way>
  <way id="1248709722">
    <nd ref="172162877"/>
    <nd ref="172162882"/>
    <nd ref="172162885"/>
    <nd ref="172162888"/>
    <nd ref="172162893"/>
    <nd ref="172162896"/>
    <nd ref="172162898"/>
    <nd ref="172162900"/>
    <nd ref="12249203359"/>
    <nd ref="12249203356"/>
    <nd ref="11076337667"/>
    <nd ref="172162903"/>
    <tag k="cycleway" v="shared_lane"/>
    <tag k="highway" v="residential"/>
    <tag k="name" v="Lyndhurst Avenue"/>
    <tag k="surface" v="asphalt"/>
  </way>
  <way id="1255893455">
    <nd ref="9217388202"/>
    <nd ref="9217388201"/>
    <nd ref="9217388205"/>
    <nd ref="9217388200"/>
    <nd ref="9217388199"/>
    <nd ref="9217388198"/>
    <nd ref="9217388206"/>
    <tag k="direction" v="clockwise"/>
    <tag k="highway" v="tertiary"/>
    <tag k="junction" v="roundabout"/>
    <tag k="name" v="Park Road"/>
    <tag k="oneway" v="yes"/>
    <tag k="type" v="roundabout"/>
  </way>
  <way id="1255893456">
    <nd ref="9217388192"/>
    <nd ref="9217388191"/>
    <nd ref="9217388190"/>
    <nd ref="9217388204"/>
    <nd ref="9217388203"/>
    <nd ref="9217388202"/>
    <tag k="direction" v="clockwise"/>
    <tag k="highway" v="tertiary"/>
    <tag k="junction" v="roundabout"/>
    <tag k="name" v="Park Road"/>
    <tag k="oneway" v="yes"/>
    <tag k="type" v="roundabout"/>
  </way>
  <way id="1255893457">
    <nd ref="9217388206"/>
    <nd ref="9217388197"/>
    <nd ref="9217388196"/>
    <tag k="direction" v="clockwise"/>
    <tag k="highway" v="tertiary"/>
    <tag k="junction" v="roundabout"/>
    <tag k="name" v="Park Road"/>
    <tag k="oneway" v="yes"/>
    <tag k="type" v="roundabout"/>
  </way>
  <way id="1255893458">
    <nd ref="172892259"/>
    <nd ref="9217388183"/>
    <nd ref="9217388206"/>
    <tag k="hgv" v="permit"/>
    <tag k="highway" v="residential"/>
    <tag k="name" v="Park Road"/>
  </way>
  <way id="1255893459">
    <nd ref="9217388187"/>
    <nd ref="9217388184"/>
    <nd ref="9217388196"/>
    <tag k="hgv" v="permit"/>
    <tag k="highway" v="tertiary"/>
    <tag k="lanes" v="2"/>
    <tag k="name" v="East Tremont Avenue"/>
    <tag k="sidewalk:left" v="no"/>
    <tag k="sidewalk:right" v="separate"/>
    <tag k="surface" v="asphalt"/>
  </way>
  <way id="1319281975">
    <nd ref="172481885"/>
    <nd ref="11076318334"/>
    <nd ref="172481883"/>
    <nd ref="11902145963"/>
    <nd ref="172481881"/>
    <tag k="highway" v="residential"/>
    <tag k="name" v="Buchanan Street"/>
    <tag k="oneway" v="yes"/>
    <tag k="tiger:cfcc" v="A41"/>
    <tag k="tiger:county" v="Mecklenburg, NC"/>
    <tag k="tiger:name_base" v="Buchanan"/>
    <tag k="tiger:name_type" v="St"/>
    <tag k="tiger:reviewed" v="no"/>
    <tag k="tiger:zip_left" v="28203"/>
    <tag k="tiger:zip_right" v="28203"/>
  </way>
  <way id="1368288097">
    <nd ref="3298628442"/>
    <nd ref="3298628441"/>
    <nd ref="10949808873"/>
    <nd ref="3298628435"/>
    <nd ref="10949808872"/>
    <nd ref="10949808871"/>
    <nd ref="3298628427"/>
    <nd ref="3298628421"/>
    <nd ref="10949922352"/>
    <nd ref="3298628419"/>
    <nd ref="10949922351"/>
    <nd ref="11908631666"/>
    <nd ref="10949922350"/>
    <nd ref="3298628416"/>
    <nd ref="10949922349"/>
    <nd ref="11908631662"/>
    <nd ref="10949922348"/>
    <nd ref="10949922347"/>
    <nd ref="3298628411"/>
    <nd ref="10949922346"/>
    <nd ref="11908631658"/>
    <nd ref="10949922345"/>
    <nd ref="3298628408"/>
    <nd ref="10949922344"/>
    <nd ref="3298628407"/>
    <nd ref="10949922379"/>
    <nd ref="3298628405"/>
    <nd ref="10949922378"/>
    <nd ref="10949922377"/>
    <nd ref="3298628401"/>
    <nd ref="10936198319"/>
    <nd ref="10949922376"/>
    <nd ref="3298628398"/>
    <nd ref="10936198314"/>
    <nd ref="10949922375"/>
    <nd ref="10949922374"/>
    <nd ref="3298628395"/>
    <nd ref="10949922373"/>
    <nd ref="3298628393"/>
    <nd ref="10949922372"/>
    <nd ref="3298628388"/>
    <nd ref="10917021676"/>
    <nd ref="10917021677"/>
    <nd ref="10917021678"/>
    <nd ref="10917021679"/>
    <nd ref="3298628385"/>
    <nd ref="10917021966"/>
    <nd ref="10917021964"/>
    <nd ref="10917021965"/>
    <nd ref="10917021963"/>
    <nd ref="3298628384"/>
    <nd ref="10917021967"/>
    <nd ref="3298628383"/>
    <nd ref="10917021675"/>
    <nd ref="10917021645"/>
    <nd ref="10917021644"/>
    <nd ref="10917022047"/>
    <nd ref="3298628380"/>
    <nd ref="10917021643"/>
    <nd ref="3298628379"/>
    <nd ref="10917021642"/>
    <nd ref="3298628368"/>
    <nd ref="10917021646"/>
    <nd ref="3298628361"/>
    <nd ref="10936198288"/>
    <nd ref="3298628151"/>
    <nd ref="10917021648"/>
    <nd ref="10917021647"/>
    <nd ref="10936198299"/>
    <nd ref="3298628146"/>
    <nd ref="10917021650"/>
    <nd ref="10917021649"/>
    <nd ref="3298628144"/>
    <nd ref="10917021651"/>
    <nd ref="3298628141"/>
    <nd ref="3298628140"/>
    <nd ref="10916995269"/>
    <nd ref="10916995268"/>
    <nd ref="10936197983"/>
    <nd ref="3298628137"/>
    <nd ref="10916995267"/>
    <nd ref="10936197957"/>
    <nd ref="10916995266"/>
    <nd ref="10916995265"/>
    <nd ref="10936197952"/>
    <nd ref="10916995264"/>
    <nd ref="10916995263"/>
    <nd ref="10936197934"/>
    <nd ref="3298628128"/>
    <nd ref="10916995262"/>
    <nd ref="3298628125"/>
    <nd ref="3298628122"/>
    <tag k="highway" v="tertiary"/>
    <tag k="lanes" v="1"/>
    <tag k="name" v="Queens Road West"/>
    <tag k="oneway" v="yes"/>
    <tag k="sidewalk:left" v="no"/>
    <tag k="sidewalk:right" v="separate"/>
  </way>
  <way id="1378264726">
    <nd ref="5527451027"/>
    <nd ref="9183498021"/>
    <nd ref="9183498020"/>
    <nd ref="9183498022"/>
    <nd ref="5527450618"/>
    <nd ref="12761743352"/>
    <tag k="highway" v="secondary"/>
    <tag k="lanes" v="4"/>
    <tag k="name" v="South Kings Drive"/>
    <tag k="oneway" v="yes"/>
    <tag k="surface" v="asphalt"/>
  </way>
  <way id="1378267149">
    <nd ref="7993822038"/>
    <nd ref="9183497979"/>
    <nd ref="9183497980"/>
    <nd ref="9183497977"/>
    <nd ref="9183497978"/>
    <nd ref="5527451021"/>
    <nd ref="11959507145"/>
    <nd ref="11959507138"/>
    <nd ref="9183498027"/>
    <nd ref="9183497993"/>
    <tag k="HFCS" v="Urban Minor Arterial"/>
    <tag k="highway" v="secondary"/>
    <tag k="lanes" v="3"/>
    <tag k="name" v="East Morehead Street"/>
    <tag k="oneway" v="yes"/>
    <tag k="sidewalk:left" v="no"/>
    <tag k="sidewalk:right" v="separate"/>
    <tag k="tiger:cfcc" v="A41"/>
    <tag k="tiger:county" v="Mecklenburg, NC"/>
    <tag k="tiger:name_base" v="Morehead"/>
    <tag k="tiger:name_direction_prefix" v="E"/>
    <tag k="tiger:name_type" v="St"/>
    <tag k="tiger:reviewed" v="no"/>
    <tag k="tiger:zip_left" v="28207"/>
    <tag k="tiger:zip_right" v="28207"/>
    <tag k="turn:lanes" v="left|through|through;right"/>
    <tag k="unsigned_ref" v="SR 3815"/>
  </way>
  <way id="1378267150">
    <nd ref="7993822038"/>
    <nd ref="10949809199"/>
    <nd ref="7007951149"/>
    <nd ref="12761735045"/>
    <tag k="HFCS" v="Urban Minor Arterial"/>
    <tag k="highway" v="secondary"/>
    <tag k="lanes" v="5"/>
    <tag k="lanes:backward" v="3"/>
    <tag k="lanes:forward" v="2"/>
    <tag k="name" v="East Morehead Street"/>
    <tag k="sidewalk:both" v="separate"/>
    <tag k="tiger:cfcc" v="A41"/>
    <tag k="tiger:county" v="Mecklenburg, NC"/>
    <tag k="tiger:name_base" v="Morehead"/>
    <tag k="tiger:name_direction_prefix" v="E"/>
    <tag k="tiger:name_type" v="St"/>
    <tag k="tiger:reviewed" v="no"/>
    <tag k="tiger:zip_left" v="28207"/>
    <tag k="tiger:zip_right" v="28207"/>
    <tag k="turn:lanes:backward" v="left|through|through;right"/>
    <tag k="unsigned_ref" v="SR 3815"/>
  </way>
  <way id="1378267151">
    <nd ref="9183497993"/>
    <nd ref="9183497991"/>
    <nd ref="9183497995"/>
    <tag k="HFCS" v="Urban Minor Arterial"/>
    <tag k="highway" v="secondary"/>
    <tag k="lanes" v="3"/>
    <tag k="name" v="East Morehead Street"/>
    <tag k="oneway" v="yes"/>
    <tag k="sidewalk:left" v="no"/>
    <tag k="sidewalk:right" v="separate"/>
    <tag k="tiger:cfcc" v="A41"/>
    <tag k="tiger:county" v="Mecklenburg, NC"/>
    <tag k="tiger:name_base" v="Morehead"/>
    <tag k="tiger:name_direction_prefix" v="E"/>
    <tag k="tiger:name_type" v="St"/>
    <tag k="tiger:reviewed" v="no"/>
    <tag k="tiger:zip_left" v="28207"/>
    <tag k="tiger:zip_right" v="28207"/>
    <tag k="turn:lanes" v="left|through|through"/>
    <tag k="unsigned_ref" v="SR 3815"/>
  </way>
  <way id="1383944704">
    <nd ref="4209805721"/>
    <nd ref="172575709"/>
    <nd ref="172575706"/>
    <nd ref="172575703"/>
    <nd ref="172575700"/>
    <nd ref="172575697"/>
    <nd ref="172575694"/>
    <tag k="cycleway:right" v="lane"/>
    <tag k="highway" v="secondary"/>
    <tag k="lanes" v="2"/>
    <tag k="name" v="Scott Avenue"/>
    <tag k="oneway" v="yes"/>
  </way>
  <way id="1383944705">
    <nd ref="172296676"/>
    <nd ref="12543039052"/>
    <nd ref="13246800754"/>
    <nd ref="13246800752"/>
    <nd ref="172296679"/>
    <tag k="hgv" v="permit"/>
    <tag k="highway" v="residential"/>
    <tag k="name" v="Ordermore Avenue"/>
  </way>
  <way id="1383944706">
    <nd ref="172575694"/>
    <nd ref="172296676"/>
    <tag k="cycleway:right" v="lane"/>
    <tag k="highway" v="secondary"/>
    <tag k="lanes" v="2"/>
    <tag k="name" v="Scott Avenue"/>
    <tag k="oneway" v="yes"/>
    <tag k="turn:lanes" v="through|through"/>
  </way>
  <way id="1385407271">
    <nd ref="5950131660"/>
    <nd ref="11675660494"/>
    <nd ref="2624696230"/>
    <nd ref="172221466"/>
    <nd ref="172224702"/>
    <nd ref="13067144997"/>
    <nd ref="172224705"/>
    <nd ref="172224707"/>
    <nd ref="172224709"/>
    <nd ref="172224711"/>
    <nd ref="13067147725"/>
    <nd ref="172224713"/>
    <nd ref="172224715"/>
    <nd ref="172224717"/>
    <nd ref="172224719"/>
    <nd ref="13067147722"/>
    <nd ref="13066975372"/>
    <nd ref="172224721"/>
    <nd ref="13066975362"/>
    <nd ref="172224723"/>
    <nd ref="172224725"/>
    <nd ref="172224727"/>
    <nd ref="12470280412"/>
    <nd ref="172224729"/>
    <nd ref="13066975360"/>
    <nd ref="172224731"/>
    <nd ref="7008207767"/>
    <nd ref="172224733"/>
    <nd ref="11076318818"/>
    <nd ref="172167468"/>
    <tag k="hgv" v="permit"/>
    <tag k="highway" v="residential"/>
    <tag k="lanes" v="2"/>
    <tag k="maxspeed" v="25 mph"/>
    <tag k="name" v="Dilworth Road West"/>
    <tag k="surface" v="asphalt"/>
  </way>
  <way id="1386041775">
    <nd ref="172221364"/>
    <nd ref="13067147712"/>
    <tag k="highway" v="residential"/>
    <tag k="lanes" v="2"/>
    <tag k="maxspeed" v="25 mph"/>
    <tag k="name" v="Dilworth Road East"/>
    <tag k="surface" v="asphalt"/>
  </way>
  <way id="1386045921">
    <nd ref="172167557"/>
    <nd ref="172177494"/>
    <nd ref="11078074313"/>
    <nd ref="172177495"/>
    <nd ref="172177496"/>
    <nd ref="8645061824"/>
    <nd ref="172177497"/>
    <nd ref="172177499"/>
    <nd ref="12752839357"/>
    <nd ref="172177501"/>
    <nd ref="12752839355"/>
    <nd ref="172177503"/>
    <nd ref="12752839353"/>
    <nd ref="12752839351"/>
    <nd ref="172177505"/>
    <nd ref="172177507"/>
    <nd ref="12752839347"/>
    <nd ref="172177510"/>
    <nd ref="12752839345"/>
    <nd ref="12752839337"/>
    <nd ref="172177513"/>
    <nd ref="12752839340"/>
    <nd ref="172177516"/>
    <nd ref="12752839338"/>
    <nd ref="172177519"/>
    <nd ref="12752839335"/>
    <nd ref="172177522"/>
    <nd ref="172177525"/>
    <nd ref="172177530"/>
    <nd ref="12752839330"/>
    <nd ref="172177533"/>
    <nd ref="12752839332"/>
    <nd ref="12752839327"/>
    <nd ref="12752839317"/>
    <nd ref="172177536"/>
    <nd ref="12752839315"/>
    <nd ref="172177538"/>
    <nd ref="12752839313"/>
    <nd ref="172177540"/>
    <nd ref="12752839312"/>
    <nd ref="172177542"/>
    <nd ref="12752839310"/>
    <nd ref="12752839308"/>
    <nd ref="172177543"/>
    <nd ref="172177544"/>
    <nd ref="12752839303"/>
    <nd ref="172177545"/>
    <nd ref="172177547"/>
    <nd ref="172177548"/>
    <nd ref="12752839301"/>
    <nd ref="172177553"/>
    <nd ref="7846619615"/>
    <nd ref="13340866129"/>
    <nd ref="12752839660"/>
    <nd ref="11078074328"/>
    <nd ref="172167518"/>
    <tag k="hgv" v="permit"/>
    <tag k="highway" v="residential"/>
    <tag k="name" v="Lombardy Circle"/>
  </way>
  <way id="1386064402">
    <nd ref="172575675"/>
    <nd ref="11076318276"/>
    <nd ref="172770644"/>
    <nd ref="13246800806"/>
    <nd ref="13481138466"/>
    <nd ref="13246800809"/>
    <nd ref="13246800808"/>
    <nd ref="13481138464"/>
    <nd ref="172770648"/>
    <tag k="hgv" v="permit"/>
    <tag k="highway" v="residential"/>
    <tag k="name" v="Lattimore Street"/>
    <tag k="sidewalk" v="no"/>
  </way>
  <way id="1386615155">
    <nd ref="9183274605"/>
    <nd ref="172167557"/>
    <tag k="access" v="yes"/>
    <tag k="cycleway" v="lane"/>
    <tag k="cycleway:both" v="lane"/>
    <tag k="highway" v="tertiary"/>
    <tag k="name" v="East Boulevard"/>
    <tag k="sidewalk:both" v="separate"/>
  </way>
  <way id="1427440071">
    <nd ref="172167501"/>
    <nd ref="10279567450"/>
    <nd ref="172832475"/>
    <nd ref="13481138400"/>
    <nd ref="172737464"/>
    <tag k="hgv" v="permit"/>
    <tag k="highway" v="residential"/>
    <tag k="name" v="Floral Avenue"/>
    <tag k="sidewalk" v="both"/>
  </way>
  <way id="1427440072">
    <nd ref="172832485"/>
    <nd ref="13481138454"/>
    <nd ref="13481138490"/>
    <nd ref="13481138456"/>
    <nd ref="13481138458"/>
    <nd ref="172714402"/>
    <nd ref="13481138460"/>
    <nd ref="13481138462"/>
    <nd ref="172770648"/>
    <tag k="hgv" v="permit"/>
    <tag k="highway" v="residential"/>
    <tag k="name" v="Floral Avenue"/>
    <tag k="sidewalk" v="no"/>
  </way>
  <way id="1436879976">
    <nd ref="172167494"/>
    <nd ref="11076318314"/>
    <nd ref="13206493511"/>
    <tag k="access" v="yes"/>
    <tag k="cycleway" v="shared_lane"/>
    <tag k="highway" v="tertiary"/>
    <tag k="lanes" v="4"/>
    <tag k="lanes:backward" v="2"/>
    <tag k="lanes:forward" v="2"/>
    <tag k="name" v="East Boulevard"/>
    <tag k="turn:lanes:backward" v="left|none"/>
  </way>
  <way id="1436910385">
    <nd ref="13206725613"/>
    <nd ref="8007748315"/>
    <nd ref="172167483"/>
    <tag k="access" v="yes"/>
    <tag k="cycleway" v="shared_lane"/>
    <tag k="cycleway:both" v="lane"/>
    <tag k="highway" v="tertiary"/>
    <tag k="lanes" v="3"/>
    <tag k="lanes:backward" v="1"/>
    <tag k="lanes:forward" v="2"/>
    <tag k="name" v="East Boulevard"/>
    <tag k="turn:lanes:forward" v="left|none"/>
  </way>
  <way id="1436910386">
    <nd ref="172167483"/>
    <nd ref="5800037528"/>
    <tag k="access" v="yes"/>
    <tag k="cycleway" v="shared_lane"/>
    <tag k="cycleway:both" v="lane"/>
    <tag k="highway" v="tertiary"/>
    <tag k="name" v="East Boulevard"/>
  </way>
  <way id="1446251012">
    <nd ref="10984683028"/>
    <nd ref="5527451027"/>
    <tag k="highway" v="secondary"/>
    <tag k="lanes" v="4"/>
    <tag k="name" v="South Kings Drive"/>
    <tag k="sidewalk:left" v="separate"/>
    <tag k="sidewalk:right" v="no"/>
    <tag k="surface" v="asphalt"/>
  </way>
  <way id="1446251014">
    <nd ref="7605665157"/>
    <nd ref="10984683028"/>
    <tag k="highway" v="secondary"/>
    <tag k="lanes" v="4"/>
    <tag k="name" v="South Kings Drive"/>
    <tag k="sidewalk:left" v="separate"/>
    <tag k="sidewalk:right" v="no"/>
    <tag k="surface" v="asphalt"/>
  </way>
  <way id="1446251015">
    <nd ref="10984683031"/>
    <nd ref="5527450617"/>
    <nd ref="9183498025"/>
    <nd ref="9183498023"/>
    <nd ref="9183498024"/>
    <nd ref="5527451027"/>
    <tag k="highway" v="secondary"/>
    <tag k="lanes" v="4"/>
    <tag k="name" v="South Kings Drive"/>
    <tag k="oneway" v="yes"/>
    <tag k="sidewalk:left" v="no"/>
    <tag k="sidewalk:right" v="separate"/>
    <tag k="surface" v="asphalt"/>
  </way>
  <way id="1472228281">
    <nd ref="172167468"/>
    <nd ref="11076318814"/>
    <nd ref="7008207764"/>
    <tag k="access" v="yes"/>
    <tag k="cycleway" v="lane"/>
    <tag k="cycleway:both" v="lane"/>
    <tag k="highway" v="tertiary"/>
    <tag k="maxspeed" v="25 mph"/>
    <tag k="name" v="East Boulevard"/>
  </way>
  <way id="1472228282">
    <nd ref="13508768323"/>
    <nd ref="11076318816"/>
    <nd ref="172167468"/>
    <tag k="access" v="yes"/>
    <tag k="cycleway" v="lane"/>
    <tag k="cycleway:both" v="lane"/>
    <tag k="highway" v="tertiary"/>
    <tag k="lanes" v="3"/>
    <tag k="lanes:backward" v="1"/>
    <tag k="lanes:forward" v="2"/>
    <tag k="maxspeed" v="25 mph"/>
    <tag k="name" v="East Boulevard"/>
    <tag k="turn:lanes:forward" v="left|none"/>
  </way>
  <way id="1516181104">
    <nd ref="7813715870"/>
    <nd ref="172598817"/>
    <nd ref="172598820"/>
    <nd ref="172598822"/>
    <nd ref="172598823"/>
    <nd ref="13503097582"/>
    <nd ref="13503097428"/>
    <nd ref="13503097589"/>
    <nd ref="13503097424"/>
    <nd ref="13503097420"/>
    <nd ref="13503097591"/>
    <nd ref="13503097596"/>
    <nd ref="13503097418"/>
    <nd ref="13503097603"/>
    <nd ref="13503097415"/>
    <nd ref="13503097412"/>
    <nd ref="172162861"/>
    <nd ref="11076337949"/>
    <nd ref="13503097466"/>
    <nd ref="13503097619"/>
    <nd ref="13503097622"/>
    <nd ref="13503097470"/>
    <nd ref="13503097624"/>
    <nd ref="13503097473"/>
    <nd ref="13503097474"/>
    <nd ref="13503097476"/>
    <nd ref="13503097626"/>
    <nd ref="7814376120"/>
    <nd ref="13503097634"/>
    <nd ref="13503097479"/>
    <nd ref="13503097652"/>
    <nd ref="13503097481"/>
    <nd ref="172598824"/>
    <nd ref="13503097483"/>
    <nd ref="13503097659"/>
    <nd ref="13503097485"/>
    <nd ref="13503097665"/>
    <nd ref="13503097491"/>
    <nd ref="13503097672"/>
    <nd ref="7814375931"/>
    <nd ref="13503097492"/>
    <nd ref="13503097496"/>
    <nd ref="13503097678"/>
    <nd ref="13503097688"/>
    <nd ref="13503097499"/>
    <nd ref="13503097501"/>
    <nd ref="13503097689"/>
    <nd ref="13503097505"/>
    <nd ref="13503097705"/>
    <nd ref="172598825"/>
    <nd ref="13503097707"/>
    <nd ref="172598826"/>
    <nd ref="13503097518"/>
    <nd ref="13503097709"/>
    <nd ref="13503097525"/>
    <nd ref="172598828"/>
    <nd ref="13503097524"/>
    <nd ref="13503097712"/>
    <nd ref="172598831"/>
    <nd ref="13503097716"/>
    <nd ref="13503097528"/>
    <nd ref="13503097530"/>
    <nd ref="172598833"/>
    <nd ref="172598836"/>
    <nd ref="172598839"/>
    <nd ref="13503097532"/>
    <nd ref="13503097535"/>
    <nd ref="13503097538"/>
    <nd ref="172598841"/>
    <nd ref="172598844"/>
    <nd ref="172598847"/>
    <nd ref="172456473"/>
    <nd ref="11076317963"/>
    <nd ref="172598850"/>
    <nd ref="172598853"/>
    <nd ref="172598856"/>
    <nd ref="172598859"/>
    <nd ref="172598861"/>
    <nd ref="172598863"/>
    <nd ref="172598865"/>
    <nd ref="172598868"/>
    <nd ref="9228628547"/>
    <nd ref="8007799514"/>
    <nd ref="172598871"/>
    <nd ref="172182683"/>
    <nd ref="172598874"/>
    <nd ref="2612402814"/>
    <nd ref="172598876"/>
    <nd ref="693757742"/>
    <tag k="highway" v="residential"/>
    <tag k="lanes" v="2"/>
    <tag k="maxspeed" v="25 mph"/>
    <tag k="name" v="McDonald Avenue"/>
    <tag k="surface" v="asphalt"/>
  </way>
  <way id="1517350885">
    <nd ref="13067147710"/>
    <nd ref="172221361"/>
    <nd ref="172221364"/>
    <tag k="highway" v="residential"/>
    <tag k="lanes" v="2"/>
    <tag k="maxspeed" v="25 mph"/>
    <tag k="name" v="Dilworth Road East"/>
    <tag k="surface" v="asphalt"/>
  </way>
  <way id="1517350886">
    <nd ref="13067147708"/>
    <nd ref="13067147710"/>
    <tag k="highway" v="residential"/>
    <tag k="lanes" v="2"/>
    <tag k="maxspeed" v="25 mph"/>
    <tag k="name" v="Dilworth Road East"/>
    <tag k="surface" v="asphalt"/>
  </way>
  <way id="1517350887">
    <nd ref="13067147751"/>
    <nd ref="13067147749"/>
    <nd ref="172221374"/>
    <nd ref="172221377"/>
    <nd ref="13067147743"/>
    <nd ref="172221380"/>
    <nd ref="13067147741"/>
    <nd ref="172221383"/>
    <nd ref="13067147739"/>
    <nd ref="172221386"/>
    <nd ref="172221388"/>
    <nd ref="13067147737"/>
    <nd ref="5794908533"/>
    <nd ref="172221390"/>
    <nd ref="172221392"/>
    <nd ref="11076318934"/>
    <nd ref="172167481"/>
    <tag k="highway" v="residential"/>
    <tag k="lanes" v="2"/>
    <tag k="maxspeed" v="25 mph"/>
    <tag k="name" v="Dilworth Road East"/>
    <tag k="surface" v="asphalt"/>
  </way>
  <way id="1517350888">
    <nd ref="13067147712"/>
    <nd ref="13067147751"/>
    <tag k="highway" v="residential"/>
    <tag k="lanes" v="2"/>
    <tag k="maxspeed" v="25 mph"/>
    <tag k="name" v="Dilworth Road East"/>
    <tag k="surface" v="asphalt"/>
  </way>

</osm>
