<?xml version="1.0" encoding="UTF-8"?>
<osm version="0.6" generator="Overpass API 0.7.62.11 87bfad18">
<note>The data included in this document is from www.openstreetmap.org. The data is made available under ODbL.</note>
<meta osm_base="2026-08-06T22:49:21Z"/>

  <node id="25779187" lat="41.8859287" lon="-87.6462193"/>
  <node id="25779189" lat="41.8839970" lon="-87.6460689">
    <tag k="highway" v="motorway_junction"/>
    <tag k="ref" v="51D"/>
  </node>
  <node id="26792906" lat="41.8863072" lon="-87.6460491"/>
  <node id="26792908" lat="41.8846445" lon="-87.6456539"/>
  <node id="27440209" lat="41.8780550" lon="-87.6395924">
    <tag k="highway" v="traffic_signals"/>
    <tag k="traffic_signals" v="signal"/>
  </node>
  <node id="27440211" lat="41.8780902" lon="-87.6366927">
    <tag k="highway" v="traffic_signals"/>
    <tag k="traffic_signals" v="signal"/>
  </node>
  <node id="27440212" lat="41.8781073" lon="-87.6352402">
    <tag k="highway" v="traffic_signals"/>
    <tag k="traffic_signals" v="signal"/>
  </node>
  <node id="27440213" lat="41.8781233" lon="-87.6337453">
    <tag k="highway" v="traffic_signals"/>
    <tag k="traffic_signals" v="signal"/>
  </node>
  <node id="27440224" lat="41.8768308" lon="-87.6352035">
    <tag k="highway" v="traffic_signals"/>
    <tag k="traffic_signals" v="signal"/>
  </node>
  <node id="27440225" lat="41.8768531" lon="-87.6337073">
    <tag k="highway" v="traffic_signals"/>
    <tag k="traffic_signals" v="signal"/>
  </node>
  <node id="27440228" lat="41.8768125" lon="-87.6366290">
    <tag k="highway" v="traffic_signals"/>
    <tag k="traffic_signals" v="signal"/>
  </node>
  <node id="27440250" lat="41.8767988" lon="-87.6377730"/>
  <node id="27440253" lat="41.8780828" lon="-87.6369317">
    <tag k="highway" v="traffic_signals"/>
    <tag k="traffic_signals" v="signal"/>
  </node>
  <node id="27440254" lat="41.8768117" lon="-87.6368035">
    <tag k="highway" v="traffic_signals"/>
    <tag k="traffic_signals" v="signal"/>
  </node>
  <node id="28358886" lat="41.8860225" lon="-87.6368314"/>
  <node id="28358888" lat="41.8857316" lon="-87.6369730">
    <tag k="highway" v="traffic_signals"/>
  </node>
  <node id="28358891" lat="41.8844623" lon="-87.6370836">
    <tag k="highway" v="traffic_signals"/>
    <tag k="traffic_signals" v="signal"/>
  </node>
  <node id="28358895" lat="41.8832196" lon="-87.6370538">
    <tag k="highway" v="traffic_signals"/>
    <tag k="traffic_signals" v="signal"/>
  </node>
  <node id="28358943" lat="41.8860509" lon="-87.6365687"/>
  <node id="28358944" lat="41.8857326" lon="-87.6367599">
    <tag k="highway" v="traffic_signals"/>
  </node>
  <node id="28358946" lat="41.8844575" lon="-87.6368426">
    <tag k="highway" v="traffic_signals"/>
    <tag k="traffic_signals" v="signal"/>
  </node>
  <node id="28358947" lat="41.8832228" lon="-87.6368179">
    <tag k="highway" v="traffic_signals"/>
    <tag k="traffic_signals" v="signal"/>
  </node>
  <node id="28358950" lat="41.8819146" lon="-87.6367852">
    <tag k="highway" v="traffic_signals"/>
    <tag k="traffic_signals" v="signal"/>
  </node>
  <node id="33718469" lat="41.8759424" lon="-87.6447721"/>
  <node id="35313343" lat="41.8817821" lon="-87.6473605">
    <tag k="highway" v="traffic_signals"/>
  </node>
  <node id="35313375" lat="41.8719711" lon="-87.6438138">
    <tag k="highway" v="traffic_signals"/>
  </node>
  <node id="256590712" lat="41.8766033" lon="-87.6518681">
    <tag k="highway" v="traffic_signals"/>
  </node>
  <node id="256591099" lat="41.8765152" lon="-87.6569300">
    <tag k="highway" v="traffic_signals"/>
  </node>
  <node id="256591258" lat="41.8718488" lon="-87.6532848"/>
  <node id="256591259" lat="41.8718668" lon="-87.6522857"/>
  <node id="256591534" lat="41.8744075" lon="-87.6395188">
    <tag k="highway" v="traffic_signals"/>
    <tag k="traffic_signals" v="signal"/>
  </node>
  <node id="256592105" lat="41.8720327" lon="-87.6393618">
    <tag k="highway" v="traffic_signals"/>
  </node>
  <node id="256592106" lat="41.8697612" lon="-87.6392994">
    <tag k="highway" v="traffic_signals"/>
  </node>
  <node id="256592392" lat="41.8720083" lon="-87.6408982">
    <tag k="highway" v="traffic_signals"/>
  </node>
  <node id="256592393" lat="41.8735762" lon="-87.6409606"/>
  <node id="256592634" lat="41.8719910" lon="-87.6423562">
    <tag k="highway" v="traffic_signals"/>
  </node>
  <node id="256611285" lat="41.8767572" lon="-87.6410546">
    <tag k="highway" v="traffic_signals"/>
    <tag k="traffic_signals" v="signal"/>
  </node>
  <node id="256611721" lat="41.8767280" lon="-87.6439457">
    <tag k="highway" v="traffic_signals"/>
  </node>
  <node id="256611722" lat="41.8767364" lon="-87.6424927">
    <tag k="highway" v="traffic_signals"/>
    <tag k="traffic_signals" v="signal"/>
  </node>
  <node id="256611723" lat="41.8766797" lon="-87.6472030">
    <tag k="highway" v="traffic_signals"/>
  </node>
  <node id="256611724" lat="41.8766365" lon="-87.6495276"/>
  <node id="256612740" lat="41.8780106" lon="-87.6425293">
    <tag k="highway" v="traffic_signals"/>
    <tag k="traffic_signals" v="signal"/>
  </node>
  <node id="256612741" lat="41.8735578" lon="-87.6424013"/>
  <node id="256613293" lat="41.8777895" lon="-87.6570284">
    <tag k="highway" v="traffic_signals"/>
  </node>
  <node id="256613299" lat="41.8779830" lon="-87.6439833">
    <tag k="highway" v="traffic_signals"/>
    <tag k="traffic_signals" v="signal"/>
  </node>
  <node id="256613310" lat="41.8778284" lon="-87.6545679">
    <tag k="highway" v="traffic_signals"/>
  </node>
  <node id="256613312" lat="41.8778702" lon="-87.6519068">
    <tag k="highway" v="traffic_signals"/>
  </node>
  <node id="256613314" lat="41.8778897" lon="-87.6507441"/>
  <node id="256613316" lat="41.8779093" lon="-87.6495697"/>
  <node id="256613318" lat="41.8779287" lon="-87.6484130"/>
  <node id="256613320" lat="41.8779467" lon="-87.6472349">
    <tag k="highway" v="traffic_signals"/>
  </node>
  <node id="256633049" lat="41.8761264" lon="-87.6483572"/>
  <node id="256633050" lat="41.8766563" lon="-87.6483736"/>
  <node id="256633120" lat="41.8762264" lon="-87.6506914">
    <tag k="noexit" v="yes"/>
  </node>
  <node id="256633121" lat="41.8766191" lon="-87.6507038"/>
  <node id="256633628" lat="41.8777514" lon="-87.6594473"/>
  <node id="256633656" lat="41.8764842" lon="-87.6594112"/>
  <node id="257381470" lat="41.8792628" lon="-87.6440302">
    <tag k="highway" v="traffic_signals"/>
    <tag k="traffic_signals" v="signal"/>
  </node>
  <node id="257381489" lat="41.8793088" lon="-87.6411293">
    <tag k="highway" v="traffic_signals"/>
    <tag k="traffic_signals" v="signal"/>
  </node>
  <node id="257381494" lat="41.8792909" lon="-87.6425803">
    <tag k="highway" v="traffic_signals"/>
    <tag k="traffic_signals" v="signal"/>
  </node>
  <node id="257381516" lat="41.8793273" lon="-87.6396562">
    <tag k="highway" v="traffic_signals"/>
    <tag k="traffic_signals" v="signal"/>
  </node>
  <node id="257381546" lat="41.8805976" lon="-87.6396933">
    <tag k="highway" v="traffic_signals"/>
    <tag k="traffic_signals" v="signal"/>
  </node>
  <node id="257381547" lat="41.8805324" lon="-87.6440868">
    <tag k="highway" v="traffic_signals"/>
    <tag k="traffic_signals" v="signal"/>
  </node>
  <node id="257381556" lat="41.8805670" lon="-87.6411695">
    <tag k="highway" v="traffic_signals"/>
    <tag k="traffic_signals" v="signal"/>
  </node>
  <node id="257381566" lat="41.8805412" lon="-87.6426265">
    <tag k="highway" v="traffic_signals"/>
    <tag k="traffic_signals" v="signal"/>
  </node>
  <node id="258019910" lat="41.8755874" lon="-87.6616866">
    <tag k="highway" v="motorway_junction"/>
    <tag k="ref" v="29A"/>
  </node>
  <node id="258020014" lat="41.8760942" lon="-87.6561089"/>
  <node id="258020015" lat="41.8761917" lon="-87.6572677"/>
  <node id="258020206" lat="41.8844384" lon="-87.6427529">
    <tag k="highway" v="traffic_signals"/>
  </node>
  <node id="258020207" lat="41.8831922" lon="-87.6427118">
    <tag k="highway" v="traffic_signals"/>
  </node>
  <node id="258020218" lat="41.8818705" lon="-87.6412141">
    <tag k="highway" v="traffic_signals"/>
    <tag k="traffic_signals" v="signal"/>
  </node>
  <node id="258020219" lat="41.8831852" lon="-87.6412675">
    <tag k="highway" v="traffic_signals"/>
    <tag k="traffic_signals" v="signal"/>
  </node>
  <node id="258020220" lat="41.8844447" lon="-87.6413076">
    <tag k="highway" v="traffic_signals"/>
  </node>
  <node id="258020600" lat="41.8857101" lon="-87.6442408">
    <tag k="highway" v="traffic_signals"/>
  </node>
  <node id="258020601" lat="41.8856727" lon="-87.6474804">
    <tag k="highway" v="traffic_signals"/>
  </node>
  <node id="258020602" lat="41.8857168" lon="-87.6427895">
    <tag k="highway" v="traffic_signals"/>
  </node>
  <node id="258020603" lat="41.8857338" lon="-87.6398656">
    <tag k="highway" v="traffic_signals"/>
    <tag k="traffic_signals" v="signal"/>
  </node>
  <node id="258020617" lat="41.8868193" lon="-87.6399045"/>
  <node id="258020660" lat="41.8831847" lon="-87.6397453">
    <tag k="highway" v="traffic_signals"/>
    <tag k="traffic_signals" v="signal"/>
  </node>
  <node id="258020677" lat="41.8818475" lon="-87.6426722">
    <tag k="highway" v="traffic_signals"/>
    <tag k="traffic_signals" v="signal"/>
  </node>
  <node id="258020678" lat="41.8818174" lon="-87.6441060">
    <tag k="highway" v="traffic_signals"/>
    <tag k="traffic_signals" v="signal"/>
  </node>
  <node id="258020679" lat="41.8818886" lon="-87.6397063">
    <tag k="highway" v="traffic_signals"/>
    <tag k="traffic_signals" v="signal"/>
  </node>
  <node id="258020680" lat="41.8818925" lon="-87.6387735">
    <tag k="crossing" v="traffic_signals"/>
    <tag k="highway" v="crossing"/>
  </node>
  <node id="258020692" lat="41.8831867" lon="-87.6441445">
    <tag k="highway" v="traffic_signals"/>
  </node>
  <node id="258020695" lat="41.8831972" lon="-87.6386613">
    <tag k="button_operated" v="no"/>
    <tag k="crossing" v="traffic_signals"/>
    <tag k="highway" v="crossing"/>
    <tag k="tactile_paving" v="yes"/>
  </node>
  <node id="258020713" lat="41.8844246" lon="-87.6441836">
    <tag k="highway" v="traffic_signals"/>
  </node>
  <node id="258020714" lat="41.8844549" lon="-87.6383248"/>
  <node id="258021247" lat="41.8793690" lon="-87.6352736">
    <tag k="highway" v="traffic_signals"/>
    <tag k="name:etymology:wikidata" v="Q34969"/>
    <tag k="name:etymology:wikipedia" v="en:Benjamin Franklin"/>
    <tag k="traffic_signals" v="signal"/>
  </node>
  <node id="258021249" lat="41.8819237" lon="-87.6353428">
    <tag k="highway" v="traffic_signals"/>
    <tag k="traffic_signals" v="signal"/>
  </node>
  <node id="258021250" lat="41.8832393" lon="-87.6353760">
    <tag k="highway" v="traffic_signals"/>
    <tag k="traffic_signals" v="signal"/>
  </node>
  <node id="258021251" lat="41.8844649" lon="-87.6354008">
    <tag k="highway" v="traffic_signals"/>
    <tag k="traffic_signals" v="signal"/>
  </node>
  <node id="258021252" lat="41.8857333" lon="-87.6354195">
    <tag k="highway" v="traffic_signals"/>
  </node>
  <node id="258021253" lat="41.8806496" lon="-87.6353074">
    <tag k="highway" v="traffic_signals"/>
    <tag k="traffic_signals" v="signal"/>
  </node>
  <node id="258021834" lat="41.8767298" lon="-87.6367918">
    <tag k="button_operated" v="no"/>
    <tag k="crossing" v="traffic_signals"/>
    <tag k="crossing:markings" v="zebra"/>
    <tag k="crossing:signals" v="yes"/>
    <tag k="highway" v="crossing"/>
    <tag k="tactile_paving" v="yes"/>
    <tag k="traffic_signals:sound" v="no"/>
    <tag k="traffic_signals:vibration" v="no"/>
  </node>
  <node id="258021835" lat="41.8766553" lon="-87.6367885"/>
  <node id="258021837" lat="41.8765345" lon="-87.6367727"/>
  <node id="258021838" lat="41.8763608" lon="-87.6366669"/>
  <node id="258021865" lat="41.8747360" lon="-87.6352804"/>
  <node id="258021866" lat="41.8753503" lon="-87.6357587"/>
  <node id="258023775" lat="41.8851193" lon="-87.6461076">
    <tag k="highway" v="motorway_junction"/>
    <tag k="ref" v="51C"/>
  </node>
  <node id="258030657" lat="41.8719640" lon="-87.6443628">
    <tag k="noexit" v="yes"/>
  </node>
  <node id="258032427" lat="41.8792229" lon="-87.6472752">
    <tag k="highway" v="traffic_signals"/>
  </node>
  <node id="258032862" lat="41.8804962" lon="-87.6473203">
    <tag k="highway" v="traffic_signals"/>
  </node>
  <node id="258298729" lat="41.8754747" lon="-87.6419076">
    <tag k="highway" v="motorway_junction"/>
    <tag k="noref" v="yes"/>
  </node>
  <node id="258889845" lat="41.8751833" lon="-87.6662916"/>
  <node id="258890339" lat="41.8754552" lon="-87.6605653"/>
  <node id="258890341" lat="41.8754277" lon="-87.6597398"/>
  <node id="258890343" lat="41.8753217" lon="-87.6585430"/>
  <node id="258955472" lat="41.8867433" lon="-87.6521759"/>
  <node id="258955473" lat="41.8844208" lon="-87.6521059">
    <tag k="highway" v="traffic_signals"/>
    <tag k="traffic_signals" v="signal"/>
  </node>
  <node id="258955475" lat="41.8830824" lon="-87.6520637">
    <tag k="highway" v="traffic_signals"/>
  </node>
  <node id="258955476" lat="41.8817013" lon="-87.6520294">
    <tag k="highway" v="traffic_signals"/>
    <tag k="traffic_signals" v="signal"/>
  </node>
  <node id="258955477" lat="41.8804221" lon="-87.6519844">
    <tag k="highway" v="traffic_signals"/>
  </node>
  <node id="258955478" lat="41.8791385" lon="-87.6519453">
    <tag k="highway" v="traffic_signals"/>
  </node>
  <node id="258955481" lat="41.8844139" lon="-87.6474389">
    <tag k="highway" v="traffic_signals"/>
    <tag k="traffic_signals" v="signal"/>
  </node>
  <node id="258956042" lat="41.8844077" lon="-87.6453321"/>
  <node id="258956043" lat="41.8844050" lon="-87.6463810"/>
  <node id="258956044" lat="41.8843727" lon="-87.6497800"/>
  <node id="258956045" lat="41.8843333" lon="-87.6521040">
    <tag k="highway" v="traffic_signals"/>
    <tag k="traffic_signals" v="signal"/>
  </node>
  <node id="258956095" lat="41.8855925" lon="-87.6521658">
    <tag k="highway" v="traffic_signals"/>
    <tag k="traffic_signals" v="signal"/>
  </node>
  <node id="258956097" lat="41.8855092" lon="-87.6568032"/>
  <node id="258956212" lat="41.8857228" lon="-87.6413416">
    <tag k="highway" v="traffic_signals"/>
  </node>
  <node id="258956336" lat="41.8831584" lon="-87.6474045">
    <tag k="highway" v="traffic_signals"/>
  </node>
  <node id="258966840" lat="41.8868082" lon="-87.6413530">
    <tag k="highway" v="stop"/>
  </node>
  <node id="261095709" lat="41.8812119" lon="-87.6411895"/>
  <node id="261097858" lat="41.8785943" lon="-87.6463626">
    <tag k="noexit" v="yes"/>
  </node>
  <node id="261116596" lat="41.8720586" lon="-87.6370887">
    <tag k="barrier" v="lift_gate"/>
  </node>
  <node id="261117496" lat="41.8838810" lon="-87.6353882"/>
  <node id="261117497" lat="41.8837387" lon="-87.6465288"/>
  <node id="261119977" lat="41.8851166" lon="-87.6442158"/>
  <node id="261121575" lat="41.8744422" lon="-87.6368711"/>
  <node id="261126706" lat="41.8732171" lon="-87.6584117"/>
  <node id="261126707" lat="41.8731911" lon="-87.6602308"/>
  <node id="261126708" lat="41.8731641" lon="-87.6617558"/>
  <node id="261136315" lat="41.8802135" lon="-87.6643838">
    <tag k="direction" v="both"/>
    <tag k="highway" v="stop"/>
  </node>
  <node id="261141524" lat="41.8786127" lon="-87.6570507"/>
  <node id="261141525" lat="41.8785593" lon="-87.6594702"/>
  <node id="261141535" lat="41.8785025" lon="-87.6519260"/>
  <node id="261141536" lat="41.8784495" lon="-87.6545905"/>
  <node id="261143283" lat="41.8830605" lon="-87.6532264">
    <tag k="highway" v="stop"/>
  </node>
  <node id="261143284" lat="41.8830405" lon="-87.6543982">
    <tag k="highway" v="traffic_signals"/>
  </node>
  <node id="261143285" lat="41.8830173" lon="-87.6555628">
    <tag k="highway" v="stop"/>
  </node>
  <node id="261143286" lat="41.8829981" lon="-87.6567091">
    <tag k="highway" v="traffic_signals"/>
  </node>
  <node id="261143287" lat="41.8829841" lon="-87.6576468"/>
  <node id="261143288" lat="41.8829659" lon="-87.6587876">
    <tag k="highway" v="stop"/>
  </node>
  <node id="261143289" lat="41.8829518" lon="-87.6596917"/>
  <node id="261143292" lat="41.8828937" lon="-87.6637267"/>
  <node id="261143294" lat="41.8828570" lon="-87.6646531">
    <tag k="highway" v="traffic_signals"/>
    <tag k="traffic_signals" v="signal"/>
  </node>
  <node id="261148942" lat="41.8802543" lon="-87.6619583"/>
  <node id="261148943" lat="41.8789713" lon="-87.6619200">
    <tag k="highway" v="traffic_signals"/>
  </node>
  <node id="261151328" lat="41.8810447" lon="-87.6595560"/>
  <node id="261151329" lat="41.8802952" lon="-87.6595288"/>
  <node id="261151331" lat="41.8781922" lon="-87.6594598"/>
  <node id="261157263" lat="41.8873464" lon="-87.6510300"/>
  <node id="261162222" lat="41.8759833" lon="-87.6532523"/>
  <node id="261177025" lat="41.8808157" lon="-87.6546768"/>
  <node id="261177029" lat="41.8807653" lon="-87.6571162"/>
  <node id="261177034" lat="41.8812281" lon="-87.6396881"/>
  <node id="261177784" lat="41.8862367" lon="-87.6455034"/>
  <node id="261177791" lat="41.8866572" lon="-87.6588849">
    <tag k="highway" v="stop"/>
    <tag k="stop" v="all"/>
  </node>
  <node id="261177792" lat="41.8876843" lon="-87.6589102"/>
  <node id="261186104" lat="41.8854547" lon="-87.6607625"/>
  <node id="261209658" lat="41.8816864" lon="-87.6531879">
    <tag k="highway" v="stop"/>
    <tag k="stop" v="all"/>
  </node>
  <node id="261209662" lat="41.8816297" lon="-87.6566890">
    <tag k="highway" v="traffic_signals"/>
    <tag k="traffic_signals" v="signal"/>
  </node>
  <node id="261213616" lat="41.8761094" lon="-87.6540628"/>
  <node id="261214831" lat="41.8855507" lon="-87.6544672"/>
  <node id="261214832" lat="41.8867089" lon="-87.6545002"/>
  <node id="261214833" lat="41.8877305" lon="-87.6545294"/>
  <node id="261214836" lat="41.8889727" lon="-87.6545648"/>
  <node id="261218223" lat="41.8722079" lon="-87.6601967"/>
  <node id="261218224" lat="41.8722341" lon="-87.6583693"/>
  <node id="261220967" lat="41.8855714" lon="-87.6533020"/>
  <node id="261220969" lat="41.8855286" lon="-87.6556370"/>
  <node id="261220972" lat="41.8854255" lon="-87.6624143"/>
  <node id="261226833" lat="41.8843321" lon="-87.6576800"/>
  <node id="261239961" lat="41.8811510" lon="-87.6571278"/>
  <node id="261239963" lat="41.8803360" lon="-87.6571032">
    <tag k="highway" v="traffic_signals"/>
  </node>
  <node id="261239964" lat="41.8790527" lon="-87.6570638">
    <tag k="highway" v="traffic_signals"/>
  </node>
  <node id="261239965" lat="41.8782294" lon="-87.6570411"/>
  <node id="261246491" lat="41.8811878" lon="-87.6546903"/>
  <node id="261248431" lat="41.8867225" lon="-87.6533397"/>
  <node id="261248433" lat="41.8866931" lon="-87.6556718"/>
  <node id="261252844" lat="41.8877426" lon="-87.6533735"/>
  <node id="261252846" lat="41.8877180" lon="-87.6557026"/>
  <node id="261264125" lat="41.8889843" lon="-87.6534146"/>
  <node id="261285625" lat="41.8790938" lon="-87.6546140"/>
  <node id="261291508" lat="41.8712489" lon="-87.6601325"/>
  <node id="261293059" lat="41.8736838" lon="-87.6584293">
    <tag k="highway" v="turning_circle"/>
  </node>
  <node id="261307486" lat="41.8712944" lon="-87.6583436"/>
  <node id="261341045" lat="41.8803771" lon="-87.6546609">
    <tag k="highway" v="stop"/>
    <tag k="stop" v="all"/>
  </node>
  <node id="261359165" lat="41.8851105" lon="-87.6465605">
    <tag k="noexit" v="yes"/>
  </node>
  <node id="261881717" lat="41.8765738" lon="-87.6539327"/>
  <node id="261881720" lat="41.8765949" lon="-87.6524575"/>
  <node id="261883169" lat="41.8791595" lon="-87.6507843"/>
  <node id="261883261" lat="41.8791807" lon="-87.6496118">
    <tag k="highway" v="stop"/>
  </node>
  <node id="261883442" lat="41.8792016" lon="-87.6484524"/>
  <node id="261885955" lat="41.8817233" lon="-87.6508656">
    <tag k="highway" v="traffic_signals"/>
    <tag k="traffic_signals" v="signal"/>
  </node>
  <node id="261886237" lat="41.8804809" lon="-87.6484920">
    <tag k="highway" v="stop"/>
    <tag k="stop" v="all"/>
  </node>
  <node id="261886238" lat="41.8804613" lon="-87.6496542">
    <tag k="highway" v="stop"/>
  </node>
  <node id="261886239" lat="41.8804416" lon="-87.6508250">
    <tag k="highway" v="stop"/>
  </node>
  <node id="261886293" lat="41.8804907" lon="-87.6479093"/>
  <node id="262150148" lat="41.8773156" lon="-87.6472189"/>
  <node id="262174063" lat="41.8760119" lon="-87.6518594">
    <tag k="highway" v="traffic_signals"/>
    <tag k="traffic_signals" v="signal"/>
  </node>
  <node id="262174297" lat="41.8751166" lon="-87.6518311"/>
  <node id="262174299" lat="41.8750832" lon="-87.6542846"/>
  <node id="262174301" lat="41.8753278" lon="-87.6545304"/>
  <node id="262174944" lat="41.8728246" lon="-87.6409307"/>
  <node id="262174945" lat="41.8727982" lon="-87.6423794"/>
  <node id="262184214" lat="41.8787090" lon="-87.6352561"/>
  <node id="262184215" lat="41.8787295" lon="-87.6337643"/>
  <node id="262247584" lat="41.8786107" lon="-87.6411180"/>
  <node id="262247585" lat="41.8786453" lon="-87.6425476"/>
  <node id="262247588" lat="41.8786291" lon="-87.6440079"/>
  <node id="262347210" lat="41.8765653" lon="-87.6545255"/>
  <node id="265647254" lat="41.8856978" lon="-87.6453967"/>
  <node id="265647291" lat="41.8862548" lon="-87.6442610"/>
  <node id="265647565" lat="41.8853062" lon="-87.6457351"/>
  <node id="265647697" lat="41.8856967" lon="-87.6455337"/>
  <node id="265647702" lat="41.8856859" lon="-87.6465721"/>
  <node id="265648208" lat="41.8837570" lon="-87.6441644"/>
  <node id="265648679" lat="41.8831543" lon="-87.6463132"/>
  <node id="265649293" lat="41.8817937" lon="-87.6462912"/>
  <node id="265649309" lat="41.8818079" lon="-87.6452600"/>
  <node id="265649647" lat="41.8831814" lon="-87.6452696"/>
  <node id="265649742" lat="41.8824978" lon="-87.6441207"/>
  <node id="265649769" lat="41.8805080" lon="-87.6462800"/>
  <node id="265649799" lat="41.8805220" lon="-87.6451706"/>
  <node id="265650597" lat="41.8791323" lon="-87.6462541"/>
  <node id="265650598" lat="41.8783344" lon="-87.6463059"/>
  <node id="265650604" lat="41.8785826" lon="-87.6472535"/>
  <node id="270606896" lat="41.8838334" lon="-87.6368250"/>
  <node id="270611554" lat="41.8857316" lon="-87.6347741"/>
  <node id="271154389" lat="41.8756969" lon="-87.6350135"/>
  <node id="271154396" lat="41.8755620" lon="-87.6350086"/>
  <node id="271154525" lat="41.8746965" lon="-87.6347841"/>
  <node id="271154526" lat="41.8748339" lon="-87.6351236"/>
  <node id="271155124" lat="41.8754342" lon="-87.6356422"/>
  <node id="271155321" lat="41.8757620" lon="-87.6360698"/>
  <node id="271155581" lat="41.8760443" lon="-87.6360899"/>
  <node id="271155582" lat="41.8760844" lon="-87.6352255"/>
  <node id="271158079" lat="41.8775118" lon="-87.6368049"/>
  <node id="271158487" lat="41.8766586" lon="-87.6366599"/>
  <node id="271158488" lat="41.8769255" lon="-87.6366997"/>
  <node id="271159808" lat="41.8766327" lon="-87.6367504"/>
  <node id="271162254" lat="41.8807325" lon="-87.6368019"/>
  <node id="271162345" lat="41.8806315" lon="-87.6367584">
    <tag k="highway" v="traffic_signals"/>
    <tag k="traffic_signals" v="signal"/>
  </node>
  <node id="271164797" lat="41.8812576" lon="-87.6367748"/>
  <node id="271164947" lat="41.8793281" lon="-87.6367614">
    <tag k="highway" v="traffic_signals"/>
    <tag k="layer" v="-1"/>
    <tag k="traffic_signals" v="signal"/>
  </node>
  <node id="271164958" lat="41.8793263" lon="-87.6369146">
    <tag k="highway" v="traffic_signals"/>
    <tag k="layer" v="-1"/>
    <tag k="traffic_signals" v="signal"/>
  </node>
  <node id="271164975" lat="41.8819580" lon="-87.6368217">
    <tag k="highway" v="traffic_signals"/>
    <tag k="layer" v="-1"/>
    <tag k="traffic_signals" v="signal"/>
  </node>
  <node id="271166201" lat="41.8778253" lon="-87.6366854"/>
  <node id="271166509" lat="41.8795456" lon="-87.6369624"/>
  <node id="271166785" lat="41.8819160" lon="-87.6370221">
    <tag k="highway" v="traffic_signals"/>
    <tag k="traffic_signals" v="signal"/>
  </node>
  <node id="271166846" lat="41.8820987" lon="-87.6370265"/>
  <node id="271166854" lat="41.8821086" lon="-87.6367939"/>
  <node id="271167049" lat="41.8830117" lon="-87.6368112"/>
  <node id="271167057" lat="41.8830103" lon="-87.6370487"/>
  <node id="271167195" lat="41.8843459" lon="-87.6368845"/>
  <node id="271167217" lat="41.8843507" lon="-87.6370365"/>
  <node id="271167405" lat="41.8857183" lon="-87.6368049"/>
  <node id="271167487" lat="41.8855974" lon="-87.6369515"/>
  <node id="271167545" lat="41.8830803" lon="-87.6368564"/>
  <node id="271167576" lat="41.8844592" lon="-87.6369651">
    <tag k="highway" v="traffic_signals"/>
    <tag k="traffic_signals" v="signal"/>
  </node>
  <node id="271167599" lat="41.8855051" lon="-87.6369630"/>
  <node id="271167600" lat="41.8830854" lon="-87.6370108"/>
  <node id="271168439" lat="41.8860104" lon="-87.6366601"/>
  <node id="271662674" lat="41.8756738" lon="-87.6380401"/>
  <node id="271662675" lat="41.8756567" lon="-87.6392803"/>
  <node id="271662682" lat="41.8755300" lon="-87.6392766"/>
  <node id="271662683" lat="41.8755545" lon="-87.6380369"/>
  <node id="287247179" lat="41.8779654" lon="-87.6452899"/>
  <node id="287252205" lat="41.8767266" lon="-87.6448033"/>
  <node id="287257359" lat="41.8818013" lon="-87.6457302"/>
  <node id="287257360" lat="41.8818001" lon="-87.6458269"/>
  <node id="287257682" lat="41.8856945" lon="-87.6458981"/>
  <node id="287260219" lat="41.8787170" lon="-87.6456964"/>
  <node id="287260505" lat="41.8818085" lon="-87.6451802"/>
  <node id="287260558" lat="41.8810631" lon="-87.6451793">
    <tag k="highway" v="crossing"/>
  </node>
  <node id="287260702" lat="41.8818468" lon="-87.6453554">
    <tag k="highway" v="motorway_junction"/>
    <tag k="ref" v="51C"/>
  </node>
  <node id="287260704" lat="41.8831791" lon="-87.6452160"/>
  <node id="287261042" lat="41.8833076" lon="-87.6453958">
    <tag k="highway" v="motorway_junction"/>
    <tag k="ref" v="51A;51B"/>
  </node>
  <node id="287261388" lat="41.8862613" lon="-87.6463150">
    <tag k="highway" v="motorway_junction"/>
    <tag k="ref" v="51B"/>
  </node>
  <node id="287261419" lat="41.8858680" lon="-87.6464093"/>
  <node id="287261507" lat="41.8836967" lon="-87.6464089"/>
  <node id="287261602" lat="41.8826960" lon="-87.6463336"/>
  <node id="287261610" lat="41.8829778" lon="-87.6460107">
    <tag k="highway" v="motorway_junction"/>
    <tag k="ref" v="51E"/>
  </node>
  <node id="287261642" lat="41.8814842" lon="-87.6462584"/>
  <node id="287261643" lat="41.8805049" lon="-87.6463948"/>
  <node id="287261730" lat="41.8803379" lon="-87.6462726"/>
  <node id="287261953" lat="41.8820202" lon="-87.6453148"/>
  <node id="287262062" lat="41.8853156" lon="-87.6464329"/>
  <node id="287262144" lat="41.8846487" lon="-87.6462778"/>
  <node id="287262182" lat="41.8817919" lon="-87.6464891"/>
  <node id="287505357" lat="41.8762171" lon="-87.6471914"/>
  <node id="288070373" lat="41.8831551" lon="-87.6479845"/>
  <node id="288070375" lat="41.8837316" lon="-87.6474219"/>
  <node id="288070377" lat="41.8831014" lon="-87.6509017">
    <tag k="highway" v="traffic_signals"/>
    <tag k="traffic_signals" v="signal"/>
  </node>
  <node id="288070401" lat="41.8843540" lon="-87.6509286"/>
  <node id="288070403" lat="41.8856142" lon="-87.6509757"/>
  <node id="288070407" lat="41.8867601" lon="-87.6510064"/>
  <node id="288070412" lat="41.8856349" lon="-87.6498176"/>
  <node id="288070417" lat="41.8831194" lon="-87.6497394">
    <tag k="highway" v="stop"/>
  </node>
  <node id="288070420" lat="41.8817444" lon="-87.6496967">
    <tag k="highway" v="stop"/>
    <tag k="stop" v="all"/>
  </node>
  <node id="288070450" lat="41.8817625" lon="-87.6485317">
    <tag k="highway" v="traffic_signals"/>
  </node>
  <node id="288070457" lat="41.8843941" lon="-87.6486095"/>
  <node id="288070465" lat="41.8856554" lon="-87.6486450"/>
  <node id="293974158" lat="41.8765110" lon="-87.6572804"/>
  <node id="312587569" lat="41.8841927" lon="-87.6606815"/>
  <node id="312587599" lat="41.8842167" lon="-87.6588201"/>
  <node id="345097973" lat="41.8763757" lon="-87.6581690"/>
  <node id="345124661" lat="41.8758899" lon="-87.6518533">
    <tag k="highway" v="traffic_signals"/>
    <tag k="traffic_signals" v="signal"/>
  </node>
  <node id="366591402" lat="41.8854812" lon="-87.6588530"/>
  <node id="369631694" lat="41.8851008" lon="-87.6474629"/>
  <node id="388608188" lat="41.8756700" lon="-87.6336842">
    <tag k="highway" v="traffic_signals"/>
    <tag k="traffic_signals" v="signal"/>
  </node>
  <node id="410791896" lat="41.8843240" lon="-87.6474367">
    <tag k="highway" v="traffic_signals"/>
    <tag k="traffic_signals" v="signal"/>
  </node>
  <node id="410791898" lat="41.8843053" lon="-87.6486071"/>
  <node id="410791899" lat="41.8842837" lon="-87.6497746"/>
  <node id="410791900" lat="41.8842689" lon="-87.6509289"/>
  <node id="410791901" lat="41.8842439" lon="-87.6520999">
    <tag k="highway" v="traffic_signals"/>
    <tag k="traffic_signals" v="signal"/>
  </node>
  <node id="410791902" lat="41.8842180" lon="-87.6532571"/>
  <node id="410791903" lat="41.8841987" lon="-87.6544299"/>
  <node id="410791904" lat="41.8841794" lon="-87.6555974"/>
  <node id="410791905" lat="41.8841579" lon="-87.6567328">
    <tag k="highway" v="traffic_signals"/>
    <tag k="traffic_signals" v="signal"/>
  </node>
  <node id="410791906" lat="41.8841438" lon="-87.6576767"/>
  <node id="410791907" lat="41.8841299" lon="-87.6588178"/>
  <node id="410791910" lat="41.8845233" lon="-87.6466385"/>
  <node id="410791911" lat="41.8845058" lon="-87.6474417">
    <tag k="highway" v="traffic_signals"/>
    <tag k="traffic_signals" v="signal"/>
  </node>
  <node id="410791912" lat="41.8844793" lon="-87.6486120"/>
  <node id="410791913" lat="41.8844651" lon="-87.6497821"/>
  <node id="410791914" lat="41.8844432" lon="-87.6509324"/>
  <node id="410791915" lat="41.8843987" lon="-87.6532627"/>
  <node id="410791916" lat="41.8843810" lon="-87.6544339"/>
  <node id="410791917" lat="41.8843633" lon="-87.6556020"/>
  <node id="410791918" lat="41.8843458" lon="-87.6567555">
    <tag k="highway" v="traffic_signals"/>
    <tag k="traffic_signals" v="signal"/>
  </node>
  <node id="410791919" lat="41.8843149" lon="-87.6588229"/>
  <node id="410791920" lat="41.8842866" lon="-87.6607102"/>
  <node id="413121192" lat="41.8817726" lon="-87.6479448"/>
  <node id="415475360" lat="41.8712775" lon="-87.6423220"/>
  <node id="415475361" lat="41.8705040" lon="-87.6422957"/>
  <node id="415475474" lat="41.8712518" lon="-87.6437882"/>
  <node id="418074944" lat="41.8712994" lon="-87.6408705"/>
  <node id="418074974" lat="41.8705371" lon="-87.6408408"/>
  <node id="418077925" lat="41.8807482" lon="-87.6463870"/>
  <node id="418155585" lat="41.8842329" lon="-87.6576787"/>
  <node id="418155586" lat="41.8842485" lon="-87.6567437">
    <tag k="highway" v="traffic_signals"/>
    <tag k="traffic_signals" v="signal"/>
  </node>
  <node id="418155683" lat="41.8842880" lon="-87.6544324"/>
  <node id="418155686" lat="41.8842685" lon="-87.6556012"/>
  <node id="418155691" lat="41.8843111" lon="-87.6532611"/>
  <node id="418156652" lat="41.8844061" lon="-87.6465739"/>
  <node id="418157218" lat="41.8829221" lon="-87.6619077"/>
  <node id="427144773" lat="41.8713006" lon="-87.6580416"/>
  <node id="427144783" lat="41.8722383" lon="-87.6580764"/>
  <node id="427144922" lat="41.8703411" lon="-87.6583150"/>
  <node id="428888032" lat="41.8747102" lon="-87.6396069"/>
  <node id="428888035" lat="41.8767706" lon="-87.6396183">
    <tag k="highway" v="traffic_signals"/>
    <tag k="traffic_signals" v="signal"/>
  </node>
  <node id="428888881" lat="41.8753945" lon="-87.6401998"/>
  <node id="428889376" lat="41.8757644" lon="-87.6408073"/>
  <node id="428890367" lat="41.8758469" lon="-87.6398564"/>
  <node id="428890368" lat="41.8758383" lon="-87.6410237"/>
  <node id="428890369" lat="41.8758143" lon="-87.6424663"/>
  <node id="428890372" lat="41.8759164" lon="-87.6439182"/>
  <node id="428891513" lat="41.8753131" lon="-87.6397754"/>
  <node id="428891516" lat="41.8753051" lon="-87.6410117"/>
  <node id="428891518" lat="41.8752853" lon="-87.6424471"/>
  <node id="428891522" lat="41.8752612" lon="-87.6438986"/>
  <node id="428891673" lat="41.8753847" lon="-87.6398689"/>
  <node id="428892679" lat="41.8767692" lon="-87.6398168">
    <tag k="highway" v="traffic_signals"/>
    <tag k="traffic_signals" v="signal"/>
  </node>
  <node id="495804982" lat="41.8821759" lon="-87.6497103"/>
  <node id="495804983" lat="41.8821590" lon="-87.6508763"/>
  <node id="495804984" lat="41.8826855" lon="-87.6508893"/>
  <node id="495804985" lat="41.8827020" lon="-87.6497268"/>
  <node id="495804986" lat="41.8827185" lon="-87.6485609"/>
  <node id="619038611" lat="41.8844594" lon="-87.6362893"/>
  <node id="619038631" lat="41.8850958" lon="-87.6368302"/>
  <node id="619038682" lat="41.8858797" lon="-87.6368729"/>
  <node id="619038683" lat="41.8855940" lon="-87.6368986"/>
  <node id="619040173" lat="41.8759288" lon="-87.6362502"/>
  <node id="619040175" lat="41.8793592" lon="-87.6367226">
    <tag k="highway" v="traffic_signals"/>
    <tag k="traffic_signals" v="signal"/>
  </node>
  <node id="619040181" lat="41.8746697" lon="-87.6351196"/>
  <node id="619040182" lat="41.8750038" lon="-87.6353979"/>
  <node id="619040184" lat="41.8764867" lon="-87.6365727"/>
  <node id="619040191" lat="41.8817898" lon="-87.6368890"/>
  <node id="619040194" lat="41.8806277" lon="-87.6369977">
    <tag k="highway" v="traffic_signals"/>
    <tag k="traffic_signals" v="signal"/>
  </node>
  <node id="624845380" lat="41.8697814" lon="-87.6582975"/>
  <node id="624845405" lat="41.8703487" lon="-87.6578110"/>
  <node id="624845413" lat="41.8703566" lon="-87.6572814"/>
  <node id="624847194" lat="41.8751154" lon="-87.6438918"/>
  <node id="704707095" lat="41.8720526" lon="-87.6374494"/>
  <node id="704707203" lat="41.8698737" lon="-87.6393031">
    <tag k="highway" v="traffic_signals"/>
  </node>
  <node id="704745514" lat="41.8755590" lon="-87.6370559"/>
  <node id="704745556" lat="41.8756913" lon="-87.6371682"/>
  <node id="704745642" lat="41.8744061" lon="-87.6397368">
    <tag k="highway" v="traffic_signals"/>
    <tag k="traffic_signals" v="signal"/>
  </node>
  <node id="704745744" lat="41.8753954" lon="-87.6399672"/>
  <node id="704745780" lat="41.8757701" lon="-87.6402090"/>
  <node id="704745826" lat="41.8720293" lon="-87.6395576"/>
  <node id="704745832" lat="41.8737583" lon="-87.6394181"/>
  <node id="704745941" lat="41.8738861" lon="-87.6394289"/>
  <node id="704964541" lat="41.8831789" lon="-87.6399235"/>
  <node id="704964556" lat="41.8831776" lon="-87.6411008"/>
  <node id="704972401" lat="41.8838406" lon="-87.6353870"/>
  <node id="704972430" lat="41.8812749" lon="-87.6353222"/>
  <node id="704972447" lat="41.8861667" lon="-87.6366602"/>
  <node id="704972448" lat="41.8859350" lon="-87.6368913"/>
  <node id="704972454" lat="41.8853515" lon="-87.6368098"/>
  <node id="704972455" lat="41.8859057" lon="-87.6366884"/>
  <node id="704972458" lat="41.8861230" lon="-87.6364799"/>
  <node id="704972469" lat="41.8861791" lon="-87.6365955"/>
  <node id="704973275" lat="41.8860772" lon="-87.6367189"/>
  <node id="704973276" lat="41.8861186" lon="-87.6365456"/>
  <node id="704973667" lat="41.8855171" lon="-87.6368315"/>
  <node id="704973670" lat="41.8847183" lon="-87.6369693"/>
  <node id="704973993" lat="41.8780238" lon="-87.6368951"/>
  <node id="707903295" lat="41.8868032" lon="-87.6456691"/>
  <node id="707903303" lat="41.8869132" lon="-87.6457080">
    <tag k="direction" v="backward"/>
    <tag k="highway" v="stop"/>
  </node>
  <node id="707990565" lat="41.8883791" lon="-87.6545479"/>
  <node id="707990567" lat="41.8883954" lon="-87.6533951"/>
  <node id="707992067" lat="41.8884283" lon="-87.6533962">
    <tag k="crossing:barrier" v="half"/>
    <tag k="railway" v="level_crossing"/>
  </node>
  <node id="707992069" lat="41.8884602" lon="-87.6533972">
    <tag k="crossing:barrier" v="no"/>
    <tag k="railway" v="level_crossing"/>
  </node>
  <node id="707992073" lat="41.8884959" lon="-87.6533984">
    <tag k="crossing:barrier" v="half"/>
    <tag k="railway" v="level_crossing"/>
  </node>
  <node id="707992094" lat="41.8884131" lon="-87.6545489">
    <tag k="railway" v="level_crossing"/>
  </node>
  <node id="707992095" lat="41.8884470" lon="-87.6545498">
    <tag k="railway" v="level_crossing"/>
  </node>
  <node id="707992097" lat="41.8884845" lon="-87.6545509">
    <tag k="railway" v="level_crossing"/>
  </node>
  <node id="709360166" lat="41.8849990" lon="-87.6459405"/>
  <node id="709360170" lat="41.8847458" lon="-87.6459222"/>
  <node id="709360171" lat="41.8845476" lon="-87.6459173"/>
  <node id="709360174" lat="41.8841537" lon="-87.6459546"/>
  <node id="709360185" lat="41.8838559" lon="-87.6458887"/>
  <node id="709360186" lat="41.8833935" lon="-87.6458750"/>
  <node id="709360191" lat="41.8825528" lon="-87.6458955"/>
  <node id="709360201" lat="41.8823642" lon="-87.6457571"/>
  <node id="709360205" lat="41.8829251" lon="-87.6457831"/>
  <node id="709360207" lat="41.8841810" lon="-87.6457284"/>
  <node id="709360214" lat="41.8842846" lon="-87.6456324"/>
  <node id="709360243" lat="41.8812420" lon="-87.6458099"/>
  <node id="709360249" lat="41.8807949" lon="-87.6458109"/>
  <node id="709360257" lat="41.8805535" lon="-87.6458292"/>
  <node id="709360409" lat="41.8849913" lon="-87.6458562"/>
  <node id="709360411" lat="41.8851623" lon="-87.6458772"/>
  <node id="709360413" lat="41.8853909" lon="-87.6459236"/>
  <node id="709360416" lat="41.8859888" lon="-87.6460735"/>
  <node id="709360476" lat="41.8844085" lon="-87.6454817"/>
  <node id="709360480" lat="41.8844783" lon="-87.6456755"/>
  <node id="709360498" lat="41.8845596" lon="-87.6457925"/>
  <node id="709360501" lat="41.8846235" lon="-87.6458222"/>
  <node id="709360503" lat="41.8846813" lon="-87.6458354"/>
  <node id="709360525" lat="41.8852263" lon="-87.6459722"/>
  <node id="709360633" lat="41.8847499" lon="-87.6453839"/>
  <node id="709360655" lat="41.8843767" lon="-87.6456729"/>
  <node id="709360656" lat="41.8843460" lon="-87.6457612"/>
  <node id="709360658" lat="41.8842978" lon="-87.6458328"/>
  <node id="709360660" lat="41.8842274" lon="-87.6458891"/>
  <node id="709360662" lat="41.8841375" lon="-87.6459031"/>
  <node id="709360674" lat="41.8860458" lon="-87.6464076"/>
  <node id="709360702" lat="41.8844066" lon="-87.6452410"/>
  <node id="709360876" lat="41.8848704" lon="-87.6462426"/>
  <node id="709360884" lat="41.8835910" lon="-87.6464182"/>
  <node id="709360910" lat="41.8810708" lon="-87.6463326"/>
  <node id="709360985" lat="41.8796227" lon="-87.6463236"/>
  <node id="709361059" lat="41.8779639" lon="-87.6454950"/>
  <node id="709361074" lat="41.8785075" lon="-87.6454980"/>
  <node id="709361098" lat="41.8799022" lon="-87.6456258"/>
  <node id="709361181" lat="41.8792486" lon="-87.6453681"/>
  <node id="709361185" lat="41.8793262" lon="-87.6454309">
    <tag k="crossing" v="uncontrolled"/>
    <tag k="highway" v="crossing"/>
  </node>
  <node id="709361203" lat="41.8798346" lon="-87.6454277"/>
  <node id="709361325" lat="41.8862119" lon="-87.6460155"/>
  <node id="736014842" lat="41.8777129" lon="-87.6618841">
    <tag k="highway" v="traffic_signals"/>
  </node>
  <node id="736017190" lat="41.8751726" lon="-87.6544917"/>
  <node id="736017197" lat="41.8753058" lon="-87.6597882"/>
  <node id="736018754" lat="41.8842904" lon="-87.6465785"/>
  <node id="736018768" lat="41.8847515" lon="-87.6464448"/>
  <node id="736018772" lat="41.8812283" lon="-87.6520132"/>
  <node id="736018886" lat="41.8828680" lon="-87.6567222"/>
  <node id="740260045" lat="41.8825784" lon="-87.6353614"/>
  <node id="740260047" lat="41.8825703" lon="-87.6368029"/>
  <node id="740271862" lat="41.8850992" lon="-87.6354125"/>
  <node id="740363196" lat="41.8857727" lon="-87.6368865"/>
  <node id="740363198" lat="41.8759275" lon="-87.6359085"/>
  <node id="740363200" lat="41.8850469" lon="-87.6369522"/>
  <node id="740363201" lat="41.8854810" lon="-87.6369071"/>
  <node id="740363202" lat="41.8762942" lon="-87.6366058"/>
  <node id="740363203" lat="41.8761215" lon="-87.6364355"/>
  <node id="740363211" lat="41.8750278" lon="-87.6354998"/>
  <node id="740363212" lat="41.8764651" lon="-87.6367459"/>
  <node id="740363214" lat="41.8765660" lon="-87.6367218"/>
  <node id="740363215" lat="41.8765023" lon="-87.6366865"/>
  <node id="740363216" lat="41.8761042" lon="-87.6363451"/>
  <node id="740363217" lat="41.8752654" lon="-87.6355964"/>
  <node id="740363218" lat="41.8765398" lon="-87.6366112"/>
  <node id="740363224" lat="41.8774408" lon="-87.6368389"/>
  <node id="740363236" lat="41.8846172" lon="-87.6368480"/>
  <node id="740363237" lat="41.8848152" lon="-87.6368342"/>
  <node id="740363239" lat="41.8862694" lon="-87.6362522"/>
  <node id="740363252" lat="41.8858297" lon="-87.6369387">
    <tag k="button_operated" v="no"/>
    <tag k="crossing" v="traffic_signals"/>
    <tag k="highway" v="crossing"/>
    <tag k="tactile_paving" v="yes"/>
    <tag k="traffic_signals:sound" v="no"/>
    <tag k="traffic_signals:vibration" v="no"/>
  </node>
  <node id="740363253" lat="41.8848312" lon="-87.6370649"/>
  <node id="740363254" lat="41.8846402" lon="-87.6370894"/>
  <node id="740363376" lat="41.8848772" lon="-87.6368898"/>
  <node id="740363377" lat="41.8858880" lon="-87.6367422"/>
  <node id="740363388" lat="41.8770827" lon="-87.6366642"/>
  <node id="740363389" lat="41.8775733" lon="-87.6366797"/>
  <node id="740363400" lat="41.8859874" lon="-87.6368020"/>
  <node id="740363401" lat="41.8857210" lon="-87.6369290"/>
  <node id="740363402" lat="41.8769204" lon="-87.6367873"/>
  <node id="740368748" lat="41.8747703" lon="-87.6350226"/>
  <node id="740368769" lat="41.8747208" lon="-87.6350484"/>
  <node id="740368770" lat="41.8756963" lon="-87.6352922"/>
  <node id="740368771" lat="41.8755675" lon="-87.6353388"/>
  <node id="740368790" lat="41.8757670" lon="-87.6346403"/>
  <node id="740368806" lat="41.8757957" lon="-87.6342552"/>
  <node id="740368808" lat="41.8757697" lon="-87.6350157"/>
  <node id="795327252" lat="41.8806172" lon="-87.6379129"/>
  <node id="929515139" lat="41.8819079" lon="-87.6378464"/>
  <node id="929515143" lat="41.8780764" lon="-87.6373761"/>
  <node id="929515145" lat="41.8780693" lon="-87.6382443">
    <tag k="crossing" v="traffic_signals"/>
    <tag k="crossing:markings" v="zebra"/>
    <tag k="crossing:signals" v="yes"/>
    <tag k="highway" v="crossing"/>
    <tag k="tactile_paving" v="yes"/>
  </node>
  <node id="929584673" lat="41.8857324" lon="-87.6371812"/>
  <node id="929584674" lat="41.8844632" lon="-87.6375996"/>
  <node id="929586823" lat="41.8768102" lon="-87.6370527"/>
  <node id="1105813012" lat="41.8808782" lon="-87.6461300">
    <tag k="highway" v="motorway_junction"/>
    <tag k="ref" v="51F"/>
    <tag k="ref:left" v="51G"/>
    <tag k="ref:right" v="51F"/>
  </node>
  <node id="1232727256" lat="41.8760524" lon="-87.6364117"/>
  <node id="1232727258" lat="41.8762045" lon="-87.6366388"/>
  <node id="1232727266" lat="41.8757031" lon="-87.6357927"/>
  <node id="1232727293" lat="41.8759406" lon="-87.6360958"/>
  <node id="1232727307" lat="41.8761208" lon="-87.6365426"/>
  <node id="1232727316" lat="41.8759887" lon="-87.6362783"/>
  <node id="1308089590" lat="41.8743342" lon="-87.6519402">
    <tag k="crossing" v="traffic_signals"/>
    <tag k="highway" v="crossing"/>
  </node>
  <node id="1308089661" lat="41.8742724" lon="-87.6597513"/>
  <node id="1308089672" lat="41.8744529" lon="-87.6491997"/>
  <node id="1308089676" lat="41.8744445" lon="-87.6498647">
    <tag k="highway" v="traffic_signals"/>
    <tag k="traffic_signals" v="pedestrian_crossing"/>
  </node>
  <node id="1308089696" lat="41.8743388" lon="-87.6516981">
    <tag k="crossing" v="traffic_signals"/>
    <tag k="highway" v="crossing"/>
  </node>
  <node id="1308089711" lat="41.8743708" lon="-87.6498622">
    <tag k="highway" v="traffic_signals"/>
    <tag k="tactile_paving" v="incorrect"/>
    <tag k="traffic_signals" v="pedestrian_crossing"/>
  </node>
  <node id="1308089729" lat="41.8743826" lon="-87.6491964"/>
  <node id="1308089774" lat="41.8744074" lon="-87.6518101">
    <tag k="highway" v="traffic_signals"/>
    <tag k="traffic_signals" v="signal"/>
  </node>
  <node id="1308165681" lat="41.8735625" lon="-87.6471697"/>
  <node id="1308165683" lat="41.8741689" lon="-87.6471851">
    <tag k="button_operated" v="no"/>
    <tag k="crossing" v="traffic_signals"/>
    <tag k="crossing:markings" v="zebra"/>
    <tag k="crossing:signals" v="yes"/>
    <tag k="highway" v="crossing"/>
    <tag k="tactile_paving" v="incorrect"/>
    <tag k="traffic_signals:sound" v="no"/>
    <tag k="traffic_signals:vibration" v="no"/>
  </node>
  <node id="1308165685" lat="41.8711628" lon="-87.6470859"/>
  <node id="1308165690" lat="41.8726190" lon="-87.6469908"/>
  <node id="1308165700" lat="41.8700603" lon="-87.6470564"/>
  <node id="1308165701" lat="41.8735297" lon="-87.6470395"/>
  <node id="1308165703" lat="41.8712726" lon="-87.6469357"/>
  <node id="1308165704" lat="41.8700423" lon="-87.6469008"/>
  <node id="1308175650" lat="41.8741677" lon="-87.6470594">
    <tag k="button_operated" v="no"/>
    <tag k="crossing" v="traffic_signals"/>
    <tag k="crossing:markings" v="zebra"/>
    <tag k="crossing:signals" v="yes"/>
    <tag k="highway" v="crossing"/>
    <tag k="tactile_paving" v="incorrect"/>
    <tag k="traffic_signals:sound" v="no"/>
    <tag k="traffic_signals:vibration" v="no"/>
  </node>
  <node id="1308245851" lat="41.8717859" lon="-87.6568187"/>
  <node id="1308245884" lat="41.8722542" lon="-87.6568271"/>
  <node id="1309172569" lat="41.8742550" lon="-87.6611289"/>
  <node id="1309310837" lat="41.8724848" lon="-87.6512703"/>
  <node id="1309327020" lat="41.8713096" lon="-87.6568102"/>
  <node id="1309327044" lat="41.8698064" lon="-87.6567833"/>
  <node id="1309327046" lat="41.8703640" lon="-87.6567932"/>
  <node id="1309410884" lat="41.8696919" lon="-87.6444450">
    <tag k="highway" v="traffic_signals"/>
  </node>
  <node id="1309410887" lat="41.8697309" lon="-87.6422705">
    <tag k="highway" v="traffic_signals"/>
  </node>
  <node id="1309410892" lat="41.8696819" lon="-87.6453600">
    <tag k="highway" v="traffic_signals"/>
  </node>
  <node id="1309410893" lat="41.8697104" lon="-87.6437376">
    <tag k="highway" v="traffic_signals"/>
  </node>
  <node id="1309410902" lat="41.8697525" lon="-87.6408087">
    <tag k="highway" v="traffic_signals"/>
  </node>
  <node id="1309434560" lat="41.8694343" lon="-87.6552553"/>
  <node id="1309434570" lat="41.8694704" lon="-87.6532149"/>
  <node id="1309434609" lat="41.8694526" lon="-87.6542185"/>
  <node id="1309434623" lat="41.8693942" lon="-87.6582782"/>
  <node id="1309492325" lat="41.8704172" lon="-87.6470660"/>
  <node id="1309521536" lat="41.8699044" lon="-87.6511919"/>
  <node id="1309546333" lat="41.8741408" lon="-87.6569142"/>
  <node id="1318401245" lat="41.8743368" lon="-87.6518095">
    <tag k="highway" v="traffic_signals"/>
    <tag k="traffic_signals" v="signal"/>
  </node>
  <node id="1324291786" lat="41.8742918" lon="-87.6471844">
    <tag k="highway" v="traffic_signals"/>
    <tag k="traffic_signals" v="signal"/>
  </node>
  <node id="1324291788" lat="41.8743758" lon="-87.6471845">
    <tag k="highway" v="traffic_signals"/>
    <tag k="traffic_signals" v="signal"/>
  </node>
  <node id="1324291790" lat="41.8743253" lon="-87.6470667">
    <tag k="highway" v="traffic_signals"/>
    <tag k="traffic_signals" v="signal"/>
  </node>
  <node id="1324295738" lat="41.8696709" lon="-87.6468896">
    <tag k="highway" v="traffic_signals"/>
  </node>
  <node id="1324295760" lat="41.8696618" lon="-87.6470432">
    <tag k="highway" v="traffic_signals"/>
  </node>
  <node id="1324316155" lat="41.8743183" lon="-87.6569212">
    <tag k="highway" v="traffic_signals"/>
    <tag k="traffic_signals" v="signal"/>
  </node>
  <node id="1324316156" lat="41.8743223" lon="-87.6567520">
    <tag k="highway" v="traffic_signals"/>
    <tag k="traffic_signals" v="signal"/>
  </node>
  <node id="1324316157" lat="41.8742445" lon="-87.6569189">
    <tag k="highway" v="traffic_signals"/>
    <tag k="traffic_signals" v="signal"/>
  </node>
  <node id="1324316159" lat="41.8742458" lon="-87.6567495">
    <tag k="highway" v="traffic_signals"/>
    <tag k="traffic_signals" v="signal"/>
  </node>
  <node id="1337351531" lat="41.8743741" lon="-87.6424248">
    <tag k="highway" v="traffic_signals"/>
  </node>
  <node id="1337351533" lat="41.8743537" lon="-87.6445698"/>
  <node id="1337351535" lat="41.8743938" lon="-87.6409931">
    <tag k="highway" v="traffic_signals"/>
    <tag k="traffic_signals" v="signal"/>
  </node>
  <node id="1337351540" lat="41.8743590" lon="-87.6438857">
    <tag k="highway" v="traffic_signals"/>
    <tag k="traffic_signals" v="signal"/>
  </node>
  <node id="1468373238" lat="41.8848882" lon="-87.6370189"/>
  <node id="1619646529" lat="41.8718763" lon="-87.6469539">
    <tag k="highway" v="traffic_signals"/>
  </node>
  <node id="1619646530" lat="41.8718763" lon="-87.6471088">
    <tag k="highway" v="traffic_signals"/>
  </node>
  <node id="1619646531" lat="41.8718853" lon="-87.6462651"/>
  <node id="1619646532" lat="41.8718860" lon="-87.6462104"/>
  <node id="1619646533" lat="41.8718884" lon="-87.6459864"/>
  <node id="1619646534" lat="41.8719741" lon="-87.6471119">
    <tag k="highway" v="traffic_signals"/>
  </node>
  <node id="1619646535" lat="41.8719763" lon="-87.6469585">
    <tag k="highway" v="traffic_signals"/>
  </node>
  <node id="1619646536" lat="41.8719839" lon="-87.6462673"/>
  <node id="1619646537" lat="41.8719870" lon="-87.6459904"/>
  <node id="1619646554" lat="41.8731029" lon="-87.6470108"/>
  <node id="1619646569" lat="41.8735424" lon="-87.6438607"/>
  <node id="1619741045" lat="41.8764793" lon="-87.6495304"/>
  <node id="1619741051" lat="41.8766279" lon="-87.6501131"/>
  <node id="1619741053" lat="41.8766471" lon="-87.6489590"/>
  <node id="1619741121" lat="41.8778994" lon="-87.6501636"/>
  <node id="1619741123" lat="41.8779190" lon="-87.6489912"/>
  <node id="1619741146" lat="41.8785457" lon="-87.6507649"/>
  <node id="1619741151" lat="41.8786157" lon="-87.6449407"/>
  <node id="1619741204" lat="41.8791911" lon="-87.6490317"/>
  <node id="1619741208" lat="41.8792523" lon="-87.6449717"/>
  <node id="1619741298" lat="41.8792363" lon="-87.6465331"/>
  <node id="1619741347" lat="41.8801388" lon="-87.6473062"/>
  <node id="1619741386" lat="41.8805032" lon="-87.6465796"/>
  <node id="1619741387" lat="41.8805236" lon="-87.6450206"/>
  <node id="1619741491" lat="41.8814979" lon="-87.6426611"/>
  <node id="1619741525" lat="41.8818619" lon="-87.6419670"/>
  <node id="1629220012" lat="41.8757736" lon="-87.6399737"/>
  <node id="1629220014" lat="41.8768218" lon="-87.6359054"/>
  <node id="1639966977" lat="41.8754023" lon="-87.6593842"/>
  <node id="1639966978" lat="41.8752816" lon="-87.6609956"/>
  <node id="1639966979" lat="41.8751134" lon="-87.6597796"/>
  <node id="1639966980" lat="41.8754166" lon="-87.6595580"/>
  <node id="1639966982" lat="41.8753093" lon="-87.6595172"/>
  <node id="1639968781" lat="41.8756101" lon="-87.6598371"/>
  <node id="1639968782" lat="41.8756088" lon="-87.6585352"/>
  <node id="1640004497" lat="41.8750566" lon="-87.6569993"/>
  <node id="1640004498" lat="41.8748835" lon="-87.6567966"/>
  <node id="1640004499" lat="41.8749377" lon="-87.6568097"/>
  <node id="1640004501" lat="41.8748157" lon="-87.6567839"/>
  <node id="1640004503" lat="41.8766075" lon="-87.6570754">
    <tag k="crossing" v="traffic_signals"/>
    <tag k="highway" v="crossing"/>
  </node>
  <node id="1640004504" lat="41.8762866" lon="-87.6570935"/>
  <node id="1640004505" lat="41.8751203" lon="-87.6570143"/>
  <node id="1640004506" lat="41.8754756" lon="-87.6570572"/>
  <node id="1640004507" lat="41.8746760" lon="-87.6567686"/>
  <node id="1640004508" lat="41.8750735" lon="-87.6568421"/>
  <node id="1640004509" lat="41.8748008" lon="-87.6569414"/>
  <node id="1640004510" lat="41.8749169" lon="-87.6569660"/>
  <node id="1640004511" lat="41.8747442" lon="-87.6569327"/>
  <node id="1640004512" lat="41.8762802" lon="-87.6569118"/>
  <node id="1640004513" lat="41.8754692" lon="-87.6568957"/>
  <node id="1640004514" lat="41.8751319" lon="-87.6568509"/>
  <node id="1640004515" lat="41.8748648" lon="-87.6569534"/>
  <node id="1640004516" lat="41.8766099" lon="-87.6569421">
    <tag k="crossing" v="traffic_signals"/>
    <tag k="highway" v="crossing"/>
  </node>
  <node id="1640004517" lat="41.8753457" lon="-87.6568926">
    <tag k="highway" v="traffic_signals"/>
  </node>
  <node id="1640004518" lat="41.8747542" lon="-87.6567743"/>
  <node id="1640004521" lat="41.8746720" lon="-87.6569274"/>
  <node id="1640006217" lat="41.8751047" lon="-87.6544197"/>
  <node id="1640006219" lat="41.8750860" lon="-87.6543624"/>
  <node id="1640006221" lat="41.8751304" lon="-87.6544648"/>
  <node id="1640052507" lat="41.8750879" lon="-87.6540008"/>
  <node id="1640052513" lat="41.8750914" lon="-87.6543908"/>
  <node id="1640067867" lat="41.8756045" lon="-87.6604997"/>
  <node id="1640067869" lat="41.8753178" lon="-87.6511662">
    <tag k="highway" v="motorway_junction"/>
    <tag k="noref" v="yes"/>
  </node>
  <node id="1640067872" lat="41.8755524" lon="-87.6564440"/>
  <node id="1640067875" lat="41.8755273" lon="-87.6555975"/>
  <node id="1640074107" lat="41.8761299" lon="-87.6564300"/>
  <node id="1640074109" lat="41.8763927" lon="-87.6579696"/>
  <node id="1640074110" lat="41.8761917" lon="-87.6579800"/>
  <node id="1640074111" lat="41.8762679" lon="-87.6600814"/>
  <node id="1640074114" lat="41.8761763" lon="-87.6569645"/>
  <node id="1640074119" lat="41.8761556" lon="-87.6566986"/>
  <node id="1640074120" lat="41.8761796" lon="-87.6589026"/>
  <node id="1640074122" lat="41.8759688" lon="-87.6550206"/>
  <node id="1640074123" lat="41.8761966" lon="-87.6576035"/>
  <node id="1640074124" lat="41.8764169" lon="-87.6577661"/>
  <node id="1640074125" lat="41.8763369" lon="-87.6588801"/>
  <node id="1640074127" lat="41.8761541" lon="-87.6602366"/>
  <node id="1641361073" lat="41.8743483" lon="-87.6549900"/>
  <node id="1641361076" lat="41.8742796" lon="-87.6549891"/>
  <node id="1641362274" lat="41.8742558" lon="-87.6560495"/>
  <node id="1642541390" lat="41.8714381" lon="-87.6532813"/>
  <node id="1642541410" lat="41.8718762" lon="-87.6517582">
    <tag k="noexit" v="yes"/>
  </node>
  <node id="1642541421" lat="41.8707002" lon="-87.6532564"/>
  <node id="1642541430" lat="41.8726077" lon="-87.6542656"/>
  <node id="1643976908" lat="41.8733847" lon="-87.6409530"/>
  <node id="1645121434" lat="41.8726274" lon="-87.6512866"/>
  <node id="1645164023" lat="41.8729167" lon="-87.6471481"/>
  <node id="1645164034" lat="41.8726151" lon="-87.6471323"/>
  <node id="1647426997" lat="41.8758955" lon="-87.6505466"/>
  <node id="1647427003" lat="41.8757190" lon="-87.6513392"/>
  <node id="1647434101" lat="41.8757604" lon="-87.6459570"/>
  <node id="1647434102" lat="41.8757480" lon="-87.6477850"/>
  <node id="1647434106" lat="41.8757728" lon="-87.6465253"/>
  <node id="1647436342" lat="41.8756196" lon="-87.6441406"/>
  <node id="1647436344" lat="41.8756324" lon="-87.6425698">
    <tag k="highway" v="motorway_junction"/>
    <tag k="noref" v="yes"/>
  </node>
  <node id="1647436346" lat="41.8756150" lon="-87.6438414"/>
  <node id="1647436349" lat="41.8756609" lon="-87.6447527"/>
  <node id="1647436350" lat="41.8757277" lon="-87.6454418"/>
  <node id="1647436352" lat="41.8756161" lon="-87.6434395"/>
  <node id="1647436861" lat="41.8758076" lon="-87.6431140"/>
  <node id="1647436862" lat="41.8758070" lon="-87.6432051"/>
  <node id="1647436863" lat="41.8758167" lon="-87.6433737"/>
  <node id="1647436864" lat="41.8758914" lon="-87.6437819">
    <tag k="direction" v="forward"/>
    <tag k="highway" v="stop"/>
  </node>
  <node id="1647436865" lat="41.8758383" lon="-87.6435238"/>
  <node id="1647441488" lat="41.8758433" lon="-87.6445383"/>
  <node id="1647441493" lat="41.8757626" lon="-87.6442610"/>
  <node id="1647441496" lat="41.8756995" lon="-87.6437669"/>
  <node id="1647441515" lat="41.8756884" lon="-87.6434665"/>
  <node id="1647441536" lat="41.8757431" lon="-87.6441565"/>
  <node id="1647449809" lat="41.8771342" lon="-87.6456484"/>
  <node id="1647449812" lat="41.8765781" lon="-87.6455261"/>
  <node id="1647449823" lat="41.8760773" lon="-87.6453845"/>
  <node id="1647451058" lat="41.8762799" lon="-87.6452045"/>
  <node id="1647451061" lat="41.8768404" lon="-87.6454706"/>
  <node id="1647463654" lat="41.8744994" lon="-87.6463531"/>
  <node id="1647463664" lat="41.8746089" lon="-87.6464735"/>
  <node id="1647463674" lat="41.8753300" lon="-87.6483057"/>
  <node id="1647463678" lat="41.8741816" lon="-87.6460987"/>
  <node id="1647463682" lat="41.8751956" lon="-87.6472031"/>
  <node id="1647463687" lat="41.8746404" lon="-87.6461218"/>
  <node id="1647463689" lat="41.8748567" lon="-87.6465551"/>
  <node id="1647463690" lat="41.8747307" lon="-87.6463287"/>
  <node id="1647463694" lat="41.8747464" lon="-87.6466521"/>
  <node id="1647463710" lat="41.8745758" lon="-87.6458968"/>
  <node id="1647463713" lat="41.8743523" lon="-87.6462155"/>
  <node id="1647463716" lat="41.8750404" lon="-87.6468604"/>
  <node id="1647467795" lat="41.8746046" lon="-87.6451902"/>
  <node id="1647467800" lat="41.8748383" lon="-87.6446935"/>
  <node id="1647467804" lat="41.8746650" lon="-87.6449985"/>
  <node id="1647467805" lat="41.8747026" lon="-87.6449121"/>
  <node id="1647467808" lat="41.8745553" lon="-87.6456832"/>
  <node id="1647467810" lat="41.8745635" lon="-87.6454520"/>
  <node id="1647470013" lat="41.8760361" lon="-87.6445801">
    <tag k="highway" v="motorway_junction"/>
    <tag k="noref" v="yes"/>
  </node>
  <node id="1647474330" lat="41.8750767" lon="-87.6444824"/>
  <node id="1647474335" lat="41.8749982" lon="-87.6445378"/>
  <node id="1647474352" lat="41.8755440" lon="-87.6443645"/>
  <node id="1647474355" lat="41.8749310" lon="-87.6445937"/>
  <node id="1647474366" lat="41.8753018" lon="-87.6443872"/>
  <node id="1647474371" lat="41.8751738" lon="-87.6444291"/>
  <node id="1647496563" lat="41.8763680" lon="-87.6462686"/>
  <node id="1647496572" lat="41.8757112" lon="-87.6468545"/>
  <node id="1647496576" lat="41.8764192" lon="-87.6455124"/>
  <node id="1647496581" lat="41.8762075" lon="-87.6465616"/>
  <node id="1647496583" lat="41.8759683" lon="-87.6443346"/>
  <node id="1647496586" lat="41.8761161" lon="-87.6466627"/>
  <node id="1647496587" lat="41.8758858" lon="-87.6468083"/>
  <node id="1647496589" lat="41.8764491" lon="-87.6459134"/>
  <node id="1647496591" lat="41.8762831" lon="-87.6464457"/>
  <node id="1647496597" lat="41.8761743" lon="-87.6448533"/>
  <node id="1647496614" lat="41.8745426" lon="-87.6464659"/>
  <node id="1647496619" lat="41.8763612" lon="-87.6453230"/>
  <node id="1647496625" lat="41.8752262" lon="-87.6467291"/>
  <node id="1647496631" lat="41.8764260" lon="-87.6460756"/>
  <node id="1647496638" lat="41.8758418" lon="-87.6439659"/>
  <node id="1647496639" lat="41.8754696" lon="-87.6468267"/>
  <node id="1647504052" lat="41.8737476" lon="-87.6459085"/>
  <node id="1647504072" lat="41.8739414" lon="-87.6459724"/>
  <node id="1647504076" lat="41.8733935" lon="-87.6459990"/>
  <node id="1647504081" lat="41.8740367" lon="-87.6460137"/>
  <node id="1647504085" lat="41.8738538" lon="-87.6459422"/>
  <node id="1647508399" lat="41.8754377" lon="-87.6459454"/>
  <node id="1647508401" lat="41.8754575" lon="-87.6444232"/>
  <node id="1647508403" lat="41.8754530" lon="-87.6450084"/>
  <node id="1647508406" lat="41.8754595" lon="-87.6441502"/>
  <node id="1647510419" lat="41.8751015" lon="-87.6469814"/>
  <node id="1647510420" lat="41.8752593" lon="-87.6474350"/>
  <node id="1647514889" lat="41.8745135" lon="-87.6449986"/>
  <node id="1647514890" lat="41.8748709" lon="-87.6451014"/>
  <node id="1647514892" lat="41.8751129" lon="-87.6451685"/>
  <node id="1647518282" lat="41.8755475" lon="-87.6456618"/>
  <node id="1647518285" lat="41.8769569" lon="-87.6458920"/>
  <node id="1647531321" lat="41.8741575" lon="-87.6456842"/>
  <node id="1647531323" lat="41.8736424" lon="-87.6456693"/>
  <node id="1647610282" lat="41.8753813" lon="-87.6431613"/>
  <node id="1647610340" lat="41.8728672" lon="-87.6445879"/>
  <node id="1647616671" lat="41.8735209" lon="-87.6446284">
    <tag k="highway" v="motorway_junction"/>
    <tag k="ref" v="51I"/>
  </node>
  <node id="1647761672" lat="41.8761302" lon="-87.6471197"/>
  <node id="1647761681" lat="41.8771100" lon="-87.6462914"/>
  <node id="1647761692" lat="41.8772379" lon="-87.6462634"/>
  <node id="1647761695" lat="41.8768035" lon="-87.6464175"/>
  <node id="1647761704" lat="41.8766021" lon="-87.6465440"/>
  <node id="1647761706" lat="41.8764655" lon="-87.6466693"/>
  <node id="1647761719" lat="41.8773383" lon="-87.6462477"/>
  <node id="1647790090" lat="41.8751672" lon="-87.6464085"/>
  <node id="1647790122" lat="41.8754612" lon="-87.6466925"/>
  <node id="1647790132" lat="41.8758790" lon="-87.6466841"/>
  <node id="1647790147" lat="41.8766874" lon="-87.6460391"/>
  <node id="1647790178" lat="41.8753731" lon="-87.6448317"/>
  <node id="1647790180" lat="41.8750467" lon="-87.6459227"/>
  <node id="1647790185" lat="41.8752569" lon="-87.6465406"/>
  <node id="1647790192" lat="41.8753639" lon="-87.6466430"/>
  <node id="1647790201" lat="41.8750837" lon="-87.6462115"/>
  <node id="1647790204" lat="41.8757116" lon="-87.6467312"/>
  <node id="1647790207" lat="41.8753411" lon="-87.6449435"/>
  <node id="1647797554" lat="41.8762543" lon="-87.6463149"/>
  <node id="1647797588" lat="41.8765133" lon="-87.6460788"/>
  <node id="1647832963" lat="41.8753880" lon="-87.6410901"/>
  <node id="1647832964" lat="41.8753938" lon="-87.6399344"/>
  <node id="1647832965" lat="41.8753456" lon="-87.6397884"/>
  <node id="1647832967" lat="41.8753911" lon="-87.6399027"/>
  <node id="1647832968" lat="41.8753636" lon="-87.6398140"/>
  <node id="1647832969" lat="41.8753766" lon="-87.6398432"/>
  <node id="1647832970" lat="41.8753912" lon="-87.6413482"/>
  <node id="1655374995" lat="41.8704874" lon="-87.6451132"/>
  <node id="1655388338" lat="41.8700772" lon="-87.6453640"/>
  <node id="1655397917" lat="41.8730979" lon="-87.6458770">
    <tag k="highway" v="motorway_junction"/>
    <tag k="ref" v="52A"/>
  </node>
  <node id="1655406546" lat="41.8713308" lon="-87.6455638"/>
  <node id="1655406550" lat="41.8705675" lon="-87.6454269"/>
  <node id="1655426892" lat="41.8721126" lon="-87.6448184"/>
  <node id="1655426894" lat="41.8715886" lon="-87.6448193"/>
  <node id="1655426897" lat="41.8705684" lon="-87.6447996"/>
  <node id="1655426907" lat="41.8742168" lon="-87.6449334"/>
  <node id="1655426908" lat="41.8734927" lon="-87.6448542">
    <tag k="highway" v="motorway_junction"/>
    <tag k="noref" v="yes"/>
  </node>
  <node id="1655426909" lat="41.8711193" lon="-87.6448213"/>
  <node id="1655430924" lat="41.8704203" lon="-87.6446088"/>
  <node id="1655430925" lat="41.8719454" lon="-87.6446861"/>
  <node id="1655430928" lat="41.8716004" lon="-87.6446797"/>
  <node id="1655430932" lat="41.8705883" lon="-87.6446222"/>
  <node id="1655430934" lat="41.8709583" lon="-87.6446383"/>
  <node id="1655430944" lat="41.8701447" lon="-87.6445521"/>
  <node id="1655430946" lat="41.8702852" lon="-87.6445891"/>
  <node id="1655431886" lat="41.8721210" lon="-87.6445798"/>
  <node id="1655431888" lat="41.8705835" lon="-87.6445132"/>
  <node id="1655431896" lat="41.8716044" lon="-87.6445554"/>
  <node id="1655431898" lat="41.8710772" lon="-87.6445239"/>
  <node id="1655431900" lat="41.8696103" lon="-87.6444690"/>
  <node id="1655437323" lat="41.8686931" lon="-87.6445927"/>
  <node id="1655437329" lat="41.8694321" lon="-87.6446861"/>
  <node id="1655437330" lat="41.8682983" lon="-87.6445610"/>
  <node id="1657357280" lat="41.8831545" lon="-87.6468329"/>
  <node id="1657357281" lat="41.8831790" lon="-87.6451148"/>
  <node id="1657357306" lat="41.8837457" lon="-87.6485891"/>
  <node id="1657357316" lat="41.8839417" lon="-87.6497657"/>
  <node id="1657357327" lat="41.8856848" lon="-87.6466504"/>
  <node id="1657357347" lat="41.8859631" lon="-87.6533145"/>
  <node id="1657357352" lat="41.8859998" lon="-87.6521714"/>
  <node id="1657357360" lat="41.8860225" lon="-87.6509900"/>
  <node id="1676390754" lat="41.8770862" lon="-87.6594285"/>
  <node id="1676390755" lat="41.8771268" lon="-87.6570141"/>
  <node id="1676390756" lat="41.8770088" lon="-87.6570089"/>
  <node id="1686120317" lat="41.8767280" lon="-87.6446216"/>
  <node id="1686120392" lat="41.8779687" lon="-87.6449435"/>
  <node id="1686470593" lat="41.8796489" lon="-87.6496273"/>
  <node id="1721297076" lat="41.8779973" lon="-87.6431309"/>
  <node id="1721300284" lat="41.8767294" lon="-87.6432291"/>
  <node id="1721300295" lat="41.8779934" lon="-87.6432652"/>
  <node id="1721300301" lat="41.8792768" lon="-87.6433019"/>
  <node id="1727617150" lat="41.8796542" lon="-87.6472898"/>
  <node id="1835841521" lat="41.8714539" lon="-87.6532819"/>
  <node id="1835841536" lat="41.8714716" lon="-87.6522751"/>
  <node id="1884321670" lat="41.8768448" lon="-87.6344510"/>
  <node id="1884321672" lat="41.8781161" lon="-87.6344798"/>
  <node id="1884321677" lat="41.8768476" lon="-87.6342437"/>
  <node id="1884353615" lat="41.8765624" lon="-87.6483707">
    <tag k="direction" v="forward"/>
    <tag k="highway" v="stop"/>
  </node>
  <node id="1884353621" lat="41.8767379" lon="-87.6483761">
    <tag k="crossing" v="uncontrolled"/>
    <tag k="crossing:island" v="no"/>
    <tag k="crossing_ref" v="zebra"/>
    <tag k="highway" v="crossing"/>
  </node>
  <node id="1884443872" lat="41.8778377" lon="-87.6539767"/>
  <node id="1884443873" lat="41.8767047" lon="-87.6507065">
    <tag k="crossing" v="uncontrolled"/>
    <tag k="crossing:island" v="no"/>
    <tag k="crossing_ref" v="zebra"/>
    <tag k="highway" v="crossing"/>
    <tag k="tactile_paving" v="yes"/>
  </node>
  <node id="1884443874" lat="41.8778608" lon="-87.6525009"/>
  <node id="1884443875" lat="41.8766497" lon="-87.6545295">
    <tag k="crossing" v="uncontrolled"/>
    <tag k="highway" v="crossing"/>
  </node>
  <node id="1884443876" lat="41.8767259" lon="-87.6495304">
    <tag k="crossing" v="uncontrolled"/>
    <tag k="crossing:island" v="no"/>
    <tag k="crossing_ref" v="zebra"/>
    <tag k="highway" v="crossing"/>
    <tag k="tactile_paving" v="yes"/>
  </node>
  <node id="1884443878" lat="41.8765200" lon="-87.6507007">
    <tag k="direction" v="forward"/>
    <tag k="highway" v="stop"/>
    <tag k="stop" v="all"/>
  </node>
  <node id="1884443879" lat="41.8765676" lon="-87.6495289">
    <tag k="crossing" v="uncontrolled"/>
    <tag k="crossing:island" v="no"/>
    <tag k="crossing_ref" v="zebra"/>
    <tag k="highway" v="crossing"/>
    <tag k="tactile_paving" v="yes"/>
  </node>
  <node id="1884447392" lat="41.8776531" lon="-87.6594445">
    <tag k="direction" v="backward"/>
    <tag k="highway" v="stop"/>
  </node>
  <node id="1884455275" lat="41.8790122" lon="-87.6594823"/>
  <node id="1884777353" lat="41.8762371" lon="-87.6606317"/>
  <node id="1884778060" lat="41.8751145" lon="-87.6519844">
    <tag k="direction" v="forward"/>
    <tag k="highway" v="stop"/>
  </node>
  <node id="1884778061" lat="41.8752637" lon="-87.6619517">
    <tag k="highway" v="stop"/>
  </node>
  <node id="1884778064" lat="41.8765260" lon="-87.6564101"/>
  <node id="1885765833" lat="41.8744282" lon="-87.6379612"/>
  <node id="1885769514" lat="41.8743583" lon="-87.6443254"/>
  <node id="1885792203" lat="41.8743770" lon="-87.6534108"/>
  <node id="1886245429" lat="41.8791055" lon="-87.6484494">
    <tag k="direction" v="forward"/>
    <tag k="highway" v="stop"/>
  </node>
  <node id="1886246837" lat="41.8789996" lon="-87.6546106">
    <tag k="direction" v="forward"/>
    <tag k="highway" v="stop"/>
  </node>
  <node id="1886246841" lat="41.8790926" lon="-87.6496089">
    <tag k="direction" v="backward"/>
    <tag k="highway" v="stop"/>
    <tag k="stop" v="all"/>
  </node>
  <node id="1886246843" lat="41.8792648" lon="-87.6496146">
    <tag k="crossing" v="uncontrolled"/>
    <tag k="highway" v="crossing"/>
  </node>
  <node id="1886246844" lat="41.8791829" lon="-87.6494896">
    <tag k="direction" v="forward"/>
    <tag k="highway" v="stop"/>
    <tag k="stop" v="all"/>
  </node>
  <node id="1886247978" lat="41.8789327" lon="-87.6594808">
    <tag k="direction" v="backward"/>
    <tag k="highway" v="stop"/>
  </node>
  <node id="1887757245" lat="41.8778227" lon="-87.6484097">
    <tag k="direction" v="forward"/>
    <tag k="highway" v="stop"/>
  </node>
  <node id="1887757246" lat="41.8780142" lon="-87.6495732">
    <tag k="direction" v="forward"/>
    <tag k="highway" v="stop"/>
  </node>
  <node id="1887757247" lat="41.8778055" lon="-87.6495663">
    <tag k="direction" v="backward"/>
    <tag k="highway" v="stop"/>
  </node>
  <node id="1887757248" lat="41.8780191" lon="-87.6484158">
    <tag k="crossing" v="uncontrolled"/>
    <tag k="crossing:island" v="no"/>
    <tag k="crossing:markings" v="zebra"/>
    <tag k="crossing:signals" v="no"/>
    <tag k="highway" v="crossing"/>
    <tag k="tactile_paving" v="yes"/>
  </node>
  <node id="1887757249" lat="41.8779071" lon="-87.6496916">
    <tag k="crossing" v="uncontrolled"/>
    <tag k="crossing:island" v="no"/>
    <tag k="crossing:markings" v="zebra"/>
    <tag k="highway" v="crossing"/>
    <tag k="tactile_paving" v="yes"/>
  </node>
  <node id="1887757756" lat="41.8777959" lon="-87.6507411">
    <tag k="direction" v="forward"/>
    <tag k="highway" v="stop"/>
  </node>
  <node id="1887757757" lat="41.8779817" lon="-87.6507471">
    <tag k="crossing" v="uncontrolled"/>
    <tag k="crossing:island" v="no"/>
    <tag k="crossing:markings" v="zebra"/>
    <tag k="crossing:signals" v="no"/>
    <tag k="crossing_ref" v="zebra"/>
    <tag k="highway" v="crossing"/>
  </node>
  <node id="1889135809" lat="41.8756444" lon="-87.6416512">
    <tag k="highway" v="motorway_junction"/>
    <tag k="noref" v="yes"/>
  </node>
  <node id="1937532132" lat="41.8761460" lon="-87.6610061"/>
  <node id="2003445323" lat="41.8803559" lon="-87.6508223">
    <tag k="crossing" v="uncontrolled"/>
    <tag k="highway" v="crossing"/>
  </node>
  <node id="2004538699" lat="41.8698779" lon="-87.6567845"/>
  <node id="2004538727" lat="41.8718321" lon="-87.6542303"/>
  <node id="2004538732" lat="41.8698579" lon="-87.6522316"/>
  <node id="2004538739" lat="41.8706893" lon="-87.6542602"/>
  <node id="2004538758" lat="41.8711497" lon="-87.6512336"/>
  <node id="2004538820" lat="41.8714219" lon="-87.6542096"/>
  <node id="2004538828" lat="41.8718127" lon="-87.6553157"/>
  <node id="2004538861" lat="41.8722127" lon="-87.6542462"/>
  <node id="2004538891" lat="41.8701300" lon="-87.6552860">
    <tag k="highway" v="turning_circle"/>
    <tag k="source" v="Yahoo"/>
  </node>
  <node id="2004538892" lat="41.8722262" lon="-87.6532916"/>
  <node id="2004538900" lat="41.8699824" lon="-87.6511979"/>
  <node id="2004538916" lat="41.8698420" lon="-87.6532274"/>
  <node id="2019419829" lat="41.8731725" lon="-87.6612228"/>
  <node id="2019419834" lat="41.8732318" lon="-87.6574822"/>
  <node id="2019419835" lat="41.8712624" lon="-87.6601027"/>
  <node id="2019419840" lat="41.8721934" lon="-87.6612051">
    <tag k="highway" v="turning_loop"/>
  </node>
  <node id="2019419843" lat="41.8732312" lon="-87.6575198"/>
  <node id="2019419848" lat="41.8727476" lon="-87.6583915"/>
  <node id="2019419851" lat="41.8722472" lon="-87.6574556"/>
  <node id="2019419852" lat="41.8731729" lon="-87.6612009"/>
  <node id="2025033046" lat="41.8706949" lon="-87.6537415"/>
  <node id="2032625059" lat="41.8714229" lon="-87.6541492"/>
  <node id="2051982639" lat="41.8765132" lon="-87.6570837">
    <tag k="highway" v="traffic_signals"/>
  </node>
  <node id="2051982657" lat="41.8753459" lon="-87.6570561">
    <tag k="highway" v="traffic_signals"/>
  </node>
  <node id="2052085887" lat="41.8760994" lon="-87.6350103"/>
  <node id="2052085888" lat="41.8766538" lon="-87.6368439"/>
  <node id="2052085890" lat="41.8757564" lon="-87.6352198"/>
  <node id="2052085891" lat="41.8754691" lon="-87.6346338"/>
  <node id="2052085896" lat="41.8751631" lon="-87.6352049"/>
  <node id="2052085897" lat="41.8754956" lon="-87.6350066"/>
  <node id="2052085899" lat="41.8762912" lon="-87.6362540"/>
  <node id="2052085900" lat="41.8755723" lon="-87.6357876">
    <tag k="highway" v="motorway_junction"/>
    <tag k="noref" v="yes"/>
  </node>
  <node id="2052085901" lat="41.8748789" lon="-87.6342114"/>
  <node id="2052085905" lat="41.8764157" lon="-87.6367809"/>
  <node id="2052085906" lat="41.8761819" lon="-87.6340240"/>
  <node id="2052085907" lat="41.8763027" lon="-87.6345209"/>
  <node id="2052085911" lat="41.8765958" lon="-87.6368379"/>
  <node id="2052085912" lat="41.8746918" lon="-87.6345968"/>
  <node id="2052085914" lat="41.8764902" lon="-87.6368114"/>
  <node id="2052085915" lat="41.8759318" lon="-87.6340148"/>
  <node id="2052085917" lat="41.8764706" lon="-87.6363933"/>
  <node id="2052085918" lat="41.8759019" lon="-87.6352298"/>
  <node id="2052085919" lat="41.8770621" lon="-87.6368591"/>
  <node id="2052085921" lat="41.8762641" lon="-87.6340906"/>
  <node id="2052085922" lat="41.8759581" lon="-87.6356033"/>
  <node id="2052085923" lat="41.8760076" lon="-87.6353583"/>
  <node id="2052085927" lat="41.8759906" lon="-87.6339992"/>
  <node id="2052085928" lat="41.8747939" lon="-87.6343044"/>
  <node id="2052085929" lat="41.8755128" lon="-87.6352519"/>
  <node id="2052085931" lat="41.8747209" lon="-87.6344379"/>
  <node id="2052085932" lat="41.8760772" lon="-87.6339965"/>
  <node id="2052085933" lat="41.8753116" lon="-87.6342459"/>
  <node id="2052085937" lat="41.8749813" lon="-87.6341551"/>
  <node id="2052085939" lat="41.8763357" lon="-87.6342642"/>
  <node id="2052085941" lat="41.8750648" lon="-87.6341460"/>
  <node id="2132130630" lat="41.8777294" lon="-87.6507390"/>
  <node id="2132130646" lat="41.8783147" lon="-87.6495832"/>
  <node id="2132130650" lat="41.8784692" lon="-87.6495883"/>
  <node id="2146994568" lat="41.8806062" lon="-87.6387312">
    <tag k="button_operated" v="yes"/>
    <tag k="crossing" v="traffic_signals"/>
    <tag k="crossing:island" v="no"/>
    <tag k="crossing:markings" v="zebra"/>
    <tag k="crossing:signals" v="yes"/>
    <tag k="highway" v="crossing"/>
    <tag k="tactile_paving" v="yes"/>
    <tag k="traffic_signals:sound" v="no"/>
  </node>
  <node id="2146994569" lat="41.8844536" lon="-87.6384444">
    <tag k="barrier" v="lift_gate"/>
  </node>
  <node id="2146994573" lat="41.8793331" lon="-87.6386275">
    <tag k="button_operated" v="yes"/>
    <tag k="crossing" v="traffic_signals"/>
    <tag k="crossing:markings" v="zebra"/>
    <tag k="crossing:signals" v="yes"/>
    <tag k="highway" v="crossing"/>
    <tag k="tactile_paving" v="yes"/>
    <tag k="traffic_signals:sound" v="no"/>
    <tag k="traffic_signals:vibration" v="no"/>
  </node>
  <node id="2147004172" lat="41.8844294" lon="-87.6434685"/>
  <node id="2147004174" lat="41.8831890" lon="-87.6434348"/>
  <node id="2152526078" lat="41.8793103" lon="-87.6409760">
    <tag k="crossing" v="traffic_signals"/>
    <tag k="crossing:island" v="no"/>
    <tag k="crossing:markings" v="zebra"/>
    <tag k="crossing:signals" v="yes"/>
    <tag k="highway" v="crossing"/>
  </node>
  <node id="2189210708" lat="41.8871047" lon="-87.6556842"/>
  <node id="2189210787" lat="41.8802362" lon="-87.6630343"/>
  <node id="2189210788" lat="41.8859347" lon="-87.6556491"/>
  <node id="2189210792" lat="41.8871188" lon="-87.6545120"/>
  <node id="2189210852" lat="41.8848485" lon="-87.6588367"/>
  <node id="2189210862" lat="41.8859126" lon="-87.6568158"/>
  <node id="2189210888" lat="41.8801865" lon="-87.6659877"/>
  <node id="2189210946" lat="41.8860965" lon="-87.6568216"/>
  <node id="2189211160" lat="41.8796962" lon="-87.6570836"/>
  <node id="2189211185" lat="41.8848782" lon="-87.6567834"/>
  <node id="2189211194" lat="41.8860739" lon="-87.6588685"/>
  <node id="2189211204" lat="41.8797381" lon="-87.6546375"/>
  <node id="2189211222" lat="41.8862742" lon="-87.6568272"/>
  <node id="2189211225" lat="41.8862902" lon="-87.6556598"/>
  <node id="2203666195" lat="41.8803070" lon="-87.6588256"/>
  <node id="2203666205" lat="41.8784002" lon="-87.6472473"/>
  <node id="2203666211" lat="41.8805292" lon="-87.6444151"/>
  <node id="2203666221" lat="41.8811681" lon="-87.6440980"/>
  <node id="2203666262" lat="41.8803241" lon="-87.6578092"/>
  <node id="2203666278" lat="41.8790409" lon="-87.6577685"/>
  <node id="2203666282" lat="41.8818121" lon="-87.6447392"/>
  <node id="2203666314" lat="41.8791528" lon="-87.6511544"/>
  <node id="2203666327" lat="41.8805266" lon="-87.6446962"/>
  <node id="2203666332" lat="41.8792104" lon="-87.6479655"/>
  <node id="2203666343" lat="41.8788016" lon="-87.6484400"/>
  <node id="2203666348" lat="41.8805379" lon="-87.6431560"/>
  <node id="2203666349" lat="41.8801496" lon="-87.6440659"/>
  <node id="2203666368" lat="41.8790491" lon="-87.6484477"/>
  <node id="2203666373" lat="41.8790295" lon="-87.6584498"/>
  <node id="2203792335" lat="41.8726847" lon="-87.6532691"/>
  <node id="2203792336" lat="41.8726618" lon="-87.6542560"/>
  <node id="2203792338" lat="41.8725070" lon="-87.6552842"/>
  <node id="2203792339" lat="41.8725156" lon="-87.6552649"/>
  <node id="2203792340" lat="41.8725045" lon="-87.6553286"/>
  <node id="2203792341" lat="41.8725282" lon="-87.6552500"/>
  <node id="2203792343" lat="41.8726953" lon="-87.6542352"/>
  <node id="2203792344" lat="41.8718020" lon="-87.6559173"/>
  <node id="2203792346" lat="41.8725436" lon="-87.6552409"/>
  <node id="2203792347" lat="41.8727256" lon="-87.6532584"/>
  <node id="2203792349" lat="41.8726686" lon="-87.6532876"/>
  <node id="2203792351" lat="41.8727658" lon="-87.6533885"/>
  <node id="2203792352" lat="41.8727621" lon="-87.6532852"/>
  <node id="2203792353" lat="41.8727520" lon="-87.6534069"/>
  <node id="2203792354" lat="41.8727456" lon="-87.6532675"/>
  <node id="2203792355" lat="41.8727312" lon="-87.6542460"/>
  <node id="2203792356" lat="41.8727139" lon="-87.6542366"/>
  <node id="2203792357" lat="41.8725913" lon="-87.6552542"/>
  <node id="2203792358" lat="41.8726038" lon="-87.6552730"/>
  <node id="2203792359" lat="41.8726108" lon="-87.6552964"/>
  <node id="2203792361" lat="41.8725943" lon="-87.6553655"/>
  <node id="2203792362" lat="41.8725032" lon="-87.6553062"/>
  <node id="2203792363" lat="41.8722177" lon="-87.6532912"/>
  <node id="2203792365" lat="41.8726800" lon="-87.6543832"/>
  <node id="2203792366" lat="41.8726637" lon="-87.6543698"/>
  <node id="2203792367" lat="41.8727776" lon="-87.6533372"/>
  <node id="2203792368" lat="41.8727746" lon="-87.6533653"/>
  <node id="2203792369" lat="41.8727732" lon="-87.6533094"/>
  <node id="2203792370" lat="41.8726582" lon="-87.6533124"/>
  <node id="2203792371" lat="41.8725248" lon="-87.6553701"/>
  <node id="2203792372" lat="41.8726573" lon="-87.6533638"/>
  <node id="2203792373" lat="41.8727549" lon="-87.6542839"/>
  <node id="2203792374" lat="41.8727564" lon="-87.6543334"/>
  <node id="2203792375" lat="41.8726451" lon="-87.6543260"/>
  <node id="2203792376" lat="41.8727347" lon="-87.6534186"/>
  <node id="2203792377" lat="41.8727155" lon="-87.6534224"/>
  <node id="2203792379" lat="41.8706907" lon="-87.6541265"/>
  <node id="2203792380" lat="41.8726455" lon="-87.6533118"/>
  <node id="2203792381" lat="41.8726773" lon="-87.6542419"/>
  <node id="2203792382" lat="41.8727346" lon="-87.6543745"/>
  <node id="2203792383" lat="41.8727481" lon="-87.6543564"/>
  <node id="2203792384" lat="41.8726793" lon="-87.6534059"/>
  <node id="2203792385" lat="41.8726964" lon="-87.6534181"/>
  <node id="2203792387" lat="41.8726658" lon="-87.6533872"/>
  <node id="2203792389" lat="41.8725785" lon="-87.6553791"/>
  <node id="2203792390" lat="41.8725602" lon="-87.6553847"/>
  <node id="2203792391" lat="41.8726057" lon="-87.6553456"/>
  <node id="2203792393" lat="41.8726115" lon="-87.6553216"/>
  <node id="2203792394" lat="41.8726506" lon="-87.6542761"/>
  <node id="2203792397" lat="41.8726267" lon="-87.6542695"/>
  <node id="2203792399" lat="41.8727454" lon="-87.6542623"/>
  <node id="2203792401" lat="41.8725416" lon="-87.6553815"/>
  <node id="2203792402" lat="41.8727175" lon="-87.6543857"/>
  <node id="2203792404" lat="41.8727044" lon="-87.6532589"/>
  <node id="2203792405" lat="41.8726986" lon="-87.6543887"/>
  <node id="2203792406" lat="41.8726516" lon="-87.6543500"/>
  <node id="2207479846" lat="41.8701132" lon="-87.6408242"/>
  <node id="2207484782" lat="41.8747191" lon="-87.6424329"/>
  <node id="2207484784" lat="41.8743718" lon="-87.6426754"/>
  <node id="2207484786" lat="41.8752673" lon="-87.6436733"/>
  <node id="2207484790" lat="41.8752839" lon="-87.6426721"/>
  <node id="2264917067" lat="41.8695459" lon="-87.6542216">
    <tag k="crossing" v="uncontrolled"/>
    <tag k="highway" v="crossing"/>
  </node>
  <node id="2274489587" lat="41.8736782" lon="-87.6409646"/>
  <node id="2274489604" lat="41.8741846" lon="-87.6424193"/>
  <node id="2274489610" lat="41.8742038" lon="-87.6409855"/>
  <node id="2274489624" lat="41.8743993" lon="-87.6404994"/>
  <node id="2274489626" lat="41.8744037" lon="-87.6401106"/>
  <node id="2274489651" lat="41.8750035" lon="-87.6410089"/>
  <node id="2277981396" lat="41.8862253" lon="-87.6474995"/>
  <node id="2280250853" lat="41.8833884" lon="-87.6441538"/>
  <node id="2292112910" lat="41.8817077" lon="-87.6587553">
    <tag k="direction" v="forward"/>
    <tag k="highway" v="stop"/>
  </node>
  <node id="2300194674" lat="41.8766678" lon="-87.6477456"/>
  <node id="2300194675" lat="41.8773270" lon="-87.6466036"/>
  <node id="2300194678" lat="41.8779562" lon="-87.6464651"/>
  <node id="2300194686" lat="41.8799764" lon="-87.6473007"/>
  <node id="2300194695" lat="41.8804925" lon="-87.6477161"/>
  <node id="2300194706" lat="41.8820912" lon="-87.6497076"/>
  <node id="2300194708" lat="41.8821106" lon="-87.6485423"/>
  <node id="2345197182" lat="41.8767411" lon="-87.6421696"/>
  <node id="2345197185" lat="41.8771898" lon="-87.6425067"/>
  <node id="2345197190" lat="41.8775119" lon="-87.6425155"/>
  <node id="2391071813" lat="41.8844614" lon="-87.6359131"/>
  <node id="2393957355" lat="41.8793471" lon="-87.6377723"/>
  <node id="2393957356" lat="41.8806075" lon="-87.6385825"/>
  <node id="2393957357" lat="41.8793364" lon="-87.6384447"/>
  <node id="2394641718" lat="41.8829034" lon="-87.6412587"/>
  <node id="2394641721" lat="41.8831781" lon="-87.6402902"/>
  <node id="2394641727" lat="41.8818771" lon="-87.6405046"/>
  <node id="2412572913" lat="41.8730855" lon="-87.6517536">
    <tag k="highway" v="turning_circle"/>
  </node>
  <node id="2412572919" lat="41.8730257" lon="-87.6539396"/>
  <node id="2412572920" lat="41.8730675" lon="-87.6518013"/>
  <node id="2412572922" lat="41.8743076" lon="-87.6534076"/>
  <node id="2412572930" lat="41.8729866" lon="-87.6559395"/>
  <node id="2422442797" lat="41.8866730" lon="-87.6456276">
    <tag k="direction" v="forward"/>
    <tag k="highway" v="stop"/>
  </node>
  <node id="2463253873" lat="41.8866622" lon="-87.6398957"/>
  <node id="2495350130" lat="41.8752072" lon="-87.6650120"/>
  <node id="2495350149" lat="41.8742357" lon="-87.6576747"/>
  <node id="2495350171" lat="41.8752241" lon="-87.6640974"/>
  <node id="2495350189" lat="41.8752491" lon="-87.6627403"/>
  <node id="2495350212" lat="41.8752362" lon="-87.6634402"/>
  <node id="2495350216" lat="41.8751949" lon="-87.6656771"/>
  <node id="2495350217" lat="41.8731814" lon="-87.6607499"/>
  <node id="2511935723" lat="41.8746301" lon="-87.6470733"/>
  <node id="2511935726" lat="41.8747371" lon="-87.6471387"/>
  <node id="2528761417" lat="41.8844644" lon="-87.6346612"/>
  <node id="2565112700" lat="41.8767299" lon="-87.6445089"/>
  <node id="2565112701" lat="41.8773495" lon="-87.6445344"/>
  <node id="2565112704" lat="41.8773554" lon="-87.6439607"/>
  <node id="2596090373" lat="41.8862925" lon="-87.6362805"/>
  <node id="2596090375" lat="41.8863477" lon="-87.6363396"/>
  <node id="2899438731" lat="41.8805626" lon="-87.6595385"/>
  <node id="2957778275" lat="41.8780383" lon="-87.6484164">
    <tag k="direction" v="backward"/>
    <tag k="highway" v="stop"/>
  </node>
  <node id="2957786433" lat="41.8820103" lon="-87.6485393"/>
  <node id="2989731649" lat="41.8743419" lon="-87.6553922"/>
  <node id="2989731654" lat="41.8743531" lon="-87.6546769"/>
  <node id="2998778457" lat="41.8855743" lon="-87.6458071"/>
  <node id="2998778458" lat="41.8859313" lon="-87.6459098"/>
  <node id="2998778459" lat="41.8869422" lon="-87.6463288"/>
  <node id="2998778460" lat="41.8871775" lon="-87.6464629"/>
  <node id="3188221426" lat="41.8758281" lon="-87.6359575"/>
  <node id="3188221427" lat="41.8761599" lon="-87.6362874"/>
  <node id="3188221445" lat="41.8758431" lon="-87.6351047"/>
  <node id="3188221466" lat="41.8753667" lon="-87.6343153"/>
  <node id="3188221467" lat="41.8753930" lon="-87.6343661"/>
  <node id="3188221468" lat="41.8754171" lon="-87.6344200"/>
  <node id="3188221469" lat="41.8754378" lon="-87.6344770"/>
  <node id="3188221470" lat="41.8754584" lon="-87.6345556"/>
  <node id="3188221477" lat="41.8762436" lon="-87.6346667"/>
  <node id="3188221478" lat="41.8763385" lon="-87.6343912"/>
  <node id="3188221479" lat="41.8763061" lon="-87.6341576"/>
  <node id="3188221480" lat="41.8762259" lon="-87.6340576"/>
  <node id="3188221481" lat="41.8761326" lon="-87.6340056"/>
  <node id="3188221482" lat="41.8760347" lon="-87.6339944"/>
  <node id="3198505992" lat="41.8754807" lon="-87.6452612"/>
  <node id="3198505994" lat="41.8750789" lon="-87.6449131"/>
  <node id="3198505995" lat="41.8757249" lon="-87.6456459"/>
  <node id="3198505996" lat="41.8758542" lon="-87.6459572"/>
  <node id="3198505997" lat="41.8744982" lon="-87.6447464"/>
  <node id="3198505998" lat="41.8759104" lon="-87.6481978"/>
  <node id="3198505999" lat="41.8758783" lon="-87.6488651"/>
  <node id="3198508833" lat="41.8751202" lon="-87.6441707"/>
  <node id="3198513991" lat="41.8772184" lon="-87.6461067">
    <tag k="highway" v="motorway_junction"/>
    <tag k="ref" v="51I;51J"/>
  </node>
  <node id="3222884091" lat="41.8743936" lon="-87.6483921"/>
  <node id="3222884095" lat="41.8744683" lon="-87.6483909"/>
  <node id="3281127353" lat="41.8831967" lon="-87.6413797">
    <tag k="button_operated" v="no"/>
    <tag k="crossing" v="traffic_signals"/>
    <tag k="crossing:island" v="no"/>
    <tag k="crossing:markings" v="zebra"/>
    <tag k="crossing:signals" v="yes"/>
    <tag k="highway" v="crossing"/>
    <tag k="tactile_paving" v="yes"/>
    <tag k="traffic_signals:sound" v="no"/>
    <tag k="traffic_signals:vibration" v="no"/>
  </node>
  <node id="3281127354" lat="41.8833054" lon="-87.6412711">
    <tag k="crossing" v="traffic_signals"/>
    <tag k="crossing:island" v="no"/>
    <tag k="crossing:markings" v="zebra"/>
    <tag k="crossing:signals" v="yes"/>
    <tag k="highway" v="crossing"/>
    <tag k="tactile_paving" v="yes"/>
  </node>
  <node id="3281127355" lat="41.8830655" lon="-87.6412630">
    <tag k="crossing" v="traffic_signals"/>
    <tag k="crossing:island" v="no"/>
    <tag k="crossing:markings" v="zebra"/>
    <tag k="crossing:signals" v="yes"/>
    <tag k="highway" v="crossing"/>
    <tag k="tactile_paving" v="yes"/>
  </node>
  <node id="3407080691" lat="41.8795196" lon="-87.6369337"/>
  <node id="3407080692" lat="41.8794997" lon="-87.6369042"/>
  <node id="3407083193" lat="41.8794912" lon="-87.6368686"/>
  <node id="3407083194" lat="41.8794902" lon="-87.6368351"/>
  <node id="3407083195" lat="41.8794962" lon="-87.6367995"/>
  <node id="3407083196" lat="41.8795551" lon="-87.6367281"/>
  <node id="3407083197" lat="41.8795087" lon="-87.6367660"/>
  <node id="3407083198" lat="41.8795304" lon="-87.6367337"/>
  <node id="3447462591" lat="41.8764314" lon="-87.6351893"/>
  <node id="3447462592" lat="41.8761577" lon="-87.6351311"/>
  <node id="3447462793" lat="41.8749063" lon="-87.6352390"/>
  <node id="3447462794" lat="41.8758381" lon="-87.6352318"/>
  <node id="3447462796" lat="41.8758322" lon="-87.6360413"/>
  <node id="3447469776" lat="41.8757716" lon="-87.6344293"/>
  <node id="3448680672" lat="41.8790220" lon="-87.6588980"/>
  <node id="3448680675" lat="41.8790257" lon="-87.6586733"/>
  <node id="3448680678" lat="41.8790395" lon="-87.6578485"/>
  <node id="3448689648" lat="41.8785100" lon="-87.6570481"/>
  <node id="3448689650" lat="41.8790641" lon="-87.6563821"/>
  <node id="3448689653" lat="41.8786681" lon="-87.6570524"/>
  <node id="3448689654" lat="41.8790676" lon="-87.6561742"/>
  <node id="3448689665" lat="41.8781428" lon="-87.6570386"/>
  <node id="3482828907" lat="41.8730475" lon="-87.6528233"/>
  <node id="3617601310" lat="41.8776753" lon="-87.6594451">
    <tag k="crossing" v="uncontrolled"/>
    <tag k="crossing:island" v="no"/>
    <tag k="crossing:markings" v="zebra"/>
    <tag k="crossing:signals" v="no"/>
    <tag k="highway" v="crossing"/>
  </node>
  <node id="3617601312" lat="41.8777168" lon="-87.6570268">
    <tag k="crossing" v="traffic_signals"/>
    <tag k="crossing:island" v="no"/>
    <tag k="crossing:markings" v="zebra"/>
    <tag k="crossing:signals" v="yes"/>
    <tag k="highway" v="crossing"/>
  </node>
  <node id="3617601313" lat="41.8777567" lon="-87.6545654">
    <tag k="crossing" v="traffic_signals"/>
    <tag k="crossing:island" v="no"/>
    <tag k="crossing:markings" v="zebra"/>
    <tag k="crossing:signals" v="yes"/>
    <tag k="highway" v="crossing"/>
  </node>
  <node id="3762330290" lat="41.8752868" lon="-87.6438001"/>
  <node id="3772730264" lat="41.8844874" lon="-87.6399607"/>
  <node id="3772730265" lat="41.8829158" lon="-87.6623165"/>
  <node id="3772730266" lat="41.8815369" lon="-87.6622764">
    <tag k="highway" v="traffic_signals"/>
    <tag k="traffic_signals" v="signal"/>
  </node>
  <node id="3772782740" lat="41.8820323" lon="-87.6369836"/>
  <node id="3921106500" lat="41.8793573" lon="-87.6369563">
    <tag k="highway" v="traffic_signals"/>
    <tag k="traffic_signals" v="signal"/>
  </node>
  <node id="4035514300" lat="41.8850859" lon="-87.6588429"/>
  <node id="4035514306" lat="41.8838161" lon="-87.6588100"/>
  <node id="4035514307" lat="41.8838334" lon="-87.6576683"/>
  <node id="4035514308" lat="41.8834684" lon="-87.6588010"/>
  <node id="4035514309" lat="41.8834830" lon="-87.6576600"/>
  <node id="4035514313" lat="41.8835842" lon="-87.6588040"/>
  <node id="4063814408" lat="41.8838582" lon="-87.6567181"/>
  <node id="4063814409" lat="41.8838705" lon="-87.6555872"/>
  <node id="4063814410" lat="41.8838834" lon="-87.6544201"/>
  <node id="4063814412" lat="41.8830103" lon="-87.6561150"/>
  <node id="4063814413" lat="41.8833945" lon="-87.6567042"/>
  <node id="4063814414" lat="41.8834105" lon="-87.6555734"/>
  <node id="4063814417" lat="41.8834293" lon="-87.6544075"/>
  <node id="4063814422" lat="41.8831110" lon="-87.6503371"/>
  <node id="4063814424" lat="41.8839408" lon="-87.6509207"/>
  <node id="4063814425" lat="41.8839830" lon="-87.6485932"/>
  <node id="4063814426" lat="41.8840005" lon="-87.6474271"/>
  <node id="4063814427" lat="41.8835415" lon="-87.6485812"/>
  <node id="4063814428" lat="41.8835602" lon="-87.6474161"/>
  <node id="4063814431" lat="41.8851219" lon="-87.6556247"/>
  <node id="4063814432" lat="41.8851498" lon="-87.6544558"/>
  <node id="4063814455" lat="41.8822613" lon="-87.6587697"/>
  <node id="4063814456" lat="41.8823054" lon="-87.6567073"/>
  <node id="4063815284" lat="41.8826126" lon="-87.6555495"/>
  <node id="4063815285" lat="41.8826356" lon="-87.6543870"/>
  <node id="4063815286" lat="41.8820504" lon="-87.6555326"/>
  <node id="4063815287" lat="41.8820691" lon="-87.6543710"/>
  <node id="4100010428" lat="41.8846745" lon="-87.6556113"/>
  <node id="4100010429" lat="41.8851861" lon="-87.6521431"/>
  <node id="4100010432" lat="41.8847196" lon="-87.6532733"/>
  <node id="4100010433" lat="41.8852488" lon="-87.6486329"/>
  <node id="4100010434" lat="41.8852723" lon="-87.6474688"/>
  <node id="4100010444" lat="41.8863730" lon="-87.6533284"/>
  <node id="4100010445" lat="41.8863872" lon="-87.6521663"/>
  <node id="4156112937" lat="41.8820457" lon="-87.6353468">
    <tag k="button_operated" v="no"/>
    <tag k="crossing" v="traffic_signals"/>
    <tag k="crossing:island" v="no"/>
    <tag k="crossing:markings" v="zebra"/>
    <tag k="crossing:signals" v="yes"/>
    <tag k="highway" v="crossing"/>
    <tag k="tactile_paving" v="yes"/>
    <tag k="traffic_signals:sound" v="no"/>
    <tag k="traffic_signals:vibration" v="no"/>
  </node>
  <node id="4156112939" lat="41.8819251" lon="-87.6351821">
    <tag k="button_operated" v="no"/>
    <tag k="crossing" v="traffic_signals"/>
    <tag k="crossing:island" v="no"/>
    <tag k="crossing:markings" v="zebra"/>
    <tag k="crossing:signals" v="yes"/>
    <tag k="highway" v="crossing"/>
    <tag k="tactile_paving" v="yes"/>
    <tag k="traffic_signals:sound" v="no"/>
    <tag k="traffic_signals:vibration" v="no"/>
  </node>
  <node id="4156112941" lat="41.8818531" lon="-87.6353393">
    <tag k="button_operated" v="no"/>
    <tag k="crossing" v="traffic_signals"/>
    <tag k="crossing:island" v="no"/>
    <tag k="crossing:markings" v="zebra"/>
    <tag k="crossing:signals" v="yes"/>
    <tag k="highway" v="crossing"/>
    <tag k="tactile_paving" v="yes"/>
    <tag k="traffic_signals:sound" v="no"/>
    <tag k="traffic_signals:vibration" v="no"/>
  </node>
  <node id="4156112943" lat="41.8819229" lon="-87.6354545">
    <tag k="button_operated" v="no"/>
    <tag k="crossing" v="traffic_signals"/>
    <tag k="crossing:island" v="no"/>
    <tag k="crossing:markings" v="zebra"/>
    <tag k="crossing:signals" v="yes"/>
    <tag k="highway" v="crossing"/>
    <tag k="tactile_paving" v="yes"/>
    <tag k="traffic_signals:sound" v="no"/>
    <tag k="traffic_signals:vibration" v="no"/>
  </node>
  <node id="4156112945" lat="41.8820170" lon="-87.6370246">
    <tag k="crossing" v="traffic_signals"/>
    <tag k="crossing:island" v="yes"/>
    <tag k="crossing:markings" v="zebra"/>
    <tag k="crossing:signals" v="yes"/>
    <tag k="highway" v="crossing"/>
  </node>
  <node id="4156112947" lat="41.8820181" lon="-87.6367886">
    <tag k="button_operated" v="no"/>
    <tag k="crossing" v="traffic_signals"/>
    <tag k="crossing:island" v="yes"/>
    <tag k="crossing:markings" v="zebra"/>
    <tag k="crossing:signals" v="yes"/>
    <tag k="highway" v="crossing"/>
    <tag k="tactile_paving" v="yes"/>
    <tag k="traffic_signals:sound" v="no"/>
    <tag k="traffic_signals:vibration" v="no"/>
  </node>
  <node id="4156112949" lat="41.8819140" lon="-87.6366705">
    <tag k="crossing" v="traffic_signals"/>
    <tag k="crossing:island" v="no"/>
    <tag k="crossing:markings" v="zebra"/>
    <tag k="crossing:signals" v="yes"/>
    <tag k="highway" v="crossing"/>
    <tag k="tactile_paving" v="yes"/>
  </node>
  <node id="4156112951" lat="41.8818259" lon="-87.6367841">
    <tag k="crossing" v="traffic_signals"/>
    <tag k="crossing:island" v="yes"/>
    <tag k="crossing:markings" v="zebra"/>
    <tag k="crossing:signals" v="yes"/>
    <tag k="highway" v="crossing"/>
  </node>
  <node id="4156112952" lat="41.8818263" lon="-87.6370208">
    <tag k="crossing" v="traffic_signals"/>
    <tag k="crossing:island" v="yes"/>
    <tag k="crossing:markings" v="zebra"/>
    <tag k="crossing:signals" v="yes"/>
    <tag k="highway" v="crossing"/>
  </node>
  <node id="4156112954" lat="41.8819150" lon="-87.6371321">
    <tag k="crossing" v="traffic_signals"/>
    <tag k="crossing:island" v="no"/>
    <tag k="crossing:markings" v="zebra"/>
    <tag k="crossing:signals" v="yes"/>
    <tag k="highway" v="crossing"/>
    <tag k="tactile_paving" v="yes"/>
    <tag k="traffic_signals:sound" v="no"/>
  </node>
  <node id="4156112956" lat="41.8807039" lon="-87.6369995">
    <tag k="button_operated" v="no"/>
    <tag k="crossing" v="traffic_signals"/>
    <tag k="crossing:island" v="no"/>
    <tag k="crossing:markings" v="zebra"/>
    <tag k="crossing:signals" v="yes"/>
    <tag k="highway" v="crossing"/>
    <tag k="tactile_paving" v="yes"/>
    <tag k="traffic_signals:sound" v="no"/>
    <tag k="traffic_signals:vibration" v="no"/>
  </node>
  <node id="4156112957" lat="41.8807062" lon="-87.6368655">
    <tag k="button_operated" v="no"/>
    <tag k="crossing" v="traffic_signals"/>
    <tag k="crossing:island" v="no"/>
    <tag k="crossing:markings" v="zebra"/>
    <tag k="crossing:signals" v="yes"/>
    <tag k="highway" v="crossing"/>
    <tag k="tactile_paving" v="yes"/>
    <tag k="traffic_signals:sound" v="no"/>
    <tag k="traffic_signals:vibration" v="no"/>
  </node>
  <node id="4156112958" lat="41.8807077" lon="-87.6367616">
    <tag k="button_operated" v="no"/>
    <tag k="crossing" v="traffic_signals"/>
    <tag k="crossing:island" v="no"/>
    <tag k="crossing:markings" v="zebra"/>
    <tag k="crossing:signals" v="yes"/>
    <tag k="highway" v="crossing"/>
    <tag k="tactile_paving" v="yes"/>
    <tag k="traffic_signals:sound" v="no"/>
    <tag k="traffic_signals:vibration" v="no"/>
  </node>
  <node id="4156112960" lat="41.8806262" lon="-87.6370974">
    <tag k="crossing" v="traffic_signals"/>
    <tag k="crossing:island" v="no"/>
    <tag k="crossing:markings" v="zebra"/>
    <tag k="crossing:signals" v="yes"/>
    <tag k="highway" v="crossing"/>
    <tag k="noref" v="yes"/>
    <tag k="tactile_paving" v="yes"/>
  </node>
  <node id="4156112962" lat="41.8805504" lon="-87.6369952">
    <tag k="button_operated" v="no"/>
    <tag k="crossing" v="traffic_signals"/>
    <tag k="crossing:island" v="yes"/>
    <tag k="crossing:markings" v="zebra"/>
    <tag k="crossing:signals" v="yes"/>
    <tag k="highway" v="crossing"/>
    <tag k="noref" v="yes"/>
    <tag k="tactile_paving" v="yes"/>
    <tag k="traffic_signals:sound" v="no"/>
    <tag k="traffic_signals:vibration" v="no"/>
  </node>
  <node id="4156112966" lat="41.8806329" lon="-87.6366393">
    <tag k="button_operated" v="no"/>
    <tag k="crossing" v="traffic_signals"/>
    <tag k="crossing:island" v="no"/>
    <tag k="crossing:markings" v="zebra"/>
    <tag k="crossing:signals" v="yes"/>
    <tag k="highway" v="crossing"/>
    <tag k="noref" v="yes"/>
    <tag k="tactile_paving" v="yes"/>
    <tag k="traffic_signals:sound" v="no"/>
    <tag k="traffic_signals:vibration" v="no"/>
  </node>
  <node id="4156112968" lat="41.8807370" lon="-87.6353086">
    <tag k="button_operated" v="no"/>
    <tag k="crossing" v="traffic_signals"/>
    <tag k="crossing:island" v="no"/>
    <tag k="crossing:markings" v="zebra"/>
    <tag k="crossing:signals" v="yes"/>
    <tag k="highway" v="crossing"/>
    <tag k="noref" v="yes"/>
    <tag k="tactile_paving" v="yes"/>
    <tag k="traffic_signals:sound" v="no"/>
    <tag k="traffic_signals:vibration" v="no"/>
  </node>
  <node id="4156112970" lat="41.8806522" lon="-87.6351613">
    <tag k="button_operated" v="no"/>
    <tag k="crossing" v="traffic_signals"/>
    <tag k="crossing:island" v="no"/>
    <tag k="crossing:markings" v="zebra"/>
    <tag k="crossing:signals" v="yes"/>
    <tag k="highway" v="crossing"/>
    <tag k="noref" v="yes"/>
    <tag k="tactile_paving" v="yes"/>
    <tag k="traffic_signals:sound" v="no"/>
    <tag k="traffic_signals:vibration" v="no"/>
  </node>
  <node id="4156112972" lat="41.8805698" lon="-87.6353053">
    <tag k="button_operated" v="no"/>
    <tag k="crossing" v="traffic_signals"/>
    <tag k="crossing:island" v="no"/>
    <tag k="crossing:markings" v="zebra"/>
    <tag k="crossing:signals" v="yes"/>
    <tag k="highway" v="crossing"/>
    <tag k="noref" v="yes"/>
    <tag k="tactile_paving" v="yes"/>
    <tag k="traffic_signals:sound" v="no"/>
    <tag k="traffic_signals:vibration" v="no"/>
  </node>
  <node id="4156112974" lat="41.8806482" lon="-87.6354298">
    <tag k="button_operated" v="no"/>
    <tag k="crossing" v="traffic_signals"/>
    <tag k="crossing:island" v="no"/>
    <tag k="crossing:markings" v="zebra"/>
    <tag k="crossing:signals" v="yes"/>
    <tag k="highway" v="crossing"/>
    <tag k="noref" v="yes"/>
    <tag k="tactile_paving" v="yes"/>
    <tag k="traffic_signals:sound" v="no"/>
    <tag k="traffic_signals:vibration" v="no"/>
  </node>
  <node id="4226840290" lat="41.8703625" lon="-87.6568935">
    <tag k="crossing" v="uncontrolled"/>
    <tag k="highway" v="crossing"/>
  </node>
  <node id="4226840293" lat="41.8713088" lon="-87.6569257">
    <tag k="crossing" v="uncontrolled"/>
    <tag k="highway" v="crossing"/>
  </node>
  <node id="4226840297" lat="41.8722544" lon="-87.6569535">
    <tag k="crossing" v="uncontrolled"/>
    <tag k="highway" v="crossing"/>
  </node>
  <node id="4226924405" lat="41.8694783" lon="-87.6582824">
    <tag k="crossing" v="uncontrolled"/>
    <tag k="highway" v="crossing"/>
  </node>
  <node id="4226924413" lat="41.8695279" lon="-87.6552595">
    <tag k="crossing" v="uncontrolled"/>
    <tag k="highway" v="crossing"/>
  </node>
  <node id="4226924425" lat="41.8695619" lon="-87.6532180">
    <tag k="crossing" v="uncontrolled"/>
    <tag k="highway" v="crossing"/>
  </node>
  <node id="4226924449" lat="41.8697498" lon="-87.6470475">
    <tag k="crossing" v="traffic_signals"/>
    <tag k="highway" v="crossing"/>
  </node>
  <node id="4226924451" lat="41.8697550" lon="-87.6468898">
    <tag k="crossing" v="traffic_signals"/>
    <tag k="highway" v="crossing"/>
  </node>
  <node id="4226924455" lat="41.8697788" lon="-87.6453598">
    <tag k="crossing" v="traffic_signals"/>
    <tag k="highway" v="crossing"/>
  </node>
  <node id="4226924460" lat="41.8698046" lon="-87.6437399">
    <tag k="crossing" v="traffic_signals"/>
    <tag k="highway" v="crossing"/>
  </node>
  <node id="4226924470" lat="41.8718777" lon="-87.6468510">
    <tag k="crossing" v="traffic_signals"/>
    <tag k="highway" v="crossing"/>
  </node>
  <node id="4226924471" lat="41.8719775" lon="-87.6468499">
    <tag k="crossing" v="traffic_signals"/>
    <tag k="highway" v="crossing"/>
  </node>
  <node id="4226924473" lat="41.8743039" lon="-87.6473296">
    <tag k="crossing" v="traffic_signals"/>
    <tag k="crossing:markings" v="zebra"/>
    <tag k="crossing:signals" v="yes"/>
    <tag k="highway" v="crossing"/>
    <tag k="tactile_paving" v="incorrect"/>
  </node>
  <node id="4226924475" lat="41.8743808" lon="-87.6473317">
    <tag k="crossing" v="traffic_signals"/>
    <tag k="crossing:markings" v="zebra"/>
    <tag k="crossing:signals" v="yes"/>
    <tag k="highway" v="crossing"/>
    <tag k="tactile_paving" v="incorrect"/>
  </node>
  <node id="4226924486" lat="41.8766003" lon="-87.6472011">
    <tag k="crossing" v="traffic_signals"/>
    <tag k="crossing:island" v="no"/>
    <tag k="highway" v="crossing"/>
  </node>
  <node id="4226924592" lat="41.8766448" lon="-87.6439407">
    <tag k="button_operated" v="no"/>
    <tag k="crossing" v="traffic_signals"/>
    <tag k="highway" v="crossing"/>
    <tag k="tactile_paving" v="yes"/>
    <tag k="traffic_signals:sound" v="no"/>
    <tag k="traffic_signals:vibration" v="no"/>
  </node>
  <node id="4226924594" lat="41.8766626" lon="-87.6424906">
    <tag k="crossing" v="traffic_signals"/>
    <tag k="crossing:island" v="no"/>
    <tag k="crossing:markings" v="zebra"/>
    <tag k="crossing:signals" v="yes"/>
    <tag k="highway" v="crossing"/>
    <tag k="tactile_paving" v="yes"/>
  </node>
  <node id="4226924599" lat="41.8766759" lon="-87.6473157">
    <tag k="crossing" v="traffic_signals"/>
    <tag k="crossing:island" v="no"/>
    <tag k="highway" v="crossing"/>
  </node>
  <node id="4226924600" lat="41.8766774" lon="-87.6410519">
    <tag k="crossing" v="traffic_signals"/>
    <tag k="crossing:island" v="no"/>
    <tag k="crossing:markings" v="zebra"/>
    <tag k="crossing:signals" v="yes"/>
    <tag k="highway" v="crossing"/>
    <tag k="tactile_paving" v="yes"/>
    <tag k="traffic_signals:sound" v="no"/>
  </node>
  <node id="4226924605" lat="41.8766997" lon="-87.6398190">
    <tag k="crossing" v="traffic_signals"/>
    <tag k="highway" v="crossing"/>
  </node>
  <node id="4226924607" lat="41.8767027" lon="-87.6396613">
    <tag k="crossing" v="traffic_signals"/>
    <tag k="highway" v="crossing"/>
  </node>
  <node id="4226924611" lat="41.8767381" lon="-87.6423716">
    <tag k="crossing" v="traffic_signals"/>
    <tag k="crossing:island" v="no"/>
    <tag k="highway" v="crossing"/>
    <tag k="tactile_paving" v="yes"/>
  </node>
  <node id="4226924612" lat="41.8767390" lon="-87.6365939">
    <tag k="button_operated" v="no"/>
    <tag k="crossing" v="traffic_signals"/>
    <tag k="crossing:markings" v="zebra"/>
    <tag k="crossing:signals" v="yes"/>
    <tag k="highway" v="crossing"/>
    <tag k="tactile_paving" v="yes"/>
    <tag k="traffic_signals:sound" v="no"/>
    <tag k="traffic_signals:vibration" v="no"/>
  </node>
  <node id="4226924617" lat="41.8767635" lon="-87.6472050">
    <tag k="crossing" v="traffic_signals"/>
    <tag k="crossing:island" v="no"/>
    <tag k="highway" v="crossing"/>
  </node>
  <node id="4226924623" lat="41.8768075" lon="-87.6439488">
    <tag k="button_operated" v="no"/>
    <tag k="crossing" v="traffic_signals"/>
    <tag k="highway" v="crossing"/>
    <tag k="tactile_paving" v="yes"/>
    <tag k="traffic_signals:sound" v="no"/>
    <tag k="traffic_signals:vibration" v="no"/>
  </node>
  <node id="4226924626" lat="41.8768212" lon="-87.6424951">
    <tag k="crossing" v="traffic_signals"/>
    <tag k="highway" v="crossing"/>
    <tag k="tactile_paving" v="yes"/>
  </node>
  <node id="4226924630" lat="41.8768430" lon="-87.6410581">
    <tag k="crossing" v="traffic_signals"/>
    <tag k="crossing:island" v="no"/>
    <tag k="crossing:markings" v="zebra"/>
    <tag k="crossing:signals" v="yes"/>
    <tag k="highway" v="crossing"/>
    <tag k="tactile_paving" v="yes"/>
    <tag k="traffic_signals:sound" v="no"/>
  </node>
  <node id="4226924631" lat="41.8768633" lon="-87.6396043">
    <tag k="button_operated" v="no"/>
    <tag k="crossing" v="traffic_signals"/>
    <tag k="highway" v="crossing"/>
    <tag k="tactile_paving" v="yes"/>
    <tag k="traffic_signals:sound" v="no"/>
    <tag k="traffic_signals:vibration" v="no"/>
  </node>
  <node id="4226924638" lat="41.8769011" lon="-87.6368175">
    <tag k="button_operated" v="no"/>
    <tag k="crossing" v="traffic_signals"/>
    <tag k="crossing:markings" v="zebra"/>
    <tag k="crossing:signals" v="yes"/>
    <tag k="highway" v="crossing"/>
    <tag k="tactile_paving" v="yes"/>
    <tag k="traffic_signals:sound" v="no"/>
    <tag k="traffic_signals:vibration" v="no"/>
  </node>
  <node id="4226924640" lat="41.8769080" lon="-87.6366589">
    <tag k="button_operated" v="no"/>
    <tag k="crossing" v="traffic_signals"/>
    <tag k="crossing:markings" v="zebra"/>
    <tag k="crossing:signals" v="yes"/>
    <tag k="highway" v="crossing"/>
    <tag k="tactile_paving" v="yes"/>
    <tag k="traffic_signals:sound" v="no"/>
    <tag k="traffic_signals:vibration" v="no"/>
  </node>
  <node id="4226924650" lat="41.8780521" lon="-87.6397789">
    <tag k="button_operated" v="no"/>
    <tag k="crossing" v="traffic_signals"/>
    <tag k="crossing:island" v="no"/>
    <tag k="crossing:markings" v="zebra"/>
    <tag k="crossing:signals" v="yes"/>
    <tag k="highway" v="crossing"/>
    <tag k="tactile_paving" v="yes"/>
    <tag k="traffic_signals:sound" v="no"/>
    <tag k="traffic_signals:vibration" v="no"/>
  </node>
  <node id="4226924658" lat="41.8781659" lon="-87.6369341">
    <tag k="button_operated" v="no"/>
    <tag k="crossing" v="traffic_signals"/>
    <tag k="crossing:markings" v="zebra"/>
    <tag k="crossing:signals" v="yes"/>
    <tag k="highway" v="crossing"/>
    <tag k="tactile_paving" v="yes"/>
    <tag k="traffic_signals:sound" v="no"/>
    <tag k="traffic_signals:vibration" v="no"/>
  </node>
  <node id="4226924659" lat="41.8781738" lon="-87.6366967">
    <tag k="button_operated" v="no"/>
    <tag k="crossing" v="traffic_signals"/>
    <tag k="crossing:markings" v="zebra"/>
    <tag k="crossing:signals" v="yes"/>
    <tag k="highway" v="crossing"/>
    <tag k="tactile_paving" v="yes"/>
    <tag k="traffic_signals:sound" v="no"/>
    <tag k="traffic_signals:vibration" v="no"/>
  </node>
  <node id="4226924662" lat="41.8786469" lon="-87.6424255">
    <tag k="crossing" v="uncontrolled"/>
    <tag k="highway" v="crossing"/>
  </node>
  <node id="4226924672" lat="41.8792939" lon="-87.6424431">
    <tag k="crossing" v="traffic_signals"/>
    <tag k="highway" v="crossing"/>
  </node>
  <node id="4226924673" lat="41.8793255" lon="-87.6397707">
    <tag k="button_operated" v="no"/>
    <tag k="crossing" v="traffic_signals"/>
    <tag k="crossing:island" v="no"/>
    <tag k="crossing:markings" v="zebra"/>
    <tag k="crossing:signals" v="yes"/>
    <tag k="highway" v="crossing"/>
    <tag k="tactile_paving" v="yes"/>
    <tag k="traffic_signals:sound" v="no"/>
    <tag k="traffic_signals:vibration" v="yes"/>
  </node>
  <node id="4226924675" lat="41.8793280" lon="-87.6394434">
    <tag k="button_operated" v="no"/>
    <tag k="crossing" v="traffic_signals"/>
    <tag k="crossing:island" v="no"/>
    <tag k="crossing:markings" v="zebra"/>
    <tag k="crossing:signals" v="yes"/>
    <tag k="highway" v="crossing"/>
    <tag k="tactile_paving" v="yes"/>
  </node>
  <node id="4226924676" lat="41.8793124" lon="-87.6463213">
    <tag k="crossing" v="uncontrolled"/>
    <tag k="highway" v="crossing"/>
    <tag k="kerb" v="lowered"/>
  </node>
  <node id="4226924683" lat="41.8793433" lon="-87.6440350">
    <tag k="crossing" v="traffic_signals"/>
    <tag k="highway" v="crossing"/>
    <tag k="tactile_paving" v="yes"/>
  </node>
  <node id="4226924686" lat="41.8793565" lon="-87.6425805">
    <tag k="crossing" v="traffic_signals"/>
    <tag k="highway" v="crossing"/>
  </node>
  <node id="4226924793" lat="41.8793792" lon="-87.6411315">
    <tag k="crossing" v="traffic_signals"/>
    <tag k="crossing:island" v="no"/>
    <tag k="crossing:markings" v="zebra"/>
    <tag k="crossing:signals" v="yes"/>
    <tag k="highway" v="crossing"/>
  </node>
  <node id="4226924796" lat="41.8794018" lon="-87.6396579">
    <tag k="button_operated" v="no"/>
    <tag k="crossing" v="traffic_signals"/>
    <tag k="crossing:island" v="no"/>
    <tag k="crossing:markings" v="zebra"/>
    <tag k="crossing:signals" v="yes"/>
    <tag k="highway" v="crossing"/>
    <tag k="tactile_paving" v="yes"/>
    <tag k="traffic_signals:sound" v="no"/>
    <tag k="traffic_signals:vibration" v="no"/>
  </node>
  <node id="4226924801" lat="41.8794331" lon="-87.6369588">
    <tag k="button_operated" v="no"/>
    <tag k="crossing" v="traffic_signals"/>
    <tag k="crossing:island" v="yes"/>
    <tag k="crossing:markings" v="zebra"/>
    <tag k="crossing:signals" v="yes"/>
    <tag k="highway" v="crossing"/>
    <tag k="tactile_paving" v="yes"/>
    <tag k="traffic_signals:sound" v="no"/>
    <tag k="traffic_signals:vibration" v="no"/>
  </node>
  <node id="4226924802" lat="41.8794373" lon="-87.6367248">
    <tag k="button_operated" v="no"/>
    <tag k="crossing" v="traffic_signals"/>
    <tag k="crossing:island" v="yes"/>
    <tag k="crossing:markings" v="zebra"/>
    <tag k="crossing:signals" v="yes"/>
    <tag k="highway" v="crossing"/>
    <tag k="tactile_paving" v="yes"/>
    <tag k="traffic_signals:sound" v="no"/>
    <tag k="traffic_signals:vibration" v="no"/>
  </node>
  <node id="4226924809" lat="41.8805419" lon="-87.6424865">
    <tag k="crossing" v="traffic_signals"/>
    <tag k="highway" v="crossing"/>
  </node>
  <node id="4226924811" lat="41.8805962" lon="-87.6398131">
    <tag k="button_operated" v="no"/>
    <tag k="crossing" v="traffic_signals"/>
    <tag k="highway" v="crossing"/>
    <tag k="tactile_paving" v="yes"/>
    <tag k="traffic_signals:sound" v="no"/>
    <tag k="traffic_signals:vibration" v="no"/>
  </node>
  <node id="4227056428" lat="41.8719692" lon="-87.6439511">
    <tag k="crossing" v="traffic_signals"/>
    <tag k="highway" v="crossing"/>
  </node>
  <node id="4227056430" lat="41.8743592" lon="-87.6440214">
    <tag k="crossing" v="traffic_signals"/>
    <tag k="crossing:markings" v="zebra"/>
    <tag k="crossing:signals" v="yes"/>
    <tag k="highway" v="crossing"/>
  </node>
  <node id="4227056437" lat="41.8767556" lon="-87.6411674">
    <tag k="crossing" v="traffic_signals"/>
    <tag k="crossing:island" v="no"/>
    <tag k="crossing:markings" v="zebra"/>
    <tag k="crossing:signals" v="yes"/>
    <tag k="highway" v="crossing"/>
    <tag k="tactile_paving" v="yes"/>
    <tag k="traffic_signals:sound" v="no"/>
  </node>
  <node id="4227056438" lat="41.8767596" lon="-87.6408990">
    <tag k="crossing" v="traffic_signals"/>
    <tag k="crossing:island" v="no"/>
    <tag k="crossing:markings" v="zebra"/>
    <tag k="crossing:signals" v="yes"/>
    <tag k="highway" v="crossing"/>
    <tag k="tactile_paving" v="yes"/>
    <tag k="traffic_signals:sound" v="no"/>
  </node>
  <node id="4227056439" lat="41.8767688" lon="-87.6399071">
    <tag k="crossing" v="traffic_signals"/>
    <tag k="crossing:island" v="no"/>
    <tag k="highway" v="crossing"/>
  </node>
  <node id="4227056440" lat="41.8767728" lon="-87.6393787">
    <tag k="crossing" v="traffic_signals"/>
    <tag k="highway" v="crossing"/>
  </node>
  <node id="4227056441" lat="41.8768111" lon="-87.6369015">
    <tag k="button_operated" v="no"/>
    <tag k="crossing" v="traffic_signals"/>
    <tag k="crossing:island" v="no"/>
    <tag k="crossing:markings" v="zebra"/>
    <tag k="crossing:signals" v="yes"/>
    <tag k="highway" v="crossing"/>
    <tag k="tactile_paving" v="yes"/>
    <tag k="traffic_signals:sound" v="no"/>
    <tag k="traffic_signals:vibration" v="no"/>
  </node>
  <node id="4227056442" lat="41.8768138" lon="-87.6365308">
    <tag k="button_operated" v="no"/>
    <tag k="crossing" v="traffic_signals"/>
    <tag k="crossing:markings" v="zebra"/>
    <tag k="crossing:signals" v="yes"/>
    <tag k="highway" v="crossing"/>
    <tag k="tactile_paving" v="yes"/>
    <tag k="traffic_signals:sound" v="no"/>
    <tag k="traffic_signals:vibration" v="no"/>
  </node>
  <node id="4227056455" lat="41.8780797" lon="-87.6370408">
    <tag k="button_operated" v="no"/>
    <tag k="crossing" v="traffic_signals"/>
    <tag k="crossing:island" v="no"/>
    <tag k="crossing:markings" v="zebra"/>
    <tag k="crossing:signals" v="yes"/>
    <tag k="highway" v="crossing"/>
    <tag k="tactile_paving" v="yes"/>
    <tag k="traffic_signals:sound" v="no"/>
    <tag k="traffic_signals:vibration" v="no"/>
  </node>
  <node id="4227056456" lat="41.8780923" lon="-87.6365856">
    <tag k="button_operated" v="no"/>
    <tag k="crossing" v="traffic_signals"/>
    <tag k="crossing:island" v="no"/>
    <tag k="crossing:markings" v="zebra"/>
    <tag k="crossing:signals" v="yes"/>
    <tag k="highway" v="crossing"/>
    <tag k="tactile_paving" v="yes"/>
    <tag k="traffic_signals:sound" v="no"/>
    <tag k="traffic_signals:vibration" v="no"/>
  </node>
  <node id="4227056460" lat="41.8793559" lon="-87.6370709">
    <tag k="crossing" v="traffic_signals"/>
    <tag k="crossing:island" v="no"/>
    <tag k="crossing:markings" v="zebra"/>
    <tag k="crossing:signals" v="yes"/>
    <tag k="highway" v="crossing"/>
    <tag k="tactile_paving" v="yes"/>
  </node>
  <node id="4227056461" lat="41.8793599" lon="-87.6366161">
    <tag k="button_operated" v="no"/>
    <tag k="crossing" v="traffic_signals"/>
    <tag k="crossing:island" v="no"/>
    <tag k="crossing:markings" v="zebra"/>
    <tag k="crossing:signals" v="yes"/>
    <tag k="highway" v="crossing"/>
    <tag k="tactile_paving" v="yes"/>
    <tag k="traffic_signals:sound" v="no"/>
    <tag k="traffic_signals:vibration" v="no"/>
  </node>
  <node id="4227056463" lat="41.8805994" lon="-87.6394892">
    <tag k="button_operated" v="no"/>
    <tag k="crossing" v="traffic_signals"/>
    <tag k="highway" v="crossing"/>
    <tag k="tactile_paving" v="yes"/>
    <tag k="traffic_signals:sound" v="no"/>
    <tag k="traffic_signals:vibration" v="no"/>
  </node>
  <node id="4227056467" lat="41.8817668" lon="-87.6412056">
    <tag k="crossing" v="traffic_signals"/>
    <tag k="crossing:island" v="no"/>
    <tag k="crossing:markings" v="zebra"/>
    <tag k="crossing:signals" v="yes"/>
    <tag k="highway" v="crossing"/>
  </node>
  <node id="4227056475" lat="41.8818694" lon="-87.6413223">
    <tag k="crossing" v="traffic_signals"/>
    <tag k="crossing:island" v="no"/>
    <tag k="crossing:markings" v="zebra"/>
    <tag k="crossing:signals" v="yes"/>
    <tag k="highway" v="crossing"/>
  </node>
  <node id="4227056476" lat="41.8818703" lon="-87.6410667">
    <tag k="crossing" v="traffic_signals"/>
    <tag k="crossing:island" v="no"/>
    <tag k="crossing:markings" v="zebra"/>
    <tag k="crossing:signals" v="yes"/>
    <tag k="highway" v="crossing"/>
  </node>
  <node id="4227056477" lat="41.8818867" lon="-87.6398442">
    <tag k="button_operated" v="no"/>
    <tag k="crossing" v="traffic_signals"/>
    <tag k="highway" v="crossing"/>
    <tag k="tactile_paving" v="yes"/>
    <tag k="traffic_signals:sound" v="no"/>
    <tag k="traffic_signals:vibration" v="no"/>
  </node>
  <node id="4227056478" lat="41.8818890" lon="-87.6395280">
    <tag k="button_operated" v="no"/>
    <tag k="crossing" v="traffic_signals"/>
    <tag k="highway" v="crossing"/>
    <tag k="tactile_paving" v="yes"/>
    <tag k="traffic_signals:sound" v="no"/>
    <tag k="traffic_signals:vibration" v="no"/>
  </node>
  <node id="4227056480" lat="41.8819546" lon="-87.6412238">
    <tag k="crossing" v="traffic_signals"/>
    <tag k="crossing:island" v="no"/>
    <tag k="crossing:markings" v="zebra"/>
    <tag k="crossing:signals" v="yes"/>
    <tag k="highway" v="crossing"/>
  </node>
  <node id="4227056486" lat="41.8819856" lon="-87.6397092">
    <tag k="button_operated" v="no"/>
    <tag k="crossing" v="traffic_signals"/>
    <tag k="highway" v="crossing"/>
    <tag k="tactile_paving" v="yes"/>
    <tag k="traffic_signals:sound" v="no"/>
    <tag k="traffic_signals:vibration" v="no"/>
  </node>
  <node id="4227056693" lat="41.8831772" lon="-87.6411229">
    <tag k="crossing" v="traffic_signals"/>
    <tag k="crossing:island" v="no"/>
    <tag k="crossing:markings" v="zebra"/>
    <tag k="crossing:signals" v="yes"/>
    <tag k="highway" v="crossing"/>
    <tag k="tactile_paving" v="yes"/>
  </node>
  <node id="4227056694" lat="41.8832019" lon="-87.6396177">
    <tag k="button_operated" v="no"/>
    <tag k="crossing" v="traffic_signals"/>
    <tag k="highway" v="crossing"/>
    <tag k="tactile_paving" v="yes"/>
    <tag k="traffic_signals:sound" v="no"/>
    <tag k="traffic_signals:vibration" v="no"/>
  </node>
  <node id="4227056695" lat="41.8832241" lon="-87.6367016">
    <tag k="button_operated" v="no"/>
    <tag k="crossing" v="traffic_signals"/>
    <tag k="crossing:island" v="no"/>
    <tag k="crossing:markings" v="zebra"/>
    <tag k="crossing:signals" v="yes"/>
    <tag k="highway" v="crossing"/>
    <tag k="tactile_paving" v="yes"/>
    <tag k="traffic_signals:sound" v="no"/>
    <tag k="traffic_signals:vibration" v="no"/>
  </node>
  <node id="4227056699" lat="41.8844403" lon="-87.6396855">
    <tag k="crossing" v="traffic_signals"/>
    <tag k="crossing:markings" v="zebra"/>
    <tag k="crossing:signals" v="yes"/>
    <tag k="highway" v="crossing"/>
  </node>
  <node id="4227056700" lat="41.8844581" lon="-87.6367387">
    <tag k="crossing" v="traffic_signals"/>
    <tag k="crossing:island" v="no"/>
    <tag k="crossing:markings" v="zebra"/>
    <tag k="crossing:signals" v="yes"/>
    <tag k="highway" v="crossing"/>
  </node>
  <node id="4320918937" lat="41.8697804" lon="-87.6567828"/>
  <node id="4321073804" lat="41.8746385" lon="-87.6569268"/>
  <node id="4321073805" lat="41.8753380" lon="-87.6575347"/>
  <node id="4321127295" lat="41.8756051" lon="-87.6570612"/>
  <node id="4321127296" lat="41.8768069" lon="-87.6570439"/>
  <node id="4321127297" lat="41.8769596" lon="-87.6518791"/>
  <node id="4321127298" lat="41.8778643" lon="-87.6522906"/>
  <node id="4321127299" lat="41.8782386" lon="-87.6519180"/>
  <node id="4321127300" lat="41.8787858" lon="-87.6519346"/>
  <node id="4321127301" lat="41.8800679" lon="-87.6519736"/>
  <node id="4321127302" lat="41.8808559" lon="-87.6520007"/>
  <node id="4321127305" lat="41.8820917" lon="-87.6520396"/>
  <node id="4322736140" lat="41.8802036" lon="-87.6473084"/>
  <node id="4322736141" lat="41.8813851" lon="-87.6473485"/>
  <node id="4322736142" lat="41.8817556" lon="-87.6489451"/>
  <node id="4322736143" lat="41.8817895" lon="-87.6467538"/>
  <node id="4322736144" lat="41.8822467" lon="-87.6464310"/>
  <node id="4322736145" lat="41.8838957" lon="-87.6474253"/>
  <node id="4322760908" lat="41.8703129" lon="-87.6393144"/>
  <node id="4322760909" lat="41.8743644" lon="-87.6435006"/>
  <node id="4322760910" lat="41.8770205" lon="-87.6439528"/>
  <node id="4322760911" lat="41.8795674" lon="-87.6440427"/>
  <node id="4322760912" lat="41.8809481" lon="-87.6440904"/>
  <node id="4322760917" lat="41.8823159" lon="-87.6473815"/>
  <node id="4322760918" lat="41.8849150" lon="-87.6442068"/>
  <node id="4322796838" lat="41.8744579" lon="-87.6350170">
    <tag k="highway" v="traffic_signals"/>
    <tag k="traffic_signals" v="signal"/>
  </node>
  <node id="4322801160" lat="41.8749718" lon="-87.6354602"/>
  <node id="4335526377" lat="41.8863750" lon="-87.6475032"/>
  <node id="4335526378" lat="41.8862414" lon="-87.6428002"/>
  <node id="4336093354" lat="41.8742380" lon="-87.6574003"/>
  <node id="4336093355" lat="41.8743228" lon="-87.6525879"/>
  <node id="4336093356" lat="41.8743318" lon="-87.6560145"/>
  <node id="4336249430" lat="41.8701048" lon="-87.6437500"/>
  <node id="4336249431" lat="41.8702072" lon="-87.6470604"/>
  <node id="4336249433" lat="41.8704299" lon="-87.6408366"/>
  <node id="4336249435" lat="41.8715929" lon="-87.6393497"/>
  <node id="4336249437" lat="41.8717592" lon="-87.6393543"/>
  <node id="4336249439" lat="41.8723787" lon="-87.6471248"/>
  <node id="4336249440" lat="41.8724452" lon="-87.6393753"/>
  <node id="4336249441" lat="41.8725631" lon="-87.6393791"/>
  <node id="4336249443" lat="41.8736071" lon="-87.6394132"/>
  <node id="4336249444" lat="41.8736760" lon="-87.6470470"/>
  <node id="4336249448" lat="41.8743704" lon="-87.6428360"/>
  <node id="4336249449" lat="41.8743784" lon="-87.6420314"/>
  <node id="4336249458" lat="41.8746283" lon="-87.6471853"/>
  <node id="4336249459" lat="41.8747188" lon="-87.6397634"/>
  <node id="4336249460" lat="41.8747723" lon="-87.6353087"/>
  <node id="4336249472" lat="41.8764849" lon="-87.6351908"/>
  <node id="4336249473" lat="41.8769538" lon="-87.6472098"/>
  <node id="4336249474" lat="41.8775355" lon="-87.6472245"/>
  <node id="4336249475" lat="41.8780224" lon="-87.6418052"/>
  <node id="4336249478" lat="41.8782283" lon="-87.6472415"/>
  <node id="4336249481" lat="41.8793064" lon="-87.6416193"/>
  <node id="4336249482" lat="41.8793138" lon="-87.6407741"/>
  <node id="4336249483" lat="41.8793319" lon="-87.6388472"/>
  <node id="4336249689" lat="41.8808788" lon="-87.6473296"/>
  <node id="4336249693" lat="41.8817700" lon="-87.6481001"/>
  <node id="4336249694" lat="41.8817753" lon="-87.6477793">
    <tag k="bus" v="yes"/>
    <tag k="name" v="Madison &amp; Halsted"/>
    <tag k="network" v="CTA"/>
    <tag k="operator" v="Chicago Transit Authority"/>
    <tag k="public_transport" v="stop_position"/>
    <tag k="ref" v="14467"/>
  </node>
  <node id="4336249695" lat="41.8818126" lon="-87.6446806"/>
  <node id="4336249697" lat="41.8818894" lon="-87.6391877"/>
  <node id="4336249698" lat="41.8819170" lon="-87.6362767"/>
  <node id="4336249701" lat="41.8822058" lon="-87.6441167"/>
  <node id="4336249705" lat="41.8831938" lon="-87.6425815">
    <tag k="crossing" v="traffic_signals"/>
    <tag k="highway" v="crossing"/>
    <tag k="tactile_paving" v="yes"/>
  </node>
  <node id="4336249706" lat="41.8832149" lon="-87.6374084"/>
  <node id="4336249711" lat="41.8852831" lon="-87.6453683"/>
  <node id="4336249712" lat="41.8854329" lon="-87.6474737"/>
  <node id="4336249713" lat="41.8859530" lon="-87.6474927"/>
  <node id="4347534762" lat="41.8789129" lon="-87.6396441"/>
  <node id="4347534765" lat="41.8784975" lon="-87.6396314"/>
  <node id="4364166094" lat="41.8843163" lon="-87.6444174"/>
  <node id="4364166095" lat="41.8843088" lon="-87.6451207"/>
  <node id="4364166097" lat="41.8845386" lon="-87.6444177"/>
  <node id="4364166098" lat="41.8845294" lon="-87.6451451"/>
  <node id="4382806378" lat="41.8778562" lon="-87.6395650">
    <tag k="highway" v="traffic_signals"/>
    <tag k="traffic_signals" v="signal"/>
  </node>
  <node id="4382806384" lat="41.8777812" lon="-87.6410966"/>
  <node id="4398062916" lat="41.8798722" lon="-87.6546424"/>
  <node id="4398062922" lat="41.8799202" lon="-87.6519691"/>
  <node id="4403665394" lat="41.8801746" lon="-87.6666978">
    <tag k="highway" v="traffic_signals"/>
  </node>
  <node id="4406235634" lat="41.8857323" lon="-87.6361665"/>
  <node id="4408699782" lat="41.8786903" lon="-87.6396384">
    <tag k="crossing" v="uncontrolled"/>
    <tag k="crossing:island" v="yes"/>
    <tag k="crossing:markings" v="zebra"/>
    <tag k="crossing:signals" v="no"/>
    <tag k="highway" v="crossing"/>
  </node>
  <node id="4428028400" lat="41.8767361" lon="-87.6440978">
    <tag k="button_operated" v="no"/>
    <tag k="crossing" v="traffic_signals"/>
    <tag k="crossing:island" v="no"/>
    <tag k="highway" v="crossing"/>
    <tag k="tactile_paving" v="yes"/>
    <tag k="traffic_signals:sound" v="no"/>
    <tag k="traffic_signals:vibration" v="no"/>
  </node>
  <node id="4428028401" lat="41.8767210" lon="-87.6438343">
    <tag k="button_operated" v="no"/>
    <tag k="crossing" v="traffic_signals"/>
    <tag k="crossing:island" v="no"/>
    <tag k="highway" v="crossing"/>
    <tag k="tactile_paving" v="yes"/>
    <tag k="traffic_signals:sound" v="no"/>
    <tag k="traffic_signals:vibration" v="no"/>
  </node>
  <node id="4428028402" lat="41.8767468" lon="-87.6417711"/>
  <node id="4428028410" lat="41.8780125" lon="-87.6424124">
    <tag k="button_operated" v="no"/>
    <tag k="crossing" v="traffic_signals"/>
    <tag k="highway" v="crossing"/>
    <tag k="tactile_paving" v="yes"/>
    <tag k="traffic_signals:sound" v="no"/>
    <tag k="traffic_signals:vibration" v="no"/>
  </node>
  <node id="4451192558" lat="41.8698245" lon="-87.6422737">
    <tag k="crossing" v="traffic_signals"/>
    <tag k="highway" v="crossing"/>
  </node>
  <node id="4451192559" lat="41.8698465" lon="-87.6408139">
    <tag k="crossing" v="traffic_signals"/>
    <tag k="highway" v="crossing"/>
  </node>
  <node id="4489793459" lat="41.8793085" lon="-87.6410418">
    <tag k="button_operated" v="no"/>
    <tag k="crossing" v="traffic_signals"/>
    <tag k="highway" v="crossing"/>
  </node>
  <node id="4489793461" lat="41.8805690" lon="-87.6410841">
    <tag k="crossing" v="traffic_signals"/>
    <tag k="highway" v="crossing"/>
  </node>
  <node id="4489793468" lat="41.8844671" lon="-87.6412147">
    <tag k="button_operated" v="no"/>
    <tag k="crossing" v="traffic_signals"/>
    <tag k="highway" v="crossing"/>
  </node>
  <node id="4489827611" lat="41.8854583" lon="-87.6354191"/>
  <node id="4497342604" lat="41.8745891" lon="-87.6350303">
    <tag k="crossing" v="traffic_signals"/>
    <tag k="crossing:markings" v="zebra"/>
    <tag k="crossing:signals" v="yes"/>
    <tag k="highway" v="crossing"/>
  </node>
  <node id="4497342646" lat="41.8767522" lon="-87.6351992">
    <tag k="button_operated" v="no"/>
    <tag k="crossing" v="traffic_signals"/>
    <tag k="crossing:island" v="no"/>
    <tag k="crossing:markings" v="zebra"/>
    <tag k="crossing:signals" v="yes"/>
    <tag k="highway" v="crossing"/>
    <tag k="tactile_paving" v="yes"/>
    <tag k="traffic_signals:sound" v="no"/>
    <tag k="traffic_signals:vibration" v="no"/>
  </node>
  <node id="4497342647" lat="41.8768243" lon="-87.6357064"/>
  <node id="4554162081" lat="41.8748035" lon="-87.6444775"/>
  <node id="4554162082" lat="41.8760209" lon="-87.6473492"/>
  <node id="4554162087" lat="41.8749219" lon="-87.6443946"/>
  <node id="4554162289" lat="41.8745524" lon="-87.6445851"/>
  <node id="4587771980" lat="41.8778187" lon="-87.6551784"/>
  <node id="4587771982" lat="41.8790836" lon="-87.6552241"/>
  <node id="4602487163" lat="41.8871263" lon="-87.6533530"/>
  <node id="4605823955" lat="41.8765287" lon="-87.6562804"/>
  <node id="4605823957" lat="41.8778004" lon="-87.6563409"/>
  <node id="4608589380" lat="41.8804317" lon="-87.6514156"/>
  <node id="4612875921" lat="41.8893811" lon="-87.6534277"/>
  <node id="4613013991" lat="41.8852083" lon="-87.6427785"/>
  <node id="4613013993" lat="41.8851979" lon="-87.6442194"/>
  <node id="4614768528" lat="41.8811415" lon="-87.6595594"/>
  <node id="4619037555" lat="41.8765063" lon="-87.6575762"/>
  <node id="4619334464" lat="41.8803259" lon="-87.6577055"/>
  <node id="4620880995" lat="41.8783912" lon="-87.6440000"/>
  <node id="4626514796" lat="41.8863803" lon="-87.6498304"/>
  <node id="4626514797" lat="41.8864189" lon="-87.6486678"/>
  <node id="4636005907" lat="41.8848165" lon="-87.6474546">
    <tag k="bus" v="yes"/>
    <tag k="name" v="Halsted &amp; Randolph"/>
    <tag k="network" v="CTA"/>
    <tag k="operator" v="Chicago Transit Authority"/>
    <tag k="public_transport" v="stop_position"/>
    <tag k="ref" v="18011"/>
  </node>
  <node id="4636005908" lat="41.8848022" lon="-87.6486205"/>
  <node id="4806691414" lat="41.8759088" lon="-87.6461643"/>
  <node id="4806691417" lat="41.8752470" lon="-87.6450364"/>
  <node id="4806691418" lat="41.8749068" lon="-87.6448272"/>
  <node id="4827622741" lat="41.8779392" lon="-87.6477816"/>
  <node id="4827715960" lat="41.8749058" lon="-87.6410084"/>
  <node id="4854821665" lat="41.8799289" lon="-87.6459361"/>
  <node id="5114438340" lat="41.8799431" lon="-87.6396679"/>
  <node id="5114438342" lat="41.8799303" lon="-87.6411492"/>
  <node id="5114503181" lat="41.8807241" lon="-87.6595444"/>
  <node id="5114958745" lat="41.8857132" lon="-87.6435238"/>
  <node id="5115166804" lat="41.8777991" lon="-87.6564198"/>
  <node id="5152206386" lat="41.8777802" lon="-87.6576215"/>
  <node id="5249789682" lat="41.8847920" lon="-87.6509408"/>
  <node id="5295930686" lat="41.8831567" lon="-87.6465904"/>
  <node id="5295930687" lat="41.8829463" lon="-87.6474026"/>
  <node id="5295930689" lat="41.8831542" lon="-87.6469530"/>
  <node id="5455496012" lat="41.8791488" lon="-87.6513767"/>
  <node id="5460357489" lat="41.8804098" lon="-87.6527172"/>
  <node id="5460357492" lat="41.8791280" lon="-87.6525745"/>
  <node id="5460369673" lat="41.8857169" lon="-87.6420588"/>
  <node id="5460369674" lat="41.8844354" lon="-87.6420183"/>
  <node id="5460369675" lat="41.8831949" lon="-87.6419700"/>
  <node id="5492691174" lat="41.8766810" lon="-87.6594170"/>
  <node id="5492691175" lat="41.8777544" lon="-87.6592556"/>
  <node id="5492691178" lat="41.8775777" lon="-87.6594424"/>
  <node id="5492697138" lat="41.8888541" lon="-87.6534103"/>
  <node id="5492705636" lat="41.8787400" lon="-87.6594753"/>
  <node id="5492705639" lat="41.8780870" lon="-87.6594568"/>
  <node id="5492705641" lat="41.8778395" lon="-87.6538588"/>
  <node id="5492705646" lat="41.8803699" lon="-87.6550909"/>
  <node id="5492705651" lat="41.8823824" lon="-87.6587728"/>
  <node id="5492705653" lat="41.8829783" lon="-87.6580250"/>
  <node id="5492705654" lat="41.8854935" lon="-87.6580118"/>
  <node id="5492705658" lat="41.8782798" lon="-87.6545843"/>
  <node id="5492705661" lat="41.8784105" lon="-87.6545891"/>
  <node id="5492705662" lat="41.8803192" lon="-87.6581005"/>
  <node id="5492705665" lat="41.8803152" lon="-87.6583418"/>
  <node id="5492705677" lat="41.8832453" lon="-87.6567011"/>
  <node id="5492705688" lat="41.8839600" lon="-87.6567211"/>
  <node id="5492705696" lat="41.8835023" lon="-87.6567075"/>
  <node id="5492751847" lat="41.8702559" lon="-87.6437550"/>
  <node id="5492751848" lat="41.8706683" lon="-87.6437688"/>
  <node id="5492751851" lat="41.8719660" lon="-87.6441850"/>
  <node id="5492751856" lat="41.8719996" lon="-87.6416279"/>
  <node id="5492751859" lat="41.8779370" lon="-87.6479126"/>
  <node id="5499815202" lat="41.8766388" lon="-87.6494056">
    <tag k="direction" v="forward"/>
    <tag k="highway" v="stop"/>
  </node>
  <node id="5499815203" lat="41.8766347" lon="-87.6496455">
    <tag k="crossing" v="uncontrolled"/>
    <tag k="crossing:island" v="no"/>
    <tag k="crossing_ref" v="zebra"/>
    <tag k="highway" v="crossing"/>
    <tag k="tactile_paving" v="yes"/>
  </node>
  <node id="5509258499" lat="41.8746513" lon="-87.6447600"/>
  <node id="5509258500" lat="41.8758507" lon="-87.6496659">
    <tag k="highway" v="motorway_junction"/>
    <tag k="ref" v="29B"/>
  </node>
  <node id="5509258502" lat="41.8758202" lon="-87.6481479"/>
  <node id="5632900483" lat="41.8743850" lon="-87.6529295">
    <tag k="crossing" v="uncontrolled"/>
    <tag k="highway" v="crossing"/>
  </node>
  <node id="5637868337" lat="41.8800108" lon="-87.6352905"/>
  <node id="5637868369" lat="41.8835780" lon="-87.6427239"/>
  <node id="5640320336" lat="41.8810584" lon="-87.6473363"/>
  <node id="5649844398" lat="41.8765192" lon="-87.6410467"/>
  <node id="5649844399" lat="41.8764691" lon="-87.6424848"/>
  <node id="5649844409" lat="41.8767232" lon="-87.6436936"/>
  <node id="5649844414" lat="41.8848478" lon="-87.6427677"/>
  <node id="5649844416" lat="41.8856988" lon="-87.6452378"/>
  <node id="5649844822" lat="41.8811792" lon="-87.6496780"/>
  <node id="5649844825" lat="41.8811749" lon="-87.6508482"/>
  <node id="5649844826" lat="41.8808937" lon="-87.6508417"/>
  <node id="5649844844" lat="41.8774041" lon="-87.6483968"/>
  <node id="5649863476" lat="41.8822522" lon="-87.6532033"/>
  <node id="5649901932" lat="41.8858584" lon="-87.6533110"/>
  <node id="5649916131" lat="41.8812283" lon="-87.6508499"/>
  <node id="5649916133" lat="41.8812062" lon="-87.6520125"/>
  <node id="5649916136" lat="41.8803947" lon="-87.6535733"/>
  <node id="5656713297" lat="41.8774210" lon="-87.6545546"/>
  <node id="5678654948" lat="41.8801133" lon="-87.6411550"/>
  <node id="5678654949" lat="41.8797428" lon="-87.6411432"/>
  <node id="5678654950" lat="41.8800985" lon="-87.6426046"/>
  <node id="5678654952" lat="41.8797251" lon="-87.6425939"/>
  <node id="5689511636" lat="41.8792363" lon="-87.6396540">
    <tag k="button_operated" v="no"/>
    <tag k="crossing" v="traffic_signals"/>
    <tag k="crossing:markings" v="zebra"/>
    <tag k="crossing:signals" v="yes"/>
    <tag k="highway" v="crossing"/>
    <tag k="tactile_paving" v="yes"/>
  </node>
  <node id="5689518608" lat="41.8783378" lon="-87.6396265"/>
  <node id="5689523470" lat="41.8779716" lon="-87.6395709">
    <tag k="button_operated" v="no"/>
    <tag k="crossing" v="traffic_signals"/>
    <tag k="crossing:island" v="no"/>
    <tag k="crossing:markings" v="zebra"/>
    <tag k="crossing:signals" v="yes"/>
    <tag k="highway" v="crossing"/>
    <tag k="tactile_paving" v="yes"/>
    <tag k="traffic_signals:sound" v="no"/>
    <tag k="traffic_signals:vibration" v="no"/>
  </node>
  <node id="5705652368" lat="41.8743961" lon="-87.6446049"/>
  <node id="5705652369" lat="41.8747226" lon="-87.6445224"/>
  <node id="5705652370" lat="41.8750289" lon="-87.6442872"/>
  <node id="5705652371" lat="41.8752248" lon="-87.6439690"/>
  <node id="5705652372" lat="41.8753119" lon="-87.6437070"/>
  <node id="5705652373" lat="41.8753550" lon="-87.6434681"/>
  <node id="5732844071" lat="41.8780575" lon="-87.6394029">
    <tag k="crossing" v="traffic_signals"/>
    <tag k="crossing:island" v="no"/>
    <tag k="crossing:markings" v="zebra"/>
    <tag k="crossing:signals" v="yes"/>
    <tag k="highway" v="crossing"/>
  </node>
  <node id="5735002131" lat="41.8829009" lon="-87.6632079"/>
  <node id="5735002136" lat="41.8828974" lon="-87.6634483"/>
  <node id="5778407545" lat="41.8836864" lon="-87.6532413"/>
  <node id="5778407548" lat="41.8835314" lon="-87.6532382"/>
  <node id="5778597843" lat="41.8708631" lon="-87.6568022"/>
  <node id="5778597847" lat="41.8717970" lon="-87.6562000"/>
  <node id="5778597849" lat="41.8718011" lon="-87.6559653"/>
  <node id="5795187769" lat="41.8853722" lon="-87.6413345"/>
  <node id="5813229877" lat="41.8749635" lon="-87.6351895"/>
  <node id="5813229917" lat="41.8778102" lon="-87.6557171"/>
  <node id="5821530411" lat="41.8780669" lon="-87.6384800">
    <tag k="bus" v="yes"/>
    <tag k="local_ref" v="G"/>
    <tag k="name" v="Jackson &amp; Chicago River"/>
    <tag k="network" v="CTA"/>
    <tag k="operator" v="Chicago Transit Authority"/>
    <tag k="public_transport" v="stop_position"/>
    <tag k="ref" v="14661"/>
  </node>
  <node id="5821530412" lat="41.8780519" lon="-87.6399634">
    <tag k="bus" v="yes"/>
    <tag k="local_ref" v="A"/>
    <tag k="name" v="Jackson &amp; Canal (Union Station)"/>
    <tag k="network" v="CTA"/>
    <tag k="operator" v="Chicago Transit Authority"/>
    <tag k="public_transport" v="stop_position"/>
    <tag k="ref" v="67"/>
  </node>
  <node id="5821552812" lat="41.8781050" lon="-87.6354492">
    <tag k="bus" v="yes"/>
    <tag k="name" v="Jackson &amp; Franklin"/>
    <tag k="network" v="CTA"/>
    <tag k="operator" v="Chicago Transit Authority"/>
    <tag k="public_transport" v="stop_position"/>
    <tag k="ref" v="68"/>
  </node>
  <node id="5823702638" lat="41.8793287" lon="-87.6393761">
    <tag k="bus" v="yes"/>
    <tag k="name" v="Adams &amp; Canal (Union Station)"/>
    <tag k="network" v="CTA"/>
    <tag k="operator" v="Chicago Transit Authority"/>
    <tag k="public_transport" v="stop_position"/>
    <tag k="ref" v="12713"/>
  </node>
  <node id="5823702639" lat="41.8793611" lon="-87.6364490">
    <tag k="bus" v="yes"/>
    <tag k="name" v="Adams &amp; South Wacker"/>
    <tag k="network" v="CTA"/>
    <tag k="operator" v="Chicago Transit Authority"/>
    <tag k="public_transport" v="stop_position"/>
    <tag k="ref" v="1108"/>
  </node>
  <node id="5823702640" lat="41.8793841" lon="-87.6341783">
    <tag k="bus" v="yes"/>
    <tag k="name" v="Adams &amp; Wells (CTA)"/>
    <tag k="network" v="CTA"/>
    <tag k="operator" v="Chicago Transit Authority"/>
    <tag k="public_transport" v="stop_position"/>
    <tag k="ref" v="80"/>
  </node>
  <node id="5832397014" lat="41.8871243" lon="-87.6510211"/>
  <node id="5844602742" lat="41.8817877" lon="-87.6397030">
    <tag k="button_operated" v="no"/>
    <tag k="crossing" v="traffic_signals"/>
    <tag k="highway" v="crossing"/>
    <tag k="tactile_paving" v="yes"/>
    <tag k="traffic_signals:sound" v="no"/>
    <tag k="traffic_signals:vibration" v="no"/>
  </node>
  <node id="5863214354" lat="41.8745978" lon="-87.6352938"/>
  <node id="5869386541" lat="41.8767947" lon="-87.6380093"/>
  <node id="5869436796" lat="41.8754539" lon="-87.6410151">
    <tag k="bus" v="yes"/>
    <tag k="level" v="0"/>
    <tag k="name" v="Clinton Blue Line Station"/>
    <tag k="network" v="CTA"/>
    <tag k="operator" v="Chicago Transit Authority"/>
    <tag k="public_transport" v="stop_position"/>
    <tag k="ref" v="6363"/>
  </node>
  <node id="5869436797" lat="41.8781940" lon="-87.6411112">
    <tag k="bus" v="yes"/>
    <tag k="local_ref" v="J"/>
    <tag k="name" v="Clinton &amp; Jackson (Union Station)"/>
    <tag k="network" v="CTA"/>
    <tag k="operator" v="Chicago Transit Authority"/>
    <tag k="public_transport" v="stop_position"/>
    <tag k="ref" v="6361"/>
  </node>
  <node id="5870372586" lat="41.8743760" lon="-87.6422488">
    <tag k="bus" v="yes"/>
    <tag k="name" v="Harrison &amp; Jefferson"/>
    <tag k="network" v="CTA"/>
    <tag k="operator" v="Chicago Transit Authority"/>
    <tag k="public_transport" v="stop_position"/>
    <tag k="ref" v="6365"/>
  </node>
  <node id="5870372587" lat="41.8743790" lon="-87.6419696">
    <tag k="bus" v="yes"/>
    <tag k="name" v="Harrison &amp; Jefferson"/>
    <tag k="network" v="CTA"/>
    <tag k="operator" v="Chicago Transit Authority"/>
    <tag k="public_transport" v="stop_position"/>
    <tag k="ref" v="17995"/>
  </node>
  <node id="5870372588" lat="41.8748940" lon="-87.6396141">
    <tag k="bus" v="yes"/>
    <tag k="name" v="Canal &amp; Harrison"/>
    <tag k="network" v="CTA"/>
    <tag k="operator" v="Chicago Transit Authority"/>
    <tag k="public_transport" v="stop_position"/>
    <tag k="ref" v="14210"/>
  </node>
  <node id="5870395112" lat="41.8744358" lon="-87.6502963">
    <tag k="bus" v="yes"/>
    <tag k="name" v="900 W Harrison"/>
    <tag k="network" v="CTA"/>
    <tag k="operator" v="Chicago Transit Authority"/>
    <tag k="public_transport" v="stop_position"/>
    <tag k="ref" v="207"/>
  </node>
  <node id="5870395113" lat="41.8743776" lon="-87.6494560">
    <tag k="bus" v="yes"/>
    <tag k="name" v="900 W Harrison"/>
    <tag k="network" v="CTA"/>
    <tag k="operator" v="Chicago Transit Authority"/>
    <tag k="public_transport" v="stop_position"/>
    <tag k="ref" v="201"/>
  </node>
  <node id="5870395114" lat="41.8744142" lon="-87.6477496">
    <tag k="bus" v="yes"/>
    <tag k="name" v="Harrison &amp; Halsted"/>
    <tag k="network" v="CTA"/>
    <tag k="operator" v="Chicago Transit Authority"/>
    <tag k="public_transport" v="stop_position"/>
    <tag k="ref" v="206;35481"/>
  </node>
  <node id="5870395115" lat="41.8743143" lon="-87.6474789">
    <tag k="bus" v="yes"/>
    <tag k="name" v="Harrison &amp; Halsted"/>
    <tag k="network" v="CTA"/>
    <tag k="operator" v="Chicago Transit Authority"/>
    <tag k="public_transport" v="stop_position"/>
    <tag k="ref" v="6347:35479"/>
  </node>
  <node id="5870403497" lat="41.8743326" lon="-87.6520403">
    <tag k="bus" v="yes"/>
    <tag k="name" v="Harrison &amp; Morgan"/>
    <tag k="network" v="CTA"/>
    <tag k="operator" v="Chicago Transit Authority"/>
    <tag k="public_transport" v="stop_position"/>
    <tag k="ref" v="200;35697"/>
  </node>
  <node id="5870403498" lat="41.8744132" lon="-87.6515890">
    <tag k="bus" v="yes"/>
    <tag k="name" v="Harrison &amp; Morgan"/>
    <tag k="network" v="CTA"/>
    <tag k="operator" v="Chicago Transit Authority"/>
    <tag k="public_transport" v="stop_position"/>
    <tag k="ref" v="208;35698"/>
  </node>
  <node id="5870569490" lat="41.8741734" lon="-87.6613916">
    <tag k="bus" v="yes"/>
    <tag k="name" v="Harrison &amp; Loomis"/>
    <tag k="network" v="CTA"/>
    <tag k="operator" v="Chicago Transit Authority"/>
    <tag k="public_transport" v="stop_position"/>
    <tag k="ref" v="18336"/>
  </node>
  <node id="5870569493" lat="41.8742755" lon="-87.6595742">
    <tag k="bus" v="yes"/>
    <tag k="name" v="Harrison &amp; Throop"/>
    <tag k="network" v="CTA"/>
    <tag k="operator" v="Chicago Transit Authority"/>
    <tag k="public_transport" v="stop_position"/>
    <tag k="ref" v="18340"/>
  </node>
  <node id="5870569494" lat="41.8742113" lon="-87.6592145">
    <tag k="bus" v="yes"/>
    <tag k="name" v="Harrison &amp; Throop"/>
    <tag k="network" v="CTA"/>
    <tag k="operator" v="Chicago Transit Authority"/>
    <tag k="public_transport" v="stop_position"/>
    <tag k="ref" v="18339"/>
  </node>
  <node id="5870569497" lat="41.8742393" lon="-87.6571109">
    <tag k="bus" v="yes"/>
    <tag k="name" v="Harrison &amp; Racine"/>
    <tag k="network" v="CTA"/>
    <tag k="operator" v="Chicago Transit Authority"/>
    <tag k="public_transport" v="stop_position"/>
    <tag k="ref" v="198;35220"/>
  </node>
  <node id="5870569498" lat="41.8743079" lon="-87.6574851">
    <tag k="bus" v="yes"/>
    <tag k="name" v="Harrison &amp; Racine"/>
    <tag k="network" v="CTA"/>
    <tag k="operator" v="Chicago Transit Authority"/>
    <tag k="public_transport" v="stop_position"/>
    <tag k="ref" v="210;35224"/>
  </node>
  <node id="5870928488" lat="41.8770589" lon="-87.6395805">
    <tag k="bus" v="yes"/>
    <tag k="name" v="Canal &amp; Van Buren"/>
    <tag k="network" v="CTA"/>
    <tag k="operator" v="Chicago Transit Authority"/>
    <tag k="public_transport" v="stop_position"/>
    <tag k="ref" v="6351"/>
  </node>
  <node id="5881502144" lat="41.8853498" lon="-87.6474713">
    <tag k="bus" v="yes"/>
    <tag k="name" v="Halsted &amp; Lake"/>
    <tag k="network" v="CTA"/>
    <tag k="operator" v="Chicago Transit Authority"/>
    <tag k="public_transport" v="stop_position"/>
    <tag k="ref" v="15350"/>
  </node>
  <node id="5881502145" lat="41.8860225" lon="-87.6474944">
    <tag k="bus" v="yes"/>
    <tag k="name" v="Halsted &amp; Lake"/>
    <tag k="network" v="CTA"/>
    <tag k="operator" v="Chicago Transit Authority"/>
    <tag k="public_transport" v="stop_position"/>
    <tag k="ref" v="15356"/>
  </node>
  <node id="5881541656" lat="41.8801982" lon="-87.6473082">
    <tag k="bus" v="yes"/>
    <tag k="name" v="Halsted &amp; Monroe"/>
    <tag k="network" v="CTA"/>
    <tag k="operator" v="Chicago Transit Authority"/>
    <tag k="public_transport" v="stop_position"/>
    <tag k="ref" v="15352"/>
  </node>
  <node id="5881541657" lat="41.8803636" lon="-87.6473148">
    <tag k="bus" v="yes"/>
    <tag k="name" v="Halsted &amp; Monroe"/>
    <tag k="network" v="CTA"/>
    <tag k="operator" v="Chicago Transit Authority"/>
    <tag k="public_transport" v="stop_position"/>
    <tag k="ref" v="5931"/>
  </node>
  <node id="5881541658" lat="41.8814708" lon="-87.6473527">
    <tag k="bus" v="yes"/>
    <tag k="name" v="Halsted &amp; Madison"/>
    <tag k="network" v="CTA"/>
    <tag k="operator" v="Chicago Transit Authority"/>
    <tag k="public_transport" v="stop_position"/>
    <tag k="ref" v="15008"/>
  </node>
  <node id="5881541659" lat="41.8822105" lon="-87.6473788">
    <tag k="bench" v="yes"/>
    <tag k="bin" v="yes"/>
    <tag k="bus" v="yes"/>
    <tag k="departures_board" v="realtime"/>
    <tag k="name" v="Halsted &amp; Madison"/>
    <tag k="network" v="CTA"/>
    <tag k="operator" v="Chicago Transit Authority"/>
    <tag k="passenger_information_display" v="realtime"/>
    <tag k="public_transport" v="stop_position"/>
    <tag k="ref" v="440"/>
    <tag k="shelter" v="no"/>
  </node>
  <node id="5881541660" lat="41.8838511" lon="-87.6474244">
    <tag k="bus" v="yes"/>
    <tag k="name" v="Halsted &amp; Randolph/Washington"/>
    <tag k="network" v="CTA"/>
    <tag k="operator" v="Chicago Transit Authority"/>
    <tag k="public_transport" v="stop_position"/>
    <tag k="ref" v="15351"/>
  </node>
  <node id="5881554956" lat="41.8781011" lon="-87.6472385">
    <tag k="bus" v="yes"/>
    <tag k="name" v="Halsted &amp; Jackson"/>
    <tag k="network" v="CTA"/>
    <tag k="operator" v="Chicago Transit Authority"/>
    <tag k="public_transport" v="stop_position"/>
    <tag k="ref" v="5799"/>
  </node>
  <node id="5881554957" lat="41.8783352" lon="-87.6472451">
    <tag k="bus" v="yes"/>
    <tag k="name" v="Halsted &amp; Jackson"/>
    <tag k="network" v="CTA"/>
    <tag k="operator" v="Chicago Transit Authority"/>
    <tag k="public_transport" v="stop_position"/>
    <tag k="ref" v="18009"/>
  </node>
  <node id="5881675782" lat="41.8717050" lon="-87.6469494">
    <tag k="bus" v="yes"/>
    <tag k="name" v="Halsted &amp; Polk"/>
    <tag k="network" v="CTA"/>
    <tag k="operator" v="Chicago Transit Authority"/>
    <tag k="public_transport" v="stop_position"/>
    <tag k="ref" v="4618"/>
  </node>
  <node id="5881675783" lat="41.8721073" lon="-87.6471174">
    <tag k="bench" v="yes"/>
    <tag k="bin" v="yes"/>
    <tag k="bus" v="yes"/>
    <tag k="departures_board" v="realtime"/>
    <tag k="name" v="Halsted &amp; Polk"/>
    <tag k="network" v="CTA"/>
    <tag k="operator" v="Chicago Transit Authority"/>
    <tag k="passenger_information_display" v="realtime"/>
    <tag k="public_transport" v="stop_position"/>
    <tag k="ref" v="4639"/>
    <tag k="shelter" v="yes"/>
  </node>
  <node id="5881675784" lat="41.8739024" lon="-87.6471767">
    <tag k="bus" v="yes"/>
    <tag k="name" v="Halsted &amp; Harrison"/>
    <tag k="network" v="CTA"/>
    <tag k="operator" v="Chicago Transit Authority"/>
    <tag k="public_transport" v="stop_position"/>
    <tag k="ref" v="4638"/>
  </node>
  <node id="5881675885" lat="41.8754789" lon="-87.6471672">
    <tag k="bus" v="yes"/>
    <tag k="name" v="UIC-Halsted Blue Line Station"/>
    <tag k="network" v="CTA"/>
    <tag k="operator" v="Chicago Transit Authority"/>
    <tag k="public_transport" v="stop_position"/>
    <tag k="ref" v="18184"/>
  </node>
  <node id="5881675886" lat="41.8755808" lon="-87.6471707">
    <tag k="bus" v="yes"/>
    <tag k="name" v="UIC-Halsted Blue Line Station"/>
    <tag k="network" v="CTA"/>
    <tag k="operator" v="Chicago Transit Authority"/>
    <tag k="public_transport" v="stop_position"/>
    <tag k="ref" v="205"/>
  </node>
  <node id="5881761337" lat="41.8698757" lon="-87.6470511">
    <tag k="bus" v="yes"/>
    <tag k="name" v="Halsted &amp; Taylor"/>
    <tag k="network" v="CTA"/>
    <tag k="operator" v="Chicago Transit Authority"/>
    <tag k="public_transport" v="stop_position"/>
    <tag k="ref" v="4640"/>
  </node>
  <node id="5881761338" lat="41.8701336" lon="-87.6469034">
    <tag k="bus" v="yes"/>
    <tag k="name" v="Halsted &amp; Taylor"/>
    <tag k="network" v="CTA"/>
    <tag k="operator" v="Chicago Transit Authority"/>
    <tag k="public_transport" v="stop_position"/>
    <tag k="ref" v="14487"/>
  </node>
  <node id="5911171811" lat="41.8820659" lon="-87.6368700"/>
  <node id="5911175131" lat="41.8820658" lon="-87.6369422"/>
  <node id="5936364885" lat="41.8818372" lon="-87.6431000">
    <tag k="bus" v="yes"/>
    <tag k="name" v="Madison &amp; Jefferson"/>
    <tag k="network" v="CTA"/>
    <tag k="operator" v="Chicago Transit Authority"/>
    <tag k="public_transport" v="stop_position"/>
    <tag k="ref" v="456"/>
  </node>
  <node id="5936364886" lat="41.8830185" lon="-87.6427033">
    <tag k="bus" v="yes"/>
    <tag k="name" v="Jefferson &amp; Washington"/>
    <tag k="network" v="CTA"/>
    <tag k="operator" v="Chicago Transit Authority"/>
    <tag k="public_transport" v="stop_position"/>
    <tag k="ref" v="5516"/>
  </node>
  <node id="5936364887" lat="41.8831907" lon="-87.6429955">
    <tag k="bus" v="yes"/>
    <tag k="name" v="Washington &amp; Jefferson"/>
    <tag k="network" v="CTA"/>
    <tag k="operator" v="Chicago Transit Authority"/>
    <tag k="public_transport" v="stop_position"/>
    <tag k="ref" v="442"/>
  </node>
  <node id="5936428344" lat="41.8819187" lon="-87.6360349">
    <tag k="bus" v="yes"/>
    <tag k="name" v="Madison &amp; Franklin"/>
    <tag k="network" v="CTA"/>
    <tag k="operator" v="Chicago Transit Authority"/>
    <tag k="public_transport" v="stop_position"/>
    <tag k="ref" v="18124"/>
  </node>
  <node id="5936428345" lat="41.8818708" lon="-87.6409472">
    <tag k="bus" v="yes"/>
    <tag k="local_ref" v="K"/>
    <tag k="name" v="Madison &amp; Clinton (Metra)"/>
    <tag k="network" v="CTA"/>
    <tag k="operator" v="Chicago Transit Authority"/>
    <tag k="public_transport" v="stop_position"/>
    <tag k="ref" v="455"/>
  </node>
  <node id="5943489465" lat="41.8832355" lon="-87.6357044">
    <tag k="bus" v="yes"/>
    <tag k="name" v="Washington &amp; Franklin"/>
    <tag k="network" v="CTA"/>
    <tag k="operator" v="Chicago Transit Authority"/>
    <tag k="public_transport" v="stop_position"/>
    <tag k="ref" v="445"/>
  </node>
  <node id="5943489469" lat="41.8831784" lon="-87.6399961">
    <tag k="bus" v="yes"/>
    <tag k="local_ref" v="P"/>
    <tag k="name" v="Washington &amp; Canal (Metra)"/>
    <tag k="network" v="CTA"/>
    <tag k="operator" v="Chicago Transit Authority"/>
    <tag k="public_transport" v="stop_position"/>
    <tag k="ref" v="443"/>
  </node>
  <node id="5967446810" lat="41.8769540" lon="-87.6463436"/>
  <node id="5967446811" lat="41.8775094" lon="-87.6462323"/>
  <node id="5967446812" lat="41.8781801" lon="-87.6461633">
    <tag k="highway" v="motorway_junction"/>
    <tag k="ref" v="51 I-J;51 H"/>
    <tag k="ref:left" v="51I"/>
    <tag k="ref:right" v="51H"/>
  </node>
  <node id="5967446815" lat="41.8836812" lon="-87.6461909"/>
  <node id="5967446816" lat="41.8820137" lon="-87.6461837"/>
  <node id="5967446817" lat="41.8808768" lon="-87.6463688"/>
  <node id="5967446823" lat="41.8795691" lon="-87.6461454">
    <tag k="highway" v="motorway_junction"/>
    <tag k="ref" v="51G"/>
  </node>
  <node id="5967446824" lat="41.8798667" lon="-87.6463146"/>
  <node id="5967446825" lat="41.8801463" lon="-87.6462929"/>
  <node id="5970344124" lat="41.8815519" lon="-87.6613536"/>
  <node id="5970344126" lat="41.8815647" lon="-87.6605649"/>
  <node id="5970344127" lat="41.8815802" lon="-87.6596147">
    <tag k="highway" v="stop"/>
    <tag k="stop" v="all"/>
  </node>
  <node id="5970344129" lat="41.8815942" lon="-87.6587524"/>
  <node id="5970344133" lat="41.8816128" lon="-87.6576037">
    <tag k="bus" v="yes"/>
    <tag k="name" v="Madison &amp; Racine"/>
    <tag k="network" v="CTA"/>
    <tag k="operator" v="Chicago Transit Authority"/>
    <tag k="public_transport" v="stop_position"/>
    <tag k="ref" v="14765"/>
  </node>
  <node id="5970344134" lat="41.8816105" lon="-87.6577433"/>
  <node id="5970344135" lat="41.8816486" lon="-87.6555206">
    <tag k="highway" v="stop"/>
    <tag k="stop" v="all"/>
  </node>
  <node id="5970344137" lat="41.8816618" lon="-87.6547038"/>
  <node id="5970344139" lat="41.8815357" lon="-87.6547009">
    <tag k="direction" v="forward"/>
    <tag k="highway" v="stop"/>
  </node>
  <node id="5970344140" lat="41.8817903" lon="-87.6543631">
    <tag k="direction" v="forward"/>
    <tag k="highway" v="stop"/>
  </node>
  <node id="5970344142" lat="41.8816674" lon="-87.6543596"/>
  <node id="5970344148" lat="41.8817124" lon="-87.6514409"/>
  <node id="5970344154" lat="41.8816213" lon="-87.6571420">
    <tag k="highway" v="traffic_signals"/>
    <tag k="traffic_signals" v="signal"/>
  </node>
  <node id="5970344158" lat="41.8817434" lon="-87.6498213">
    <tag k="crossing" v="uncontrolled"/>
    <tag k="highway" v="crossing"/>
    <tag k="tactile_paving" v="yes"/>
  </node>
  <node id="5978234450" lat="41.8816170" lon="-87.6573760">
    <tag k="bus" v="yes"/>
    <tag k="name" v="Madison &amp; Racine"/>
    <tag k="network" v="CTA"/>
    <tag k="operator" v="Chicago Transit Authority"/>
    <tag k="public_transport" v="stop_position"/>
    <tag k="ref" v="436"/>
  </node>
  <node id="5978234455" lat="41.8816591" lon="-87.6548733">
    <tag k="bus" v="yes"/>
    <tag k="name" v="Madison &amp; Aberdeen"/>
    <tag k="network" v="CTA"/>
    <tag k="operator" v="Chicago Transit Authority"/>
    <tag k="public_transport" v="stop_position"/>
    <tag k="ref" v="437"/>
  </node>
  <node id="5978234457" lat="41.8816702" lon="-87.6541882">
    <tag k="bus" v="yes"/>
    <tag k="name" v="Madison &amp; Aberdeen"/>
    <tag k="network" v="CTA"/>
    <tag k="operator" v="Chicago Transit Authority"/>
    <tag k="public_transport" v="stop_position"/>
    <tag k="ref" v="460"/>
  </node>
  <node id="5978234459" lat="41.8816989" lon="-87.6524154"/>
  <node id="5978234461" lat="41.8817071" lon="-87.6517236">
    <tag k="bus" v="yes"/>
    <tag k="name" v="Madison &amp; Morgan"/>
    <tag k="network" v="CTA"/>
    <tag k="operator" v="Chicago Transit Authority"/>
    <tag k="public_transport" v="stop_position"/>
    <tag k="ref" v="14647"/>
  </node>
  <node id="5978234463" lat="41.8817054" lon="-87.6518120">
    <tag k="bus" v="yes"/>
    <tag k="name" v="Madison &amp; Morgan"/>
    <tag k="network" v="CTA"/>
    <tag k="operator" v="Chicago Transit Authority"/>
    <tag k="public_transport" v="stop_position"/>
    <tag k="ref" v="459"/>
  </node>
  <node id="5978234465" lat="41.8817417" lon="-87.6498903">
    <tag k="bus" v="yes"/>
    <tag k="name" v="Madison &amp; Peoria"/>
    <tag k="network" v="CTA"/>
    <tag k="operator" v="Chicago Transit Authority"/>
    <tag k="public_transport" v="stop_position"/>
    <tag k="ref" v="439"/>
  </node>
  <node id="5978234467" lat="41.8817468" lon="-87.6494724">
    <tag k="bus" v="yes"/>
    <tag k="name" v="Madison &amp; Peoria"/>
    <tag k="network" v="CTA"/>
    <tag k="operator" v="Chicago Transit Authority"/>
    <tag k="public_transport" v="stop_position"/>
    <tag k="ref" v="458"/>
  </node>
  <node id="5978234469" lat="41.8831552" lon="-87.6467040">
    <tag k="bus" v="yes"/>
    <tag k="name" v="Washington &amp; Halsted"/>
    <tag k="network" v="CTA"/>
    <tag k="operator" v="Chicago Transit Authority"/>
    <tag k="public_transport" v="stop_position"/>
    <tag k="ref" v="12754"/>
  </node>
  <node id="5978245804" lat="41.8815406" lon="-87.6620483">
    <tag k="bus" v="yes"/>
    <tag k="name" v="Madison &amp; Loomis"/>
    <tag k="network" v="CTA"/>
    <tag k="operator" v="Chicago Transit Authority"/>
    <tag k="public_transport" v="stop_position"/>
    <tag k="ref" v="463"/>
  </node>
  <node id="5978245806" lat="41.8815434" lon="-87.6618813">
    <tag k="bus" v="yes"/>
    <tag k="name" v="Madison &amp; Loomis"/>
    <tag k="network" v="CTA"/>
    <tag k="operator" v="Chicago Transit Authority"/>
    <tag k="public_transport" v="stop_position"/>
    <tag k="ref" v="16049"/>
  </node>
  <node id="5978245808" lat="41.8815770" lon="-87.6598112">
    <tag k="bus" v="yes"/>
    <tag k="name" v="Madison &amp; Throop"/>
    <tag k="network" v="CTA"/>
    <tag k="operator" v="Chicago Transit Authority"/>
    <tag k="public_transport" v="stop_position"/>
    <tag k="ref" v="435"/>
  </node>
  <node id="5978245810" lat="41.8815828" lon="-87.6594409">
    <tag k="bus" v="yes"/>
    <tag k="name" v="Madison &amp; Throop"/>
    <tag k="network" v="CTA"/>
    <tag k="operator" v="Chicago Transit Authority"/>
    <tag k="public_transport" v="stop_position"/>
    <tag k="ref" v="462"/>
  </node>
  <node id="6053916109" lat="41.8744052" lon="-87.6519430">
    <tag k="crossing" v="traffic_signals"/>
    <tag k="highway" v="crossing"/>
  </node>
  <node id="6131657471" lat="41.8699091" lon="-87.6393051">
    <tag k="crossing" v="traffic_signals"/>
    <tag k="highway" v="crossing"/>
  </node>
  <node id="6131657473" lat="41.8720366" lon="-87.6471142">
    <tag k="crossing" v="traffic_signals"/>
    <tag k="highway" v="crossing"/>
  </node>
  <node id="6131657476" lat="41.8718337" lon="-87.6471074">
    <tag k="crossing" v="traffic_signals"/>
    <tag k="highway" v="crossing"/>
  </node>
  <node id="6131657479" lat="41.8718351" lon="-87.6469527">
    <tag k="crossing" v="traffic_signals"/>
    <tag k="highway" v="crossing"/>
  </node>
  <node id="6131657482" lat="41.8766816" lon="-87.6470913">
    <tag k="crossing" v="traffic_signals"/>
    <tag k="crossing:island" v="no"/>
    <tag k="highway" v="crossing"/>
  </node>
  <node id="6131658787" lat="41.8720353" lon="-87.6469614">
    <tag k="crossing" v="traffic_signals"/>
    <tag k="highway" v="crossing"/>
  </node>
  <node id="6148881822" lat="41.8848044" lon="-87.6442016"/>
  <node id="6291902364" lat="41.8743941" lon="-87.6486107"/>
  <node id="6366358666" lat="41.8748482" lon="-87.6471471"/>
  <node id="6366358669" lat="41.8758132" lon="-87.6505761"/>
  <node id="6382759003" lat="41.8779619" lon="-87.6367370"/>
  <node id="6483255120" lat="41.8780171" lon="-87.6366897">
    <tag k="button_operated" v="no"/>
    <tag k="crossing" v="traffic_signals"/>
    <tag k="crossing:markings" v="zebra"/>
    <tag k="crossing:signals" v="yes"/>
    <tag k="highway" v="crossing"/>
    <tag k="tactile_paving" v="yes"/>
    <tag k="traffic_signals:sound" v="no"/>
    <tag k="traffic_signals:vibration" v="no"/>
  </node>
  <node id="6483255121" lat="41.8780118" lon="-87.6369249">
    <tag k="button_operated" v="no"/>
    <tag k="crossing" v="traffic_signals"/>
    <tag k="crossing:markings" v="zebra"/>
    <tag k="crossing:signals" v="yes"/>
    <tag k="highway" v="crossing"/>
    <tag k="tactile_paving" v="yes"/>
    <tag k="traffic_signals:sound" v="no"/>
    <tag k="traffic_signals:vibration" v="no"/>
  </node>
  <node id="6505769168" lat="41.8731959" lon="-87.6598960"/>
  <node id="6515733852" lat="41.8713207" lon="-87.6395306">
    <tag k="noexit" v="yes"/>
  </node>
  <node id="6547918117" lat="41.8854385" lon="-87.6615879"/>
  <node id="6547918132" lat="41.8854299" lon="-87.6620952"/>
  <node id="6620420897" lat="41.8780409" lon="-87.6409465">
    <tag k="crossing" v="traffic_signals"/>
    <tag k="crossing:island" v="no"/>
    <tag k="crossing:markings" v="zebra"/>
    <tag k="crossing:signals" v="yes"/>
    <tag k="highway" v="crossing"/>
  </node>
  <node id="6620420898" lat="41.8781317" lon="-87.6396202">
    <tag k="crossing" v="traffic_signals"/>
    <tag k="crossing:island" v="no"/>
    <tag k="crossing:markings" v="zebra"/>
    <tag k="crossing:signals" v="yes"/>
    <tag k="highway" v="crossing"/>
    <tag k="tactile_paving" v="yes"/>
    <tag k="traffic_signals:sound" v="no"/>
  </node>
  <node id="6624577285" lat="41.8818954" lon="-87.6385920"/>
  <node id="6637892288" lat="41.8781094" lon="-87.6411098">
    <tag k="button_operated" v="no"/>
    <tag k="crossing" v="traffic_signals"/>
    <tag k="crossing:island" v="no"/>
    <tag k="crossing:markings" v="zebra"/>
    <tag k="crossing:signals" v="yes"/>
    <tag k="highway" v="crossing"/>
    <tag k="tactile_paving" v="incorrect"/>
    <tag k="traffic_signals:sound" v="no"/>
    <tag k="traffic_signals:vibration" v="no"/>
  </node>
  <node id="6637892292" lat="41.8792881" lon="-87.6427140">
    <tag k="crossing" v="traffic_signals"/>
    <tag k="highway" v="crossing"/>
  </node>
  <node id="6637892293" lat="41.8792650" lon="-87.6439178">
    <tag k="crossing" v="traffic_signals"/>
    <tag k="highway" v="crossing"/>
    <tag k="tactile_paving" v="yes"/>
  </node>
  <node id="6637892302" lat="41.8767351" lon="-87.6426252">
    <tag k="crossing" v="traffic_signals"/>
    <tag k="crossing:island" v="no"/>
    <tag k="highway" v="crossing"/>
    <tag k="tactile_paving" v="yes"/>
  </node>
  <node id="6637892303" lat="41.8792271" lon="-87.6411280">
    <tag k="crossing" v="traffic_signals"/>
    <tag k="crossing:island" v="no"/>
    <tag k="crossing:markings" v="zebra"/>
    <tag k="crossing:signals" v="yes"/>
    <tag k="highway" v="crossing"/>
  </node>
  <node id="6637892306" lat="41.8791977" lon="-87.6425773">
    <tag k="crossing" v="traffic_signals"/>
    <tag k="highway" v="crossing"/>
  </node>
  <node id="6637892308" lat="41.8791845" lon="-87.6440233">
    <tag k="crossing" v="traffic_signals"/>
    <tag k="highway" v="crossing"/>
    <tag k="tactile_paving" v="yes"/>
  </node>
  <node id="6637892312" lat="41.8793082" lon="-87.6412497">
    <tag k="crossing" v="traffic_signals"/>
    <tag k="crossing:island" v="no"/>
    <tag k="crossing:markings" v="zebra"/>
    <tag k="crossing:signals" v="yes"/>
    <tag k="highway" v="crossing"/>
  </node>
  <node id="6637892313" lat="41.8792618" lon="-87.6441693">
    <tag k="crossing" v="traffic_signals"/>
    <tag k="highway" v="crossing"/>
    <tag k="tactile_paving" v="yes"/>
  </node>
  <node id="6637892314" lat="41.8779593" lon="-87.6411051">
    <tag k="crossing" v="traffic_signals"/>
    <tag k="crossing:island" v="no"/>
    <tag k="crossing:markings" v="zebra"/>
    <tag k="crossing:signals" v="yes"/>
    <tag k="highway" v="crossing"/>
    <tag k="tactile_paving" v="yes"/>
  </node>
  <node id="6652948925" lat="41.8756231" lon="-87.6454556"/>
  <node id="6652948927" lat="41.8759607" lon="-87.6465333"/>
  <node id="6652948928" lat="41.8759604" lon="-87.6469819"/>
  <node id="6652948929" lat="41.8759445" lon="-87.6473989"/>
  <node id="6653012101" lat="41.8754165" lon="-87.6476084"/>
  <node id="6668792978" lat="41.8709881" lon="-87.6393330">
    <tag k="button_operated" v="yes"/>
    <tag k="crossing" v="traffic_signals"/>
    <tag k="highway" v="crossing"/>
  </node>
  <node id="6668857199" lat="41.8858836" lon="-87.6398791">
    <tag k="crossing" v="traffic_signals"/>
    <tag k="highway" v="crossing"/>
  </node>
  <node id="6668857201" lat="41.8753763" lon="-87.6556759"/>
  <node id="6668857202" lat="41.8857263" lon="-87.6397187">
    <tag k="crossing" v="traffic_signals"/>
    <tag k="crossing:island" v="no"/>
    <tag k="highway" v="crossing"/>
    <tag k="tactile_paving" v="yes"/>
    <tag k="traffic_signals:sound" v="no"/>
  </node>
  <node id="6697328364" lat="41.8831808" lon="-87.6448339"/>
  <node id="6703345832" lat="41.8818573" lon="-87.6421894"/>
  <node id="6776894060" lat="41.8830895" lon="-87.6516099"/>
  <node id="6778368173" lat="41.8757953" lon="-87.6514630"/>
  <node id="6789228582" lat="41.8756089" lon="-87.6591489"/>
  <node id="6903448856" lat="41.8816219" lon="-87.6596358"/>
  <node id="6929518186" lat="41.8733865" lon="-87.6423964"/>
  <node id="6929518189" lat="41.8735664" lon="-87.6417995"/>
  <node id="6929518192" lat="41.8728092" lon="-87.6417886"/>
  <node id="6978056606" lat="41.8720384" lon="-87.6386356"/>
  <node id="6987861775" lat="41.8744510" lon="-87.6363809"/>
  <node id="6987903200" lat="41.8757006" lon="-87.6363457"/>
  <node id="6987903201" lat="41.8755691" lon="-87.6362300"/>
  <node id="6987903209" lat="41.8756901" lon="-87.6372849">
    <tag k="barrier" v="lift_gate"/>
    <tag k="motor_vehicle" v="yes"/>
  </node>
  <node id="6987903210" lat="41.8755591" lon="-87.6374141">
    <tag k="barrier" v="lift_gate"/>
    <tag k="motor_vehicle" v="yes"/>
  </node>
  <node id="6987903235" lat="41.8757029" lon="-87.6361498">
    <tag k="barrier" v="lift_gate"/>
    <tag k="motor_vehicle" v="yes"/>
  </node>
  <node id="6987903236" lat="41.8755704" lon="-87.6361043">
    <tag k="barrier" v="lift_gate"/>
    <tag k="motor_vehicle" v="yes"/>
  </node>
  <node id="6987914940" lat="41.8752555" lon="-87.6356826"/>
  <node id="6987914952" lat="41.8744594" lon="-87.6356638"/>
  <node id="6988089323" lat="41.8744491" lon="-87.6364836">
    <tag k="barrier" v="lift_gate"/>
  </node>
  <node id="6988089324" lat="41.8744600" lon="-87.6355726">
    <tag k="barrier" v="lift_gate"/>
  </node>
  <node id="6988089358" lat="41.8767929" lon="-87.6381083"/>
  <node id="6988089363" lat="41.8768108" lon="-87.6369513">
    <tag k="barrier" v="lift_gate"/>
  </node>
  <node id="6988089364" lat="41.8767970" lon="-87.6378729">
    <tag k="barrier" v="lift_gate"/>
  </node>
  <node id="6988114220" lat="41.8780700" lon="-87.6380646"/>
  <node id="6988114282" lat="41.8793355" lon="-87.6385261">
    <tag k="barrier" v="lift_gate"/>
  </node>
  <node id="6988114283" lat="41.8793482" lon="-87.6376813">
    <tag k="barrier" v="lift_gate"/>
  </node>
  <node id="6988114367" lat="41.8780697" lon="-87.6381420">
    <tag k="barrier" v="lift_gate"/>
    <tag k="motor_vehicle" v="yes"/>
  </node>
  <node id="6988114369" lat="41.8780769" lon="-87.6373169">
    <tag k="barrier" v="lift_gate"/>
    <tag k="motor_vehicle" v="yes"/>
  </node>
  <node id="6988141016" lat="41.8806738" lon="-87.6397031">
    <tag k="button_operated" v="no"/>
    <tag k="crossing" v="traffic_signals"/>
    <tag k="highway" v="crossing"/>
    <tag k="tactile_paving" v="incorrect"/>
    <tag k="traffic_signals:sound" v="no"/>
    <tag k="traffic_signals:vibration" v="no"/>
  </node>
  <node id="6990621985" lat="41.8744733" lon="-87.6339290">
    <tag k="crossing" v="traffic_signals"/>
    <tag k="crossing:markings" v="zebra"/>
    <tag k="crossing:signals" v="yes"/>
    <tag k="highway" v="crossing"/>
  </node>
  <node id="6990621987" lat="41.8744618" lon="-87.6348485">
    <tag k="crossing" v="traffic_signals"/>
    <tag k="crossing:island" v="no"/>
    <tag k="crossing:markings" v="zebra"/>
    <tag k="crossing:signals" v="yes"/>
    <tag k="highway" v="crossing"/>
  </node>
  <node id="6990621988" lat="41.8745810" lon="-87.6350694">
    <tag k="crossing" v="traffic_signals"/>
    <tag k="crossing:markings" v="zebra"/>
    <tag k="crossing:signals" v="yes"/>
    <tag k="highway" v="crossing"/>
  </node>
  <node id="6990621989" lat="41.8745724" lon="-87.6351405">
    <tag k="crossing" v="traffic_signals"/>
    <tag k="crossing:markings" v="zebra"/>
    <tag k="crossing:signals" v="yes"/>
    <tag k="highway" v="crossing"/>
  </node>
  <node id="6990621991" lat="41.8745775" lon="-87.6353047">
    <tag k="crossing" v="traffic_signals"/>
    <tag k="crossing:markings" v="zebra"/>
    <tag k="crossing:signals" v="yes"/>
    <tag k="highway" v="crossing"/>
  </node>
  <node id="6990621998" lat="41.8763060" lon="-87.6351417"/>
  <node id="6990621999" lat="41.8763014" lon="-87.6352168"/>
  <node id="6991230878" lat="41.8858306" lon="-87.6367210">
    <tag k="button_operated" v="no"/>
    <tag k="crossing" v="traffic_signals"/>
    <tag k="highway" v="crossing"/>
    <tag k="tactile_paving" v="yes"/>
    <tag k="traffic_signals:sound" v="no"/>
    <tag k="traffic_signals:vibration" v="no"/>
  </node>
  <node id="7015531309" lat="41.8744878" lon="-87.6397370">
    <tag k="crossing" v="traffic_signals"/>
    <tag k="highway" v="crossing"/>
  </node>
  <node id="7015531310" lat="41.8744908" lon="-87.6395514">
    <tag k="crossing" v="traffic_signals"/>
    <tag k="highway" v="crossing"/>
  </node>
  <node id="7015531323" lat="41.8743312" lon="-87.6394961">
    <tag k="button_operated" v="no"/>
    <tag k="crossing" v="traffic_signals"/>
    <tag k="crossing:island" v="no"/>
    <tag k="highway" v="crossing"/>
    <tag k="tactile_paving" v="yes"/>
    <tag k="traffic_signals:sound" v="no"/>
    <tag k="traffic_signals:vibration" v="no"/>
  </node>
  <node id="7015531326" lat="41.8744052" lon="-87.6398373">
    <tag k="crossing" v="traffic_signals"/>
    <tag k="crossing:island" v="no"/>
    <tag k="highway" v="crossing"/>
  </node>
  <node id="7015531339" lat="41.8744605" lon="-87.6352336">
    <tag k="crossing" v="traffic_signals"/>
    <tag k="crossing:markings" v="zebra"/>
    <tag k="crossing:signals" v="yes"/>
    <tag k="highway" v="crossing"/>
  </node>
  <node id="7015593956" lat="41.8806191" lon="-87.6377808">
    <tag k="barrier" v="lift_gate"/>
  </node>
  <node id="7015593957" lat="41.8806067" lon="-87.6386686">
    <tag k="barrier" v="lift_gate"/>
  </node>
  <node id="7015593960" lat="41.8819096" lon="-87.6377232">
    <tag k="barrier" v="lift_gate"/>
  </node>
  <node id="7015593965" lat="41.8818929" lon="-87.6387135">
    <tag k="barrier" v="lift_gate"/>
  </node>
  <node id="7015593966" lat="41.8800960" lon="-87.6396708"/>
  <node id="7015593976" lat="41.8767720" lon="-87.6394726"/>
  <node id="7015618991" lat="41.8805131" lon="-87.6396785">
    <tag k="button_operated" v="no"/>
    <tag k="crossing" v="traffic_signals"/>
    <tag k="highway" v="crossing"/>
    <tag k="tactile_paving" v="incorrect"/>
    <tag k="traffic_signals:sound" v="no"/>
    <tag k="traffic_signals:vibration" v="no"/>
  </node>
  <node id="7015619011" lat="41.8780338" lon="-87.6411086">
    <tag k="highway" v="traffic_signals"/>
    <tag k="traffic_signals" v="signal"/>
  </node>
  <node id="7015619012" lat="41.8780382" lon="-87.6409991">
    <tag k="crossing" v="traffic_signals"/>
    <tag k="highway" v="crossing"/>
  </node>
  <node id="7015619013" lat="41.8801785" lon="-87.6411571"/>
  <node id="7015619023" lat="41.8866369" lon="-87.6413634"/>
  <node id="7015619027" lat="41.8852061" lon="-87.6413307"/>
  <node id="7015619031" lat="41.8844479" lon="-87.6397994">
    <tag k="highway" v="traffic_signals"/>
    <tag k="traffic_signals" v="signal"/>
  </node>
  <node id="7015619034" lat="41.8844835" lon="-87.6411322"/>
  <node id="7015619037" lat="41.8844825" lon="-87.6411569">
    <tag k="button_operated" v="no"/>
    <tag k="crossing" v="traffic_signals"/>
    <tag k="crossing:island" v="no"/>
    <tag k="crossing:markings" v="zebra"/>
    <tag k="crossing:signals" v="yes"/>
    <tag k="highway" v="crossing"/>
    <tag k="tactile_paving" v="yes"/>
    <tag k="traffic_signals:sound" v="no"/>
    <tag k="traffic_signals:vibration" v="no"/>
  </node>
  <node id="7015621030" lat="41.8831969" lon="-87.6385761">
    <tag k="barrier" v="lift_gate"/>
  </node>
  <node id="7015621031" lat="41.8832129" lon="-87.6375942">
    <tag k="barrier" v="lift_gate"/>
  </node>
  <node id="7015621038" lat="41.8832192" lon="-87.6371619">
    <tag k="button_operated" v="no"/>
    <tag k="crossing" v="traffic_signals"/>
    <tag k="crossing:island" v="no"/>
    <tag k="crossing:markings" v="zebra"/>
    <tag k="crossing:signals" v="yes"/>
    <tag k="highway" v="crossing"/>
    <tag k="tactile_paving" v="yes"/>
    <tag k="traffic_signals:sound" v="no"/>
    <tag k="traffic_signals:vibration" v="no"/>
  </node>
  <node id="7015621039" lat="41.8830569" lon="-87.6368973"/>
  <node id="7015621040" lat="41.8830560" lon="-87.6369762"/>
  <node id="7015621045" lat="41.8831978" lon="-87.6384357"/>
  <node id="7015621516" lat="41.8844641" lon="-87.6372015">
    <tag k="crossing" v="traffic_signals"/>
    <tag k="crossing:island" v="no"/>
    <tag k="crossing:markings" v="zebra"/>
    <tag k="crossing:signals" v="yes"/>
    <tag k="highway" v="crossing"/>
    <tag k="tactile_paving" v="yes"/>
  </node>
  <node id="7015621554" lat="41.8857286" lon="-87.6382763">
    <tag k="access" v="yes"/>
    <tag k="barrier" v="lift_gate"/>
  </node>
  <node id="7015621555" lat="41.8857322" lon="-87.6370570">
    <tag k="access" v="yes"/>
    <tag k="barrier" v="lift_gate"/>
  </node>
  <node id="7059000464" lat="41.8699954" lon="-87.6567866"/>
  <node id="7061531657" lat="41.8763342" lon="-87.6468149"/>
  <node id="7061531658" lat="41.8762329" lon="-87.6469524"/>
  <node id="7061531659" lat="41.8758475" lon="-87.6479271"/>
  <node id="7061531667" lat="41.8754017" lon="-87.6483406"/>
  <node id="7061612771" lat="41.8732285" lon="-87.6445974"/>
  <node id="7061612773" lat="41.8754619" lon="-87.6439682"/>
  <node id="7061612775" lat="41.8755242" lon="-87.6399326"/>
  <node id="7061644106" lat="41.8825450" lon="-87.6596831"/>
  <node id="7071429835" lat="41.8826063" lon="-87.6587786"/>
  <node id="7071429843" lat="41.8818999" lon="-87.6587603"/>
  <node id="7071856329" lat="41.8844323" lon="-87.6433585"/>
  <node id="7071856333" lat="41.8847061" lon="-87.6427644"/>
  <node id="7124314073" lat="41.8789360" lon="-87.6411232">
    <tag k="bus" v="yes"/>
    <tag k="name" v="Clinton &amp; Quincy (Union Station)"/>
    <tag k="network" v="CTA"/>
    <tag k="operator" v="Chicago Transit Authority"/>
    <tag k="public_transport" v="stop_position"/>
    <tag k="ref" v="4992"/>
  </node>
  <node id="7124346245" lat="41.8820274" lon="-87.6412295">
    <tag k="bus" v="yes"/>
    <tag k="local_ref" v="L"/>
    <tag k="name" v="Clinton &amp; Madison (Metra)"/>
    <tag k="network" v="CTA"/>
    <tag k="operator" v="Chicago Transit Authority"/>
    <tag k="public_transport" v="stop_position"/>
    <tag k="ref" v="5024"/>
  </node>
  <node id="7124465690" lat="41.8780322" lon="-87.6412044">
    <tag k="button_operated" v="no"/>
    <tag k="crossing" v="traffic_signals"/>
    <tag k="crossing:island" v="no"/>
    <tag k="crossing:markings" v="zebra"/>
    <tag k="crossing:signals" v="yes"/>
    <tag k="highway" v="crossing"/>
    <tag k="tactile_paving" v="yes"/>
    <tag k="traffic_signals:sound" v="no"/>
    <tag k="traffic_signals:vibration" v="no"/>
  </node>
  <node id="7130667666" lat="41.8789004" lon="-87.6546070"/>
  <node id="7180934935" lat="41.8862062" lon="-87.6544861"/>
  <node id="7247185231" lat="41.8791210" lon="-87.6529894"/>
  <node id="7271688039" lat="41.8843895" lon="-87.6538753"/>
  <node id="7271688042" lat="41.8841165" lon="-87.6601316"/>
  <node id="7282826591" lat="41.8744108" lon="-87.6517012">
    <tag k="crossing" v="traffic_signals"/>
    <tag k="highway" v="crossing"/>
  </node>
  <node id="7282826592" lat="41.8744789" lon="-87.6518139">
    <tag k="crossing" v="traffic_signals"/>
    <tag k="highway" v="crossing"/>
  </node>
  <node id="7282826620" lat="41.8763342" lon="-87.6495329">
    <tag k="highway" v="turning_circle"/>
  </node>
  <node id="7335736851" lat="41.8843609" lon="-87.6397879">
    <tag k="crossing" v="traffic_signals"/>
    <tag k="crossing:markings" v="zebra"/>
    <tag k="crossing:signals" v="yes"/>
    <tag k="highway" v="crossing"/>
  </node>
  <node id="7335736852" lat="41.8845512" lon="-87.6398263">
    <tag k="crossing" v="traffic_signals"/>
    <tag k="crossing:markings" v="zebra"/>
    <tag k="crossing:signals" v="yes"/>
    <tag k="highway" v="crossing"/>
  </node>
  <node id="7335736853" lat="41.8843598" lon="-87.6398732">
    <tag k="crossing" v="traffic_signals"/>
    <tag k="crossing:markings" v="zebra"/>
    <tag k="crossing:signals" v="yes"/>
    <tag k="highway" v="crossing"/>
  </node>
  <node id="7335736855" lat="41.8844869" lon="-87.6399348">
    <tag k="crossing" v="traffic_signals"/>
    <tag k="crossing:markings" v="zebra"/>
    <tag k="crossing:signals" v="yes"/>
    <tag k="highway" v="crossing"/>
  </node>
  <node id="7342370241" lat="41.8842084" lon="-87.6353961">
    <tag k="bench" v="yes"/>
    <tag k="bus" v="yes"/>
    <tag k="name" v="Franklin &amp; Randolph"/>
    <tag k="network" v="CTA"/>
    <tag k="operator" v="Chicago Transit Authority"/>
    <tag k="public_transport" v="stop_position"/>
    <tag k="ref" v="4623"/>
    <tag k="shelter" v="yes"/>
  </node>
  <node id="7342370242" lat="41.8821226" lon="-87.6353471">
    <tag k="bus" v="yes"/>
    <tag k="name" v="Franklin &amp; Madison"/>
    <tag k="network" v="CTA"/>
    <tag k="operator" v="Chicago Transit Authority"/>
    <tag k="public_transport" v="stop_position"/>
    <tag k="ref" v="14426"/>
  </node>
  <node id="7342370243" lat="41.8792321" lon="-87.6352699">
    <tag k="bus" v="yes"/>
    <tag k="name" v="Franklin &amp; Adams"/>
    <tag k="network" v="CTA"/>
    <tag k="operator" v="Chicago Transit Authority"/>
    <tag k="public_transport" v="stop_position"/>
    <tag k="ref" v="4619"/>
  </node>
  <node id="7342370244" lat="41.8767737" lon="-87.6393124">
    <tag k="bus" v="yes"/>
    <tag k="name" v="Van Buren &amp; Canal"/>
    <tag k="network" v="CTA"/>
    <tag k="operator" v="Chicago Transit Authority"/>
    <tag k="public_transport" v="stop_position"/>
    <tag k="ref" v="15864"/>
  </node>
  <node id="7342370245" lat="41.8768263" lon="-87.6355551">
    <tag k="bus" v="yes"/>
    <tag k="name" v="Van Buren &amp; Franklin"/>
    <tag k="network" v="CTA"/>
    <tag k="operator" v="Chicago Transit Authority"/>
    <tag k="public_transport" v="stop_position"/>
    <tag k="ref" v="15864"/>
  </node>
  <node id="7397467299" lat="41.8763576" lon="-87.6439327"/>
  <node id="7401076380" lat="41.8733006" lon="-87.6409496"/>
  <node id="7488617085" lat="41.8844466" lon="-87.6390776"/>
  <node id="7488617088" lat="41.8857260" lon="-87.6391185"/>
  <node id="7492449044" lat="41.8720258" lon="-87.6397781"/>
  <node id="7492449050" lat="41.8720271" lon="-87.6396976"/>
  <node id="7505486039" lat="41.8871738" lon="-87.6588946"/>
  <node id="7506100695" lat="41.8717267" lon="-87.6568176"/>
  <node id="7506100697" lat="41.8717015" lon="-87.6580565"/>
  <node id="7512371110" lat="41.8744037" lon="-87.6567541">
    <tag k="crossing" v="traffic_signals"/>
    <tag k="highway" v="crossing"/>
  </node>
  <node id="7512371111" lat="41.8744060" lon="-87.6569216">
    <tag k="crossing" v="traffic_signals"/>
    <tag k="highway" v="crossing"/>
  </node>
  <node id="7512371113" lat="41.8743410" lon="-87.6597535">
    <tag k="crossing" v="uncontrolled"/>
    <tag k="highway" v="crossing"/>
  </node>
  <node id="7512371114" lat="41.8752234" lon="-87.6597849">
    <tag k="crossing" v="uncontrolled"/>
    <tag k="highway" v="crossing"/>
  </node>
  <node id="7512371116" lat="41.8753446" lon="-87.6571403">
    <tag k="crossing" v="traffic_signals"/>
    <tag k="highway" v="crossing"/>
  </node>
  <node id="7512371118" lat="41.8752650" lon="-87.6568793">
    <tag k="crossing" v="traffic_signals"/>
    <tag k="highway" v="crossing"/>
  </node>
  <node id="7512371119" lat="41.8752537" lon="-87.6570513">
    <tag k="crossing" v="traffic_signals"/>
    <tag k="highway" v="crossing"/>
  </node>
  <node id="7512371121" lat="41.8753468" lon="-87.6568145">
    <tag k="crossing" v="traffic_signals"/>
    <tag k="highway" v="crossing"/>
  </node>
  <node id="7512371622" lat="41.8742461" lon="-87.6566520">
    <tag k="crossing" v="traffic_signals"/>
    <tag k="highway" v="crossing"/>
  </node>
  <node id="7512371623" lat="41.8743230" lon="-87.6566526">
    <tag k="crossing" v="traffic_signals"/>
    <tag k="highway" v="crossing"/>
  </node>
  <node id="7512371625" lat="41.8741736" lon="-87.6567499">
    <tag k="button_operated" v="no"/>
    <tag k="crossing" v="traffic_signals"/>
    <tag k="highway" v="crossing"/>
    <tag k="tactile_paving" v="incorrect"/>
    <tag k="traffic_signals:sound" v="no"/>
    <tag k="traffic_signals:vibration" v="no"/>
  </node>
  <node id="7512371626" lat="41.8741725" lon="-87.6569161">
    <tag k="button_operated" v="no"/>
    <tag k="crossing" v="traffic_signals"/>
    <tag k="highway" v="crossing"/>
    <tag k="tactile_paving" v="incorrect"/>
    <tag k="traffic_signals:sound" v="no"/>
    <tag k="traffic_signals:vibration" v="no"/>
  </node>
  <node id="7512371628" lat="41.8742428" lon="-87.6570163">
    <tag k="crossing" v="traffic_signals"/>
    <tag k="highway" v="crossing"/>
    <tag k="tactile_paving" v="incorrect"/>
  </node>
  <node id="7512371629" lat="41.8743157" lon="-87.6570162">
    <tag k="crossing" v="traffic_signals"/>
    <tag k="highway" v="crossing"/>
    <tag k="tactile_paving" v="incorrect"/>
  </node>
  <node id="7512371632" lat="41.8721893" lon="-87.6568259">
    <tag k="crossing" v="uncontrolled"/>
    <tag k="highway" v="crossing"/>
  </node>
  <node id="7512371634" lat="41.8732442" lon="-87.6569832">
    <tag k="crossing" v="uncontrolled"/>
    <tag k="highway" v="crossing"/>
  </node>
  <node id="7512724768" lat="41.8778685" lon="-87.6472337">
    <tag k="button_operated" v="no"/>
    <tag k="crossing" v="traffic_signals"/>
    <tag k="crossing:island" v="no"/>
    <tag k="crossing:markings" v="zebra"/>
    <tag k="crossing:signals" v="yes"/>
    <tag k="highway" v="crossing"/>
    <tag k="tactile_paving" v="yes"/>
    <tag k="traffic_signals:sound" v="no"/>
    <tag k="traffic_signals:vibration" v="no"/>
  </node>
  <node id="7512724771" lat="41.8779450" lon="-87.6473570">
    <tag k="button_operated" v="no"/>
    <tag k="crossing" v="traffic_signals"/>
    <tag k="crossing:island" v="no"/>
    <tag k="crossing:markings" v="zebra"/>
    <tag k="crossing:signals" v="yes"/>
    <tag k="highway" v="crossing"/>
    <tag k="tactile_paving" v="yes"/>
    <tag k="traffic_signals:sound" v="no"/>
    <tag k="traffic_signals:vibration" v="no"/>
  </node>
  <node id="7512724774" lat="41.8780377" lon="-87.6472371">
    <tag k="button_operated" v="no"/>
    <tag k="crossing" v="traffic_signals"/>
    <tag k="crossing:island" v="no"/>
    <tag k="crossing:markings" v="zebra"/>
    <tag k="crossing:signals" v="yes"/>
    <tag k="highway" v="crossing"/>
    <tag k="tactile_paving" v="yes"/>
    <tag k="traffic_signals:sound" v="no"/>
    <tag k="traffic_signals:vibration" v="no"/>
  </node>
  <node id="7512724777" lat="41.8779479" lon="-87.6471310">
    <tag k="button_operated" v="no"/>
    <tag k="crossing" v="traffic_signals"/>
    <tag k="crossing:island" v="no"/>
    <tag k="crossing:markings" v="zebra"/>
    <tag k="crossing:signals" v="yes"/>
    <tag k="highway" v="crossing"/>
    <tag k="tactile_paving" v="yes"/>
    <tag k="traffic_signals:sound" v="no"/>
    <tag k="traffic_signals:vibration" v="no"/>
  </node>
  <node id="7512724779" lat="41.8779309" lon="-87.6483053">
    <tag k="crossing" v="uncontrolled"/>
    <tag k="crossing:markings" v="zebra"/>
    <tag k="highway" v="crossing"/>
    <tag k="tactile_paving" v="yes"/>
  </node>
  <node id="7512724781" lat="41.8779271" lon="-87.6485173">
    <tag k="crossing" v="uncontrolled"/>
    <tag k="crossing:island" v="no"/>
    <tag k="crossing:markings" v="zebra"/>
    <tag k="highway" v="crossing"/>
    <tag k="tactile_paving" v="yes"/>
  </node>
  <node id="7512724782" lat="41.8778532" lon="-87.6484107">
    <tag k="crossing" v="uncontrolled"/>
    <tag k="crossing:island" v="no"/>
    <tag k="crossing:markings" v="zebra"/>
    <tag k="crossing:signals" v="no"/>
    <tag k="highway" v="crossing"/>
    <tag k="tactile_paving" v="yes"/>
  </node>
  <node id="7512746289" lat="41.8766583" lon="-87.6482624">
    <tag k="crossing" v="uncontrolled"/>
    <tag k="crossing:island" v="no"/>
    <tag k="highway" v="crossing"/>
  </node>
  <node id="7512746291" lat="41.8765832" lon="-87.6483713">
    <tag k="crossing" v="uncontrolled"/>
    <tag k="crossing:island" v="no"/>
    <tag k="highway" v="crossing"/>
  </node>
  <node id="7512746292" lat="41.8766544" lon="-87.6484736">
    <tag k="crossing" v="uncontrolled"/>
    <tag k="crossing:island" v="no"/>
    <tag k="highway" v="crossing"/>
  </node>
  <node id="7512746293" lat="41.8773177" lon="-87.6471170">
    <tag k="crossing" v="uncontrolled"/>
    <tag k="highway" v="crossing"/>
  </node>
  <node id="7512746325" lat="41.8779109" lon="-87.6494774">
    <tag k="crossing" v="uncontrolled"/>
    <tag k="crossing:island" v="no"/>
    <tag k="crossing:markings" v="zebra"/>
    <tag k="highway" v="crossing"/>
    <tag k="tactile_paving" v="yes"/>
  </node>
  <node id="7512746326" lat="41.8779982" lon="-87.6495727">
    <tag k="crossing" v="uncontrolled"/>
    <tag k="crossing:island" v="no"/>
    <tag k="crossing:markings" v="zebra"/>
    <tag k="crossing:signals" v="no"/>
    <tag k="highway" v="crossing"/>
    <tag k="tactile_paving" v="yes"/>
  </node>
  <node id="7512746328" lat="41.8778368" lon="-87.6495673">
    <tag k="crossing" v="uncontrolled"/>
    <tag k="crossing:island" v="no"/>
    <tag k="crossing:markings" v="zebra"/>
    <tag k="crossing:signals" v="no"/>
    <tag k="highway" v="crossing"/>
    <tag k="tactile_paving" v="yes"/>
  </node>
  <node id="7512746336" lat="41.8766382" lon="-87.6494366">
    <tag k="crossing" v="uncontrolled"/>
    <tag k="crossing:island" v="no"/>
    <tag k="crossing_ref" v="zebra"/>
    <tag k="highway" v="crossing"/>
    <tag k="tactile_paving" v="yes"/>
  </node>
  <node id="7512746347" lat="41.8785836" lon="-87.6471550">
    <tag k="crossing" v="unmarked"/>
    <tag k="crossing:island" v="no"/>
    <tag k="crossing:markings" v="no"/>
    <tag k="highway" v="crossing"/>
    <tag k="tactile_paving" v="yes"/>
  </node>
  <node id="7512746349" lat="41.8791988" lon="-87.6485664">
    <tag k="crossing" v="uncontrolled"/>
    <tag k="highway" v="crossing"/>
  </node>
  <node id="7512746350" lat="41.8791223" lon="-87.6484500">
    <tag k="crossing" v="uncontrolled"/>
    <tag k="highway" v="crossing"/>
  </node>
  <node id="7512746352" lat="41.8792036" lon="-87.6483437">
    <tag k="crossing" v="uncontrolled"/>
    <tag k="highway" v="crossing"/>
  </node>
  <node id="7512746373" lat="41.8792210" lon="-87.6473946">
    <tag k="button_operated" v="no"/>
    <tag k="crossing" v="traffic_signals"/>
    <tag k="highway" v="crossing"/>
    <tag k="tactile_paving" v="yes"/>
    <tag k="traffic_signals:sound" v="no"/>
    <tag k="traffic_signals:vibration" v="no"/>
  </node>
  <node id="7512746376" lat="41.8793030" lon="-87.6472788">
    <tag k="button_operated" v="no"/>
    <tag k="crossing" v="traffic_signals"/>
    <tag k="crossing:island" v="no"/>
    <tag k="highway" v="crossing"/>
    <tag k="tactile_paving" v="yes"/>
    <tag k="traffic_signals:sound" v="no"/>
    <tag k="traffic_signals:vibration" v="no"/>
  </node>
  <node id="7512746378" lat="41.8792242" lon="-87.6471788">
    <tag k="button_operated" v="no"/>
    <tag k="check_date:tactile_paving" v="2023-11-04"/>
    <tag k="crossing" v="traffic_signals"/>
    <tag k="highway" v="crossing"/>
    <tag k="tactile_paving" v="yes"/>
    <tag k="traffic_signals:sound" v="no"/>
    <tag k="traffic_signals:vibration" v="no"/>
  </node>
  <node id="7512746379" lat="41.8791421" lon="-87.6472725">
    <tag k="button_operated" v="no"/>
    <tag k="crossing" v="traffic_signals"/>
    <tag k="crossing:island" v="no"/>
    <tag k="highway" v="crossing"/>
    <tag k="tactile_paving" v="yes"/>
    <tag k="traffic_signals:sound" v="no"/>
    <tag k="traffic_signals:vibration" v="no"/>
  </node>
  <node id="7512746384" lat="41.8804973" lon="-87.6472269">
    <tag k="crossing" v="traffic_signals"/>
    <tag k="crossing:island" v="no"/>
    <tag k="highway" v="crossing"/>
    <tag k="tactile_paving" v="yes"/>
  </node>
  <node id="7512746385" lat="41.8804214" lon="-87.6473171">
    <tag k="crossing" v="traffic_signals"/>
    <tag k="crossing:island" v="no"/>
    <tag k="highway" v="crossing"/>
    <tag k="tactile_paving" v="yes"/>
  </node>
  <node id="7512746386" lat="41.8805778" lon="-87.6473227">
    <tag k="crossing" v="traffic_signals"/>
    <tag k="crossing:island" v="no"/>
    <tag k="highway" v="crossing"/>
    <tag k="tactile_paving" v="yes"/>
  </node>
  <node id="7512746387" lat="41.8804947" lon="-87.6474409">
    <tag k="crossing" v="traffic_signals"/>
    <tag k="crossing:island" v="no"/>
    <tag k="highway" v="crossing"/>
    <tag k="tactile_paving" v="yes"/>
  </node>
  <node id="7512746469" lat="41.8805917" lon="-87.6463914">
    <tag k="crossing" v="uncontrolled"/>
    <tag k="highway" v="crossing"/>
  </node>
  <node id="7512746483" lat="41.8791825" lon="-87.6495135">
    <tag k="crossing" v="uncontrolled"/>
    <tag k="highway" v="crossing"/>
  </node>
  <node id="7512746485" lat="41.8791785" lon="-87.6497328">
    <tag k="crossing" v="uncontrolled"/>
    <tag k="highway" v="crossing"/>
  </node>
  <node id="7512746486" lat="41.8791054" lon="-87.6496093">
    <tag k="crossing" v="uncontrolled"/>
    <tag k="highway" v="crossing"/>
  </node>
  <node id="7512746497" lat="41.8804824" lon="-87.6483870">
    <tag k="crossing" v="uncontrolled"/>
    <tag k="highway" v="crossing"/>
  </node>
  <node id="7512746498" lat="41.8803997" lon="-87.6484895">
    <tag k="crossing" v="uncontrolled"/>
    <tag k="highway" v="crossing"/>
  </node>
  <node id="7512746499" lat="41.8805593" lon="-87.6484944">
    <tag k="crossing" v="uncontrolled"/>
    <tag k="highway" v="crossing"/>
  </node>
  <node id="7512746500" lat="41.8804790" lon="-87.6486005">
    <tag k="crossing" v="uncontrolled"/>
    <tag k="highway" v="crossing"/>
  </node>
  <node id="7512746505" lat="41.8791609" lon="-87.6506849">
    <tag k="crossing" v="uncontrolled"/>
    <tag k="highway" v="crossing"/>
    <tag k="tactile_paving" v="yes"/>
  </node>
  <node id="7512746506" lat="41.8792466" lon="-87.6507871">
    <tag k="crossing" v="uncontrolled"/>
    <tag k="crossing:island" v="no"/>
    <tag k="highway" v="crossing"/>
    <tag k="tactile_paving" v="yes"/>
  </node>
  <node id="7512746507" lat="41.8791573" lon="-87.6508951">
    <tag k="crossing" v="uncontrolled"/>
    <tag k="highway" v="crossing"/>
    <tag k="tactile_paving" v="yes"/>
  </node>
  <node id="7512746509" lat="41.8778913" lon="-87.6506393">
    <tag k="crossing" v="marked"/>
    <tag k="crossing:island" v="no"/>
    <tag k="crossing:markings" v="zebra"/>
    <tag k="highway" v="crossing"/>
  </node>
  <node id="7512746510" lat="41.8778136" lon="-87.6507418">
    <tag k="crossing" v="uncontrolled"/>
    <tag k="crossing:island" v="no"/>
    <tag k="crossing:markings" v="zebra"/>
    <tag k="crossing:signals" v="no"/>
    <tag k="highway" v="crossing"/>
  </node>
  <node id="7512746511" lat="41.8778878" lon="-87.6508543">
    <tag k="crossing" v="marked"/>
    <tag k="crossing:island" v="no"/>
    <tag k="crossing:markings" v="zebra"/>
    <tag k="highway" v="crossing"/>
  </node>
  <node id="7512746515" lat="41.8766206" lon="-87.6506022">
    <tag k="crossing" v="uncontrolled"/>
    <tag k="crossing:island" v="no"/>
    <tag k="highway" v="crossing"/>
    <tag k="tactile_paving" v="yes"/>
  </node>
  <node id="7512746516" lat="41.8765446" lon="-87.6507015">
    <tag k="crossing" v="uncontrolled"/>
    <tag k="crossing:island" v="no"/>
    <tag k="highway" v="crossing"/>
    <tag k="tactile_paving" v="yes"/>
  </node>
  <node id="7512746517" lat="41.8766180" lon="-87.6508219">
    <tag k="crossing" v="uncontrolled"/>
    <tag k="crossing:island" v="no"/>
    <tag k="highway" v="crossing"/>
    <tag k="tactile_paving" v="yes"/>
  </node>
  <node id="7512746530" lat="41.8758893" lon="-87.6517592">
    <tag k="crossing" v="traffic_signals"/>
    <tag k="highway" v="crossing"/>
  </node>
  <node id="7512746535" lat="41.8766050" lon="-87.6517691">
    <tag k="crossing" v="traffic_signals"/>
    <tag k="highway" v="crossing"/>
  </node>
  <node id="7512746536" lat="41.8765311" lon="-87.6518673">
    <tag k="crossing" v="traffic_signals"/>
    <tag k="highway" v="crossing"/>
  </node>
  <node id="7512746537" lat="41.8766827" lon="-87.6518701">
    <tag k="crossing" v="traffic_signals"/>
    <tag k="highway" v="crossing"/>
  </node>
  <node id="7512746538" lat="41.8766016" lon="-87.6519879">
    <tag k="crossing" v="traffic_signals"/>
    <tag k="highway" v="crossing"/>
  </node>
  <node id="7512746557" lat="41.8778723" lon="-87.6517970">
    <tag k="crossing" v="traffic_signals"/>
    <tag k="crossing:island" v="no"/>
    <tag k="crossing:markings" v="zebra"/>
    <tag k="crossing:signals" v="yes"/>
    <tag k="highway" v="crossing"/>
  </node>
  <node id="7512746558" lat="41.8777934" lon="-87.6519055">
    <tag k="crossing" v="traffic_signals"/>
    <tag k="crossing:island" v="no"/>
    <tag k="crossing:markings" v="zebra"/>
    <tag k="crossing:signals" v="yes"/>
    <tag k="highway" v="crossing"/>
  </node>
  <node id="7512746559" lat="41.8779616" lon="-87.6519096">
    <tag k="crossing" v="traffic_signals"/>
    <tag k="crossing:island" v="no"/>
    <tag k="crossing:markings" v="zebra"/>
    <tag k="crossing:signals" v="yes"/>
    <tag k="highway" v="crossing"/>
  </node>
  <node id="7512746560" lat="41.8778685" lon="-87.6520208">
    <tag k="crossing" v="traffic_signals"/>
    <tag k="crossing:island" v="no"/>
    <tag k="crossing:markings" v="zebra"/>
    <tag k="crossing:signals" v="yes"/>
    <tag k="highway" v="crossing"/>
  </node>
  <node id="7512746570" lat="41.8780556" lon="-87.6454955">
    <tag k="crossing" v="uncontrolled"/>
    <tag k="crossing:signals" v="no"/>
    <tag k="highway" v="crossing"/>
    <tag k="tactile_paving" v="yes"/>
  </node>
  <node id="7515614290" lat="41.8791408" lon="-87.6518261">
    <tag k="button_operated" v="no"/>
    <tag k="crossing" v="traffic_signals"/>
    <tag k="crossing:island" v="no"/>
    <tag k="crossing:markings" v="ladder"/>
    <tag k="crossing:signals" v="yes"/>
    <tag k="highway" v="crossing"/>
    <tag k="tactile_paving" v="yes"/>
    <tag k="traffic_signals:sound" v="no"/>
    <tag k="traffic_signals:vibration" v="no"/>
  </node>
  <node id="7515614291" lat="41.8790684" lon="-87.6519435">
    <tag k="button_operated" v="no"/>
    <tag k="crossing" v="traffic_signals"/>
    <tag k="crossing:island" v="no"/>
    <tag k="crossing:markings" v="ladder"/>
    <tag k="crossing:signals" v="yes"/>
    <tag k="highway" v="crossing"/>
    <tag k="tactile_paving" v="yes"/>
    <tag k="traffic_signals:sound" v="no"/>
    <tag k="traffic_signals:vibration" v="no"/>
  </node>
  <node id="7515614292" lat="41.8792235" lon="-87.6519497">
    <tag k="button_operated" v="no"/>
    <tag k="crossing" v="traffic_signals"/>
    <tag k="crossing:island" v="no"/>
    <tag k="crossing:markings" v="ladder"/>
    <tag k="crossing:signals" v="yes"/>
    <tag k="highway" v="crossing"/>
    <tag k="tactile_paving" v="yes"/>
    <tag k="traffic_signals:sound" v="no"/>
    <tag k="traffic_signals:vibration" v="no"/>
  </node>
  <node id="7515614293" lat="41.8791365" lon="-87.6520620">
    <tag k="button_operated" v="no"/>
    <tag k="crossing" v="traffic_signals"/>
    <tag k="crossing:island" v="no"/>
    <tag k="crossing:markings" v="ladder"/>
    <tag k="crossing:signals" v="yes"/>
    <tag k="highway" v="crossing"/>
    <tag k="tactile_paving" v="yes"/>
    <tag k="traffic_signals:sound" v="no"/>
    <tag k="traffic_signals:vibration" v="no"/>
  </node>
  <node id="7515614309" lat="41.8804433" lon="-87.6507262">
    <tag k="crossing" v="uncontrolled"/>
    <tag k="highway" v="crossing"/>
  </node>
  <node id="7515614310" lat="41.8805187" lon="-87.6508274">
    <tag k="crossing" v="uncontrolled"/>
    <tag k="highway" v="crossing"/>
  </node>
  <node id="7515614311" lat="41.8804398" lon="-87.6509354">
    <tag k="crossing" v="uncontrolled"/>
    <tag k="highway" v="crossing"/>
  </node>
  <node id="7515614314" lat="41.8804240" lon="-87.6518719">
    <tag k="crossing" v="traffic_signals"/>
    <tag k="crossing:island" v="no"/>
    <tag k="crossing:markings" v="zebra"/>
    <tag k="crossing:signals" v="yes"/>
    <tag k="highway" v="crossing"/>
  </node>
  <node id="7515614315" lat="41.8803364" lon="-87.6519820">
    <tag k="crossing" v="traffic_signals"/>
    <tag k="crossing:island" v="no"/>
    <tag k="crossing:markings" v="zebra"/>
    <tag k="crossing:signals" v="yes"/>
    <tag k="highway" v="crossing"/>
    <tag k="tactile_paving" v="yes"/>
  </node>
  <node id="7515614316" lat="41.8804967" lon="-87.6519872">
    <tag k="crossing" v="traffic_signals"/>
    <tag k="crossing:island" v="no"/>
    <tag k="crossing:markings" v="zebra"/>
    <tag k="crossing:signals" v="yes"/>
    <tag k="highway" v="crossing"/>
  </node>
  <node id="7515614317" lat="41.8804197" lon="-87.6521098">
    <tag k="crossing" v="traffic_signals"/>
    <tag k="crossing:island" v="no"/>
    <tag k="crossing:markings" v="zebra"/>
    <tag k="crossing:signals" v="yes"/>
    <tag k="highway" v="crossing"/>
    <tag k="tactile_paving" v="yes"/>
  </node>
  <node id="7515614333" lat="41.8778299" lon="-87.6544691">
    <tag k="crossing" v="traffic_signals"/>
    <tag k="crossing:island" v="no"/>
    <tag k="crossing:markings" v="zebra"/>
    <tag k="crossing:signals" v="yes"/>
    <tag k="highway" v="crossing"/>
  </node>
  <node id="7515614334" lat="41.8779236" lon="-87.6545712">
    <tag k="crossing" v="traffic_signals"/>
    <tag k="crossing:island" v="no"/>
    <tag k="crossing:markings" v="zebra"/>
    <tag k="crossing:signals" v="yes"/>
    <tag k="highway" v="crossing"/>
  </node>
  <node id="7515614335" lat="41.8778268" lon="-87.6546763">
    <tag k="crossing" v="traffic_signals"/>
    <tag k="crossing:island" v="no"/>
    <tag k="crossing:markings" v="zebra"/>
    <tag k="crossing:signals" v="yes"/>
    <tag k="highway" v="crossing"/>
  </node>
  <node id="7515614348" lat="41.8765668" lon="-87.6544256">
    <tag k="crossing" v="uncontrolled"/>
    <tag k="highway" v="crossing"/>
  </node>
  <node id="7515614350" lat="41.8765627" lon="-87.6546434">
    <tag k="crossing" v="uncontrolled"/>
    <tag k="highway" v="crossing"/>
  </node>
  <node id="7515614351" lat="41.8765166" lon="-87.6568627">
    <tag k="crossing" v="traffic_signals"/>
    <tag k="highway" v="crossing"/>
  </node>
  <node id="7515614354" lat="41.8765129" lon="-87.6571570">
    <tag k="crossing" v="traffic_signals"/>
    <tag k="highway" v="crossing"/>
  </node>
  <node id="7515614357" lat="41.8777912" lon="-87.6569198">
    <tag k="crossing" v="traffic_signals"/>
    <tag k="crossing:island" v="no"/>
    <tag k="crossing:markings" v="zebra"/>
    <tag k="crossing:signals" v="yes"/>
    <tag k="highway" v="crossing"/>
  </node>
  <node id="7515614358" lat="41.8778793" lon="-87.6570311">
    <tag k="crossing" v="traffic_signals"/>
    <tag k="crossing:island" v="no"/>
    <tag k="crossing:markings" v="zebra"/>
    <tag k="crossing:signals" v="yes"/>
    <tag k="highway" v="crossing"/>
  </node>
  <node id="7515614359" lat="41.8777879" lon="-87.6571309">
    <tag k="crossing" v="traffic_signals"/>
    <tag k="crossing:island" v="no"/>
    <tag k="crossing:markings" v="zebra"/>
    <tag k="crossing:signals" v="yes"/>
    <tag k="highway" v="crossing"/>
  </node>
  <node id="7515614373" lat="41.8765668" lon="-87.6594137">
    <tag k="crossing" v="uncontrolled"/>
    <tag k="highway" v="crossing"/>
  </node>
  <node id="7515614392" lat="41.8790551" lon="-87.6569555">
    <tag k="crossing" v="traffic_signals"/>
    <tag k="highway" v="crossing"/>
    <tag k="tactile_paving" v="yes"/>
  </node>
  <node id="7515614393" lat="41.8789885" lon="-87.6570619">
    <tag k="crossing" v="traffic_signals"/>
    <tag k="crossing:island" v="no"/>
    <tag k="highway" v="crossing"/>
    <tag k="tactile_paving" v="yes"/>
  </node>
  <node id="7515614394" lat="41.8791447" lon="-87.6570668">
    <tag k="crossing" v="traffic_signals"/>
    <tag k="crossing:island" v="no"/>
    <tag k="highway" v="crossing"/>
    <tag k="tactile_paving" v="yes"/>
  </node>
  <node id="7515614395" lat="41.8790510" lon="-87.6571678">
    <tag k="crossing" v="traffic_signals"/>
    <tag k="highway" v="crossing"/>
    <tag k="tactile_paving" v="yes"/>
  </node>
  <node id="7515614405" lat="41.8818910" lon="-87.6464721">
    <tag k="crossing" v="unmarked"/>
    <tag k="crossing:markings" v="no"/>
    <tag k="highway" v="crossing"/>
  </node>
  <node id="7515614411" lat="41.8817831" lon="-87.6472446">
    <tag k="crossing" v="traffic_signals"/>
    <tag k="crossing:island" v="no"/>
    <tag k="highway" v="crossing"/>
    <tag k="tactile_paving" v="yes"/>
  </node>
  <node id="7515614412" lat="41.8816867" lon="-87.6473581">
    <tag k="crossing" v="traffic_signals"/>
    <tag k="crossing:island" v="no"/>
    <tag k="highway" v="crossing"/>
    <tag k="tactile_paving" v="yes"/>
  </node>
  <node id="7515614413" lat="41.8818835" lon="-87.6473663">
    <tag k="crossing" v="traffic_signals"/>
    <tag k="crossing:island" v="no"/>
    <tag k="highway" v="crossing"/>
    <tag k="tactile_paving" v="yes"/>
  </node>
  <node id="7515614414" lat="41.8817801" lon="-87.6474752">
    <tag k="crossing" v="traffic_signals"/>
    <tag k="crossing:island" v="no"/>
    <tag k="highway" v="crossing"/>
    <tag k="tactile_paving" v="yes"/>
  </node>
  <node id="7515614415" lat="41.8817253" lon="-87.6451788">
    <tag k="crossing" v="uncontrolled"/>
    <tag k="crossing:island" v="no"/>
    <tag k="crossing:markings" v="zebra"/>
    <tag k="crossing:signals" v="no"/>
    <tag k="highway" v="crossing"/>
  </node>
  <node id="7515614429" lat="41.8817647" lon="-87.6484249">
    <tag k="crossing" v="traffic_signals"/>
    <tag k="highway" v="crossing"/>
  </node>
  <node id="7515614430" lat="41.8816687" lon="-87.6485288">
    <tag k="crossing" v="traffic_signals"/>
    <tag k="highway" v="crossing"/>
  </node>
  <node id="7515614431" lat="41.8818683" lon="-87.6485349">
    <tag k="crossing" v="traffic_signals"/>
    <tag k="highway" v="crossing"/>
  </node>
  <node id="7515614432" lat="41.8817606" lon="-87.6486420">
    <tag k="crossing" v="traffic_signals"/>
    <tag k="highway" v="crossing"/>
  </node>
  <node id="7515614458" lat="41.8816442" lon="-87.6496934">
    <tag k="crossing" v="uncontrolled"/>
    <tag k="highway" v="crossing"/>
    <tag k="tactile_paving" v="yes"/>
  </node>
  <node id="7515614459" lat="41.8818496" lon="-87.6497000">
    <tag k="crossing" v="uncontrolled"/>
    <tag k="highway" v="crossing"/>
    <tag k="tactile_paving" v="yes"/>
  </node>
  <node id="7515614468" lat="41.8773540" lon="-87.6440985">
    <tag k="crossing" v="uncontrolled"/>
    <tag k="highway" v="crossing"/>
  </node>
  <node id="7515614478" lat="41.8805332" lon="-87.6439550">
    <tag k="crossing" v="traffic_signals"/>
    <tag k="highway" v="crossing"/>
    <tag k="tactile_paving" v="yes"/>
  </node>
  <node id="7515614479" lat="41.8804567" lon="-87.6440826">
    <tag k="crossing" v="traffic_signals"/>
    <tag k="highway" v="crossing"/>
    <tag k="tactile_paving" v="yes"/>
  </node>
  <node id="7515614480" lat="41.8806189" lon="-87.6440875">
    <tag k="crossing" v="traffic_signals"/>
    <tag k="highway" v="crossing"/>
    <tag k="tactile_paving" v="yes"/>
  </node>
  <node id="7515614481" lat="41.8805312" lon="-87.6442095">
    <tag k="crossing" v="traffic_signals"/>
    <tag k="crossing:island" v="no"/>
    <tag k="highway" v="crossing"/>
    <tag k="tactile_paving" v="yes"/>
  </node>
  <node id="7515614483" lat="41.8786262" lon="-87.6441558">
    <tag k="crossing" v="uncontrolled"/>
    <tag k="highway" v="crossing"/>
  </node>
  <node id="7515614488" lat="41.8779870" lon="-87.6438808">
    <tag k="crossing" v="traffic_signals"/>
    <tag k="highway" v="crossing"/>
    <tag k="tactile_paving" v="yes"/>
    <tag k="traffic_signals:sound" v="no"/>
  </node>
  <node id="7515614489" lat="41.8779161" lon="-87.6439814">
    <tag k="crossing" v="traffic_signals"/>
    <tag k="highway" v="crossing"/>
    <tag k="tactile_paving" v="yes"/>
    <tag k="traffic_signals:sound" v="no"/>
  </node>
  <node id="7515614490" lat="41.8780785" lon="-87.6439885">
    <tag k="crossing" v="traffic_signals"/>
    <tag k="highway" v="crossing"/>
    <tag k="tactile_paving" v="yes"/>
    <tag k="traffic_signals:sound" v="no"/>
  </node>
  <node id="7515614491" lat="41.8779774" lon="-87.6441258">
    <tag k="button_operated" v="no"/>
    <tag k="crossing" v="traffic_signals"/>
    <tag k="highway" v="crossing"/>
    <tag k="tactile_paving" v="yes"/>
    <tag k="traffic_signals:sound" v="no"/>
    <tag k="traffic_signals:vibration" v="no"/>
  </node>
  <node id="7515614494" lat="41.8759535" lon="-87.6439205">
    <tag k="crossing" v="uncontrolled"/>
    <tag k="highway" v="crossing"/>
  </node>
  <node id="7515614512" lat="41.8818196" lon="-87.6440020">
    <tag k="crossing" v="traffic_signals"/>
    <tag k="highway" v="crossing"/>
  </node>
  <node id="7515614513" lat="41.8817281" lon="-87.6441050">
    <tag k="crossing" v="traffic_signals"/>
    <tag k="highway" v="crossing"/>
  </node>
  <node id="7515614514" lat="41.8819225" lon="-87.6441091">
    <tag k="crossing" v="traffic_signals"/>
    <tag k="highway" v="crossing"/>
  </node>
  <node id="7515614515" lat="41.8818161" lon="-87.6442496">
    <tag k="crossing" v="traffic_signals"/>
    <tag k="crossing:island" v="no"/>
    <tag k="highway" v="crossing"/>
  </node>
  <node id="7515614525" lat="41.8830700" lon="-87.6452282">
    <tag k="crossing" v="uncontrolled"/>
    <tag k="highway" v="crossing"/>
  </node>
  <node id="7515614530" lat="41.8831535" lon="-87.6472721">
    <tag k="crossing" v="traffic_signals"/>
    <tag k="highway" v="crossing"/>
    <tag k="tactile_paving" v="yes"/>
  </node>
  <node id="7515614531" lat="41.8830528" lon="-87.6474050">
    <tag k="crossing" v="traffic_signals"/>
    <tag k="crossing:island" v="no"/>
    <tag k="highway" v="crossing"/>
    <tag k="tactile_paving" v="yes"/>
  </node>
  <node id="7515614532" lat="41.8832598" lon="-87.6474073">
    <tag k="crossing" v="traffic_signals"/>
    <tag k="crossing:island" v="no"/>
    <tag k="highway" v="crossing"/>
    <tag k="tactile_paving" v="yes"/>
  </node>
  <node id="7515614533" lat="41.8831624" lon="-87.6475199">
    <tag k="crossing" v="traffic_signals"/>
    <tag k="highway" v="crossing"/>
    <tag k="tactile_paving" v="yes"/>
  </node>
  <node id="7515614536" lat="41.8837330" lon="-87.6473122">
    <tag k="crossing" v="uncontrolled"/>
    <tag k="crossing:markings" v="yes"/>
    <tag k="highway" v="crossing"/>
  </node>
  <node id="7515614542" lat="41.8832603" lon="-87.6464182">
    <tag k="crossing" v="uncontrolled"/>
    <tag k="crossing:markings" v="yes"/>
    <tag k="highway" v="crossing"/>
  </node>
  <node id="7515614558" lat="41.8842673" lon="-87.6465540">
    <tag k="crossing" v="uncontrolled"/>
    <tag k="highway" v="crossing"/>
    <tag k="tactile_paving" v="yes"/>
  </node>
  <node id="7515614567" lat="41.8843264" lon="-87.6473251">
    <tag k="crossing" v="traffic_signals"/>
    <tag k="highway" v="crossing"/>
    <tag k="tactile_paving" v="no"/>
  </node>
  <node id="7515614568" lat="41.8844165" lon="-87.6473286">
    <tag k="crossing" v="traffic_signals"/>
    <tag k="highway" v="crossing"/>
  </node>
  <node id="7515614569" lat="41.8845119" lon="-87.6473322">
    <tag k="crossing" v="traffic_signals"/>
    <tag k="highway" v="crossing"/>
  </node>
  <node id="7515614570" lat="41.8842186" lon="-87.6474341">
    <tag k="button_operated" v="no"/>
    <tag k="crossing" v="traffic_signals"/>
    <tag k="crossing:island" v="no"/>
    <tag k="highway" v="crossing"/>
    <tag k="tactile_paving" v="no"/>
    <tag k="traffic_signals:sound" v="no"/>
    <tag k="traffic_signals:vibration" v="no"/>
  </node>
  <node id="7515614571" lat="41.8846048" lon="-87.6474456">
    <tag k="crossing" v="traffic_signals"/>
    <tag k="crossing:island" v="no"/>
    <tag k="highway" v="crossing"/>
  </node>
  <node id="7515614572" lat="41.8843222" lon="-87.6475464">
    <tag k="crossing" v="traffic_signals"/>
    <tag k="highway" v="crossing"/>
    <tag k="tactile_paving" v="yes"/>
  </node>
  <node id="7515614573" lat="41.8844099" lon="-87.6475483">
    <tag k="crossing" v="traffic_signals"/>
    <tag k="highway" v="crossing"/>
  </node>
  <node id="7515614574" lat="41.8844987" lon="-87.6475514">
    <tag k="crossing" v="traffic_signals"/>
    <tag k="highway" v="crossing"/>
  </node>
  <node id="7515614591" lat="41.8831458" lon="-87.6484674">
    <tag k="crossing" v="uncontrolled"/>
    <tag k="highway" v="crossing"/>
  </node>
  <node id="7515614592" lat="41.8830357" lon="-87.6485705">
    <tag k="crossing" v="uncontrolled"/>
    <tag k="highway" v="crossing"/>
  </node>
  <node id="7515614593" lat="41.8832273" lon="-87.6485754">
    <tag k="crossing" v="uncontrolled"/>
    <tag k="highway" v="crossing"/>
  </node>
  <node id="7515614594" lat="41.8831368" lon="-87.6486774">
    <tag k="crossing" v="uncontrolled"/>
    <tag k="highway" v="crossing"/>
  </node>
  <node id="7515614603" lat="41.8843236" lon="-87.6452450">
    <tag k="crossing" v="uncontrolled"/>
    <tag k="crossing:markings" v="yes"/>
    <tag k="highway" v="crossing"/>
    <tag k="tactile_paving" v="no"/>
  </node>
  <node id="7520833633" lat="41.8845330" lon="-87.6464486">
    <tag k="crossing" v="uncontrolled"/>
    <tag k="crossing:markings" v="yes"/>
    <tag k="highway" v="crossing"/>
  </node>
  <node id="7520833660" lat="41.8817252" lon="-87.6507584">
    <tag k="crossing" v="traffic_signals"/>
    <tag k="highway" v="crossing"/>
    <tag k="tactile_paving" v="yes"/>
  </node>
  <node id="7520833662" lat="41.8816280" lon="-87.6508624">
    <tag k="crossing" v="traffic_signals"/>
    <tag k="highway" v="crossing"/>
  </node>
  <node id="7520833663" lat="41.8818308" lon="-87.6508682">
    <tag k="crossing" v="traffic_signals"/>
    <tag k="highway" v="crossing"/>
  </node>
  <node id="7520833664" lat="41.8817209" lon="-87.6509821">
    <tag k="crossing" v="traffic_signals"/>
    <tag k="highway" v="crossing"/>
  </node>
  <node id="7520833672" lat="41.8817033" lon="-87.6519226">
    <tag k="crossing" v="traffic_signals"/>
    <tag k="highway" v="crossing"/>
  </node>
  <node id="7520833674" lat="41.8816038" lon="-87.6520261">
    <tag k="crossing" v="traffic_signals"/>
    <tag k="highway" v="crossing"/>
  </node>
  <node id="7520833675" lat="41.8818024" lon="-87.6520319">
    <tag k="crossing" v="traffic_signals"/>
    <tag k="highway" v="crossing"/>
  </node>
  <node id="7520833676" lat="41.8817007" lon="-87.6521589">
    <tag k="crossing" v="traffic_signals"/>
    <tag k="highway" v="crossing"/>
  </node>
  <node id="7520846893" lat="41.8830841" lon="-87.6519536">
    <tag k="crossing" v="traffic_signals"/>
    <tag k="highway" v="crossing"/>
  </node>
  <node id="7520846894" lat="41.8829705" lon="-87.6520625">
    <tag k="crossing" v="traffic_signals"/>
    <tag k="highway" v="crossing"/>
  </node>
  <node id="7520846895" lat="41.8831680" lon="-87.6520680">
    <tag k="crossing" v="traffic_signals"/>
    <tag k="highway" v="crossing"/>
  </node>
  <node id="7520846896" lat="41.8830794" lon="-87.6521851">
    <tag k="crossing" v="traffic_signals"/>
    <tag k="highway" v="crossing"/>
  </node>
  <node id="7520846898" lat="41.8816879" lon="-87.6530967">
    <tag k="crossing" v="uncontrolled"/>
    <tag k="highway" v="crossing"/>
  </node>
  <node id="7520846902" lat="41.8817911" lon="-87.6531908">
    <tag k="crossing" v="uncontrolled"/>
    <tag k="highway" v="crossing"/>
  </node>
  <node id="7520846906" lat="41.8816844" lon="-87.6533143">
    <tag k="crossing" v="uncontrolled"/>
    <tag k="highway" v="crossing"/>
  </node>
  <node id="7520846913" lat="41.8830630" lon="-87.6531277">
    <tag k="crossing" v="uncontrolled"/>
    <tag k="highway" v="crossing"/>
  </node>
  <node id="7520846914" lat="41.8829507" lon="-87.6532230">
    <tag k="crossing" v="uncontrolled"/>
    <tag k="highway" v="crossing"/>
  </node>
  <node id="7520846915" lat="41.8831498" lon="-87.6532278">
    <tag k="crossing" v="uncontrolled"/>
    <tag k="highway" v="crossing"/>
  </node>
  <node id="7520846916" lat="41.8830576" lon="-87.6533472">
    <tag k="crossing" v="uncontrolled"/>
    <tag k="highway" v="crossing"/>
  </node>
  <node id="7520846929" lat="41.8831029" lon="-87.6507961">
    <tag k="crossing" v="traffic_signals"/>
    <tag k="highway" v="crossing"/>
  </node>
  <node id="7520846930" lat="41.8829927" lon="-87.6508968">
    <tag k="crossing" v="traffic_signals"/>
    <tag k="highway" v="crossing"/>
  </node>
  <node id="7520846931" lat="41.8831922" lon="-87.6509019">
    <tag k="crossing" v="traffic_signals"/>
    <tag k="highway" v="crossing"/>
  </node>
  <node id="7520846932" lat="41.8831004" lon="-87.6510174">
    <tag k="crossing" v="traffic_signals"/>
    <tag k="highway" v="crossing"/>
  </node>
  <node id="7520846941" lat="41.8831204" lon="-87.6496336">
    <tag k="crossing" v="uncontrolled"/>
    <tag k="highway" v="crossing"/>
  </node>
  <node id="7520846944" lat="41.8830150" lon="-87.6497366">
    <tag k="crossing" v="uncontrolled"/>
    <tag k="highway" v="crossing"/>
  </node>
  <node id="7520846959" lat="41.8843073" lon="-87.6484986">
    <tag k="crossing" v="uncontrolled"/>
    <tag k="highway" v="crossing"/>
    <tag k="tactile_paving" v="no"/>
  </node>
  <node id="7520846960" lat="41.8843960" lon="-87.6485026">
    <tag k="crossing" v="uncontrolled"/>
    <tag k="highway" v="crossing"/>
    <tag k="tactile_paving" v="yes"/>
  </node>
  <node id="7520846961" lat="41.8844808" lon="-87.6485065">
    <tag k="crossing" v="uncontrolled"/>
    <tag k="highway" v="crossing"/>
  </node>
  <node id="7520846962" lat="41.8842024" lon="-87.6486042">
    <tag k="crossing" v="uncontrolled"/>
    <tag k="crossing:island" v="no"/>
    <tag k="highway" v="crossing"/>
  </node>
  <node id="7520846963" lat="41.8845845" lon="-87.6486149">
    <tag k="crossing" v="uncontrolled"/>
    <tag k="highway" v="crossing"/>
  </node>
  <node id="7520846964" lat="41.8843034" lon="-87.6487117">
    <tag k="crossing" v="uncontrolled"/>
    <tag k="highway" v="crossing"/>
  </node>
  <node id="7520846965" lat="41.8843934" lon="-87.6487132">
    <tag k="crossing" v="uncontrolled"/>
    <tag k="highway" v="crossing"/>
    <tag k="tactile_paving" v="no"/>
  </node>
  <node id="7520846966" lat="41.8844778" lon="-87.6487188">
    <tag k="crossing" v="uncontrolled"/>
    <tag k="highway" v="crossing"/>
  </node>
  <node id="7520846970" lat="41.8842536" lon="-87.6441789">
    <tag k="crossing" v="traffic_signals"/>
    <tag k="highway" v="crossing"/>
    <tag k="tactile_paving" v="yes"/>
  </node>
  <node id="7520846971" lat="41.8845030" lon="-87.6443417">
    <tag k="crossing" v="traffic_signals"/>
    <tag k="highway" v="crossing"/>
  </node>
  <node id="7520846972" lat="41.8844220" lon="-87.6443413">
    <tag k="crossing" v="traffic_signals"/>
    <tag k="highway" v="crossing"/>
    <tag k="tactile_paving" v="yes"/>
  </node>
  <node id="7520846973" lat="41.8843498" lon="-87.6443410">
    <tag k="crossing" v="traffic_signals"/>
    <tag k="highway" v="crossing"/>
    <tag k="tactile_paving" v="yes"/>
  </node>
  <node id="7520846976" lat="41.8846110" lon="-87.6441924">
    <tag k="crossing" v="traffic_signals"/>
    <tag k="highway" v="crossing"/>
  </node>
  <node id="7520846979" lat="41.8844254" lon="-87.6440817">
    <tag k="crossing" v="traffic_signals"/>
    <tag k="highway" v="crossing"/>
    <tag k="tactile_paving" v="yes"/>
  </node>
  <node id="7520846982" lat="41.8851030" lon="-87.6473492">
    <tag k="crossing" v="uncontrolled"/>
    <tag k="highway" v="crossing"/>
  </node>
  <node id="7520847003" lat="41.8817711" lon="-87.6543624">
    <tag k="crossing" v="uncontrolled"/>
    <tag k="crossing:island" v="no"/>
    <tag k="crossing:markings" v="zebra"/>
    <tag k="crossing:signals" v="no"/>
    <tag k="highway" v="crossing"/>
  </node>
  <node id="7520847005" lat="41.8815631" lon="-87.6547015">
    <tag k="crossing" v="uncontrolled"/>
    <tag k="highway" v="crossing"/>
  </node>
  <node id="7520847008" lat="41.8803753" lon="-87.6547734">
    <tag k="crossing" v="uncontrolled"/>
    <tag k="highway" v="crossing"/>
  </node>
  <node id="7520847011" lat="41.8802922" lon="-87.6546578">
    <tag k="crossing" v="uncontrolled"/>
    <tag k="highway" v="crossing"/>
  </node>
  <node id="7520847014" lat="41.8803789" lon="-87.6545508">
    <tag k="crossing" v="uncontrolled"/>
    <tag k="highway" v="crossing"/>
  </node>
  <node id="7520847016" lat="41.8804538" lon="-87.6546637">
    <tag k="crossing" v="uncontrolled"/>
    <tag k="highway" v="crossing"/>
  </node>
  <node id="7520847059" lat="41.8777530" lon="-87.6593489">
    <tag k="crossing" v="uncontrolled"/>
    <tag k="crossing:island" v="no"/>
    <tag k="crossing:markings" v="zebra"/>
    <tag k="highway" v="crossing"/>
  </node>
  <node id="7520847062" lat="41.8778410" lon="-87.6594495">
    <tag k="crossing" v="uncontrolled"/>
    <tag k="crossing:island" v="no"/>
    <tag k="crossing:markings" v="zebra"/>
    <tag k="crossing:signals" v="no"/>
    <tag k="highway" v="crossing"/>
  </node>
  <node id="7520847064" lat="41.8777496" lon="-87.6595620">
    <tag k="crossing" v="uncontrolled"/>
    <tag k="crossing:island" v="no"/>
    <tag k="crossing:markings" v="zebra"/>
    <tag k="highway" v="crossing"/>
  </node>
  <node id="7520847067" lat="41.8790132" lon="-87.6593994">
    <tag k="crossing" v="uncontrolled"/>
    <tag k="highway" v="crossing"/>
    <tag k="tactile_paving" v="yes"/>
  </node>
  <node id="7520847069" lat="41.8789456" lon="-87.6594810">
    <tag k="crossing" v="uncontrolled"/>
    <tag k="crossing:island" v="no"/>
    <tag k="highway" v="crossing"/>
    <tag k="tactile_paving" v="yes"/>
  </node>
  <node id="7520847072" lat="41.8790106" lon="-87.6595942">
    <tag k="crossing" v="uncontrolled"/>
    <tag k="highway" v="crossing"/>
    <tag k="tactile_paving" v="yes"/>
  </node>
  <node id="7520847082" lat="41.8816501" lon="-87.6554152">
    <tag k="crossing" v="uncontrolled"/>
    <tag k="highway" v="crossing"/>
  </node>
  <node id="7520847086" lat="41.8817449" lon="-87.6555235">
    <tag k="crossing" v="uncontrolled"/>
    <tag k="highway" v="crossing"/>
  </node>
  <node id="7520847089" lat="41.8816468" lon="-87.6556321">
    <tag k="crossing" v="uncontrolled"/>
    <tag k="highway" v="crossing"/>
  </node>
  <node id="7520847100" lat="41.8802595" lon="-87.6571010">
    <tag k="crossing" v="traffic_signals"/>
    <tag k="highway" v="crossing"/>
  </node>
  <node id="7520847102" lat="41.8803374" lon="-87.6570012">
    <tag k="crossing" v="traffic_signals"/>
    <tag k="highway" v="crossing"/>
  </node>
  <node id="7520847104" lat="41.8804134" lon="-87.6571055">
    <tag k="crossing" v="traffic_signals"/>
    <tag k="highway" v="crossing"/>
  </node>
  <node id="7520847106" lat="41.8803341" lon="-87.6572127">
    <tag k="crossing" v="traffic_signals"/>
    <tag k="highway" v="crossing"/>
  </node>
  <node id="7520847132" lat="41.8832114" lon="-87.6497428">
    <tag k="crossing" v="uncontrolled"/>
    <tag k="highway" v="crossing"/>
  </node>
  <node id="7520847133" lat="41.8831168" lon="-87.6498566">
    <tag k="crossing" v="uncontrolled"/>
    <tag k="highway" v="crossing"/>
  </node>
  <node id="7608416048" lat="41.8854653" lon="-87.6599186"/>
  <node id="7608416054" lat="41.8857170" lon="-87.6588592"/>
  <node id="7631422141" lat="41.8799942" lon="-87.6570927"/>
  <node id="7662839830" lat="41.8699122" lon="-87.6408164">
    <tag k="bus" v="yes"/>
    <tag k="name" v="Clinton &amp; Taylor"/>
    <tag k="network" v="CTA"/>
    <tag k="operator" v="Chicago Transit Authority"/>
    <tag k="public_transport" v="stop_position"/>
    <tag k="ref" v="6623"/>
  </node>
  <node id="7662839831" lat="41.8701448" lon="-87.6393098">
    <tag k="bus" v="yes"/>
    <tag k="name" v="Canal &amp; Taylor"/>
    <tag k="network" v="CTA"/>
    <tag k="operator" v="Chicago Transit Authority"/>
    <tag k="public_transport" v="stop_position"/>
    <tag k="ref" v="6705"/>
  </node>
  <node id="7662839834" lat="41.8718320" lon="-87.6393563">
    <tag k="bus" v="yes"/>
    <tag k="name" v="Canal &amp; Polk"/>
    <tag k="network" v="CTA"/>
    <tag k="operator" v="Chicago Transit Authority"/>
    <tag k="public_transport" v="stop_position"/>
    <tag k="ref" v="6706"/>
  </node>
  <node id="7662839835" lat="41.8717903" lon="-87.6408897">
    <tag k="bus" v="yes"/>
    <tag k="name" v="Clinton &amp; Polk"/>
    <tag k="network" v="CTA"/>
    <tag k="operator" v="Chicago Transit Authority"/>
    <tag k="public_transport" v="stop_position"/>
    <tag k="ref" v="6621"/>
  </node>
  <node id="7662839836" lat="41.8815831" lon="-87.6411985">
    <tag k="bus" v="yes"/>
    <tag k="local_ref" v="M"/>
    <tag k="name" v="Clinton &amp; Madison (Metra)"/>
    <tag k="network" v="CTA"/>
    <tag k="operator" v="Chicago Transit Authority"/>
    <tag k="public_transport" v="stop_position"/>
    <tag k="ref" v="5024"/>
  </node>
  <node id="7662839837" lat="41.8822036" lon="-87.6397144">
    <tag k="bus" v="yes"/>
    <tag k="local_ref" v="N"/>
    <tag k="name" v="Canal &amp; Madison (Metra)"/>
    <tag k="network" v="CTA"/>
    <tag k="operator" v="Chicago Transit Authority"/>
    <tag k="public_transport" v="stop_position"/>
    <tag k="ref" v="5027"/>
  </node>
  <node id="7663217393" lat="41.8695740" lon="-87.6542235">
    <tag k="direction" v="forward"/>
    <tag k="highway" v="stop"/>
    <tag k="stop" v="all"/>
  </node>
  <node id="7676028663" lat="41.8863254" lon="-87.6521634"/>
  <node id="7676028664" lat="41.8863410" lon="-87.6509899"/>
  <node id="7676028665" lat="41.8863367" lon="-87.6533269"/>
  <node id="7676028667" lat="41.8863181" lon="-87.6544891"/>
  <node id="7680819169" lat="41.8777779" lon="-87.6577693"/>
  <node id="7706487489" lat="41.8855110" lon="-87.6460383"/>
  <node id="7706487490" lat="41.8856901" lon="-87.6462220"/>
  <node id="7714595893" lat="41.8818959" lon="-87.6457332">
    <tag k="crossing" v="uncontrolled"/>
    <tag k="crossing:markings" v="yes"/>
    <tag k="highway" v="crossing"/>
  </node>
  <node id="7714595894" lat="41.8817168" lon="-87.6458239">
    <tag k="crossing" v="uncontrolled"/>
    <tag k="crossing:island" v="no"/>
    <tag k="crossing:markings" v="zebra"/>
    <tag k="crossing:signals" v="no"/>
    <tag k="highway" v="crossing"/>
  </node>
  <node id="7735817601" lat="41.8770348" lon="-87.6545420"/>
  <node id="7854030733" lat="41.8851098" lon="-87.6466299"/>
  <node id="7854335867" lat="41.8846939" lon="-87.6544428"/>
  <node id="7854335868" lat="41.8846583" lon="-87.6567765"/>
  <node id="7911018048" lat="41.8745774" lon="-87.6453399"/>
  <node id="7911018049" lat="41.8756578" lon="-87.6443776"/>
  <node id="7911018050" lat="41.8759014" lon="-87.6444859"/>
  <node id="7911018051" lat="41.8750757" lon="-87.6456669"/>
  <node id="7911018052" lat="41.8752310" lon="-87.6452526"/>
  <node id="8105833691" lat="41.8801763" lon="-87.6665962">
    <tag k="button_operated" v="yes"/>
    <tag k="crossing" v="traffic_signals"/>
    <tag k="crossing:island" v="no"/>
    <tag k="highway" v="crossing"/>
    <tag k="tactile_paving" v="yes"/>
    <tag k="traffic_signals:sound" v="no"/>
  </node>
  <node id="8203495732" lat="41.8782184" lon="-87.6411116"/>
  <node id="8203495736" lat="41.8791198" lon="-87.6411262"/>
  <node id="8223422641" lat="41.8757102" lon="-87.6426215"/>
  <node id="8223422642" lat="41.8757509" lon="-87.6434354"/>
  <node id="8223432936" lat="41.8768002" lon="-87.6461508"/>
  <node id="8223432943" lat="41.8754653" lon="-87.6469468"/>
  <node id="8223432945" lat="41.8751200" lon="-87.6467864"/>
  <node id="8223432946" lat="41.8743578" lon="-87.6463967"/>
  <node id="8229056260" lat="41.8747856" lon="-87.6469204"/>
  <node id="8229056261" lat="41.8745483" lon="-87.6466221"/>
  <node id="8229056262" lat="41.8741416" lon="-87.6463301"/>
  <node id="8229056263" lat="41.8734903" lon="-87.6461350"/>
  <node id="8229056264" lat="41.8733556" lon="-87.6461001"/>
  <node id="8229056265" lat="41.8731060" lon="-87.6460075"/>
  <node id="8229056266" lat="41.8727471" lon="-87.6458692"/>
  <node id="8229056267" lat="41.8725160" lon="-87.6458177"/>
  <node id="8229056268" lat="41.8723352" lon="-87.6456869"/>
  <node id="8229056269" lat="41.8746683" lon="-87.6467545"/>
  <node id="8229056274" lat="41.8723213" lon="-87.6456227"/>
  <node id="8229056276" lat="41.8733888" lon="-87.6456391"/>
  <node id="8229056277" lat="41.8727584" lon="-87.6455344"/>
  <node id="8229056278" lat="41.8763781" lon="-87.6461802"/>
  <node id="8229056280" lat="41.8757830" lon="-87.6437019"/>
  <node id="8229061700" lat="41.8760981" lon="-87.6450009"/>
  <node id="8229061701" lat="41.8748205" lon="-87.6467759"/>
  <node id="8229061719" lat="41.8743467" lon="-87.6451849"/>
  <node id="8229061720" lat="41.8743427" lon="-87.6454630"/>
  <node id="8229741164" lat="41.8843283" lon="-87.6457939">
    <tag k="crossing" v="uncontrolled"/>
    <tag k="highway" v="crossing"/>
  </node>
  <node id="8229741165" lat="41.8845170" lon="-87.6457494">
    <tag k="crossing" v="uncontrolled"/>
    <tag k="highway" v="crossing"/>
  </node>
  <node id="8266153611" lat="41.8860884" lon="-87.6354311"/>
  <node id="8292009885" lat="41.8844526" lon="-87.6385293">
    <tag k="crossing" v="traffic_signals"/>
    <tag k="crossing:markings" v="zebra"/>
    <tag k="crossing:signals" v="yes"/>
    <tag k="highway" v="crossing"/>
  </node>
  <node id="8293837897" lat="41.8778163" lon="-87.6553316"/>
  <node id="8293837900" lat="41.8778665" lon="-87.6521476"/>
  <node id="8293837902" lat="41.8776323" lon="-87.6519002"/>
  <node id="8524605014" lat="41.8780586" lon="-87.6392996"/>
  <node id="8627532748" lat="41.8767158" lon="-87.6569437"/>
  <node id="8627532753" lat="41.8768771" lon="-87.6569796"/>
  <node id="8627532757" lat="41.8765187" lon="-87.6567613"/>
  <node id="8627695685" lat="41.8843062" lon="-87.6593997"/>
  <node id="8633836865" lat="41.8770294" lon="-87.6367012"/>
  <node id="8633836870" lat="41.8812897" lon="-87.6370130"/>
  <node id="8633836871" lat="41.8806229" lon="-87.6374405"/>
  <node id="8633836873" lat="41.8789339" lon="-87.6367127"/>
  <node id="8633836874" lat="41.8835101" lon="-87.6370608"/>
  <node id="8633836875" lat="41.8854942" lon="-87.6367970"/>
  <node id="8633836879" lat="41.8852963" lon="-87.6369819"/>
  <node id="8633836881" lat="41.8860953" lon="-87.6366970"/>
  <node id="8690743261" lat="41.8767450" lon="-87.6495312">
    <tag k="direction" v="forward"/>
    <tag k="highway" v="stop"/>
  </node>
  <node id="8690743262" lat="41.8765430" lon="-87.6495292">
    <tag k="direction" v="backward"/>
    <tag k="highway" v="stop"/>
  </node>
  <node id="8690743263" lat="41.8766346" lon="-87.6496594">
    <tag k="direction" v="backward"/>
    <tag k="highway" v="stop"/>
  </node>
  <node id="8690743612" lat="41.8792873" lon="-87.6496154">
    <tag k="direction" v="forward"/>
    <tag k="highway" v="stop"/>
    <tag k="stop" v="all"/>
  </node>
  <node id="8690746985" lat="41.8790965" lon="-87.6544538">
    <tag k="direction" v="forward"/>
    <tag k="highway" v="stop"/>
  </node>
  <node id="8690746986" lat="41.8792992" lon="-87.6484554">
    <tag k="direction" v="backward"/>
    <tag k="highway" v="stop"/>
  </node>
  <node id="8690749051" lat="41.8779067" lon="-87.6497251">
    <tag k="direction" v="forward"/>
    <tag k="highway" v="stop"/>
  </node>
  <node id="8690758131" lat="41.8790555" lon="-87.6507810">
    <tag k="direction" v="forward"/>
    <tag k="highway" v="stop"/>
  </node>
  <node id="8690760963" lat="41.8767347" lon="-87.6507075">
    <tag k="direction" v="backward"/>
    <tag k="highway" v="stop"/>
    <tag k="stop" v="all"/>
  </node>
  <node id="8690766855" lat="41.8767588" lon="-87.6483768">
    <tag k="direction" v="backward"/>
    <tag k="highway" v="stop"/>
  </node>
  <node id="8690768463" lat="41.8766670" lon="-87.6545303">
    <tag k="direction" v="backward"/>
    <tag k="highway" v="stop"/>
  </node>
  <node id="8690768464" lat="41.8780030" lon="-87.6507477">
    <tag k="direction" v="backward"/>
    <tag k="highway" v="stop"/>
  </node>
  <node id="8815131624" lat="41.8764885" lon="-87.6463513"/>
  <node id="8815131625" lat="41.8766109" lon="-87.6462295"/>
  <node id="8815131626" lat="41.8753448" lon="-87.6441691"/>
  <node id="8815131627" lat="41.8751614" lon="-87.6442240"/>
  <node id="8815131630" lat="41.8755902" lon="-87.6441675"/>
  <node id="8815131631" lat="41.8758300" lon="-87.6442175"/>
  <node id="8815131632" lat="41.8759784" lon="-87.6442972"/>
  <node id="8815131633" lat="41.8765806" lon="-87.6447671"/>
  <node id="8815131635" lat="41.8778635" lon="-87.6453642"/>
  <node id="8815131638" lat="41.8779583" lon="-87.6462960"/>
  <node id="8815131639" lat="41.8780418" lon="-87.6462996">
    <tag k="crossing" v="uncontrolled"/>
    <tag k="crossing:signals" v="no"/>
    <tag k="highway" v="crossing"/>
    <tag k="tactile_paving" v="yes"/>
  </node>
  <node id="8815131640" lat="41.8785416" lon="-87.6453901"/>
  <node id="8815131643" lat="41.8792402" lon="-87.6463196"/>
  <node id="8815131644" lat="41.8798076" lon="-87.6452751"/>
  <node id="8815131646" lat="41.8796830" lon="-87.6453452"/>
  <node id="8815131651" lat="41.8803740" lon="-87.6452648">
    <tag k="highway" v="motorway_junction"/>
    <tag k="ref" v="51D"/>
  </node>
  <node id="8815131652" lat="41.8816694" lon="-87.6455796"/>
  <node id="8815131656" lat="41.8803518" lon="-87.6453746"/>
  <node id="8815167066" lat="41.8787680" lon="-87.6461520"/>
  <node id="8821573637" lat="41.8766957" lon="-87.6465719"/>
  <node id="8911055595" lat="41.8773377" lon="-87.6395438">
    <tag k="bus" v="yes"/>
    <tag k="name" v="FlixBus Chicago Downtown"/>
    <tag k="network" v="FlixBus"/>
    <tag k="operator" v="FlixBus"/>
    <tag k="public_transport" v="stop_position"/>
  </node>
  <node id="8928735385" lat="41.8805413" lon="-87.6427541">
    <tag k="crossing" v="traffic_signals"/>
    <tag k="highway" v="crossing"/>
    <tag k="tactile_paving" v="yes"/>
  </node>
  <node id="8928735387" lat="41.8804759" lon="-87.6426218">
    <tag k="crossing" v="traffic_signals"/>
    <tag k="highway" v="crossing"/>
  </node>
  <node id="8928735388" lat="41.8806384" lon="-87.6426309">
    <tag k="crossing" v="traffic_signals"/>
    <tag k="highway" v="crossing"/>
  </node>
  <node id="8955051797" lat="41.8751149" lon="-87.6519584">
    <tag k="crossing" v="uncontrolled"/>
    <tag k="highway" v="crossing"/>
  </node>
  <node id="8955051801" lat="41.8751929" lon="-87.6518330"/>
  <node id="8955051802" lat="41.8760097" lon="-87.6519717">
    <tag k="crossing" v="traffic_signals"/>
    <tag k="highway" v="crossing"/>
  </node>
  <node id="8955051805" lat="41.8759592" lon="-87.6518570">
    <tag k="crossing" v="traffic_signals"/>
    <tag k="highway" v="crossing"/>
  </node>
  <node id="9065734722" lat="41.8857814" lon="-87.6454115">
    <tag k="crossing" v="uncontrolled"/>
    <tag k="highway" v="crossing"/>
  </node>
  <node id="9079153061" lat="41.8805867" lon="-87.6402381"/>
  <node id="9113748387" lat="41.8705584" lon="-87.6512123"/>
  <node id="9115262262" lat="41.8831861" lon="-87.6440469">
    <tag k="crossing" v="traffic_signals"/>
    <tag k="highway" v="crossing"/>
    <tag k="tactile_paving" v="yes"/>
    <tag k="traffic_signals:sound" v="no"/>
  </node>
  <node id="9115262263" lat="41.8830703" lon="-87.6441355">
    <tag k="crossing" v="traffic_signals"/>
    <tag k="highway" v="crossing"/>
    <tag k="tactile_paving" v="yes"/>
  </node>
  <node id="9115262264" lat="41.8832725" lon="-87.6441505">
    <tag k="crossing" v="traffic_signals"/>
    <tag k="highway" v="crossing"/>
    <tag k="tactile_paving" v="yes"/>
  </node>
  <node id="9115262266" lat="41.8831819" lon="-87.6442986">
    <tag k="crossing" v="traffic_signals"/>
    <tag k="highway" v="crossing"/>
    <tag k="tactile_paving" v="yes"/>
  </node>
  <node id="9115265383" lat="41.8842855" lon="-87.6496730">
    <tag k="crossing" v="uncontrolled"/>
    <tag k="highway" v="crossing"/>
  </node>
  <node id="9115265384" lat="41.8843747" lon="-87.6496730">
    <tag k="crossing" v="uncontrolled"/>
    <tag k="highway" v="crossing"/>
  </node>
  <node id="9115265385" lat="41.8844672" lon="-87.6496731">
    <tag k="crossing" v="uncontrolled"/>
    <tag k="highway" v="crossing"/>
  </node>
  <node id="9115265386" lat="41.8841853" lon="-87.6497733">
    <tag k="crossing" v="uncontrolled"/>
    <tag k="highway" v="crossing"/>
  </node>
  <node id="9115265388" lat="41.8842818" lon="-87.6498767">
    <tag k="crossing" v="uncontrolled"/>
    <tag k="highway" v="crossing"/>
  </node>
  <node id="9115265389" lat="41.8843708" lon="-87.6498829">
    <tag k="crossing" v="uncontrolled"/>
    <tag k="highway" v="crossing"/>
  </node>
  <node id="9115265390" lat="41.8844630" lon="-87.6498894">
    <tag k="crossing" v="uncontrolled"/>
    <tag k="highway" v="crossing"/>
  </node>
  <node id="9115265392" lat="41.8855386" lon="-87.6498157">
    <tag k="crossing" v="uncontrolled"/>
    <tag k="crossing:island" v="no"/>
    <tag k="highway" v="crossing"/>
    <tag k="tactile_paving" v="yes"/>
  </node>
  <node id="9115265393" lat="41.8855593" lon="-87.6486423">
    <tag k="crossing" v="uncontrolled"/>
    <tag k="crossing:island" v="no"/>
    <tag k="crossing:markings" v="yes"/>
    <tag k="highway" v="crossing"/>
    <tag k="tactile_paving" v="yes"/>
  </node>
  <node id="9115265395" lat="41.8855782" lon="-87.6474790">
    <tag k="crossing" v="traffic_signals"/>
    <tag k="crossing:island" v="no"/>
    <tag k="highway" v="crossing"/>
    <tag k="tactile_paving" v="yes"/>
    <tag k="traffic_signals:sound" v="no"/>
  </node>
  <node id="9115265399" lat="41.8843565" lon="-87.6508393">
    <tag k="crossing" v="uncontrolled"/>
    <tag k="highway" v="crossing"/>
  </node>
  <node id="9115265400" lat="41.8842701" lon="-87.6508376">
    <tag k="crossing" v="uncontrolled"/>
    <tag k="highway" v="crossing"/>
  </node>
  <node id="9115265401" lat="41.8844455" lon="-87.6508410">
    <tag k="crossing" v="uncontrolled"/>
    <tag k="highway" v="crossing"/>
  </node>
  <node id="9115265404" lat="41.8842653" lon="-87.6510483">
    <tag k="crossing" v="uncontrolled"/>
    <tag k="highway" v="crossing"/>
  </node>
  <node id="9115265405" lat="41.8843517" lon="-87.6510507">
    <tag k="crossing" v="uncontrolled"/>
    <tag k="highway" v="crossing"/>
  </node>
  <node id="9115265406" lat="41.8844408" lon="-87.6510532">
    <tag k="crossing" v="uncontrolled"/>
    <tag k="highway" v="crossing"/>
  </node>
  <node id="9115265409" lat="41.8842454" lon="-87.6519976">
    <tag k="crossing" v="traffic_signals"/>
    <tag k="highway" v="crossing"/>
  </node>
  <node id="9115265410" lat="41.8843352" lon="-87.6519995">
    <tag k="crossing" v="traffic_signals"/>
    <tag k="highway" v="crossing"/>
  </node>
  <node id="9115265411" lat="41.8844229" lon="-87.6520013">
    <tag k="crossing" v="traffic_signals"/>
    <tag k="highway" v="crossing"/>
  </node>
  <node id="9115265412" lat="41.8841506" lon="-87.6520973">
    <tag k="crossing" v="traffic_signals"/>
    <tag k="highway" v="crossing"/>
  </node>
  <node id="9115265413" lat="41.8845174" lon="-87.6521098">
    <tag k="button_operated" v="no"/>
    <tag k="crossing" v="traffic_signals"/>
    <tag k="crossing:island" v="no"/>
    <tag k="highway" v="crossing"/>
    <tag k="tactile_paving" v="yes"/>
    <tag k="traffic_signals:sound" v="no"/>
    <tag k="traffic_signals:vibration" v="no"/>
  </node>
  <node id="9115265414" lat="41.8842412" lon="-87.6522193">
    <tag k="crossing" v="traffic_signals"/>
    <tag k="highway" v="crossing"/>
  </node>
  <node id="9115265415" lat="41.8843314" lon="-87.6522210">
    <tag k="crossing" v="traffic_signals"/>
    <tag k="highway" v="crossing"/>
  </node>
  <node id="9115265416" lat="41.8844188" lon="-87.6522226">
    <tag k="crossing" v="traffic_signals"/>
    <tag k="highway" v="crossing"/>
  </node>
  <node id="9115266650" lat="41.8830429" lon="-87.6542921">
    <tag k="crossing" v="traffic_signals"/>
    <tag k="highway" v="crossing"/>
  </node>
  <node id="9115266651" lat="41.8829301" lon="-87.6543957">
    <tag k="crossing" v="traffic_signals"/>
    <tag k="highway" v="crossing"/>
  </node>
  <node id="9115266652" lat="41.8831273" lon="-87.6544000">
    <tag k="crossing" v="traffic_signals"/>
    <tag k="highway" v="crossing"/>
  </node>
  <node id="9115266653" lat="41.8830386" lon="-87.6545081">
    <tag k="crossing" v="traffic_signals"/>
    <tag k="highway" v="crossing"/>
  </node>
  <node id="9115266656" lat="41.8830186" lon="-87.6554697">
    <tag k="crossing" v="uncontrolled"/>
    <tag k="highway" v="crossing"/>
  </node>
  <node id="9115266657" lat="41.8829149" lon="-87.6555586">
    <tag k="crossing" v="uncontrolled"/>
    <tag k="highway" v="crossing"/>
  </node>
  <node id="9115266658" lat="41.8831061" lon="-87.6555644">
    <tag k="crossing" v="uncontrolled"/>
    <tag k="highway" v="crossing"/>
  </node>
  <node id="9115266659" lat="41.8830163" lon="-87.6556761">
    <tag k="crossing" v="uncontrolled"/>
    <tag k="highway" v="crossing"/>
  </node>
  <node id="9115266666" lat="41.8830006" lon="-87.6566220">
    <tag k="crossing" v="traffic_signals"/>
    <tag k="highway" v="crossing"/>
  </node>
  <node id="9115266667" lat="41.8828940" lon="-87.6567198">
    <tag k="crossing" v="traffic_signals"/>
    <tag k="highway" v="crossing"/>
  </node>
  <node id="9115266668" lat="41.8830930" lon="-87.6566982">
    <tag k="crossing" v="traffic_signals"/>
    <tag k="highway" v="crossing"/>
  </node>
  <node id="9115266669" lat="41.8829953" lon="-87.6568004">
    <tag k="crossing" v="traffic_signals"/>
    <tag k="highway" v="crossing"/>
  </node>
  <node id="9115266671" lat="41.8816314" lon="-87.6565826">
    <tag k="crossing" v="traffic_signals"/>
    <tag k="highway" v="crossing"/>
  </node>
  <node id="9115266675" lat="41.8815222" lon="-87.6571390">
    <tag k="crossing" v="traffic_signals"/>
    <tag k="crossing:island" v="no"/>
    <tag k="crossing:markings" v="zebra"/>
    <tag k="crossing:signals" v="yes"/>
    <tag k="highway" v="crossing"/>
  </node>
  <node id="9115266722" lat="41.8842202" lon="-87.6531593">
    <tag k="crossing" v="uncontrolled"/>
    <tag k="highway" v="crossing"/>
  </node>
  <node id="9115266723" lat="41.8843133" lon="-87.6531619">
    <tag k="crossing" v="uncontrolled"/>
    <tag k="highway" v="crossing"/>
  </node>
  <node id="9115266724" lat="41.8844011" lon="-87.6531644">
    <tag k="crossing" v="uncontrolled"/>
    <tag k="highway" v="crossing"/>
  </node>
  <node id="9115266725" lat="41.8845070" lon="-87.6532663">
    <tag k="crossing" v="uncontrolled"/>
    <tag k="crossing:island" v="no"/>
    <tag k="highway" v="crossing"/>
    <tag k="tactile_paving" v="yes"/>
  </node>
  <node id="9115266726" lat="41.8843970" lon="-87.6533833">
    <tag k="crossing" v="uncontrolled"/>
    <tag k="highway" v="crossing"/>
  </node>
  <node id="9115266727" lat="41.8843091" lon="-87.6533817">
    <tag k="crossing" v="uncontrolled"/>
    <tag k="highway" v="crossing"/>
  </node>
  <node id="9115266728" lat="41.8842160" lon="-87.6533799">
    <tag k="crossing" v="uncontrolled"/>
    <tag k="highway" v="crossing"/>
  </node>
  <node id="9115266729" lat="41.8841170" lon="-87.6532540">
    <tag k="crossing" v="uncontrolled"/>
    <tag k="highway" v="crossing"/>
  </node>
  <node id="9115266735" lat="41.8842003" lon="-87.6543315">
    <tag k="crossing" v="uncontrolled"/>
    <tag k="highway" v="crossing"/>
  </node>
  <node id="9115266736" lat="41.8842896" lon="-87.6543322">
    <tag k="crossing" v="uncontrolled"/>
    <tag k="highway" v="crossing"/>
  </node>
  <node id="9115266737" lat="41.8843826" lon="-87.6543329">
    <tag k="crossing" v="uncontrolled"/>
    <tag k="highway" v="crossing"/>
  </node>
  <node id="9115266738" lat="41.8844862" lon="-87.6544369">
    <tag k="crossing" v="uncontrolled"/>
    <tag k="highway" v="crossing"/>
  </node>
  <node id="9115266739" lat="41.8843792" lon="-87.6545492">
    <tag k="crossing" v="uncontrolled"/>
    <tag k="highway" v="crossing"/>
  </node>
  <node id="9115266740" lat="41.8842861" lon="-87.6545459">
    <tag k="crossing" v="uncontrolled"/>
    <tag k="highway" v="crossing"/>
  </node>
  <node id="9115266741" lat="41.8841968" lon="-87.6545427">
    <tag k="crossing" v="uncontrolled"/>
    <tag k="highway" v="crossing"/>
  </node>
  <node id="9115266742" lat="41.8840966" lon="-87.6544260">
    <tag k="crossing" v="uncontrolled"/>
    <tag k="highway" v="crossing"/>
  </node>
  <node id="9128538348" lat="41.8786038" lon="-87.6459781"/>
  <node id="9164070649" lat="41.8819358" lon="-87.6345229"/>
  <node id="9167209423" lat="41.8754583" lon="-87.6425861"/>
  <node id="9213170200" lat="41.8804056" lon="-87.6459293"/>
  <node id="9213198479" lat="41.8868915" lon="-87.6457013">
    <tag k="crossing" v="uncontrolled"/>
    <tag k="highway" v="crossing"/>
  </node>
  <node id="9213198481" lat="41.8867253" lon="-87.6456437">
    <tag k="crossing" v="uncontrolled"/>
    <tag k="highway" v="crossing"/>
  </node>
  <node id="9230352315" lat="41.8756915" lon="-87.6452878"/>
  <node id="9232807192" lat="41.8755496" lon="-87.6452608"/>
  <node id="9232910997" lat="41.8698012" lon="-87.6444538"/>
  <node id="9246462566" lat="41.8737957" lon="-87.6446703"/>
  <node id="9246462567" lat="41.8738007" lon="-87.6446042"/>
  <node id="9246462607" lat="41.8751376" lon="-87.6475802"/>
  <node id="9246462611" lat="41.8749845" lon="-87.6473152"/>
  <node id="9246462612" lat="41.8750287" lon="-87.6472111"/>
  <node id="9246462614" lat="41.8743082" lon="-87.6464229"/>
  <node id="9246474521" lat="41.8753342" lon="-87.6486471"/>
  <node id="9246474538" lat="41.8764473" lon="-87.6457148"/>
  <node id="9246474546" lat="41.8757954" lon="-87.6510648"/>
  <node id="9247470994" lat="41.8743290" lon="-87.6465119"/>
  <node id="9247471008" lat="41.8744461" lon="-87.6438746">
    <tag k="crossing" v="traffic_signals"/>
    <tag k="crossing:markings" v="zebra"/>
    <tag k="crossing:signals" v="yes"/>
    <tag k="highway" v="crossing"/>
  </node>
  <node id="9247495249" lat="41.8758639" lon="-87.6518520"/>
  <node id="9251456214" lat="41.8763985" lon="-87.6569134"/>
  <node id="9251456215" lat="41.8763990" lon="-87.6570957"/>
  <node id="9251471237" lat="41.8752684" lon="-87.6617184">
    <tag k="crossing" v="uncontrolled"/>
    <tag k="highway" v="crossing"/>
  </node>
  <node id="9251471239" lat="41.8752643" lon="-87.6619223">
    <tag k="crossing" v="uncontrolled"/>
    <tag k="highway" v="crossing"/>
  </node>
  <node id="9251471340" lat="41.8752663" lon="-87.6618187"/>
  <node id="9254618659" lat="41.8779328" lon="-87.6425271">
    <tag k="button_operated" v="no"/>
    <tag k="crossing" v="traffic_signals"/>
    <tag k="highway" v="crossing"/>
    <tag k="tactile_paving" v="yes"/>
    <tag k="traffic_signals:sound" v="no"/>
    <tag k="traffic_signals:vibration" v="no"/>
  </node>
  <node id="9254618661" lat="41.8780082" lon="-87.6426754">
    <tag k="button_operated" v="no"/>
    <tag k="crossing" v="traffic_signals"/>
    <tag k="highway" v="crossing"/>
    <tag k="tactile_paving" v="yes"/>
    <tag k="traffic_signals:sound" v="no"/>
    <tag k="traffic_signals:vibration" v="no"/>
  </node>
  <node id="9254618663" lat="41.8780956" lon="-87.6425317">
    <tag k="button_operated" v="no"/>
    <tag k="crossing" v="traffic_signals"/>
    <tag k="highway" v="crossing"/>
    <tag k="tactile_paving" v="yes"/>
    <tag k="traffic_signals:sound" v="no"/>
    <tag k="traffic_signals:vibration" v="no"/>
  </node>
  <node id="9262140416" lat="41.8778478" lon="-87.6533360"/>
  <node id="9271122768" lat="41.8697877" lon="-87.6444488">
    <tag k="crossing" v="traffic_signals"/>
    <tag k="highway" v="crossing"/>
  </node>
  <node id="9271212118" lat="41.8721489" lon="-87.6456567"/>
  <node id="9271212119" lat="41.8721551" lon="-87.6457523"/>
  <node id="9271212123" lat="41.8708972" lon="-87.6451765"/>
  <node id="9271212126" lat="41.8717504" lon="-87.6452846"/>
  <node id="9273512983" lat="41.8743260" lon="-87.6469738">
    <tag k="crossing" v="traffic_signals"/>
    <tag k="crossing:markings" v="zebra"/>
    <tag k="crossing:signals" v="yes"/>
    <tag k="highway" v="crossing"/>
  </node>
  <node id="9273512986" lat="41.8744810" lon="-87.6470711">
    <tag k="crossing" v="traffic_signals"/>
    <tag k="crossing:markings" v="zebra"/>
    <tag k="crossing:signals" v="yes"/>
    <tag k="highway" v="crossing"/>
  </node>
  <node id="9273512987" lat="41.8744790" lon="-87.6471840">
    <tag k="crossing" v="traffic_signals"/>
    <tag k="crossing:markings" v="zebra"/>
    <tag k="crossing:signals" v="yes"/>
    <tag k="highway" v="crossing"/>
  </node>
  <node id="9292058367" lat="41.8756469" lon="-87.6413654"/>
  <node id="9309565632" lat="41.8712541" lon="-87.6436558">
    <tag k="crossing" v="uncontrolled"/>
    <tag k="highway" v="crossing"/>
  </node>
  <node id="9309565633" lat="41.8719729" lon="-87.6436824">
    <tag k="crossing" v="traffic_signals"/>
    <tag k="highway" v="crossing"/>
  </node>
  <node id="9309565635" lat="41.8743631" lon="-87.6436473"/>
  <node id="9309565637" lat="41.8752646" lon="-87.6438039">
    <tag k="crossing" v="uncontrolled"/>
    <tag k="highway" v="crossing"/>
  </node>
  <node id="9309565663" lat="41.8805648" lon="-87.6412877">
    <tag k="crossing" v="traffic_signals"/>
    <tag k="crossing:island" v="no"/>
    <tag k="crossing:markings" v="zebra"/>
    <tag k="crossing:signals" v="yes"/>
    <tag k="highway" v="crossing"/>
  </node>
  <node id="9309565664" lat="41.8786344" lon="-87.6412253">
    <tag k="crossing" v="uncontrolled"/>
    <tag k="crossing:island" v="no"/>
    <tag k="crossing:markings" v="zebra"/>
    <tag k="crossing:signals" v="no"/>
    <tag k="highway" v="crossing"/>
  </node>
  <node id="9309565667" lat="41.8805702" lon="-87.6410272">
    <tag k="crossing" v="traffic_signals"/>
    <tag k="crossing:island" v="no"/>
    <tag k="crossing:markings" v="zebra"/>
    <tag k="crossing:signals" v="yes"/>
    <tag k="highway" v="crossing"/>
  </node>
  <node id="9309565670" lat="41.8804891" lon="-87.6411670">
    <tag k="crossing" v="traffic_signals"/>
    <tag k="crossing:island" v="no"/>
    <tag k="crossing:markings" v="zebra"/>
    <tag k="crossing:signals" v="yes"/>
    <tag k="highway" v="crossing"/>
  </node>
  <node id="9309565674" lat="41.8806645" lon="-87.6411721">
    <tag k="crossing" v="traffic_signals"/>
    <tag k="crossing:island" v="no"/>
    <tag k="crossing:markings" v="zebra"/>
    <tag k="crossing:signals" v="yes"/>
    <tag k="highway" v="crossing"/>
  </node>
  <node id="9309565679" lat="41.8817501" lon="-87.6426704">
    <tag k="crossing" v="traffic_signals"/>
    <tag k="crossing:markings" v="zebra"/>
    <tag k="highway" v="crossing"/>
  </node>
  <node id="9309565682" lat="41.8819401" lon="-87.6426746">
    <tag k="crossing" v="traffic_signals"/>
    <tag k="highway" v="crossing"/>
  </node>
  <node id="9309565684" lat="41.8818441" lon="-87.6427960">
    <tag k="crossing" v="traffic_signals"/>
    <tag k="highway" v="crossing"/>
  </node>
  <node id="9309565686" lat="41.8818494" lon="-87.6425467">
    <tag k="crossing" v="traffic_signals"/>
    <tag k="highway" v="crossing"/>
  </node>
  <node id="9309565687" lat="41.8831788" lon="-87.6398907">
    <tag k="button_operated" v="no"/>
    <tag k="crossing" v="traffic_signals"/>
    <tag k="highway" v="crossing"/>
    <tag k="tactile_paving" v="yes"/>
    <tag k="traffic_signals:sound" v="no"/>
    <tag k="traffic_signals:vibration" v="no"/>
  </node>
  <node id="9309565690" lat="41.8833086" lon="-87.6397676">
    <tag k="button_operated" v="no"/>
    <tag k="crossing" v="traffic_signals"/>
    <tag k="highway" v="crossing"/>
    <tag k="tactile_paving" v="yes"/>
    <tag k="traffic_signals:sound" v="no"/>
    <tag k="traffic_signals:vibration" v="no"/>
  </node>
  <node id="9309565691" lat="41.8833273" lon="-87.6398381">
    <tag k="button_operated" v="no"/>
    <tag k="crossing" v="traffic_signals"/>
    <tag k="highway" v="crossing"/>
    <tag k="tactile_paving" v="yes"/>
    <tag k="traffic_signals:sound" v="no"/>
    <tag k="traffic_signals:vibration" v="no"/>
  </node>
  <node id="9309565694" lat="41.8830450" lon="-87.6397411">
    <tag k="button_operated" v="no"/>
    <tag k="crossing" v="traffic_signals"/>
    <tag k="highway" v="crossing"/>
    <tag k="tactile_paving" v="yes"/>
    <tag k="traffic_signals:sound" v="no"/>
    <tag k="traffic_signals:vibration" v="no"/>
  </node>
  <node id="9309565698" lat="41.8816657" lon="-87.6544741">
    <tag k="crossing" v="uncontrolled"/>
    <tag k="highway" v="crossing"/>
  </node>
  <node id="9309565701" lat="41.8816691" lon="-87.6542538">
    <tag k="crossing" v="uncontrolled"/>
    <tag k="crossing:island" v="no"/>
    <tag k="crossing:markings" v="zebra"/>
    <tag k="crossing:signals" v="no"/>
    <tag k="highway" v="crossing"/>
    <tag k="tactile_paving" v="yes"/>
  </node>
  <node id="9309565703" lat="41.8817282" lon="-87.6566936">
    <tag k="crossing" v="traffic_signals"/>
    <tag k="highway" v="crossing"/>
  </node>
  <node id="9309565704" lat="41.8816871" lon="-87.6587548">
    <tag k="crossing" v="uncontrolled"/>
    <tag k="highway" v="crossing"/>
  </node>
  <node id="9309565705" lat="41.8816752" lon="-87.6596568">
    <tag k="crossing" v="uncontrolled"/>
    <tag k="highway" v="crossing"/>
  </node>
  <node id="9309565712" lat="41.8816194" lon="-87.6572518">
    <tag k="crossing" v="traffic_signals"/>
    <tag k="highway" v="crossing"/>
  </node>
  <node id="9309565715" lat="41.8814828" lon="-87.6595667">
    <tag k="crossing" v="uncontrolled"/>
    <tag k="crossing:island" v="no"/>
    <tag k="crossing:markings" v="zebra"/>
    <tag k="crossing:signals" v="no"/>
    <tag k="highway" v="crossing"/>
  </node>
  <node id="9309565726" lat="41.8815386" lon="-87.6621736">
    <tag k="crossing" v="traffic_signals"/>
    <tag k="highway" v="crossing"/>
  </node>
  <node id="9309565730" lat="41.8815667" lon="-87.6604442">
    <tag k="crossing" v="uncontrolled"/>
    <tag k="highway" v="crossing"/>
  </node>
  <node id="9309565734" lat="41.8815783" lon="-87.6597295">
    <tag k="crossing" v="uncontrolled"/>
    <tag k="highway" v="crossing"/>
  </node>
  <node id="9309565739" lat="41.8815818" lon="-87.6595106">
    <tag k="crossing" v="uncontrolled"/>
    <tag k="highway" v="crossing"/>
  </node>
  <node id="9309565746" lat="41.8815957" lon="-87.6586546">
    <tag k="crossing" v="uncontrolled"/>
    <tag k="highway" v="crossing"/>
  </node>
  <node id="9309565747" lat="41.8815924" lon="-87.6588615">
    <tag k="crossing" v="uncontrolled"/>
    <tag k="highway" v="crossing"/>
  </node>
  <node id="9309565749" lat="41.8803736" lon="-87.6595316">
    <tag k="crossing" v="uncontrolled"/>
    <tag k="highway" v="crossing"/>
  </node>
  <node id="9309565759" lat="41.8802115" lon="-87.6645051">
    <tag k="crossing" v="uncontrolled"/>
    <tag k="highway" v="crossing"/>
  </node>
  <node id="9309565761" lat="41.8802152" lon="-87.6642842">
    <tag k="crossing" v="uncontrolled"/>
    <tag k="highway" v="crossing"/>
  </node>
  <node id="9309565764" lat="41.8802524" lon="-87.6620723">
    <tag k="crossing" v="uncontrolled"/>
    <tag k="highway" v="crossing"/>
  </node>
  <node id="9309565766" lat="41.8802559" lon="-87.6618538">
    <tag k="crossing" v="uncontrolled"/>
    <tag k="highway" v="crossing"/>
  </node>
  <node id="9309565771" lat="41.8802972" lon="-87.6594380">
    <tag k="crossing" v="uncontrolled"/>
    <tag k="highway" v="crossing"/>
  </node>
  <node id="9309565789" lat="41.8789729" lon="-87.6618214">
    <tag k="crossing" v="traffic_signals"/>
    <tag k="highway" v="crossing"/>
    <tag k="tactile_paving" v="yes"/>
    <tag k="traffic_signals:sound" v="no"/>
  </node>
  <node id="9309565816" lat="41.8777144" lon="-87.6617832">
    <tag k="crossing" v="traffic_signals"/>
    <tag k="crossing:island" v="no"/>
    <tag k="crossing:markings" v="lines"/>
    <tag k="crossing:signals" v="yes"/>
    <tag k="highway" v="crossing"/>
    <tag k="tactile_paving" v="yes"/>
  </node>
  <node id="9309566015" lat="41.8792751" lon="-87.6367204">
    <tag k="crossing" v="traffic_signals"/>
    <tag k="crossing:markings" v="zebra"/>
    <tag k="crossing:signals" v="yes"/>
    <tag k="highway" v="crossing"/>
    <tag k="tactile_paving" v="yes"/>
  </node>
  <node id="9309566016" lat="41.8792740" lon="-87.6369547">
    <tag k="crossing" v="traffic_signals"/>
    <tag k="crossing:markings" v="zebra"/>
    <tag k="crossing:signals" v="yes"/>
    <tag k="highway" v="crossing"/>
    <tag k="tactile_paving" v="yes"/>
  </node>
  <node id="9309566019" lat="41.8831081" lon="-87.6368134">
    <tag k="button_operated" v="no"/>
    <tag k="crossing" v="traffic_signals"/>
    <tag k="crossing:island" v="yes"/>
    <tag k="crossing:markings" v="zebra"/>
    <tag k="crossing:signals" v="yes"/>
    <tag k="highway" v="crossing"/>
    <tag k="tactile_paving" v="yes"/>
    <tag k="traffic_signals:sound" v="no"/>
    <tag k="traffic_signals:vibration" v="no"/>
  </node>
  <node id="9309566020" lat="41.8831101" lon="-87.6370511">
    <tag k="button_operated" v="no"/>
    <tag k="crossing" v="traffic_signals"/>
    <tag k="crossing:island" v="yes"/>
    <tag k="crossing:markings" v="zebra"/>
    <tag k="crossing:signals" v="yes"/>
    <tag k="highway" v="crossing"/>
    <tag k="tactile_paving" v="yes"/>
    <tag k="traffic_signals:sound" v="no"/>
    <tag k="traffic_signals:vibration" v="no"/>
  </node>
  <node id="9309566021" lat="41.8833045" lon="-87.6368219">
    <tag k="button_operated" v="no"/>
    <tag k="crossing" v="traffic_signals"/>
    <tag k="crossing:island" v="yes"/>
    <tag k="crossing:markings" v="zebra"/>
    <tag k="crossing:signals" v="yes"/>
    <tag k="highway" v="crossing"/>
    <tag k="tactile_paving" v="yes"/>
    <tag k="traffic_signals:sound" v="no"/>
    <tag k="traffic_signals:vibration" v="no"/>
  </node>
  <node id="9309566022" lat="41.8833059" lon="-87.6370559">
    <tag k="button_operated" v="no"/>
    <tag k="crossing" v="traffic_signals"/>
    <tag k="crossing:island" v="yes"/>
    <tag k="crossing:markings" v="zebra"/>
    <tag k="crossing:signals" v="yes"/>
    <tag k="highway" v="crossing"/>
    <tag k="tactile_paving" v="yes"/>
    <tag k="traffic_signals:sound" v="no"/>
    <tag k="traffic_signals:vibration" v="no"/>
  </node>
  <node id="9309566027" lat="41.8845644" lon="-87.6368474">
    <tag k="crossing" v="traffic_signals"/>
    <tag k="crossing:island" v="no"/>
    <tag k="crossing:markings" v="zebra"/>
    <tag k="crossing:signals" v="yes"/>
    <tag k="highway" v="crossing"/>
  </node>
  <node id="9309566028" lat="41.8845635" lon="-87.6369668">
    <tag k="crossing" v="traffic_signals"/>
    <tag k="crossing:island" v="no"/>
    <tag k="crossing:markings" v="zebra"/>
    <tag k="crossing:signals" v="yes"/>
    <tag k="highway" v="crossing"/>
  </node>
  <node id="9309566029" lat="41.8845627" lon="-87.6370907">
    <tag k="crossing" v="traffic_signals"/>
    <tag k="crossing:island" v="no"/>
    <tag k="crossing:markings" v="zebra"/>
    <tag k="crossing:signals" v="yes"/>
    <tag k="highway" v="crossing"/>
  </node>
  <node id="9309566030" lat="41.8843737" lon="-87.6368425">
    <tag k="crossing" v="traffic_signals"/>
    <tag k="crossing:island" v="no"/>
    <tag k="crossing:markings" v="zebra"/>
    <tag k="crossing:signals" v="yes"/>
    <tag k="highway" v="crossing"/>
  </node>
  <node id="9309566031" lat="41.8843750" lon="-87.6370815">
    <tag k="crossing" v="traffic_signals"/>
    <tag k="crossing:island" v="no"/>
    <tag k="crossing:markings" v="zebra"/>
    <tag k="crossing:signals" v="yes"/>
    <tag k="highway" v="crossing"/>
  </node>
  <node id="9309566035" lat="41.8831917" lon="-87.6428374">
    <tag k="crossing" v="traffic_signals"/>
    <tag k="highway" v="crossing"/>
    <tag k="tactile_paving" v="yes"/>
  </node>
  <node id="9309566037" lat="41.8832764" lon="-87.6427149">
    <tag k="crossing" v="traffic_signals"/>
    <tag k="highway" v="crossing"/>
    <tag k="tactile_paving" v="yes"/>
  </node>
  <node id="9309566039" lat="41.8830723" lon="-87.6427059">
    <tag k="crossing" v="traffic_signals"/>
    <tag k="highway" v="crossing"/>
    <tag k="tactile_paving" v="yes"/>
  </node>
  <node id="9309566051" lat="41.8843620" lon="-87.6413050">
    <tag k="crossing" v="traffic_signals"/>
    <tag k="crossing:island" v="no"/>
    <tag k="crossing:markings" v="zebra"/>
    <tag k="crossing:signals" v="yes"/>
    <tag k="highway" v="crossing"/>
  </node>
  <node id="9309566053" lat="41.8843464" lon="-87.6427465">
    <tag k="crossing" v="traffic_signals"/>
    <tag k="highway" v="crossing"/>
  </node>
  <node id="9309566058" lat="41.8845456" lon="-87.6413106">
    <tag k="crossing" v="traffic_signals"/>
    <tag k="crossing:island" v="no"/>
    <tag k="crossing:markings" v="zebra"/>
    <tag k="crossing:signals" v="yes"/>
    <tag k="highway" v="crossing"/>
  </node>
  <node id="9309566060" lat="41.8844435" lon="-87.6413963">
    <tag k="crossing" v="traffic_signals"/>
    <tag k="crossing:island" v="no"/>
    <tag k="crossing:markings" v="zebra"/>
    <tag k="crossing:signals" v="yes"/>
    <tag k="highway" v="crossing"/>
  </node>
  <node id="9309566063" lat="41.8845366" lon="-87.6427580">
    <tag k="crossing" v="traffic_signals"/>
    <tag k="highway" v="crossing"/>
  </node>
  <node id="9309566068" lat="41.8844401" lon="-87.6428785">
    <tag k="crossing" v="traffic_signals"/>
    <tag k="highway" v="crossing"/>
  </node>
  <node id="9309566071" lat="41.8844359" lon="-87.6426166">
    <tag k="crossing" v="traffic_signals"/>
    <tag k="highway" v="crossing"/>
  </node>
  <node id="9338891614" lat="41.8808382" lon="-87.6455914"/>
  <node id="9358482659" lat="41.8852410" lon="-87.6354151"/>
  <node id="9391285691" lat="41.8720298" lon="-87.6395292">
    <tag k="crossing" v="traffic_signals"/>
    <tag k="crossing:island" v="no"/>
    <tag k="crossing:markings" v="zebra"/>
    <tag k="crossing:signals" v="yes"/>
    <tag k="highway" v="crossing"/>
    <tag k="tactile_paving" v="yes"/>
  </node>
  <node id="9391285697" lat="41.8720342" lon="-87.6392051">
    <tag k="crossing" v="traffic_signals"/>
    <tag k="crossing:island" v="no"/>
    <tag k="crossing:markings" v="zebra"/>
    <tag k="crossing:signals" v="yes"/>
    <tag k="highway" v="crossing"/>
    <tag k="tactile_paving" v="yes"/>
  </node>
  <node id="9391285700" lat="41.8721334" lon="-87.6393651">
    <tag k="crossing" v="traffic_signals"/>
    <tag k="crossing:island" v="no"/>
    <tag k="crossing:markings" v="zebra"/>
    <tag k="crossing:signals" v="yes"/>
    <tag k="highway" v="crossing"/>
    <tag k="tactile_paving" v="yes"/>
  </node>
  <node id="9391285703" lat="41.8719382" lon="-87.6393592">
    <tag k="crossing" v="traffic_signals"/>
    <tag k="crossing:island" v="no"/>
    <tag k="crossing:markings" v="zebra"/>
    <tag k="crossing:signals" v="yes"/>
    <tag k="highway" v="crossing"/>
    <tag k="tactile_paving" v="yes"/>
  </node>
  <node id="9391285707" lat="41.8744109" lon="-87.6392797">
    <tag k="button_operated" v="no"/>
    <tag k="crossing" v="traffic_signals"/>
    <tag k="highway" v="crossing"/>
    <tag k="traffic_signals:sound" v="no"/>
    <tag k="traffic_signals:vibration" v="no"/>
  </node>
  <node id="9408702978" lat="41.8758895" lon="-87.6517986"/>
  <node id="9411148656" lat="41.8724518" lon="-87.6448164"/>
  <node id="9411148657" lat="41.8739555" lon="-87.6448903"/>
  <node id="9411148662" lat="41.8749020" lon="-87.6443900"/>
  <node id="9411148664" lat="41.8810754" lon="-87.6452968"/>
  <node id="9411378343" lat="41.8858163" lon="-87.6413423">
    <tag k="button_operated" v="no"/>
    <tag k="crossing" v="traffic_signals"/>
    <tag k="crossing:island" v="no"/>
    <tag k="crossing:markings" v="zebra"/>
    <tag k="crossing:signals" v="yes"/>
    <tag k="highway" v="crossing"/>
    <tag k="tactile_paving" v="yes"/>
    <tag k="traffic_signals:sound" v="no"/>
    <tag k="traffic_signals:vibration" v="no"/>
  </node>
  <node id="9411378344" lat="41.8856275" lon="-87.6413425">
    <tag k="button_operated" v="no"/>
    <tag k="crossing" v="traffic_signals"/>
    <tag k="crossing:island" v="no"/>
    <tag k="crossing:markings" v="zebra"/>
    <tag k="crossing:signals" v="yes"/>
    <tag k="highway" v="crossing"/>
    <tag k="tactile_paving" v="yes"/>
    <tag k="traffic_signals:sound" v="no"/>
    <tag k="traffic_signals:vibration" v="no"/>
  </node>
  <node id="9411378345" lat="41.8857221" lon="-87.6414513">
    <tag k="button_operated" v="no"/>
    <tag k="crossing" v="traffic_signals"/>
    <tag k="crossing:island" v="no"/>
    <tag k="crossing:markings" v="zebra"/>
    <tag k="crossing:signals" v="yes"/>
    <tag k="highway" v="crossing"/>
    <tag k="tactile_paving" v="yes"/>
    <tag k="traffic_signals:sound" v="no"/>
    <tag k="traffic_signals:vibration" v="no"/>
  </node>
  <node id="9411378352" lat="41.8857151" lon="-87.6426709">
    <tag k="button_operated" v="no"/>
    <tag k="crossing" v="traffic_signals"/>
    <tag k="crossing:island" v="no"/>
    <tag k="highway" v="crossing"/>
    <tag k="tactile_paving" v="yes"/>
    <tag k="traffic_signals:sound" v="no"/>
    <tag k="traffic_signals:vibration" v="no"/>
  </node>
  <node id="9411378367" lat="41.8866845" lon="-87.6413605">
    <tag k="crossing" v="uncontrolled"/>
    <tag k="crossing:island" v="no"/>
    <tag k="crossing:markings" v="zebra"/>
    <tag k="crossing:signals" v="no"/>
    <tag k="highway" v="crossing"/>
    <tag k="tactile_paving" v="yes"/>
  </node>
  <node id="9434660099" lat="41.8731658" lon="-87.6616527">
    <tag k="crossing" v="uncontrolled"/>
    <tag k="highway" v="crossing"/>
  </node>
  <node id="9434660149" lat="41.8729724" lon="-87.6566652">
    <tag k="crossing" v="uncontrolled"/>
    <tag k="highway" v="crossing"/>
  </node>
  <node id="9434660152" lat="41.8703427" lon="-87.6582126">
    <tag k="crossing" v="uncontrolled"/>
    <tag k="highway" v="crossing"/>
  </node>
  <node id="9434660180" lat="41.8743159" lon="-87.6528887">
    <tag k="crossing" v="uncontrolled"/>
    <tag k="crossing:markings" v="zebra"/>
    <tag k="highway" v="crossing"/>
  </node>
  <node id="9436625758" lat="41.8808125" lon="-87.6463779"/>
  <node id="9503023144" lat="41.8712286" lon="-87.6583416">
    <tag k="crossing" v="uncontrolled"/>
    <tag k="highway" v="crossing"/>
  </node>
  <node id="9503023151" lat="41.8713736" lon="-87.6580443">
    <tag k="crossing" v="uncontrolled"/>
    <tag k="highway" v="crossing"/>
  </node>
  <node id="9503023154" lat="41.8731359" lon="-87.6568921">
    <tag k="crossing" v="uncontrolled"/>
    <tag k="crossing:markings" v="zebra"/>
    <tag k="highway" v="crossing"/>
  </node>
  <node id="9503023160" lat="41.8723173" lon="-87.6583732">
    <tag k="crossing" v="uncontrolled"/>
    <tag k="highway" v="crossing"/>
  </node>
  <node id="9503023164" lat="41.8731473" lon="-87.6584086">
    <tag k="crossing" v="uncontrolled"/>
    <tag k="highway" v="crossing"/>
  </node>
  <node id="9503023178" lat="41.8731721" lon="-87.6612468"/>
  <node id="9503023182" lat="41.8732860" lon="-87.6584142">
    <tag k="crossing" v="uncontrolled"/>
    <tag k="highway" v="crossing"/>
  </node>
  <node id="9503048810" lat="41.8717572" lon="-87.6542265">
    <tag k="crossing" v="uncontrolled"/>
    <tag k="highway" v="crossing"/>
  </node>
  <node id="9503048816" lat="41.8719065" lon="-87.6542332">
    <tag k="crossing" v="uncontrolled"/>
    <tag k="highway" v="crossing"/>
  </node>
  <node id="9503048822" lat="41.8718105" lon="-87.6554408">
    <tag k="crossing" v="uncontrolled"/>
    <tag k="highway" v="crossing"/>
  </node>
  <node id="9503048826" lat="41.8718143" lon="-87.6552304">
    <tag k="crossing" v="uncontrolled"/>
    <tag k="highway" v="crossing"/>
  </node>
  <node id="9503048843" lat="41.8714367" lon="-87.6533615">
    <tag k="crossing" v="uncontrolled"/>
    <tag k="highway" v="crossing"/>
  </node>
  <node id="9503048845" lat="41.8718307" lon="-87.6543115">
    <tag k="crossing" v="uncontrolled"/>
    <tag k="highway" v="crossing"/>
  </node>
  <node id="9503048878" lat="41.8718466" lon="-87.6533676">
    <tag k="crossing" v="uncontrolled"/>
    <tag k="highway" v="crossing"/>
  </node>
  <node id="9503048880" lat="41.8719249" lon="-87.6532794">
    <tag k="crossing" v="uncontrolled"/>
    <tag k="highway" v="crossing"/>
  </node>
  <node id="9503048881" lat="41.8717898" lon="-87.6522836">
    <tag k="crossing" v="uncontrolled"/>
    <tag k="highway" v="crossing"/>
  </node>
  <node id="9503048883" lat="41.8718508" lon="-87.6531831">
    <tag k="crossing" v="uncontrolled"/>
    <tag k="highway" v="crossing"/>
  </node>
  <node id="9503048885" lat="41.8717696" lon="-87.6532904">
    <tag k="crossing" v="uncontrolled"/>
    <tag k="highway" v="crossing"/>
  </node>
  <node id="9503048890" lat="41.8717873" lon="-87.6567430">
    <tag k="crossing" v="uncontrolled"/>
    <tag k="highway" v="crossing"/>
  </node>
  <node id="9503048892" lat="41.8721713" lon="-87.6580738">
    <tag k="crossing" v="uncontrolled"/>
    <tag k="highway" v="crossing"/>
  </node>
  <node id="9503048917" lat="41.8732188" lon="-87.6583031">
    <tag k="crossing" v="uncontrolled"/>
    <tag k="highway" v="crossing"/>
  </node>
  <node id="9503048926" lat="41.8732160" lon="-87.6585042">
    <tag k="crossing" v="uncontrolled"/>
    <tag k="highway" v="crossing"/>
  </node>
  <node id="9503048957" lat="41.8712751" lon="-87.6424634">
    <tag k="crossing" v="uncontrolled"/>
    <tag k="highway" v="crossing"/>
  </node>
  <node id="9503048968" lat="41.8721164" lon="-87.6409025">
    <tag k="crossing" v="traffic_signals"/>
    <tag k="crossing:island" v="no"/>
    <tag k="crossing:markings" v="zebra"/>
    <tag k="crossing:signals" v="yes"/>
    <tag k="highway" v="crossing"/>
    <tag k="tactile_paving" v="yes"/>
  </node>
  <node id="9503048969" lat="41.8720967" lon="-87.6423591">
    <tag k="crossing" v="traffic_signals"/>
    <tag k="crossing:island" v="no"/>
    <tag k="crossing:markings" v="zebra"/>
    <tag k="crossing:signals" v="yes"/>
    <tag k="highway" v="crossing"/>
    <tag k="tactile_paving" v="yes"/>
  </node>
  <node id="9503048971" lat="41.8719164" lon="-87.6408947">
    <tag k="button_operated" v="no"/>
    <tag k="crossing" v="traffic_signals"/>
    <tag k="crossing:island" v="no"/>
    <tag k="crossing:markings" v="zebra"/>
    <tag k="crossing:signals" v="yes"/>
    <tag k="highway" v="crossing"/>
    <tag k="tactile_paving" v="yes"/>
    <tag k="traffic_signals:sound" v="no"/>
    <tag k="traffic_signals:vibration" v="no"/>
  </node>
  <node id="9503048974" lat="41.8719927" lon="-87.6422156">
    <tag k="crossing" v="traffic_signals"/>
    <tag k="crossing:island" v="no"/>
    <tag k="crossing:markings" v="zebra"/>
    <tag k="crossing:signals" v="yes"/>
    <tag k="highway" v="crossing"/>
    <tag k="tactile_paving" v="yes"/>
  </node>
  <node id="9503048976" lat="41.8728007" lon="-87.6422426">
    <tag k="crossing" v="uncontrolled"/>
    <tag k="highway" v="crossing"/>
  </node>
  <node id="9503048978" lat="41.8735595" lon="-87.6422635">
    <tag k="crossing" v="uncontrolled"/>
    <tag k="highway" v="crossing"/>
  </node>
  <node id="9503048981" lat="41.8719893" lon="-87.6424876">
    <tag k="crossing" v="traffic_signals"/>
    <tag k="crossing:island" v="no"/>
    <tag k="crossing:markings" v="zebra"/>
    <tag k="crossing:signals" v="yes"/>
    <tag k="highway" v="crossing"/>
    <tag k="tactile_paving" v="yes"/>
  </node>
  <node id="9503048982" lat="41.8718970" lon="-87.6423516">
    <tag k="crossing" v="traffic_signals"/>
    <tag k="crossing:island" v="no"/>
    <tag k="crossing:markings" v="zebra"/>
    <tag k="crossing:signals" v="yes"/>
    <tag k="highway" v="crossing"/>
    <tag k="tactile_paving" v="yes"/>
  </node>
  <node id="9503048987" lat="41.8713022" lon="-87.6407195">
    <tag k="crossing" v="unmarked"/>
    <tag k="crossing:markings" v="no"/>
    <tag k="highway" v="crossing"/>
  </node>
  <node id="9503048989" lat="41.8720107" lon="-87.6407442">
    <tag k="button_operated" v="no"/>
    <tag k="crossing" v="traffic_signals"/>
    <tag k="crossing:island" v="no"/>
    <tag k="crossing:markings" v="zebra"/>
    <tag k="crossing:signals" v="yes"/>
    <tag k="highway" v="crossing"/>
    <tag k="tactile_paving" v="yes"/>
    <tag k="traffic_signals:sound" v="no"/>
    <tag k="traffic_signals:vibration" v="no"/>
  </node>
  <node id="9503048996" lat="41.8744810" lon="-87.6409953">
    <tag k="crossing" v="traffic_signals"/>
    <tag k="crossing:markings" v="zebra"/>
    <tag k="crossing:signals" v="yes"/>
    <tag k="highway" v="crossing"/>
  </node>
  <node id="9503049011" lat="41.8728227" lon="-87.6410453">
    <tag k="crossing" v="uncontrolled"/>
    <tag k="crossing:island" v="no"/>
    <tag k="highway" v="crossing"/>
    <tag k="tactile_paving" v="yes"/>
  </node>
  <node id="9503049012" lat="41.8735744" lon="-87.6410677">
    <tag k="crossing" v="uncontrolled"/>
    <tag k="crossing:island" v="no"/>
    <tag k="highway" v="crossing"/>
    <tag k="tactile_paving" v="yes"/>
  </node>
  <node id="9503049018" lat="41.8720069" lon="-87.6410136">
    <tag k="button_operated" v="no"/>
    <tag k="crossing" v="traffic_signals"/>
    <tag k="crossing:island" v="no"/>
    <tag k="crossing:markings" v="zebra"/>
    <tag k="crossing:signals" v="yes"/>
    <tag k="highway" v="crossing"/>
    <tag k="tactile_paving" v="yes"/>
    <tag k="traffic_signals:sound" v="no"/>
    <tag k="traffic_signals:vibration" v="no"/>
  </node>
  <node id="9503049028" lat="41.8736536" lon="-87.6424041">
    <tag k="crossing" v="uncontrolled"/>
    <tag k="highway" v="crossing"/>
  </node>
  <node id="9503049030" lat="41.8742924" lon="-87.6424224">
    <tag k="crossing" v="traffic_signals"/>
    <tag k="crossing:markings" v="zebra"/>
    <tag k="crossing:signals" v="yes"/>
    <tag k="highway" v="crossing"/>
  </node>
  <node id="9503049033" lat="41.8742675" lon="-87.6438941">
    <tag k="crossing" v="traffic_signals"/>
    <tag k="crossing:markings" v="zebra"/>
    <tag k="crossing:signals" v="yes"/>
    <tag k="highway" v="crossing"/>
  </node>
  <node id="9503049042" lat="41.8744679" lon="-87.6424270">
    <tag k="crossing" v="traffic_signals"/>
    <tag k="crossing:markings" v="zebra"/>
    <tag k="crossing:signals" v="yes"/>
    <tag k="highway" v="crossing"/>
  </node>
  <node id="9503049045" lat="41.8743723" lon="-87.6425597">
    <tag k="crossing" v="traffic_signals"/>
    <tag k="crossing:markings" v="zebra"/>
    <tag k="crossing:signals" v="yes"/>
    <tag k="highway" v="crossing"/>
  </node>
  <node id="9503049047" lat="41.8743760" lon="-87.6422911">
    <tag k="crossing" v="traffic_signals"/>
    <tag k="crossing:island" v="no"/>
    <tag k="crossing:markings" v="zebra"/>
    <tag k="crossing:signals" v="yes"/>
    <tag k="highway" v="crossing"/>
  </node>
  <node id="9503049049" lat="41.8752849" lon="-87.6425850">
    <tag k="crossing" v="uncontrolled"/>
    <tag k="crossing:island" v="no"/>
    <tag k="crossing:markings" v="zebra"/>
    <tag k="crossing:signals" v="no"/>
    <tag k="highway" v="crossing"/>
  </node>
  <node id="9503049050" lat="41.8758131" lon="-87.6425969">
    <tag k="crossing" v="uncontrolled"/>
    <tag k="crossing:island" v="no"/>
    <tag k="crossing:markings" v="zebra"/>
    <tag k="crossing:signals" v="no"/>
    <tag k="highway" v="crossing"/>
  </node>
  <node id="9503049051" lat="41.8752876" lon="-87.6423222">
    <tag k="crossing" v="uncontrolled"/>
    <tag k="crossing:island" v="no"/>
    <tag k="crossing:markings" v="zebra"/>
    <tag k="crossing:signals" v="no"/>
    <tag k="highway" v="crossing"/>
  </node>
  <node id="9503049052" lat="41.8758190" lon="-87.6423422">
    <tag k="crossing" v="uncontrolled"/>
    <tag k="crossing:island" v="no"/>
    <tag k="crossing:markings" v="zebra"/>
    <tag k="crossing:signals" v="no"/>
    <tag k="highway" v="crossing"/>
  </node>
  <node id="9503049055" lat="41.8752329" lon="-87.6424459">
    <tag k="crossing" v="uncontrolled"/>
    <tag k="crossing:island" v="no"/>
    <tag k="crossing:markings" v="zebra"/>
    <tag k="crossing:signals" v="no"/>
    <tag k="highway" v="crossing"/>
    <tag k="tactile_paving" v="yes"/>
  </node>
  <node id="9503049061" lat="41.8752495" lon="-87.6410105">
    <tag k="crossing" v="uncontrolled"/>
    <tag k="crossing:island" v="no"/>
    <tag k="crossing:markings" v="zebra"/>
    <tag k="crossing:signals" v="no"/>
    <tag k="highway" v="crossing"/>
  </node>
  <node id="9503049062" lat="41.8743105" lon="-87.6409897">
    <tag k="crossing" v="traffic_signals"/>
    <tag k="crossing:markings" v="zebra"/>
    <tag k="crossing:signals" v="yes"/>
    <tag k="highway" v="crossing"/>
  </node>
  <node id="9503049064" lat="41.8743960" lon="-87.6408317">
    <tag k="button_operated" v="no"/>
    <tag k="crossing" v="traffic_signals"/>
    <tag k="crossing:island" v="no"/>
    <tag k="crossing:markings" v="zebra"/>
    <tag k="crossing:signals" v="yes"/>
    <tag k="highway" v="crossing"/>
    <tag k="tactile_paving" v="yes"/>
    <tag k="traffic_signals:sound" v="no"/>
    <tag k="traffic_signals:vibration" v="no"/>
  </node>
  <node id="9503049067" lat="41.8743917" lon="-87.6410987">
    <tag k="crossing" v="traffic_signals"/>
    <tag k="crossing:island" v="no"/>
    <tag k="highway" v="crossing"/>
  </node>
  <node id="9503049071" lat="41.8758927" lon="-87.6410250">
    <tag k="crossing" v="uncontrolled"/>
    <tag k="crossing:island" v="no"/>
    <tag k="crossing:markings" v="zebra"/>
    <tag k="crossing:signals" v="no"/>
    <tag k="highway" v="crossing"/>
  </node>
  <node id="9503049073" lat="41.8758718" lon="-87.6424671">
    <tag k="crossing" v="uncontrolled"/>
    <tag k="crossing:island" v="no"/>
    <tag k="crossing:markings" v="zebra"/>
    <tag k="crossing:signals" v="no"/>
    <tag k="highway" v="crossing"/>
  </node>
  <node id="9503049076" lat="41.8753039" lon="-87.6411246">
    <tag k="crossing" v="uncontrolled"/>
    <tag k="crossing:island" v="no"/>
    <tag k="crossing:markings" v="zebra"/>
    <tag k="crossing:signals" v="no"/>
    <tag k="highway" v="crossing"/>
  </node>
  <node id="9503049077" lat="41.8758370" lon="-87.6411360">
    <tag k="crossing" v="uncontrolled"/>
    <tag k="crossing:island" v="no"/>
    <tag k="crossing:markings" v="zebra"/>
    <tag k="crossing:signals" v="no"/>
    <tag k="highway" v="crossing"/>
  </node>
  <node id="9503049084" lat="41.8758401" lon="-87.6408744">
    <tag k="crossing" v="uncontrolled"/>
    <tag k="crossing:island" v="no"/>
    <tag k="crossing:markings" v="zebra"/>
    <tag k="crossing:signals" v="no"/>
    <tag k="highway" v="crossing"/>
  </node>
  <node id="9503049088" lat="41.8753050" lon="-87.6408610">
    <tag k="crossing" v="uncontrolled"/>
    <tag k="crossing:island" v="no"/>
    <tag k="crossing:markings" v="zebra"/>
    <tag k="crossing:signals" v="no"/>
    <tag k="highway" v="crossing"/>
  </node>
  <node id="9504135733" lat="41.8854362" lon="-87.6427839"/>
  <node id="9504256373" lat="41.8835092" lon="-87.6412782"/>
  <node id="9504943161" lat="41.8782718" lon="-87.6425368"/>
  <node id="9504952129" lat="41.8777835" lon="-87.6574129"/>
  <node id="9504952130" lat="41.8778222" lon="-87.6549592"/>
  <node id="9507031865" lat="41.8845415" lon="-87.6368454"/>
  <node id="9512895691" lat="41.8746818" lon="-87.6445786"/>
  <node id="9523593359" lat="41.8831986" lon="-87.6389731"/>
  <node id="9523593361" lat="41.8832003" lon="-87.6392118"/>
  <node id="9523800941" lat="41.8851749" lon="-87.6398406"/>
  <node id="9524023606" lat="41.8805605" lon="-87.6415174"/>
  <node id="9524048696" lat="41.8810765" lon="-87.6396991"/>
  <node id="9524151445" lat="41.8806053" lon="-87.6388292"/>
  <node id="9531179842" lat="41.8699247" lon="-87.6532302"/>
  <node id="9531179849" lat="41.8699026" lon="-87.6552767"/>
  <node id="9531183373" lat="41.8719700" lon="-87.6580664"/>
  <node id="9531183374" lat="41.8719872" lon="-87.6568223"/>
  <node id="9534526608" lat="41.8751882" lon="-87.6478763">
    <tag k="highway" v="motorway_junction"/>
    <tag k="ref" v="29B"/>
  </node>
  <node id="9550357527" lat="41.8699062" lon="-87.6510677"/>
  <node id="9550357528" lat="41.8700144" lon="-87.6510741"/>
  <node id="9550357529" lat="41.8705598" lon="-87.6510914"/>
  <node id="9550357530" lat="41.8711509" lon="-87.6511104"/>
  <node id="9550357531" lat="41.8718736" lon="-87.6511361"/>
  <node id="9550357532" lat="41.8726410" lon="-87.6511693"/>
  <node id="9550357533" lat="41.8726970" lon="-87.6512478"/>
  <node id="9550357534" lat="41.8728380" lon="-87.6512989">
    <tag k="highway" v="turning_circle"/>
  </node>
  <node id="9550357540" lat="41.8706994" lon="-87.6533362">
    <tag k="crossing" v="uncontrolled"/>
    <tag k="highway" v="crossing"/>
  </node>
  <node id="9568249596" lat="41.8772035" lon="-87.6410692"/>
  <node id="9622676235" lat="41.8855416" lon="-87.6588547"/>
  <node id="9622676251" lat="41.8829273" lon="-87.6613444"/>
  <node id="9622676322" lat="41.8854983" lon="-87.6576716"/>
  <node id="9641831611" lat="41.8790688" lon="-87.6561073"/>
  <node id="9643227717" lat="41.8806427" lon="-87.6358069"/>
  <node id="9643227718" lat="41.8806626" lon="-87.6342805"/>
  <node id="9657812478" lat="41.8757353" lon="-87.6569018"/>
  <node id="9658031099" lat="41.8758918" lon="-87.6512644"/>
  <node id="9672574423" lat="41.8791907" lon="-87.6490545"/>
  <node id="9672574424" lat="41.8857322" lon="-87.6370860">
    <tag k="button_operated" v="no"/>
    <tag k="crossing" v="traffic_signals"/>
    <tag k="crossing:island" v="no"/>
    <tag k="highway" v="crossing"/>
    <tag k="tactile_paving" v="yes"/>
    <tag k="traffic_signals:sound" v="no"/>
    <tag k="traffic_signals:vibration" v="no"/>
  </node>
  <node id="9673870665" lat="41.8753458" lon="-87.6569744"/>
  <node id="9673870666" lat="41.8753747" lon="-87.6557387"/>
  <node id="9685751974" lat="41.8829685" lon="-87.6586890">
    <tag k="crossing" v="uncontrolled"/>
    <tag k="highway" v="crossing"/>
  </node>
  <node id="9685751979" lat="41.8829816" lon="-87.6577357">
    <tag k="crossing" v="uncontrolled"/>
    <tag k="highway" v="crossing"/>
  </node>
  <node id="9685751984" lat="41.8829856" lon="-87.6575626">
    <tag k="crossing" v="uncontrolled"/>
    <tag k="highway" v="crossing"/>
  </node>
  <node id="9685751999" lat="41.8830737" lon="-87.6576504">
    <tag k="crossing" v="uncontrolled"/>
    <tag k="highway" v="crossing"/>
  </node>
  <node id="9685752007" lat="41.8840379" lon="-87.6576731">
    <tag k="crossing" v="uncontrolled"/>
    <tag k="highway" v="crossing"/>
  </node>
  <node id="9685752014" lat="41.8830572" lon="-87.6587903">
    <tag k="crossing" v="uncontrolled"/>
    <tag k="highway" v="crossing"/>
  </node>
  <node id="9685786419" lat="41.8829628" lon="-87.6589046">
    <tag k="crossing" v="uncontrolled"/>
    <tag k="highway" v="crossing"/>
  </node>
  <node id="9685786423" lat="41.8828607" lon="-87.6587852">
    <tag k="crossing" v="uncontrolled"/>
    <tag k="highway" v="crossing"/>
  </node>
  <node id="9685786433" lat="41.8828510" lon="-87.6596878">
    <tag k="crossing" v="uncontrolled"/>
    <tag k="highway" v="crossing"/>
  </node>
  <node id="9685786439" lat="41.8840261" lon="-87.6588177">
    <tag k="crossing" v="uncontrolled"/>
    <tag k="crossing:island" v="no"/>
    <tag k="crossing:markings" v="zebra"/>
    <tag k="crossing:signals" v="no"/>
    <tag k="highway" v="crossing"/>
  </node>
  <node id="9685786442" lat="41.8841322" lon="-87.6587257">
    <tag k="crossing" v="uncontrolled"/>
    <tag k="crossing:markings" v="zebra"/>
    <tag k="crossing:signals" v="no"/>
    <tag k="highway" v="crossing"/>
  </node>
  <node id="9685786443" lat="41.8842181" lon="-87.6587296">
    <tag k="crossing" v="uncontrolled"/>
    <tag k="crossing:markings" v="zebra"/>
    <tag k="crossing:signals" v="no"/>
    <tag k="highway" v="crossing"/>
  </node>
  <node id="9685786444" lat="41.8843163" lon="-87.6587341">
    <tag k="crossing" v="uncontrolled"/>
    <tag k="crossing:markings" v="zebra"/>
    <tag k="crossing:signals" v="no"/>
    <tag k="highway" v="crossing"/>
  </node>
  <node id="9685786450" lat="41.8841559" lon="-87.6568097">
    <tag k="crossing" v="traffic_signals"/>
    <tag k="highway" v="crossing"/>
    <tag k="tactile_paving" v="yes"/>
  </node>
  <node id="9685786451" lat="41.8842463" lon="-87.6568344">
    <tag k="crossing" v="traffic_signals"/>
    <tag k="highway" v="crossing"/>
    <tag k="tactile_paving" v="yes"/>
  </node>
  <node id="9685786452" lat="41.8843439" lon="-87.6568611">
    <tag k="crossing" v="traffic_signals"/>
    <tag k="highway" v="crossing"/>
    <tag k="tactile_paving" v="yes"/>
  </node>
  <node id="9685786455" lat="41.8840525" lon="-87.6567238">
    <tag k="crossing" v="traffic_signals"/>
    <tag k="highway" v="crossing"/>
  </node>
  <node id="9685786458" lat="41.8841471" lon="-87.6575874">
    <tag k="crossing" v="uncontrolled"/>
    <tag k="highway" v="crossing"/>
  </node>
  <node id="9685786459" lat="41.8842344" lon="-87.6575852">
    <tag k="crossing" v="uncontrolled"/>
    <tag k="highway" v="crossing"/>
  </node>
  <node id="9685786460" lat="41.8843336" lon="-87.6575828">
    <tag k="crossing" v="uncontrolled"/>
    <tag k="highway" v="crossing"/>
  </node>
  <node id="9691547213" lat="41.8860807" lon="-87.6403120"/>
  <node id="9701956534" lat="41.8859448" lon="-87.6544785"/>
  <node id="9708109233" lat="41.8856070" lon="-87.6513485"/>
  <node id="9708109262" lat="41.8880839" lon="-87.6533848"/>
  <node id="9733226942" lat="41.8841601" lon="-87.6566548">
    <tag k="crossing" v="traffic_signals"/>
    <tag k="highway" v="crossing"/>
    <tag k="tactile_paving" v="yes"/>
  </node>
  <node id="9733226943" lat="41.8842500" lon="-87.6566586">
    <tag k="crossing" v="traffic_signals"/>
    <tag k="highway" v="crossing"/>
    <tag k="tactile_paving" v="yes"/>
  </node>
  <node id="9733226944" lat="41.8843474" lon="-87.6566630">
    <tag k="crossing" v="traffic_signals"/>
    <tag k="highway" v="crossing"/>
    <tag k="tactile_paving" v="yes"/>
  </node>
  <node id="9733226947" lat="41.8841777" lon="-87.6557103">
    <tag k="crossing" v="uncontrolled"/>
    <tag k="highway" v="crossing"/>
  </node>
  <node id="9733226948" lat="41.8842666" lon="-87.6557124">
    <tag k="crossing" v="uncontrolled"/>
    <tag k="highway" v="crossing"/>
  </node>
  <node id="9733226949" lat="41.8843617" lon="-87.6557147">
    <tag k="crossing" v="uncontrolled"/>
    <tag k="highway" v="crossing"/>
  </node>
  <node id="9733226952" lat="41.8841810" lon="-87.6555022">
    <tag k="crossing" v="uncontrolled"/>
    <tag k="highway" v="crossing"/>
  </node>
  <node id="9733226953" lat="41.8842700" lon="-87.6555047">
    <tag k="crossing" v="uncontrolled"/>
    <tag k="highway" v="crossing"/>
  </node>
  <node id="9733226954" lat="41.8843649" lon="-87.6555073">
    <tag k="crossing" v="uncontrolled"/>
    <tag k="highway" v="crossing"/>
  </node>
  <node id="9733226956" lat="41.8840735" lon="-87.6555933">
    <tag k="crossing" v="uncontrolled"/>
    <tag k="highway" v="crossing"/>
  </node>
  <node id="9733226957" lat="41.8844646" lon="-87.6556051">
    <tag k="crossing" v="uncontrolled"/>
    <tag k="highway" v="crossing"/>
  </node>
  <node id="9733226958" lat="41.8844413" lon="-87.6567670">
    <tag k="crossing" v="traffic_signals"/>
    <tag k="highway" v="crossing"/>
    <tag k="tactile_paving" v="yes"/>
  </node>
  <node id="9733226998" lat="41.8829149" lon="-87.6624184">
    <tag k="crossing" v="uncontrolled"/>
    <tag k="crossing:island" v="no"/>
    <tag k="crossing:markings" v="zebra"/>
    <tag k="crossing:signals" v="no"/>
    <tag k="highway" v="crossing"/>
  </node>
  <node id="9733227014" lat="41.8829375" lon="-87.6607083">
    <tag k="crossing" v="uncontrolled"/>
    <tag k="crossing:island" v="no"/>
    <tag k="crossing:markings" v="zebra"/>
    <tag k="crossing:signals" v="no"/>
    <tag k="highway" v="crossing"/>
  </node>
  <node id="9733272218" lat="41.8829422" lon="-87.6604954">
    <tag k="crossing" v="uncontrolled"/>
    <tag k="crossing:island" v="no"/>
    <tag k="crossing:markings" v="zebra"/>
    <tag k="crossing:signals" v="no"/>
    <tag k="highway" v="crossing"/>
  </node>
  <node id="9733272219" lat="41.8828886" lon="-87.6644558">
    <tag k="crossing" v="traffic_signals"/>
    <tag k="crossing:island" v="no"/>
    <tag k="crossing:markings" v="zebra"/>
    <tag k="crossing:signals" v="yes"/>
    <tag k="highway" v="crossing"/>
  </node>
  <node id="9733272220" lat="41.8844139" lon="-87.6588277">
    <tag k="crossing" v="uncontrolled"/>
    <tag k="crossing:island" v="no"/>
    <tag k="crossing:markings" v="zebra"/>
    <tag k="crossing:signals" v="no"/>
    <tag k="highway" v="crossing"/>
  </node>
  <node id="9733272221" lat="41.8841292" lon="-87.6589368">
    <tag k="crossing" v="uncontrolled"/>
    <tag k="crossing:markings" v="zebra"/>
    <tag k="crossing:signals" v="no"/>
    <tag k="highway" v="crossing"/>
  </node>
  <node id="9733272222" lat="41.8842150" lon="-87.6589386">
    <tag k="crossing" v="uncontrolled"/>
    <tag k="crossing:markings" v="zebra"/>
    <tag k="crossing:signals" v="no"/>
    <tag k="highway" v="crossing"/>
  </node>
  <node id="9733272223" lat="41.8843132" lon="-87.6589406">
    <tag k="crossing" v="uncontrolled"/>
    <tag k="crossing:markings" v="zebra"/>
    <tag k="crossing:signals" v="no"/>
    <tag k="highway" v="crossing"/>
  </node>
  <node id="9733272224" lat="41.8856304" lon="-87.6398551">
    <tag k="crossing" v="traffic_signals"/>
    <tag k="highway" v="crossing"/>
  </node>
  <node id="9733272229" lat="41.8858843" lon="-87.6400469">
    <tag k="crossing" v="traffic_signals"/>
    <tag k="highway" v="crossing"/>
  </node>
  <node id="9733272259" lat="41.8841935" lon="-87.6605854">
    <tag k="crossing" v="uncontrolled"/>
    <tag k="crossing:island" v="yes"/>
    <tag k="crossing:markings" v="zebra"/>
    <tag k="crossing:signals" v="no"/>
    <tag k="highway" v="crossing"/>
  </node>
  <node id="9733272260" lat="41.8842876" lon="-87.6606125">
    <tag k="crossing" v="uncontrolled"/>
    <tag k="crossing:island" v="yes"/>
    <tag k="crossing:markings" v="zebra"/>
    <tag k="crossing:signals" v="no"/>
    <tag k="highway" v="crossing"/>
  </node>
  <node id="9733272270" lat="41.8832380" lon="-87.6354894">
    <tag k="button_operated" v="no"/>
    <tag k="crossing" v="traffic_signals"/>
    <tag k="crossing:markings" v="zebra"/>
    <tag k="crossing:signals" v="yes"/>
    <tag k="highway" v="crossing"/>
    <tag k="tactile_paving" v="yes"/>
    <tag k="traffic_signals:sound" v="no"/>
    <tag k="traffic_signals:vibration" v="no"/>
  </node>
  <node id="9733272271" lat="41.8843765" lon="-87.6353992">
    <tag k="crossing" v="traffic_signals"/>
    <tag k="crossing:island" v="no"/>
    <tag k="crossing:markings" v="zebra"/>
    <tag k="crossing:signals" v="yes"/>
    <tag k="highway" v="crossing"/>
  </node>
  <node id="9733272325" lat="41.8833104" lon="-87.6353780">
    <tag k="button_operated" v="no"/>
    <tag k="crossing" v="traffic_signals"/>
    <tag k="crossing:island" v="no"/>
    <tag k="crossing:markings" v="zebra"/>
    <tag k="crossing:signals" v="yes"/>
    <tag k="highway" v="crossing"/>
    <tag k="tactile_paving" v="yes"/>
    <tag k="traffic_signals:sound" v="no"/>
    <tag k="traffic_signals:vibration" v="no"/>
  </node>
  <node id="9733272327" lat="41.8832399" lon="-87.6352145">
    <tag k="crossing" v="traffic_signals"/>
    <tag k="crossing:island" v="yes"/>
    <tag k="crossing:markings" v="zebra"/>
    <tag k="crossing:signals" v="yes"/>
    <tag k="highway" v="crossing"/>
  </node>
  <node id="9733272328" lat="41.8831194" lon="-87.6353735">
    <tag k="button_operated" v="no"/>
    <tag k="crossing" v="traffic_signals"/>
    <tag k="crossing:island" v="yes"/>
    <tag k="crossing:markings" v="zebra"/>
    <tag k="crossing:signals" v="yes"/>
    <tag k="highway" v="crossing"/>
    <tag k="tactile_paving" v="yes"/>
    <tag k="traffic_signals:sound" v="no"/>
    <tag k="traffic_signals:vibration" v="no"/>
  </node>
  <node id="9733272334" lat="41.8845690" lon="-87.6354027">
    <tag k="crossing" v="traffic_signals"/>
    <tag k="crossing:island" v="no"/>
    <tag k="crossing:markings" v="zebra"/>
    <tag k="crossing:signals" v="yes"/>
    <tag k="highway" v="crossing"/>
  </node>
  <node id="9733272337" lat="41.8844633" lon="-87.6355175">
    <tag k="crossing" v="traffic_signals"/>
    <tag k="crossing:island" v="no"/>
    <tag k="crossing:markings" v="zebra"/>
    <tag k="crossing:signals" v="yes"/>
    <tag k="highway" v="crossing"/>
  </node>
  <node id="9733272339" lat="41.8844648" lon="-87.6352371">
    <tag k="crossing" v="traffic_signals"/>
    <tag k="crossing:island" v="no"/>
    <tag k="crossing:markings" v="zebra"/>
    <tag k="crossing:signals" v="yes"/>
    <tag k="highway" v="crossing"/>
  </node>
  <node id="9733272341" lat="41.8856322" lon="-87.6367808">
    <tag k="button_operated" v="no"/>
    <tag k="crossing" v="traffic_signals"/>
    <tag k="highway" v="crossing"/>
    <tag k="tactile_paving" v="yes"/>
    <tag k="traffic_signals:sound" v="no"/>
    <tag k="traffic_signals:vibration" v="no"/>
  </node>
  <node id="9733272342" lat="41.8856358" lon="-87.6369942">
    <tag k="button_operated" v="no"/>
    <tag k="crossing" v="traffic_signals"/>
    <tag k="highway" v="crossing"/>
    <tag k="tactile_paving" v="yes"/>
    <tag k="traffic_signals:sound" v="no"/>
    <tag k="traffic_signals:vibration" v="no"/>
  </node>
  <node id="9733272344" lat="41.8857327" lon="-87.6366837">
    <tag k="button_operated" v="no"/>
    <tag k="crossing" v="traffic_signals"/>
    <tag k="highway" v="crossing"/>
    <tag k="tactile_paving" v="yes"/>
    <tag k="traffic_signals:sound" v="no"/>
    <tag k="traffic_signals:vibration" v="no"/>
  </node>
  <node id="9738378802" lat="41.8792503" lon="-87.6452514"/>
  <node id="9738378806" lat="41.8792407" lon="-87.6462961"/>
  <node id="9738378809" lat="41.8779588" lon="-87.6462534"/>
  <node id="9742539397" lat="41.8743647" lon="-87.6597544">
    <tag k="direction" v="forward"/>
    <tag k="highway" v="stop"/>
  </node>
  <node id="9747430792" lat="41.8842884" lon="-87.6605773">
    <tag k="direction" v="forward"/>
    <tag k="highway" v="stop"/>
    <tag k="stop" v="all"/>
  </node>
  <node id="9747430793" lat="41.8841955" lon="-87.6605356">
    <tag k="direction" v="forward"/>
    <tag k="highway" v="stop"/>
    <tag k="stop" v="all"/>
  </node>
  <node id="9747430794" lat="41.8840036" lon="-87.6588148">
    <tag k="direction" v="backward"/>
    <tag k="highway" v="stop"/>
    <tag k="stop" v="all"/>
  </node>
  <node id="9747430795" lat="41.8844999" lon="-87.6588287">
    <tag k="direction" v="forward"/>
    <tag k="highway" v="stop"/>
    <tag k="stop" v="all"/>
  </node>
  <node id="9747430796" lat="41.8841317" lon="-87.6589686">
    <tag k="direction" v="forward"/>
    <tag k="highway" v="stop"/>
    <tag k="stop" v="all"/>
  </node>
  <node id="9747430797" lat="41.8843167" lon="-87.6587064">
    <tag k="direction" v="forward"/>
    <tag k="highway" v="stop"/>
    <tag k="stop" v="all"/>
  </node>
  <node id="9747430798" lat="41.8842186" lon="-87.6586950">
    <tag k="direction" v="forward"/>
    <tag k="highway" v="stop"/>
    <tag k="stop" v="all"/>
  </node>
  <node id="9747430799" lat="41.8840150" lon="-87.6576726">
    <tag k="direction" v="forward"/>
    <tag k="highway" v="stop"/>
    <tag k="stop" v="all"/>
  </node>
  <node id="9747430800" lat="41.8841430" lon="-87.6577978">
    <tag k="direction" v="forward"/>
    <tag k="highway" v="stop"/>
    <tag k="stop" v="all"/>
  </node>
  <node id="9747430801" lat="41.8843340" lon="-87.6575531">
    <tag k="direction" v="forward"/>
    <tag k="highway" v="stop"/>
    <tag k="stop" v="all"/>
  </node>
  <node id="9747430802" lat="41.8842349" lon="-87.6575590">
    <tag k="direction" v="forward"/>
    <tag k="highway" v="stop"/>
    <tag k="stop" v="all"/>
  </node>
  <node id="9747430808" lat="41.8844877" lon="-87.6556057">
    <tag k="direction" v="backward"/>
    <tag k="highway" v="stop"/>
    <tag k="stop" v="all"/>
  </node>
  <node id="9747430809" lat="41.8840514" lon="-87.6555926">
    <tag k="direction" v="forward"/>
    <tag k="highway" v="stop"/>
    <tag k="stop" v="all"/>
  </node>
  <node id="9747430810" lat="41.8843653" lon="-87.6554717">
    <tag k="direction" v="forward"/>
    <tag k="highway" v="stop"/>
    <tag k="stop" v="all"/>
  </node>
  <node id="9747430811" lat="41.8842706" lon="-87.6554715">
    <tag k="direction" v="forward"/>
    <tag k="highway" v="stop"/>
    <tag k="stop" v="all"/>
  </node>
  <node id="9747430812" lat="41.8841792" lon="-87.6557426">
    <tag k="direction" v="forward"/>
    <tag k="highway" v="stop"/>
    <tag k="stop" v="all"/>
  </node>
  <node id="9747430813" lat="41.8840719" lon="-87.6544254">
    <tag k="direction" v="forward"/>
    <tag k="highway" v="stop"/>
    <tag k="stop" v="all"/>
  </node>
  <node id="9747430814" lat="41.8845163" lon="-87.6544378">
    <tag k="direction" v="backward"/>
    <tag k="highway" v="stop"/>
    <tag k="stop" v="all"/>
  </node>
  <node id="9747430815" lat="41.8841963" lon="-87.6545726">
    <tag k="direction" v="forward"/>
    <tag k="highway" v="stop"/>
    <tag k="stop" v="all"/>
  </node>
  <node id="9747430816" lat="41.8842902" lon="-87.6542994">
    <tag k="direction" v="forward"/>
    <tag k="highway" v="stop"/>
    <tag k="stop" v="all"/>
  </node>
  <node id="9747444317" lat="41.8843831" lon="-87.6542996">
    <tag k="direction" v="forward"/>
    <tag k="highway" v="stop"/>
    <tag k="stop" v="all"/>
  </node>
  <node id="9747444318" lat="41.8842155" lon="-87.6534103">
    <tag k="direction" v="forward"/>
    <tag k="highway" v="stop"/>
    <tag k="stop" v="all"/>
  </node>
  <node id="9747444319" lat="41.8843134" lon="-87.6531300">
    <tag k="direction" v="forward"/>
    <tag k="highway" v="stop"/>
    <tag k="stop" v="all"/>
  </node>
  <node id="9747444320" lat="41.8844013" lon="-87.6531274">
    <tag k="direction" v="forward"/>
    <tag k="highway" v="stop"/>
    <tag k="stop" v="all"/>
  </node>
  <node id="9747444321" lat="41.8840933" lon="-87.6532540">
    <tag k="direction" v="forward"/>
    <tag k="highway" v="stop"/>
    <tag k="stop" v="all"/>
  </node>
  <node id="9747444322" lat="41.8845333" lon="-87.6532672">
    <tag k="direction" v="backward"/>
    <tag k="highway" v="stop"/>
    <tag k="stop" v="all"/>
  </node>
  <node id="9747444328" lat="41.8841353" lon="-87.6509255">
    <tag k="direction" v="forward"/>
    <tag k="highway" v="stop"/>
    <tag k="stop" v="all"/>
  </node>
  <node id="9747444329" lat="41.8845737" lon="-87.6509356">
    <tag k="direction" v="backward"/>
    <tag k="highway" v="stop"/>
    <tag k="stop" v="all"/>
  </node>
  <node id="9747444330" lat="41.8842645" lon="-87.6510790">
    <tag k="direction" v="forward"/>
    <tag k="highway" v="stop"/>
    <tag k="stop" v="all"/>
  </node>
  <node id="9747444331" lat="41.8843577" lon="-87.6507991">
    <tag k="direction" v="forward"/>
    <tag k="highway" v="stop"/>
    <tag k="stop" v="all"/>
  </node>
  <node id="9747444332" lat="41.8844455" lon="-87.6508079">
    <tag k="direction" v="forward"/>
    <tag k="highway" v="stop"/>
    <tag k="stop" v="all"/>
  </node>
  <node id="9747444333" lat="41.8841603" lon="-87.6497721">
    <tag k="direction" v="forward"/>
    <tag k="highway" v="stop"/>
    <tag k="stop" v="all"/>
  </node>
  <node id="9747444334" lat="41.8845820" lon="-87.6497857">
    <tag k="direction" v="backward"/>
    <tag k="highway" v="stop"/>
    <tag k="stop" v="all"/>
  </node>
  <node id="9747444335" lat="41.8844678" lon="-87.6496393">
    <tag k="direction" v="forward"/>
    <tag k="highway" v="stop"/>
    <tag k="stop" v="all"/>
  </node>
  <node id="9747444336" lat="41.8843751" lon="-87.6496425">
    <tag k="direction" v="forward"/>
    <tag k="highway" v="stop"/>
  </node>
  <node id="9747444337" lat="41.8842814" lon="-87.6499591">
    <tag k="direction" v="forward"/>
    <tag k="highway" v="stop"/>
    <tag k="stop" v="all"/>
  </node>
  <node id="9747444339" lat="41.8846091" lon="-87.6486156">
    <tag k="direction" v="forward"/>
    <tag k="highway" v="stop"/>
    <tag k="stop" v="all"/>
  </node>
  <node id="9747444340" lat="41.8843026" lon="-87.6487549">
    <tag k="direction" v="forward"/>
    <tag k="highway" v="stop"/>
    <tag k="stop" v="all"/>
  </node>
  <node id="9747444341" lat="41.8843969" lon="-87.6484768">
    <tag k="direction" v="forward"/>
    <tag k="highway" v="stop"/>
    <tag k="stop" v="all"/>
  </node>
  <node id="9747444342" lat="41.8844812" lon="-87.6484794">
    <tag k="direction" v="forward"/>
    <tag k="highway" v="stop"/>
    <tag k="stop" v="all"/>
  </node>
  <node id="9747444350" lat="41.8828248" lon="-87.6596874">
    <tag k="direction" v="forward"/>
    <tag k="highway" v="stop"/>
  </node>
  <node id="9747444351" lat="41.8830979" lon="-87.6576510">
    <tag k="direction" v="backward"/>
    <tag k="highway" v="stop"/>
  </node>
  <node id="9747444364" lat="41.8816595" lon="-87.6548495">
    <tag k="direction" v="forward"/>
    <tag k="highway" v="stop"/>
  </node>
  <node id="9747444375" lat="41.8792113" lon="-87.6546182">
    <tag k="direction" v="backward"/>
    <tag k="highway" v="stop"/>
  </node>
  <node id="9747444376" lat="41.8790142" lon="-87.6593582">
    <tag k="highway" v="stop"/>
  </node>
  <node id="9747444380" lat="41.8778633" lon="-87.6594505">
    <tag k="direction" v="forward"/>
    <tag k="highway" v="stop"/>
  </node>
  <node id="9747444381" lat="41.8792696" lon="-87.6507878">
    <tag k="direction" v="backward"/>
    <tag k="highway" v="stop"/>
  </node>
  <node id="9747444382" lat="41.8791619" lon="-87.6506478">
    <tag k="direction" v="forward"/>
    <tag k="highway" v="stop"/>
  </node>
  <node id="9768129690" lat="41.8855152" lon="-87.6509731">
    <tag k="crossing" v="uncontrolled"/>
    <tag k="highway" v="crossing"/>
  </node>
  <node id="9768129691" lat="41.8854950" lon="-87.6521626">
    <tag k="button_operated" v="no"/>
    <tag k="crossing" v="traffic_signals"/>
    <tag k="crossing:island" v="no"/>
    <tag k="highway" v="crossing"/>
    <tag k="tactile_paving" v="yes"/>
    <tag k="traffic_signals:sound" v="no"/>
    <tag k="traffic_signals:vibration" v="no"/>
  </node>
  <node id="9768129692" lat="41.8854794" lon="-87.6532985">
    <tag k="crossing" v="uncontrolled"/>
    <tag k="crossing:island" v="no"/>
    <tag k="highway" v="crossing"/>
    <tag k="tactile_paving" v="yes"/>
  </node>
  <node id="9768129693" lat="41.8854545" lon="-87.6544646">
    <tag k="crossing" v="uncontrolled"/>
    <tag k="crossing:island" v="no"/>
    <tag k="highway" v="crossing"/>
  </node>
  <node id="9768129694" lat="41.8854357" lon="-87.6556342">
    <tag k="crossing" v="uncontrolled"/>
    <tag k="crossing:island" v="no"/>
    <tag k="highway" v="crossing"/>
    <tag k="tactile_paving" v="yes"/>
  </node>
  <node id="9768129695" lat="41.8854158" lon="-87.6568003">
    <tag k="crossing" v="uncontrolled"/>
    <tag k="crossing:island" v="no"/>
    <tag k="highway" v="crossing"/>
    <tag k="tactile_paving" v="yes"/>
  </node>
  <node id="9768129697" lat="41.8853860" lon="-87.6588508">
    <tag k="crossing" v="uncontrolled"/>
    <tag k="crossing:island" v="no"/>
    <tag k="crossing:markings" v="ladder"/>
    <tag k="crossing:signals" v="no"/>
    <tag k="highway" v="crossing"/>
  </node>
  <node id="9768129704" lat="41.8856053" lon="-87.6453748">
    <tag k="crossing" v="uncontrolled"/>
    <tag k="highway" v="crossing"/>
  </node>
  <node id="9768129707" lat="41.8856245" lon="-87.6442382">
    <tag k="crossing" v="traffic_signals"/>
    <tag k="highway" v="crossing"/>
  </node>
  <node id="9768129708" lat="41.8856296" lon="-87.6427885">
    <tag k="crossing" v="traffic_signals"/>
    <tag k="highway" v="crossing"/>
  </node>
  <node id="9768129713" lat="41.8858073" lon="-87.6427897">
    <tag k="crossing" v="traffic_signals"/>
    <tag k="highway" v="crossing"/>
  </node>
  <node id="9768129715" lat="41.8857932" lon="-87.6442450">
    <tag k="crossing" v="traffic_signals"/>
    <tag k="crossing:island" v="no"/>
    <tag k="highway" v="crossing"/>
  </node>
  <node id="9768224617" lat="41.8857676" lon="-87.6474859">
    <tag k="button_operated" v="no"/>
    <tag k="crossing" v="traffic_signals"/>
    <tag k="crossing:island" v="no"/>
    <tag k="highway" v="crossing"/>
    <tag k="tactile_paving" v="yes"/>
    <tag k="traffic_signals:sound" v="no"/>
    <tag k="traffic_signals:vibration" v="no"/>
  </node>
  <node id="9768224620" lat="41.8856710" lon="-87.6475941">
    <tag k="button_operated" v="no"/>
    <tag k="crossing" v="traffic_signals"/>
    <tag k="crossing:island" v="no"/>
    <tag k="highway" v="crossing"/>
    <tag k="tactile_paving" v="yes"/>
    <tag k="traffic_signals:sound" v="no"/>
    <tag k="traffic_signals:vibration" v="no"/>
  </node>
  <node id="9768224622" lat="41.8856742" lon="-87.6473606">
    <tag k="crossing" v="traffic_signals"/>
    <tag k="crossing:island" v="no"/>
    <tag k="highway" v="crossing"/>
    <tag k="tactile_paving" v="yes"/>
  </node>
  <node id="9768224624" lat="41.8857087" lon="-87.6443730">
    <tag k="crossing" v="traffic_signals"/>
    <tag k="crossing:island" v="no"/>
    <tag k="highway" v="crossing"/>
    <tag k="tactile_paving" v="incorrect"/>
  </node>
  <node id="9768224628" lat="41.8857159" lon="-87.6429117">
    <tag k="crossing" v="traffic_signals"/>
    <tag k="crossing:island" v="no"/>
    <tag k="highway" v="crossing"/>
  </node>
  <node id="9768224630" lat="41.8857110" lon="-87.6441224">
    <tag k="crossing" v="traffic_signals"/>
    <tag k="crossing:island" v="no"/>
    <tag k="highway" v="crossing"/>
    <tag k="tactile_paving" v="yes"/>
  </node>
  <node id="9768224642" lat="41.8856574" lon="-87.6485380">
    <tag k="crossing" v="uncontrolled"/>
    <tag k="crossing:island" v="no"/>
    <tag k="crossing:markings" v="yes"/>
    <tag k="highway" v="crossing"/>
    <tag k="tactile_paving" v="incorrect"/>
  </node>
  <node id="9768224643" lat="41.8856537" lon="-87.6487498">
    <tag k="crossing" v="uncontrolled"/>
    <tag k="crossing:island" v="no"/>
    <tag k="crossing:markings" v="yes"/>
    <tag k="highway" v="crossing"/>
  </node>
  <node id="9768224645" lat="41.8856368" lon="-87.6497104">
    <tag k="crossing" v="uncontrolled"/>
    <tag k="crossing:island" v="no"/>
    <tag k="highway" v="crossing"/>
    <tag k="tactile_paving" v="yes"/>
  </node>
  <node id="9768224647" lat="41.8856326" lon="-87.6499249">
    <tag k="crossing" v="uncontrolled"/>
    <tag k="crossing:island" v="no"/>
    <tag k="highway" v="crossing"/>
  </node>
  <node id="9768224665" lat="41.8857127" lon="-87.6509808">
    <tag k="crossing" v="uncontrolled"/>
    <tag k="highway" v="crossing"/>
  </node>
  <node id="9768224667" lat="41.8856902" lon="-87.6521675">
    <tag k="button_operated" v="no"/>
    <tag k="crossing" v="traffic_signals"/>
    <tag k="crossing:island" v="no"/>
    <tag k="highway" v="crossing"/>
    <tag k="tactile_paving" v="yes"/>
    <tag k="traffic_signals:sound" v="no"/>
    <tag k="traffic_signals:vibration" v="no"/>
  </node>
  <node id="9768224668" lat="41.8856699" lon="-87.6533048">
    <tag k="crossing" v="uncontrolled"/>
    <tag k="crossing:island" v="no"/>
    <tag k="highway" v="crossing"/>
    <tag k="tactile_paving" v="yes"/>
  </node>
  <node id="9768224669" lat="41.8856444" lon="-87.6544701">
    <tag k="crossing" v="uncontrolled"/>
    <tag k="crossing:island" v="no"/>
    <tag k="highway" v="crossing"/>
  </node>
  <node id="9768224673" lat="41.8855635" lon="-87.6588552">
    <tag k="crossing" v="uncontrolled"/>
    <tag k="crossing:island" v="no"/>
    <tag k="crossing:markings" v="ladder"/>
    <tag k="crossing:signals" v="no"/>
    <tag k="highway" v="crossing"/>
  </node>
  <node id="9768224724" lat="41.8854249" lon="-87.6624474">
    <tag k="crossing" v="traffic_signals"/>
    <tag k="crossing:island" v="no"/>
    <tag k="crossing:markings" v="zebra"/>
    <tag k="crossing:signals" v="yes"/>
    <tag k="highway" v="crossing"/>
  </node>
  <node id="9768224728" lat="41.8854524" lon="-87.6608763">
    <tag k="crossing" v="uncontrolled"/>
    <tag k="crossing:island" v="no"/>
    <tag k="crossing:markings" v="zebra"/>
    <tag k="crossing:signals" v="no"/>
    <tag k="highway" v="crossing"/>
  </node>
  <node id="9768224732" lat="41.8854556" lon="-87.6606602">
    <tag k="crossing" v="uncontrolled"/>
    <tag k="crossing:island" v="no"/>
    <tag k="crossing:markings" v="zebra"/>
    <tag k="crossing:signals" v="no"/>
    <tag k="highway" v="crossing"/>
  </node>
  <node id="9768224736" lat="41.8854794" lon="-87.6589716">
    <tag k="crossing" v="uncontrolled"/>
    <tag k="crossing:island" v="no"/>
    <tag k="crossing:markings" v="zebra"/>
    <tag k="crossing:signals" v="no"/>
    <tag k="highway" v="crossing"/>
  </node>
  <node id="9768224741" lat="41.8854824" lon="-87.6587611">
    <tag k="crossing" v="uncontrolled"/>
    <tag k="crossing:island" v="no"/>
    <tag k="crossing:markings" v="zebra"/>
    <tag k="crossing:signals" v="no"/>
    <tag k="highway" v="crossing"/>
  </node>
  <node id="9768224745" lat="41.8855084" lon="-87.6569041">
    <tag k="crossing" v="uncontrolled"/>
    <tag k="crossing:island" v="no"/>
    <tag k="highway" v="crossing"/>
    <tag k="tactile_paving" v="yes"/>
  </node>
  <node id="9768224749" lat="41.8855106" lon="-87.6566945">
    <tag k="crossing" v="uncontrolled"/>
    <tag k="crossing:island" v="no"/>
    <tag k="highway" v="crossing"/>
    <tag k="tactile_paving" v="yes"/>
  </node>
  <node id="9768224754" lat="41.8855263" lon="-87.6557500">
    <tag k="crossing" v="uncontrolled"/>
    <tag k="crossing:island" v="no"/>
    <tag k="highway" v="crossing"/>
    <tag k="tactile_paving" v="yes"/>
  </node>
  <node id="9768224759" lat="41.8855294" lon="-87.6555405">
    <tag k="crossing" v="uncontrolled"/>
    <tag k="crossing:island" v="no"/>
    <tag k="highway" v="crossing"/>
    <tag k="tactile_paving" v="yes"/>
  </node>
  <node id="9768224770" lat="41.8855480" lon="-87.6545777">
    <tag k="crossing" v="uncontrolled"/>
    <tag k="crossing:island" v="no"/>
    <tag k="highway" v="crossing"/>
  </node>
  <node id="9768224774" lat="41.8855532" lon="-87.6543711">
    <tag k="crossing" v="uncontrolled"/>
    <tag k="crossing:island" v="no"/>
    <tag k="highway" v="crossing"/>
  </node>
  <node id="9768224779" lat="41.8855691" lon="-87.6534141">
    <tag k="crossing" v="uncontrolled"/>
    <tag k="crossing:island" v="no"/>
    <tag k="highway" v="crossing"/>
    <tag k="tactile_paving" v="yes"/>
  </node>
  <node id="9768224781" lat="41.8855735" lon="-87.6532060">
    <tag k="crossing" v="uncontrolled"/>
    <tag k="crossing:island" v="no"/>
    <tag k="highway" v="crossing"/>
    <tag k="tactile_paving" v="yes"/>
  </node>
  <node id="9768224783" lat="41.8855906" lon="-87.6522500">
    <tag k="button_operated" v="no"/>
    <tag k="crossing" v="traffic_signals"/>
    <tag k="crossing:island" v="no"/>
    <tag k="highway" v="crossing"/>
    <tag k="tactile_paving" v="yes"/>
    <tag k="traffic_signals:sound" v="no"/>
    <tag k="traffic_signals:vibration" v="no"/>
  </node>
  <node id="9768224788" lat="41.8856126" lon="-87.6510873">
    <tag k="crossing" v="uncontrolled"/>
    <tag k="highway" v="crossing"/>
  </node>
  <node id="9768224791" lat="41.8856163" lon="-87.6508688">
    <tag k="crossing" v="uncontrolled"/>
    <tag k="highway" v="crossing"/>
  </node>
  <node id="9768224946" lat="41.8856086" lon="-87.6461377">
    <tag k="crossing" v="unmarked"/>
    <tag k="crossing:markings" v="no"/>
    <tag k="highway" v="crossing"/>
  </node>
  <node id="9768224947" lat="41.8856101" lon="-87.6459726">
    <tag k="crossing" v="unmarked"/>
    <tag k="crossing:markings" v="no"/>
    <tag k="highway" v="crossing"/>
  </node>
  <node id="9775419899" lat="41.8834323" lon="-87.6453357"/>
  <node id="9775419900" lat="41.8832047" lon="-87.6456150"/>
  <node id="9775419902" lat="41.8858164" lon="-87.6458747"/>
  <node id="9775419904" lat="41.8821983" lon="-87.6453935">
    <tag k="highway" v="motorway_junction"/>
  </node>
  <node id="9775419906" lat="41.8768439" lon="-87.6449483"/>
  <node id="9811795406" lat="41.8826710" lon="-87.6453863"/>
  <node id="9811796417" lat="41.8826962" lon="-87.6454615"/>
  <node id="9862366046" lat="41.8743073" lon="-87.6575591"/>
  <node id="9862366051" lat="41.8742783" lon="-87.6593249"/>
  <node id="9862366052" lat="41.8744163" lon="-87.6513384"/>
  <node id="9862366054" lat="41.8743802" lon="-87.6482059"/>
  <node id="9862366055" lat="41.8743390" lon="-87.6477513"/>
  <node id="9862366056" lat="41.8744467" lon="-87.6497318"/>
  <node id="9862366059" lat="41.8743804" lon="-87.6493661"/>
  <node id="9878323673" lat="41.8792811" lon="-87.6430789"/>
  <node id="9878323683" lat="41.8768293" lon="-87.6353227">
    <tag k="button_operated" v="no"/>
    <tag k="crossing" v="traffic_signals"/>
    <tag k="crossing:island" v="no"/>
    <tag k="crossing:markings" v="zebra"/>
    <tag k="crossing:signals" v="yes"/>
    <tag k="highway" v="crossing"/>
    <tag k="tactile_paving" v="yes"/>
    <tag k="traffic_signals:sound" v="no"/>
    <tag k="traffic_signals:vibration" v="no"/>
  </node>
  <node id="9878323689" lat="41.8777260" lon="-87.6352312"/>
  <node id="9878323693" lat="41.8781060" lon="-87.6353583">
    <tag k="button_operated" v="no"/>
    <tag k="crossing" v="traffic_signals"/>
    <tag k="crossing:island" v="no"/>
    <tag k="crossing:markings" v="zebra"/>
    <tag k="crossing:signals" v="yes"/>
    <tag k="highway" v="crossing"/>
    <tag k="tactile_paving" v="yes"/>
    <tag k="traffic_signals:sound" v="no"/>
    <tag k="traffic_signals:vibration" v="no"/>
  </node>
  <node id="9878323695" lat="41.8755305" lon="-87.6471690">
    <tag k="crossing" v="traffic_signals"/>
    <tag k="highway" v="crossing"/>
  </node>
  <node id="9878390061" lat="41.8802926" lon="-87.6596310">
    <tag k="crossing" v="uncontrolled"/>
    <tag k="highway" v="crossing"/>
  </node>
  <node id="9896763090" lat="41.8794626" lon="-87.6484605"/>
  <node id="9896800831" lat="41.8850313" lon="-87.6556220"/>
  <node id="9910509876" lat="41.8718772" lon="-87.6438105">
    <tag k="crossing" v="traffic_signals"/>
    <tag k="highway" v="crossing"/>
  </node>
  <node id="9910509877" lat="41.8720713" lon="-87.6438178">
    <tag k="crossing" v="traffic_signals"/>
    <tag k="highway" v="crossing"/>
  </node>
  <node id="9913028167" lat="41.8780301" lon="-87.6352396">
    <tag k="button_operated" v="no"/>
    <tag k="crossing" v="traffic_signals"/>
    <tag k="crossing:island" v="no"/>
    <tag k="crossing:markings" v="zebra"/>
    <tag k="crossing:signals" v="yes"/>
    <tag k="highway" v="crossing"/>
    <tag k="tactile_paving" v="yes"/>
    <tag k="traffic_signals:sound" v="no"/>
    <tag k="traffic_signals:vibration" v="no"/>
  </node>
  <node id="9913028184" lat="41.8781850" lon="-87.6352423">
    <tag k="button_operated" v="no"/>
    <tag k="crossing" v="traffic_signals"/>
    <tag k="crossing:island" v="no"/>
    <tag k="crossing:markings" v="zebra"/>
    <tag k="crossing:signals" v="yes"/>
    <tag k="highway" v="crossing"/>
    <tag k="tactile_paving" v="yes"/>
    <tag k="traffic_signals:sound" v="no"/>
    <tag k="traffic_signals:vibration" v="no"/>
  </node>
  <node id="9913028192" lat="41.8792948" lon="-87.6352716">
    <tag k="button_operated" v="no"/>
    <tag k="crossing" v="traffic_signals"/>
    <tag k="crossing:island" v="no"/>
    <tag k="crossing:markings" v="zebra"/>
    <tag k="crossing:signals" v="yes"/>
    <tag k="highway" v="crossing"/>
    <tag k="tactile_paving" v="yes"/>
    <tag k="traffic_signals:sound" v="no"/>
    <tag k="traffic_signals:vibration" v="no"/>
  </node>
  <node id="9913028199" lat="41.8794573" lon="-87.6352759">
    <tag k="button_operated" v="no"/>
    <tag k="crossing" v="traffic_signals"/>
    <tag k="crossing:island" v="no"/>
    <tag k="crossing:markings" v="zebra"/>
    <tag k="crossing:signals" v="yes"/>
    <tag k="highway" v="crossing"/>
    <tag k="tactile_paving" v="incorrect"/>
    <tag k="traffic_signals:sound" v="no"/>
    <tag k="traffic_signals:vibration" v="no"/>
  </node>
  <node id="9913028202" lat="41.8793682" lon="-87.6353910">
    <tag k="button_operated" v="no"/>
    <tag k="crossing" v="traffic_signals"/>
    <tag k="crossing:island" v="no"/>
    <tag k="crossing:markings" v="zebra"/>
    <tag k="crossing:signals" v="yes"/>
    <tag k="highway" v="crossing"/>
    <tag k="tactile_paving" v="yes"/>
    <tag k="traffic_signals:sound" v="no"/>
    <tag k="traffic_signals:vibration" v="no"/>
  </node>
  <node id="9913028204" lat="41.8768369" lon="-87.6350554">
    <tag k="button_operated" v="no"/>
    <tag k="crossing" v="traffic_signals"/>
    <tag k="crossing:island" v="no"/>
    <tag k="crossing:markings" v="zebra"/>
    <tag k="crossing:signals" v="yes"/>
    <tag k="highway" v="crossing"/>
    <tag k="tactile_paving" v="yes"/>
    <tag k="traffic_signals:sound" v="no"/>
    <tag k="traffic_signals:vibration" v="no"/>
  </node>
  <node id="9913028207" lat="41.8781100" lon="-87.6350968">
    <tag k="button_operated" v="no"/>
    <tag k="crossing" v="traffic_signals"/>
    <tag k="crossing:island" v="no"/>
    <tag k="crossing:markings" v="zebra"/>
    <tag k="crossing:signals" v="yes"/>
    <tag k="highway" v="crossing"/>
    <tag k="tactile_paving" v="yes"/>
    <tag k="traffic_signals:sound" v="no"/>
    <tag k="traffic_signals:vibration" v="no"/>
  </node>
  <node id="9913028212" lat="41.8793710" lon="-87.6351287">
    <tag k="button_operated" v="no"/>
    <tag k="crossing" v="traffic_signals"/>
    <tag k="crossing:island" v="no"/>
    <tag k="crossing:markings" v="zebra"/>
    <tag k="crossing:signals" v="yes"/>
    <tag k="highway" v="crossing"/>
    <tag k="tactile_paving" v="incorrect"/>
    <tag k="traffic_signals:sound" v="no"/>
    <tag k="traffic_signals:vibration" v="no"/>
  </node>
  <node id="9913028426" lat="41.8769120" lon="-87.6352060">
    <tag k="button_operated" v="no"/>
    <tag k="crossing" v="traffic_signals"/>
    <tag k="crossing:island" v="no"/>
    <tag k="crossing:markings" v="zebra"/>
    <tag k="crossing:signals" v="yes"/>
    <tag k="highway" v="crossing"/>
    <tag k="tactile_paving" v="yes"/>
    <tag k="traffic_signals:sound" v="no"/>
    <tag k="traffic_signals:vibration" v="no"/>
  </node>
  <node id="9913028487" lat="41.8768523" lon="-87.6338335">
    <tag k="button_operated" v="no"/>
    <tag k="crossing" v="traffic_signals"/>
    <tag k="crossing:island" v="no"/>
    <tag k="crossing:markings" v="zebra"/>
    <tag k="crossing:signals" v="yes"/>
    <tag k="highway" v="crossing"/>
    <tag k="tactile_paving" v="yes"/>
    <tag k="traffic_signals:sound" v="no"/>
    <tag k="traffic_signals:vibration" v="no"/>
  </node>
  <node id="9913028489" lat="41.8781221" lon="-87.6338657">
    <tag k="button_operated" v="no"/>
    <tag k="crossing" v="traffic_signals"/>
    <tag k="highway" v="crossing"/>
    <tag k="tactile_paving" v="no"/>
    <tag k="traffic_signals:sound" v="no"/>
    <tag k="traffic_signals:vibration" v="no"/>
  </node>
  <node id="9913028611" lat="41.8858272" lon="-87.6354232">
    <tag k="crossing" v="traffic_signals"/>
    <tag k="highway" v="crossing"/>
  </node>
  <node id="9913028620" lat="41.8856383" lon="-87.6354193">
    <tag k="crossing" v="traffic_signals"/>
    <tag k="highway" v="crossing"/>
  </node>
  <node id="9913426052" lat="41.8857324" lon="-87.6352882">
    <tag k="crossing" v="traffic_signals"/>
    <tag k="highway" v="crossing"/>
  </node>
  <node id="9913426054" lat="41.8857328" lon="-87.6355503">
    <tag k="crossing" v="traffic_signals"/>
    <tag k="highway" v="crossing"/>
  </node>
  <node id="9923869328" lat="41.8742751" lon="-87.6595570"/>
  <node id="9923869329" lat="41.8742026" lon="-87.6595568"/>
  <node id="9929144211" lat="41.8775458" lon="-87.6439674"/>
  <node id="9995480817" lat="41.8868602" lon="-87.6510090">
    <tag k="crossing" v="uncontrolled"/>
    <tag k="highway" v="crossing"/>
  </node>
  <node id="9995480820" lat="41.8867897" lon="-87.6545026">
    <tag k="crossing" v="uncontrolled"/>
    <tag k="crossing:island" v="no"/>
    <tag k="highway" v="crossing"/>
  </node>
  <node id="9995480825" lat="41.8866939" lon="-87.6486763">
    <tag k="crossing" v="uncontrolled"/>
    <tag k="crossing:island" v="no"/>
    <tag k="highway" v="crossing"/>
  </node>
  <node id="9995480826" lat="41.8866796" lon="-87.6498354">
    <tag k="crossing" v="uncontrolled"/>
    <tag k="crossing:island" v="no"/>
    <tag k="highway" v="crossing"/>
    <tag k="tactile_paving" v="yes"/>
  </node>
  <node id="9995480827" lat="41.8866623" lon="-87.6510027">
    <tag k="crossing" v="uncontrolled"/>
    <tag k="highway" v="crossing"/>
  </node>
  <node id="9995480828" lat="41.8866288" lon="-87.6533366">
    <tag k="crossing" v="uncontrolled"/>
    <tag k="crossing:island" v="no"/>
    <tag k="highway" v="crossing"/>
    <tag k="tactile_paving" v="yes"/>
  </node>
  <node id="9995480829" lat="41.8866399" lon="-87.6544983">
    <tag k="crossing" v="uncontrolled"/>
    <tag k="crossing:island" v="no"/>
    <tag k="highway" v="crossing"/>
  </node>
  <node id="9995480831" lat="41.8865933" lon="-87.6568372">
    <tag k="crossing" v="uncontrolled"/>
    <tag k="highway" v="crossing"/>
  </node>
  <node id="9995480833" lat="41.8865518" lon="-87.6588810">
    <tag k="crossing" v="uncontrolled"/>
    <tag k="highway" v="crossing"/>
  </node>
  <node id="9995480947" lat="41.8889447" lon="-87.6534132">
    <tag k="crossing" v="uncontrolled"/>
    <tag k="crossing:island" v="no"/>
    <tag k="highway" v="crossing"/>
    <tag k="tactile_paving" v="yes"/>
  </node>
  <node id="9995480948" lat="41.8889299" lon="-87.6545636">
    <tag k="crossing" v="uncontrolled"/>
    <tag k="crossing:island" v="no"/>
    <tag k="highway" v="crossing"/>
    <tag k="tactile_paving" v="yes"/>
  </node>
  <node id="9995481027" lat="41.8876732" lon="-87.6533713">
    <tag k="crossing" v="uncontrolled"/>
    <tag k="crossing:island" v="no"/>
    <tag k="highway" v="crossing"/>
    <tag k="tactile_paving" v="yes"/>
  </node>
  <node id="9995481029" lat="41.8876678" lon="-87.6545277">
    <tag k="crossing" v="uncontrolled"/>
    <tag k="highway" v="crossing"/>
  </node>
  <node id="9995481031" lat="41.8876451" lon="-87.6557004">
    <tag k="crossing" v="uncontrolled"/>
    <tag k="crossing:island" v="no"/>
    <tag k="crossing:markings" v="zebra"/>
    <tag k="highway" v="crossing"/>
    <tag k="tactile_paving" v="yes"/>
  </node>
  <node id="9995481093" lat="41.8878150" lon="-87.6533759">
    <tag k="crossing" v="uncontrolled"/>
    <tag k="crossing:island" v="no"/>
    <tag k="highway" v="crossing"/>
    <tag k="tactile_paving" v="yes"/>
  </node>
  <node id="9995481096" lat="41.8878060" lon="-87.6545316">
    <tag k="crossing" v="unmarked"/>
    <tag k="crossing:markings" v="no"/>
    <tag k="highway" v="crossing"/>
  </node>
  <node id="9995481105" lat="41.8866849" lon="-87.6521743">
    <tag k="crossing" v="uncontrolled"/>
    <tag k="crossing:island" v="no"/>
    <tag k="highway" v="crossing"/>
    <tag k="tactile_paving" v="yes"/>
  </node>
  <node id="9995481165" lat="41.8876061" lon="-87.6589081">
    <tag k="crossing" v="unmarked"/>
    <tag k="crossing:markings" v="no"/>
    <tag k="highway" v="crossing"/>
  </node>
  <node id="10038612565" lat="41.8752511" lon="-87.6484207"/>
  <node id="10052950041" lat="41.8890252" lon="-87.6545663">
    <tag k="crossing" v="uncontrolled"/>
    <tag k="crossing:island" v="no"/>
    <tag k="highway" v="crossing"/>
    <tag k="tactile_paving" v="yes"/>
  </node>
  <node id="10052950057" lat="41.8890367" lon="-87.6534163">
    <tag k="crossing" v="uncontrolled"/>
    <tag k="crossing:island" v="no"/>
    <tag k="highway" v="crossing"/>
    <tag k="tactile_paving" v="yes"/>
  </node>
  <node id="10052950059" lat="41.8893682" lon="-87.6545761"/>
  <node id="10229623723" lat="41.8740415" lon="-87.6424152"/>
  <node id="10229623726" lat="41.8740598" lon="-87.6409798"/>
  <node id="10233448891" lat="41.8783886" lon="-87.6454965"/>
  <node id="10233452964" lat="41.8748848" lon="-87.6456535"/>
  <node id="10233472302" lat="41.8686855" lon="-87.6448977"/>
  <node id="10233472306" lat="41.8678449" lon="-87.6445166">
    <tag k="highway" v="motorway_junction"/>
    <tag k="ref" v="51H-I"/>
  </node>
  <node id="10233473123" lat="41.8694853" lon="-87.6449833"/>
  <node id="10242264861" lat="41.8743830" lon="-87.6415894"/>
  <node id="10248340698" lat="41.8785105" lon="-87.6369387"/>
  <node id="10263472344" lat="41.8782202" lon="-87.6459962"/>
  <node id="10263472345" lat="41.8776969" lon="-87.6459884"/>
  <node id="10263472348" lat="41.8807251" lon="-87.6461996"/>
  <node id="10263472360" lat="41.8829732" lon="-87.6456055"/>
  <node id="10263472396" lat="41.8765404" lon="-87.6453722"/>
  <node id="10263472400" lat="41.8781212" lon="-87.6453868"/>
  <node id="10263472401" lat="41.8789703" lon="-87.6453516"/>
  <node id="10264134737" lat="41.8761878" lon="-87.6451083"/>
  <node id="10264134741" lat="41.8787533" lon="-87.6453756"/>
  <node id="10264134742" lat="41.8768150" lon="-87.6451834"/>
  <node id="10264134750" lat="41.8764295" lon="-87.6453116"/>
  <node id="10264134769" lat="41.8757192" lon="-87.6441887"/>
  <node id="10264134770" lat="41.8761487" lon="-87.6444312"/>
  <node id="10264134791" lat="41.8766244" lon="-87.6449398"/>
  <node id="10264134792" lat="41.8763129" lon="-87.6448154"/>
  <node id="10264134793" lat="41.8764191" lon="-87.6449011"/>
  <node id="10264134796" lat="41.8754177" lon="-87.6443684"/>
  <node id="10264134797" lat="41.8740697" lon="-87.6447340"/>
  <node id="10264134798" lat="41.8745633" lon="-87.6446516"/>
  <node id="10264134799" lat="41.8750824" lon="-87.6442659"/>
  <node id="10264134800" lat="41.8747458" lon="-87.6445262"/>
  <node id="10264137522" lat="41.8773866" lon="-87.6454524"/>
  <node id="10264137523" lat="41.8771755" lon="-87.6453770"/>
  <node id="10273205743" lat="41.8753166" lon="-87.6480281"/>
  <node id="10273205748" lat="41.8749622" lon="-87.6470515"/>
  <node id="10273205749" lat="41.8750961" lon="-87.6474152"/>
  <node id="10273205750" lat="41.8750465" lon="-87.6474878"/>
  <node id="10273205751" lat="41.8750839" lon="-87.6476022"/>
  <node id="10273205752" lat="41.8748779" lon="-87.6470854"/>
  <node id="10273205753" lat="41.8744606" lon="-87.6465357"/>
  <node id="10273205754" lat="41.8753036" lon="-87.6477884"/>
  <node id="10273205758" lat="41.8758196" lon="-87.6534888"/>
  <node id="10273279135" lat="41.8836068" lon="-87.6454077"/>
  <node id="10273279136" lat="41.8850126" lon="-87.6456847"/>
  <node id="10273279138" lat="41.8824545" lon="-87.6452757"/>
  <node id="10273279142" lat="41.8842896" lon="-87.6454119"/>
  <node id="10273279149" lat="41.8836894" lon="-87.6460484"/>
  <node id="10273279150" lat="41.8818280" lon="-87.6459726">
    <tag k="highway" v="motorway_junction"/>
    <tag k="ref" v="51F-J"/>
  </node>
  <node id="10273279154" lat="41.8768519" lon="-87.6450537"/>
  <node id="10278761537" lat="41.8753432" lon="-87.6523587"/>
  <node id="10278761539" lat="41.8754806" lon="-87.6546089"/>
  <node id="10278761543" lat="41.8753156" lon="-87.6499722"/>
  <node id="10278799846" lat="41.8734037" lon="-87.6458159"/>
  <node id="10278799847" lat="41.8738640" lon="-87.6456848"/>
  <node id="10278799851" lat="41.8719941" lon="-87.6455340"/>
  <node id="10278805406" lat="41.8747750" lon="-87.6466076"/>
  <node id="10278805407" lat="41.8747880" lon="-87.6465588"/>
  <node id="10278805408" lat="41.8752955" lon="-87.6468761"/>
  <node id="10278824710" lat="41.8756282" lon="-87.6468575"/>
  <node id="10278851018" lat="41.8781431" lon="-87.6455959"/>
  <node id="10278851019" lat="41.8777550" lon="-87.6455505"/>
  <node id="10278851027" lat="41.8770296" lon="-87.6453079"/>
  <node id="10278851028" lat="41.8775951" lon="-87.6455146"/>
  <node id="10278851031" lat="41.8770685" lon="-87.6450689"/>
  <node id="10278851032" lat="41.8770093" lon="-87.6451347"/>
  <node id="10278851033" lat="41.8772277" lon="-87.6452229"/>
  <node id="10278851034" lat="41.8757462" lon="-87.6444044"/>
  <node id="10278851036" lat="41.8838985" lon="-87.6452676"/>
  <node id="10278928020" lat="41.8714770" lon="-87.6455567"/>
  <node id="10278964680" lat="41.8813047" lon="-87.6451751"/>
  <node id="10278964682" lat="41.8851429" lon="-87.6453724"/>
  <node id="10282515704" lat="41.8744256" lon="-87.6478627"/>
  <node id="10289436643" lat="41.8816228" lon="-87.6453349"/>
  <node id="10290068749" lat="41.8867398" lon="-87.6399001">
    <tag k="crossing" v="uncontrolled"/>
    <tag k="highway" v="crossing"/>
  </node>
  <node id="10290895398" lat="41.8724567" lon="-87.6409161"/>
  <node id="10290895399" lat="41.8724308" lon="-87.6423688"/>
  <node id="10292634670" lat="41.8746968" lon="-87.6456614"/>
  <node id="10584562115" lat="41.8778873" lon="-87.6508851">
    <tag k="direction" v="forward"/>
    <tag k="highway" v="stop"/>
  </node>
  <node id="10586594567" lat="41.8675233" lon="-87.6447695"/>
  <node id="10677212970" lat="41.8827721" lon="-87.6426951"/>
  <node id="10677212977" lat="41.8827177" lon="-87.6441224"/>
  <node id="10696789721" lat="41.8837374" lon="-87.6468499"/>
  <node id="10703336128" lat="41.8820326" lon="-87.6567005"/>
  <node id="10729825664" lat="41.8743557" lon="-87.6444165"/>
  <node id="10732989130" lat="41.8817879" lon="-87.6468812"/>
  <node id="10733058546" lat="41.8755393" lon="-87.6342835"/>
  <node id="10734987429" lat="41.8823475" lon="-87.6485495"/>
  <node id="10825635027" lat="41.8752262" lon="-87.6639846"/>
  <node id="10848320223" lat="41.8784447" lon="-87.6440020"/>
  <node id="10887570734" lat="41.8791513" lon="-87.6512356"/>
  <node id="10919961901" lat="41.8765717" lon="-87.6540769"/>
  <node id="10920052066" lat="41.8730574" lon="-87.6523037"/>
  <node id="10922644201" lat="41.8831573" lon="-87.6353755">
    <tag k="button_operated" v="no"/>
    <tag k="crossing" v="traffic_signals"/>
    <tag k="crossing:signals" v="yes"/>
    <tag k="highway" v="crossing"/>
  </node>
  <node id="10922694008" lat="41.8831110" lon="-87.6399204"/>
  <node id="10922694009" lat="41.8831023" lon="-87.6410964"/>
  <node id="10922694017" lat="41.8832111" lon="-87.6377594"/>
  <node id="10922694057" lat="41.8857325" lon="-87.6353416">
    <tag k="crossing" v="traffic_signals"/>
    <tag k="highway" v="crossing"/>
  </node>
  <node id="10922694068" lat="41.8832276" lon="-87.6363964"/>
  <node id="10922694082" lat="41.8832407" lon="-87.6349574"/>
  <node id="10922694084" lat="41.8835736" lon="-87.6353825"/>
  <node id="10922694085" lat="41.8837043" lon="-87.6353852"/>
  <node id="10922694229" lat="41.8832416" lon="-87.6347107"/>
  <node id="10922694373" lat="41.8831019" lon="-87.6411203">
    <tag k="crossing" v="traffic_signals"/>
    <tag k="crossing:island" v="no"/>
    <tag k="crossing:markings" v="zebra"/>
    <tag k="crossing:signals" v="yes"/>
    <tag k="highway" v="crossing"/>
    <tag k="tactile_paving" v="yes"/>
  </node>
  <node id="10922694377" lat="41.8831115" lon="-87.6398864">
    <tag k="button_operated" v="no"/>
    <tag k="crossing:signals" v="yes"/>
    <tag k="highway" v="crossing"/>
    <tag k="tactile_paving" v="yes"/>
    <tag k="traffic_signals:sound" v="no"/>
    <tag k="traffic_signals:vibration" v="no"/>
  </node>
  <node id="10925193462" lat="41.8776786" lon="-87.6367240"/>
  <node id="10925193464" lat="41.8775394" lon="-87.6368831"/>
  <node id="10925193478" lat="41.8770715" lon="-87.6367928"/>
  <node id="10925366707" lat="41.8849942" lon="-87.6368819">
    <tag k="highway" v="traffic_signals"/>
    <tag k="traffic_signals" v="signal"/>
  </node>
  <node id="10925366709" lat="41.8851688" lon="-87.6368650"/>
  <node id="10925366913" lat="41.8859241" lon="-87.6367180"/>
  <node id="10925366915" lat="41.8854291" lon="-87.6369699"/>
  <node id="10925366926" lat="41.8832626" lon="-87.6370144">
    <tag k="highway" v="traffic_signals"/>
    <tag k="traffic_signals" v="signal"/>
  </node>
  <node id="10925366927" lat="41.8825514" lon="-87.6369970"/>
  <node id="10925366932" lat="41.8818742" lon="-87.6369803"/>
  <node id="10925366942" lat="41.8812537" lon="-87.6369674">
    <tag k="highway" v="traffic_signals"/>
    <tag k="traffic_signals" v="signal"/>
  </node>
  <node id="10925366947" lat="41.8806598" lon="-87.6369550"/>
  <node id="10925366968" lat="41.8772668" lon="-87.6368694"/>
  <node id="10925366970" lat="41.8770020" lon="-87.6368602"/>
  <node id="10925526162" lat="41.8819297" lon="-87.6349069"/>
  <node id="10925526170" lat="41.8819331" lon="-87.6346809"/>
  <node id="10925885725" lat="41.8767724" lon="-87.6394029"/>
  <node id="10925885736" lat="41.8764621" lon="-87.6396538"/>
  <node id="10929174817" lat="41.8832141" lon="-87.6375354"/>
  <node id="10929174833" lat="41.8845306" lon="-87.6354020">
    <tag k="highway" v="crossing"/>
  </node>
  <node id="10929174837" lat="41.8845252" lon="-87.6368449">
    <tag k="highway" v="crossing"/>
  </node>
  <node id="10929174838" lat="41.8845254" lon="-87.6369656">
    <tag k="highway" v="crossing"/>
  </node>
  <node id="10929174839" lat="41.8845243" lon="-87.6370877">
    <tag k="highway" v="crossing"/>
  </node>
  <node id="10929180924" lat="41.8844634" lon="-87.6374933">
    <tag k="barrier" v="lift_gate"/>
  </node>
  <node id="10929181219" lat="41.8842719" lon="-87.6353973"/>
  <node id="10929181222" lat="41.8844615" lon="-87.6359666"/>
  <node id="10929181289" lat="41.8857321" lon="-87.6363134"/>
  <node id="10929181320" lat="41.8840467" lon="-87.6369492"/>
  <node id="10929181321" lat="41.8843451" lon="-87.6369543"/>
  <node id="10929181322" lat="41.8834346" lon="-87.6368226"/>
  <node id="10929181432" lat="41.8843743" lon="-87.6369571">
    <tag k="crossing" v="traffic_signals"/>
    <tag k="crossing:island" v="no"/>
    <tag k="crossing:markings" v="zebra"/>
    <tag k="crossing:signals" v="yes"/>
    <tag k="highway" v="crossing"/>
  </node>
  <node id="10938092315" lat="41.8857635" lon="-87.6411806">
    <tag k="button_operated" v="no"/>
    <tag k="crossing" v="traffic_signals"/>
    <tag k="crossing:island" v="no"/>
    <tag k="crossing:markings" v="zebra"/>
    <tag k="crossing:signals" v="yes"/>
    <tag k="highway" v="crossing"/>
    <tag k="tactile_paving" v="yes"/>
    <tag k="traffic_signals:sound" v="no"/>
    <tag k="traffic_signals:vibration" v="no"/>
  </node>
  <node id="10938092316" lat="41.8856834" lon="-87.6411638">
    <tag k="button_operated" v="no"/>
    <tag k="crossing" v="traffic_signals"/>
    <tag k="crossing:island" v="no"/>
    <tag k="crossing:markings" v="zebra"/>
    <tag k="crossing:signals" v="yes"/>
    <tag k="highway" v="crossing"/>
    <tag k="tactile_paving" v="yes"/>
    <tag k="traffic_signals:sound" v="no"/>
    <tag k="traffic_signals:vibration" v="no"/>
  </node>
  <node id="10938092317" lat="41.8856931" lon="-87.6400199">
    <tag k="crossing" v="traffic_signals"/>
    <tag k="highway" v="crossing"/>
  </node>
  <node id="10938092318" lat="41.8857683" lon="-87.6400841">
    <tag k="crossing" v="traffic_signals"/>
    <tag k="highway" v="crossing"/>
    <tag k="tactile_paving" v="yes"/>
    <tag k="traffic_signals:sound" v="no"/>
  </node>
  <node id="10938092320" lat="41.8857458" lon="-87.6412492">
    <tag k="button_operated" v="no"/>
    <tag k="crossing:signals" v="yes"/>
    <tag k="highway" v="crossing"/>
  </node>
  <node id="10938092321" lat="41.8857002" lon="-87.6412482">
    <tag k="button_operated" v="no"/>
    <tag k="crossing:signals" v="yes"/>
    <tag k="highway" v="crossing"/>
  </node>
  <node id="10940297671" lat="41.8712631" lon="-87.6600657">
    <tag k="crossing" v="uncontrolled"/>
    <tag k="crossing:island" v="no"/>
    <tag k="crossing:markings" v="lines"/>
    <tag k="highway" v="crossing"/>
    <tag k="tactile_paving" v="yes"/>
  </node>
  <node id="10940297685" lat="41.8722092" lon="-87.6600938">
    <tag k="crossing" v="uncontrolled"/>
    <tag k="highway" v="crossing"/>
  </node>
  <node id="10940297686" lat="41.8722370" lon="-87.6581681"/>
  <node id="10943423762" lat="41.8798428" lon="-87.6484723"/>
  <node id="10943423770" lat="41.8800166" lon="-87.6484776"/>
  <node id="10945008183" lat="41.8814487" lon="-87.6370153"/>
  <node id="10945099285" lat="41.8806382" lon="-87.6361897"/>
  <node id="10945099286" lat="41.8806398" lon="-87.6360508"/>
  <node id="10945121347" lat="41.8803310" lon="-87.6352990"/>
  <node id="10945121393" lat="41.8793628" lon="-87.6361990"/>
  <node id="10945665621" lat="41.8806608" lon="-87.6344293"/>
  <node id="10945665624" lat="41.8806615" lon="-87.6343753"/>
  <node id="10945665629" lat="41.8806622" lon="-87.6343121"/>
  <node id="10945665671" lat="41.8793797" lon="-87.6344979"/>
  <node id="10945665672" lat="41.8793805" lon="-87.6344390"/>
  <node id="10945677469" lat="41.8802365" lon="-87.6368525"/>
  <node id="10945677470" lat="41.8800618" lon="-87.6368209"/>
  <node id="10945677471" lat="41.8799253" lon="-87.6367385"/>
  <node id="10945677472" lat="41.8806298" lon="-87.6368638">
    <tag k="highway" v="traffic_signals"/>
    <tag k="traffic_signals" v="signal"/>
  </node>
  <node id="10945677473" lat="41.8805529" lon="-87.6367562">
    <tag k="button_operated" v="no"/>
    <tag k="crossing" v="traffic_signals"/>
    <tag k="crossing:island" v="yes"/>
    <tag k="crossing:markings" v="zebra"/>
    <tag k="crossing:signals" v="yes"/>
    <tag k="highway" v="crossing"/>
    <tag k="tactile_paving" v="yes"/>
    <tag k="traffic_signals:sound" v="no"/>
    <tag k="traffic_signals:vibration" v="no"/>
  </node>
  <node id="10967759197" lat="41.8706542" lon="-87.6542590">
    <tag k="crossing" v="uncontrolled"/>
    <tag k="highway" v="crossing"/>
  </node>
  <node id="10967759198" lat="41.8725602" lon="-87.6552386"/>
  <node id="10967759199" lat="41.8725767" lon="-87.6552431"/>
  <node id="10967759200" lat="41.8725120" lon="-87.6553518"/>
  <node id="10967759201" lat="41.8727587" lon="-87.6543085"/>
  <node id="10967759202" lat="41.8726447" lon="-87.6543004"/>
  <node id="10967759203" lat="41.8726547" lon="-87.6533380"/>
  <node id="10974049461" lat="41.8788618" lon="-87.6352601"/>
  <node id="10974085957" lat="41.8787108" lon="-87.6350809">
    <tag k="direction" v="forward"/>
    <tag k="highway" v="stop"/>
  </node>
  <node id="10974085982" lat="41.8787258" lon="-87.6340335"/>
  <node id="10974086038" lat="41.8793794" lon="-87.6345142"/>
  <node id="10974086047" lat="41.8793836" lon="-87.6342140"/>
  <node id="11003038137" lat="41.8832438" lon="-87.6411252">
    <tag k="crossing" v="traffic_signals"/>
    <tag k="crossing:island" v="no"/>
    <tag k="crossing:markings" v="zebra"/>
    <tag k="crossing:signals" v="yes"/>
    <tag k="highway" v="crossing"/>
    <tag k="tactile_paving" v="yes"/>
  </node>
  <node id="11003038138" lat="41.8832498" lon="-87.6398952">
    <tag k="button_operated" v="no"/>
    <tag k="crossing" v="traffic_signals"/>
    <tag k="highway" v="crossing"/>
    <tag k="tactile_paving" v="yes"/>
    <tag k="traffic_signals:sound" v="no"/>
    <tag k="traffic_signals:vibration" v="no"/>
  </node>
  <node id="11003038139" lat="41.8832448" lon="-87.6411019"/>
  <node id="11003038140" lat="41.8832500" lon="-87.6399249"/>
  <node id="11003038141" lat="41.8832300" lon="-87.6398532"/>
  <node id="11003038143" lat="41.8831106" lon="-87.6399347">
    <tag k="cycleway" v="asl"/>
  </node>
  <node id="11009075309" lat="41.8722289" lon="-87.6512654"/>
  <node id="11009075313" lat="41.8720511" lon="-87.6512584"/>
  <node id="11012377320" lat="41.8758283" lon="-87.6417438"/>
  <node id="11013170371" lat="41.8829715" lon="-87.6353690"/>
  <node id="11013170376" lat="41.8832799" lon="-87.6353770"/>
  <node id="11035662031" lat="41.8772226" lon="-87.6352156"/>
  <node id="11035662032" lat="41.8771604" lon="-87.6410674"/>
  <node id="11037617110" lat="41.8772530" lon="-87.6352166"/>
  <node id="11037617140" lat="41.8774049" lon="-87.6352213"/>
  <node id="11037617167" lat="41.8768437" lon="-87.6345861"/>
  <node id="11037617171" lat="41.8768423" lon="-87.6347419"/>
  <node id="11060274220" lat="41.8787278" lon="-87.6338904">
    <tag k="crossing" v="uncontrolled"/>
    <tag k="highway" v="crossing"/>
    <tag k="tactile_paving" v="yes"/>
  </node>
  <node id="11060274221" lat="41.8787091" lon="-87.6351020">
    <tag k="crossing" v="uncontrolled"/>
    <tag k="crossing:island" v="no"/>
    <tag k="crossing:markings" v="zebra"/>
    <tag k="crossing:signals" v="no"/>
    <tag k="highway" v="crossing"/>
    <tag k="tactile_paving" v="yes"/>
  </node>
  <node id="11060274222" lat="41.8787556" lon="-87.6352573">
    <tag k="crossing" v="uncontrolled"/>
    <tag k="crossing:island" v="no"/>
    <tag k="crossing:markings" v="zebra"/>
    <tag k="crossing:signals" v="no"/>
    <tag k="highway" v="crossing"/>
    <tag k="tactile_paving" v="yes"/>
  </node>
  <node id="11060274223" lat="41.8805520" lon="-87.6368616">
    <tag k="button_operated" v="no"/>
    <tag k="crossing" v="traffic_signals"/>
    <tag k="crossing:island" v="yes"/>
    <tag k="crossing:markings" v="zebra"/>
    <tag k="crossing:signals" v="yes"/>
    <tag k="highway" v="crossing"/>
    <tag k="tactile_paving" v="yes"/>
    <tag k="traffic_signals:sound" v="no"/>
    <tag k="traffic_signals:vibration" v="no"/>
  </node>
  <node id="11060795629" lat="41.8827000" lon="-87.6397307"/>
  <node id="11060811048" lat="41.8819904" lon="-87.6347460"/>
  <node id="11060811049" lat="41.8819879" lon="-87.6353449">
    <tag k="highway" v="traffic_signals"/>
    <tag k="traffic_signals" v="signal"/>
  </node>
  <node id="11060811050" lat="41.8819886" lon="-87.6351809">
    <tag k="button_operated" v="no"/>
    <tag k="crossing" v="traffic_signals"/>
    <tag k="crossing:island" v="no"/>
    <tag k="crossing:markings" v="zebra"/>
    <tag k="crossing:signals" v="yes"/>
    <tag k="highway" v="crossing"/>
    <tag k="tactile_paving" v="yes"/>
    <tag k="traffic_signals:sound" v="no"/>
    <tag k="traffic_signals:vibration" v="no"/>
  </node>
  <node id="11060811051" lat="41.8819752" lon="-87.6346826"/>
  <node id="11061908869" lat="41.8818902" lon="-87.6390769">
    <tag k="bus" v="yes"/>
    <tag k="public_transport" v="stop_position"/>
  </node>
  <node id="11061908876" lat="41.8782398" lon="-87.6396238"/>
  <node id="11061908879" lat="41.8786299" lon="-87.6396355"/>
  <node id="11061908880" lat="41.8787478" lon="-87.6396391"/>
  <node id="11061908883" lat="41.8791681" lon="-87.6396519"/>
  <node id="11061920316" lat="41.8793280" lon="-87.6395395">
    <tag k="highway" v="traffic_signals"/>
    <tag k="traffic_signals" v="signal"/>
  </node>
  <node id="11061920317" lat="41.8798141" lon="-87.6396655"/>
  <node id="11061920318" lat="41.8794038" lon="-87.6395421">
    <tag k="button_operated" v="no"/>
    <tag k="crossing" v="traffic_signals"/>
    <tag k="crossing:island" v="no"/>
    <tag k="crossing:markings" v="zebra"/>
    <tag k="crossing:signals" v="yes"/>
    <tag k="highway" v="crossing"/>
    <tag k="tactile_paving" v="incorrect"/>
    <tag k="traffic_signals:sound" v="no"/>
    <tag k="traffic_signals:vibration" v="no"/>
  </node>
  <node id="11061920319" lat="41.8796672" lon="-87.6395882"/>
  <node id="11061920608" lat="41.8786587" lon="-87.6413476"/>
  <node id="11061920611" lat="41.8786399" lon="-87.6412561">
    <tag k="direction" v="forward"/>
    <tag k="highway" v="stop"/>
  </node>
  <node id="11061920619" lat="41.8786785" lon="-87.6411191">
    <tag k="crossing" v="uncontrolled"/>
    <tag k="crossing:island" v="yes"/>
    <tag k="crossing:markings" v="zebra"/>
    <tag k="crossing:signals" v="no"/>
    <tag k="highway" v="crossing"/>
  </node>
  <node id="11061949359" lat="41.8751331" lon="-87.6410093"/>
  <node id="11061949360" lat="41.8753043" lon="-87.6409180">
    <tag k="highway" v="crossing"/>
  </node>
  <node id="11081759471" lat="41.8770772" lon="-87.6483866"/>
  <node id="11081759474" lat="41.8785461" lon="-87.6484321"/>
  <node id="11082887584" lat="41.8751779" lon="-87.6597826"/>
  <node id="11082887590" lat="41.8753148" lon="-87.6590875"/>
  <node id="11095400306" lat="41.8800970" lon="-87.6484801"/>
  <node id="11095400308" lat="41.8800550" lon="-87.6496408"/>
  <node id="11097622393" lat="41.8767405" lon="-87.6366740">
    <tag k="camera:mount" v="pole"/>
    <tag k="camera:type" v="fixed"/>
    <tag k="direction" v="345"/>
    <tag k="layer" v="-1"/>
    <tag k="man_made" v="surveillance"/>
    <tag k="note" v="Located on South Lower Wacker Drive. Two ALPRs cover both lanes of northbound traffic."/>
    <tag k="operator" v="Chicago Police Department"/>
    <tag k="operator:wikidata" v="Q1340186"/>
    <tag k="surveillance" v="traffic"/>
    <tag k="surveillance:type" v="ALPR"/>
    <tag k="surveillance:zone" v="traffic"/>
  </node>
  <node id="11097622394" lat="41.8767891" lon="-87.6366794">
    <tag k="camera:mount" v="pole"/>
    <tag k="camera:type" v="fixed"/>
    <tag k="direction" v="0"/>
    <tag k="layer" v="-1"/>
    <tag k="man_made" v="surveillance"/>
    <tag k="note" v="Located on South Lower Wacker Drive. Two ALPRs cover both lanes of northbound traffic."/>
    <tag k="operator" v="Chicago Police Department"/>
    <tag k="operator:wikidata" v="Q1340186"/>
    <tag k="surveillance" v="traffic"/>
    <tag k="surveillance:type" v="ALPR"/>
    <tag k="surveillance:zone" v="traffic"/>
  </node>
  <node id="11133141922" lat="41.8753120" lon="-87.6399141">
    <tag k="crossing" v="unmarked"/>
    <tag k="crossing:markings" v="no"/>
    <tag k="highway" v="crossing"/>
  </node>
  <node id="11133141923" lat="41.8753110" lon="-87.6399373">
    <tag k="direction" v="forward"/>
    <tag k="highway" v="stop"/>
  </node>
  <node id="11133141926" lat="41.8758982" lon="-87.6438131">
    <tag k="crossing" v="uncontrolled"/>
    <tag k="highway" v="crossing"/>
  </node>
  <node id="11151893683" lat="41.8712925" lon="-87.6584484">
    <tag k="crossing" v="uncontrolled"/>
    <tag k="highway" v="crossing"/>
  </node>
  <node id="11151893685" lat="41.8712975" lon="-87.6581903">
    <tag k="crossing" v="uncontrolled"/>
    <tag k="highway" v="crossing"/>
  </node>
  <node id="11151893687" lat="41.8718895" lon="-87.6553177">
    <tag k="crossing" v="uncontrolled"/>
    <tag k="highway" v="crossing"/>
  </node>
  <node id="11158033131" lat="41.8790192" lon="-87.6546113">
    <tag k="crossing" v="uncontrolled"/>
    <tag k="crossing:island" v="no"/>
    <tag k="highway" v="crossing"/>
    <tag k="tactile_paving" v="yes"/>
  </node>
  <node id="11158033132" lat="41.8791852" lon="-87.6546173">
    <tag k="crossing" v="uncontrolled"/>
    <tag k="crossing:island" v="no"/>
    <tag k="highway" v="crossing"/>
    <tag k="tactile_paving" v="yes"/>
  </node>
  <node id="11158033133" lat="41.8790920" lon="-87.6547200">
    <tag k="crossing" v="uncontrolled"/>
    <tag k="highway" v="crossing"/>
    <tag k="tactile_paving" v="yes"/>
  </node>
  <node id="11158033134" lat="41.8790956" lon="-87.6545075">
    <tag k="crossing" v="uncontrolled"/>
    <tag k="highway" v="crossing"/>
    <tag k="tactile_paving" v="yes"/>
  </node>
  <node id="11158033137" lat="41.8790955" lon="-87.6507823">
    <tag k="crossing" v="uncontrolled"/>
    <tag k="crossing:island" v="no"/>
    <tag k="highway" v="crossing"/>
    <tag k="tactile_paving" v="yes"/>
  </node>
  <node id="11158033140" lat="41.8792876" lon="-87.6484551">
    <tag k="crossing" v="uncontrolled"/>
    <tag k="highway" v="crossing"/>
  </node>
  <node id="11158033143" lat="41.8804630" lon="-87.6495503">
    <tag k="crossing" v="uncontrolled"/>
    <tag k="highway" v="crossing"/>
  </node>
  <node id="11158033144" lat="41.8803757" lon="-87.6496514">
    <tag k="crossing" v="uncontrolled"/>
    <tag k="highway" v="crossing"/>
  </node>
  <node id="11158033145" lat="41.8805390" lon="-87.6496568">
    <tag k="crossing" v="uncontrolled"/>
    <tag k="highway" v="crossing"/>
  </node>
  <node id="11158033146" lat="41.8804594" lon="-87.6497722">
    <tag k="crossing" v="uncontrolled"/>
    <tag k="highway" v="crossing"/>
  </node>
  <node id="11158033147" lat="41.8817454" lon="-87.6495925">
    <tag k="crossing" v="uncontrolled"/>
    <tag k="highway" v="crossing"/>
    <tag k="tactile_paving" v="yes"/>
  </node>
  <node id="11161876817" lat="41.8841614" lon="-87.6509263">
    <tag k="crossing" v="uncontrolled"/>
    <tag k="highway" v="crossing"/>
  </node>
  <node id="11161876820" lat="41.8845484" lon="-87.6509350">
    <tag k="crossing" v="uncontrolled"/>
    <tag k="crossing:island" v="no"/>
    <tag k="highway" v="crossing"/>
    <tag k="tactile_paving" v="yes"/>
  </node>
  <node id="11161876822" lat="41.8845703" lon="-87.6497857">
    <tag k="crossing" v="uncontrolled"/>
    <tag k="crossing:island" v="no"/>
    <tag k="highway" v="crossing"/>
    <tag k="tactile_paving" v="yes"/>
  </node>
  <node id="11170737380" lat="41.8857554" lon="-87.6486506">
    <tag k="crossing" v="uncontrolled"/>
    <tag k="highway" v="crossing"/>
  </node>
  <node id="11170737381" lat="41.8857208" lon="-87.6498205">
    <tag k="crossing" v="uncontrolled"/>
    <tag k="crossing:island" v="no"/>
    <tag k="crossing:markings" v="ladder"/>
    <tag k="highway" v="crossing"/>
  </node>
  <node id="11170737400" lat="41.8868281" lon="-87.6533432">
    <tag k="crossing" v="uncontrolled"/>
    <tag k="crossing:island" v="no"/>
    <tag k="highway" v="crossing"/>
    <tag k="tactile_paving" v="yes"/>
  </node>
  <node id="11170737410" lat="41.8867713" lon="-87.6556742">
    <tag k="crossing" v="uncontrolled"/>
    <tag k="highway" v="crossing"/>
  </node>
  <node id="11170737411" lat="41.8866238" lon="-87.6556698">
    <tag k="crossing" v="uncontrolled"/>
    <tag k="highway" v="crossing"/>
  </node>
  <node id="11170737418" lat="41.8856251" lon="-87.6556398">
    <tag k="crossing" v="uncontrolled"/>
    <tag k="crossing:island" v="no"/>
    <tag k="highway" v="crossing"/>
    <tag k="tactile_paving" v="yes"/>
  </node>
  <node id="11170737419" lat="41.8856068" lon="-87.6568062">
    <tag k="crossing" v="uncontrolled"/>
    <tag k="crossing:island" v="no"/>
    <tag k="highway" v="crossing"/>
    <tag k="tactile_paving" v="yes"/>
  </node>
  <node id="11170737435" lat="41.8867519" lon="-87.6588860">
    <tag k="crossing" v="uncontrolled"/>
    <tag k="highway" v="crossing"/>
  </node>
  <node id="11172146939" lat="41.8800604" lon="-87.6426020"/>
  <node id="11172146942" lat="41.8805395" lon="-87.6429683"/>
  <node id="11172611547" lat="41.8834168" lon="-87.6567049"/>
  <node id="11174929153" lat="41.8733500" lon="-87.6471626"/>
  <node id="11209046449" lat="41.8829168" lon="-87.6622095">
    <tag k="crossing" v="uncontrolled"/>
    <tag k="crossing:island" v="no"/>
    <tag k="crossing:markings" v="zebra"/>
    <tag k="crossing:signals" v="no"/>
    <tag k="highway" v="crossing"/>
  </node>
  <node id="11234791644" lat="41.8752511" lon="-87.6626341"/>
  <node id="11301600456" lat="41.8766213" lon="-87.6505704">
    <tag k="direction" v="forward"/>
    <tag k="highway" v="stop"/>
    <tag k="stop" v="all"/>
  </node>
  <node id="11301600457" lat="41.8766175" lon="-87.6508582">
    <tag k="direction" v="backward"/>
    <tag k="highway" v="stop"/>
    <tag k="stop" v="all"/>
  </node>
  <node id="11337090878" lat="41.8829396" lon="-87.6605972"/>
  <node id="11337090879" lat="41.8829379" lon="-87.6607436">
    <tag k="direction" v="forward"/>
    <tag k="highway" v="stop"/>
    <tag k="stop" v="minor"/>
  </node>
  <node id="11483999398" lat="41.8705158" lon="-87.6422961"/>
  <node id="11495856979" lat="41.8847400" lon="-87.6521162"/>
  <node id="11495856981" lat="41.8851680" lon="-87.6532882"/>
  <node id="11582816003" lat="41.8837624" lon="-87.6555840"/>
  <node id="11636121047" lat="41.8810073" lon="-87.6546838"/>
  <node id="11673117990" lat="41.8860668" lon="-87.6442545"/>
  <node id="11677004720" lat="41.8792041" lon="-87.6483145">
    <tag k="direction" v="forward"/>
    <tag k="highway" v="stop"/>
  </node>
  <node id="11680992981" lat="41.8776646" lon="-87.6457112"/>
  <node id="11680993000" lat="41.8778340" lon="-87.6461503"/>
  <node id="11680993001" lat="41.8778320" lon="-87.6462032"/>
  <node id="11680993002" lat="41.8793969" lon="-87.6462165"/>
  <node id="11680993004" lat="41.8807504" lon="-87.6452066"/>
  <node id="11680993005" lat="41.8805395" lon="-87.6452098"/>
  <node id="11680993006" lat="41.8809115" lon="-87.6453547"/>
  <node id="11680993008" lat="41.8810561" lon="-87.6461174"/>
  <node id="11680993009" lat="41.8824024" lon="-87.6453802"/>
  <node id="11680993011" lat="41.8829722" lon="-87.6454917"/>
  <node id="11680993014" lat="41.8784881" lon="-87.6456164"/>
  <node id="11680993015" lat="41.8781049" lon="-87.6457128"/>
  <node id="11680993024" lat="41.8729969" lon="-87.6456977"/>
  <node id="11682840286" lat="41.8857427" lon="-87.6367985"/>
  <node id="11682840287" lat="41.8859697" lon="-87.6366449"/>
  <node id="11751780523" lat="41.8844227" lon="-87.6412130">
    <tag k="button_operated" v="no"/>
    <tag k="crossing" v="traffic_signals"/>
    <tag k="highway" v="crossing"/>
  </node>
  <node id="11751780524" lat="41.8844089" lon="-87.6411299"/>
  <node id="11751780525" lat="41.8844097" lon="-87.6411534">
    <tag k="button_operated" v="no"/>
    <tag k="crossing" v="traffic_signals"/>
    <tag k="crossing:island" v="no"/>
    <tag k="crossing:markings" v="zebra"/>
    <tag k="crossing:signals" v="yes"/>
    <tag k="highway" v="crossing"/>
    <tag k="tactile_paving" v="yes"/>
    <tag k="traffic_signals:sound" v="no"/>
    <tag k="traffic_signals:vibration" v="no"/>
  </node>
  <node id="11751780526" lat="41.8844137" lon="-87.6399591"/>
  <node id="11751780527" lat="41.8844141" lon="-87.6399360">
    <tag k="crossing" v="traffic_signals"/>
    <tag k="crossing:markings" v="zebra"/>
    <tag k="crossing:signals" v="yes"/>
    <tag k="highway" v="crossing"/>
  </node>
  <node id="11751881119" lat="41.8775448" lon="-87.6410854"/>
  <node id="11780468204" lat="41.8765008" lon="-87.6367625"/>
  <node id="11780468205" lat="41.8765909" lon="-87.6367876"/>
  <node id="11780468206" lat="41.8760200" lon="-87.6362750"/>
  <node id="11780468207" lat="41.8762752" lon="-87.6364922"/>
  <node id="11780468208" lat="41.8764084" lon="-87.6366080"/>
  <node id="11780468209" lat="41.8764587" lon="-87.6366526"/>
  <node id="11780468221" lat="41.8763352" lon="-87.6367384"/>
  <node id="11780468222" lat="41.8767154" lon="-87.6367693"/>
  <node id="11780468238" lat="41.8766039" lon="-87.6366418"/>
  <node id="11780468239" lat="41.8760439" lon="-87.6361673"/>
  <node id="11780468240" lat="41.8758975" lon="-87.6359921"/>
  <node id="11780468241" lat="41.8760371" lon="-87.6361951"/>
  <node id="11780468242" lat="41.8758859" lon="-87.6360248"/>
  <node id="11780468243" lat="41.8762205" lon="-87.6362036"/>
  <node id="11780484157" lat="41.8765303" lon="-87.6351922"/>
  <node id="11784579034" lat="41.8726321" lon="-87.6438335"/>
  <node id="11784579035" lat="41.8726547" lon="-87.6423753"/>
  <node id="11822483349" lat="41.8779929" lon="-87.6484150">
    <tag k="crossing:markings" v="yes"/>
    <tag k="crossing:signals" v="no"/>
    <tag k="highway" v="crossing"/>
  </node>
  <node id="11822483351" lat="41.8779722" lon="-87.6495718">
    <tag k="crossing:signals" v="no"/>
    <tag k="highway" v="crossing"/>
  </node>
  <node id="11822483354" lat="41.8779526" lon="-87.6507461">
    <tag k="highway" v="crossing"/>
  </node>
  <node id="11822483357" lat="41.8779296" lon="-87.6519086">
    <tag k="highway" v="crossing"/>
  </node>
  <node id="11822483361" lat="41.8778903" lon="-87.6545702">
    <tag k="highway" v="crossing"/>
  </node>
  <node id="11822483367" lat="41.8778526" lon="-87.6570302">
    <tag k="highway" v="crossing"/>
  </node>
  <node id="11822519271" lat="41.8778130" lon="-87.6594488">
    <tag k="highway" v="crossing"/>
  </node>
  <node id="11829472889" lat="41.8758429" lon="-87.6404694"/>
  <node id="11829472890" lat="41.8767634" lon="-87.6404937"/>
  <node id="11829472896" lat="41.8759928" lon="-87.6410291"/>
  <node id="11838361573" lat="41.8767963" lon="-87.6379127"/>
  <node id="11838361574" lat="41.8767967" lon="-87.6378882"/>
  <node id="11841529428" lat="41.8857200" lon="-87.6416801"/>
  <node id="11851469341" lat="41.8857289" lon="-87.6382609"/>
  <node id="11870308591" lat="41.8857290" lon="-87.6384719">
    <tag k="crossing" v="uncontrolled"/>
    <tag k="crossing:island" v="no"/>
    <tag k="highway" v="crossing"/>
    <tag k="tactile_paving" v="yes"/>
  </node>
  <node id="11870308666" lat="41.8865191" lon="-87.6398926"/>
  <node id="11870471249" lat="41.8855486" lon="-87.6398518"/>
  <node id="11870471275" lat="41.8846983" lon="-87.6398285"/>
  <node id="11870471277" lat="41.8852883" lon="-87.6398440"/>
  <node id="11870471279" lat="41.8852304" lon="-87.6398422"/>
  <node id="11872650973" lat="41.8831969" lon="-87.6385899"/>
  <node id="11872651035" lat="41.8844476" lon="-87.6389829"/>
  <node id="11872651083" lat="41.8832000" lon="-87.6391636"/>
  <node id="11872651084" lat="41.8832003" lon="-87.6392243"/>
  <node id="11874814608" lat="41.8757036" lon="-87.6361026"/>
  <node id="11874814609" lat="41.8755707" lon="-87.6360056"/>
  <node id="11874814617" lat="41.8754652" lon="-87.6358445"/>
  <node id="11874814621" lat="41.8755598" lon="-87.6372394"/>
  <node id="11874814622" lat="41.8756892" lon="-87.6373311"/>
  <node id="11874844286" lat="41.8744487" lon="-87.6365069"/>
  <node id="11881628184" lat="41.8841373" lon="-87.6583789"/>
  <node id="11885050147" lat="41.8818112" lon="-87.6448507"/>
  <node id="11885108287" lat="41.8827458" lon="-87.6397321"/>
  <node id="11885108289" lat="41.8825434" lon="-87.6397260"/>
  <node id="11886792440" lat="41.8812841" lon="-87.6396856"/>
  <node id="11886792484" lat="41.8813669" lon="-87.6396885"/>
  <node id="11887891061" lat="41.8805986" lon="-87.6395769">
    <tag k="highway" v="traffic_signals"/>
    <tag k="traffic_signals" v="signal"/>
  </node>
  <node id="11889859366" lat="41.8780600" lon="-87.6391606"/>
  <node id="11892363488" lat="41.8767912" lon="-87.6382125"/>
  <node id="11892363490" lat="41.8767887" lon="-87.6383717"/>
  <node id="11910248852" lat="41.8835815" lon="-87.6497545"/>
  <node id="11910248856" lat="41.8824749" lon="-87.6508841"/>
  <node id="11913326382" lat="41.8830913" lon="-87.6514231"/>
  <node id="11913326391" lat="41.8835486" lon="-87.6509108"/>
  <node id="11917017469" lat="41.8895703" lon="-87.6534340"/>
  <node id="11917017521" lat="41.8896503" lon="-87.6545844"/>
  <node id="11918710083" lat="41.8873822" lon="-87.6465941"/>
  <node id="11918974351" lat="41.8780682" lon="-87.6425309"/>
  <node id="11919024075" lat="41.8841859" lon="-87.6441768"/>
  <node id="11919024078" lat="41.8840217" lon="-87.6427349"/>
  <node id="11943574230" lat="41.8758004" lon="-87.6453151"/>
  <node id="11943574250" lat="41.8750498" lon="-87.6451526"/>
  <node id="11943616087" lat="41.8767351" lon="-87.6461661"/>
  <node id="11943616088" lat="41.8766695" lon="-87.6461941"/>
  <node id="11943616089" lat="41.8765903" lon="-87.6460510"/>
  <node id="11943616090" lat="41.8768326" lon="-87.6460470"/>
  <node id="11943616096" lat="41.8759674" lon="-87.6467706"/>
  <node id="11943616097" lat="41.8759646" lon="-87.6466380"/>
  <node id="11943616115" lat="41.8760417" lon="-87.6467219"/>
  <node id="11943616116" lat="41.8759742" lon="-87.6467636"/>
  <node id="11943616117" lat="41.8758024" lon="-87.6468371"/>
  <node id="11943616118" lat="41.8755401" lon="-87.6468448"/>
  <node id="11943616119" lat="41.8755971" lon="-87.6469719"/>
  <node id="11943616123" lat="41.8758742" lon="-87.6469339"/>
  <node id="11943616124" lat="41.8757404" lon="-87.6469666"/>
  <node id="11943616125" lat="41.8756673" lon="-87.6469715"/>
  <node id="11943616126" lat="41.8755335" lon="-87.6469641"/>
  <node id="11943616129" lat="41.8765553" lon="-87.6462782"/>
  <node id="11943616130" lat="41.8764585" lon="-87.6461121"/>
  <node id="11943616131" lat="41.8759393" lon="-87.6466476"/>
  <node id="11943616132" lat="41.8760025" lon="-87.6465972"/>
  <node id="11943616143" lat="41.8753865" lon="-87.6469193"/>
  <node id="11943616163" lat="41.8732532" lon="-87.6459411"/>
  <node id="11943616166" lat="41.8737140" lon="-87.6447323"/>
  <node id="11943616175" lat="41.8744610" lon="-87.6354819"/>
  <node id="11943616211" lat="41.8743816" lon="-87.6418049"/>
  <node id="11943616217" lat="41.8743282" lon="-87.6466851"/>
  <node id="11943616230" lat="41.8743163" lon="-87.6424231">
    <tag k="highway" v="traffic_signals"/>
    <tag k="traffic_signals" v="signal"/>
  </node>
  <node id="11943616235" lat="41.8744552" lon="-87.6409949">
    <tag k="highway" v="traffic_signals"/>
    <tag k="traffic_signals" v="signal"/>
  </node>
  <node id="11943616252" lat="41.8744176" lon="-87.6387824"/>
  <node id="11943616274" lat="41.8744616" lon="-87.6354006"/>
  <node id="11943616295" lat="41.8742709" lon="-87.6470642">
    <tag k="highway" v="traffic_signals"/>
    <tag k="traffic_signals" v="signal"/>
  </node>
  <node id="11943751597" lat="41.8739696" lon="-87.6462686"/>
  <node id="11943751614" lat="41.8757128" lon="-87.6501957"/>
  <node id="11943751615" lat="41.8758116" lon="-87.6482613"/>
  <node id="11943751617" lat="41.8758979" lon="-87.6499327"/>
  <node id="11943751618" lat="41.8757435" lon="-87.6519944"/>
  <node id="11943751619" lat="41.8757880" lon="-87.6530583"/>
  <node id="11943751620" lat="41.8759085" lon="-87.6476696"/>
  <node id="11943751621" lat="41.8759586" lon="-87.6475118"/>
  <node id="11943751622" lat="41.8758804" lon="-87.6477741"/>
  <node id="11943751623" lat="41.8767198" lon="-87.6464645"/>
  <node id="11943751627" lat="41.8763817" lon="-87.6464938"/>
  <node id="11943751628" lat="41.8762624" lon="-87.6466443"/>
  <node id="11943751629" lat="41.8761741" lon="-87.6467444"/>
  <node id="11943751630" lat="41.8760743" lon="-87.6468307"/>
  <node id="11943751631" lat="41.8759963" lon="-87.6468784"/>
  <node id="11943751636" lat="41.8759471" lon="-87.6463904"/>
  <node id="11943751647" lat="41.8763201" lon="-87.6447704"/>
  <node id="11943751648" lat="41.8765853" lon="-87.6450269"/>
  <node id="11943751649" lat="41.8779246" lon="-87.6455802"/>
  <node id="11943751651" lat="41.8786582" lon="-87.6462973"/>
  <node id="11943759870" lat="41.8842761" lon="-87.6463284"/>
  <node id="11943759874" lat="41.8854460" lon="-87.6461314"/>
  <node id="11943759884" lat="41.8757933" lon="-87.6443815"/>
  <node id="11943759885" lat="41.8757229" lon="-87.6440034"/>
  <node id="11943759886" lat="41.8758866" lon="-87.6446483"/>
  <node id="11943759905" lat="41.8787425" lon="-87.6454814"/>
  <node id="11943759915" lat="41.8809476" lon="-87.6452843"/>
  <node id="11943759921" lat="41.8828252" lon="-87.6453872"/>
  <node id="11943759922" lat="41.8823802" lon="-87.6454232"/>
  <node id="11944263638" lat="41.8757140" lon="-87.6509116"/>
  <node id="11944265905" lat="41.8752434" lon="-87.6441937"/>
  <node id="11944265906" lat="41.8754328" lon="-87.6441605"/>
  <node id="11944268818" lat="41.8744538" lon="-87.6446907"/>
  <node id="11978705914" lat="41.8844765" lon="-87.6411792"/>
  <node id="12001128158" lat="41.8756359" lon="-87.6444346"/>
  <node id="12001128159" lat="41.8757456" lon="-87.6457065"/>
  <node id="12001128160" lat="41.8757696" lon="-87.6462431"/>
  <node id="12001128161" lat="41.8750508" lon="-87.6457948"/>
  <node id="12001128162" lat="41.8750575" lon="-87.6460759"/>
  <node id="12001128163" lat="41.8751226" lon="-87.6463205"/>
  <node id="12001128164" lat="41.8752106" lon="-87.6464775"/>
  <node id="12001128165" lat="41.8753106" lon="-87.6466002"/>
  <node id="12001128166" lat="41.8754122" lon="-87.6466713"/>
  <node id="12001128167" lat="41.8755888" lon="-87.6467283"/>
  <node id="12001128168" lat="41.8757960" lon="-87.6467162"/>
  <node id="12001199269" lat="41.8756493" lon="-87.6467330"/>
  <node id="12001199270" lat="41.8755274" lon="-87.6467155"/>
  <node id="12001199271" lat="41.8754206" lon="-87.6446346"/>
  <node id="12001199272" lat="41.8754411" lon="-87.6445325"/>
  <node id="12001199273" lat="41.8753969" lon="-87.6447359"/>
  <node id="12001199274" lat="41.8758248" lon="-87.6444402"/>
  <node id="12001199275" lat="41.8754808" lon="-87.6443640"/>
  <node id="12001199277" lat="41.8773210" lon="-87.6459518"/>
  <node id="12001199278" lat="41.8771257" lon="-87.6459215"/>
  <node id="12001199279" lat="41.8775062" lon="-87.6459719"/>
  <node id="12001199280" lat="41.8779422" lon="-87.6459992"/>
  <node id="12001199283" lat="41.8753216" lon="-87.6456490"/>
  <node id="12001199284" lat="41.8751441" lon="-87.6456477"/>
  <node id="12001199285" lat="41.8745561" lon="-87.6455735"/>
  <node id="12001199286" lat="41.8745634" lon="-87.6457974"/>
  <node id="12001199287" lat="41.8746048" lon="-87.6460167"/>
  <node id="12001199288" lat="41.8746856" lon="-87.6462341"/>
  <node id="12001199289" lat="41.8747965" lon="-87.6464507"/>
  <node id="12001199290" lat="41.8751583" lon="-87.6471024"/>
  <node id="12001199291" lat="41.8752377" lon="-87.6473545"/>
  <node id="12001199292" lat="41.8752859" lon="-87.6475931"/>
  <node id="12001199295" lat="41.8752244" lon="-87.6481720"/>
  <node id="12001199301" lat="41.8748845" lon="-87.6468950"/>
  <node id="12001199304" lat="41.8744473" lon="-87.6463047"/>
  <node id="12001199305" lat="41.8742669" lon="-87.6461551"/>
  <node id="12001199306" lat="41.8741101" lon="-87.6460544"/>
  <node id="12001199307" lat="41.8739904" lon="-87.6459930"/>
  <node id="12001199310" lat="41.8753943" lon="-87.6485999"/>
  <node id="12001199311" lat="41.8750602" lon="-87.6457325"/>
  <node id="12001199312" lat="41.8750463" lon="-87.6458621"/>
  <node id="12001199313" lat="41.8750500" lon="-87.6459993"/>
  <node id="12001199314" lat="41.8750694" lon="-87.6461495"/>
  <node id="12001199315" lat="41.8751025" lon="-87.6462701"/>
  <node id="12001199316" lat="41.8751449" lon="-87.6463678"/>
  <node id="12001199317" lat="41.8757528" lon="-87.6467257"/>
  <node id="12001199318" lat="41.8758370" lon="-87.6467015"/>
  <node id="12001199319" lat="41.8759105" lon="-87.6466664"/>
  <node id="12001199320" lat="41.8759727" lon="-87.6466236"/>
  <node id="12001199321" lat="41.8760389" lon="-87.6465589"/>
  <node id="12001199322" lat="41.8763953" lon="-87.6454218"/>
  <node id="12001199323" lat="41.8764370" lon="-87.6456136"/>
  <node id="12001199324" lat="41.8764505" lon="-87.6458161"/>
  <node id="12001199325" lat="41.8764398" lon="-87.6459975"/>
  <node id="12001199326" lat="41.8763985" lon="-87.6461772"/>
  <node id="12001199327" lat="41.8763271" lon="-87.6463612"/>
  <node id="12001199328" lat="41.8762453" lon="-87.6465067"/>
  <node id="12001199329" lat="41.8761648" lon="-87.6466122"/>
  <node id="12001199330" lat="41.8760766" lon="-87.6466964"/>
  <node id="12001199331" lat="41.8760062" lon="-87.6467451"/>
  <node id="12001199332" lat="41.8759288" lon="-87.6467883"/>
  <node id="12001199333" lat="41.8758464" lon="-87.6468235"/>
  <node id="12001199334" lat="41.8757556" lon="-87.6468474"/>
  <node id="12001199335" lat="41.8756688" lon="-87.6468584"/>
  <node id="12001199336" lat="41.8755833" lon="-87.6468527"/>
  <node id="12001199337" lat="41.8755066" lon="-87.6468373"/>
  <node id="12001199338" lat="41.8754063" lon="-87.6468046"/>
  <node id="12001199339" lat="41.8754368" lon="-87.6468160"/>
  <node id="12001199340" lat="41.8759009" lon="-87.6441536"/>
  <node id="12001199341" lat="41.8758091" lon="-87.6438373"/>
  <node id="12001199342" lat="41.8757644" lon="-87.6435675"/>
  <node id="12001199343" lat="41.8757387" lon="-87.6432358"/>
  <node id="12001199344" lat="41.8757029" lon="-87.6424927"/>
  <node id="12001199345" lat="41.8760727" lon="-87.6472383"/>
  <node id="12001199346" lat="41.8761816" lon="-87.6470322"/>
  <node id="12001199347" lat="41.8762836" lon="-87.6468798"/>
  <node id="12001199348" lat="41.8763951" lon="-87.6467421"/>
  <node id="12001199349" lat="41.8765338" lon="-87.6466028"/>
  <node id="12001199350" lat="41.8766628" lon="-87.6465004"/>
  <node id="12001199351" lat="41.8768787" lon="-87.6463780"/>
  <node id="12001199352" lat="41.8770315" lon="-87.6463149"/>
  <node id="12001199353" lat="41.8771733" lon="-87.6462758"/>
  <node id="12001199354" lat="41.8772879" lon="-87.6462547"/>
  <node id="12001199355" lat="41.8779833" lon="-87.6453801"/>
  <node id="12001199356" lat="41.8775345" lon="-87.6453054"/>
  <node id="12001199357" lat="41.8773792" lon="-87.6452689"/>
  <node id="12001199358" lat="41.8771160" lon="-87.6451810"/>
  <node id="12001199359" lat="41.8776914" lon="-87.6453363"/>
  <node id="12001199360" lat="41.8769573" lon="-87.6450159"/>
  <node id="12001199361" lat="41.8772577" lon="-87.6451481"/>
  <node id="12001199362" lat="41.8777183" lon="-87.6453220"/>
  <node id="12001199363" lat="41.8777894" lon="-87.6453441"/>
  <node id="12001199364" lat="41.8764735" lon="-87.6448586"/>
  <node id="12001199365" lat="41.8761805" lon="-87.6446807"/>
  <node id="12001199367" lat="41.8778726" lon="-87.6457179"/>
  <node id="12001199369" lat="41.8766766" lon="-87.6454288"/>
  <node id="12001199370" lat="41.8769390" lon="-87.6454969"/>
  <node id="12001199371" lat="41.8769640" lon="-87.6456120"/>
  <node id="12001199372" lat="41.8775139" lon="-87.6456969"/>
  <node id="12001199373" lat="41.8791156" lon="-87.6459585"/>
  <node id="12001199374" lat="41.8796587" lon="-87.6459440"/>
  <node id="12001199375" lat="41.8809846" lon="-87.6459458"/>
  <node id="12001199377" lat="41.8815512" lon="-87.6460811"/>
  <node id="12001199379" lat="41.8829722" lon="-87.6458844"/>
  <node id="12001199380" lat="41.8827690" lon="-87.6458928"/>
  <node id="12001199381" lat="41.8831812" lon="-87.6458782"/>
  <node id="12001199384" lat="41.8828731" lon="-87.6458908"/>
  <node id="12001199385" lat="41.8826724" lon="-87.6458926"/>
  <node id="12001199386" lat="41.8836192" lon="-87.6458789"/>
  <node id="12001199387" lat="41.8841858" lon="-87.6459006"/>
  <node id="12001199388" lat="41.8842659" lon="-87.6458639"/>
  <node id="12001199389" lat="41.8843643" lon="-87.6457193"/>
  <node id="12001199390" lat="41.8843943" lon="-87.6455790"/>
  <node id="12001199391" lat="41.8844023" lon="-87.6455314"/>
  <node id="12001199392" lat="41.8843855" lon="-87.6456270"/>
  <node id="12001199393" lat="41.8843545" lon="-87.6459316"/>
  <node id="12001199394" lat="41.8831840" lon="-87.6462567"/>
  <node id="12001199395" lat="41.8834408" lon="-87.6462232"/>
  <node id="12001199399" lat="41.8806703" lon="-87.6458168"/>
  <node id="12001199400" lat="41.8804625" lon="-87.6458433"/>
  <node id="12001199401" lat="41.8800660" lon="-87.6459185"/>
  <node id="12001199402" lat="41.8799984" lon="-87.6459286"/>
  <node id="12001199404" lat="41.8757221" lon="-87.6514525"/>
  <node id="12001199405" lat="41.8758895" lon="-87.6542584"/>
  <node id="12001199406" lat="41.8769956" lon="-87.6461286"/>
  <node id="12001199407" lat="41.8770797" lon="-87.6461279"/>
  <node id="12001199408" lat="41.8767562" lon="-87.6460405"/>
  <node id="12001199409" lat="41.8766376" lon="-87.6460433"/>
  <node id="12001199410" lat="41.8765512" lon="-87.6460632"/>
  <node id="12001199411" lat="41.8764824" lon="-87.6460959"/>
  <node id="12001199412" lat="41.8764196" lon="-87.6461428"/>
  <node id="12001199413" lat="41.8763238" lon="-87.6462369"/>
  <node id="12001199414" lat="41.8740088" lon="-87.6456871"/>
  <node id="12001199415" lat="41.8730761" lon="-87.6455886"/>
  <node id="12001199416" lat="41.8732060" lon="-87.6457589"/>
  <node id="12001199420" lat="41.8743681" lon="-87.6449631"/>
  <node id="12001199421" lat="41.8740908" lon="-87.6449129"/>
  <node id="12001199425" lat="41.8720073" lon="-87.6446911"/>
  <node id="12008712387" lat="41.8866762" lon="-87.6486758">
    <tag k="direction" v="forward"/>
    <tag k="highway" v="stop"/>
    <tag k="stop" v="all"/>
  </node>
  <node id="12008726200" lat="41.8866519" lon="-87.6521733">
    <tag k="direction" v="backward"/>
    <tag k="highway" v="stop"/>
    <tag k="stop" v="all"/>
  </node>
  <node id="12008726217" lat="41.8868506" lon="-87.6533439">
    <tag k="direction" v="backward"/>
    <tag k="highway" v="stop"/>
    <tag k="stop" v="all"/>
  </node>
  <node id="12008726218" lat="41.8866085" lon="-87.6533359">
    <tag k="direction" v="forward"/>
    <tag k="highway" v="stop"/>
    <tag k="stop" v="all"/>
  </node>
  <node id="12008726219" lat="41.8868097" lon="-87.6545026">
    <tag k="direction" v="backward"/>
    <tag k="highway" v="stop"/>
    <tag k="stop" v="all"/>
  </node>
  <node id="12008726221" lat="41.8866144" lon="-87.6544976">
    <tag k="direction" v="forward"/>
    <tag k="highway" v="stop"/>
    <tag k="stop" v="all"/>
  </node>
  <node id="12012866463" lat="41.8699196" lon="-87.6542387"/>
  <node id="12013174140" lat="41.8752801" lon="-87.6610753"/>
  <node id="12026971564" lat="41.8833904" lon="-87.6398402">
    <tag k="bench" v="no"/>
    <tag k="bin" v="yes"/>
    <tag k="bus" v="yes"/>
    <tag k="local_ref" v="Q"/>
    <tag k="name" v="Canal &amp; Randolph/Washington (Metra)"/>
    <tag k="network" v="CTA"/>
    <tag k="operator" v="Chicago Transit Authority"/>
    <tag k="public_transport" v="stop_position"/>
    <tag k="ref" v="6579"/>
    <tag k="shelter" v="no"/>
  </node>
  <node id="12030560685" lat="41.8775756" lon="-87.6368509"/>
  <node id="12030560686" lat="41.8775100" lon="-87.6368433"/>
  <node id="12030566311" lat="41.8760327" lon="-87.6555892"/>
  <node id="12030566313" lat="41.8753248" lon="-87.6519028"/>
  <node id="12031229277" lat="41.8837371" lon="-87.6467903">
    <tag k="barrier" v="gate"/>
  </node>
  <node id="12051514207" lat="41.8782527" lon="-87.6519184"/>
  <node id="12064652336" lat="41.8823189" lon="-87.6459873"/>
  <node id="12068250936" lat="41.8787347" lon="-87.6484380"/>
  <node id="12068250948" lat="41.8795947" lon="-87.6472873"/>
  <node id="12083287393" lat="41.8771046" lon="-87.6495431"/>
  <node id="12110040614" lat="41.8729045" lon="-87.6438416"/>
  <node id="12140387826" lat="41.8769837" lon="-87.6594256"/>
  <node id="12140387832" lat="41.8768741" lon="-87.6594225"/>
  <node id="12140387836" lat="41.8774236" lon="-87.6594380"/>
  <node id="12143502010" lat="41.8795473" lon="-87.6456495"/>
  <node id="12145520259" lat="41.8861036" lon="-87.6367539"/>
  <node id="12151257420" lat="41.8794887" lon="-87.6463226"/>
  <node id="12153004970" lat="41.8841665" lon="-87.6452534"/>
  <node id="12170655961" lat="41.8765521" lon="-87.6551583"/>
  <node id="12170655997" lat="41.8781561" lon="-87.6545798"/>
  <node id="12194545687" lat="41.8854747" lon="-87.6592447"/>
  <node id="12194833987" lat="41.8721623" lon="-87.6568254">
    <tag k="direction" v="backward"/>
    <tag k="highway" v="stop"/>
    <tag k="stop" v="all"/>
  </node>
  <node id="12194833988" lat="41.8722540" lon="-87.6569843">
    <tag k="direction" v="forward"/>
    <tag k="highway" v="stop"/>
    <tag k="stop" v="all"/>
  </node>
  <node id="12231918576" lat="41.8743610" lon="-87.6437648">
    <tag k="crossing" v="traffic_signals"/>
    <tag k="crossing:markings" v="zebra"/>
    <tag k="crossing:signals" v="yes"/>
    <tag k="highway" v="crossing"/>
  </node>
  <node id="12233562172" lat="41.8794839" lon="-87.6369604">
    <tag k="bench" v="no"/>
    <tag k="bus" v="yes"/>
    <tag k="name" v="Wacker &amp; Adams"/>
    <tag k="network" v="CTA"/>
    <tag k="operator" v="Chicago Transit Authority"/>
    <tag k="public_transport" v="stop_position"/>
    <tag k="ref" v="16038"/>
    <tag k="shelter" v="no"/>
  </node>
  <node id="12233562185" lat="41.8842711" lon="-87.6397862">
    <tag k="bench" v="yes"/>
    <tag k="bus" v="yes"/>
    <tag k="name" v="Canal &amp; Randolph"/>
    <tag k="network" v="CTA"/>
    <tag k="operator" v="Chicago Transit Authority"/>
    <tag k="public_transport" v="stop_position"/>
    <tag k="ref" v="5028"/>
    <tag k="shelter" v="yes"/>
  </node>
  <node id="12233562186" lat="41.8833551" lon="-87.6412739">
    <tag k="bench" v="no"/>
    <tag k="bus" v="yes"/>
    <tag k="name" v="Clinton &amp; Washington"/>
    <tag k="network" v="CTA"/>
    <tag k="operator" v="Chicago Transit Authority"/>
    <tag k="public_transport" v="stop_position"/>
    <tag k="ref" v="5023"/>
    <tag k="shelter" v="no"/>
  </node>
  <node id="12233562195" lat="41.8767396" lon="-87.6423060">
    <tag k="bench" v="no"/>
    <tag k="bus" v="yes"/>
    <tag k="name" v="Van Buren &amp; Jefferson"/>
    <tag k="network" v="CTA"/>
    <tag k="operator" v="Chicago Transit Authority"/>
    <tag k="public_transport" v="stop_position"/>
    <tag k="ref" v="86"/>
    <tag k="shelter" v="no"/>
  </node>
  <node id="12251436177" lat="41.8816697" lon="-87.6542210">
    <tag k="direction" v="backward"/>
    <tag k="highway" v="stop"/>
  </node>
  <node id="12251436183" lat="41.8842891" lon="-87.6605285"/>
  <node id="12251436184" lat="41.8843115" lon="-87.6590506"/>
  <node id="12251436190" lat="41.8843173" lon="-87.6586657"/>
  <node id="12251436191" lat="41.8843282" lon="-87.6579376"/>
  <node id="12251436194" lat="41.8843307" lon="-87.6577724"/>
  <node id="12251436195" lat="41.8843333" lon="-87.6576022"/>
  <node id="12251436198" lat="41.8843347" lon="-87.6575110"/>
  <node id="12251436199" lat="41.8843449" lon="-87.6568766"/>
  <node id="12251463102" lat="41.8843490" lon="-87.6565575"/>
  <node id="12251463103" lat="41.8843614" lon="-87.6557301"/>
  <node id="12251463106" lat="41.8843693" lon="-87.6553357"/>
  <node id="12251463107" lat="41.8843789" lon="-87.6545674"/>
  <node id="12251463110" lat="41.8843915" lon="-87.6537465"/>
  <node id="12251463111" lat="41.8843967" lon="-87.6534045"/>
  <node id="12251463113" lat="41.8843871" lon="-87.6540310"/>
  <node id="12251463115" lat="41.8844028" lon="-87.6530477"/>
  <node id="12251463116" lat="41.8844186" lon="-87.6522313"/>
  <node id="12251463119" lat="41.8844255" lon="-87.6518610"/>
  <node id="12251463120" lat="41.8844404" lon="-87.6510711"/>
  <node id="12251463123" lat="41.8844484" lon="-87.6506553"/>
  <node id="12251463124" lat="41.8844575" lon="-87.6501780"/>
  <node id="12251463130" lat="41.8844717" lon="-87.6492823"/>
  <node id="12251463141" lat="41.8844843" lon="-87.6483378"/>
  <node id="12251463142" lat="41.8844929" lon="-87.6479120"/>
  <node id="12251463147" lat="41.8845114" lon="-87.6471183"/>
  <node id="12251463158" lat="41.8843262" lon="-87.6470878"/>
  <node id="12251463161" lat="41.8843200" lon="-87.6477001"/>
  <node id="12251463179" lat="41.8841169" lon="-87.6600966"/>
  <node id="12251463180" lat="41.8841309" lon="-87.6590279"/>
  <node id="12251463183" lat="41.8841327" lon="-87.6586887"/>
  <node id="12251463184" lat="41.8841353" lon="-87.6585115"/>
  <node id="12251463187" lat="41.8841374" lon="-87.6583667"/>
  <node id="12251463188" lat="41.8841422" lon="-87.6578785"/>
  <node id="12251463191" lat="41.8841478" lon="-87.6575218"/>
  <node id="12251463192" lat="41.8841555" lon="-87.6568887"/>
  <node id="12251463195" lat="41.8841599" lon="-87.6566086"/>
  <node id="12251463196" lat="41.8841767" lon="-87.6558868"/>
  <node id="12251463199" lat="41.8841820" lon="-87.6554377"/>
  <node id="12251463200" lat="41.8841938" lon="-87.6547257"/>
  <node id="12251463202" lat="41.8842056" lon="-87.6540081"/>
  <node id="12251463203" lat="41.8842130" lon="-87.6535629"/>
  <node id="12251463205" lat="41.8842210" lon="-87.6531229"/>
  <node id="12251463206" lat="41.8842377" lon="-87.6523774"/>
  <node id="12251463209" lat="41.8842468" lon="-87.6519295"/>
  <node id="12251463210" lat="41.8842618" lon="-87.6512052"/>
  <node id="12251463212" lat="41.8842743" lon="-87.6505131"/>
  <node id="12251463213" lat="41.8842793" lon="-87.6501228"/>
  <node id="12251463216" lat="41.8842871" lon="-87.6495866"/>
  <node id="12251463217" lat="41.8842944" lon="-87.6491895"/>
  <node id="12251463222" lat="41.8842976" lon="-87.6490227"/>
  <node id="12251463223" lat="41.8843010" lon="-87.6488367"/>
  <node id="12251463225" lat="41.8843091" lon="-87.6483875"/>
  <node id="12251463228" lat="41.8843128" lon="-87.6466665"/>
  <node id="12251947046" lat="41.8747639" lon="-87.6410042"/>
  <node id="12292976126" lat="41.8801877" lon="-87.6496452"/>
  <node id="12292976129" lat="41.8801741" lon="-87.6484825"/>
  <node id="12292976135" lat="41.8804885" lon="-87.6480355"/>
  <node id="12292976140" lat="41.8808774" lon="-87.6485043"/>
  <node id="12292976143" lat="41.8812082" lon="-87.6485145"/>
  <node id="12292976147" lat="41.8817899" lon="-87.6467122"/>
  <node id="12292976198" lat="41.8816401" lon="-87.6560459"/>
  <node id="12297183281" lat="41.8783925" lon="-87.6594647"/>
  <node id="12305205110" lat="41.8857146" lon="-87.6432745"/>
  <node id="12307308172" lat="41.8804029" lon="-87.6531285"/>
  <node id="12307939283" lat="41.8825516" lon="-87.6567138"/>
  <node id="12307940311" lat="41.8825705" lon="-87.6555482"/>
  <node id="12311202777" lat="41.8862386" lon="-87.6363001">
    <tag k="bench" v="yes"/>
    <tag k="bus" v="yes"/>
    <tag k="level" v="0"/>
    <tag k="name" v="Wacker (Upper) &amp; Lake"/>
    <tag k="network" v="CTA"/>
    <tag k="operator" v="Chicago Transit Authority"/>
    <tag k="public_transport" v="stop_position"/>
    <tag k="ref" v="3946"/>
    <tag k="shelter" v="yes"/>
  </node>
  <node id="12342753518" lat="41.8839530" lon="-87.6427349"/>
  <node id="12349130693" lat="41.8783839" lon="-87.6507598"/>
  <node id="12349130698" lat="41.8778975" lon="-87.6502736"/>
  <node id="12349505901" lat="41.8789939" lon="-87.6507791"/>
  <node id="12349505904" lat="41.8791705" lon="-87.6501739"/>
  <node id="12349505908" lat="41.8791738" lon="-87.6499899"/>
  <node id="12395830598" lat="41.8731944" lon="-87.6448294"/>
  <node id="12395888690" lat="41.8823469" lon="-87.6461182"/>
  <node id="12395888691" lat="41.8825649" lon="-87.6460988"/>
  <node id="12395888692" lat="41.8827967" lon="-87.6460998"/>
  <node id="12413361814" lat="41.8837352" lon="-87.6470209"/>
  <node id="12422215215" lat="41.8784314" lon="-87.6456106"/>
  <node id="12432749391" lat="41.8722033" lon="-87.6446973"/>
  <node id="12432913706" lat="41.8780645" lon="-87.6461524"/>
  <node id="12432913707" lat="41.8780630" lon="-87.6461866"/>
  <node id="12433192666" lat="41.8725818" lon="-87.6454923"/>
  <node id="12475143975" lat="41.8779423" lon="-87.6352379">
    <tag k="bench" v="yes"/>
    <tag k="bin" v="yes"/>
    <tag k="bus" v="yes"/>
    <tag k="name" v="Franklin &amp; Jackson"/>
    <tag k="network" v="CTA"/>
    <tag k="operator" v="Chicago Transit Authority"/>
    <tag k="public_transport" v="stop_position"/>
    <tag k="ref" v="6711"/>
    <tag k="shelter" v="yes"/>
  </node>
  <node id="12481069481" lat="41.8844284" lon="-87.6436223"/>
  <node id="12586575286" lat="41.8720831" lon="-87.6393635"/>
  <node id="12688601808" lat="41.8812788" lon="-87.6571317"/>
  <node id="12688601817" lat="41.8816125" lon="-87.6576230"/>
  <node id="12736856083" lat="41.8780129" lon="-87.6570349"/>
  <node id="12776738434" lat="41.8813352" lon="-87.6508533"/>
  <node id="12776738438" lat="41.8821294" lon="-87.6508756"/>
  <node id="12776738442" lat="41.8830518" lon="-87.6537796"/>
  <node id="12776738444" lat="41.8830476" lon="-87.6539932"/>
  <node id="12776738448" lat="41.8830481" lon="-87.6539621"/>
  <node id="12784224620" lat="41.8791219" lon="-87.6529388"/>
  <node id="12784224627" lat="41.8791122" lon="-87.6535169"/>
  <node id="12784224630" lat="41.8791036" lon="-87.6540272"/>
  <node id="12784224634" lat="41.8787156" lon="-87.6546002"/>
  <node id="12784224638" lat="41.8778460" lon="-87.6534496"/>
  <node id="12784224644" lat="41.8778440" lon="-87.6535808"/>
  <node id="12784224651" lat="41.8778486" lon="-87.6532848"/>
  <node id="12784224661" lat="41.8772074" lon="-87.6518869"/>
  <node id="12836308845" lat="41.8704090" lon="-87.6422926"/>
  <node id="12912848005" lat="41.8822917" lon="-87.6464212"/>
  <node id="12912851307" lat="41.8784858" lon="-87.6440034"/>
  <node id="12912851310" lat="41.8809122" lon="-87.6411799"/>
  <node id="12912851313" lat="41.8810948" lon="-87.6411854"/>
  <node id="13003517402" lat="41.8831827" lon="-87.6442488">
    <tag k="crossing" v="unmarked"/>
    <tag k="crossing:markings" v="no"/>
    <tag k="highway" v="crossing"/>
  </node>
  <node id="13003517413" lat="41.8773542" lon="-87.6440636">
    <tag k="crossing" v="unmarked"/>
    <tag k="crossing:markings" v="no"/>
    <tag k="highway" v="crossing"/>
  </node>
  <node id="13048546591" lat="41.8802565" lon="-87.6618188">
    <tag k="direction" v="forward"/>
    <tag k="highway" v="stop"/>
    <tag k="stop" v="all"/>
  </node>
  <node id="13048546592" lat="41.8802519" lon="-87.6621043">
    <tag k="direction" v="backward"/>
    <tag k="highway" v="stop"/>
    <tag k="stop" v="all"/>
  </node>
  <node id="13048546593" lat="41.8802694" lon="-87.6610356"/>
  <node id="13065601209" lat="41.8761876" lon="-87.6571816">
    <tag k="camera:type" v="fixed"/>
    <tag k="description" v="Two cameras for rightmost lanes"/>
    <tag k="direction" v="280;270"/>
    <tag k="man_made" v="surveillance"/>
    <tag k="manufacturer" v="Motorola Solutions"/>
    <tag k="manufacturer:wikidata" v="Q634815"/>
    <tag k="operator" v="Illinois State Police"/>
    <tag k="operator:short" v="ISP"/>
    <tag k="operator:wikidata" v="Q3148730"/>
    <tag k="surveillance:type" v="ALPR"/>
  </node>
  <node id="13065601210" lat="41.8755641" lon="-87.6568061">
    <tag k="camera:type" v="fixed"/>
    <tag k="description" v="Two cameras for rightmost lanes"/>
    <tag k="direction" v="110;120"/>
    <tag k="man_made" v="surveillance"/>
    <tag k="manufacturer" v="Motorola Solutions"/>
    <tag k="manufacturer:wikidata" v="Q634815"/>
    <tag k="operator" v="Illinois State Police"/>
    <tag k="operator:short" v="ISP"/>
    <tag k="operator:wikidata" v="Q3148730"/>
    <tag k="surveillance:type" v="ALPR"/>
  </node>
  <node id="13069192283" lat="41.8826807" lon="-87.6485597"/>
  <node id="13069244006" lat="41.8822246" lon="-87.6485458"/>
  <node id="13071039804" lat="41.8785926" lon="-87.6464901"/>
  <node id="13071039806" lat="41.8785879" lon="-87.6468410"/>
  <node id="13084607400" lat="41.8831958" lon="-87.6417518"/>
  <node id="13084620004" lat="41.8831949" lon="-87.6419137"/>
  <node id="13087776256" lat="41.8763076" lon="-87.6457542"/>
  <node id="13087776257" lat="41.8759746" lon="-87.6457037"/>
  <node id="13120308055" lat="41.8757668" lon="-87.6499226"/>
  <node id="13120308056" lat="41.8757632" lon="-87.6525877"/>
  <node id="13120308057" lat="41.8754914" lon="-87.6613654"/>
  <node id="13135500867" lat="41.8767830" lon="-87.6387280">
    <tag k="crossing" v="uncontrolled"/>
    <tag k="crossing:markings" v="yes"/>
    <tag k="highway" v="crossing"/>
  </node>
  <node id="13142787921" lat="41.8774258" lon="-87.6410797"/>
  <node id="13142787923" lat="41.8773799" lon="-87.6410776"/>
  <node id="13142787938" lat="41.8767587" lon="-87.6409558">
    <tag k="crossing" v="traffic_signals"/>
    <tag k="highway" v="crossing"/>
  </node>
  <node id="13142787940" lat="41.8758395" lon="-87.6409268">
    <tag k="crossing" v="uncontrolled"/>
    <tag k="highway" v="crossing"/>
  </node>
  <node id="13142787958" lat="41.8760830" lon="-87.6424734"/>
  <node id="13144531008" lat="41.8765422" lon="-87.6556335"/>
  <node id="13144531019" lat="41.8760940" lon="-87.6539655"/>
  <node id="13144531023" lat="41.8765727" lon="-87.6540107"/>
  <node id="13162416199" lat="41.8767974" lon="-87.6507095"/>
  <node id="13165332401" lat="41.8849645" lon="-87.6588397"/>
  <node id="13311308678" lat="41.8785905" lon="-87.6466439"/>
  <node id="13311308680" lat="41.8785931" lon="-87.6464502"/>
  <node id="13311308688" lat="41.8766700" lon="-87.6476284"/>
  <node id="13316917439" lat="41.8806976" lon="-87.6473255"/>
  <node id="13362077661" lat="41.8772527" lon="-87.6439579"/>
  <node id="13362077664" lat="41.8775265" lon="-87.6439668"/>
  <node id="13362092423" lat="41.8759023" lon="-87.6398087"/>
  <node id="13362092424" lat="41.8758639" lon="-87.6398279"/>
  <node id="13362094322" lat="41.8776212" lon="-87.6425180"/>
  <node id="13362094330" lat="41.8777052" lon="-87.6425194"/>
  <node id="13362289179" lat="41.8775345" lon="-87.6425160"/>
  <node id="13362422189" lat="41.8758445" lon="-87.6402206"/>
  <node id="13362422191" lat="41.8758451" lon="-87.6401247"/>
  <node id="13362422193" lat="41.8758458" lon="-87.6400269"/>
  <node id="13362422198" lat="41.8758437" lon="-87.6403394"/>
  <node id="13362422201" lat="41.8763834" lon="-87.6410422"/>
  <node id="13362422264" lat="41.8758357" lon="-87.6412471"/>
  <node id="13362422265" lat="41.8753018" lon="-87.6412269"/>
  <node id="13362422280" lat="41.8758413" lon="-87.6407727"/>
  <node id="13362422282" lat="41.8753065" lon="-87.6407531"/>
  <node id="13362422297" lat="41.8752791" lon="-87.6431543"/>
  <node id="13362422316" lat="41.8767257" lon="-87.6435082"/>
  <node id="13364244276" lat="41.8773538" lon="-87.6441288">
    <tag k="direction" v="backward"/>
    <tag k="highway" v="stop"/>
  </node>
  <node id="13364244305" lat="41.8772293" lon="-87.6439575"/>
  <node id="13364244309" lat="41.8771819" lon="-87.6439568"/>
  <node id="13364244313" lat="41.8771333" lon="-87.6439561"/>
  <node id="13364244317" lat="41.8770893" lon="-87.6439554"/>
  <node id="13364244323" lat="41.8767322" lon="-87.6443563"/>
  <node id="13364367093" lat="41.8786257" lon="-87.6441976">
    <tag k="direction" v="forward"/>
    <tag k="highway" v="stop"/>
  </node>
  <node id="13364433152" lat="41.8786143" lon="-87.6450511"/>
  <node id="13364433154" lat="41.8786135" lon="-87.6451131"/>
  <node id="13364433156" lat="41.8786126" lon="-87.6451800"/>
  <node id="13364433157" lat="41.8786118" lon="-87.6452443"/>
  <node id="13364433434" lat="41.8786183" lon="-87.6447484"/>
  <node id="13504336502" lat="41.8861697" lon="-87.6568239"/>
  <node id="13505219510" lat="41.8762195" lon="-87.6518626"/>
  <node id="13505219512" lat="41.8766108" lon="-87.6513468"/>
  <node id="13505219518" lat="41.8762872" lon="-87.6518636"/>
  <node id="13505325457" lat="41.8816006" lon="-87.6583501"/>
  <node id="13520634513" lat="41.8872860" lon="-87.6510276">
    <tag k="crossing" v="uncontrolled"/>
    <tag k="crossing:island" v="no"/>
    <tag k="crossing:markings" v="lines"/>
    <tag k="highway" v="crossing"/>
    <tag k="tactile_paving" v="yes"/>
  </node>
  <node id="13539143985" lat="41.8717619" lon="-87.6511328">
    <tag k="crossing" v="uncontrolled"/>
    <tag k="crossing:island" v="yes"/>
    <tag k="crossing:markings" v="zebra"/>
    <tag k="highway" v="crossing"/>
    <tag k="tactile_paving" v="yes"/>
  </node>
  <node id="13539143986" lat="41.8717999" lon="-87.6512515">
    <tag k="crossing" v="uncontrolled"/>
    <tag k="crossing:island" v="yes"/>
    <tag k="crossing:markings" v="zebra"/>
    <tag k="highway" v="crossing"/>
    <tag k="tactile_paving" v="yes"/>
  </node>
  <node id="13539143987" lat="41.8719837" lon="-87.6511409">
    <tag k="crossing" v="uncontrolled"/>
    <tag k="crossing:markings" v="zebra"/>
    <tag k="highway" v="crossing"/>
  </node>
  <node id="13539143988" lat="41.8719509" lon="-87.6512556">
    <tag k="crossing" v="uncontrolled"/>
    <tag k="crossing:markings" v="zebra"/>
    <tag k="highway" v="crossing"/>
  </node>
  <node id="13541497615" lat="41.8878216" lon="-87.6545320">
    <tag k="crossing" v="uncontrolled"/>
    <tag k="crossing:markings" v="yes"/>
    <tag k="highway" v="crossing"/>
  </node>
  <node id="13541497617" lat="41.8878444" lon="-87.6545327">
    <tag k="direction" v="backward"/>
    <tag k="highway" v="stop"/>
    <tag k="stop" v="all"/>
  </node>
  <node id="13541497619" lat="41.8876386" lon="-87.6545269">
    <tag k="direction" v="forward"/>
    <tag k="highway" v="stop"/>
    <tag k="stop" v="all"/>
  </node>
  <node id="13541497635" lat="41.8876202" lon="-87.6556997">
    <tag k="direction" v="forward"/>
    <tag k="highway" v="stop"/>
    <tag k="stop" v="all"/>
  </node>
  <node id="13541842594" lat="41.8699125" lon="-87.6542384"/>
  <node id="13541842613" lat="41.8719437" lon="-87.6532781"/>
  <node id="13541842614" lat="41.8717495" lon="-87.6532919"/>
  <node id="13562941169" lat="41.8729708" lon="-87.6567492"/>
  <node id="13562941170" lat="41.8723883" lon="-87.6567865"/>
  <node id="13562941171" lat="41.8723482" lon="-87.6567865"/>
  <node id="13562941172" lat="41.8729681" lon="-87.6568872"/>
  <node id="13562941173" lat="41.8729025" lon="-87.6568868"/>
  <node id="13562941174" lat="41.8723502" lon="-87.6568777">
    <tag k="direction" v="forward"/>
    <tag k="highway" v="stop"/>
    <tag k="stop" v="all"/>
  </node>
  <node id="13562941175" lat="41.8734975" lon="-87.6569025"/>
  <node id="13562941176" lat="41.8732464" lon="-87.6568953"/>
  <node id="13562941177" lat="41.8735037" lon="-87.6567490"/>
  <node id="13562941178" lat="41.8730823" lon="-87.6567438">
    <tag k="crossing" v="uncontrolled"/>
    <tag k="highway" v="crossing"/>
  </node>
  <node id="13562941179" lat="41.8737707" lon="-87.6567519"/>
  <node id="13562941180" lat="41.8737747" lon="-87.6569091"/>
  <node id="13562941181" lat="41.8736507" lon="-87.6567506"/>
  <node id="13659986869" lat="41.8738894" lon="-87.6393290"/>
  <node id="13659986870" lat="41.8744101" lon="-87.6393384">
    <tag k="highway" v="traffic_signals"/>
    <tag k="traffic_signals" v="signal"/>
  </node>
  <node id="13659986871" lat="41.8743338" lon="-87.6393387">
    <tag k="crossing" v="traffic_signals"/>
    <tag k="crossing:markings" v="zebra"/>
    <tag k="highway" v="crossing"/>
  </node>
  <node id="13659986897" lat="41.8720338" lon="-87.6392463">
    <tag k="crossing" v="traffic_signals"/>
    <tag k="highway" v="crossing"/>
  </node>
  <node id="13659986898" lat="41.8720307" lon="-87.6394785">
    <tag k="crossing" v="traffic_signals"/>
    <tag k="highway" v="crossing"/>
  </node>
  <node id="13660069402" lat="41.8710375" lon="-87.6393344"/>
  <node id="13660069409" lat="41.8713879" lon="-87.6393442"/>
  <node id="13660069463" lat="41.8697453" lon="-87.6453589">
    <tag k="crossing" v="traffic_signals"/>
    <tag k="highway" v="crossing"/>
  </node>
  <node id="13660069467" lat="41.8697617" lon="-87.6444472">
    <tag k="crossing" v="traffic_signals"/>
    <tag k="highway" v="crossing"/>
  </node>
  <node id="13660069470" lat="41.8697712" lon="-87.6437388">
    <tag k="crossing" v="traffic_signals"/>
    <tag k="highway" v="crossing"/>
  </node>
  <node id="13660069474" lat="41.8697933" lon="-87.6422727">
    <tag k="crossing" v="traffic_signals"/>
    <tag k="highway" v="crossing"/>
  </node>
  <node id="13660069482" lat="41.8698113" lon="-87.6408125">
    <tag k="crossing" v="traffic_signals"/>
    <tag k="highway" v="crossing"/>
  </node>
  <node id="13660148549" lat="41.8718769" lon="-87.6469087">
    <tag k="crossing" v="traffic_signals"/>
    <tag k="highway" v="crossing"/>
  </node>
  <node id="13660148550" lat="41.8719768" lon="-87.6469119">
    <tag k="crossing" v="traffic_signals"/>
    <tag k="highway" v="crossing"/>
  </node>
  <node id="13660148587" lat="41.8721572" lon="-87.6471188"/>
  <node id="13731017962" lat="41.8851333" lon="-87.6509560"/>
  <node id="13731017964" lat="41.8848630" lon="-87.6509440"/>
  <node id="13731017999" lat="41.8855938" lon="-87.6520928">
    <tag k="crossing" v="traffic_signals"/>
    <tag k="crossing:markings" v="zebra"/>
    <tag k="highway" v="crossing"/>
  </node>
  <node id="13731358901" lat="41.8857787" lon="-87.6486501">
    <tag k="direction" v="backward"/>
    <tag k="highway" v="stop"/>
  </node>
  <node id="13731358903" lat="41.8856579" lon="-87.6485096">
    <tag k="direction" v="backward"/>
    <tag k="highway" v="stop"/>
  </node>
  <node id="13731358904" lat="41.8856529" lon="-87.6487923">
    <tag k="direction" v="forward"/>
    <tag k="highway" v="stop"/>
  </node>
  <node id="13731359000" lat="41.8858116" lon="-87.6454150">
    <tag k="direction" v="backward"/>
    <tag k="highway" v="stop"/>
  </node>
  <node id="13731359007" lat="41.8860861" lon="-87.6454543"/>
  <node id="13731359103" lat="41.8855857" lon="-87.6453744">
    <tag k="direction" v="forward"/>
    <tag k="highway" v="stop"/>
  </node>
  <node id="13731359104" lat="41.8855159" lon="-87.6498150">
    <tag k="direction" v="forward"/>
    <tag k="highway" v="stop"/>
  </node>
  <node id="13731359105" lat="41.8857489" lon="-87.6498205">
    <tag k="direction" v="forward"/>
    <tag k="highway" v="stop"/>
  </node>
  <node id="13731359106" lat="41.8856320" lon="-87.6499624">
    <tag k="direction" v="forward"/>
    <tag k="highway" v="stop"/>
  </node>
  <node id="13731359107" lat="41.8856374" lon="-87.6496776">
    <tag k="direction" v="backward"/>
    <tag k="highway" v="stop"/>
  </node>
  <node id="13731359108" lat="41.8854944" lon="-87.6509721">
    <tag k="direction" v="forward"/>
    <tag k="highway" v="stop"/>
  </node>
  <node id="13731359109" lat="41.8857420" lon="-87.6509817">
    <tag k="direction" v="forward"/>
    <tag k="highway" v="stop"/>
  </node>
  <node id="13731359110" lat="41.8856119" lon="-87.6511196">
    <tag k="direction" v="forward"/>
    <tag k="highway" v="stop"/>
  </node>
  <node id="13731359111" lat="41.8856170" lon="-87.6508300">
    <tag k="direction" v="backward"/>
    <tag k="highway" v="stop"/>
  </node>
  <node id="13735345593" lat="41.8751110" lon="-87.6471555"/>
  <node id="13735345594" lat="41.8755998" lon="-87.6471713"/>
  <node id="13735345595" lat="41.8740818" lon="-87.6470572"/>
  <node id="13735345596" lat="41.8720665" lon="-87.6469630"/>
  <node id="13735345597" lat="41.8715846" lon="-87.6469460"/>
  <node id="13735345598" lat="41.8701681" lon="-87.6469044"/>
  <node id="13746236729" lat="41.8860081" lon="-87.6413479"/>
  <node id="13746236766" lat="41.8851844" lon="-87.6398409"/>
  <node id="13746236776" lat="41.8851618" lon="-87.6413288"/>
  <node id="13746236877" lat="41.8844110" lon="-87.6409045"/>
  <node id="13746236878" lat="41.8844112" lon="-87.6406166"/>
  <node id="13746236879" lat="41.8844117" lon="-87.6404744"/>
  <node id="13746236880" lat="41.8844122" lon="-87.6403286"/>
  <node id="13746350784" lat="41.8844440" lon="-87.6397444">
    <tag k="crossing" v="traffic_signals"/>
    <tag k="highway" v="crossing"/>
  </node>
  <node id="13746350785" lat="41.8845238" lon="-87.6398192">
    <tag k="crossing" v="traffic_signals"/>
    <tag k="highway" v="crossing"/>
  </node>
  <node id="13746350794" lat="41.8831297" lon="-87.6411737">
    <tag k="crossing" v="traffic_signals"/>
    <tag k="highway" v="crossing"/>
  </node>
  <node id="13746350795" lat="41.8832198" lon="-87.6411775">
    <tag k="crossing" v="traffic_signals"/>
    <tag k="highway" v="crossing"/>
  </node>
  <node id="13746350796" lat="41.8831774" lon="-87.6411757">
    <tag k="crossing" v="traffic_signals"/>
    <tag k="highway" v="crossing"/>
  </node>
  <node id="13746350799" lat="41.8818704" lon="-87.6411328">
    <tag k="crossing" v="traffic_signals"/>
    <tag k="highway" v="crossing"/>
  </node>
  <node id="13746489864" lat="41.8818564" lon="-87.6422293"/>
  <node id="13761791998" lat="41.8752145" lon="-87.6646169"/>
  <node id="13767947560" lat="41.8855109" lon="-87.6566789">
    <tag k="direction" v="backward"/>
    <tag k="highway" v="stop"/>
  </node>
  <node id="13767947561" lat="41.8855082" lon="-87.6569223">
    <tag k="direction" v="forward"/>
    <tag k="highway" v="stop"/>
  </node>
  <node id="13767947562" lat="41.8856385" lon="-87.6568072">
    <tag k="direction" v="forward"/>
    <tag k="highway" v="stop"/>
  </node>
  <node id="13767947565" lat="41.8866862" lon="-87.6568397"/>
  <node id="13768006358" lat="41.8831362" lon="-87.6487132">
    <tag k="direction" v="forward"/>
    <tag k="highway" v="stop"/>
  </node>
  <node id="13768006359" lat="41.8830148" lon="-87.6485699">
    <tag k="direction" v="backward"/>
    <tag k="highway" v="stop"/>
  </node>
  <node id="13768006360" lat="41.8832582" lon="-87.6485760">
    <tag k="direction" v="forward"/>
    <tag k="highway" v="stop"/>
  </node>
  <node id="13768006361" lat="41.8831404" lon="-87.6485732"/>
  <node id="13768370977" lat="41.8843071" lon="-87.6466110"/>
  <node id="13768465483" lat="41.8845108" lon="-87.6470464"/>
  <node id="13768465558" lat="41.8844148" lon="-87.6469911"/>
  <node id="13768625126" lat="41.8845210" lon="-87.6467129"/>
  <node id="13768625204" lat="41.8834459" lon="-87.6464258"/>
  <node id="13768625205" lat="41.8832317" lon="-87.6463800"/>
  <node id="13768625206" lat="41.8832197" lon="-87.6463277"/>
  <node id="13768625207" lat="41.8832197" lon="-87.6458355"/>
  <node id="13768625208" lat="41.8831785" lon="-87.6456725"/>
  <node id="13768625209" lat="41.8832189" lon="-87.6463124"/>
  <node id="13768625210" lat="41.8831581" lon="-87.6458328"/>
  <node id="13768661678" lat="41.8844746" lon="-87.6490094"/>
  <node id="13768679387" lat="41.8837333" lon="-87.6472781">
    <tag k="direction" v="forward"/>
    <tag k="highway" v="stop"/>
  </node>
  <node id="13768798541" lat="41.8847938" lon="-87.6486203"/>
  <node id="13781390556" lat="41.8758405" lon="-87.6408432">
    <tag k="direction" v="forward"/>
    <tag k="highway" v="stop"/>
  </node>
  <node id="13781390557" lat="41.8753032" lon="-87.6411612">
    <tag k="direction" v="forward"/>
    <tag k="highway" v="stop"/>
  </node>
  <node id="13781390565" lat="41.8752923" lon="-87.6420130"/>
  <node id="13803912043" lat="41.8834362" lon="-87.6567055"/>
  <node id="13831784094" lat="41.8840646" lon="-87.6441733"/>
  <node id="13841836586" lat="41.8752511" lon="-87.6499750"/>
  <node id="13841836587" lat="41.8753767" lon="-87.6499785"/>
  <node id="13841836588" lat="41.8752600" lon="-87.6486220"/>
  <node id="13841836589" lat="41.8752620" lon="-87.6490123"/>
  <node id="13841836591" lat="41.8754104" lon="-87.6533482"/>
  <node id="13841865309" lat="41.8753445" lon="-87.6545920"/>
  <node id="13841865310" lat="41.8752927" lon="-87.6545004"/>
  <node id="13841875371" lat="41.8711466" lon="-87.6453545"/>
  <node id="13841875373" lat="41.8715383" lon="-87.6454213"/>
  <node id="13841875374" lat="41.8703627" lon="-87.6453905"/>
  <node id="13841875375" lat="41.8709992" lon="-87.6455097"/>
  <node id="13841875376" lat="41.8714706" lon="-87.6456087"/>
  <node id="13841875377" lat="41.8729909" lon="-87.6458151"/>
  <node id="13841875378" lat="41.8729769" lon="-87.6458556"/>
  <node id="13841875379" lat="41.8727100" lon="-87.6457284"/>
  <node id="13841875380" lat="41.8726969" lon="-87.6457721"/>
  <node id="13841875381" lat="41.8725334" lon="-87.6457282"/>
  <node id="13841875382" lat="41.8737781" lon="-87.6462087"/>
  <node id="13841875383" lat="41.8807565" lon="-87.6452755"/>
  <node id="13841875384" lat="41.8806286" lon="-87.6453633"/>
  <node id="13841875385" lat="41.8815344" lon="-87.6459588"/>
  <node id="13841875386" lat="41.8866811" lon="-87.6461993"/>
  <node id="13877821366" lat="41.8755228" lon="-87.6518424"/>
  <node id="13878224270" lat="41.8764744" lon="-87.6599815"/>
  <node id="13878224271" lat="41.8764525" lon="-87.6612631"/>
  <node id="13960976591" lat="41.8721974" lon="-87.6553259"/>
  <node id="13960976592" lat="41.8721364" lon="-87.6553243"/>
  <node id="13960992742" lat="41.8728491" lon="-87.6583958"/>
  <node id="13961312515" lat="41.8819894" lon="-87.6587625"/>
  <node id="13961312517" lat="41.8837193" lon="-87.6576656"/>
  <node id="13961312532" lat="41.8824699" lon="-87.6532094"/>
  <node id="13961312630" lat="41.8779548" lon="-87.6465779"/>
  <node id="13961447464" lat="41.8895277" lon="-87.6534326"/>
  <node id="13961447471" lat="41.8880503" lon="-87.6545386"/>
  <node id="13961447491" lat="41.8843892" lon="-87.6538942"/>
  <node id="13961447504" lat="41.8862917" lon="-87.6533254"/>
  <node id="13961447573" lat="41.8860623" lon="-87.6498255"/>
  <node id="13961650518" lat="41.8864376" lon="-87.6455606"/>
  <node id="13961650520" lat="41.8866166" lon="-87.6456115"/>
  <node id="13961684717" lat="41.8860354" lon="-87.6402509"/>
  <node id="13963150217" lat="41.8728205" lon="-87.6411644"/>
  <way id="4476715">
    <nd ref="256613310"/>
    <nd ref="7515614333"/>
    <nd ref="1884443872"/>
    <nd ref="5492705641"/>
    <nd ref="12784224644"/>
    <nd ref="12784224638"/>
    <nd ref="9262140416"/>
    <nd ref="12784224651"/>
    <nd ref="1884443874"/>
    <nd ref="4321127298"/>
    <tag k="cycleway:left" v="separate"/>
    <tag k="highway" v="tertiary"/>
    <tag k="lanes" v="2"/>
    <tag k="loc_ref" v="300 S"/>
    <tag k="name" v="West Jackson Boulevard"/>
    <tag k="name:etymology:wikidata" v="Q11817"/>
    <tag k="old_ref" v="US 66"/>
    <tag k="oneway" v="yes"/>
    <tag k="ref" v="US 66 Hist"/>
    <tag k="sidewalk:both" v="separate"/>
    <tag k="wikidata" v="Q96942479"/>
    <tag k="wikipedia" v="en:Jackson Boulevard"/>
  </way>
  <way id="4476717">
    <nd ref="27440209"/>
    <nd ref="5732844071"/>
    <nd ref="8524605014"/>
    <nd ref="11889859366"/>
    <nd ref="5821530411"/>
    <nd ref="929515145"/>
    <tag k="bus:lanes" v="yes|yes|designated"/>
    <tag k="highway" v="secondary"/>
    <tag k="lanes" v="3"/>
    <tag k="loc_ref" v="300 S"/>
    <tag k="name" v="West Jackson Boulevard"/>
    <tag k="name:etymology:wikidata" v="Q11817"/>
    <tag k="old_ref" v="US 66"/>
    <tag k="oneway" v="yes"/>
    <tag k="ref" v="US 66 Hist"/>
    <tag k="sidewalk:both" v="separate"/>
    <tag k="surface" v="asphalt"/>
    <tag k="wikidata" v="Q96942479"/>
    <tag k="wikipedia" v="en:Jackson Boulevard"/>
  </way>
  <way id="4543179">
    <nd ref="258021247"/>
    <nd ref="9913028202"/>
    <nd ref="10945121393"/>
    <nd ref="5823702639"/>
    <tag k="bus:lanes" v="||designated"/>
    <tag k="busway:right" v="lane"/>
    <tag k="cycleway:right" v="no"/>
    <tag k="highway" v="secondary"/>
    <tag k="lanes" v="3"/>
    <tag k="loc_ref" v="200 S"/>
    <tag k="name" v="West Adams Street"/>
    <tag k="old_ref" v="US 66"/>
    <tag k="oneway" v="yes"/>
    <tag k="ref" v="US 66 Hist"/>
    <tag k="sidewalk:both" v="separate"/>
    <tag k="surface" v="concrete"/>
  </way>
  <way id="5120694">
    <nd ref="410791911"/>
    <nd ref="7515614571"/>
    <nd ref="4636005907"/>
    <nd ref="369631694"/>
    <nd ref="4100010434"/>
    <nd ref="5881502144"/>
    <nd ref="4336249712"/>
    <tag k="highway" v="secondary"/>
    <tag k="loc_ref" v="800 W"/>
    <tag k="name" v="North Halsted Street"/>
    <tag k="name:etymology:wikidata" v="Q119522049"/>
    <tag k="name:zh" v="豪斯特路"/>
    <tag k="sidewalk:both" v="separate"/>
    <tag k="surface" v="asphalt"/>
    <tag k="wikidata" v="Q5643579"/>
    <tag k="wikipedia" v="en:Halsted Street"/>
  </way>
  <way id="8429295">
    <nd ref="261143294"/>
    <nd ref="9733272219"/>
    <nd ref="261143292"/>
    <nd ref="5735002136"/>
    <nd ref="5735002131"/>
    <nd ref="9733226998"/>
    <nd ref="3772730265"/>
    <nd ref="11209046449"/>
    <nd ref="418157218"/>
    <nd ref="9622676251"/>
    <nd ref="11337090879"/>
    <nd ref="9733227014"/>
    <nd ref="11337090878"/>
    <nd ref="9733272218"/>
    <nd ref="261143289"/>
    <nd ref="9685786419"/>
    <nd ref="261143288"/>
    <nd ref="9685751974"/>
    <nd ref="5492705653"/>
    <nd ref="9685751979"/>
    <nd ref="261143287"/>
    <nd ref="9685751984"/>
    <nd ref="9115266669"/>
    <nd ref="261143286"/>
    <tag k="cycleway:right" v="lane"/>
    <tag k="cycleway:right:buffer" v="yes"/>
    <tag k="hgv" v="designated"/>
    <tag k="highway" v="tertiary"/>
    <tag k="lanes" v="2"/>
    <tag k="name" v="West Washington Boulevard"/>
    <tag k="name:etymology:wikidata" v="Q23"/>
    <tag k="old_ref" v="US 20 Business"/>
    <tag k="oneway" v="yes"/>
    <tag k="sidewalk:both" v="separate"/>
    <tag k="source:hgv" v="https://gis-idot.opendata.arcgis.com/datasets/IDOT::designated-truck-routes-state-jurisdiction-truck-route/explore?location=40.542466%2C-88.991188%2C14.60;https://www.gettingaroundillinois.com/MapViewer/?config=DTRconfig.json"/>
    <tag k="surface" v="asphalt"/>
  </way>
  <way id="23646718">
    <nd ref="258032427"/>
    <nd ref="7512746379"/>
    <nd ref="265650604"/>
    <nd ref="2203666205"/>
    <nd ref="5881554957"/>
    <nd ref="4336249478"/>
    <tag k="cycleway" v="shared_lane"/>
    <tag k="highway" v="secondary"/>
    <tag k="loc_ref" v="800 W"/>
    <tag k="name" v="South Halsted Street"/>
    <tag k="name:etymology:wikidata" v="Q119522049"/>
    <tag k="name:zh" v="豪斯特路"/>
    <tag k="surface" v="asphalt"/>
    <tag k="wikidata" v="Q5643579"/>
    <tag k="wikipedia" v="en:Halsted Street"/>
  </way>
  <way id="23696792">
    <nd ref="258956095"/>
    <nd ref="9768129691"/>
    <nd ref="4100010429"/>
    <tag k="cycleway:both" v="no"/>
    <tag k="highway" v="tertiary"/>
    <tag k="name" v="North Morgan Street"/>
    <tag k="sidewalk:both" v="separate"/>
    <tag k="surface" v="asphalt"/>
  </way>
  <way id="23701595">
    <nd ref="256633049"/>
    <nd ref="1884353615"/>
    <nd ref="7512746291"/>
    <nd ref="256633050"/>
    <nd ref="1884353621"/>
    <nd ref="8690766855"/>
    <nd ref="11081759471"/>
    <nd ref="5649844844"/>
    <nd ref="1887757245"/>
    <nd ref="7512724782"/>
    <nd ref="256613318"/>
    <nd ref="11822483349"/>
    <nd ref="1887757248"/>
    <nd ref="2957778275"/>
    <nd ref="11081759474"/>
    <nd ref="12068250936"/>
    <nd ref="2203666343"/>
    <nd ref="2203666368"/>
    <nd ref="1886245429"/>
    <nd ref="7512746350"/>
    <nd ref="261883442"/>
    <nd ref="11158033140"/>
    <nd ref="8690746986"/>
    <nd ref="9896763090"/>
    <nd ref="10943423762"/>
    <nd ref="10943423770"/>
    <nd ref="11095400306"/>
    <nd ref="12292976129"/>
    <nd ref="7512746498"/>
    <nd ref="261886237"/>
    <nd ref="7512746499"/>
    <nd ref="12292976140"/>
    <nd ref="12292976143"/>
    <nd ref="7515614430"/>
    <nd ref="288070450"/>
    <tag k="highway" v="residential"/>
    <tag k="name" v="South Green Street"/>
    <tag k="sidewalk:both" v="separate"/>
    <tag k="surface" v="asphalt"/>
  </way>
  <way id="23701604">
    <nd ref="256633120"/>
    <nd ref="1884443878"/>
    <nd ref="7512746516"/>
    <nd ref="256633121"/>
    <nd ref="1884443873"/>
    <nd ref="8690760963"/>
    <nd ref="13162416199"/>
    <nd ref="2132130630"/>
    <nd ref="1887757756"/>
    <nd ref="7512746510"/>
    <nd ref="256613314"/>
    <nd ref="11822483354"/>
    <nd ref="1887757757"/>
    <nd ref="8690768464"/>
    <nd ref="12349130693"/>
    <nd ref="1619741146"/>
    <nd ref="12349505901"/>
    <nd ref="8690758131"/>
    <nd ref="11158033137"/>
    <nd ref="261883169"/>
    <nd ref="7512746506"/>
    <nd ref="9747444381"/>
    <nd ref="2003445323"/>
    <nd ref="261886239"/>
    <nd ref="7515614310"/>
    <nd ref="5649844826"/>
    <nd ref="5649844825"/>
    <nd ref="5649916131"/>
    <nd ref="12776738434"/>
    <nd ref="7520833662"/>
    <nd ref="261885955"/>
    <tag k="highway" v="residential"/>
    <tag k="name" v="South Sangamon Street"/>
    <tag k="sidewalk:both" v="separate"/>
    <tag k="surface" v="asphalt"/>
  </way>
  <way id="23754638">
    <nd ref="2393957357"/>
    <nd ref="6988114282"/>
    <nd ref="2146994573"/>
    <tag k="bicycle" v="designated"/>
    <tag k="highway" v="secondary"/>
    <tag k="lanes" v="3"/>
    <tag k="name" v="West Adams Street"/>
    <tag k="old_ref" v="US 66"/>
    <tag k="oneway" v="yes"/>
    <tag k="ref" v="US 66 Hist"/>
    <tag k="sidewalk:both" v="separate"/>
    <tag k="surface" v="asphalt"/>
  </way>
  <way id="23754646">
    <nd ref="257381566"/>
    <nd ref="4226924809"/>
    <nd ref="9524023606"/>
    <tag k="highway" v="secondary"/>
    <tag k="lanes" v="3"/>
    <tag k="name" v="West Monroe Street"/>
    <tag k="oneway" v="yes"/>
    <tag k="smoothness" v="good"/>
    <tag k="surface" v="asphalt"/>
  </way>
  <way id="23761316">
    <nd ref="11887891061"/>
    <nd ref="4227056463"/>
    <nd ref="9524151445"/>
    <tag k="highway" v="secondary"/>
    <tag k="lanes" v="4"/>
    <tag k="name" v="West Monroe Street"/>
    <tag k="oneway" v="yes"/>
    <tag k="sidewalk:both" v="separate"/>
    <tag k="surface" v="asphalt"/>
  </way>
  <way id="23809965">
    <nd ref="33718469"/>
    <nd ref="8229061700"/>
    <nd ref="10264134737"/>
    <nd ref="1647451058"/>
    <nd ref="10264134750"/>
    <nd ref="10263472396"/>
    <nd ref="12001199369"/>
    <nd ref="1647451061"/>
    <nd ref="12001199370"/>
    <nd ref="1647449809"/>
    <tag k="access" v="yes"/>
    <tag k="destination" v="Wisconsin"/>
    <tag k="destination:ref" v="I 90 West;I 94 West"/>
    <tag k="highway" v="motorway_link"/>
    <tag k="note" v="Opened 12/15/2020"/>
    <tag k="oneway" v="yes"/>
  </way>
  <way id="23809966">
    <nd ref="1647504076"/>
    <nd ref="11943616163"/>
    <nd ref="1655397917"/>
    <tag k="description" v="Access to offramps"/>
    <tag k="destination" v="Taylor Street"/>
    <tag k="destination:lanes" v="Indiana;Dan Ryan Expressway|Taylor Street;Roosevelt Road"/>
    <tag k="destination:ref" v="I 290 West;I 90 East;I 94 East"/>
    <tag k="highway" v="motorway_link"/>
    <tag k="lanes" v="2"/>
    <tag k="lit" v="yes"/>
    <tag k="name" v="Dan Ryan Expressway"/>
    <tag k="oneway" v="yes"/>
    <tag k="ref" v="I 90;I 94"/>
    <tag k="surface" v="concrete"/>
    <tag k="turn:lanes" v="|slight_right"/>
  </way>
  <way id="23809967">
    <nd ref="1647610340"/>
    <nd ref="7061612771"/>
    <nd ref="1647616671"/>
    <tag k="destination" v="West Suburbs"/>
    <tag k="destination:lanes" v="Aurora;Eisenhower Expressway|Aurora;Eisenhower Expressway|Ida B Wells Drive"/>
    <tag k="destination:ref" v="I-290;IL 110"/>
    <tag k="destination:street" v="Eisenhower Expressway"/>
    <tag k="highway" v="motorway_link"/>
    <tag k="lanes" v="3"/>
    <tag k="oneway" v="yes"/>
    <tag k="surface" v="concrete"/>
    <tag k="turn:lanes" v="slight_left|slight_left|slight_right"/>
  </way>
  <way id="23810226">
    <nd ref="2052085897"/>
    <nd ref="2052085891"/>
    <nd ref="3188221470"/>
    <nd ref="3188221469"/>
    <nd ref="3188221468"/>
    <nd ref="3188221467"/>
    <nd ref="3188221466"/>
    <nd ref="2052085933"/>
    <tag k="destination" v="Franklin Street;Wacker Drive"/>
    <tag k="highway" v="motorway_link"/>
    <tag k="lanes" v="1"/>
    <tag k="oneway" v="yes"/>
  </way>
  <way id="23810303">
    <nd ref="28358891"/>
    <nd ref="7015621516"/>
    <nd ref="10929180924"/>
    <nd ref="929584674"/>
    <tag k="bicycle" v="use_sidepath"/>
    <tag k="cycleway:right" v="separate"/>
    <tag k="highway" v="secondary"/>
    <tag k="lanes" v="3"/>
    <tag k="lit" v="yes"/>
    <tag k="loc_ref" v="150 N"/>
    <tag k="name" v="West Randolph Street"/>
    <tag k="name:etymology:wikidata" v="Q486499"/>
    <tag k="oneway" v="yes"/>
    <tag k="sidewalk" v="separate"/>
    <tag k="surface" v="asphalt"/>
    <tag k="wikidata" v="Q7291867"/>
    <tag k="wikipedia" v="en:Randolph Street"/>
  </way>
  <way id="23810306">
    <nd ref="258020695"/>
    <nd ref="11872650973"/>
    <nd ref="7015621030"/>
    <nd ref="7015621045"/>
    <tag k="cycleway:right" v="lane"/>
    <tag k="cycleway:right:buffer" v="no"/>
    <tag k="hgv" v="designated"/>
    <tag k="highway" v="secondary"/>
    <tag k="lanes" v="3"/>
    <tag k="loc_ref" v="100 N"/>
    <tag k="name" v="West Washington Street"/>
    <tag k="name:etymology:wikidata" v="Q23"/>
    <tag k="oneway" v="yes"/>
    <tag k="parking" v="no"/>
    <tag k="sidewalk:both" v="separate"/>
    <tag k="source:hgv" v="https://gis-idot.opendata.arcgis.com/datasets/IDOT::designated-truck-routes-state-jurisdiction-truck-route/explore?location=40.542466%2C-88.991188%2C14.60;https://www.gettingaroundillinois.com/MapViewer/?config=DTRconfig.json"/>
    <tag k="surface" v="metal"/>
  </way>
  <way id="23810307">
    <nd ref="258020677"/>
    <nd ref="9309565684"/>
    <nd ref="5936364885"/>
    <tag k="highway" v="secondary"/>
    <tag k="lanes" v="3"/>
    <tag k="loc_ref" v="0 N/S"/>
    <tag k="name" v="West Madison Street"/>
    <tag k="name:etymology:wikidata" v="Q11813"/>
    <tag k="oneway" v="yes"/>
    <tag k="wikidata" v="Q3276131"/>
    <tag k="wikipedia" v="en:Madison Street (Chicago)"/>
  </way>
  <way id="23811277">
    <nd ref="258020679"/>
    <nd ref="4227056486"/>
    <nd ref="7662839837"/>
    <nd ref="11885108289"/>
    <nd ref="11060795629"/>
    <nd ref="11885108287"/>
    <nd ref="9309565694"/>
    <nd ref="258020660"/>
    <tag k="highway" v="secondary"/>
    <tag k="lanes" v="4"/>
    <tag k="lanes:bus" v="1"/>
    <tag k="name" v="North Canal Street"/>
    <tag k="name:etymology:wikidata" v="Q952760"/>
    <tag k="name:etymology:wikipedia" v="en:Illinois and Michigan Canal"/>
    <tag k="oneway" v="yes"/>
    <tag k="surface" v="asphalt"/>
    <tag k="turn:lanes" v="||right|right"/>
  </way>
  <way id="23825877">
    <nd ref="1640067869"/>
    <nd ref="10278761543"/>
    <nd ref="9246474521"/>
    <nd ref="1647463674"/>
    <nd ref="10273205743"/>
    <nd ref="10273205754"/>
    <nd ref="12001199292"/>
    <nd ref="1647510420"/>
    <nd ref="12001199291"/>
    <nd ref="1647463682"/>
    <nd ref="12001199290"/>
    <nd ref="1647510419"/>
    <nd ref="1647463716"/>
    <nd ref="1647463689"/>
    <nd ref="12001199289"/>
    <nd ref="1647463690"/>
    <nd ref="12001199288"/>
    <nd ref="1647463687"/>
    <nd ref="12001199287"/>
    <nd ref="1647463710"/>
    <tag k="destination" v="Wisconsin;Madison Street;Washington Street;Randolph Street;Kennedy Expressway;Lake Street"/>
    <tag k="destination:ref" v="I 90 West;I 94 West"/>
    <tag k="destination:street" v="Kennedy Expressway"/>
    <tag k="highway" v="motorway_link"/>
    <tag k="lanes" v="2"/>
    <tag k="note" v="Closed to be removed"/>
    <tag k="oneway" v="yes"/>
    <tag k="surface" v="concrete"/>
  </way>
  <way id="23825880">
    <nd ref="1647616671"/>
    <nd ref="9246462567"/>
    <nd ref="5705652368"/>
    <nd ref="4554162289"/>
    <nd ref="5705652369"/>
    <nd ref="4554162081"/>
    <nd ref="4554162087"/>
    <nd ref="5705652370"/>
    <nd ref="3198508833"/>
    <nd ref="5705652371"/>
    <tag k="bridge" v="yes"/>
    <tag k="destination" v="Ida B Wells Drive;Wacker Drive;Harrison Street;Chicago Loop"/>
    <tag k="highway" v="motorway_link"/>
    <tag k="junction:ref" v="51I"/>
    <tag k="lanes" v="1"/>
    <tag k="layer" v="3"/>
    <tag k="oneway" v="yes"/>
    <tag k="surface" v="concrete"/>
  </way>
  <way id="23825885">
    <nd ref="3198513991"/>
    <nd ref="11943616090"/>
    <nd ref="12001199408"/>
    <nd ref="1647790147"/>
    <nd ref="12001199409"/>
    <nd ref="11943616089"/>
    <nd ref="12001199410"/>
    <nd ref="1647797588"/>
    <nd ref="12001199411"/>
    <nd ref="11943616130"/>
    <nd ref="12001199412"/>
    <nd ref="8229056278"/>
    <nd ref="12001199413"/>
    <nd ref="1647797554"/>
    <nd ref="12001199321"/>
    <nd ref="11943616132"/>
    <nd ref="12001199320"/>
    <nd ref="11943616131"/>
    <nd ref="12001199319"/>
    <nd ref="1647790132"/>
    <tag k="access" v="yes"/>
    <tag k="destination" v="Ida B Wells Drive"/>
    <tag k="destination:loc_ref" v="500 South"/>
    <tag k="highway" v="motorway_link"/>
    <tag k="junction:ref" v="51I"/>
    <tag k="maxspeed:advisory" v="25 mph"/>
    <tag k="note" v="Opened 12/15/2020"/>
    <tag k="oneway" v="yes"/>
  </way>
  <way id="23825891">
    <nd ref="1647790132"/>
    <nd ref="12001199318"/>
    <nd ref="12001128168"/>
    <nd ref="12001199317"/>
    <nd ref="1647790204"/>
    <nd ref="12001199269"/>
    <nd ref="12001128167"/>
    <nd ref="12001199270"/>
    <nd ref="1647790122"/>
    <nd ref="12001128166"/>
    <nd ref="1647790192"/>
    <nd ref="12001128165"/>
    <nd ref="1647790185"/>
    <nd ref="12001128164"/>
    <nd ref="1647790090"/>
    <nd ref="12001199316"/>
    <nd ref="12001128163"/>
    <nd ref="12001199315"/>
    <nd ref="1647790201"/>
    <nd ref="12001199314"/>
    <nd ref="12001128162"/>
    <nd ref="12001199313"/>
    <nd ref="1647790180"/>
    <nd ref="12001199312"/>
    <nd ref="12001128161"/>
    <nd ref="12001199311"/>
    <nd ref="7911018051"/>
    <nd ref="7911018052"/>
    <nd ref="1647790207"/>
    <nd ref="1647790178"/>
    <nd ref="12001199273"/>
    <nd ref="12001199271"/>
    <nd ref="12001199272"/>
    <nd ref="1647508401"/>
    <tag k="access" v="yes"/>
    <tag k="bridge" v="yes"/>
    <tag k="destination" v="Ida B Wells Drive;Wacker Drive;Harrison Street;Chicago Loop"/>
    <tag k="highway" v="motorway_link"/>
    <tag k="layer" v="1"/>
    <tag k="maxspeed:advisory" v="25 mph"/>
    <tag k="note" v="Opened 12/15/2020"/>
    <tag k="oneway" v="yes"/>
  </way>
  <way id="23884945">
    <nd ref="258019910"/>
    <nd ref="13120308057"/>
    <nd ref="258890339"/>
    <nd ref="258890341"/>
    <nd ref="1639966980"/>
    <nd ref="1639966977"/>
    <nd ref="258890343"/>
    <tag k="destination" v="Racine Avenue"/>
    <tag k="destination:loc_ref" v="1200 West"/>
    <tag k="highway" v="motorway_link"/>
    <tag k="junction:ref" v="29A"/>
    <tag k="lanes" v="1"/>
    <tag k="oneway" v="yes"/>
    <tag k="surface" v="concrete"/>
  </way>
  <way id="23890902">
    <nd ref="258020714"/>
    <nd ref="2146994569"/>
    <nd ref="8292009885"/>
    <nd ref="11872651035"/>
    <nd ref="7488617085"/>
    <tag k="bicycle" v="use_sidepath"/>
    <tag k="cycleway:right" v="separate"/>
    <tag k="highway" v="secondary"/>
    <tag k="lanes" v="3"/>
    <tag k="lit" v="yes"/>
    <tag k="loc_ref" v="150 N"/>
    <tag k="name" v="West Randolph Street"/>
    <tag k="name:etymology:wikidata" v="Q486499"/>
    <tag k="old_ref" v="US 20 Business"/>
    <tag k="oneway" v="yes"/>
    <tag k="sidewalk" v="separate"/>
    <tag k="surface" v="asphalt"/>
    <tag k="turn:lanes" v="through|through|through;right"/>
    <tag k="wikidata" v="Q7291867"/>
    <tag k="wikipedia" v="en:Randolph Street"/>
  </way>
  <way id="23890903">
    <nd ref="3772730264"/>
    <nd ref="7015619034"/>
    <tag k="bicycle" v="use_sidepath"/>
    <tag k="cycleway:right" v="separate"/>
    <tag k="hgv" v="designated"/>
    <tag k="highway" v="secondary"/>
    <tag k="lanes" v="2"/>
    <tag k="lit" v="yes"/>
    <tag k="loc_ref" v="150 N"/>
    <tag k="maxheight" v="13'6&quot;"/>
    <tag k="name" v="West Randolph Street"/>
    <tag k="name:etymology:wikidata" v="Q486499"/>
    <tag k="old_ref" v="US 20 Business"/>
    <tag k="oneway" v="yes"/>
    <tag k="source:hgv" v="https://gis-idot.opendata.arcgis.com/datasets/IDOT::designated-truck-routes-state-jurisdiction-truck-route/explore?location=40.542466%2C-88.991188%2C14.60;https://www.gettingaroundillinois.com/MapViewer/?config=DTRconfig.json"/>
    <tag k="tunnel" v="building_passage"/>
    <tag k="turn:lanes" v="left|through"/>
    <tag k="wikidata" v="Q7291867"/>
    <tag k="wikipedia" v="en:Randolph Street"/>
  </way>
  <way id="23890906">
    <nd ref="258020220"/>
    <nd ref="9309566060"/>
    <nd ref="5460369674"/>
    <nd ref="9309566071"/>
    <nd ref="258020206"/>
    <tag k="bicycle" v="designated"/>
    <tag k="hgv" v="designated"/>
    <tag k="highway" v="secondary"/>
    <tag k="lit" v="yes"/>
    <tag k="loc_ref" v="150 N"/>
    <tag k="name" v="West Randolph Street"/>
    <tag k="name:etymology:wikidata" v="Q486499"/>
    <tag k="old_ref" v="US 20 Business"/>
    <tag k="oneway" v="yes"/>
    <tag k="source:hgv" v="https://gis-idot.opendata.arcgis.com/datasets/IDOT::designated-truck-routes-state-jurisdiction-truck-route/explore?location=40.542466%2C-88.991188%2C14.60;https://www.gettingaroundillinois.com/MapViewer/?config=DTRconfig.json"/>
    <tag k="wikidata" v="Q7291867"/>
    <tag k="wikipedia" v="en:Randolph Street"/>
  </way>
  <way id="23890930">
    <nd ref="258020603"/>
    <nd ref="6668857202"/>
    <nd ref="7488617088"/>
    <nd ref="11870308591"/>
    <nd ref="7015621554"/>
    <nd ref="11851469341"/>
    <tag k="highway" v="secondary"/>
    <tag k="name" v="West Lake Street"/>
    <tag k="name:etymology:wikidata" v="Q1169"/>
    <tag k="sidewalk" v="separate"/>
    <tag k="surface" v="concrete"/>
    <tag k="wikidata" v="Q3216465"/>
    <tag k="wikipedia" v="en:Lake Street (Chicago)"/>
  </way>
  <way id="23890945">
    <nd ref="258956212"/>
    <nd ref="9411378344"/>
    <nd ref="5795187769"/>
    <nd ref="7015619027"/>
    <nd ref="13746236776"/>
    <nd ref="9309566058"/>
    <nd ref="258020220"/>
    <tag k="bicycle" v="use_sidepath"/>
    <tag k="cycleway:left" v="separate"/>
    <tag k="highway" v="secondary"/>
    <tag k="lanes" v="2"/>
    <tag k="maxheight:signed" v="no"/>
    <tag k="name" v="North Clinton Street"/>
    <tag k="name:etymology:wikidata" v="Q527462"/>
    <tag k="name:etymology:wikipedia" v="en:DeWitt Clinton"/>
    <tag k="oneway" v="yes"/>
    <tag k="surface" v="asphalt"/>
  </way>
  <way id="24070793">
    <nd ref="261116596"/>
    <nd ref="704707095"/>
    <tag k="highway" v="residential"/>
    <tag k="name" v="West Polk Street"/>
    <tag k="tiger:cfcc" v="A41"/>
    <tag k="tiger:county" v="Cook, IL"/>
    <tag k="tiger:name_base" v="Polk"/>
    <tag k="tiger:name_direction_prefix" v="W"/>
    <tag k="tiger:name_type" v="St"/>
    <tag k="tiger:reviewed" v="no"/>
    <tag k="tiger:separated" v="no"/>
    <tag k="tiger:source" v="tiger_import_dch_v0.6_20070809"/>
    <tag k="tiger:tlid" v="111827331:111827334:111827644:111827671:111827673:111827646:111827357"/>
    <tag k="tiger:upload_uuid" v="bulk_upload.pl-ee310570-36cc-43bc-bc7b-aff94618acaf"/>
    <tag k="tiger:zip_left" v="60607"/>
    <tag k="tiger:zip_right" v="60607"/>
  </way>
  <way id="24070983">
    <nd ref="12031229277"/>
    <nd ref="10696789721"/>
    <nd ref="12413361814"/>
    <nd ref="13768679387"/>
    <nd ref="7515614536"/>
    <nd ref="288070375"/>
    <tag k="highway" v="residential"/>
    <tag k="name" v="West Court Place"/>
    <tag k="oneway" v="no"/>
    <tag k="sidewalk:both" v="separate"/>
    <tag k="tiger:cfcc" v="A41"/>
    <tag k="tiger:county" v="Cook, IL"/>
    <tag k="tiger:name_base" v="Court"/>
    <tag k="tiger:name_direction_prefix" v="W"/>
    <tag k="tiger:name_type" v="Pl"/>
    <tag k="tiger:reviewed" v="yes"/>
    <tag k="tiger:zip_left" v="60661"/>
    <tag k="tiger:zip_right" v="60661"/>
  </way>
  <way id="24072729">
    <nd ref="13562941176"/>
    <nd ref="7512371634"/>
    <nd ref="2019419834"/>
    <nd ref="2019419843"/>
    <nd ref="9503048917"/>
    <nd ref="261126706"/>
    <nd ref="9503048926"/>
    <nd ref="6505769168"/>
    <nd ref="261126707"/>
    <nd ref="2495350217"/>
    <nd ref="2019419852"/>
    <nd ref="2019419829"/>
    <nd ref="9503023178"/>
    <nd ref="9434660099"/>
    <nd ref="261126708"/>
    <tag k="highway" v="residential"/>
    <tag k="name" v="West Flournoy Street"/>
    <tag k="sidewalk:both" v="separate"/>
    <tag k="tiger:cfcc" v="A41"/>
    <tag k="tiger:county" v="Cook, IL"/>
    <tag k="tiger:name_base" v="Flournoy"/>
    <tag k="tiger:name_direction_prefix" v="W"/>
    <tag k="tiger:name_type" v="St"/>
    <tag k="tiger:reviewed" v="no"/>
    <tag k="tiger:zip_left" v="60607"/>
    <tag k="tiger:zip_right" v="60607"/>
  </way>
  <way id="24075631">
    <nd ref="261097858"/>
    <nd ref="13311308680"/>
    <nd ref="13071039804"/>
    <nd ref="13311308678"/>
    <nd ref="13071039806"/>
    <nd ref="7512746347"/>
    <nd ref="265650604"/>
    <tag k="highway" v="residential"/>
    <tag k="name" v="West Quincy Street"/>
    <tag k="tiger:cfcc" v="A41"/>
    <tag k="tiger:county" v="Cook, IL"/>
    <tag k="tiger:name_base" v="Quincy"/>
    <tag k="tiger:name_direction_prefix" v="W"/>
    <tag k="tiger:name_type" v="St"/>
    <tag k="tiger:reviewed" v="yes"/>
    <tag k="tiger:zip_left" v="60606"/>
    <tag k="tiger:zip_right" v="60606"/>
  </way>
  <way id="24075633">
    <nd ref="262247585"/>
    <nd ref="4226924662"/>
    <nd ref="11061920608"/>
    <tag k="highway" v="residential"/>
    <tag k="name" v="West Quincy Street"/>
    <tag k="name:etymology:wikidata" v="Q11816"/>
    <tag k="name:etymology:wikipedia" v="en:John Quincy Adams"/>
    <tag k="tiger:cfcc" v="A41"/>
    <tag k="tiger:county" v="Cook, IL"/>
    <tag k="tiger:name_base" v="Quincy"/>
    <tag k="tiger:name_direction_prefix" v="W"/>
    <tag k="tiger:name_type" v="St"/>
    <tag k="tiger:reviewed" v="no"/>
    <tag k="tiger:zip_left" v="60606"/>
    <tag k="tiger:zip_right" v="60606"/>
  </way>
  <way id="24075634">
    <nd ref="13364433157"/>
    <nd ref="13364433156"/>
    <nd ref="13364433154"/>
    <nd ref="13364433152"/>
    <nd ref="1619741151"/>
    <nd ref="13364433434"/>
    <nd ref="13364367093"/>
    <nd ref="7515614483"/>
    <nd ref="262247588"/>
    <tag k="highway" v="residential"/>
    <tag k="name" v="West Quincy Street"/>
    <tag k="name:etymology:wikidata" v="Q11816"/>
    <tag k="name:etymology:wikipedia" v="en:John Quincy Adams"/>
    <tag k="tiger:cfcc" v="A41"/>
    <tag k="tiger:county" v="Cook, IL"/>
    <tag k="tiger:name_base" v="Quincy"/>
    <tag k="tiger:name_direction_prefix" v="W"/>
    <tag k="tiger:name_type" v="St"/>
    <tag k="tiger:reviewed" v="no"/>
    <tag k="tiger:zip_left" v="60606"/>
    <tag k="tiger:zip_right" v="60606"/>
  </way>
  <way id="24077603">
    <nd ref="5970344127"/>
    <nd ref="9309565715"/>
    <nd ref="4614768528"/>
    <nd ref="261151328"/>
    <nd ref="5114503181"/>
    <nd ref="2899438731"/>
    <nd ref="9309565749"/>
    <nd ref="261151329"/>
    <tag k="highway" v="residential"/>
    <tag k="name" v="South Throop Street"/>
    <tag k="tiger:cfcc" v="A41"/>
    <tag k="tiger:county" v="Cook, IL"/>
    <tag k="tiger:name_base" v="Throop"/>
    <tag k="tiger:name_direction_prefix" v="S"/>
    <tag k="tiger:name_type" v="St"/>
    <tag k="tiger:zip_left" v="60607"/>
    <tag k="tiger:zip_right" v="60607"/>
  </way>
  <way id="24079801">
    <nd ref="13768006361"/>
    <nd ref="7515614592"/>
    <nd ref="13768006359"/>
    <nd ref="495804986"/>
    <nd ref="13069192283"/>
    <nd ref="10734987429"/>
    <nd ref="13069244006"/>
    <nd ref="2300194708"/>
    <nd ref="2957786433"/>
    <nd ref="7515614431"/>
    <nd ref="288070450"/>
    <tag k="highway" v="residential"/>
    <tag k="lit" v="yes"/>
    <tag k="name" v="North Green Street"/>
    <tag k="sidewalk:both" v="separate"/>
    <tag k="surface" v="asphalt"/>
  </way>
  <way id="24082316">
    <nd ref="9065734722"/>
    <nd ref="13731359000"/>
    <nd ref="13731359007"/>
    <nd ref="261177784"/>
    <nd ref="13961650518"/>
    <nd ref="13961650520"/>
    <nd ref="2422442797"/>
    <nd ref="9213198481"/>
    <nd ref="707903295"/>
    <nd ref="9213198479"/>
    <nd ref="707903303"/>
    <tag k="highway" v="residential"/>
    <tag k="name" v="North Union Avenue"/>
    <tag k="surface" v="asphalt"/>
    <tag k="tiger:cfcc" v="A41"/>
    <tag k="tiger:county" v="Cook, IL"/>
    <tag k="tiger:name_base" v="Union"/>
    <tag k="tiger:name_direction_prefix" v="N"/>
    <tag k="tiger:name_type" v="Ave"/>
    <tag k="tiger:reviewed" v="no"/>
    <tag k="tiger:zip_left" v="60661"/>
    <tag k="tiger:zip_right" v="60661"/>
  </way>
  <way id="24082318">
    <nd ref="261177792"/>
    <nd ref="9995481165"/>
    <nd ref="7505486039"/>
    <nd ref="11170737435"/>
    <nd ref="261177791"/>
    <nd ref="9995480833"/>
    <nd ref="2189211194"/>
    <nd ref="7608416054"/>
    <nd ref="9768224673"/>
    <nd ref="9622676235"/>
    <nd ref="366591402"/>
    <nd ref="9768129697"/>
    <nd ref="4035514300"/>
    <nd ref="13165332401"/>
    <nd ref="2189210852"/>
    <nd ref="9747430795"/>
    <nd ref="9733272220"/>
    <nd ref="410791919"/>
    <nd ref="312587599"/>
    <tag k="highway" v="unclassified"/>
    <tag k="name" v="North Elizabeth Street"/>
    <tag k="sidewalk:both" v="separate"/>
    <tag k="surface" v="asphalt"/>
    <tag k="tiger:cfcc" v="A41"/>
    <tag k="tiger:county" v="Cook, IL"/>
    <tag k="tiger:name_base" v="Elizabeth"/>
    <tag k="tiger:name_direction_prefix" v="N"/>
    <tag k="tiger:name_type" v="St"/>
    <tag k="tiger:reviewed" v="no"/>
    <tag k="tiger:zip_left" v="60607"/>
    <tag k="tiger:zip_right" v="60607"/>
  </way>
  <way id="24086005">
    <nd ref="256592393"/>
    <nd ref="9503049012"/>
    <nd ref="6929518189"/>
    <nd ref="9503048978"/>
    <nd ref="256612741"/>
    <tag k="highway" v="residential"/>
    <tag k="name" v="West Vernon Park Place"/>
    <tag k="tiger:cfcc" v="A41"/>
    <tag k="tiger:county" v="Cook, IL"/>
    <tag k="tiger:name_base" v="Vernon Park"/>
    <tag k="tiger:name_direction_prefix" v="W"/>
    <tag k="tiger:name_type" v="Pl"/>
    <tag k="tiger:reviewed" v="no"/>
    <tag k="tiger:zip_left" v="60607"/>
    <tag k="tiger:zip_right" v="60607"/>
  </way>
  <way id="24089448">
    <nd ref="261162222"/>
    <nd ref="13144531019"/>
    <nd ref="261213616"/>
    <tag k="highway" v="residential"/>
    <tag k="name" v="West Tilden Street"/>
    <tag k="tiger:cfcc" v="A41"/>
    <tag k="tiger:county" v="Cook, IL"/>
    <tag k="tiger:name_base" v="Tilden"/>
    <tag k="tiger:name_direction_prefix" v="S"/>
    <tag k="tiger:name_type" v="St"/>
    <tag k="tiger:reviewed" v="no"/>
    <tag k="tiger:zip_left" v="60607"/>
    <tag k="tiger:zip_right" v="60607"/>
  </way>
  <way id="24089680">
    <nd ref="410791916"/>
    <nd ref="9115266738"/>
    <nd ref="9747430814"/>
    <nd ref="7854335867"/>
    <nd ref="4063814432"/>
    <nd ref="9768129693"/>
    <nd ref="261214831"/>
    <nd ref="9768224669"/>
    <nd ref="9701956534"/>
    <nd ref="7180934935"/>
    <nd ref="7676028667"/>
    <nd ref="12008726221"/>
    <nd ref="9995480829"/>
    <nd ref="261214832"/>
    <nd ref="9995480820"/>
    <nd ref="12008726219"/>
    <nd ref="2189210792"/>
    <nd ref="13541497619"/>
    <nd ref="9995481029"/>
    <nd ref="261214833"/>
    <nd ref="9995481096"/>
    <nd ref="13541497615"/>
    <nd ref="13541497617"/>
    <nd ref="13961447471"/>
    <nd ref="707990565"/>
    <nd ref="707992094"/>
    <nd ref="707992095"/>
    <nd ref="707992097"/>
    <nd ref="9995480948"/>
    <nd ref="261214836"/>
    <nd ref="10052950041"/>
    <nd ref="10052950059"/>
    <nd ref="11917017521"/>
    <tag k="highway" v="residential"/>
    <tag k="name" v="North Aberdeen Street"/>
    <tag k="sidewalk:both" v="separate"/>
    <tag k="surface" v="asphalt"/>
    <tag k="tiger:cfcc" v="A41"/>
    <tag k="tiger:county" v="Cook, IL"/>
    <tag k="tiger:name_base" v="Aberdeen"/>
    <tag k="tiger:name_direction_prefix" v="N"/>
    <tag k="tiger:name_type" v="St"/>
    <tag k="tiger:reviewed" v="no"/>
    <tag k="tiger:zip_left" v="60622"/>
    <tag k="tiger:zip_right" v="60622"/>
  </way>
  <way id="24090551">
    <nd ref="262174945"/>
    <nd ref="9503048976"/>
    <nd ref="6929518192"/>
    <nd ref="13963150217"/>
    <nd ref="9503049011"/>
    <nd ref="262174944"/>
    <tag k="highway" v="residential"/>
    <tag k="name" v="West Lexington Street"/>
    <tag k="smoothness" v="bad"/>
    <tag k="tiger:cfcc" v="A41"/>
    <tag k="tiger:county" v="Cook, IL"/>
    <tag k="tiger:name_base" v="Lexington"/>
    <tag k="tiger:name_direction_prefix" v="W"/>
    <tag k="tiger:name_type" v="St"/>
    <tag k="tiger:reviewed" v="no"/>
    <tag k="tiger:zip_left" v="60607"/>
    <tag k="tiger:zip_right" v="60607"/>
  </way>
  <way id="24094730">
    <nd ref="5970344154"/>
    <nd ref="9115266675"/>
    <nd ref="12688601808"/>
    <nd ref="261239961"/>
    <nd ref="261177029"/>
    <nd ref="7520847104"/>
    <nd ref="261239963"/>
    <tag k="highway" v="tertiary"/>
    <tag k="loc_ref" v="1200 W"/>
    <tag k="name" v="South Racine Avenue"/>
    <tag k="name:etymology:wikidata" v="Q40340"/>
    <tag k="old_name" v="Center Avenue"/>
    <tag k="surface" v="asphalt"/>
    <tag k="wikidata" v="Q118964088"/>
    <tag k="wikipedia" v="en:Racine Avenue"/>
  </way>
  <way id="24095729">
    <nd ref="288070420"/>
    <nd ref="7515614459"/>
    <nd ref="2300194706"/>
    <nd ref="495804982"/>
    <nd ref="495804985"/>
    <nd ref="7520846944"/>
    <nd ref="288070417"/>
    <nd ref="7520847132"/>
    <nd ref="11910248852"/>
    <nd ref="1657357316"/>
    <nd ref="9747444333"/>
    <nd ref="9115265386"/>
    <nd ref="410791899"/>
    <nd ref="258956044"/>
    <nd ref="410791913"/>
    <nd ref="11161876822"/>
    <nd ref="9747444334"/>
    <nd ref="13731359104"/>
    <nd ref="9115265392"/>
    <nd ref="288070412"/>
    <tag k="highway" v="residential"/>
    <tag k="lit" v="yes"/>
    <tag k="name" v="North Peoria Street"/>
    <tag k="sidewalk:both" v="separate"/>
    <tag k="surface" v="asphalt"/>
  </way>
  <way id="24098078">
    <nd ref="261143287"/>
    <nd ref="9685751999"/>
    <nd ref="9747444351"/>
    <nd ref="4035514309"/>
    <nd ref="13961312517"/>
    <nd ref="4035514307"/>
    <nd ref="9747430799"/>
    <nd ref="9685752007"/>
    <nd ref="410791906"/>
    <tag k="highway" v="residential"/>
    <tag k="name" v="North Willard Court"/>
    <tag k="name:etymology:wikidata" v="Q450197"/>
    <tag k="name:etymology:wikipedia" v="en:Frances Willard"/>
    <tag k="sidewalk:both" v="separate"/>
    <tag k="tiger:cfcc" v="A41"/>
    <tag k="tiger:county" v="Cook, IL"/>
    <tag k="tiger:name_base" v="Willard"/>
    <tag k="tiger:name_direction_prefix" v="N"/>
    <tag k="tiger:name_type" v="Ct"/>
    <tag k="tiger:reviewed" v="no"/>
    <tag k="tiger:zip_left" v="60607"/>
    <tag k="tiger:zip_right" v="60607"/>
  </way>
  <way id="24102347">
    <nd ref="261885955"/>
    <nd ref="7520833663"/>
    <nd ref="12776738438"/>
    <nd ref="495804983"/>
    <nd ref="11910248856"/>
    <nd ref="495804984"/>
    <nd ref="7520846930"/>
    <nd ref="288070377"/>
    <tag k="highway" v="residential"/>
    <tag k="name" v="North Sangamon Street"/>
    <tag k="sidewalk:both" v="separate"/>
    <tag k="tiger:cfcc" v="A41"/>
    <tag k="tiger:county" v="Cook, IL"/>
    <tag k="tiger:name_base" v="Sangamon"/>
    <tag k="tiger:name_direction_prefix" v="N"/>
    <tag k="tiger:name_type" v="St"/>
    <tag k="tiger:reviewed" v="no"/>
    <tag k="tiger:zip_left" v="60622"/>
    <tag k="tiger:zip_right" v="60622"/>
  </way>
  <way id="24105258">
    <nd ref="288070420"/>
    <nd ref="7515614458"/>
    <nd ref="5649844822"/>
    <nd ref="11158033145"/>
    <nd ref="261886238"/>
    <nd ref="11158033144"/>
    <nd ref="12292976126"/>
    <nd ref="11095400308"/>
    <nd ref="1686470593"/>
    <nd ref="8690743612"/>
    <nd ref="1886246843"/>
    <nd ref="261883261"/>
    <nd ref="7512746486"/>
    <nd ref="1886246841"/>
    <nd ref="2132130650"/>
    <nd ref="2132130646"/>
    <nd ref="1887757246"/>
    <nd ref="7512746326"/>
    <nd ref="11822483351"/>
    <nd ref="256613316"/>
    <nd ref="7512746328"/>
    <nd ref="1887757247"/>
    <nd ref="12083287393"/>
    <nd ref="8690743261"/>
    <nd ref="1884443876"/>
    <nd ref="256611724"/>
    <tag k="highway" v="residential"/>
    <tag k="lit" v="yes"/>
    <tag k="name" v="South Peoria Street"/>
    <tag k="sidewalk:both" v="separate"/>
    <tag k="surface" v="asphalt"/>
  </way>
  <way id="24106209">
    <nd ref="261291508"/>
    <nd ref="2019419835"/>
    <nd ref="10940297671"/>
    <nd ref="11151893683"/>
    <nd ref="261307486"/>
    <tag k="highway" v="residential"/>
    <tag k="name" v="West Cabrini Street"/>
    <tag k="name:etymology:wikidata" v="Q238983"/>
    <tag k="name:etymology:wikipedia" v="en:Frances Xavier Cabrini"/>
    <tag k="oneway" v="yes"/>
    <tag k="sidewalk:both" v="separate"/>
    <tag k="tiger:cfcc" v="A41"/>
    <tag k="tiger:county" v="Cook, IL"/>
    <tag k="tiger:name_base" v="Cabrini"/>
    <tag k="tiger:name_direction_prefix" v="W"/>
    <tag k="tiger:name_type" v="St"/>
    <tag k="tiger:reviewed" v="no"/>
    <tag k="tiger:zip_left" v="60607"/>
    <tag k="tiger:zip_right" v="60607"/>
  </way>
  <way id="24106369">
    <nd ref="261126706"/>
    <nd ref="9503023164"/>
    <nd ref="13960992742"/>
    <nd ref="2019419848"/>
    <nd ref="9503023160"/>
    <nd ref="261218224"/>
    <tag k="highway" v="residential"/>
    <tag k="name" v="South Lytle Street"/>
    <tag k="name:etymology:wikidata" v="Q14191336"/>
    <tag k="name:etymology:wikipedia" v="en:William Haines Lytle"/>
    <tag k="sidewalk:both" v="separate"/>
    <tag k="tiger:cfcc" v="A41"/>
    <tag k="tiger:county" v="Cook, IL"/>
    <tag k="tiger:name_base" v="Lytle"/>
    <tag k="tiger:name_direction_prefix" v="S"/>
    <tag k="tiger:name_type" v="St"/>
    <tag k="tiger:reviewed" v="no"/>
    <tag k="tiger:zip_left" v="60607"/>
    <tag k="tiger:zip_right" v="60607"/>
  </way>
  <way id="24111997">
    <nd ref="410791915"/>
    <nd ref="9115266725"/>
    <nd ref="9747444322"/>
    <nd ref="4100010432"/>
    <nd ref="11495856981"/>
    <nd ref="9768129692"/>
    <nd ref="261220967"/>
    <nd ref="9768224668"/>
    <nd ref="5649901932"/>
    <nd ref="1657357347"/>
    <nd ref="13961447504"/>
    <nd ref="7676028665"/>
    <nd ref="4100010444"/>
    <nd ref="12008726218"/>
    <nd ref="9995480828"/>
    <nd ref="261248431"/>
    <nd ref="11170737400"/>
    <nd ref="12008726217"/>
    <nd ref="4602487163"/>
    <nd ref="9995481027"/>
    <nd ref="261252844"/>
    <nd ref="9995481093"/>
    <nd ref="9708109262"/>
    <nd ref="707990567"/>
    <nd ref="707992067"/>
    <nd ref="707992069"/>
    <nd ref="707992073"/>
    <nd ref="5492697138"/>
    <nd ref="9995480947"/>
    <nd ref="261264125"/>
    <nd ref="10052950057"/>
    <nd ref="4612875921"/>
    <nd ref="13961447464"/>
    <nd ref="11917017469"/>
    <tag k="cycleway:both" v="no"/>
    <tag k="highway" v="residential"/>
    <tag k="lane_markings" v="no"/>
    <tag k="name" v="North Carpenter Street"/>
    <tag k="sidewalk:both" v="separate"/>
    <tag k="surface" v="asphalt"/>
    <tag k="tiger:cfcc" v="A41"/>
    <tag k="tiger:county" v="Cook, IL"/>
    <tag k="tiger:name_base" v="Carpenter"/>
    <tag k="tiger:name_direction_prefix" v="N"/>
    <tag k="tiger:name_type" v="St"/>
    <tag k="tiger:zip_left" v="60622"/>
    <tag k="tiger:zip_right" v="60622"/>
  </way>
  <way id="24114451">
    <nd ref="13767947565"/>
    <nd ref="9995480831"/>
    <nd ref="2189211222"/>
    <nd ref="13504336502"/>
    <nd ref="2189210946"/>
    <nd ref="2189210862"/>
    <nd ref="13767947562"/>
    <nd ref="11170737419"/>
    <nd ref="258956097"/>
    <nd ref="9768129695"/>
    <nd ref="2189211185"/>
    <nd ref="7854335868"/>
    <nd ref="9733226958"/>
    <nd ref="410791918"/>
    <tag k="highway" v="tertiary"/>
    <tag k="loc_ref" v="1200 W"/>
    <tag k="name" v="North Racine Avenue"/>
    <tag k="name:etymology:wikidata" v="Q40340"/>
    <tag k="note" v="Converted to one-way in Oct 2025 https://www.axios.com/local/chicago/2025/11/07/one-way-streets-west-loop-racine-green-burnett-conway"/>
    <tag k="old_name" v="Center Avenue"/>
    <tag k="oneway" v="yes"/>
    <tag k="sidewalk:both" v="separate"/>
    <tag k="surface" v="asphalt"/>
    <tag k="wikidata" v="Q118964088"/>
    <tag k="wikipedia" v="en:Racine Avenue"/>
  </way>
  <way id="24117625">
    <nd ref="261359165"/>
    <nd ref="7854030733"/>
    <nd ref="7520846982"/>
    <nd ref="369631694"/>
    <tag k="highway" v="residential"/>
    <tag k="name" v="West Couch Place"/>
    <tag k="name:etymology:wikidata" v="Q108085876"/>
    <tag k="name:etymology:wikipedia" v="en:Ira Couch"/>
    <tag k="tiger:cfcc" v="A41"/>
    <tag k="tiger:county" v="Cook, IL"/>
    <tag k="tiger:name_base" v="Couch"/>
    <tag k="tiger:name_direction_prefix" v="W"/>
    <tag k="tiger:name_type" v="Pl"/>
    <tag k="tiger:reviewed" v="no"/>
    <tag k="tiger:zip_left" v="60661"/>
    <tag k="tiger:zip_right" v="60661"/>
  </way>
  <way id="24118319">
    <nd ref="410791917"/>
    <nd ref="9733226957"/>
    <nd ref="9747430808"/>
    <nd ref="4100010428"/>
    <nd ref="9896800831"/>
    <nd ref="4063814431"/>
    <nd ref="9768129694"/>
    <nd ref="261220969"/>
    <nd ref="11170737418"/>
    <nd ref="2189210788"/>
    <nd ref="2189211225"/>
    <nd ref="11170737411"/>
    <nd ref="261248433"/>
    <nd ref="11170737410"/>
    <nd ref="2189210708"/>
    <nd ref="13541497635"/>
    <nd ref="9995481031"/>
    <nd ref="261252846"/>
    <tag k="highway" v="residential"/>
    <tag k="lanes" v="2"/>
    <tag k="name" v="North May Street"/>
    <tag k="oneway" v="yes"/>
    <tag k="sidewalk:both" v="separate"/>
    <tag k="surface" v="asphalt"/>
  </way>
  <way id="24181717">
    <nd ref="258955476"/>
    <nd ref="7520833674"/>
    <nd ref="736018772"/>
    <nd ref="5649916133"/>
    <nd ref="4321127302"/>
    <tag k="highway" v="tertiary"/>
    <tag k="name" v="South Morgan Street"/>
    <tag k="sidewalk:both" v="separate"/>
  </way>
  <way id="24213603">
    <nd ref="11943616175"/>
    <nd ref="6988089324"/>
    <nd ref="6987914952"/>
    <tag k="bicycle" v="yes"/>
    <tag k="cycleway" v="lane"/>
    <tag k="cycleway:both:buffer" v="yes"/>
    <tag k="highway" v="secondary"/>
    <tag k="lanes" v="3"/>
    <tag k="lanes:backward" v="2"/>
    <tag k="lanes:forward" v="1"/>
    <tag k="loc_ref" v="600 S"/>
    <tag k="name" v="West Harrison Street"/>
    <tag k="name:etymology:wikidata" v="Q11869"/>
    <tag k="sidewalk:both" v="separate"/>
    <tag k="turn:lanes:backward" v="left|"/>
    <tag k="wikidata" v="Q95486142"/>
  </way>
  <way id="24213605">
    <nd ref="261121575"/>
    <nd ref="1885765833"/>
    <nd ref="11943616252"/>
    <tag k="bicycle" v="yes"/>
    <tag k="bridge" v="yes"/>
    <tag k="cycleway" v="lane"/>
    <tag k="cycleway:both:buffer" v="yes"/>
    <tag k="highway" v="secondary"/>
    <tag k="layer" v="1"/>
    <tag k="loc_ref" v="600 S"/>
    <tag k="name" v="West Harrison Street"/>
    <tag k="name:etymology:wikidata" v="Q11869"/>
    <tag k="sidewalk:both" v="separate"/>
    <tag k="wikidata" v="Q95486142"/>
  </way>
  <way id="24220350">
    <nd ref="704964556"/>
    <nd ref="2394641721"/>
    <nd ref="5943489469"/>
    <nd ref="704964541"/>
    <tag k="hgv" v="designated"/>
    <tag k="highway" v="secondary"/>
    <tag k="lanes" v="2"/>
    <tag k="layer" v="-1"/>
    <tag k="lit" v="24/7"/>
    <tag k="name" v="West Washington Street"/>
    <tag k="name:etymology:wikidata" v="Q23"/>
    <tag k="old_name" v="Washington Street Tunnel Ramp"/>
    <tag k="old_ref" v="US 20 Business"/>
    <tag k="oneway" v="yes"/>
    <tag k="parking" v="no"/>
    <tag k="razed:highway" v="unclassified"/>
    <tag k="source:hgv" v="https://gis-idot.opendata.arcgis.com/datasets/IDOT::designated-truck-routes-state-jurisdiction-truck-route/explore?location=40.542466%2C-88.991188%2C14.60;https://www.gettingaroundillinois.com/MapViewer/?config=DTRconfig.json"/>
    <tag k="surface" v="asphalt"/>
    <tag k="tunnel" v="building_passage"/>
    <tag k="turn:lanes" v="left|through|through|through|"/>
  </way>
  <way id="24229796">
    <nd ref="8955051801"/>
    <nd ref="262174297"/>
    <nd ref="7282826592"/>
    <nd ref="1308089774"/>
    <tag k="cycleway:both" v="lane"/>
    <tag k="cycleway:both:buffer" v="yes"/>
    <tag k="highway" v="tertiary"/>
    <tag k="name" v="South Morgan Street"/>
  </way>
  <way id="24442485">
    <nd ref="265647254"/>
    <nd ref="5649844416"/>
    <nd ref="9768224624"/>
    <nd ref="258020600"/>
    <nd ref="9768224630"/>
    <nd ref="5114958745"/>
    <nd ref="12305205110"/>
    <nd ref="9768224628"/>
    <nd ref="258020602"/>
    <tag k="highway" v="secondary"/>
    <tag k="name" v="West Lake Street"/>
    <tag k="name:etymology:wikidata" v="Q1169"/>
    <tag k="parking:both" v="lane"/>
    <tag k="sidewalk:both" v="separate"/>
    <tag k="surface" v="asphalt"/>
    <tag k="wikidata" v="Q3216465"/>
    <tag k="wikipedia" v="en:Lake Street (Chicago)"/>
  </way>
  <way id="24442486">
    <nd ref="265647702"/>
    <nd ref="7706487490"/>
    <tag k="bridge" v="yes"/>
    <tag k="highway" v="secondary"/>
    <tag k="layer" v="1"/>
    <tag k="name" v="West Lake Street"/>
    <tag k="name:etymology:wikidata" v="Q1169"/>
    <tag k="sidewalk:both" v="separate"/>
    <tag k="wikidata" v="Q3216465"/>
    <tag k="wikipedia" v="en:Lake Street (Chicago)"/>
  </way>
  <way id="24442538">
    <nd ref="709360476"/>
    <nd ref="258956043"/>
    <tag k="bridge" v="yes"/>
    <tag k="hgv" v="designated"/>
    <tag k="highway" v="secondary"/>
    <tag k="lanes" v="2"/>
    <tag k="layer" v="1"/>
    <tag k="lit" v="yes"/>
    <tag k="loc_ref" v="150 N"/>
    <tag k="name" v="West Randolph Street"/>
    <tag k="name:etymology:wikidata" v="Q486499"/>
    <tag k="old_ref" v="US 20 Business"/>
    <tag k="oneway" v="yes"/>
    <tag k="source:hgv" v="https://gis-idot.opendata.arcgis.com/datasets/IDOT::designated-truck-routes-state-jurisdiction-truck-route/explore?location=40.542466%2C-88.991188%2C14.60;https://www.gettingaroundillinois.com/MapViewer/?config=DTRconfig.json"/>
    <tag k="wikidata" v="Q7291867"/>
    <tag k="wikipedia" v="en:Randolph Street"/>
  </way>
  <way id="24442539">
    <nd ref="258956043"/>
    <nd ref="418156652"/>
    <tag k="hgv" v="designated"/>
    <tag k="highway" v="secondary"/>
    <tag k="lanes" v="2"/>
    <tag k="lit" v="yes"/>
    <tag k="loc_ref" v="150 N"/>
    <tag k="name" v="West Randolph Street"/>
    <tag k="name:etymology:wikidata" v="Q486499"/>
    <tag k="old_ref" v="US 20 Business"/>
    <tag k="oneway" v="yes"/>
    <tag k="source:hgv" v="https://gis-idot.opendata.arcgis.com/datasets/IDOT::designated-truck-routes-state-jurisdiction-truck-route/explore?location=40.542466%2C-88.991188%2C14.60;https://www.gettingaroundillinois.com/MapViewer/?config=DTRconfig.json"/>
    <tag k="wikidata" v="Q7291867"/>
    <tag k="wikipedia" v="en:Randolph Street"/>
  </way>
  <way id="24442647">
    <nd ref="265649293"/>
    <nd ref="287262182"/>
    <nd ref="12292976147"/>
    <nd ref="4322736143"/>
    <tag k="highway" v="secondary"/>
    <tag k="loc_ref" v="0 N/S"/>
    <tag k="name" v="West Madison Street"/>
    <tag k="name:etymology:wikidata" v="Q11813"/>
    <tag k="sidewalk:both" v="separate"/>
    <tag k="surface" v="concrete:plates"/>
    <tag k="wikidata" v="Q3276131"/>
    <tag k="wikipedia" v="en:Madison Street (Chicago)"/>
  </way>
  <way id="24442651">
    <nd ref="265649309"/>
    <nd ref="287257359"/>
    <tag k="bridge" v="yes"/>
    <tag k="highway" v="secondary"/>
    <tag k="lanes" v="4"/>
    <tag k="lanes:backward" v="1"/>
    <tag k="lanes:forward" v="3"/>
    <tag k="layer" v="1"/>
    <tag k="loc_ref" v="0 N/S"/>
    <tag k="name" v="West Madison Street"/>
    <tag k="name:etymology:wikidata" v="Q11813"/>
    <tag k="sidewalk:both" v="separate"/>
    <tag k="turn:lanes:forward" v="left|through|right"/>
    <tag k="wikidata" v="Q3276131"/>
    <tag k="wikipedia" v="en:Madison Street (Chicago)"/>
  </way>
  <way id="24442704">
    <nd ref="287261643"/>
    <nd ref="1619741386"/>
    <nd ref="7512746384"/>
    <nd ref="258032862"/>
    <tag k="highway" v="secondary"/>
    <tag k="name" v="West Monroe Street"/>
    <tag k="surface" v="asphalt"/>
  </way>
  <way id="24442707">
    <nd ref="265649799"/>
    <nd ref="265649769"/>
    <tag k="bridge" v="yes"/>
    <tag k="highway" v="secondary"/>
    <tag k="layer" v="1"/>
    <tag k="name" v="West Monroe Street"/>
    <tag k="surface" v="concrete"/>
  </way>
  <way id="24537963">
    <nd ref="9232807192"/>
    <nd ref="9230352315"/>
    <nd ref="11943574230"/>
    <nd ref="1647449823"/>
    <nd ref="1647449812"/>
    <nd ref="12001199371"/>
    <nd ref="1647449809"/>
    <nd ref="12001199372"/>
    <nd ref="11680992981"/>
    <nd ref="12001199367"/>
    <nd ref="11680993015"/>
    <nd ref="287260219"/>
    <tag k="bicycle" v="no"/>
    <tag k="foot" v="no"/>
    <tag k="hgv" v="designated"/>
    <tag k="hgv:national_network" v="yes"/>
    <tag k="highway" v="motorway"/>
    <tag k="horse" v="no"/>
    <tag k="lanes" v="4"/>
    <tag k="lit" v="yes"/>
    <tag k="maxheight" v="13'8&quot;"/>
    <tag k="maxspeed" v="45 mph"/>
    <tag k="minspeed" v="45 mph"/>
    <tag k="name" v="Kennedy Expressway"/>
    <tag k="name:etymology:wikidata" v="Q9696"/>
    <tag k="official_name" v="John F. Kennedy Expressway"/>
    <tag k="old_name" v="Northwest Expressway"/>
    <tag k="oneway" v="yes"/>
    <tag k="ref" v="I 90;I 94"/>
    <tag k="source:hgv:national_network" v="https://www.ecfr.gov/current/title-23/chapter-I/subchapter-G/part-658;https://hepgis-usdot.hub.arcgis.com/apps/usdot::national-network-conventional-combination-trucks-map"/>
    <tag k="wikidata" v="Q1072388"/>
    <tag k="wikipedia" v="en:Kennedy Expressway"/>
  </way>
  <way id="24537970">
    <nd ref="1647518282"/>
    <nd ref="12001199283"/>
    <nd ref="12001199284"/>
    <nd ref="10233452964"/>
    <nd ref="10292634670"/>
    <nd ref="1647531321"/>
    <nd ref="12001199414"/>
    <nd ref="10278799847"/>
    <nd ref="1647531323"/>
    <nd ref="8229056276"/>
    <nd ref="12001199415"/>
    <nd ref="8229056277"/>
    <tag k="bicycle" v="no"/>
    <tag k="foot" v="no"/>
    <tag k="hgv" v="designated"/>
    <tag k="hgv:national_network" v="yes"/>
    <tag k="highway" v="motorway"/>
    <tag k="horse" v="no"/>
    <tag k="lanes" v="4"/>
    <tag k="maxheight:signed" v="no"/>
    <tag k="maxspeed" v="55 mph"/>
    <tag k="minspeed" v="45 mph"/>
    <tag k="name" v="Dan Ryan Expressway"/>
    <tag k="oneway" v="yes"/>
    <tag k="ref" v="I 90;I 94"/>
    <tag k="source:hgv:national_network" v="https://www.ecfr.gov/current/title-23/chapter-I/subchapter-G/part-658;https://hepgis-usdot.hub.arcgis.com/apps/usdot::national-network-conventional-combination-trucks-map"/>
    <tag k="surface" v="concrete"/>
  </way>
  <way id="24562341">
    <nd ref="1647508401"/>
    <nd ref="1647508406"/>
    <nd ref="7061612773"/>
    <nd ref="9167209423"/>
    <tag k="bridge" v="yes"/>
    <tag k="highway" v="motorway"/>
    <tag k="lanes" v="3"/>
    <tag k="layer" v="1"/>
    <tag k="maxheight" v="13'6&quot;"/>
    <tag k="maxspeed" v="35 mph"/>
    <tag k="maxweight" v="120000 lbs"/>
    <tag k="maxwidth" v="12'0&quot;"/>
    <tag k="name" v="Eisenhower Expressway"/>
    <tag k="oneway" v="yes"/>
    <tag k="source:maxlength" v="https://idot.illinois.gov/content/dam/soi/en/web/idot/documents/doing-business/specialty-lists/highways/permits/permanentrestrictedroads.pdf"/>
    <tag k="source:maxweight" v="https://idot.illinois.gov/content/dam/soi/en/web/idot/documents/doing-business/specialty-lists/highways/permits/permanentrestrictedroads.pdf"/>
    <tag k="source:maxwidth" v="https://idot.illinois.gov/content/dam/soi/en/web/idot/documents/doing-business/specialty-lists/highways/permits/permanentrestrictedroads.pdf"/>
    <tag k="surface" v="concrete"/>
  </way>
  <way id="24952895">
    <nd ref="2052085941"/>
    <nd ref="2052085937"/>
    <nd ref="2052085901"/>
    <nd ref="2052085928"/>
    <nd ref="2052085931"/>
    <nd ref="2052085912"/>
    <nd ref="271154525"/>
    <nd ref="740368748"/>
    <nd ref="271154526"/>
    <tag k="destination" v="Franklin Street;Wacker Drive"/>
    <tag k="destination:lanes" v="Wacker Drive;Franklin Street"/>
    <tag k="highway" v="motorway_link"/>
    <tag k="lanes" v="1"/>
    <tag k="layer" v="-1"/>
    <tag k="oneway" v="yes"/>
    <tag k="tunnel" v="yes"/>
    <tag k="turn:lanes" v="slight_left;slight_right"/>
  </way>
  <way id="24952943">
    <nd ref="27440211"/>
    <nd ref="4226924659"/>
    <nd ref="8633836873"/>
    <tag k="cycleway:right" v="no"/>
    <tag k="highway" v="secondary"/>
    <tag k="lanes" v="3"/>
    <tag k="name" v="South Wacker Drive"/>
    <tag k="name:etymology:wikidata" v="Q5078665"/>
    <tag k="oneway" v="yes"/>
    <tag k="sidewalk:left" v="no"/>
    <tag k="sidewalk:right" v="separate"/>
    <tag k="surface" v="concrete"/>
    <tag k="wikidata" v="Q7958800"/>
    <tag k="wikipedia" v="en:Wacker Drive"/>
  </way>
  <way id="24952967">
    <nd ref="3447462591"/>
    <nd ref="4336249472"/>
    <tag k="highway" v="secondary"/>
    <tag k="lanes" v="4"/>
    <tag k="loc_ref" v="300 W"/>
    <tag k="name" v="South Franklin Street"/>
    <tag k="name:etymology:wikidata" v="Q34969"/>
    <tag k="name:etymology:wikipedia" v="en:Benjamin Franklin"/>
    <tag k="oneway" v="yes"/>
    <tag k="sidewalk" v="separate"/>
    <tag k="turn:lanes" v="left|left;through|none|none"/>
  </way>
  <way id="24953260">
    <nd ref="4322796838"/>
    <nd ref="6990621988"/>
    <nd ref="619040181"/>
    <nd ref="619040182"/>
    <nd ref="740363217"/>
    <nd ref="3447462796"/>
    <nd ref="11780468241"/>
    <nd ref="3188221427"/>
    <tag k="bicycle" v="no"/>
    <tag k="cycleway:right" v="no"/>
    <tag k="foot" v="no"/>
    <tag k="highway" v="trunk_link"/>
    <tag k="lanes" v="1"/>
    <tag k="name:etymology:wikidata" v="Q5078665"/>
    <tag k="oneway" v="yes"/>
    <tag k="wikidata" v="Q7958800"/>
    <tag k="wikipedia" v="en:Wacker Drive"/>
  </way>
  <way id="24953456">
    <nd ref="271159808"/>
    <nd ref="740363214"/>
    <nd ref="740363215"/>
    <nd ref="11780468209"/>
    <nd ref="11780468208"/>
    <nd ref="11780468207"/>
    <nd ref="740363216"/>
    <nd ref="11780468206"/>
    <nd ref="271155321"/>
    <tag k="bicycle" v="no"/>
    <tag k="cycleway:right" v="no"/>
    <tag k="foot" v="no"/>
    <tag k="highway" v="trunk_link"/>
    <tag k="lanes" v="1"/>
    <tag k="name:etymology:wikidata" v="Q5078665"/>
    <tag k="oneway" v="yes"/>
    <tag k="wikidata" v="Q7958800"/>
    <tag k="wikipedia" v="en:Wacker Drive"/>
  </way>
  <way id="24954034">
    <nd ref="619038682"/>
    <nd ref="740363196"/>
    <nd ref="619038683"/>
    <nd ref="740363201"/>
    <tag k="highway" v="trunk_link"/>
    <tag k="lanes" v="1"/>
    <tag k="layer" v="-1"/>
    <tag k="oneway" v="yes"/>
    <tag k="surface" v="concrete"/>
    <tag k="tunnel" v="yes"/>
  </way>
  <way id="24985341">
    <nd ref="271164975"/>
    <nd ref="271167545"/>
    <nd ref="271167195"/>
    <nd ref="740363376"/>
    <nd ref="10925366707"/>
    <nd ref="10925366709"/>
    <nd ref="704973667"/>
    <nd ref="271167405"/>
    <nd ref="11682840286"/>
    <tag k="covered" v="yes"/>
    <tag k="cycleway" v="no"/>
    <tag k="highway" v="trunk"/>
    <tag k="lanes" v="2"/>
    <tag k="layer" v="-1"/>
    <tag k="lit" v="24/7"/>
    <tag k="maxspeed" v="30 mph"/>
    <tag k="name" v="North Lower Wacker Drive"/>
    <tag k="name:etymology:wikidata" v="Q5078665"/>
    <tag k="oneway" v="yes"/>
    <tag k="shoulder" v="no"/>
    <tag k="sidewalk" v="no"/>
    <tag k="surface" v="concrete"/>
    <tag k="tunnel" v="covered"/>
    <tag k="wikidata" v="Q7958800"/>
    <tag k="wikipedia" v="en:Wacker Drive"/>
  </way>
  <way id="24989770">
    <nd ref="271154526"/>
    <nd ref="3447462793"/>
    <tag k="destination" v="Wacker Drive"/>
    <tag k="highway" v="motorway_link"/>
    <tag k="lanes" v="1"/>
    <tag k="layer" v="-1"/>
    <tag k="oneway" v="yes"/>
    <tag k="tunnel" v="yes"/>
  </way>
  <way id="24989809">
    <nd ref="271662682"/>
    <nd ref="271662683"/>
    <tag k="highway" v="motorway"/>
    <tag k="lanes" v="3"/>
    <tag k="maxheight" v="13'6&quot;"/>
    <tag k="maxweight" v="120000 lbs"/>
    <tag k="maxwidth" v="12'0&quot;"/>
    <tag k="name" v="Eisenhower Expressway"/>
    <tag k="oneway" v="yes"/>
    <tag k="source:maxlength" v="https://idot.illinois.gov/content/dam/soi/en/web/idot/documents/doing-business/specialty-lists/highways/permits/permanentrestrictedroads.pdf"/>
    <tag k="source:maxweight" v="https://idot.illinois.gov/content/dam/soi/en/web/idot/documents/doing-business/specialty-lists/highways/permits/permanentrestrictedroads.pdf"/>
    <tag k="source:maxwidth" v="https://idot.illinois.gov/content/dam/soi/en/web/idot/documents/doing-business/specialty-lists/highways/permits/permanentrestrictedroads.pdf"/>
    <tag k="tunnel" v="building_passage"/>
  </way>
  <way id="24989811">
    <nd ref="271662674"/>
    <nd ref="271662675"/>
    <tag k="highway" v="motorway"/>
    <tag k="lanes" v="4"/>
    <tag k="maxheight" v="13'6&quot;"/>
    <tag k="maxweight" v="120000 lbs"/>
    <tag k="maxwidth" v="12'0&quot;"/>
    <tag k="name" v="Eisenhower Expressway"/>
    <tag k="oneway" v="yes"/>
    <tag k="source:maxlength" v="https://idot.illinois.gov/content/dam/soi/en/web/idot/documents/doing-business/specialty-lists/highways/permits/permanentrestrictedroads.pdf"/>
    <tag k="source:maxweight" v="https://idot.illinois.gov/content/dam/soi/en/web/idot/documents/doing-business/specialty-lists/highways/permits/permanentrestrictedroads.pdf"/>
    <tag k="source:maxwidth" v="https://idot.illinois.gov/content/dam/soi/en/web/idot/documents/doing-business/specialty-lists/highways/permits/permanentrestrictedroads.pdf"/>
    <tag k="tunnel" v="building_passage"/>
  </way>
  <way id="25373575">
    <nd ref="1647434101"/>
    <nd ref="12001128160"/>
    <nd ref="1647434106"/>
    <nd ref="1647434102"/>
    <nd ref="11943751614"/>
    <tag k="highway" v="motorway"/>
    <tag k="lanes" v="3"/>
    <tag k="maxheight" v="13'6&quot;"/>
    <tag k="maxspeed" v="55 mph"/>
    <tag k="maxweight" v="120000 lbs"/>
    <tag k="maxwidth" v="12'0&quot;"/>
    <tag k="name" v="Eisenhower Expressway"/>
    <tag k="oneway" v="yes"/>
    <tag k="source:maxlength" v="https://idot.illinois.gov/content/dam/soi/en/web/idot/documents/doing-business/specialty-lists/highways/permits/permanentrestrictedroads.pdf"/>
    <tag k="source:maxweight" v="https://idot.illinois.gov/content/dam/soi/en/web/idot/documents/doing-business/specialty-lists/highways/permits/permanentrestrictedroads.pdf"/>
    <tag k="source:maxwidth" v="https://idot.illinois.gov/content/dam/soi/en/web/idot/documents/doing-business/specialty-lists/highways/permits/permanentrestrictedroads.pdf"/>
    <tag k="surface" v="asphalt"/>
  </way>
  <way id="26231922">
    <nd ref="1647463710"/>
    <nd ref="12001199286"/>
    <nd ref="1647467808"/>
    <nd ref="12001199285"/>
    <nd ref="1647467810"/>
    <nd ref="7911018048"/>
    <nd ref="1647467795"/>
    <nd ref="1647467804"/>
    <nd ref="1647467805"/>
    <nd ref="1647467800"/>
    <tag k="bridge" v="yes"/>
    <tag k="destination" v="Wisconsin;Madison Street;Washington Street;Randolph Street;Kennedy Expressway;Lake Street"/>
    <tag k="highway" v="motorway_link"/>
    <tag k="lanes" v="2"/>
    <tag k="layer" v="1"/>
    <tag k="oneway" v="yes"/>
    <tag k="surface" v="concrete"/>
  </way>
  <way id="26232392">
    <nd ref="9738378809"/>
    <nd ref="709361059"/>
    <nd ref="287247179"/>
    <tag k="bicycle" v="designated"/>
    <tag k="bridge" v="yes"/>
    <tag k="cycleway:left" v="lane"/>
    <tag k="cycleway:left:buffer" v="yes"/>
    <tag k="cycleway:left:lane" v="exclusive"/>
    <tag k="highway" v="secondary"/>
    <tag k="lanes" v="2"/>
    <tag k="layer" v="1"/>
    <tag k="loc_ref" v="300 S"/>
    <tag k="name" v="West Jackson Boulevard"/>
    <tag k="name:etymology:wikidata" v="Q11817"/>
    <tag k="note" v="https://www.janebyrneinterchange.org/projects/advanced-southbound-i-90-94/"/>
    <tag k="old_ref" v="US 66"/>
    <tag k="oneway" v="yes"/>
    <tag k="ref" v="US 66 Hist"/>
    <tag k="surface" v="concrete"/>
    <tag k="wikidata" v="Q96942479"/>
    <tag k="wikipedia" v="en:Jackson Boulevard"/>
  </way>
  <way id="26232400">
    <nd ref="256613299"/>
    <nd ref="7515614488"/>
    <nd ref="1721300295"/>
    <nd ref="1721297076"/>
    <nd ref="9254618661"/>
    <nd ref="256612740"/>
    <tag k="cycleway:left" v="lane"/>
    <tag k="cycleway:left:buffer" v="yes"/>
    <tag k="cycleway:left:lane" v="exclusive"/>
    <tag k="highway" v="secondary"/>
    <tag k="lanes" v="2"/>
    <tag k="loc_ref" v="300 S"/>
    <tag k="name" v="West Jackson Boulevard"/>
    <tag k="name:etymology:wikidata" v="Q11817"/>
    <tag k="old_ref" v="US 66"/>
    <tag k="oneway" v="yes"/>
    <tag k="ref" v="US 66 Hist"/>
    <tag k="wikidata" v="Q96942479"/>
    <tag k="wikipedia" v="en:Jackson Boulevard"/>
  </way>
  <way id="26232853">
    <nd ref="6131657482"/>
    <nd ref="256611723"/>
    <tag k="highway" v="secondary"/>
    <tag k="loc_ref" v="400 S"/>
    <tag k="name" v="West Van Buren Street"/>
    <tag k="name:etymology:wikidata" v="Q11820"/>
    <tag k="sidewalk" v="separate"/>
    <tag k="surface" v="asphalt"/>
    <tag k="wikidata" v="Q115806095"/>
    <tag k="wikipedia" v="en:Van Buren Street"/>
  </way>
  <way id="26233008">
    <nd ref="709361059"/>
    <nd ref="7512746570"/>
    <nd ref="10233448891"/>
    <nd ref="709361074"/>
    <tag k="access" v="yes"/>
    <tag k="bridge" v="yes"/>
    <tag k="check_date" v="12-02-2022"/>
    <tag k="description" v="closed for re-construction until 2022"/>
    <tag k="destination" v="Kennedy Expressway"/>
    <tag k="destination:ref" v="I 90 West;I 94 West"/>
    <tag k="highway" v="motorway_link"/>
    <tag k="lanes" v="1"/>
    <tag k="layer" v="1"/>
    <tag k="oneway" v="yes"/>
    <tag k="opening_date" v="12-23-2022"/>
  </way>
  <way id="26233017">
    <nd ref="709361181"/>
    <nd ref="9738378806"/>
    <tag k="bridge" v="yes"/>
    <tag k="highway" v="secondary"/>
    <tag k="layer" v="1"/>
    <tag k="name" v="West Adams Street"/>
    <tag k="old_ref" v="US 66"/>
    <tag k="oneway" v="yes"/>
    <tag k="opening_date" v="2022"/>
    <tag k="ref" v="US 66 Hist"/>
    <tag k="surface" v="concrete"/>
  </way>
  <way id="26233018">
    <nd ref="258032427"/>
    <nd ref="7512746373"/>
    <nd ref="2203666332"/>
    <nd ref="11677004720"/>
    <nd ref="7512746352"/>
    <nd ref="261883442"/>
    <nd ref="7512746349"/>
    <nd ref="1619741204"/>
    <nd ref="9672574423"/>
    <nd ref="1886246844"/>
    <nd ref="7512746483"/>
    <nd ref="261883261"/>
    <nd ref="7512746485"/>
    <nd ref="12349505908"/>
    <nd ref="12349505904"/>
    <nd ref="9747444382"/>
    <nd ref="7512746505"/>
    <nd ref="261883169"/>
    <nd ref="7512746507"/>
    <nd ref="2203666314"/>
    <nd ref="10887570734"/>
    <nd ref="5455496012"/>
    <nd ref="7515614290"/>
    <nd ref="258955478"/>
    <tag k="highway" v="tertiary"/>
    <tag k="name" v="West Adams Street"/>
    <tag k="old_ref" v="US 66"/>
    <tag k="oneway" v="yes"/>
    <tag k="opening_date" v="2022"/>
    <tag k="ref" v="US 66 Hist"/>
    <tag k="sidewalk:both" v="separate"/>
    <tag k="surface" v="asphalt"/>
  </way>
  <way id="26233078">
    <nd ref="265649647"/>
    <nd ref="287260704"/>
    <nd ref="1657357281"/>
    <nd ref="6697328364"/>
    <nd ref="9115262266"/>
    <nd ref="13003517402"/>
    <nd ref="258020692"/>
    <tag k="cycleway:right" v="lane"/>
    <tag k="cycleway:right:buffer" v="yes"/>
    <tag k="hgv" v="designated"/>
    <tag k="highway" v="secondary"/>
    <tag k="lanes" v="3"/>
    <tag k="name" v="West Washington Boulevard"/>
    <tag k="name:etymology:wikidata" v="Q23"/>
    <tag k="old_ref" v="US 20 Business"/>
    <tag k="oneway" v="yes"/>
    <tag k="sidewalk:both" v="separate"/>
    <tag k="source:hgv" v="https://gis-idot.opendata.arcgis.com/datasets/IDOT::designated-truck-routes-state-jurisdiction-truck-route/explore?location=40.542466%2C-88.991188%2C14.60;https://www.gettingaroundillinois.com/MapViewer/?config=DTRconfig.json"/>
    <tag k="surface" v="asphalt"/>
  </way>
  <way id="26233079">
    <nd ref="265648679"/>
    <nd ref="13768625210"/>
    <nd ref="13768625208"/>
    <nd ref="265649647"/>
    <tag k="bridge" v="yes"/>
    <tag k="cycleway:right" v="lane"/>
    <tag k="cycleway:right:buffer" v="yes"/>
    <tag k="hgv" v="designated"/>
    <tag k="highway" v="secondary"/>
    <tag k="lanes" v="3"/>
    <tag k="layer" v="1"/>
    <tag k="name" v="West Washington Boulevard"/>
    <tag k="name:etymology:wikidata" v="Q23"/>
    <tag k="old_ref" v="US 20 Business"/>
    <tag k="oneway" v="yes"/>
    <tag k="sidewalk:both" v="separate"/>
    <tag k="source:hgv" v="https://gis-idot.opendata.arcgis.com/datasets/IDOT::designated-truck-routes-state-jurisdiction-truck-route/explore?location=40.542466%2C-88.991188%2C14.60;https://www.gettingaroundillinois.com/MapViewer/?config=DTRconfig.json"/>
    <tag k="surface" v="concrete"/>
  </way>
  <way id="26233233">
    <nd ref="709361181"/>
    <nd ref="709361185"/>
    <nd ref="709361203"/>
    <tag k="access" v="yes"/>
    <tag k="bicycle" v="no"/>
    <tag k="bridge" v="yes"/>
    <tag k="check_date" v="12-02-2022"/>
    <tag k="destination" v="Kennedy Expressway"/>
    <tag k="destination:ref" v="I 90 West;I 94 West"/>
    <tag k="foot" v="no"/>
    <tag k="highway" v="motorway_link"/>
    <tag k="horse" v="no"/>
    <tag k="layer" v="1"/>
    <tag k="motor_vehicle" v="yes"/>
    <tag k="oneway" v="yes"/>
    <tag k="opening_date" v="12-23-2022"/>
  </way>
  <way id="26233239">
    <nd ref="287257360"/>
    <nd ref="7714595894"/>
    <nd ref="709360243"/>
    <tag k="access" v="yes"/>
    <tag k="bicycle" v="no"/>
    <tag k="bridge" v="yes"/>
    <tag k="check_date" v="2022-08-12"/>
    <tag k="destination:ref" v="I 90 East;I 94 East"/>
    <tag k="foot" v="no"/>
    <tag k="highway" v="motorway_link"/>
    <tag k="horse" v="no"/>
    <tag k="lanes" v="1"/>
    <tag k="layer" v="1"/>
    <tag k="oneway" v="yes"/>
  </way>
  <way id="26233241">
    <nd ref="287257359"/>
    <nd ref="7714595893"/>
    <nd ref="709360201"/>
    <tag k="bridge" v="yes"/>
    <tag k="destination:ref" v="I 90 West;I 94 West"/>
    <tag k="highway" v="motorway_link"/>
    <tag k="lanes" v="1"/>
    <tag k="layer" v="1"/>
    <tag k="oneway" v="yes"/>
  </way>
  <way id="26233255">
    <nd ref="709360476"/>
    <nd ref="12001199391"/>
    <nd ref="12001199390"/>
    <nd ref="12001199392"/>
    <nd ref="709360655"/>
    <nd ref="12001199389"/>
    <nd ref="709360656"/>
    <nd ref="8229741164"/>
    <nd ref="709360658"/>
    <nd ref="12001199388"/>
    <nd ref="709360660"/>
    <nd ref="12001199387"/>
    <nd ref="709360662"/>
    <nd ref="709360185"/>
    <tag k="bridge" v="yes"/>
    <tag k="destination:ref" v="I 90 East;I 94 East"/>
    <tag k="highway" v="motorway_link"/>
    <tag k="lane_markings" v="no"/>
    <tag k="layer" v="1"/>
    <tag k="oneway" v="yes"/>
  </way>
  <way id="26233258">
    <nd ref="709360476"/>
    <nd ref="709360480"/>
    <nd ref="8229741165"/>
    <nd ref="709360498"/>
    <nd ref="709360501"/>
    <nd ref="709360503"/>
    <nd ref="709360409"/>
    <tag k="bridge" v="yes"/>
    <tag k="check_date" v="2025-03-21"/>
    <tag k="destination:ref" v="I 90 West;I 94 West"/>
    <tag k="highway" v="motorway_link"/>
    <tag k="lanes" v="1"/>
    <tag k="layer" v="1"/>
    <tag k="note" v="Closed for Kennedy construction."/>
    <tag k="oneway" v="yes"/>
    <tag k="opening_date" v="2026-01-01"/>
    <tag k="turn:lanes" v="right"/>
  </way>
  <way id="26233260">
    <nd ref="7706487489"/>
    <nd ref="709360525"/>
    <nd ref="709360166"/>
    <tag k="bridge" v="yes"/>
    <tag k="destination:ref" v="I 90 East;I 94 East"/>
    <tag k="highway" v="motorway_link"/>
    <tag k="lanes" v="1"/>
    <tag k="layer" v="1"/>
    <tag k="oneway" v="yes"/>
  </way>
  <way id="26233441">
    <nd ref="287260702"/>
    <nd ref="287261953"/>
    <nd ref="10273279138"/>
    <tag k="destination" v="East Washington Boulevard"/>
    <tag k="hgv" v="designated"/>
    <tag k="highway" v="motorway_link"/>
    <tag k="junction:ref" v="51C"/>
    <tag k="lanes" v="1"/>
    <tag k="oneway" v="yes"/>
    <tag k="source:hgv" v="https://gis-idot.opendata.arcgis.com/datasets/IDOT::designated-truck-routes-state-jurisdiction-truck-route/explore?location=40.542466%2C-88.991188%2C14.60;https://www.gettingaroundillinois.com/MapViewer/?config=DTRconfig.json"/>
    <tag k="surface" v="concrete"/>
    <tag k="turn:lanes" v="right"/>
  </way>
  <way id="26233447">
    <nd ref="287261042"/>
    <nd ref="9775419899"/>
    <nd ref="10278851036"/>
    <nd ref="12153004970"/>
    <tag k="destination" v="West Randolph Street"/>
    <tag k="hgv" v="designated"/>
    <tag k="highway" v="motorway_link"/>
    <tag k="junction:ref" v="51B"/>
    <tag k="lanes" v="1"/>
    <tag k="oneway" v="yes"/>
    <tag k="source:hgv" v="https://gis-idot.opendata.arcgis.com/datasets/IDOT::designated-truck-routes-state-jurisdiction-truck-route/explore?location=40.542466%2C-88.991188%2C14.60;https://www.gettingaroundillinois.com/MapViewer/?config=DTRconfig.json"/>
  </way>
  <way id="26233470">
    <nd ref="287261388"/>
    <nd ref="709360674"/>
    <nd ref="287261419"/>
    <nd ref="287262062"/>
    <nd ref="736018768"/>
    <nd ref="7520833633"/>
    <nd ref="418156652"/>
    <tag k="destination" v="Randolph Street West"/>
    <tag k="destination:loc_ref" v="150 North"/>
    <tag k="hgv" v="designated"/>
    <tag k="highway" v="motorway_link"/>
    <tag k="junction:ref" v="51B"/>
    <tag k="lanes" v="1"/>
    <tag k="oneway" v="yes"/>
    <tag k="source:hgv" v="https://gis-idot.opendata.arcgis.com/datasets/IDOT::designated-truck-routes-state-jurisdiction-truck-route/explore?location=40.542466%2C-88.991188%2C14.60;https://www.gettingaroundillinois.com/MapViewer/?config=DTRconfig.json"/>
    <tag k="surface" v="asphalt"/>
    <tag k="turn:lanes" v="right"/>
  </way>
  <way id="26233486">
    <nd ref="258023775"/>
    <nd ref="709360876"/>
    <nd ref="287262144"/>
    <nd ref="11943759870"/>
    <nd ref="287261507"/>
    <nd ref="709360884"/>
    <nd ref="13768625204"/>
    <nd ref="7515614542"/>
    <nd ref="13768625205"/>
    <nd ref="13768625206"/>
    <nd ref="13768625209"/>
    <tag k="destination" v="Washington Boulevard East"/>
    <tag k="destination:loc_ref" v="100 North"/>
    <tag k="hgv" v="designated"/>
    <tag k="highway" v="motorway_link"/>
    <tag k="junction:ref" v="51C"/>
    <tag k="lanes" v="1"/>
    <tag k="oneway" v="yes"/>
    <tag k="source:hgv" v="https://gis-idot.opendata.arcgis.com/datasets/IDOT::designated-truck-routes-state-jurisdiction-truck-route/explore?location=40.542466%2C-88.991188%2C14.60;https://www.gettingaroundillinois.com/MapViewer/?config=DTRconfig.json"/>
    <tag k="surface" v="asphalt"/>
    <tag k="turn:lanes" v="left"/>
  </way>
  <way id="26233492">
    <nd ref="5967446815"/>
    <nd ref="12001199395"/>
    <nd ref="12001199394"/>
    <nd ref="287261602"/>
    <nd ref="12912848005"/>
    <tag k="destination" v="Madison Street"/>
    <tag k="destination:street" v="Madison Street (0 North/South)"/>
    <tag k="highway" v="motorway_link"/>
    <tag k="junction:ref" v="51D"/>
    <tag k="lanes" v="1"/>
    <tag k="oneway" v="yes"/>
    <tag k="surface" v="asphalt"/>
  </way>
  <way id="26233497">
    <nd ref="287261610"/>
    <nd ref="12395888692"/>
    <nd ref="12395888691"/>
    <nd ref="12395888690"/>
    <nd ref="5967446816"/>
    <nd ref="287261642"/>
    <nd ref="709360910"/>
    <nd ref="5967446817"/>
    <nd ref="9436625758"/>
    <tag k="destination" v="Monroe Street"/>
    <tag k="highway" v="motorway_link"/>
    <tag k="junction:ref" v="51E"/>
    <tag k="lanes" v="1"/>
    <tag k="oneway" v="yes"/>
    <tag k="surface" v="asphalt"/>
  </way>
  <way id="26252391">
    <nd ref="287505357"/>
    <nd ref="13735345594"/>
    <tag k="bridge" v="yes"/>
    <tag k="cycleway:left" v="separate"/>
    <tag k="cycleway:left:buffer" v="yes"/>
    <tag k="cycleway:left:lane" v="exclusive"/>
    <tag k="cycleway:right" v="share_busway"/>
    <tag k="highway" v="secondary"/>
    <tag k="lanes" v="2"/>
    <tag k="layer" v="1"/>
    <tag k="loc_ref" v="800 W"/>
    <tag k="name" v="South Halsted Street"/>
    <tag k="name:etymology:wikidata" v="Q119522049"/>
    <tag k="name:zh" v="豪斯特路"/>
    <tag k="sidewalk" v="separate"/>
    <tag k="wikidata" v="Q5643579"/>
    <tag k="wikipedia" v="en:Halsted Street"/>
  </way>
  <way id="26797828">
    <nd ref="293974158"/>
    <nd ref="1640074124"/>
    <nd ref="1640074109"/>
    <nd ref="345097973"/>
    <nd ref="1640074125"/>
    <nd ref="1640074111"/>
    <nd ref="1884777353"/>
    <nd ref="1937532132"/>
    <tag k="destination" v="Eisenhower Expressway"/>
    <tag k="destination:ref" v="I 290 West"/>
    <tag k="highway" v="motorway_link"/>
    <tag k="oneway" v="yes"/>
  </way>
  <way id="27803812">
    <nd ref="258020600"/>
    <nd ref="9768129707"/>
    <nd ref="4613013993"/>
    <nd ref="261119977"/>
    <nd ref="4322760918"/>
    <tag k="cycleway:right" v="shared_lane"/>
    <tag k="highway" v="secondary"/>
    <tag k="lanes" v="2"/>
    <tag k="name" v="North Desplaines Street"/>
    <tag k="oneway" v="yes"/>
    <tag k="sidewalk:both" v="separate"/>
    <tag k="surface" v="asphalt"/>
  </way>
  <way id="35023161">
    <nd ref="410791911"/>
    <nd ref="7515614574"/>
    <nd ref="12251463142"/>
    <nd ref="12251463141"/>
    <nd ref="9747444342"/>
    <nd ref="7520846961"/>
    <nd ref="410791912"/>
    <tag k="highway" v="unclassified"/>
    <tag k="lit" v="yes"/>
    <tag k="loc_ref" v="150 N"/>
    <tag k="name" v="West Randolph Street"/>
    <tag k="name:etymology:wikidata" v="Q486499"/>
    <tag k="oneway" v="yes"/>
    <tag k="wikidata" v="Q7291867"/>
    <tag k="wikipedia" v="en:Randolph Street"/>
  </way>
  <way id="36743924">
    <nd ref="261307486"/>
    <nd ref="9503023144"/>
    <nd ref="427144922"/>
    <nd ref="624845380"/>
    <nd ref="4226924405"/>
    <nd ref="1309434623"/>
    <tag k="highway" v="residential"/>
    <tag k="lit" v="yes"/>
    <tag k="name" v="South Lytle Street"/>
    <tag k="name:etymology:wikidata" v="Q14191336"/>
    <tag k="name:etymology:wikipedia" v="en:William Haines Lytle"/>
    <tag k="sidewalk:both" v="separate"/>
    <tag k="surface" v="asphalt"/>
    <tag k="tiger:cfcc" v="A41"/>
    <tag k="tiger:county" v="Cook, IL"/>
    <tag k="tiger:name_base" v="Lytle"/>
    <tag k="tiger:name_direction_prefix" v="S"/>
    <tag k="tiger:name_type" v="St"/>
    <tag k="tiger:reviewed" v="no"/>
    <tag k="tiger:zip_left" v="60607"/>
    <tag k="tiger:zip_right" v="60607"/>
  </way>
  <way id="36743926">
    <nd ref="427144773"/>
    <nd ref="9503023151"/>
    <nd ref="7506100697"/>
    <nd ref="9531183373"/>
    <nd ref="9503048892"/>
    <nd ref="427144783"/>
    <tag k="highway" v="residential"/>
    <tag k="name" v="South Lytle Street"/>
    <tag k="name:etymology:wikidata" v="Q14191336"/>
    <tag k="name:etymology:wikipedia" v="en:William Haines Lytle"/>
    <tag k="sidewalk:both" v="separate"/>
    <tag k="tiger:cfcc" v="A41"/>
    <tag k="tiger:county" v="Cook, IL"/>
    <tag k="tiger:name_base" v="Lytle"/>
    <tag k="tiger:name_direction_prefix" v="S"/>
    <tag k="tiger:name_type" v="St"/>
    <tag k="tiger:reviewed" v="no"/>
    <tag k="tiger:zip_left" v="60607"/>
    <tag k="tiger:zip_right" v="60607"/>
  </way>
  <way id="36743979">
    <nd ref="427144922"/>
    <nd ref="9434660152"/>
    <nd ref="624845405"/>
    <nd ref="624845413"/>
    <nd ref="4226840290"/>
    <nd ref="1309327046"/>
    <tag k="highway" v="residential"/>
    <tag k="name" v="West Arthington Street"/>
  </way>
  <way id="36888338">
    <nd ref="428891513"/>
    <nd ref="4336249459"/>
    <tag k="highway" v="tertiary"/>
    <tag k="name" v="South Canal Street"/>
    <tag k="name:etymology:wikidata" v="Q952760"/>
    <tag k="name:etymology:wikipedia" v="en:Illinois and Michigan Canal"/>
    <tag k="oneway" v="yes"/>
    <tag k="surface" v="concrete"/>
  </way>
  <way id="36888594">
    <nd ref="428890367"/>
    <nd ref="13362422193"/>
    <nd ref="13362422191"/>
    <nd ref="13362422189"/>
    <nd ref="13362422198"/>
    <nd ref="11829472889"/>
    <nd ref="13362422280"/>
    <nd ref="13781390556"/>
    <nd ref="9503049084"/>
    <nd ref="13142787940"/>
    <nd ref="428890368"/>
    <nd ref="9503049077"/>
    <nd ref="13362422264"/>
    <nd ref="11012377320"/>
    <nd ref="9503049052"/>
    <nd ref="428890369"/>
    <tag k="highway" v="residential"/>
    <tag k="name" v="West Tilden Street"/>
    <tag k="oneway" v="yes"/>
    <tag k="sidewalk:left" v="no"/>
    <tag k="sidewalk:right" v="separate"/>
  </way>
  <way id="36888713">
    <nd ref="428891522"/>
    <nd ref="9309565637"/>
    <nd ref="2207484786"/>
    <nd ref="13362422297"/>
    <nd ref="2207484790"/>
    <nd ref="9503049049"/>
    <nd ref="428891518"/>
    <nd ref="9503049051"/>
    <nd ref="13781390565"/>
    <nd ref="13362422265"/>
    <nd ref="13781390557"/>
    <nd ref="9503049076"/>
    <nd ref="428891516"/>
    <nd ref="11061949360"/>
    <nd ref="9503049088"/>
    <nd ref="13362422282"/>
    <nd ref="11133141923"/>
    <nd ref="11133141922"/>
    <nd ref="428891513"/>
    <tag k="highway" v="residential"/>
    <tag k="name" v="West Congress Parkway"/>
    <tag k="oneway" v="yes"/>
  </way>
  <way id="36898116">
    <nd ref="27440209"/>
    <nd ref="6620420898"/>
    <nd ref="11061908876"/>
    <nd ref="5689518608"/>
    <nd ref="4347534765"/>
    <nd ref="11061908879"/>
    <nd ref="4408699782"/>
    <nd ref="11061908880"/>
    <nd ref="4347534762"/>
    <nd ref="11061908883"/>
    <nd ref="5689511636"/>
    <nd ref="257381516"/>
    <tag k="highway" v="secondary"/>
    <tag k="lanes" v="2"/>
    <tag k="name" v="South Canal Street"/>
    <tag k="name:etymology:wikidata" v="Q952760"/>
    <tag k="name:etymology:wikipedia" v="en:Illinois and Michigan Canal"/>
    <tag k="oneway" v="yes"/>
    <tag k="sidewalk:both" v="separate"/>
    <tag k="turn:lanes" v="left;through|through"/>
  </way>
  <way id="48785104">
    <nd ref="740363201"/>
    <nd ref="740363200"/>
    <nd ref="704973670"/>
    <nd ref="9309566028"/>
    <nd ref="10929174838"/>
    <nd ref="271167576"/>
    <tag k="bicycle" v="no"/>
    <tag k="foot" v="no"/>
    <tag k="highway" v="trunk_link"/>
    <tag k="lanes" v="1"/>
    <tag k="oneway" v="yes"/>
    <tag k="surface" v="concrete"/>
  </way>
  <way id="48785299">
    <nd ref="740363202"/>
    <nd ref="740363203"/>
    <nd ref="619040173"/>
    <nd ref="271155321"/>
    <tag k="cycleway:right" v="no"/>
    <tag k="foot" v="no"/>
    <tag k="highway" v="secondary"/>
    <tag k="oneway" v="yes"/>
    <tag k="sidewalk" v="no"/>
  </way>
  <way id="48785301">
    <nd ref="3188221426"/>
    <nd ref="11780468240"/>
    <nd ref="271155581"/>
    <nd ref="11780468243"/>
    <nd ref="2052085899"/>
    <nd ref="2052085917"/>
    <tag k="cycleway:right" v="no"/>
    <tag k="highway" v="secondary"/>
    <tag k="lanes" v="1"/>
    <tag k="name" v="South Wacker Drive"/>
    <tag k="name:etymology:wikidata" v="Q5078665"/>
    <tag k="oneway" v="yes"/>
    <tag k="sidewalk:left" v="no"/>
    <tag k="sidewalk:right" v="separate"/>
    <tag k="wikidata" v="Q7958800"/>
    <tag k="wikipedia" v="en:Wacker Drive"/>
  </way>
  <way id="48785309">
    <nd ref="10945677471"/>
    <nd ref="10945677470"/>
    <nd ref="10945677469"/>
    <nd ref="11060274223"/>
    <nd ref="10945677472"/>
    <tag k="bicycle" v="no"/>
    <tag k="destination" v="South Lower Wacker Drive"/>
    <tag k="highway" v="trunk_link"/>
    <tag k="lanes" v="1"/>
    <tag k="oneway" v="yes"/>
    <tag k="surface" v="concrete"/>
  </way>
  <way id="48785310">
    <nd ref="619040191"/>
    <nd ref="271164975"/>
    <tag k="covered" v="yes"/>
    <tag k="highway" v="trunk_link"/>
    <tag k="lanes" v="1"/>
    <tag k="layer" v="-1"/>
    <tag k="oneway" v="yes"/>
    <tag k="surface" v="concrete"/>
    <tag k="tunnel" v="covered"/>
  </way>
  <way id="48785311">
    <nd ref="258021250"/>
    <nd ref="9733272327"/>
    <nd ref="10922694082"/>
    <nd ref="10922694229"/>
    <tag k="bicycle" v="use_sidepath"/>
    <tag k="cycleway:right" v="separate"/>
    <tag k="highway" v="secondary"/>
    <tag k="lanes" v="3"/>
    <tag k="lanes:bus" v="1"/>
    <tag k="loc_ref" v="100 N"/>
    <tag k="name" v="West Washington Street"/>
    <tag k="name:etymology:wikidata" v="Q23"/>
    <tag k="oneway" v="yes"/>
    <tag k="parking" v="no"/>
    <tag k="sidewalk:both" v="separate"/>
    <tag k="surface" v="asphalt"/>
    <tag k="turn:bus:lanes" v="||"/>
    <tag k="turn:lanes" v="||right"/>
  </way>
  <way id="49176167">
    <nd ref="1640067869"/>
    <nd ref="13841836587"/>
    <nd ref="12001199310"/>
    <nd ref="7061531667"/>
    <nd ref="6653012101"/>
    <nd ref="1647508399"/>
    <tag k="highway" v="motorway"/>
    <tag k="lanes" v="2"/>
    <tag k="maxheight" v="13'6&quot;"/>
    <tag k="maxspeed" v="45 mph"/>
    <tag k="maxweight" v="120000 lbs"/>
    <tag k="maxwidth" v="12'0&quot;"/>
    <tag k="name" v="Eisenhower Expressway"/>
    <tag k="oneway" v="yes"/>
    <tag k="source:maxlength" v="https://idot.illinois.gov/content/dam/soi/en/web/idot/documents/doing-business/specialty-lists/highways/permits/permanentrestrictedroads.pdf"/>
    <tag k="source:maxweight" v="https://idot.illinois.gov/content/dam/soi/en/web/idot/documents/doing-business/specialty-lists/highways/permits/permanentrestrictedroads.pdf"/>
    <tag k="source:maxwidth" v="https://idot.illinois.gov/content/dam/soi/en/web/idot/documents/doing-business/specialty-lists/highways/permits/permanentrestrictedroads.pdf"/>
    <tag k="surface" v="asphalt"/>
  </way>
  <way id="56150510">
    <nd ref="704707095"/>
    <nd ref="6978056606"/>
    <tag k="highway" v="residential"/>
    <tag k="name" v="West Polk Street"/>
    <tag k="sidewalk:both" v="separate"/>
    <tag k="tiger:cfcc" v="A41"/>
    <tag k="tiger:county" v="Cook, IL"/>
    <tag k="tiger:name_base" v="Polk"/>
    <tag k="tiger:name_direction_prefix" v="W"/>
    <tag k="tiger:name_type" v="St"/>
    <tag k="tiger:reviewed" v="no"/>
    <tag k="tiger:zip_left" v="60607"/>
    <tag k="tiger:zip_right" v="60607"/>
  </way>
  <way id="56152932">
    <nd ref="271662683"/>
    <nd ref="6987903210"/>
    <nd ref="11874814621"/>
    <tag k="bridge" v="yes"/>
    <tag k="highway" v="motorway"/>
    <tag k="lanes" v="3"/>
    <tag k="layer" v="1"/>
    <tag k="maxheight" v="13'6&quot;"/>
    <tag k="maxweight" v="120000 lbs"/>
    <tag k="maxwidth" v="12'0&quot;"/>
    <tag k="name" v="Eisenhower Expressway"/>
    <tag k="oneway" v="yes"/>
    <tag k="source:maxlength" v="https://idot.illinois.gov/content/dam/soi/en/web/idot/documents/doing-business/specialty-lists/highways/permits/permanentrestrictedroads.pdf"/>
    <tag k="source:maxweight" v="https://idot.illinois.gov/content/dam/soi/en/web/idot/documents/doing-business/specialty-lists/highways/permits/permanentrestrictedroads.pdf"/>
    <tag k="source:maxwidth" v="https://idot.illinois.gov/content/dam/soi/en/web/idot/documents/doing-business/specialty-lists/highways/permits/permanentrestrictedroads.pdf"/>
  </way>
  <way id="56152933">
    <nd ref="704745514"/>
    <nd ref="6987903201"/>
    <tag k="bridge" v="movable"/>
    <tag k="bridge:movable" v="bascule"/>
    <tag k="highway" v="motorway"/>
    <tag k="lanes" v="3"/>
    <tag k="layer" v="1"/>
    <tag k="maxheight" v="13'6&quot;"/>
    <tag k="maxweight" v="120000 lbs"/>
    <tag k="maxwidth" v="12'0&quot;"/>
    <tag k="name" v="Eisenhower Expressway"/>
    <tag k="oneway" v="yes"/>
    <tag k="source:maxlength" v="https://idot.illinois.gov/content/dam/soi/en/web/idot/documents/doing-business/specialty-lists/highways/permits/permanentrestrictedroads.pdf"/>
    <tag k="source:maxweight" v="https://idot.illinois.gov/content/dam/soi/en/web/idot/documents/doing-business/specialty-lists/highways/permits/permanentrestrictedroads.pdf"/>
    <tag k="source:maxwidth" v="https://idot.illinois.gov/content/dam/soi/en/web/idot/documents/doing-business/specialty-lists/highways/permits/permanentrestrictedroads.pdf"/>
  </way>
  <way id="56152935">
    <nd ref="11874814622"/>
    <nd ref="271662674"/>
    <tag k="bridge" v="yes"/>
    <tag k="highway" v="motorway"/>
    <tag k="lanes" v="4"/>
    <tag k="layer" v="1"/>
    <tag k="maxheight" v="13'6&quot;"/>
    <tag k="maxweight" v="120000 lbs"/>
    <tag k="maxwidth" v="12'0&quot;"/>
    <tag k="name" v="Eisenhower Expressway"/>
    <tag k="oneway" v="yes"/>
    <tag k="source:maxlength" v="https://idot.illinois.gov/content/dam/soi/en/web/idot/documents/doing-business/specialty-lists/highways/permits/permanentrestrictedroads.pdf"/>
    <tag k="source:maxweight" v="https://idot.illinois.gov/content/dam/soi/en/web/idot/documents/doing-business/specialty-lists/highways/permits/permanentrestrictedroads.pdf"/>
    <tag k="source:maxwidth" v="https://idot.illinois.gov/content/dam/soi/en/web/idot/documents/doing-business/specialty-lists/highways/permits/permanentrestrictedroads.pdf"/>
  </way>
  <way id="56152940">
    <nd ref="271662675"/>
    <nd ref="9292058367"/>
    <tag k="bridge" v="yes"/>
    <tag k="highway" v="motorway"/>
    <tag k="lanes" v="4"/>
    <tag k="layer" v="1"/>
    <tag k="level" v="1"/>
    <tag k="maxheight" v="13'6&quot;"/>
    <tag k="maxweight" v="120000 lbs"/>
    <tag k="maxwidth" v="12'0&quot;"/>
    <tag k="name" v="Eisenhower Expressway"/>
    <tag k="oneway" v="yes"/>
    <tag k="source:maxlength" v="https://idot.illinois.gov/content/dam/soi/en/web/idot/documents/doing-business/specialty-lists/highways/permits/permanentrestrictedroads.pdf"/>
    <tag k="source:maxweight" v="https://idot.illinois.gov/content/dam/soi/en/web/idot/documents/doing-business/specialty-lists/highways/permits/permanentrestrictedroads.pdf"/>
    <tag k="source:maxwidth" v="https://idot.illinois.gov/content/dam/soi/en/web/idot/documents/doing-business/specialty-lists/highways/permits/permanentrestrictedroads.pdf"/>
    <tag k="surface" v="concrete"/>
  </way>
  <way id="56152941">
    <nd ref="428888881"/>
    <nd ref="704745744"/>
    <nd ref="1647832964"/>
    <nd ref="1647832967"/>
    <nd ref="428891673"/>
    <nd ref="1647832969"/>
    <nd ref="1647832968"/>
    <nd ref="1647832965"/>
    <nd ref="428891513"/>
    <tag k="destination" v="Canal Street"/>
    <tag k="highway" v="motorway_link"/>
    <tag k="level" v="1"/>
    <tag k="oneway" v="yes"/>
    <tag k="surface" v="concrete"/>
  </way>
  <way id="56152942">
    <nd ref="704745780"/>
    <nd ref="428889376"/>
    <nd ref="9292058367"/>
    <tag k="bridge" v="yes"/>
    <tag k="highway" v="motorway_link"/>
    <tag k="layer" v="1"/>
    <tag k="level" v="1"/>
    <tag k="note" v="Opened 12/15/2020"/>
    <tag k="oneway" v="yes"/>
  </way>
  <way id="56152948">
    <nd ref="258030657"/>
    <nd ref="5492751851"/>
    <nd ref="4227056428"/>
    <nd ref="35313375"/>
    <tag k="highway" v="residential"/>
    <tag k="name" v="West Polk Street"/>
  </way>
  <way id="56152951">
    <nd ref="704745826"/>
    <nd ref="9391285691"/>
    <nd ref="13659986898"/>
    <nd ref="256592105"/>
    <tag k="cycleway" v="lane"/>
    <tag k="cycleway:both" v="lane"/>
    <tag k="cycleway:both:buffer" v="no"/>
    <tag k="cycleway:buffer" v="no"/>
    <tag k="highway" v="residential"/>
    <tag k="name" v="West Polk Street"/>
    <tag k="sidewalk:both" v="separate"/>
    <tag k="surface" v="asphalt"/>
  </way>
  <way id="56175723">
    <nd ref="9309565690"/>
    <nd ref="12233562185"/>
    <nd ref="7335736851"/>
    <tag k="highway" v="secondary"/>
    <tag k="lanes" v="2"/>
    <tag k="name" v="North Canal Street"/>
    <tag k="name:etymology:wikidata" v="Q952760"/>
    <tag k="name:etymology:wikipedia" v="en:Illinois and Michigan Canal"/>
    <tag k="oneway" v="yes"/>
    <tag k="surface" v="asphalt"/>
  </way>
  <way id="56175729">
    <nd ref="258020603"/>
    <nd ref="6668857199"/>
    <nd ref="11870308666"/>
    <nd ref="2463253873"/>
    <nd ref="10290068749"/>
    <nd ref="258020617"/>
    <tag k="cycleway:right" v="lane"/>
    <tag k="cycleway:right:buffer" v="no"/>
    <tag k="cycleway:right:lane" v="advisory"/>
    <tag k="highway" v="tertiary"/>
    <tag k="name" v="North Canal Street"/>
    <tag k="name:etymology:wikidata" v="Q952760"/>
    <tag k="name:etymology:wikipedia" v="en:Illinois and Michigan Canal"/>
    <tag k="oneway" v="no"/>
    <tag k="sidewalk" v="separate"/>
    <tag k="surface" v="asphalt"/>
  </way>
  <way id="56175730">
    <nd ref="7015619031"/>
    <nd ref="13746350785"/>
    <nd ref="7335736852"/>
    <nd ref="11870471275"/>
    <tag k="cycleway:right" v="separate"/>
    <tag k="highway" v="secondary"/>
    <tag k="lanes" v="2"/>
    <tag k="name" v="North Canal Street"/>
    <tag k="name:etymology:wikidata" v="Q952760"/>
    <tag k="name:etymology:wikipedia" v="en:Illinois and Michigan Canal"/>
    <tag k="oneway" v="yes"/>
    <tag k="sidewalk" v="separate"/>
    <tag k="surface" v="asphalt"/>
  </way>
  <way id="56175731">
    <nd ref="7015593966"/>
    <nd ref="7015618991"/>
    <nd ref="257381546"/>
    <tag k="highway" v="secondary"/>
    <tag k="lanes" v="3"/>
    <tag k="name" v="South Canal Street"/>
    <tag k="name:etymology:wikidata" v="Q952760"/>
    <tag k="name:etymology:wikipedia" v="en:Illinois and Michigan Canal"/>
    <tag k="note" v="This is a viaduct but is layer 0."/>
    <tag k="oneway" v="yes"/>
    <tag k="sidewalk:both" v="separate"/>
    <tag k="surface" v="asphalt"/>
    <tag k="turn:lanes" v="||right"/>
  </way>
  <way id="56175732">
    <nd ref="257381547"/>
    <nd ref="7515614481"/>
    <nd ref="2203666211"/>
    <nd ref="2203666327"/>
    <nd ref="1619741387"/>
    <nd ref="265649799"/>
    <tag k="highway" v="secondary"/>
    <tag k="name" v="West Monroe Street"/>
    <tag k="surface" v="asphalt"/>
  </way>
  <way id="56175736">
    <nd ref="256611722"/>
    <nd ref="6637892302"/>
    <nd ref="1721300284"/>
    <nd ref="13362422316"/>
    <nd ref="5649844409"/>
    <nd ref="4428028401"/>
    <nd ref="256611721"/>
    <tag k="highway" v="secondary"/>
    <tag k="lanes" v="2"/>
    <tag k="loc_ref" v="400 S"/>
    <tag k="name" v="West Van Buren Street"/>
    <tag k="name:etymology:wikidata" v="Q11820"/>
    <tag k="sidewalk" v="separate"/>
    <tag k="surface" v="asphalt"/>
    <tag k="wikidata" v="Q115806095"/>
    <tag k="wikipedia" v="en:Van Buren Street"/>
  </way>
  <way id="56572439">
    <nd ref="293974158"/>
    <nd ref="4619037555"/>
    <nd ref="256633656"/>
    <tag k="highway" v="tertiary"/>
    <tag k="lanes" v="2"/>
    <tag k="loc_ref" v="400 S"/>
    <tag k="name" v="West Van Buren Street"/>
    <tag k="name:etymology:wikidata" v="Q11820"/>
    <tag k="oneway" v="yes"/>
    <tag k="wikidata" v="Q115806095"/>
    <tag k="wikipedia" v="en:Van Buren Street"/>
  </way>
  <way id="56716613">
    <nd ref="709360166"/>
    <nd ref="709360170"/>
    <nd ref="709360171"/>
    <nd ref="12001199393"/>
    <nd ref="709360174"/>
    <nd ref="10273279149"/>
    <tag k="highway" v="motorway_link"/>
    <tag k="lanes" v="1"/>
    <tag k="oneway" v="yes"/>
  </way>
  <way id="56716614">
    <nd ref="709360185"/>
    <nd ref="12001199386"/>
    <nd ref="709360186"/>
    <nd ref="12001199381"/>
    <nd ref="12001199379"/>
    <nd ref="12001199384"/>
    <nd ref="12001199380"/>
    <nd ref="12001199385"/>
    <nd ref="709360191"/>
    <nd ref="12064652336"/>
    <tag k="highway" v="motorway_link"/>
    <tag k="oneway" v="yes"/>
  </way>
  <way id="56716615">
    <nd ref="709360201"/>
    <nd ref="709360205"/>
    <nd ref="709360207"/>
    <nd ref="709360214"/>
    <tag k="highway" v="motorway_link"/>
    <tag k="oneway" v="yes"/>
  </way>
  <way id="56716616">
    <nd ref="709360243"/>
    <nd ref="709360249"/>
    <nd ref="12001199399"/>
    <nd ref="709360257"/>
    <nd ref="12001199400"/>
    <nd ref="12001199401"/>
    <nd ref="12001199402"/>
    <nd ref="4854821665"/>
    <tag k="access" v="yes"/>
    <tag k="bicycle" v="no"/>
    <tag k="check_date" v="2022-09-15"/>
    <tag k="foot" v="no"/>
    <tag k="highway" v="motorway_link"/>
    <tag k="horse" v="no"/>
    <tag k="oneway" v="yes"/>
  </way>
  <way id="56716619">
    <nd ref="709360409"/>
    <nd ref="709360411"/>
    <nd ref="709360413"/>
    <nd ref="709360416"/>
    <nd ref="26792906"/>
    <tag k="check_date" v="2025-03-21"/>
    <tag k="highway" v="motorway_link"/>
    <tag k="note" v="Closed for Kennedy construction."/>
    <tag k="oneway" v="yes"/>
    <tag k="opening_date" v="2026-01-01"/>
  </way>
  <way id="59145227">
    <nd ref="257381556"/>
    <nd ref="9309565670"/>
    <nd ref="7015619013"/>
    <nd ref="5678654948"/>
    <nd ref="5114438342"/>
    <nd ref="5678654949"/>
    <tag k="bicycle" v="use_sidepath"/>
    <tag k="busway" v="lane"/>
    <tag k="cycleway:left" v="separate"/>
    <tag k="highway" v="secondary"/>
    <tag k="lanes" v="3"/>
    <tag k="name" v="South Clinton Street"/>
    <tag k="name:etymology:wikidata" v="Q527462"/>
    <tag k="name:etymology:wikipedia" v="en:DeWitt Clinton"/>
    <tag k="oneway" v="yes"/>
    <tag k="surface" v="asphalt"/>
  </way>
  <way id="59670543">
    <nd ref="262184215"/>
    <nd ref="11060274220"/>
    <nd ref="10974085982"/>
    <nd ref="10974085957"/>
    <nd ref="11060274221"/>
    <nd ref="262184214"/>
    <tag k="highway" v="unclassified"/>
    <tag k="lanes" v="2"/>
    <tag k="name" v="West Quincy Street"/>
    <tag k="name:etymology:wikidata" v="Q11816"/>
    <tag k="name:etymology:wikipedia" v="en:John Quincy Adams"/>
    <tag k="name_1" v="West Quincy Court"/>
    <tag k="oneway" v="yes"/>
    <tag k="tiger:cfcc" v="A41"/>
    <tag k="tiger:county" v="Cook, IL"/>
    <tag k="tiger:name_base" v="Quincy"/>
    <tag k="tiger:name_base_1" v="Quincy"/>
    <tag k="tiger:name_direction_prefix" v="W"/>
    <tag k="tiger:name_direction_prefix_1" v="W"/>
    <tag k="tiger:name_type" v="St"/>
    <tag k="tiger:name_type_1" v="Ct"/>
    <tag k="tiger:reviewed" v="no"/>
    <tag k="tiger:zip_left" v="60606"/>
    <tag k="tiger:zip_right" v="60606"/>
  </way>
  <way id="59678299">
    <nd ref="619040194"/>
    <nd ref="4156112962"/>
    <nd ref="271166509"/>
    <nd ref="12233562172"/>
    <nd ref="4226924801"/>
    <nd ref="3921106500"/>
    <tag k="cycleway:right" v="no"/>
    <tag k="highway" v="secondary"/>
    <tag k="lanes" v="3"/>
    <tag k="name" v="South Wacker Drive"/>
    <tag k="name:etymology:wikidata" v="Q5078665"/>
    <tag k="oneway" v="yes"/>
    <tag k="sidewalk:left" v="no"/>
    <tag k="sidewalk:right" v="separate"/>
    <tag k="surface" v="concrete"/>
    <tag k="wikidata" v="Q7958800"/>
    <tag k="wikipedia" v="en:Wacker Drive"/>
  </way>
  <way id="59678315">
    <nd ref="28358946"/>
    <nd ref="10929174837"/>
    <nd ref="9507031865"/>
    <nd ref="9309566027"/>
    <nd ref="740363236"/>
    <nd ref="740363237"/>
    <nd ref="619038631"/>
    <nd ref="704972454"/>
    <nd ref="8633836875"/>
    <tag k="cycleway:right" v="no"/>
    <tag k="highway" v="secondary"/>
    <tag k="lanes" v="3"/>
    <tag k="name" v="North Upper Wacker Drive"/>
    <tag k="name:etymology:wikidata" v="Q5078665"/>
    <tag k="oneway" v="yes"/>
    <tag k="sidewalk:left" v="no"/>
    <tag k="sidewalk:right" v="separate"/>
    <tag k="surface" v="concrete"/>
    <tag k="wikidata" v="Q7958800"/>
    <tag k="wikipedia" v="en:Wacker Drive"/>
  </way>
  <way id="59678333">
    <nd ref="28358888"/>
    <nd ref="9733272342"/>
    <nd ref="740363253"/>
    <nd ref="740363254"/>
    <nd ref="9309566029"/>
    <nd ref="10929174839"/>
    <nd ref="28358891"/>
    <tag k="cycleway:right" v="no"/>
    <tag k="highway" v="secondary"/>
    <tag k="lanes" v="3"/>
    <tag k="name" v="North Upper Wacker Drive"/>
    <tag k="name:etymology:wikidata" v="Q5078665"/>
    <tag k="oneway" v="yes"/>
    <tag k="sidewalk:left" v="no"/>
    <tag k="sidewalk:right" v="separate"/>
    <tag k="surface" v="concrete"/>
    <tag k="wikidata" v="Q7958800"/>
    <tag k="wikipedia" v="en:Wacker Drive"/>
  </way>
  <way id="64889181">
    <nd ref="795327252"/>
    <nd ref="7015593956"/>
    <nd ref="8633836871"/>
    <tag k="highway" v="secondary"/>
    <tag k="lanes" v="2"/>
    <tag k="name" v="West Monroe Street"/>
    <tag k="oneway" v="yes"/>
    <tag k="sidewalk:both" v="separate"/>
    <tag k="surface" v="asphalt"/>
  </way>
  <way id="79654774">
    <nd ref="929515139"/>
    <nd ref="6624577285"/>
    <tag k="bridge" v="movable"/>
    <tag k="bridge:movable" v="bascule"/>
    <tag k="busway" v="right_lane"/>
    <tag k="highway" v="secondary"/>
    <tag k="lanes" v="3"/>
    <tag k="layer" v="1"/>
    <tag k="loc_ref" v="0 N/S"/>
    <tag k="name" v="West Madison Street"/>
    <tag k="name:etymology:wikidata" v="Q11813"/>
    <tag k="oneway" v="yes"/>
    <tag k="sidewalk:both" v="separate"/>
    <tag k="wikidata" v="Q3276131"/>
    <tag k="wikipedia" v="en:Madison Street (Chicago)"/>
  </way>
  <way id="79654776">
    <nd ref="929515145"/>
    <nd ref="6988114367"/>
    <nd ref="6988114220"/>
    <tag k="highway" v="secondary"/>
    <tag k="loc_ref" v="300 S"/>
    <tag k="name" v="West Jackson Boulevard"/>
    <tag k="name:etymology:wikidata" v="Q11817"/>
    <tag k="old_ref" v="US 66"/>
    <tag k="oneway" v="yes"/>
    <tag k="ref" v="US 66 Hist"/>
    <tag k="sidewalk:both" v="separate"/>
    <tag k="surface" v="concrete"/>
    <tag k="wikidata" v="Q96942479"/>
    <tag k="wikipedia" v="en:Jackson Boulevard"/>
  </way>
  <way id="79654785">
    <nd ref="4336249706"/>
    <nd ref="7015621038"/>
    <nd ref="28358895"/>
    <tag k="cycleway:right" v="lane"/>
    <tag k="cycleway:right:buffer" v="no"/>
    <tag k="hgv" v="designated"/>
    <tag k="highway" v="secondary"/>
    <tag k="lanes" v="4"/>
    <tag k="loc_ref" v="100 N"/>
    <tag k="name" v="West Washington Street"/>
    <tag k="name:etymology:wikidata" v="Q23"/>
    <tag k="oneway" v="yes"/>
    <tag k="parking" v="no"/>
    <tag k="sidewalk:both" v="separate"/>
    <tag k="source:hgv" v="https://gis-idot.opendata.arcgis.com/datasets/IDOT::designated-truck-routes-state-jurisdiction-truck-route/explore?location=40.542466%2C-88.991188%2C14.60;https://www.gettingaroundillinois.com/MapViewer/?config=DTRconfig.json"/>
    <tag k="surface" v="asphalt"/>
    <tag k="turn:lanes" v="left|||right"/>
  </way>
  <way id="79660682">
    <nd ref="929584674"/>
    <nd ref="258020714"/>
    <tag k="bicycle" v="use_sidepath"/>
    <tag k="bridge" v="movable"/>
    <tag k="cycleway:left" v="no"/>
    <tag k="cycleway:right" v="separate"/>
    <tag k="highway" v="secondary"/>
    <tag k="lanes" v="3"/>
    <tag k="layer" v="1"/>
    <tag k="lit" v="yes"/>
    <tag k="loc_ref" v="150 N"/>
    <tag k="name" v="West Randolph Street"/>
    <tag k="name:etymology:wikidata" v="Q486499"/>
    <tag k="oneway" v="yes"/>
    <tag k="sidewalk" v="separate"/>
    <tag k="wikidata" v="Q7291867"/>
    <tag k="wikipedia" v="en:Randolph Street"/>
  </way>
  <way id="79660683">
    <nd ref="929584673"/>
    <nd ref="9672574424"/>
    <nd ref="7015621555"/>
    <nd ref="28358888"/>
    <tag k="highway" v="secondary"/>
    <tag k="name" v="West Lake Street"/>
    <tag k="name:etymology:wikidata" v="Q1169"/>
    <tag k="sidewalk" v="separate"/>
    <tag k="surface" v="concrete"/>
    <tag k="wikidata" v="Q3216465"/>
    <tag k="wikipedia" v="en:Lake Street (Chicago)"/>
  </way>
  <way id="79660977">
    <nd ref="929586823"/>
    <nd ref="27440250"/>
    <tag k="bridge" v="movable"/>
    <tag k="bridge:movable" v="bascule"/>
    <tag k="highway" v="secondary"/>
    <tag k="lanes" v="2"/>
    <tag k="layer" v="1"/>
    <tag k="loc_ref" v="400 S"/>
    <tag k="name" v="West Van Buren Street"/>
    <tag k="name:etymology:wikidata" v="Q11820"/>
    <tag k="oneway" v="yes"/>
    <tag k="sidewalk" v="separate"/>
    <tag k="surface" v="concrete"/>
    <tag k="wikidata" v="Q115806095"/>
    <tag k="wikipedia" v="en:Van Buren Street"/>
  </way>
  <way id="95349529">
    <nd ref="5967446823"/>
    <nd ref="11680993002"/>
    <nd ref="265650597"/>
    <nd ref="11943751651"/>
    <nd ref="265650598"/>
    <nd ref="8815131639"/>
    <nd ref="8815131638"/>
    <tag k="check_date" v="2022-02-09"/>
    <tag k="destination" v="East Jackson Boulevard"/>
    <tag k="highway" v="motorway_link"/>
    <tag k="junction:ref" v="51G"/>
    <tag k="oneway" v="yes"/>
  </way>
  <way id="107218498">
    <nd ref="1232727258"/>
    <nd ref="1232727307"/>
    <nd ref="1232727256"/>
    <nd ref="1232727316"/>
    <nd ref="1232727293"/>
    <nd ref="740363198"/>
    <nd ref="2052085922"/>
    <nd ref="2052085923"/>
    <nd ref="2052085887"/>
    <tag k="destination" v="Eisenhower Expressway"/>
    <tag k="destination:ref" v="I 290 West"/>
    <tag k="highway" v="motorway_link"/>
    <tag k="lanes" v="1"/>
    <tag k="layer" v="-1"/>
    <tag k="maxspeed" v="15 mph"/>
    <tag k="oneway" v="yes"/>
    <tag k="source" v="local_knowledge"/>
    <tag k="tunnel" v="yes"/>
  </way>
  <way id="115891574">
    <nd ref="1324291788"/>
    <nd ref="4226924475"/>
    <nd ref="5870395114"/>
    <nd ref="10282515704"/>
    <tag k="cycleway:right" v="shared_lane"/>
    <tag k="highway" v="secondary"/>
    <tag k="lanes" v="1"/>
    <tag k="lit" v="yes"/>
    <tag k="loc_ref" v="600 S"/>
    <tag k="maxspeed" v="20 mph"/>
    <tag k="name" v="West Harrison Street"/>
    <tag k="name:etymology:wikidata" v="Q11869"/>
    <tag k="oneway" v="yes"/>
    <tag k="sidewalk:left" v="no"/>
    <tag k="sidewalk:right" v="separate"/>
    <tag k="source:maxspeed" v="sign"/>
    <tag k="surface" v="asphalt"/>
    <tag k="wikidata" v="Q95486142"/>
  </way>
  <way id="116017013">
    <nd ref="9550357533"/>
    <nd ref="1645121434"/>
    <nd ref="1309310837"/>
    <nd ref="11009075309"/>
    <nd ref="11009075313"/>
    <nd ref="13539143988"/>
    <nd ref="13539143986"/>
    <nd ref="2004538758"/>
    <nd ref="9113748387"/>
    <nd ref="2004538900"/>
    <nd ref="1309521536"/>
    <tag k="bicycle" v="designated"/>
    <tag k="highway" v="residential"/>
    <tag k="lit" v="yes"/>
    <tag k="maxspeed" v="25 mph"/>
    <tag k="maxspeed:type" v="sign"/>
    <tag k="name" v="South Morgan Street"/>
    <tag k="oneway" v="yes"/>
    <tag k="sidewalk:left" v="no"/>
    <tag k="sidewalk:right" v="separate"/>
    <tag k="surface" v="asphalt"/>
  </way>
  <way id="116025905">
    <nd ref="258020678"/>
    <nd ref="7515614513"/>
    <nd ref="2203666221"/>
    <nd ref="4322760912"/>
    <tag k="cycleway:right" v="separate"/>
    <tag k="highway" v="secondary"/>
    <tag k="lanes" v="2"/>
    <tag k="maxspeed" v="30 mph"/>
    <tag k="name" v="South Desplaines Street"/>
    <tag k="oneway" v="yes"/>
    <tag k="sidewalk:both" v="separate"/>
    <tag k="surface" v="asphalt"/>
  </way>
  <way id="116846053">
    <nd ref="256592634"/>
    <nd ref="9503048974"/>
    <nd ref="5492751856"/>
    <nd ref="9503049018"/>
    <nd ref="256592392"/>
    <tag k="cycleway" v="lane"/>
    <tag k="cycleway:both" v="lane"/>
    <tag k="cycleway:both:buffer" v="no"/>
    <tag k="cycleway:buffer" v="no"/>
    <tag k="highway" v="residential"/>
    <tag k="lanes" v="2"/>
    <tag k="name" v="West Polk Street"/>
    <tag k="sidewalk:both" v="separate"/>
    <tag k="uic_shuttle_route" v="yes"/>
  </way>
  <way id="116846055">
    <nd ref="256592392"/>
    <nd ref="9503048989"/>
    <nd ref="7492449044"/>
    <nd ref="7492449050"/>
    <nd ref="704745826"/>
    <tag k="cycleway" v="lane"/>
    <tag k="cycleway:both" v="lane"/>
    <tag k="cycleway:both:buffer" v="no"/>
    <tag k="cycleway:buffer" v="no"/>
    <tag k="highway" v="residential"/>
    <tag k="name" v="West Polk Street"/>
    <tag k="sidewalk:both" v="separate"/>
  </way>
  <way id="116846056">
    <nd ref="257381494"/>
    <nd ref="4226924686"/>
    <nd ref="5678654952"/>
    <nd ref="11172146939"/>
    <nd ref="5678654950"/>
    <nd ref="8928735387"/>
    <nd ref="257381566"/>
    <tag k="highway" v="secondary"/>
    <tag k="lanes" v="3"/>
    <tag k="name" v="South Jefferson Street"/>
    <tag k="name:etymology:wikidata" v="Q11812"/>
    <tag k="name:etymology:wikipedia" v="en:Thomas Jefferson"/>
    <tag k="oneway" v="yes"/>
    <tag k="surface" v="asphalt"/>
  </way>
  <way id="116846057">
    <nd ref="418074944"/>
    <nd ref="418074974"/>
    <nd ref="4336249433"/>
    <tag k="cycleway:left" v="lane"/>
    <tag k="cycleway:left:buffer" v="yes"/>
    <tag k="cycleway:left:lane" v="exclusive"/>
    <tag k="highway" v="secondary"/>
    <tag k="lanes" v="3"/>
    <tag k="name" v="South Clinton Street"/>
    <tag k="name:etymology:wikidata" v="Q527462"/>
    <tag k="name:etymology:wikipedia" v="en:DeWitt Clinton"/>
    <tag k="oneway" v="yes"/>
    <tag k="sidewalk" v="separate"/>
    <tag k="uic_shuttle_route" v="yes"/>
  </way>
  <way id="116846059">
    <nd ref="1309410887"/>
    <nd ref="13660069474"/>
    <nd ref="4451192558"/>
    <nd ref="12836308845"/>
    <nd ref="415475361"/>
    <nd ref="11483999398"/>
    <nd ref="415475360"/>
    <tag k="highway" v="secondary"/>
    <tag k="lanes" v="4"/>
    <tag k="name" v="South Jefferson Street"/>
    <tag k="name:etymology:wikidata" v="Q11812"/>
    <tag k="name:etymology:wikipedia" v="en:Thomas Jefferson"/>
    <tag k="oneway" v="yes"/>
    <tag k="sidewalk" v="separate"/>
    <tag k="uic_shuttle_route" v="yes"/>
  </way>
  <way id="117574780">
    <nd ref="1324291790"/>
    <nd ref="9273512986"/>
    <nd ref="2511935723"/>
    <nd ref="2511935726"/>
    <tag k="cycleway:right" v="lane"/>
    <tag k="cycleway:right:buffer" v="yes"/>
    <tag k="cycleway:right:lane" v="exclusive"/>
    <tag k="highway" v="secondary"/>
    <tag k="lanes" v="2"/>
    <tag k="loc_ref" v="800 W"/>
    <tag k="name" v="South Halsted Street"/>
    <tag k="name:etymology:wikidata" v="Q119522049"/>
    <tag k="name:zh" v="豪斯特路"/>
    <tag k="oneway" v="yes"/>
    <tag k="sidewalk:left" v="no"/>
    <tag k="sidewalk:right" v="separate"/>
    <tag k="surface" v="asphalt"/>
    <tag k="wikidata" v="Q5643579"/>
    <tag k="wikipedia" v="en:Halsted Street"/>
  </way>
  <way id="117577302">
    <nd ref="1318401245"/>
    <nd ref="1308089696"/>
    <nd ref="1308089711"/>
    <tag k="cycleway:right" v="track"/>
    <tag k="highway" v="secondary"/>
    <tag k="lanes" v="1"/>
    <tag k="lit" v="yes"/>
    <tag k="loc_ref" v="600 S"/>
    <tag k="maxspeed" v="20 mph"/>
    <tag k="name" v="West Harrison Street"/>
    <tag k="name:etymology:wikidata" v="Q11869"/>
    <tag k="oneway" v="yes"/>
    <tag k="sidewalk:right" v="separate"/>
    <tag k="source:maxspeed" v="sign"/>
    <tag k="surface" v="asphalt"/>
    <tag k="wikidata" v="Q95486142"/>
  </way>
  <way id="117577623">
    <nd ref="1324316157"/>
    <nd ref="7512371626"/>
    <nd ref="1309546333"/>
    <nd ref="13562941180"/>
    <nd ref="13562941175"/>
    <tag k="bicycle" v="designated"/>
    <tag k="highway" v="tertiary"/>
    <tag k="lanes" v="2"/>
    <tag k="loc_ref" v="1200 W"/>
    <tag k="name" v="South Racine Avenue"/>
    <tag k="name:etymology:wikidata" v="Q40340"/>
    <tag k="old_name" v="Center Avenue"/>
    <tag k="oneway" v="yes"/>
    <tag k="uic_shuttle_route" v="yes"/>
    <tag k="wikidata" v="Q118964088"/>
    <tag k="wikipedia" v="en:Racine Avenue"/>
  </way>
  <way id="118967824">
    <nd ref="11943616211"/>
    <nd ref="5870372587"/>
    <nd ref="4336249449"/>
    <tag k="cycleway:left" v="separate"/>
    <tag k="cycleway:right" v="shared_lane"/>
    <tag k="highway" v="secondary"/>
    <tag k="lanes" v="2"/>
    <tag k="lit" v="yes"/>
    <tag k="loc_ref" v="600 S"/>
    <tag k="name" v="West Harrison Street"/>
    <tag k="name:etymology:wikidata" v="Q11869"/>
    <tag k="sidewalk:both" v="separate"/>
    <tag k="surface" v="asphalt"/>
    <tag k="wikidata" v="Q95486142"/>
  </way>
  <way id="122890693">
    <nd ref="258298729"/>
    <nd ref="7061612775"/>
    <nd ref="271662682"/>
    <tag k="bridge" v="yes"/>
    <tag k="highway" v="motorway"/>
    <tag k="lanes" v="3"/>
    <tag k="layer" v="1"/>
    <tag k="level" v="1"/>
    <tag k="maxheight" v="13'6&quot;"/>
    <tag k="maxspeed" v="35 mph"/>
    <tag k="maxweight" v="120000 lbs"/>
    <tag k="maxwidth" v="12'0&quot;"/>
    <tag k="name" v="Eisenhower Expressway"/>
    <tag k="oneway" v="yes"/>
    <tag k="source:maxlength" v="https://idot.illinois.gov/content/dam/soi/en/web/idot/documents/doing-business/specialty-lists/highways/permits/permanentrestrictedroads.pdf"/>
    <tag k="source:maxweight" v="https://idot.illinois.gov/content/dam/soi/en/web/idot/documents/doing-business/specialty-lists/highways/permits/permanentrestrictedroads.pdf"/>
    <tag k="source:maxwidth" v="https://idot.illinois.gov/content/dam/soi/en/web/idot/documents/doing-business/specialty-lists/highways/permits/permanentrestrictedroads.pdf"/>
    <tag k="surface" v="concrete"/>
  </way>
  <way id="122890694">
    <nd ref="1647436344"/>
    <nd ref="1647436352"/>
    <nd ref="1647436346"/>
    <nd ref="1647436342"/>
    <nd ref="12001128158"/>
    <nd ref="1647436349"/>
    <nd ref="1647436350"/>
    <nd ref="12001128159"/>
    <nd ref="1647434101"/>
    <tag k="bridge" v="yes"/>
    <tag k="highway" v="motorway"/>
    <tag k="lanes" v="3"/>
    <tag k="layer" v="1"/>
    <tag k="maxheight" v="13'6&quot;"/>
    <tag k="maxspeed" v="55 mph"/>
    <tag k="maxweight" v="120000 lbs"/>
    <tag k="maxwidth" v="12'0&quot;"/>
    <tag k="name" v="Eisenhower Expressway"/>
    <tag k="oneway" v="yes"/>
    <tag k="source:maxlength" v="https://idot.illinois.gov/content/dam/soi/en/web/idot/documents/doing-business/specialty-lists/highways/permits/permanentrestrictedroads.pdf"/>
    <tag k="source:maxweight" v="https://idot.illinois.gov/content/dam/soi/en/web/idot/documents/doing-business/specialty-lists/highways/permits/permanentrestrictedroads.pdf"/>
    <tag k="source:maxwidth" v="https://idot.illinois.gov/content/dam/soi/en/web/idot/documents/doing-business/specialty-lists/highways/permits/permanentrestrictedroads.pdf"/>
    <tag k="surface" v="concrete"/>
  </way>
  <way id="124471097">
    <nd ref="1655374995"/>
    <nd ref="10233473123"/>
    <nd ref="10233472302"/>
    <nd ref="10586594567"/>
    <tag k="bicycle" v="no"/>
    <tag k="foot" v="no"/>
    <tag k="hgv" v="designated"/>
    <tag k="hgv:national_network" v="yes"/>
    <tag k="highway" v="motorway"/>
    <tag k="horse" v="no"/>
    <tag k="lanes" v="6"/>
    <tag k="maxheight:signed" v="no"/>
    <tag k="maxspeed" v="55 mph"/>
    <tag k="minspeed" v="45 mph"/>
    <tag k="name" v="Dan Ryan Expressway"/>
    <tag k="oneway" v="yes"/>
    <tag k="ref" v="I 90;I 94"/>
    <tag k="source:hgv:national_network" v="https://www.ecfr.gov/current/title-23/chapter-I/subchapter-G/part-658;https://hepgis-usdot.hub.arcgis.com/apps/usdot::national-network-conventional-combination-trucks-map"/>
    <tag k="surface" v="concrete"/>
  </way>
  <way id="124471130">
    <nd ref="12143502010"/>
    <nd ref="709361098"/>
    <nd ref="9338891614"/>
    <nd ref="8815131652"/>
    <tag k="bicycle" v="no"/>
    <tag k="destination:lanes" v="none|none|none|none|East Washington Boulevard;Madison Street"/>
    <tag k="foot" v="no"/>
    <tag k="hgv" v="designated"/>
    <tag k="hgv:national_network" v="yes"/>
    <tag k="highway" v="motorway"/>
    <tag k="horse" v="no"/>
    <tag k="lanes" v="5"/>
    <tag k="lit" v="yes"/>
    <tag k="maxheight" v="13'8&quot;"/>
    <tag k="maxspeed" v="45 mph"/>
    <tag k="minspeed" v="45 mph"/>
    <tag k="name" v="Kennedy Expressway"/>
    <tag k="name:etymology:wikidata" v="Q9696"/>
    <tag k="official_name" v="John F. Kennedy Expressway"/>
    <tag k="old_name" v="Northwest Expressway"/>
    <tag k="oneway" v="yes"/>
    <tag k="ref" v="I 90;I 94"/>
    <tag k="source:hgv:national_network" v="https://www.ecfr.gov/current/title-23/chapter-I/subchapter-G/part-658;https://hepgis-usdot.hub.arcgis.com/apps/usdot::national-network-conventional-combination-trucks-map"/>
    <tag k="surface" v="asphalt"/>
    <tag k="turn:lanes" v="none|none|none|none|through;slight_right"/>
    <tag k="wikidata" v="Q1072388"/>
    <tag k="wikipedia" v="en:Kennedy Expressway"/>
  </way>
  <way id="124471131">
    <nd ref="9128538348"/>
    <nd ref="10263472344"/>
    <nd ref="12001199280"/>
    <nd ref="10263472345"/>
    <nd ref="12001199279"/>
    <nd ref="12001199277"/>
    <nd ref="12001199278"/>
    <nd ref="1647518285"/>
    <nd ref="13087776256"/>
    <nd ref="13087776257"/>
    <nd ref="1647518282"/>
    <tag k="bicycle" v="no"/>
    <tag k="foot" v="no"/>
    <tag k="hgv" v="designated"/>
    <tag k="hgv:national_network" v="yes"/>
    <tag k="highway" v="motorway"/>
    <tag k="horse" v="no"/>
    <tag k="lanes" v="4"/>
    <tag k="lit" v="yes"/>
    <tag k="maxheight:signed" v="no"/>
    <tag k="maxspeed" v="45 mph"/>
    <tag k="minspeed" v="45 mph"/>
    <tag k="name" v="Kennedy Expressway"/>
    <tag k="name:etymology:wikidata" v="Q9696"/>
    <tag k="official_name" v="John F. Kennedy Expressway"/>
    <tag k="old_name" v="Northwest Expressway"/>
    <tag k="oneway" v="yes"/>
    <tag k="ref" v="I 90;I 94"/>
    <tag k="source:hgv:national_network" v="https://www.ecfr.gov/current/title-23/chapter-I/subchapter-G/part-658;https://hepgis-usdot.hub.arcgis.com/apps/usdot::national-network-conventional-combination-trucks-map"/>
    <tag k="surface" v="concrete"/>
    <tag k="wikidata" v="Q1072388"/>
    <tag k="wikipedia" v="en:Kennedy Expressway"/>
  </way>
  <way id="124532856">
    <nd ref="704973993"/>
    <nd ref="271158079"/>
    <nd ref="10925193478"/>
    <nd ref="740363402"/>
    <nd ref="11780468222"/>
    <nd ref="271159808"/>
    <tag k="cycleway" v="no"/>
    <tag k="highway" v="trunk_link"/>
    <tag k="lanes" v="1"/>
    <tag k="layer" v="-1"/>
    <tag k="lit" v="24/7"/>
    <tag k="name:etymology:wikidata" v="Q5078665"/>
    <tag k="oneway" v="yes"/>
    <tag k="shoulder" v="no"/>
    <tag k="sidewalk" v="no"/>
    <tag k="surface" v="concrete"/>
    <tag k="tunnel" v="yes"/>
    <tag k="wikidata" v="Q7958800"/>
    <tag k="wikipedia" v="en:Wacker Drive"/>
  </way>
  <way id="134327655">
    <nd ref="258955481"/>
    <nd ref="7515614573"/>
    <nd ref="9747444341"/>
    <nd ref="7520846960"/>
    <nd ref="288070457"/>
    <tag k="hgv" v="designated"/>
    <tag k="highway" v="secondary"/>
    <tag k="lanes" v="2"/>
    <tag k="lit" v="yes"/>
    <tag k="loc_ref" v="150 N"/>
    <tag k="name" v="West Randolph Street"/>
    <tag k="name:etymology:wikidata" v="Q486499"/>
    <tag k="old_ref" v="US 20 Business"/>
    <tag k="oneway" v="yes"/>
    <tag k="source:hgv" v="https://gis-idot.opendata.arcgis.com/datasets/IDOT::designated-truck-routes-state-jurisdiction-truck-route/explore?location=40.542466%2C-88.991188%2C14.60;https://www.gettingaroundillinois.com/MapViewer/?config=DTRconfig.json"/>
    <tag k="surface" v="asphalt"/>
    <tag k="wikidata" v="Q7291867"/>
    <tag k="wikipedia" v="en:Randolph Street"/>
  </way>
  <way id="140576780">
    <nd ref="28358950"/>
    <nd ref="271166785"/>
    <tag k="highway" v="secondary"/>
    <tag k="lanes:bus" v="1"/>
    <tag k="loc_ref" v="0 N/S"/>
    <tag k="name" v="West Madison Street"/>
    <tag k="name:etymology:wikidata" v="Q11813"/>
    <tag k="oneway" v="yes"/>
    <tag k="sidewalk:both" v="separate"/>
    <tag k="surface" v="asphalt"/>
    <tag k="wikidata" v="Q3276131"/>
    <tag k="wikipedia" v="en:Madison Street (Chicago)"/>
  </way>
  <way id="143927256">
    <nd ref="256611723"/>
    <nd ref="4226924486"/>
    <nd ref="287505357"/>
    <tag k="cycleway:left" v="lane"/>
    <tag k="cycleway:left:buffer" v="yes"/>
    <tag k="cycleway:left:lane" v="exclusive"/>
    <tag k="cycleway:right" v="share_busway"/>
    <tag k="highway" v="secondary"/>
    <tag k="lanes" v="4"/>
    <tag k="lanes:backward" v="2"/>
    <tag k="lanes:forward" v="2"/>
    <tag k="loc_ref" v="800 W"/>
    <tag k="name" v="South Halsted Street"/>
    <tag k="name:etymology:wikidata" v="Q119522049"/>
    <tag k="name:zh" v="豪斯特路"/>
    <tag k="sidewalk" v="separate"/>
    <tag k="surface" v="asphalt"/>
    <tag k="turn:lanes:backward" v="left|"/>
    <tag k="wikidata" v="Q5643579"/>
    <tag k="wikipedia" v="en:Halsted Street"/>
  </way>
  <way id="143930349">
    <nd ref="258020692"/>
    <nd ref="9115262262"/>
    <nd ref="2147004174"/>
    <nd ref="5936364887"/>
    <tag k="cycleway:right" v="lane"/>
    <tag k="cycleway:right:buffer" v="yes"/>
    <tag k="hgv" v="designated"/>
    <tag k="highway" v="secondary"/>
    <tag k="lanes" v="4"/>
    <tag k="name" v="West Washington Boulevard"/>
    <tag k="name:etymology:wikidata" v="Q23"/>
    <tag k="old_ref" v="US 20 Business"/>
    <tag k="oneway" v="yes"/>
    <tag k="sidewalk:both" v="separate"/>
    <tag k="source:hgv" v="https://gis-idot.opendata.arcgis.com/datasets/IDOT::designated-truck-routes-state-jurisdiction-truck-route/explore?location=40.542466%2C-88.991188%2C14.60;https://www.gettingaroundillinois.com/MapViewer/?config=DTRconfig.json"/>
    <tag k="surface" v="asphalt"/>
  </way>
  <way id="145815743">
    <nd ref="261239964"/>
    <nd ref="7515614393"/>
    <nd ref="3448689653"/>
    <nd ref="261141524"/>
    <nd ref="3448689648"/>
    <nd ref="261239965"/>
    <nd ref="3448689665"/>
    <nd ref="12736856083"/>
    <nd ref="7515614358"/>
    <nd ref="11822483367"/>
    <nd ref="256613293"/>
    <tag k="bicycle" v="designated"/>
    <tag k="highway" v="tertiary"/>
    <tag k="loc_ref" v="1200 W"/>
    <tag k="name" v="South Racine Avenue"/>
    <tag k="name:etymology:wikidata" v="Q40340"/>
    <tag k="old_name" v="Center Avenue"/>
    <tag k="surface" v="asphalt"/>
    <tag k="wikidata" v="Q118964088"/>
    <tag k="wikipedia" v="en:Racine Avenue"/>
  </way>
  <way id="145837219">
    <nd ref="256613320"/>
    <nd ref="7512724777"/>
    <nd ref="13961312630"/>
    <nd ref="2300194678"/>
    <nd ref="8815131638"/>
    <tag k="bicycle" v="designated"/>
    <tag k="cycleway:left" v="lane"/>
    <tag k="cycleway:left:buffer" v="yes"/>
    <tag k="cycleway:left:lane" v="exclusive"/>
    <tag k="highway" v="secondary"/>
    <tag k="loc_ref" v="300 S"/>
    <tag k="name" v="West Jackson Boulevard"/>
    <tag k="name:etymology:wikidata" v="Q11817"/>
    <tag k="note" v="https://www.janebyrneinterchange.org/projects/advanced-southbound-i-90-94/"/>
    <tag k="old_ref" v="US 66"/>
    <tag k="oneway" v="yes"/>
    <tag k="ref" v="US 66 Hist"/>
    <tag k="surface" v="asphalt"/>
    <tag k="wikidata" v="Q96942479"/>
    <tag k="wikipedia" v="en:Jackson Boulevard"/>
  </way>
  <way id="145846239">
    <nd ref="9733272325"/>
    <nd ref="10922694084"/>
    <nd ref="10922694085"/>
    <nd ref="704972401"/>
    <nd ref="261117496"/>
    <nd ref="7342370241"/>
    <tag k="cycleway:right" v="lane"/>
    <tag k="cycleway:right:buffer" v="yes"/>
    <tag k="highway" v="secondary"/>
    <tag k="lanes" v="3"/>
    <tag k="loc_ref" v="300 W"/>
    <tag k="name" v="North Franklin Street"/>
    <tag k="name:etymology:wikidata" v="Q34969"/>
    <tag k="name:etymology:wikipedia" v="en:Benjamin Franklin"/>
    <tag k="oneway" v="yes"/>
    <tag k="sidewalk:both" v="separate"/>
    <tag k="surface" v="asphalt"/>
  </way>
  <way id="145846249">
    <nd ref="258020206"/>
    <nd ref="9309566068"/>
    <nd ref="7071856329"/>
    <nd ref="2147004172"/>
    <nd ref="12481069481"/>
    <nd ref="7520846979"/>
    <nd ref="258020713"/>
    <tag k="hgv" v="designated"/>
    <tag k="highway" v="secondary"/>
    <tag k="lanes" v="3"/>
    <tag k="lit" v="yes"/>
    <tag k="loc_ref" v="150 N"/>
    <tag k="name" v="West Randolph Street"/>
    <tag k="name:etymology:wikidata" v="Q486499"/>
    <tag k="old_ref" v="US 20 Business"/>
    <tag k="oneway" v="yes"/>
    <tag k="source:hgv" v="https://gis-idot.opendata.arcgis.com/datasets/IDOT::designated-truck-routes-state-jurisdiction-truck-route/explore?location=40.542466%2C-88.991188%2C14.60;https://www.gettingaroundillinois.com/MapViewer/?config=DTRconfig.json"/>
    <tag k="surface" v="asphalt"/>
    <tag k="wikidata" v="Q7291867"/>
    <tag k="wikipedia" v="en:Randolph Street"/>
  </way>
  <way id="145857394">
    <nd ref="258020206"/>
    <nd ref="9309566063"/>
    <nd ref="7071856333"/>
    <nd ref="5649844414"/>
    <nd ref="4613013991"/>
    <nd ref="9504135733"/>
    <tag k="bicycle" v="designated"/>
    <tag k="highway" v="secondary"/>
    <tag k="lanes" v="3"/>
    <tag k="name" v="North Jefferson Street"/>
    <tag k="name:etymology:wikidata" v="Q11812"/>
    <tag k="name:etymology:wikipedia" v="en:Thomas Jefferson"/>
    <tag k="oneway" v="yes"/>
    <tag k="surface" v="asphalt"/>
  </way>
  <way id="145857402">
    <nd ref="265647291"/>
    <nd ref="11673117990"/>
    <nd ref="9768129715"/>
    <nd ref="258020600"/>
    <tag k="cycleway:right" v="lane"/>
    <tag k="cycleway:right:buffer" v="no"/>
    <tag k="highway" v="secondary"/>
    <tag k="lane_markings" v="yes"/>
    <tag k="lanes" v="2"/>
    <tag k="name" v="North Desplaines Street"/>
    <tag k="sidewalk:both" v="separate"/>
    <tag k="surface" v="asphalt"/>
  </way>
  <way id="148902951">
    <nd ref="1619646537"/>
    <nd ref="1619646536"/>
    <nd ref="4226924471"/>
    <nd ref="13660148550"/>
    <nd ref="1619646535"/>
    <tag k="highway" v="residential"/>
    <tag k="name" v="West Polk Street"/>
    <tag k="oneway" v="yes"/>
    <tag k="sidewalk:left" v="no"/>
    <tag k="sidewalk:right" v="separate"/>
  </way>
  <way id="148902952">
    <nd ref="1619646529"/>
    <nd ref="13660148549"/>
    <nd ref="4226924470"/>
    <nd ref="1619646531"/>
    <nd ref="1619646532"/>
    <nd ref="1619646533"/>
    <tag k="highway" v="residential"/>
    <tag k="name" v="West Polk Street"/>
    <tag k="oneway" v="yes"/>
    <tag k="sidewalk:left" v="no"/>
    <tag k="sidewalk:right" v="separate"/>
  </way>
  <way id="148902953">
    <nd ref="1619646536"/>
    <nd ref="1619646531"/>
    <tag k="highway" v="residential"/>
    <tag k="sidewalk" v="no"/>
  </way>
  <way id="148902962">
    <nd ref="1619646533"/>
    <nd ref="1619646537"/>
    <tag k="highway" v="residential"/>
    <tag k="sidewalk" v="no"/>
  </way>
  <way id="149985019">
    <nd ref="8223422642"/>
    <nd ref="12001199342"/>
    <nd ref="8229056280"/>
    <nd ref="12001199341"/>
    <nd ref="1647496638"/>
    <nd ref="12001199340"/>
    <nd ref="1647496583"/>
    <nd ref="1647496597"/>
    <nd ref="1647496619"/>
    <nd ref="12001199322"/>
    <nd ref="1647496576"/>
    <nd ref="12001199323"/>
    <nd ref="9246474538"/>
    <nd ref="12001199324"/>
    <nd ref="1647496589"/>
    <nd ref="12001199325"/>
    <nd ref="1647496631"/>
    <nd ref="12001199326"/>
    <nd ref="1647496563"/>
    <nd ref="12001199327"/>
    <nd ref="1647496591"/>
    <nd ref="12001199328"/>
    <nd ref="1647496581"/>
    <nd ref="12001199329"/>
    <nd ref="1647496586"/>
    <nd ref="12001199330"/>
    <nd ref="11943616115"/>
    <nd ref="12001199331"/>
    <nd ref="11943616116"/>
    <nd ref="12001199332"/>
    <nd ref="1647496587"/>
    <nd ref="12001199333"/>
    <nd ref="11943616117"/>
    <nd ref="12001199334"/>
    <nd ref="1647496572"/>
    <nd ref="12001199335"/>
    <nd ref="10278824710"/>
    <nd ref="12001199336"/>
    <nd ref="11943616118"/>
    <nd ref="12001199337"/>
    <nd ref="1647496639"/>
    <nd ref="12001199339"/>
    <nd ref="12001199338"/>
    <nd ref="1647496625"/>
    <nd ref="10278805407"/>
    <nd ref="1647496614"/>
    <tag k="access" v="yes"/>
    <tag k="bridge" v="yes"/>
    <tag k="destination" v="Indiana"/>
    <tag k="destination:ref" v="I 290 West;I 90 East;I 94 East"/>
    <tag k="highway" v="motorway_link"/>
    <tag k="layer" v="2"/>
    <tag k="note" v="Opened 12/15/2020"/>
    <tag k="oneway" v="yes"/>
  </way>
  <way id="149985169">
    <nd ref="428890367"/>
    <nd ref="1629220012"/>
    <nd ref="704745780"/>
    <tag k="destination:ref" v="I 90;I 94"/>
    <tag k="highway" v="motorway_link"/>
    <tag k="note" v="Opened 12/15/2020"/>
    <tag k="oneway" v="yes"/>
  </way>
  <way id="151175380">
    <nd ref="1640004504"/>
    <nd ref="4321127295"/>
    <tag k="bicycle" v="designated"/>
    <tag k="bridge" v="yes"/>
    <tag k="highway" v="tertiary"/>
    <tag k="lanes" v="2"/>
    <tag k="layer" v="1"/>
    <tag k="loc_ref" v="1200 W"/>
    <tag k="name" v="South Racine Avenue"/>
    <tag k="name:etymology:wikidata" v="Q40340"/>
    <tag k="old_name" v="Center Avenue"/>
    <tag k="oneway" v="yes"/>
    <tag k="wikidata" v="Q118964088"/>
    <tag k="wikipedia" v="en:Racine Avenue"/>
  </way>
  <way id="151175381">
    <nd ref="1324316156"/>
    <nd ref="7512371110"/>
    <nd ref="1640004507"/>
    <nd ref="1640004518"/>
    <nd ref="1640004501"/>
    <nd ref="1640004498"/>
    <nd ref="1640004499"/>
    <nd ref="1640004508"/>
    <nd ref="1640004514"/>
    <nd ref="7512371118"/>
    <nd ref="1640004517"/>
    <tag k="bicycle" v="designated"/>
    <tag k="highway" v="tertiary"/>
    <tag k="lanes" v="3"/>
    <tag k="loc_ref" v="1200 W"/>
    <tag k="name" v="South Racine Avenue"/>
    <tag k="name:etymology:wikidata" v="Q40340"/>
    <tag k="old_name" v="Center Avenue"/>
    <tag k="oneway" v="yes"/>
    <tag k="wikidata" v="Q118964088"/>
    <tag k="wikipedia" v="en:Racine Avenue"/>
  </way>
  <way id="151175382">
    <nd ref="4321127296"/>
    <nd ref="1640004503"/>
    <nd ref="2051982639"/>
    <tag k="bicycle" v="designated"/>
    <tag k="highway" v="tertiary"/>
    <tag k="lanes" v="3"/>
    <tag k="loc_ref" v="1200 W"/>
    <tag k="name" v="South Racine Avenue"/>
    <tag k="name:etymology:wikidata" v="Q40340"/>
    <tag k="old_name" v="Center Avenue"/>
    <tag k="oneway" v="yes"/>
    <tag k="turn:lanes" v="left||"/>
    <tag k="wikidata" v="Q118964088"/>
    <tag k="wikipedia" v="en:Racine Avenue"/>
  </way>
  <way id="151175384">
    <nd ref="256591099"/>
    <nd ref="1640004516"/>
    <nd ref="8627532748"/>
    <nd ref="8627532753"/>
    <nd ref="1676390756"/>
    <tag k="bicycle" v="designated"/>
    <tag k="highway" v="tertiary"/>
    <tag k="lanes" v="1"/>
    <tag k="loc_ref" v="1200 W"/>
    <tag k="name" v="South Racine Avenue"/>
    <tag k="name:etymology:wikidata" v="Q40340"/>
    <tag k="old_name" v="Center Avenue"/>
    <tag k="oneway" v="yes"/>
    <tag k="wikidata" v="Q118964088"/>
    <tag k="wikipedia" v="en:Racine Avenue"/>
  </way>
  <way id="151175385">
    <nd ref="9657812478"/>
    <nd ref="1640004512"/>
    <tag k="bicycle" v="designated"/>
    <tag k="bridge" v="yes"/>
    <tag k="highway" v="tertiary"/>
    <tag k="lanes" v="3"/>
    <tag k="layer" v="1"/>
    <tag k="loc_ref" v="1200 W"/>
    <tag k="name" v="South Racine Avenue"/>
    <tag k="name:etymology:wikidata" v="Q40340"/>
    <tag k="old_name" v="Center Avenue"/>
    <tag k="oneway" v="yes"/>
    <tag k="turn:lanes" v="left|through|through;right"/>
    <tag k="wikidata" v="Q118964088"/>
    <tag k="wikipedia" v="en:Racine Avenue"/>
  </way>
  <way id="151175386">
    <nd ref="1640004506"/>
    <nd ref="2051982657"/>
    <nd ref="7512371119"/>
    <nd ref="1640004505"/>
    <nd ref="1640004497"/>
    <nd ref="1640004510"/>
    <nd ref="1640004515"/>
    <nd ref="1640004509"/>
    <nd ref="1640004511"/>
    <nd ref="1640004521"/>
    <nd ref="4321073804"/>
    <tag k="bicycle" v="designated"/>
    <tag k="highway" v="tertiary"/>
    <tag k="lanes" v="2"/>
    <tag k="loc_ref" v="1200 W"/>
    <tag k="name" v="South Racine Avenue"/>
    <tag k="name:etymology:wikidata" v="Q40340"/>
    <tag k="old_name" v="Center Avenue"/>
    <tag k="oneway" v="yes"/>
    <tag k="wikidata" v="Q118964088"/>
    <tag k="wikipedia" v="en:Racine Avenue"/>
  </way>
  <way id="151428224">
    <nd ref="13562941172"/>
    <nd ref="13562941169"/>
    <nd ref="9434660149"/>
    <nd ref="2412572930"/>
    <nd ref="2412572919"/>
    <nd ref="3482828907"/>
    <nd ref="10920052066"/>
    <nd ref="2412572920"/>
    <nd ref="2412572913"/>
    <tag k="highway" v="residential"/>
    <tag k="maxspeed" v="20 mph"/>
    <tag k="name" v="West Vernon Park Place"/>
    <tag k="sidewalk:both" v="separate"/>
    <tag k="source:maxspeed" v="sign"/>
  </way>
  <way id="151428231">
    <nd ref="2004538828"/>
    <nd ref="11151893687"/>
    <nd ref="13960976592"/>
    <nd ref="13960976591"/>
    <nd ref="2203792340"/>
    <tag k="highway" v="residential"/>
    <tag k="name" v="South May Street"/>
    <tag k="sidewalk:both" v="separate"/>
  </way>
  <way id="151428234">
    <nd ref="1308245851"/>
    <nd ref="9503048890"/>
    <nd ref="5778597847"/>
    <nd ref="5778597849"/>
    <nd ref="2203792344"/>
    <nd ref="9503048822"/>
    <nd ref="2004538828"/>
    <nd ref="9503048826"/>
    <nd ref="9503048845"/>
    <nd ref="2004538727"/>
    <nd ref="9503048878"/>
    <nd ref="256591258"/>
    <nd ref="9503048883"/>
    <nd ref="256591259"/>
    <nd ref="1642541410"/>
    <tag k="highway" v="residential"/>
    <tag k="name" v="West Polk Street"/>
    <tag k="sidewalk:both" v="separate"/>
  </way>
  <way id="151428237">
    <nd ref="2004538820"/>
    <nd ref="2032625059"/>
    <nd ref="9503048843"/>
    <nd ref="1642541390"/>
    <tag k="highway" v="residential"/>
    <tag k="name" v="West Cabrini Street"/>
    <tag k="name:etymology:wikidata" v="Q238983"/>
    <tag k="name:etymology:wikipedia" v="en:Frances Xavier Cabrini"/>
  </way>
  <way id="151428239">
    <nd ref="1309434570"/>
    <nd ref="4226924425"/>
    <nd ref="2004538916"/>
    <nd ref="9531179842"/>
    <nd ref="1642541421"/>
    <nd ref="1642541390"/>
    <nd ref="1835841521"/>
    <nd ref="13541842614"/>
    <tag k="highway" v="residential"/>
    <tag k="name" v="South Carpenter Street"/>
  </way>
  <way id="151428246">
    <nd ref="2203792394"/>
    <nd ref="2203792397"/>
    <nd ref="1642541430"/>
    <nd ref="2004538861"/>
    <nd ref="9503048816"/>
    <nd ref="2004538727"/>
    <nd ref="9503048810"/>
    <nd ref="2004538820"/>
    <tag k="highway" v="residential"/>
    <tag k="name" v="South Aberdeen Street"/>
  </way>
  <way id="151428247">
    <nd ref="1642541421"/>
    <nd ref="9550357540"/>
    <nd ref="2025033046"/>
    <nd ref="2203792379"/>
    <nd ref="2004538739"/>
    <tag k="highway" v="residential"/>
    <tag k="name" v="West Arthington Street"/>
    <tag k="oneway" v="yes"/>
  </way>
  <way id="151428253">
    <nd ref="2004538739"/>
    <nd ref="10967759197"/>
    <nd ref="12012866463"/>
    <nd ref="13541842594"/>
    <nd ref="7663217393"/>
    <nd ref="2264917067"/>
    <nd ref="1309434609"/>
    <tag k="highway" v="residential"/>
    <tag k="name" v="South Aberdeen Street"/>
    <tag k="oneway" v="yes"/>
  </way>
  <way id="151428260">
    <nd ref="2004538732"/>
    <nd ref="1835841536"/>
    <nd ref="9503048881"/>
    <nd ref="256591259"/>
    <tag k="highway" v="residential"/>
    <tag k="name" v="South Miller Street"/>
  </way>
  <way id="151570580">
    <nd ref="736017197"/>
    <nd ref="7512371114"/>
    <nd ref="11082887584"/>
    <nd ref="1639966979"/>
    <nd ref="9742539397"/>
    <nd ref="7512371113"/>
    <nd ref="1308089661"/>
    <tag k="highway" v="residential"/>
    <tag k="name" v="South Throop Street"/>
  </way>
  <way id="151906982">
    <nd ref="9534526608"/>
    <nd ref="9246462607"/>
    <nd ref="10273205749"/>
    <nd ref="9246462612"/>
    <nd ref="10273205748"/>
    <nd ref="12001199301"/>
    <nd ref="8229061701"/>
    <nd ref="1647463694"/>
    <nd ref="1647463664"/>
    <nd ref="1647463654"/>
    <nd ref="12001199304"/>
    <nd ref="1647463713"/>
    <nd ref="12001199305"/>
    <nd ref="1647463678"/>
    <nd ref="12001199306"/>
    <nd ref="1647504081"/>
    <nd ref="12001199307"/>
    <nd ref="1647504072"/>
    <nd ref="1647504085"/>
    <nd ref="1647504052"/>
    <nd ref="10278799846"/>
    <nd ref="12001199416"/>
    <nd ref="11680993024"/>
    <nd ref="8229056277"/>
    <tag k="destination" v="Indiana"/>
    <tag k="destination:ref" v="I 90 East;I 94 East"/>
    <tag k="destination:street" v="Dan Ryan Expressway"/>
    <tag k="highway" v="motorway_link"/>
    <tag k="lanes" v="2"/>
    <tag k="oneway" v="yes"/>
    <tag k="surface" v="concrete"/>
  </way>
  <way id="151908961">
    <nd ref="1647436344"/>
    <nd ref="1647441515"/>
    <nd ref="1647441496"/>
    <nd ref="11943759885"/>
    <nd ref="1647441536"/>
    <nd ref="1647441493"/>
    <nd ref="11943759884"/>
    <nd ref="1647441488"/>
    <nd ref="11943759886"/>
    <nd ref="33718469"/>
    <tag k="access" v="yes"/>
    <tag k="bridge" v="yes"/>
    <tag k="destination" v="Wisconsin"/>
    <tag k="destination:ref" v="I 90 West;I 94 West"/>
    <tag k="highway" v="motorway_link"/>
    <tag k="lanes" v="1"/>
    <tag k="layer" v="1"/>
    <tag k="note" v="Opened 12/15/2020"/>
    <tag k="oneway" v="yes"/>
    <tag k="surface" v="concrete"/>
  </way>
  <way id="151938625">
    <nd ref="5967446812"/>
    <nd ref="12432913707"/>
    <nd ref="11680993001"/>
    <nd ref="5967446811"/>
    <nd ref="1647761719"/>
    <nd ref="12001199354"/>
    <nd ref="1647761692"/>
    <nd ref="12001199353"/>
    <nd ref="1647761681"/>
    <nd ref="12001199352"/>
    <nd ref="5967446810"/>
    <nd ref="12001199351"/>
    <nd ref="1647761695"/>
    <nd ref="11943751623"/>
    <nd ref="12001199350"/>
    <nd ref="1647761704"/>
    <nd ref="12001199349"/>
    <nd ref="1647761706"/>
    <nd ref="12001199348"/>
    <nd ref="7061531657"/>
    <nd ref="12001199347"/>
    <nd ref="7061531658"/>
    <nd ref="12001199346"/>
    <nd ref="1647761672"/>
    <nd ref="12001199345"/>
    <nd ref="4554162082"/>
    <nd ref="11943751621"/>
    <nd ref="11943751620"/>
    <nd ref="11943751622"/>
    <nd ref="7061531659"/>
    <nd ref="5509258502"/>
    <nd ref="11943751615"/>
    <nd ref="13120308055"/>
    <nd ref="11943751614"/>
    <tag k="destination" v="Aurora"/>
    <tag k="destination:ref" v="I 290 West"/>
    <tag k="destination:street" v="Eisenhower Expressway"/>
    <tag k="highway" v="motorway_link"/>
    <tag k="junction:ref" v="51H"/>
    <tag k="lanes" v="1"/>
    <tag k="maxspeed" v="55 mph"/>
    <tag k="oneway" v="yes"/>
  </way>
  <way id="151960663">
    <nd ref="9550357530"/>
    <nd ref="2004538758"/>
    <tag k="highway" v="residential"/>
  </way>
  <way id="152755914">
    <nd ref="1655406546"/>
    <nd ref="13841875375"/>
    <nd ref="1655406550"/>
    <nd ref="13841875374"/>
    <nd ref="1655388338"/>
    <tag k="destination" v="Taylor Street"/>
    <tag k="destination:loc_ref" v="1000 south;1200 South"/>
    <tag k="highway" v="motorway_link"/>
    <tag k="lanes" v="2"/>
    <tag k="oneway" v="yes"/>
  </way>
  <way id="152759536">
    <nd ref="10233472306"/>
    <nd ref="1655437330"/>
    <nd ref="1655437323"/>
    <nd ref="1655437329"/>
    <nd ref="1655426897"/>
    <nd ref="1655426909"/>
    <nd ref="1655426894"/>
    <nd ref="1655426892"/>
    <nd ref="9411148656"/>
    <tag k="bicycle" v="no"/>
    <tag k="foot" v="no"/>
    <tag k="hgv" v="designated"/>
    <tag k="hgv:national_network" v="yes"/>
    <tag k="highway" v="motorway"/>
    <tag k="horse" v="no"/>
    <tag k="lanes" v="3"/>
    <tag k="maxheight:signed" v="no"/>
    <tag k="maxspeed" v="45 mph"/>
    <tag k="minspeed" v="45 mph"/>
    <tag k="name" v="Dan Ryan Expressway"/>
    <tag k="oneway" v="yes"/>
    <tag k="ref" v="I 90;I 94"/>
    <tag k="source:hgv:national_network" v="https://www.ecfr.gov/current/title-23/chapter-I/subchapter-G/part-658;https://hepgis-usdot.hub.arcgis.com/apps/usdot::national-network-conventional-combination-trucks-map"/>
    <tag k="surface" v="concrete"/>
  </way>
  <way id="152760010">
    <nd ref="1655430934"/>
    <nd ref="1655430928"/>
    <nd ref="1655430925"/>
    <nd ref="12001199425"/>
    <nd ref="12432749391"/>
    <nd ref="9411148656"/>
    <tag k="chicago:building_id" v="365711"/>
    <tag k="destination" v="Wisconsin"/>
    <tag k="destination:ref" v="I 90;I 94"/>
    <tag k="destination:street" v="Eisenhower Expressway"/>
    <tag k="highway" v="motorway_link"/>
    <tag k="lanes" v="1"/>
    <tag k="oneway" v="yes"/>
    <tag k="surface" v="concrete"/>
  </way>
  <way id="152760251">
    <nd ref="1655431900"/>
    <nd ref="1655431888"/>
    <nd ref="1655431898"/>
    <nd ref="1655431896"/>
    <nd ref="1655431886"/>
    <nd ref="1647610340"/>
    <tag k="destination" v="West Suburbs"/>
    <tag k="destination:ref" v="I-290;IL 110"/>
    <tag k="destination:street" v="Eisenhower Expressway"/>
    <tag k="highway" v="motorway_link"/>
    <tag k="lanes" v="3"/>
    <tag k="oneway" v="yes"/>
    <tag k="surface" v="concrete"/>
  </way>
  <way id="152761053">
    <nd ref="1309410884"/>
    <nd ref="13660069467"/>
    <nd ref="9271122768"/>
    <nd ref="9232910997"/>
    <nd ref="1655430944"/>
    <nd ref="1655430946"/>
    <nd ref="1655430924"/>
    <nd ref="1655430932"/>
    <nd ref="1655430934"/>
    <tag k="bridge" v="yes"/>
    <tag k="destination" v="Wisconsin"/>
    <tag k="destination:ref" v="I 90 West;I 94 West"/>
    <tag k="highway" v="motorway_link"/>
    <tag k="lanes" v="1"/>
    <tag k="layer" v="1"/>
    <tag k="oneway" v="yes"/>
    <tag k="surface" v="concrete"/>
  </way>
  <way id="163148283">
    <nd ref="256591534"/>
    <nd ref="7015531310"/>
    <nd ref="428888032"/>
    <tag k="cycleway:right" v="lane"/>
    <tag k="cycleway:right:buffer" v="no"/>
    <tag k="highway" v="secondary"/>
    <tag k="name" v="South Canal Street"/>
    <tag k="name:etymology:wikidata" v="Q952760"/>
    <tag k="name:etymology:wikipedia" v="en:Illinois and Michigan Canal"/>
    <tag k="oneway" v="yes"/>
    <tag k="sidewalk" v="separate"/>
    <tag k="surface" v="asphalt"/>
  </way>
  <way id="163148286">
    <nd ref="9568249596"/>
    <nd ref="11035662032"/>
    <nd ref="4226924630"/>
    <nd ref="256611285"/>
    <tag k="bicycle" v="use_sidepath"/>
    <tag k="cycleway:left" v="separate"/>
    <tag k="highway" v="secondary"/>
    <tag k="lanes" v="3"/>
    <tag k="name" v="South Clinton Street"/>
    <tag k="name:etymology:wikidata" v="Q527462"/>
    <tag k="name:etymology:wikipedia" v="en:DeWitt Clinton"/>
    <tag k="oneway" v="yes"/>
    <tag k="sidewalk" v="separate"/>
    <tag k="surface" v="asphalt"/>
    <tag k="turn:lanes" v="left||"/>
  </way>
  <way id="163148347">
    <nd ref="257381470"/>
    <nd ref="6637892313"/>
    <nd ref="1619741208"/>
    <nd ref="9738378802"/>
    <tag k="highway" v="secondary"/>
    <tag k="name" v="West Adams Street"/>
    <tag k="old_ref" v="US 66"/>
    <tag k="oneway" v="yes"/>
    <tag k="opening_date" v="2022"/>
    <tag k="ref" v="US 66 Hist"/>
    <tag k="surface" v="asphalt"/>
  </way>
  <way id="178066795">
    <nd ref="1884455275"/>
    <nd ref="7520847069"/>
    <nd ref="1886247978"/>
    <nd ref="5492705636"/>
    <nd ref="261141525"/>
    <nd ref="12297183281"/>
    <nd ref="261151331"/>
    <nd ref="5492705639"/>
    <nd ref="9747444380"/>
    <nd ref="7520847062"/>
    <nd ref="11822519271"/>
    <nd ref="256633628"/>
    <nd ref="3617601310"/>
    <nd ref="1884447392"/>
    <nd ref="5492691178"/>
    <nd ref="12140387836"/>
    <nd ref="1676390754"/>
    <nd ref="12140387826"/>
    <nd ref="12140387832"/>
    <nd ref="5492691174"/>
    <nd ref="7515614373"/>
    <nd ref="256633656"/>
    <tag k="highway" v="tertiary"/>
    <tag k="name" v="South Throop Street"/>
    <tag k="surface" v="asphalt"/>
  </way>
  <way id="178573378">
    <nd ref="258298729"/>
    <nd ref="1647832970"/>
    <nd ref="1647832963"/>
    <nd ref="428888881"/>
    <tag k="bridge" v="yes"/>
    <tag k="destination" v="Canal Street"/>
    <tag k="highway" v="motorway_link"/>
    <tag k="layer" v="1"/>
    <tag k="level" v="1"/>
    <tag k="oneway" v="yes"/>
    <tag k="surface" v="concrete"/>
  </way>
  <way id="183382682">
    <nd ref="262174301"/>
    <nd ref="13841865310"/>
    <nd ref="736017190"/>
    <nd ref="1640006221"/>
    <nd ref="1640006217"/>
    <nd ref="1640052513"/>
    <nd ref="1640006219"/>
    <nd ref="262174299"/>
    <tag k="highway" v="tertiary"/>
    <tag k="name" v="West Congress Parkway"/>
    <tag k="oneway" v="yes"/>
  </way>
  <way id="194705195">
    <nd ref="2052085900"/>
    <nd ref="2052085929"/>
    <nd ref="2052085897"/>
    <tag k="bridge" v="yes"/>
    <tag k="destination" v="Franklin Street;Wacker Drive"/>
    <tag k="highway" v="motorway_link"/>
    <tag k="lanes" v="1"/>
    <tag k="layer" v="1"/>
    <tag k="oneway" v="yes"/>
  </way>
  <way id="194705196">
    <nd ref="704973993"/>
    <nd ref="10925193464"/>
    <nd ref="10925366968"/>
    <nd ref="2052085919"/>
    <nd ref="10925366970"/>
    <nd ref="2052085888"/>
    <tag k="covered" v="yes"/>
    <tag k="destination" v="Eisenhower Expressway"/>
    <tag k="destination:ref" v="I 290 West"/>
    <tag k="highway" v="motorway_link"/>
    <tag k="lanes" v="1"/>
    <tag k="layer" v="-1"/>
    <tag k="oneway" v="yes"/>
    <tag k="source" v="local_knowledge"/>
    <tag k="tunnel" v="covered"/>
  </way>
  <way id="194705197">
    <nd ref="271154526"/>
    <nd ref="5813229877"/>
    <tag k="destination" v="Franklin Street"/>
    <tag k="highway" v="motorway_link"/>
    <tag k="lanes" v="1"/>
    <tag k="layer" v="-1"/>
    <tag k="oneway" v="yes"/>
    <tag k="tunnel" v="yes"/>
  </way>
  <way id="194705199">
    <nd ref="2052085888"/>
    <nd ref="2052085911"/>
    <nd ref="2052085914"/>
    <nd ref="2052085905"/>
    <nd ref="11780468221"/>
    <nd ref="1232727258"/>
    <tag k="destination" v="Eisenhower Expressway"/>
    <tag k="destination:ref" v="I 290 West"/>
    <tag k="highway" v="motorway_link"/>
    <tag k="lanes" v="1"/>
    <tag k="oneway" v="yes"/>
    <tag k="source" v="local_knowledge"/>
  </way>
  <way id="194705200">
    <nd ref="740368808"/>
    <nd ref="2052085890"/>
    <nd ref="1232727266"/>
    <tag k="bridge" v="yes"/>
    <tag k="destination" v="Eisenhower Expressway"/>
    <tag k="destination:ref" v="I 290 West"/>
    <tag k="highway" v="motorway_link"/>
    <tag k="lanes" v="1"/>
    <tag k="layer" v="1"/>
    <tag k="oneway" v="yes"/>
  </way>
  <way id="202375196">
    <nd ref="1619646529"/>
    <nd ref="1619646535"/>
    <tag k="cycleway:right" v="lane"/>
    <tag k="highway" v="secondary"/>
    <tag k="lanes" v="2"/>
    <tag k="loc_ref" v="800 W"/>
    <tag k="name" v="South Halsted Street"/>
    <tag k="name:etymology:wikidata" v="Q119522049"/>
    <tag k="name:zh" v="豪斯特路"/>
    <tag k="oneway" v="yes"/>
    <tag k="sidewalk:left" v="no"/>
    <tag k="sidewalk:right" v="separate"/>
    <tag k="surface" v="asphalt"/>
    <tag k="wikidata" v="Q5643579"/>
    <tag k="wikipedia" v="en:Halsted Street"/>
  </way>
  <way id="203444889">
    <nd ref="256591534"/>
    <nd ref="7015531323"/>
    <nd ref="704745941"/>
    <nd ref="704745832"/>
    <nd ref="4336249443"/>
    <tag k="bicycle" v="use_sidepath"/>
    <tag k="cycleway" v="separate"/>
    <tag k="highway" v="secondary"/>
    <tag k="lanes" v="4"/>
    <tag k="lanes:backward" v="3"/>
    <tag k="lanes:forward" v="1"/>
    <tag k="name" v="South Canal Street"/>
    <tag k="name:etymology:wikidata" v="Q952760"/>
    <tag k="name:etymology:wikipedia" v="en:Illinois and Michigan Canal"/>
    <tag k="sidewalk" v="separate"/>
    <tag k="surface" v="asphalt"/>
    <tag k="turn:lanes:backward" v="||right"/>
  </way>
  <way id="208648734">
    <nd ref="256613310"/>
    <nd ref="11822483361"/>
    <nd ref="7515614334"/>
    <nd ref="12170655997"/>
    <nd ref="5492705658"/>
    <nd ref="5492705661"/>
    <nd ref="261141536"/>
    <nd ref="12784224634"/>
    <nd ref="7130667666"/>
    <nd ref="1886246837"/>
    <nd ref="11158033131"/>
    <nd ref="261285625"/>
    <nd ref="11158033132"/>
    <nd ref="9747444375"/>
    <nd ref="2189211204"/>
    <nd ref="4398062916"/>
    <nd ref="7520847011"/>
    <nd ref="261341045"/>
    <nd ref="7520847016"/>
    <nd ref="261177025"/>
    <nd ref="11636121047"/>
    <nd ref="261246491"/>
    <nd ref="5970344139"/>
    <nd ref="7520847005"/>
    <nd ref="5970344137"/>
    <tag k="highway" v="residential"/>
    <tag k="name" v="South Aberdeen Street"/>
    <tag k="surface" v="asphalt"/>
  </way>
  <way id="210291679">
    <nd ref="10967759203"/>
    <nd ref="2203792370"/>
    <nd ref="2203792349"/>
    <nd ref="2203792335"/>
    <nd ref="2203792404"/>
    <nd ref="2203792347"/>
    <nd ref="2203792354"/>
    <nd ref="2203792352"/>
    <nd ref="2203792369"/>
    <nd ref="2203792367"/>
    <nd ref="2203792368"/>
    <nd ref="2203792351"/>
    <nd ref="2203792353"/>
    <nd ref="2203792376"/>
    <nd ref="2203792377"/>
    <nd ref="2203792385"/>
    <nd ref="2203792384"/>
    <nd ref="2203792387"/>
    <nd ref="2203792372"/>
    <nd ref="10967759203"/>
    <tag k="highway" v="residential"/>
    <tag k="name" v="South Carpenter Street"/>
    <tag k="oneway" v="yes"/>
  </way>
  <way id="210291680">
    <nd ref="2203792375"/>
    <nd ref="10967759202"/>
    <nd ref="2203792394"/>
    <nd ref="2203792336"/>
    <nd ref="2203792381"/>
    <nd ref="2203792343"/>
    <nd ref="2203792356"/>
    <nd ref="2203792355"/>
    <nd ref="2203792399"/>
    <nd ref="2203792373"/>
    <nd ref="10967759201"/>
    <nd ref="2203792374"/>
    <nd ref="2203792383"/>
    <nd ref="2203792382"/>
    <nd ref="2203792402"/>
    <nd ref="2203792405"/>
    <nd ref="2203792365"/>
    <nd ref="2203792366"/>
    <nd ref="2203792406"/>
    <nd ref="2203792375"/>
    <tag k="highway" v="residential"/>
    <tag k="name" v="South Aberdeen Street"/>
    <tag k="oneway" v="yes"/>
    <tag k="source" v="Bing"/>
  </way>
  <way id="210291685">
    <nd ref="10967759200"/>
    <nd ref="2203792340"/>
    <nd ref="2203792362"/>
    <nd ref="2203792338"/>
    <nd ref="2203792339"/>
    <nd ref="2203792341"/>
    <nd ref="2203792346"/>
    <nd ref="10967759198"/>
    <nd ref="10967759199"/>
    <nd ref="2203792357"/>
    <nd ref="2203792358"/>
    <nd ref="2203792359"/>
    <nd ref="2203792393"/>
    <nd ref="2203792391"/>
    <nd ref="2203792361"/>
    <nd ref="2203792389"/>
    <nd ref="2203792390"/>
    <nd ref="2203792401"/>
    <nd ref="2203792371"/>
    <nd ref="10967759200"/>
    <tag k="highway" v="residential"/>
    <tag k="name" v="South May Street"/>
    <tag k="oneway" v="yes"/>
    <tag k="source" v="Bing"/>
  </way>
  <way id="220950833">
    <nd ref="261239963"/>
    <nd ref="7520847106"/>
    <nd ref="4619334464"/>
    <nd ref="2203666262"/>
    <nd ref="5492705662"/>
    <nd ref="5492705665"/>
    <nd ref="2203666195"/>
    <nd ref="9309565771"/>
    <nd ref="261151329"/>
    <nd ref="9878390061"/>
    <nd ref="13048546593"/>
    <nd ref="13048546591"/>
    <nd ref="9309565766"/>
    <nd ref="261148942"/>
    <nd ref="9309565764"/>
    <nd ref="13048546592"/>
    <nd ref="2189210787"/>
    <nd ref="9309565761"/>
    <nd ref="261136315"/>
    <nd ref="9309565759"/>
    <nd ref="2189210888"/>
    <nd ref="8105833691"/>
    <nd ref="4403665394"/>
    <tag k="highway" v="residential"/>
    <tag k="name" v="West Monroe Street"/>
    <tag k="sidewalk:both" v="separate"/>
    <tag k="surface" v="asphalt"/>
  </way>
  <way id="220952647">
    <nd ref="262150148"/>
    <nd ref="7512746293"/>
    <nd ref="2300194675"/>
    <tag k="highway" v="residential"/>
    <tag k="name" v="West Gladys Avenue"/>
  </way>
  <way id="230770380">
    <nd ref="1105813012"/>
    <nd ref="10263472348"/>
    <nd ref="287261730"/>
    <nd ref="5967446825"/>
    <nd ref="5967446824"/>
    <nd ref="709360985"/>
    <nd ref="12151257420"/>
    <tag k="destination" v="West Adams Street"/>
    <tag k="highway" v="motorway_link"/>
    <tag k="junction:ref" v="51F"/>
    <tag k="oneway" v="yes"/>
    <tag k="surface" v="concrete"/>
  </way>
  <way id="230973582">
    <nd ref="2393957355"/>
    <nd ref="2393957357"/>
    <tag k="bridge" v="movable"/>
    <tag k="bridge:movable" v="bascule"/>
    <tag k="highway" v="secondary"/>
    <tag k="lanes" v="3"/>
    <tag k="layer" v="1"/>
    <tag k="name" v="West Adams Street"/>
    <tag k="old_ref" v="US 66"/>
    <tag k="oneway" v="yes"/>
    <tag k="ref" v="US 66 Hist"/>
    <tag k="sidewalk:both" v="separate"/>
    <tag k="surface" v="metal"/>
  </way>
  <way id="230973583">
    <nd ref="2393957356"/>
    <nd ref="795327252"/>
    <tag k="bridge" v="movable"/>
    <tag k="bridge:movable" v="bascule"/>
    <tag k="highway" v="secondary"/>
    <tag k="layer" v="1"/>
    <tag k="name" v="West Monroe Street"/>
    <tag k="oneway" v="yes"/>
    <tag k="sidewalk:both" v="separate"/>
  </way>
  <way id="231307554">
    <nd ref="410791912"/>
    <nd ref="288070457"/>
    <tag k="highway" v="tertiary"/>
    <tag k="lane_markings" v="no"/>
    <tag k="lit" v="yes"/>
    <tag k="name" v="North Green Street"/>
    <tag k="note" v="Converted to one-way in Oct 2025 https://www.axios.com/local/chicago/2025/11/07/one-way-streets-west-loop-racine-green-burnett-conway"/>
    <tag k="oneway" v="yes"/>
    <tag k="sidewalk:both" v="separate"/>
    <tag k="surface" v="asphalt"/>
  </way>
  <way id="231308287">
    <nd ref="9550357527"/>
    <nd ref="9550357528"/>
    <nd ref="9550357529"/>
    <nd ref="9550357530"/>
    <nd ref="13539143985"/>
    <nd ref="9550357531"/>
    <nd ref="13539143987"/>
    <nd ref="9550357532"/>
    <nd ref="9550357533"/>
    <tag k="bicycle" v="designated"/>
    <tag k="highway" v="residential"/>
    <tag k="lit" v="yes"/>
    <tag k="maxspeed" v="25 mph"/>
    <tag k="maxspeed:type" v="sign"/>
    <tag k="name" v="South Morgan Street"/>
    <tag k="oneway" v="yes"/>
    <tag k="sidewalk:left" v="no"/>
    <tag k="sidewalk:right" v="separate"/>
    <tag k="surface" v="asphalt"/>
  </way>
  <way id="231620087">
    <nd ref="288070465"/>
    <nd ref="11170737380"/>
    <nd ref="13731358901"/>
    <nd ref="4626514797"/>
    <nd ref="12008712387"/>
    <nd ref="9995480825"/>
    <tag k="highway" v="tertiary"/>
    <tag k="lit" v="yes"/>
    <tag k="name" v="North Green Street"/>
    <tag k="oneway" v="no"/>
    <tag k="sidewalk:both" v="separate"/>
    <tag k="surface" v="asphalt"/>
  </way>
  <way id="233930069">
    <nd ref="256613299"/>
    <nd ref="7515614489"/>
    <nd ref="9929144211"/>
    <nd ref="13362077664"/>
    <nd ref="2565112704"/>
    <nd ref="13362077661"/>
    <nd ref="13364244305"/>
    <nd ref="13364244309"/>
    <nd ref="13364244313"/>
    <nd ref="13364244317"/>
    <nd ref="4322760910"/>
    <tag k="cycleway:right" v="separate"/>
    <tag k="highway" v="secondary"/>
    <tag k="lanes" v="2"/>
    <tag k="maxspeed" v="30 mph"/>
    <tag k="name" v="South Desplaines Street"/>
    <tag k="oneway" v="yes"/>
    <tag k="sidewalk:both" v="separate"/>
  </way>
  <way id="233930070">
    <nd ref="257381547"/>
    <nd ref="7515614479"/>
    <nd ref="2203666349"/>
    <nd ref="4322760911"/>
    <tag k="cycleway:right" v="lane"/>
    <tag k="cycleway:right:buffer" v="no"/>
    <tag k="cycleway:right:lane" v="advisory"/>
    <tag k="highway" v="secondary"/>
    <tag k="lanes" v="2"/>
    <tag k="maxspeed" v="30 mph"/>
    <tag k="name" v="South Desplaines Street"/>
    <tag k="oneway" v="yes"/>
    <tag k="surface" v="asphalt"/>
  </way>
  <way id="243832391">
    <nd ref="6366358666"/>
    <nd ref="2511935726"/>
    <tag k="cycleway:left" v="lane"/>
    <tag k="cycleway:left:buffer" v="yes"/>
    <tag k="cycleway:left:lane" v="exclusive"/>
    <tag k="cycleway:right" v="share_busway"/>
    <tag k="highway" v="secondary"/>
    <tag k="lanes" v="2"/>
    <tag k="loc_ref" v="800 W"/>
    <tag k="name" v="South Halsted Street"/>
    <tag k="name:etymology:wikidata" v="Q119522049"/>
    <tag k="name:zh" v="豪斯特路"/>
    <tag k="oneway" v="no"/>
    <tag k="sidewalk" v="separate"/>
    <tag k="surface" v="asphalt"/>
    <tag k="wikidata" v="Q5643579"/>
    <tag k="wikipedia" v="en:Halsted Street"/>
  </way>
  <way id="249983217">
    <nd ref="2565112704"/>
    <nd ref="13003517413"/>
    <nd ref="7515614468"/>
    <nd ref="13364244276"/>
    <nd ref="2565112701"/>
    <tag k="highway" v="residential"/>
    <tag k="name" v="West Gladys Avenue"/>
    <tag k="source" v="OSM US TIGER 2012 Roads Overlay"/>
  </way>
  <way id="253716333">
    <nd ref="619038682"/>
    <nd ref="740363401"/>
    <nd ref="271167487"/>
    <nd ref="271167599"/>
    <nd ref="10925366915"/>
    <nd ref="8633836879"/>
    <nd ref="1468373238"/>
    <nd ref="271167217"/>
    <nd ref="10925366926"/>
    <tag k="covered" v="yes"/>
    <tag k="cycleway" v="no"/>
    <tag k="highway" v="trunk"/>
    <tag k="lanes" v="2"/>
    <tag k="layer" v="-1"/>
    <tag k="lit" v="24/7"/>
    <tag k="maxspeed" v="30 mph"/>
    <tag k="name" v="North Lower Wacker Drive"/>
    <tag k="name:etymology:wikidata" v="Q5078665"/>
    <tag k="oneway" v="yes"/>
    <tag k="shoulder" v="no"/>
    <tag k="sidewalk" v="no"/>
    <tag k="surface" v="concrete"/>
    <tag k="tunnel" v="covered"/>
    <tag k="wikidata" v="Q7958800"/>
    <tag k="wikipedia" v="en:Wacker Drive"/>
  </way>
  <way id="253737738">
    <nd ref="428892679"/>
    <nd ref="4226924605"/>
    <nd ref="13362092423"/>
    <nd ref="13362092424"/>
    <nd ref="428890367"/>
    <tag k="cycleway:right" v="no"/>
    <tag k="highway" v="tertiary"/>
    <tag k="lane_markings" v="no"/>
    <tag k="name" v="South Canal Street"/>
    <tag k="name:etymology:wikidata" v="Q952760"/>
    <tag k="name:etymology:wikipedia" v="en:Illinois and Michigan Canal"/>
    <tag k="oneway" v="yes"/>
    <tag k="surface" v="asphalt"/>
  </way>
  <way id="255368623">
    <nd ref="257381516"/>
    <nd ref="4226924673"/>
    <nd ref="4336249482"/>
    <tag k="bus:lanes" v="||designated"/>
    <tag k="highway" v="secondary"/>
    <tag k="lanes" v="3"/>
    <tag k="name" v="West Adams Street"/>
    <tag k="old_ref" v="US 66"/>
    <tag k="oneway" v="yes"/>
    <tag k="ref" v="US 66 Hist"/>
    <tag k="sidewalk:both" v="separate"/>
    <tag k="surface" v="asphalt"/>
  </way>
  <way id="255623936">
    <nd ref="704745642"/>
    <nd ref="7015531326"/>
    <nd ref="2274489626"/>
    <tag k="bicycle" v="use_sidepath"/>
    <tag k="cycleway" v="separate"/>
    <tag k="cycleway:both" v="separate"/>
    <tag k="highway" v="secondary"/>
    <tag k="lanes" v="3"/>
    <tag k="lanes:backward" v="2"/>
    <tag k="lanes:forward" v="1"/>
    <tag k="loc_ref" v="600 S"/>
    <tag k="name" v="West Harrison Street"/>
    <tag k="name:etymology:wikidata" v="Q11869"/>
    <tag k="sidewalk" v="separate"/>
    <tag k="surface" v="asphalt"/>
    <tag k="turn:lanes:backward" v="left|"/>
    <tag k="wikidata" v="Q95486142"/>
  </way>
  <way id="255623937">
    <nd ref="1337351535"/>
    <nd ref="9503049062"/>
    <nd ref="2274489610"/>
    <nd ref="10229623726"/>
    <nd ref="2274489587"/>
    <nd ref="256592393"/>
    <nd ref="1643976908"/>
    <nd ref="7401076380"/>
    <nd ref="262174944"/>
    <nd ref="10290895398"/>
    <nd ref="9503048968"/>
    <nd ref="256592392"/>
    <tag k="cycleway:left" v="lane"/>
    <tag k="cycleway:left:buffer" v="yes"/>
    <tag k="cycleway:left:lane" v="exclusive"/>
    <tag k="highway" v="secondary"/>
    <tag k="lanes" v="2"/>
    <tag k="name" v="South Clinton Street"/>
    <tag k="name:etymology:wikidata" v="Q527462"/>
    <tag k="name:etymology:wikipedia" v="en:DeWitt Clinton"/>
    <tag k="oneway" v="yes"/>
    <tag k="sidewalk:both" v="separate"/>
    <tag k="surface" v="asphalt"/>
  </way>
  <way id="278403361">
    <nd ref="256611724"/>
    <nd ref="1884443879"/>
    <nd ref="8690743262"/>
    <nd ref="1619741045"/>
    <nd ref="7282826620"/>
    <tag k="highway" v="residential"/>
    <tag k="lit" v="yes"/>
    <tag k="name" v="South Peoria Street"/>
    <tag k="sidewalk:both" v="separate"/>
    <tag k="surface" v="asphalt"/>
  </way>
  <way id="278403362">
    <nd ref="256591099"/>
    <nd ref="2051982639"/>
    <tag k="highway" v="tertiary"/>
    <tag k="loc_ref" v="400 S"/>
    <tag k="name" v="West Van Buren Street"/>
    <tag k="name:etymology:wikidata" v="Q11820"/>
    <tag k="wikidata" v="Q115806095"/>
    <tag k="wikipedia" v="en:Van Buren Street"/>
  </way>
  <way id="278403363">
    <nd ref="1619741053"/>
    <nd ref="5499815202"/>
    <nd ref="7512746336"/>
    <nd ref="256611724"/>
    <tag k="highway" v="tertiary"/>
    <tag k="loc_ref" v="400 S"/>
    <tag k="name" v="West Van Buren Street"/>
    <tag k="name:etymology:wikidata" v="Q11820"/>
    <tag k="surface" v="asphalt"/>
    <tag k="wikidata" v="Q115806095"/>
    <tag k="wikipedia" v="en:Van Buren Street"/>
  </way>
  <way id="278403364">
    <nd ref="256633121"/>
    <nd ref="7512746517"/>
    <nd ref="11301600457"/>
    <nd ref="13505219512"/>
    <nd ref="7512746535"/>
    <nd ref="256590712"/>
    <tag k="highway" v="tertiary"/>
    <tag k="loc_ref" v="400 S"/>
    <tag k="name" v="West Van Buren Street"/>
    <tag k="name:etymology:wikidata" v="Q11820"/>
    <tag k="surface" v="asphalt"/>
    <tag k="wikidata" v="Q115806095"/>
    <tag k="wikipedia" v="en:Van Buren Street"/>
  </way>
  <way id="278403365">
    <nd ref="256633050"/>
    <nd ref="7512746292"/>
    <nd ref="1619741053"/>
    <tag k="highway" v="tertiary"/>
    <tag k="loc_ref" v="400 S"/>
    <tag k="name" v="West Van Buren Street"/>
    <tag k="name:etymology:wikidata" v="Q11820"/>
    <tag k="surface" v="asphalt"/>
    <tag k="wikidata" v="Q115806095"/>
    <tag k="wikipedia" v="en:Van Buren Street"/>
  </way>
  <way id="278403366">
    <nd ref="256611723"/>
    <nd ref="4226924599"/>
    <nd ref="13311308688"/>
    <nd ref="2300194674"/>
    <nd ref="7512746289"/>
    <nd ref="256633050"/>
    <tag k="highway" v="tertiary"/>
    <tag k="loc_ref" v="400 S"/>
    <tag k="name" v="West Van Buren Street"/>
    <tag k="name:etymology:wikidata" v="Q11820"/>
    <tag k="surface" v="asphalt"/>
    <tag k="wikidata" v="Q115806095"/>
    <tag k="wikipedia" v="en:Van Buren Street"/>
  </way>
  <way id="278403367">
    <nd ref="262347210"/>
    <nd ref="7515614350"/>
    <nd ref="12170655961"/>
    <nd ref="13144531008"/>
    <nd ref="4605823955"/>
    <nd ref="1884778064"/>
    <nd ref="8627532757"/>
    <nd ref="7515614351"/>
    <nd ref="256591099"/>
    <tag k="highway" v="tertiary"/>
    <tag k="loc_ref" v="400 S"/>
    <tag k="name" v="West Van Buren Street"/>
    <tag k="name:etymology:wikidata" v="Q11820"/>
    <tag k="wikidata" v="Q115806095"/>
    <tag k="wikipedia" v="en:Van Buren Street"/>
  </way>
  <way id="278403368">
    <nd ref="256611724"/>
    <nd ref="5499815203"/>
    <nd ref="8690743263"/>
    <nd ref="1619741051"/>
    <nd ref="11301600456"/>
    <nd ref="7512746515"/>
    <nd ref="256633121"/>
    <tag k="highway" v="tertiary"/>
    <tag k="loc_ref" v="400 S"/>
    <tag k="name" v="West Van Buren Street"/>
    <tag k="name:etymology:wikidata" v="Q11820"/>
    <tag k="surface" v="asphalt"/>
    <tag k="wikidata" v="Q115806095"/>
    <tag k="wikipedia" v="en:Van Buren Street"/>
  </way>
  <way id="278403369">
    <nd ref="256590712"/>
    <nd ref="7512746538"/>
    <nd ref="261881720"/>
    <nd ref="261881717"/>
    <nd ref="13144531023"/>
    <nd ref="10919961901"/>
    <nd ref="7515614348"/>
    <nd ref="262347210"/>
    <tag k="highway" v="tertiary"/>
    <tag k="loc_ref" v="400 S"/>
    <tag k="name" v="West Van Buren Street"/>
    <tag k="name:etymology:wikidata" v="Q11820"/>
    <tag k="wikidata" v="Q115806095"/>
    <tag k="wikipedia" v="en:Van Buren Street"/>
  </way>
  <way id="278497423">
    <nd ref="1308245884"/>
    <nd ref="7512371632"/>
    <nd ref="12194833987"/>
    <nd ref="9531183374"/>
    <nd ref="1308245851"/>
    <nd ref="7506100695"/>
    <nd ref="1309327020"/>
    <nd ref="5778597843"/>
    <nd ref="1309327046"/>
    <nd ref="7059000464"/>
    <nd ref="2004538699"/>
    <nd ref="1309327044"/>
    <nd ref="4320918937"/>
    <tag k="bicycle" v="designated"/>
    <tag k="highway" v="tertiary"/>
    <tag k="lanes" v="2"/>
    <tag k="loc_ref" v="1200 W"/>
    <tag k="name" v="South Racine Avenue"/>
    <tag k="name:etymology:wikidata" v="Q40340"/>
    <tag k="old_name" v="Center Avenue"/>
    <tag k="sidewalk:both" v="separate"/>
    <tag k="uic_shuttle_route" v="yes"/>
    <tag k="wikidata" v="Q118964088"/>
    <tag k="wikipedia" v="en:Racine Avenue"/>
  </way>
  <way id="283273061">
    <nd ref="9768224724"/>
    <nd ref="261220972"/>
    <nd ref="6547918132"/>
    <nd ref="6547918117"/>
    <nd ref="9768224728"/>
    <nd ref="261186104"/>
    <nd ref="9768224732"/>
    <nd ref="7608416048"/>
    <nd ref="12194545687"/>
    <nd ref="9768224736"/>
    <nd ref="366591402"/>
    <nd ref="9768224741"/>
    <nd ref="5492705654"/>
    <nd ref="9622676322"/>
    <nd ref="13767947561"/>
    <nd ref="9768224745"/>
    <nd ref="258956097"/>
    <nd ref="9768224749"/>
    <nd ref="13767947560"/>
    <nd ref="9768224754"/>
    <nd ref="261220969"/>
    <nd ref="9768224759"/>
    <nd ref="9768224770"/>
    <nd ref="261214831"/>
    <nd ref="9768224774"/>
    <nd ref="9768224779"/>
    <nd ref="261220967"/>
    <nd ref="9768224781"/>
    <nd ref="9768224783"/>
    <nd ref="258956095"/>
    <tag k="cycleway" v="lane"/>
    <tag k="cycleway:both" v="lane"/>
    <tag k="cycleway:both:buffer" v="no"/>
    <tag k="cycleway:buffer" v="no"/>
    <tag k="highway" v="secondary"/>
    <tag k="name" v="West Lake Street"/>
    <tag k="name:etymology:wikidata" v="Q1169"/>
    <tag k="parking:both" v="lane"/>
    <tag k="sidewalk:both" v="separate"/>
    <tag k="surface" v="asphalt"/>
    <tag k="wikidata" v="Q3216465"/>
    <tag k="wikipedia" v="en:Lake Street (Chicago)"/>
  </way>
  <way id="292339728">
    <nd ref="1337351531"/>
    <nd ref="9503049045"/>
    <nd ref="2207484784"/>
    <nd ref="4336249448"/>
    <tag k="cycleway:left" v="separate"/>
    <tag k="cycleway:right" v="shared_lane"/>
    <tag k="highway" v="secondary"/>
    <tag k="lanes" v="3"/>
    <tag k="lanes:backward" v="2"/>
    <tag k="lanes:forward" v="1"/>
    <tag k="lit" v="yes"/>
    <tag k="loc_ref" v="600 S"/>
    <tag k="name" v="West Harrison Street"/>
    <tag k="name:etymology:wikidata" v="Q11869"/>
    <tag k="sidewalk:both" v="separate"/>
    <tag k="surface" v="asphalt"/>
    <tag k="turn:lanes:backward" v="left|"/>
    <tag k="wikidata" v="Q95486142"/>
  </way>
  <way id="294839708">
    <nd ref="258020692"/>
    <nd ref="9115262263"/>
    <nd ref="10677212977"/>
    <nd ref="265649742"/>
    <nd ref="4336249701"/>
    <tag k="cycleway:right" v="track"/>
    <tag k="highway" v="secondary"/>
    <tag k="lanes" v="2"/>
    <tag k="name" v="North Desplaines Street"/>
    <tag k="oneway" v="yes"/>
    <tag k="sidewalk:both" v="separate"/>
    <tag k="surface" v="asphalt"/>
  </way>
  <way id="294839950">
    <nd ref="258021247"/>
    <nd ref="9913028199"/>
    <nd ref="5637868337"/>
    <nd ref="10945121347"/>
    <nd ref="4156112972"/>
    <nd ref="258021253"/>
    <tag k="cycleway:right" v="lane"/>
    <tag k="cycleway:right:buffer" v="yes"/>
    <tag k="highway" v="secondary"/>
    <tag k="lanes" v="3"/>
    <tag k="loc_ref" v="300 W"/>
    <tag k="name" v="South Franklin Street"/>
    <tag k="name:etymology:wikidata" v="Q34969"/>
    <tag k="name:etymology:wikipedia" v="en:Benjamin Franklin"/>
    <tag k="oneway" v="yes"/>
    <tag k="sidewalk:both" v="separate"/>
    <tag k="surface" v="asphalt"/>
  </way>
  <way id="312901450">
    <nd ref="11874814609"/>
    <nd ref="2052085900"/>
    <tag k="bridge" v="yes"/>
    <tag k="destination:lanes" v="none|none|none|none;Franklin Street;Wacker Drive"/>
    <tag k="highway" v="motorway"/>
    <tag k="lanes" v="4"/>
    <tag k="layer" v="1"/>
    <tag k="maxheight" v="13'6&quot;"/>
    <tag k="maxweight" v="120000 lbs"/>
    <tag k="maxwidth" v="12'0&quot;"/>
    <tag k="name" v="Eisenhower Expressway"/>
    <tag k="old_name" v="West Congress Parkway"/>
    <tag k="oneway" v="yes"/>
    <tag k="source:maxlength" v="https://idot.illinois.gov/content/dam/soi/en/web/idot/documents/doing-business/specialty-lists/highways/permits/permanentrestrictedroads.pdf"/>
    <tag k="source:maxweight" v="https://idot.illinois.gov/content/dam/soi/en/web/idot/documents/doing-business/specialty-lists/highways/permits/permanentrestrictedroads.pdf"/>
    <tag k="source:maxwidth" v="https://idot.illinois.gov/content/dam/soi/en/web/idot/documents/doing-business/specialty-lists/highways/permits/permanentrestrictedroads.pdf"/>
    <tag k="turn:lanes" v="none|none|none|through;slight_right"/>
  </way>
  <way id="312901453">
    <nd ref="388608188"/>
    <nd ref="271154389"/>
    <tag k="highway" v="motorway"/>
    <tag k="lanes" v="4"/>
    <tag k="maxheight" v="13'6&quot;"/>
    <tag k="maxweight" v="120000 lbs"/>
    <tag k="maxwidth" v="12'0&quot;"/>
    <tag k="name" v="Eisenhower Expressway"/>
    <tag k="old_name" v="West Congress Parkway"/>
    <tag k="oneway" v="yes"/>
    <tag k="source:maxlength" v="https://idot.illinois.gov/content/dam/soi/en/web/idot/documents/doing-business/specialty-lists/highways/permits/permanentrestrictedroads.pdf"/>
    <tag k="source:maxweight" v="https://idot.illinois.gov/content/dam/soi/en/web/idot/documents/doing-business/specialty-lists/highways/permits/permanentrestrictedroads.pdf"/>
    <tag k="source:maxwidth" v="https://idot.illinois.gov/content/dam/soi/en/web/idot/documents/doing-business/specialty-lists/highways/permits/permanentrestrictedroads.pdf"/>
  </way>
  <way id="312901454">
    <nd ref="3188221426"/>
    <nd ref="11780468242"/>
    <nd ref="11780468239"/>
    <nd ref="3188221427"/>
    <tag k="destination:street" v="Lower Wacker Drive"/>
    <tag k="highway" v="trunk_link"/>
    <tag k="lanes" v="1"/>
    <tag k="maxspeed" v="20 mph"/>
    <tag k="oneway" v="yes"/>
  </way>
  <way id="312901458">
    <nd ref="4322796838"/>
    <nd ref="7015531339"/>
    <nd ref="11943616274"/>
    <tag k="bicycle" v="yes"/>
    <tag k="cycleway" v="lane"/>
    <tag k="highway" v="secondary"/>
    <tag k="lanes" v="3"/>
    <tag k="lanes:backward" v="2"/>
    <tag k="lanes:forward" v="1"/>
    <tag k="loc_ref" v="600 S"/>
    <tag k="name" v="West Harrison Street"/>
    <tag k="name:etymology:wikidata" v="Q11869"/>
    <tag k="sidewalk:both" v="separate"/>
    <tag k="turn:lanes:backward" v="left|"/>
    <tag k="wikidata" v="Q95486142"/>
  </way>
  <way id="312901468">
    <nd ref="2052085887"/>
    <nd ref="3188221477"/>
    <nd ref="2052085907"/>
    <nd ref="3188221478"/>
    <nd ref="2052085939"/>
    <nd ref="3188221479"/>
    <nd ref="2052085921"/>
    <nd ref="3188221480"/>
    <nd ref="2052085906"/>
    <nd ref="3188221481"/>
    <nd ref="2052085932"/>
    <nd ref="3188221482"/>
    <nd ref="2052085927"/>
    <nd ref="2052085915"/>
    <tag k="destination" v="Eisenhower Expressway"/>
    <tag k="destination:ref" v="I 290 West"/>
    <tag k="highway" v="motorway_link"/>
    <tag k="lanes" v="1"/>
    <tag k="layer" v="-1"/>
    <tag k="maxspeed" v="15 mph"/>
    <tag k="oneway" v="yes"/>
    <tag k="source" v="local_knowledge"/>
    <tag k="tunnel" v="yes"/>
  </way>
  <way id="313500941">
    <nd ref="258956336"/>
    <nd ref="7515614530"/>
    <nd ref="5295930689"/>
    <nd ref="1657357280"/>
    <nd ref="5978234469"/>
    <nd ref="5295930686"/>
    <nd ref="265648679"/>
    <tag k="cycleway:right" v="lane"/>
    <tag k="cycleway:right:buffer" v="yes"/>
    <tag k="hgv" v="designated"/>
    <tag k="highway" v="secondary"/>
    <tag k="lanes" v="2"/>
    <tag k="name" v="West Washington Boulevard"/>
    <tag k="name:etymology:wikidata" v="Q23"/>
    <tag k="old_ref" v="US 20 Business"/>
    <tag k="oneway" v="yes"/>
    <tag k="sidewalk:both" v="separate"/>
    <tag k="source:hgv" v="https://gis-idot.opendata.arcgis.com/datasets/IDOT::designated-truck-routes-state-jurisdiction-truck-route/explore?location=40.542466%2C-88.991188%2C14.60;https://www.gettingaroundillinois.com/MapViewer/?config=DTRconfig.json"/>
    <tag k="surface" v="asphalt"/>
  </way>
  <way id="313500943">
    <nd ref="258956336"/>
    <nd ref="7515614531"/>
    <nd ref="5295930687"/>
    <nd ref="4322760917"/>
    <tag k="highway" v="secondary"/>
    <tag k="loc_ref" v="800 W"/>
    <tag k="name" v="North Halsted Street"/>
    <tag k="name:etymology:wikidata" v="Q119522049"/>
    <tag k="name:zh" v="豪斯特路"/>
    <tag k="sidewalk:both" v="separate"/>
    <tag k="surface" v="asphalt"/>
    <tag k="wikidata" v="Q5643579"/>
    <tag k="wikipedia" v="en:Halsted Street"/>
  </way>
  <way id="313816930">
    <nd ref="1647616671"/>
    <nd ref="9246462566"/>
    <nd ref="3198505997"/>
    <nd ref="5509258499"/>
    <nd ref="4806691418"/>
    <nd ref="3198505994"/>
    <nd ref="4806691417"/>
    <nd ref="3198505992"/>
    <nd ref="6652948925"/>
    <nd ref="3198505995"/>
    <nd ref="3198505996"/>
    <nd ref="4806691414"/>
    <nd ref="11943751636"/>
    <nd ref="6652948927"/>
    <nd ref="11943616097"/>
    <nd ref="11943616096"/>
    <nd ref="6652948928"/>
    <nd ref="6652948929"/>
    <nd ref="3198505998"/>
    <tag k="bridge" v="yes"/>
    <tag k="destination" v="Aurora;West Suburbs"/>
    <tag k="destination:ref" v="I-290 West;IL 110"/>
    <tag k="destination:street" v="Eisenhower Expressway"/>
    <tag k="highway" v="motorway_link"/>
    <tag k="lanes" v="2"/>
    <tag k="layer" v="3"/>
    <tag k="oneway" v="yes"/>
    <tag k="surface" v="concrete"/>
  </way>
  <way id="314944794">
    <nd ref="257381556"/>
    <nd ref="4489793461"/>
    <nd ref="9309565667"/>
    <nd ref="9079153061"/>
    <tag k="highway" v="secondary"/>
    <tag k="lanes" v="3"/>
    <tag k="name" v="West Monroe Street"/>
    <tag k="oneway" v="yes"/>
    <tag k="surface" v="asphalt"/>
  </way>
  <way id="314944797">
    <nd ref="5460369675"/>
    <nd ref="13084620004"/>
    <nd ref="13084607400"/>
    <nd ref="3281127353"/>
    <nd ref="258020219"/>
    <tag k="bicycle" v="designated"/>
    <tag k="bus:lanes" v="|||designated"/>
    <tag k="cycleway:right" v="shared_lane"/>
    <tag k="hgv" v="designated"/>
    <tag k="highway" v="secondary"/>
    <tag k="lanes" v="4"/>
    <tag k="lanes:bus" v="1"/>
    <tag k="name" v="West Washington Boulevard"/>
    <tag k="name:etymology:wikidata" v="Q23"/>
    <tag k="old_ref" v="US 20 Business"/>
    <tag k="oneway" v="yes"/>
    <tag k="source:hgv" v="https://gis-idot.opendata.arcgis.com/datasets/IDOT::designated-truck-routes-state-jurisdiction-truck-route/explore?location=40.542466%2C-88.991188%2C14.60;https://www.gettingaroundillinois.com/MapViewer/?config=DTRconfig.json"/>
    <tag k="surface" v="asphalt"/>
    <tag k="turn:bus:lanes" v="through|through|through|"/>
    <tag k="turn:lanes" v="through|through|through|right"/>
  </way>
  <way id="314944798">
    <nd ref="258020219"/>
    <nd ref="3281127355"/>
    <nd ref="2394641718"/>
    <nd ref="7124346245"/>
    <tag k="bicycle" v="use_sidepath"/>
    <tag k="cycleway:left" v="separate"/>
    <tag k="highway" v="secondary"/>
    <tag k="lanes" v="2"/>
    <tag k="name" v="North Clinton Street"/>
    <tag k="name:etymology:wikidata" v="Q527462"/>
    <tag k="name:etymology:wikipedia" v="en:DeWitt Clinton"/>
    <tag k="oneway" v="yes"/>
    <tag k="surface" v="asphalt"/>
  </way>
  <way id="315088588">
    <nd ref="258020713"/>
    <nd ref="7520846970"/>
    <nd ref="11919024075"/>
    <nd ref="13831784094"/>
    <nd ref="265648208"/>
    <nd ref="2280250853"/>
    <nd ref="9115262264"/>
    <nd ref="258020692"/>
    <tag k="cycleway:right" v="separate"/>
    <tag k="highway" v="secondary"/>
    <tag k="lanes" v="2"/>
    <tag k="name" v="North Desplaines Street"/>
    <tag k="oneway" v="yes"/>
    <tag k="sidewalk:both" v="separate"/>
    <tag k="surface" v="asphalt"/>
  </way>
  <way id="315088589">
    <nd ref="258020677"/>
    <nd ref="9309565682"/>
    <nd ref="10677212970"/>
    <nd ref="5936364886"/>
    <tag k="highway" v="secondary"/>
    <tag k="name" v="North Jefferson Street"/>
    <tag k="name:etymology:wikidata" v="Q11812"/>
    <tag k="name:etymology:wikipedia" v="en:Thomas Jefferson"/>
    <tag k="oneway" v="yes"/>
    <tag k="sidewalk:both" v="separate"/>
    <tag k="surface" v="asphalt"/>
  </way>
  <way id="315088590">
    <nd ref="1619741525"/>
    <nd ref="6703345832"/>
    <nd ref="13746489864"/>
    <nd ref="9309565686"/>
    <nd ref="258020677"/>
    <tag k="highway" v="secondary"/>
    <tag k="lanes" v="4"/>
    <tag k="loc_ref" v="0 N/S"/>
    <tag k="name" v="West Madison Street"/>
    <tag k="name:etymology:wikidata" v="Q11813"/>
    <tag k="oneway" v="yes"/>
    <tag k="turn:lanes" v="|||right"/>
    <tag k="wikidata" v="Q3276131"/>
    <tag k="wikipedia" v="en:Madison Street (Chicago)"/>
  </way>
  <way id="316169792">
    <nd ref="258020660"/>
    <nd ref="4227056694"/>
    <nd ref="11872651084"/>
    <nd ref="9523593361"/>
    <nd ref="11872651083"/>
    <nd ref="9523593359"/>
    <nd ref="258020695"/>
    <tag k="cycleway:right" v="lane"/>
    <tag k="cycleway:right:buffer" v="no"/>
    <tag k="hgv" v="designated"/>
    <tag k="highway" v="secondary"/>
    <tag k="lanes" v="3"/>
    <tag k="name" v="West Washington Street"/>
    <tag k="name:etymology:wikidata" v="Q23"/>
    <tag k="old_ref" v="US 20 Business"/>
    <tag k="oneway" v="yes"/>
    <tag k="parking" v="no"/>
    <tag k="sidewalk" v="separate"/>
    <tag k="source:hgv" v="https://gis-idot.opendata.arcgis.com/datasets/IDOT::designated-truck-routes-state-jurisdiction-truck-route/explore?location=40.542466%2C-88.991188%2C14.60;https://www.gettingaroundillinois.com/MapViewer/?config=DTRconfig.json"/>
    <tag k="surface" v="concrete"/>
  </way>
  <way id="316169793">
    <nd ref="4336249697"/>
    <nd ref="4227056478"/>
    <nd ref="258020679"/>
    <tag k="highway" v="secondary"/>
    <tag k="lanes" v="3"/>
    <tag k="loc_ref" v="0 N/S"/>
    <tag k="name" v="West Madison Street"/>
    <tag k="name:etymology:wikidata" v="Q11813"/>
    <tag k="oneway" v="yes"/>
    <tag k="sidewalk" v="separate"/>
    <tag k="surface" v="asphalt"/>
    <tag k="turn:lanes" v="||right"/>
    <tag k="wikidata" v="Q3276131"/>
    <tag k="wikipedia" v="en:Madison Street (Chicago)"/>
  </way>
  <way id="316762107">
    <nd ref="256611285"/>
    <nd ref="13142787938"/>
    <nd ref="4227056438"/>
    <nd ref="11829472890"/>
    <nd ref="4227056439"/>
    <nd ref="428892679"/>
    <tag k="highway" v="secondary"/>
    <tag k="loc_ref" v="400 S"/>
    <tag k="name" v="West Van Buren Street"/>
    <tag k="name:etymology:wikidata" v="Q11820"/>
    <tag k="sidewalk" v="separate"/>
    <tag k="surface" v="asphalt"/>
    <tag k="wikidata" v="Q115806095"/>
    <tag k="wikipedia" v="en:Van Buren Street"/>
  </way>
  <way id="316762109">
    <nd ref="27440211"/>
    <nd ref="4227056456"/>
    <nd ref="5821552812"/>
    <nd ref="9878323693"/>
    <nd ref="27440212"/>
    <tag k="bus:lanes" v="yes|yes|designated"/>
    <tag k="highway" v="secondary"/>
    <tag k="lanes" v="3"/>
    <tag k="loc_ref" v="300 S"/>
    <tag k="name" v="West Jackson Boulevard"/>
    <tag k="name:etymology:wikidata" v="Q11817"/>
    <tag k="old_ref" v="US 66"/>
    <tag k="oneway" v="yes"/>
    <tag k="ref" v="US 66 Hist"/>
    <tag k="sidewalk:both" v="separate"/>
    <tag k="surface" v="asphalt"/>
    <tag k="wikidata" v="Q96942479"/>
    <tag k="wikipedia" v="en:Jackson Boulevard"/>
  </way>
  <way id="316762110">
    <nd ref="27440224"/>
    <nd ref="9913028426"/>
    <nd ref="11035662031"/>
    <nd ref="11037617110"/>
    <nd ref="11037617140"/>
    <nd ref="9878323689"/>
    <nd ref="12475143975"/>
    <tag k="cycleway:right" v="lane"/>
    <tag k="cycleway:right:buffer" v="yes"/>
    <tag k="highway" v="secondary"/>
    <tag k="lanes" v="3"/>
    <tag k="loc_ref" v="300 W"/>
    <tag k="name" v="South Franklin Street"/>
    <tag k="name:etymology:wikidata" v="Q34969"/>
    <tag k="name:etymology:wikipedia" v="en:Benjamin Franklin"/>
    <tag k="oneway" v="yes"/>
    <tag k="sidewalk:both" v="separate"/>
    <tag k="surface" v="asphalt"/>
  </way>
  <way id="316762111">
    <nd ref="27440225"/>
    <nd ref="9913028487"/>
    <nd ref="1884321677"/>
    <nd ref="1884321670"/>
    <nd ref="11037617167"/>
    <nd ref="11037617171"/>
    <nd ref="9913028204"/>
    <nd ref="27440224"/>
    <tag k="highway" v="secondary"/>
    <tag k="lanes" v="3"/>
    <tag k="lanes:backward" v="1"/>
    <tag k="lanes:forward" v="2"/>
    <tag k="loc_ref" v="400 S"/>
    <tag k="name" v="West Van Buren Street"/>
    <tag k="name:etymology:wikidata" v="Q11820"/>
    <tag k="sidewalk" v="separate"/>
    <tag k="surface" v="asphalt"/>
    <tag k="turn:lanes:backward" v="right"/>
    <tag k="wikidata" v="Q115806095"/>
    <tag k="wikipedia" v="en:Van Buren Street"/>
  </way>
  <way id="319345470">
    <nd ref="257381494"/>
    <nd ref="6637892292"/>
    <nd ref="9878323673"/>
    <nd ref="1721300301"/>
    <nd ref="6637892293"/>
    <nd ref="257381470"/>
    <tag k="highway" v="secondary"/>
    <tag k="lanes" v="2"/>
    <tag k="name" v="West Adams Street"/>
    <tag k="old_ref" v="US 66"/>
    <tag k="oneway" v="yes"/>
    <tag k="ref" v="US 66 Hist"/>
    <tag k="turn:lanes" v="left|left;through"/>
  </way>
  <way id="319345472">
    <nd ref="9913028207"/>
    <nd ref="1884321672"/>
    <nd ref="9913028489"/>
    <nd ref="27440213"/>
    <tag k="bus:lanes" v="|||designated"/>
    <tag k="highway" v="secondary"/>
    <tag k="lanes" v="4"/>
    <tag k="loc_ref" v="300 S"/>
    <tag k="name" v="West Jackson Boulevard"/>
    <tag k="name:etymology:wikidata" v="Q11817"/>
    <tag k="old_ref" v="US 66"/>
    <tag k="oneway" v="yes"/>
    <tag k="ref" v="US 66 Hist"/>
    <tag k="sidewalk" v="separate"/>
    <tag k="surface" v="asphalt"/>
    <tag k="turn:lanes" v="|||right"/>
    <tag k="wikidata" v="Q96942479"/>
    <tag k="wikipedia" v="en:Jackson Boulevard"/>
  </way>
  <way id="319345474">
    <nd ref="1885769514"/>
    <nd ref="10729825664"/>
    <tag k="cycleway:left" v="shared_lane"/>
    <tag k="cycleway:right" v="separate"/>
    <tag k="highway" v="secondary"/>
    <tag k="lanes" v="2"/>
    <tag k="lit" v="yes"/>
    <tag k="loc_ref" v="600 S"/>
    <tag k="name" v="West Harrison Street"/>
    <tag k="name:etymology:wikidata" v="Q11869"/>
    <tag k="sidewalk:both" v="separate"/>
    <tag k="surface" v="asphalt"/>
    <tag k="wikidata" v="Q95486142"/>
  </way>
  <way id="319345475">
    <nd ref="624847194"/>
    <nd ref="9247471008"/>
    <nd ref="1337351540"/>
    <tag k="cycleway:right" v="shared_lane"/>
    <tag k="highway" v="secondary"/>
    <tag k="lanes" v="3"/>
    <tag k="maxspeed" v="30 mph"/>
    <tag k="name" v="South Desplaines Street"/>
    <tag k="oneway" v="yes"/>
    <tag k="sidewalk:both" v="separate"/>
    <tag k="turn:lanes" v="left|none|right"/>
  </way>
  <way id="319352689">
    <nd ref="28358950"/>
    <nd ref="4156112947"/>
    <nd ref="271166854"/>
    <tag k="cycleway:right" v="no"/>
    <tag k="highway" v="secondary"/>
    <tag k="lanes" v="3"/>
    <tag k="name" v="North Wacker Drive"/>
    <tag k="name:etymology:wikidata" v="Q5078665"/>
    <tag k="oneway" v="yes"/>
    <tag k="sidewalk:left" v="no"/>
    <tag k="sidewalk:right" v="separate"/>
    <tag k="surface" v="concrete"/>
    <tag k="wikidata" v="Q7958800"/>
    <tag k="wikipedia" v="en:Wacker Drive"/>
  </way>
  <way id="319352690">
    <nd ref="7662839836"/>
    <nd ref="261095709"/>
    <tag k="bicycle" v="use_sidepath"/>
    <tag k="busway" v="lane"/>
    <tag k="cycleway:left" v="separate"/>
    <tag k="highway" v="secondary"/>
    <tag k="lanes" v="3"/>
    <tag k="name" v="South Clinton Street"/>
    <tag k="name:etymology:wikidata" v="Q527462"/>
    <tag k="name:etymology:wikipedia" v="en:DeWitt Clinton"/>
    <tag k="oneway" v="yes"/>
  </way>
  <way id="319352692">
    <nd ref="257381489"/>
    <nd ref="6637892303"/>
    <nd ref="8203495736"/>
    <nd ref="7124314073"/>
    <nd ref="11061920619"/>
    <nd ref="262247584"/>
    <tag k="bicycle" v="use_sidepath"/>
    <tag k="bus:lanes" v="||designated"/>
    <tag k="cycleway:left" v="separate"/>
    <tag k="highway" v="secondary"/>
    <tag k="lanes" v="3"/>
    <tag k="name" v="South Clinton Street"/>
    <tag k="name:etymology:wikidata" v="Q527462"/>
    <tag k="name:etymology:wikipedia" v="en:DeWitt Clinton"/>
    <tag k="oneway" v="yes"/>
    <tag k="surface" v="asphalt"/>
  </way>
  <way id="319352694">
    <nd ref="258020220"/>
    <nd ref="9309566051"/>
    <nd ref="9504256373"/>
    <tag k="bicycle" v="use_sidepath"/>
    <tag k="cycleway:left" v="separate"/>
    <tag k="highway" v="secondary"/>
    <tag k="lanes" v="2"/>
    <tag k="name" v="North Clinton Street"/>
    <tag k="name:etymology:wikidata" v="Q527462"/>
    <tag k="name:etymology:wikipedia" v="en:DeWitt Clinton"/>
    <tag k="oneway" v="yes"/>
    <tag k="surface" v="asphalt"/>
  </way>
  <way id="319352697">
    <nd ref="7015619011"/>
    <nd ref="7015619012"/>
    <nd ref="6620420897"/>
    <nd ref="5821530412"/>
    <tag k="bus:lanes" v="yes|yes|designated"/>
    <tag k="highway" v="secondary"/>
    <tag k="lanes" v="3"/>
    <tag k="lanes:bus" v="1"/>
    <tag k="loc_ref" v="300 S"/>
    <tag k="name" v="West Jackson Boulevard"/>
    <tag k="name:etymology:wikidata" v="Q11817"/>
    <tag k="old_ref" v="US 66"/>
    <tag k="oneway" v="yes"/>
    <tag k="ref" v="US 66 Hist"/>
    <tag k="sidewalk:both" v="separate"/>
    <tag k="surface" v="asphalt"/>
    <tag k="wikidata" v="Q96942479"/>
    <tag k="wikipedia" v="en:Jackson Boulevard"/>
  </way>
  <way id="319352698">
    <nd ref="258020219"/>
    <nd ref="13746350796"/>
    <nd ref="4227056693"/>
    <nd ref="704964556"/>
    <tag k="hgv" v="designated"/>
    <tag k="highway" v="secondary"/>
    <tag k="lanes" v="2"/>
    <tag k="name" v="West Washington Street"/>
    <tag k="name:etymology:wikidata" v="Q23"/>
    <tag k="old_ref" v="US 20 Business"/>
    <tag k="oneway" v="yes"/>
    <tag k="source:hgv" v="https://gis-idot.opendata.arcgis.com/datasets/IDOT::designated-truck-routes-state-jurisdiction-truck-route/explore?location=40.542466%2C-88.991188%2C14.60;https://www.gettingaroundillinois.com/MapViewer/?config=DTRconfig.json"/>
    <tag k="surface" v="asphalt"/>
    <tag k="turn:lanes" v="left|through|through|through|"/>
  </way>
  <way id="319352699">
    <nd ref="28358895"/>
    <nd ref="9309566020"/>
    <nd ref="271167057"/>
    <nd ref="271166846"/>
    <nd ref="4156112945"/>
    <nd ref="271166785"/>
    <tag k="cycleway:right" v="no"/>
    <tag k="highway" v="secondary"/>
    <tag k="lanes" v="3"/>
    <tag k="name" v="North Wacker Drive"/>
    <tag k="name:etymology:wikidata" v="Q5078665"/>
    <tag k="oneway" v="yes"/>
    <tag k="sidewalk:left" v="no"/>
    <tag k="sidewalk:right" v="separate"/>
    <tag k="surface" v="concrete"/>
    <tag k="wikidata" v="Q7958800"/>
    <tag k="wikipedia" v="en:Wacker Drive"/>
  </way>
  <way id="319358161">
    <nd ref="28358891"/>
    <nd ref="9309566031"/>
    <nd ref="8633836874"/>
    <tag k="cycleway:right" v="no"/>
    <tag k="highway" v="secondary"/>
    <tag k="name" v="North Upper Wacker Drive"/>
    <tag k="name:etymology:wikidata" v="Q5078665"/>
    <tag k="oneway" v="yes"/>
    <tag k="sidewalk:left" v="no"/>
    <tag k="sidewalk:right" v="separate"/>
    <tag k="wikidata" v="Q7958800"/>
    <tag k="wikipedia" v="en:Wacker Drive"/>
  </way>
  <way id="319358162">
    <nd ref="28358944"/>
    <nd ref="6991230878"/>
    <nd ref="704972455"/>
    <nd ref="11682840287"/>
    <nd ref="28358943"/>
    <nd ref="704972458"/>
    <nd ref="12311202777"/>
    <nd ref="740363239"/>
    <tag k="alt_name" v="West Wacker Drive"/>
    <tag k="cycleway:right" v="no"/>
    <tag k="highway" v="secondary"/>
    <tag k="lanes" v="3"/>
    <tag k="name" v="West Upper Wacker Drive"/>
    <tag k="name:etymology:wikidata" v="Q5078665"/>
    <tag k="oneway" v="yes"/>
    <tag k="sidewalk:left" v="no"/>
    <tag k="sidewalk:right" v="separate"/>
    <tag k="surface" v="concrete"/>
    <tag k="wikidata" v="Q7958800"/>
    <tag k="wikipedia" v="en:Wacker Drive"/>
  </way>
  <way id="319358168">
    <nd ref="7015619034"/>
    <nd ref="7015619037"/>
    <nd ref="11978705914"/>
    <nd ref="4489793468"/>
    <nd ref="258020220"/>
    <tag k="bicycle" v="use_sidepath"/>
    <tag k="cycleway:right" v="separate"/>
    <tag k="hgv" v="designated"/>
    <tag k="highway" v="secondary"/>
    <tag k="lanes" v="2"/>
    <tag k="lit" v="yes"/>
    <tag k="loc_ref" v="150 N"/>
    <tag k="name" v="West Randolph Street"/>
    <tag k="name:etymology:wikidata" v="Q486499"/>
    <tag k="old_ref" v="US 20 Business"/>
    <tag k="oneway" v="yes"/>
    <tag k="source:hgv" v="https://gis-idot.opendata.arcgis.com/datasets/IDOT::designated-truck-routes-state-jurisdiction-truck-route/explore?location=40.542466%2C-88.991188%2C14.60;https://www.gettingaroundillinois.com/MapViewer/?config=DTRconfig.json"/>
    <tag k="wikidata" v="Q7291867"/>
    <tag k="wikipedia" v="en:Randolph Street"/>
  </way>
  <way id="319358170">
    <nd ref="704972447"/>
    <nd ref="12145520259"/>
    <nd ref="28358886"/>
    <nd ref="704972448"/>
    <nd ref="740363252"/>
    <nd ref="28358888"/>
    <tag k="alt_name" v="West Wacker Drive"/>
    <tag k="cycleway:right" v="no"/>
    <tag k="highway" v="secondary"/>
    <tag k="lanes" v="4"/>
    <tag k="name" v="West Upper Wacker Drive"/>
    <tag k="name:etymology:wikidata" v="Q5078665"/>
    <tag k="oneway" v="yes"/>
    <tag k="sidewalk:left" v="no"/>
    <tag k="sidewalk:right" v="separate"/>
    <tag k="surface" v="concrete"/>
    <tag k="turn:lanes" v="left|through|through|right"/>
    <tag k="wikidata" v="Q7958800"/>
    <tag k="wikipedia" v="en:Wacker Drive"/>
  </way>
  <way id="319358171">
    <nd ref="8821573637"/>
    <nd ref="287252205"/>
    <tag k="bridge" v="yes"/>
    <tag k="highway" v="secondary"/>
    <tag k="layer" v="1"/>
    <tag k="loc_ref" v="400 S"/>
    <tag k="name" v="West Van Buren Street"/>
    <tag k="name:etymology:wikidata" v="Q11820"/>
    <tag k="oneway" v="no"/>
    <tag k="sidewalk" v="separate"/>
    <tag k="surface" v="concrete"/>
    <tag k="wikidata" v="Q115806095"/>
    <tag k="wikipedia" v="en:Van Buren Street"/>
  </way>
  <way id="325666719">
    <nd ref="256590712"/>
    <nd ref="7512746536"/>
    <nd ref="13505219518"/>
    <nd ref="13505219510"/>
    <nd ref="262174063"/>
    <tag k="cycleway:both" v="lane"/>
    <tag k="cycleway:both:buffer" v="no"/>
    <tag k="highway" v="tertiary"/>
    <tag k="lanes" v="2"/>
    <tag k="name" v="South Morgan Street"/>
    <tag k="surface" v="asphalt"/>
  </way>
  <way id="333579519">
    <nd ref="271166509"/>
    <nd ref="3407080691"/>
    <nd ref="3407080692"/>
    <nd ref="3407083193"/>
    <nd ref="3407083194"/>
    <nd ref="3407083195"/>
    <nd ref="3407083197"/>
    <nd ref="3407083198"/>
    <nd ref="3407083196"/>
    <tag k="cycleway:right" v="no"/>
    <tag k="highway" v="secondary_link"/>
    <tag k="lane_markings" v="no"/>
    <tag k="oneway" v="yes"/>
    <tag k="surface" v="concrete"/>
  </way>
  <way id="337681339">
    <nd ref="5813229877"/>
    <nd ref="2052085896"/>
    <nd ref="3447462794"/>
    <nd ref="2052085918"/>
    <nd ref="271155582"/>
    <nd ref="6990621999"/>
    <nd ref="3447462591"/>
    <tag k="destination" v="Franklin Street"/>
    <tag k="highway" v="motorway_link"/>
    <tag k="lanes" v="1"/>
    <tag k="oneway" v="yes"/>
  </way>
  <way id="337681340">
    <nd ref="4322796838"/>
    <nd ref="4497342604"/>
    <nd ref="740368769"/>
    <nd ref="3188221445"/>
    <nd ref="3447462592"/>
    <nd ref="6990621998"/>
    <nd ref="3447462591"/>
    <tag k="highway" v="secondary"/>
    <tag k="lanes" v="2"/>
    <tag k="loc_ref" v="300 W"/>
    <tag k="name" v="South Franklin Street"/>
    <tag k="name:etymology:wikidata" v="Q34969"/>
    <tag k="name:etymology:wikipedia" v="en:Benjamin Franklin"/>
    <tag k="oneway" v="yes"/>
    <tag k="sidewalk:left" v="no"/>
    <tag k="sidewalk:right" v="separate"/>
  </way>
  <way id="337681342">
    <nd ref="271155321"/>
    <nd ref="11874814617"/>
    <nd ref="258021866"/>
    <nd ref="6987914940"/>
    <nd ref="740363211"/>
    <nd ref="4322801160"/>
    <tag k="cycleway:right" v="no"/>
    <tag k="foot" v="no"/>
    <tag k="highway" v="secondary"/>
    <tag k="lanes" v="1"/>
    <tag k="name" v="South Wacker Drive"/>
    <tag k="oneway" v="yes"/>
    <tag k="sidewalk" v="no"/>
  </way>
  <way id="337681343">
    <nd ref="3188221427"/>
    <nd ref="619040184"/>
    <nd ref="740363218"/>
    <nd ref="11780468238"/>
    <nd ref="271158487"/>
    <tag k="bicycle" v="no"/>
    <tag k="highway" v="trunk"/>
    <tag k="lanes" v="2"/>
    <tag k="maxspeed" v="20 mph"/>
    <tag k="name" v="South Lower Wacker Drive"/>
    <tag k="name:etymology:wikidata" v="Q5078665"/>
    <tag k="oneway" v="yes"/>
    <tag k="wikidata" v="Q7958800"/>
    <tag k="wikipedia" v="en:Wacker Drive"/>
  </way>
  <way id="372671685">
    <nd ref="428888035"/>
    <nd ref="4226924631"/>
    <nd ref="5870928488"/>
    <nd ref="8911055595"/>
    <tag k="highway" v="secondary"/>
    <tag k="lanes" v="3"/>
    <tag k="name" v="South Canal Street"/>
    <tag k="name:etymology:wikidata" v="Q952760"/>
    <tag k="name:etymology:wikipedia" v="en:Illinois and Michigan Canal"/>
    <tag k="oneway" v="yes"/>
    <tag k="sidewalk:both" v="separate"/>
    <tag k="surface" v="asphalt"/>
  </way>
  <way id="372671696">
    <nd ref="7015619031"/>
    <nd ref="7335736853"/>
    <nd ref="12026971564"/>
    <tag k="bus" v="designated"/>
    <tag k="highway" v="secondary"/>
    <tag k="lane_markings" v="no"/>
    <tag k="name" v="North Canal Street"/>
    <tag k="name:etymology:wikidata" v="Q952760"/>
    <tag k="name:etymology:wikipedia" v="en:Illinois and Michigan Canal"/>
    <tag k="oneway" v="yes"/>
    <tag k="surface" v="concrete"/>
  </way>
  <way id="373847548">
    <nd ref="704964541"/>
    <nd ref="9309565687"/>
    <nd ref="258020660"/>
    <tag k="hgv" v="designated"/>
    <tag k="highway" v="secondary"/>
    <tag k="lanes" v="2"/>
    <tag k="name" v="West Washington Street"/>
    <tag k="name:etymology:wikidata" v="Q23"/>
    <tag k="old_ref" v="US 20 Business"/>
    <tag k="oneway" v="yes"/>
    <tag k="parking" v="no"/>
    <tag k="source:hgv" v="https://gis-idot.opendata.arcgis.com/datasets/IDOT::designated-truck-routes-state-jurisdiction-truck-route/explore?location=40.542466%2C-88.991188%2C14.60;https://www.gettingaroundillinois.com/MapViewer/?config=DTRconfig.json"/>
    <tag k="surface" v="asphalt"/>
    <tag k="turn:lanes" v="left|through|through|through|"/>
  </way>
  <way id="373847549">
    <nd ref="28358947"/>
    <nd ref="4227056695"/>
    <nd ref="10922694068"/>
    <nd ref="5943489465"/>
    <nd ref="9733272270"/>
    <nd ref="258021250"/>
    <tag k="bicycle" v="use_sidepath"/>
    <tag k="cycleway:right" v="separate"/>
    <tag k="highway" v="secondary"/>
    <tag k="lanes" v="3"/>
    <tag k="lanes:bus" v="1"/>
    <tag k="loc_ref" v="100 N"/>
    <tag k="name" v="West Washington Street"/>
    <tag k="name:etymology:wikidata" v="Q23"/>
    <tag k="oneway" v="yes"/>
    <tag k="parking" v="no"/>
    <tag k="sidewalk:both" v="separate"/>
    <tag k="surface" v="asphalt"/>
    <tag k="turn:lanes" v="left;through|through|"/>
  </way>
  <way id="373849342">
    <nd ref="258021249"/>
    <nd ref="11060811049"/>
    <tag k="cycleway:right" v="lane"/>
    <tag k="cycleway:right:buffer" v="yes"/>
    <tag k="highway" v="secondary"/>
    <tag k="lanes" v="3"/>
    <tag k="loc_ref" v="300 W"/>
    <tag k="name" v="North Franklin Street"/>
    <tag k="oneway" v="yes"/>
    <tag k="sidewalk:both" v="separate"/>
    <tag k="surface" v="asphalt"/>
    <tag k="turn:lanes" v="through|through|through;right"/>
  </way>
  <way id="373849343">
    <nd ref="28358944"/>
    <nd ref="9733272344"/>
    <nd ref="10929181289"/>
    <nd ref="4406235634"/>
    <nd ref="9913426054"/>
    <nd ref="258021252"/>
    <tag k="highway" v="secondary"/>
    <tag k="lanes" v="2"/>
    <tag k="loc_ref" v="200 N"/>
    <tag k="name" v="West Lake Street"/>
    <tag k="name:etymology:wikidata" v="Q1169"/>
    <tag k="oneway" v="yes"/>
    <tag k="sidewalk" v="separate"/>
    <tag k="wikidata" v="Q3216465"/>
    <tag k="wikipedia" v="en:Lake Street (Chicago)"/>
  </way>
  <way id="373849347">
    <nd ref="271167576"/>
    <nd ref="28358891"/>
    <tag k="bicycle" v="use_sidepath"/>
    <tag k="cycleway:right" v="separate"/>
    <tag k="highway" v="secondary"/>
    <tag k="lit" v="yes"/>
    <tag k="loc_ref" v="150 N"/>
    <tag k="name" v="West Randolph Street"/>
    <tag k="name:etymology:wikidata" v="Q486499"/>
    <tag k="oneway" v="yes"/>
    <tag k="sidewalk" v="separate"/>
    <tag k="wikidata" v="Q7291867"/>
    <tag k="wikipedia" v="en:Randolph Street"/>
  </way>
  <way id="373849352">
    <nd ref="2596090375"/>
    <nd ref="704972469"/>
    <nd ref="8633836881"/>
    <nd ref="704973275"/>
    <nd ref="740363400"/>
    <nd ref="619038682"/>
    <tag k="covered" v="yes"/>
    <tag k="cycleway" v="no"/>
    <tag k="highway" v="trunk"/>
    <tag k="lanes" v="2"/>
    <tag k="layer" v="-1"/>
    <tag k="lit" v="24/7"/>
    <tag k="name" v="West Lower Wacker Drive"/>
    <tag k="name:etymology:wikidata" v="Q5078665"/>
    <tag k="oneway" v="yes"/>
    <tag k="shoulder" v="no"/>
    <tag k="sidewalk" v="no"/>
    <tag k="surface" v="concrete"/>
    <tag k="tunnel" v="covered"/>
    <tag k="wikidata" v="Q7958800"/>
    <tag k="wikipedia" v="en:Wacker Drive"/>
  </way>
  <way id="373849357">
    <nd ref="258021252"/>
    <nd ref="10922694057"/>
    <nd ref="9913426052"/>
    <nd ref="270611554"/>
    <tag k="highway" v="secondary"/>
    <tag k="loc_ref" v="200 N"/>
    <tag k="name" v="West Lake Street"/>
    <tag k="name:etymology:wikidata" v="Q1169"/>
    <tag k="oneway" v="yes"/>
    <tag k="sidewalk" v="separate"/>
    <tag k="wikidata" v="Q3216465"/>
    <tag k="wikipedia" v="en:Lake Street (Chicago)"/>
  </way>
  <way id="373852568">
    <nd ref="271164958"/>
    <nd ref="704973993"/>
    <tag k="covered" v="yes"/>
    <tag k="cycleway" v="no"/>
    <tag k="highway" v="trunk"/>
    <tag k="lanes" v="2"/>
    <tag k="layer" v="-1"/>
    <tag k="lit" v="24/7"/>
    <tag k="maxspeed" v="30 mph"/>
    <tag k="name" v="South Lower Wacker Drive"/>
    <tag k="name:etymology:wikidata" v="Q5078665"/>
    <tag k="oneway" v="yes"/>
    <tag k="shoulder" v="no"/>
    <tag k="sidewalk" v="no"/>
    <tag k="surface" v="concrete"/>
    <tag k="tunnel" v="covered"/>
    <tag k="wikidata" v="Q7958800"/>
    <tag k="wikipedia" v="en:Wacker Drive"/>
  </way>
  <way id="373852569">
    <nd ref="3921106500"/>
    <nd ref="9309566016"/>
    <nd ref="10248340698"/>
    <tag k="cycleway:right" v="no"/>
    <tag k="highway" v="secondary"/>
    <tag k="lanes" v="3"/>
    <tag k="name" v="South Wacker Drive"/>
    <tag k="name:etymology:wikidata" v="Q5078665"/>
    <tag k="oneway" v="yes"/>
    <tag k="sidewalk:left" v="no"/>
    <tag k="sidewalk:right" v="separate"/>
    <tag k="surface" v="concrete"/>
    <tag k="wikidata" v="Q7958800"/>
    <tag k="wikipedia" v="en:Wacker Drive"/>
  </way>
  <way id="373852570">
    <nd ref="271164947"/>
    <nd ref="271162254"/>
    <nd ref="271164975"/>
    <tag k="covered" v="yes"/>
    <tag k="cycleway" v="no"/>
    <tag k="highway" v="trunk"/>
    <tag k="lanes" v="2"/>
    <tag k="layer" v="-1"/>
    <tag k="lit" v="24/7"/>
    <tag k="maxspeed" v="30 mph"/>
    <tag k="name" v="South Lower Wacker Drive"/>
    <tag k="name:etymology:wikidata" v="Q5078665"/>
    <tag k="oneway" v="yes"/>
    <tag k="shoulder" v="no"/>
    <tag k="sidewalk" v="no"/>
    <tag k="surface" v="concrete"/>
    <tag k="tunnel" v="covered"/>
    <tag k="wikidata" v="Q7958800"/>
    <tag k="wikipedia" v="en:Wacker Drive"/>
  </way>
  <way id="373852571">
    <nd ref="929515143"/>
    <nd ref="6988114369"/>
    <nd ref="4227056455"/>
    <nd ref="27440253"/>
    <tag k="highway" v="secondary"/>
    <tag k="lanes" v="3"/>
    <tag k="loc_ref" v="300 S"/>
    <tag k="name" v="West Jackson Boulevard"/>
    <tag k="name:etymology:wikidata" v="Q11817"/>
    <tag k="old_ref" v="US 66"/>
    <tag k="oneway" v="yes"/>
    <tag k="ref" v="US 66 Hist"/>
    <tag k="sidewalk:both" v="separate"/>
    <tag k="surface" v="concrete"/>
    <tag k="turn:lanes" v="none|none|right"/>
    <tag k="wikidata" v="Q96942479"/>
    <tag k="wikipedia" v="en:Jackson Boulevard"/>
  </way>
  <way id="373852572">
    <nd ref="3921106500"/>
    <nd ref="4227056460"/>
    <nd ref="6988114283"/>
    <nd ref="2393957355"/>
    <tag k="cycleway:right" v="no"/>
    <tag k="highway" v="secondary"/>
    <tag k="lanes" v="3"/>
    <tag k="loc_ref" v="200 S"/>
    <tag k="name" v="West Adams Street"/>
    <tag k="old_ref" v="US 66"/>
    <tag k="oneway" v="yes"/>
    <tag k="ref" v="US 66 Hist"/>
    <tag k="sidewalk:both" v="separate"/>
    <tag k="surface" v="concrete"/>
  </way>
  <way id="373852573">
    <nd ref="271162345"/>
    <nd ref="4156112958"/>
    <nd ref="271164797"/>
    <nd ref="4156112951"/>
    <nd ref="28358950"/>
    <tag k="cycleway:right" v="no"/>
    <tag k="highway" v="secondary"/>
    <tag k="lanes" v="3"/>
    <tag k="name" v="South Wacker Drive"/>
    <tag k="name:etymology:wikidata" v="Q5078665"/>
    <tag k="oneway" v="yes"/>
    <tag k="sidewalk:left" v="no"/>
    <tag k="sidewalk:right" v="separate"/>
    <tag k="surface" v="concrete"/>
    <tag k="wikidata" v="Q7958800"/>
    <tag k="wikipedia" v="en:Wacker Drive"/>
  </way>
  <way id="373852574">
    <nd ref="27440228"/>
    <nd ref="4226924640"/>
    <nd ref="740363388"/>
    <nd ref="740363389"/>
    <nd ref="271166201"/>
    <nd ref="6483255120"/>
    <nd ref="27440211"/>
    <tag k="bicycle" v="designated"/>
    <tag k="highway" v="secondary"/>
    <tag k="lanes" v="3"/>
    <tag k="loc_ref" v="300 S"/>
    <tag k="name" v="South Wacker Drive"/>
    <tag k="name:etymology:wikidata" v="Q5078665"/>
    <tag k="oneway" v="yes"/>
    <tag k="sidewalk:left" v="no"/>
    <tag k="sidewalk:right" v="separate"/>
    <tag k="wikidata" v="Q7958800"/>
    <tag k="wikipedia" v="en:Wacker Drive"/>
  </way>
  <way id="381270970">
    <nd ref="428888035"/>
    <nd ref="428892679"/>
    <tag k="highway" v="secondary"/>
    <tag k="loc_ref" v="400 S"/>
    <tag k="name" v="West Van Buren Street"/>
    <tag k="name:etymology:wikidata" v="Q11820"/>
    <tag k="oneway" v="no"/>
    <tag k="sidewalk" v="separate"/>
    <tag k="surface" v="asphalt"/>
    <tag k="wikidata" v="Q115806095"/>
    <tag k="wikipedia" v="en:Van Buren Street"/>
  </way>
  <way id="381270971">
    <nd ref="11838361573"/>
    <nd ref="5869386541"/>
    <nd ref="6988089358"/>
    <tag k="bridge" v="yes"/>
    <tag k="highway" v="secondary"/>
    <tag k="lanes" v="2"/>
    <tag k="layer" v="1"/>
    <tag k="loc_ref" v="400 S"/>
    <tag k="maxweight:signed" v="no"/>
    <tag k="name" v="West Van Buren Street"/>
    <tag k="name:etymology:wikidata" v="Q11820"/>
    <tag k="oneway" v="yes"/>
    <tag k="sidewalk" v="separate"/>
  </way>
  <way id="385889740">
    <nd ref="258020679"/>
    <nd ref="4227056477"/>
    <nd ref="2394641727"/>
    <nd ref="5936428345"/>
    <tag k="highway" v="secondary"/>
    <tag k="lanes" v="3"/>
    <tag k="loc_ref" v="0 N/S"/>
    <tag k="name" v="West Madison Street"/>
    <tag k="name:etymology:wikidata" v="Q11813"/>
    <tag k="oneway" v="yes"/>
    <tag k="surface" v="asphalt"/>
    <tag k="wikidata" v="Q3276131"/>
    <tag k="wikipedia" v="en:Madison Street (Chicago)"/>
  </way>
  <way id="421853945">
    <nd ref="1308165681"/>
    <nd ref="11174929153"/>
    <nd ref="1645164023"/>
    <nd ref="1645164034"/>
    <nd ref="4336249439"/>
    <tag k="cycleway:left" v="no"/>
    <tag k="cycleway:right" v="track"/>
    <tag k="highway" v="secondary"/>
    <tag k="lanes" v="2"/>
    <tag k="loc_ref" v="800 W"/>
    <tag k="name" v="South Halsted Street"/>
    <tag k="name:etymology:wikidata" v="Q119522049"/>
    <tag k="name:zh" v="豪斯特路"/>
    <tag k="oneway" v="yes"/>
    <tag k="sidewalk:left" v="no"/>
    <tag k="sidewalk:right" v="separate"/>
    <tag k="surface" v="asphalt"/>
    <tag k="wikidata" v="Q5643579"/>
    <tag k="wikipedia" v="en:Halsted Street"/>
  </way>
  <way id="421853946">
    <nd ref="13735345598"/>
    <nd ref="1308165703"/>
    <nd ref="13735345597"/>
    <tag k="bicycle" v="use_sidepath"/>
    <tag k="cycleway:left" v="no"/>
    <tag k="cycleway:right" v="separate"/>
    <tag k="highway" v="secondary"/>
    <tag k="lanes" v="2"/>
    <tag k="loc_ref" v="800 W"/>
    <tag k="name" v="South Halsted Street"/>
    <tag k="name:etymology:wikidata" v="Q119522049"/>
    <tag k="name:zh" v="豪斯特路"/>
    <tag k="oneway" v="yes"/>
    <tag k="sidewalk:left" v="no"/>
    <tag k="sidewalk:right" v="separate"/>
    <tag k="surface" v="asphalt"/>
    <tag k="wikidata" v="Q5643579"/>
    <tag k="wikipedia" v="en:Halsted Street"/>
  </way>
  <way id="421853947">
    <nd ref="1619646530"/>
    <nd ref="1619646529"/>
    <tag k="highway" v="residential"/>
    <tag k="name" v="West Polk Street"/>
    <tag k="oneway" v="yes"/>
  </way>
  <way id="433246692">
    <nd ref="9862366046"/>
    <nd ref="9862366051"/>
    <tag k="cycleway:right" v="track"/>
    <tag k="highway" v="secondary"/>
    <tag k="lanes" v="1"/>
    <tag k="lit" v="yes"/>
    <tag k="loc_ref" v="600 S"/>
    <tag k="maxspeed" v="20 mph"/>
    <tag k="name" v="West Harrison Street"/>
    <tag k="name:etymology:wikidata" v="Q11869"/>
    <tag k="oneway" v="yes"/>
    <tag k="sidewalk:right" v="separate"/>
    <tag k="surface" v="asphalt"/>
    <tag k="uic_shuttle_route" v="yes"/>
    <tag k="wikidata" v="Q95486142"/>
  </way>
  <way id="433246693">
    <nd ref="5870569490"/>
    <nd ref="9923869329"/>
    <tag k="cycleway:right" v="track"/>
    <tag k="highway" v="secondary"/>
    <tag k="lanes" v="2"/>
    <tag k="lit" v="yes"/>
    <tag k="loc_ref" v="600 S"/>
    <tag k="maxspeed" v="20 mph"/>
    <tag k="name" v="West Harrison Street"/>
    <tag k="name:etymology:wikidata" v="Q11869"/>
    <tag k="oneway" v="yes"/>
    <tag k="sidewalk:right" v="separate"/>
    <tag k="surface" v="asphalt"/>
    <tag k="uic_shuttle_route" v="yes"/>
    <tag k="wikidata" v="Q95486142"/>
  </way>
  <way id="433263680">
    <nd ref="4321073804"/>
    <nd ref="7512371111"/>
    <nd ref="1324316155"/>
    <tag k="bicycle" v="designated"/>
    <tag k="highway" v="tertiary"/>
    <tag k="lanes" v="4"/>
    <tag k="loc_ref" v="1200 W"/>
    <tag k="name" v="South Racine Avenue"/>
    <tag k="name:etymology:wikidata" v="Q40340"/>
    <tag k="old_name" v="Center Avenue"/>
    <tag k="oneway" v="yes"/>
    <tag k="turn:lanes" v="left|||"/>
    <tag k="wikidata" v="Q118964088"/>
    <tag k="wikipedia" v="en:Racine Avenue"/>
  </way>
  <way id="433263681">
    <nd ref="258889845"/>
    <nd ref="2495350216"/>
    <nd ref="2495350130"/>
    <nd ref="13761791998"/>
    <nd ref="2495350171"/>
    <nd ref="10825635027"/>
    <nd ref="2495350212"/>
    <nd ref="2495350189"/>
    <nd ref="11234791644"/>
    <nd ref="1884778061"/>
    <nd ref="9251471239"/>
    <nd ref="9251471340"/>
    <nd ref="9251471237"/>
    <nd ref="12013174140"/>
    <nd ref="1639966978"/>
    <nd ref="736017197"/>
    <nd ref="1639966982"/>
    <nd ref="11082887590"/>
    <nd ref="258890343"/>
    <nd ref="4321073805"/>
    <tag k="cycleway:both" v="no"/>
    <tag k="highway" v="tertiary"/>
    <tag k="name" v="West Congress Parkway"/>
    <tag k="oneway" v="yes"/>
    <tag k="surface" v="asphalt"/>
  </way>
  <way id="433263682">
    <nd ref="4321073805"/>
    <nd ref="7512371116"/>
    <nd ref="2051982657"/>
    <tag k="highway" v="tertiary"/>
    <tag k="lanes" v="4"/>
    <tag k="name" v="West Congress Parkway"/>
    <tag k="oneway" v="yes"/>
    <tag k="turn:lanes" v="left|left;through||right"/>
  </way>
  <way id="433270398">
    <nd ref="4321127305"/>
    <nd ref="7520833675"/>
    <nd ref="258955476"/>
    <tag k="highway" v="tertiary"/>
    <tag k="lanes:forward" v="3"/>
    <tag k="name" v="North Morgan Street"/>
    <tag k="sidewalk:both" v="separate"/>
    <tag k="turn:lanes:forward" v="left||"/>
  </way>
  <way id="433270399">
    <nd ref="4321127297"/>
    <nd ref="7512746537"/>
    <nd ref="256590712"/>
    <tag k="highway" v="tertiary"/>
    <tag k="lanes:forward" v="3"/>
    <tag k="name" v="South Morgan Street"/>
    <tag k="turn:lanes:forward" v="left||"/>
  </way>
  <way id="433270400">
    <nd ref="4321127301"/>
    <nd ref="4398062922"/>
    <nd ref="7515614292"/>
    <nd ref="258955478"/>
    <tag k="highway" v="tertiary"/>
    <tag k="name" v="South Morgan Street"/>
    <tag k="sidewalk:both" v="separate"/>
    <tag k="surface" v="asphalt"/>
  </way>
  <way id="433270401">
    <nd ref="4321127299"/>
    <nd ref="7512746559"/>
    <nd ref="11822483357"/>
    <nd ref="256613312"/>
    <tag k="highway" v="tertiary"/>
    <tag k="lanes:forward" v="3"/>
    <tag k="name" v="South Morgan Street"/>
    <tag k="sidewalk:both" v="separate"/>
    <tag k="turn:lanes:forward" v="left||"/>
  </way>
  <way id="433270402">
    <nd ref="258955478"/>
    <nd ref="7515614291"/>
    <nd ref="4321127300"/>
    <tag k="highway" v="tertiary"/>
    <tag k="lanes:backward" v="3"/>
    <tag k="name" v="South Morgan Street"/>
    <tag k="sidewalk:both" v="separate"/>
    <tag k="surface" v="asphalt"/>
    <tag k="turn:lanes:backward" v="left||"/>
  </way>
  <way id="433270403">
    <nd ref="256613312"/>
    <nd ref="7512746558"/>
    <nd ref="8293837902"/>
    <nd ref="12784224661"/>
    <nd ref="4321127297"/>
    <tag k="highway" v="tertiary"/>
    <tag k="name" v="South Morgan Street"/>
    <tag k="sidewalk:both" v="separate"/>
  </way>
  <way id="433270404">
    <nd ref="4321127302"/>
    <nd ref="7515614316"/>
    <nd ref="258955477"/>
    <tag k="highway" v="tertiary"/>
    <tag k="lanes:forward" v="3"/>
    <tag k="name" v="South Morgan Street"/>
    <tag k="sidewalk:both" v="separate"/>
    <tag k="turn:lanes:forward" v="left||"/>
  </way>
  <way id="433270405">
    <nd ref="258955477"/>
    <nd ref="7515614315"/>
    <nd ref="4321127301"/>
    <tag k="highway" v="tertiary"/>
    <tag k="lanes:backward" v="3"/>
    <tag k="name" v="South Morgan Street"/>
    <tag k="turn:lanes:backward" v="left||"/>
  </way>
  <way id="433270406">
    <nd ref="4321127300"/>
    <nd ref="261141535"/>
    <nd ref="12051514207"/>
    <nd ref="4321127299"/>
    <tag k="highway" v="tertiary"/>
    <tag k="name" v="South Morgan Street"/>
    <tag k="sidewalk:both" v="separate"/>
    <tag k="surface" v="asphalt"/>
  </way>
  <way id="433270407">
    <nd ref="4321127295"/>
    <nd ref="1640004506"/>
    <tag k="bicycle" v="designated"/>
    <tag k="bridge" v="yes"/>
    <tag k="highway" v="tertiary"/>
    <tag k="lanes" v="3"/>
    <tag k="layer" v="1"/>
    <tag k="loc_ref" v="1200 W"/>
    <tag k="name" v="South Racine Avenue"/>
    <tag k="name:etymology:wikidata" v="Q40340"/>
    <tag k="old_name" v="Center Avenue"/>
    <tag k="oneway" v="yes"/>
    <tag k="turn:lanes" v="left||"/>
    <tag k="wikidata" v="Q118964088"/>
    <tag k="wikipedia" v="en:Racine Avenue"/>
  </way>
  <way id="433270408">
    <nd ref="1676390756"/>
    <nd ref="4321127296"/>
    <tag k="bicycle" v="designated"/>
    <tag k="highway" v="tertiary"/>
    <tag k="lanes" v="2"/>
    <tag k="loc_ref" v="1200 W"/>
    <tag k="name" v="South Racine Avenue"/>
    <tag k="name:etymology:wikidata" v="Q40340"/>
    <tag k="old_name" v="Center Avenue"/>
    <tag k="oneway" v="yes"/>
    <tag k="wikidata" v="Q118964088"/>
    <tag k="wikipedia" v="en:Racine Avenue"/>
  </way>
  <way id="433270409">
    <nd ref="2051982639"/>
    <nd ref="9251456215"/>
    <nd ref="1640004504"/>
    <tag k="bicycle" v="designated"/>
    <tag k="highway" v="tertiary"/>
    <tag k="lanes" v="2"/>
    <tag k="loc_ref" v="1200 W"/>
    <tag k="name" v="South Racine Avenue"/>
    <tag k="name:etymology:wikidata" v="Q40340"/>
    <tag k="old_name" v="Center Avenue"/>
    <tag k="oneway" v="yes"/>
    <tag k="wikidata" v="Q118964088"/>
    <tag k="wikipedia" v="en:Racine Avenue"/>
  </way>
  <way id="433270410">
    <nd ref="1640004512"/>
    <nd ref="9251456214"/>
    <nd ref="256591099"/>
    <tag k="bicycle" v="designated"/>
    <tag k="highway" v="tertiary"/>
    <tag k="lanes" v="4"/>
    <tag k="loc_ref" v="1200 W"/>
    <tag k="name" v="South Racine Avenue"/>
    <tag k="name:etymology:wikidata" v="Q40340"/>
    <tag k="old_name" v="Center Avenue"/>
    <tag k="oneway" v="yes"/>
    <tag k="turn:lanes" v="left|left|through|through;right"/>
    <tag k="wikidata" v="Q118964088"/>
    <tag k="wikipedia" v="en:Racine Avenue"/>
  </way>
  <way id="433270411">
    <nd ref="4321127298"/>
    <nd ref="8293837900"/>
    <nd ref="7512746560"/>
    <nd ref="256613312"/>
    <tag k="cycleway:left" v="separate"/>
    <tag k="highway" v="tertiary"/>
    <tag k="lanes" v="3"/>
    <tag k="loc_ref" v="300 S"/>
    <tag k="name" v="West Jackson Boulevard"/>
    <tag k="name:etymology:wikidata" v="Q11817"/>
    <tag k="old_ref" v="US 66"/>
    <tag k="oneway" v="yes"/>
    <tag k="ref" v="US 66 Hist"/>
    <tag k="sidewalk:both" v="separate"/>
    <tag k="turn:lanes" v="left|through|"/>
    <tag k="wikidata" v="Q96942479"/>
    <tag k="wikipedia" v="en:Jackson Boulevard"/>
  </way>
  <way id="433270412">
    <nd ref="256613312"/>
    <nd ref="7512746557"/>
    <nd ref="10584562115"/>
    <nd ref="7512746511"/>
    <nd ref="256613314"/>
    <nd ref="7512746509"/>
    <nd ref="12349130698"/>
    <nd ref="1619741121"/>
    <nd ref="8690749051"/>
    <nd ref="1887757249"/>
    <nd ref="256613316"/>
    <nd ref="7512746325"/>
    <nd ref="1619741123"/>
    <nd ref="7512724781"/>
    <nd ref="256613318"/>
    <nd ref="7512724779"/>
    <nd ref="5492751859"/>
    <nd ref="4827622741"/>
    <tag k="cycleway:left" v="separate"/>
    <tag k="highway" v="tertiary"/>
    <tag k="lanes" v="2"/>
    <tag k="loc_ref" v="300 S"/>
    <tag k="name" v="West Jackson Boulevard"/>
    <tag k="name:etymology:wikidata" v="Q11817"/>
    <tag k="old_ref" v="US 66"/>
    <tag k="oneway" v="yes"/>
    <tag k="ref" v="US 66 Hist"/>
    <tag k="sidewalk:both" v="separate"/>
    <tag k="surface" v="asphalt"/>
    <tag k="wikidata" v="Q96942479"/>
    <tag k="wikipedia" v="en:Jackson Boulevard"/>
  </way>
  <way id="433777234">
    <nd ref="4322736145"/>
    <nd ref="4063814426"/>
    <nd ref="7515614570"/>
    <nd ref="410791896"/>
    <tag k="highway" v="secondary"/>
    <tag k="lanes" v="5"/>
    <tag k="lanes:backward" v="2"/>
    <tag k="lanes:forward" v="3"/>
    <tag k="loc_ref" v="800 W"/>
    <tag k="name" v="North Halsted Street"/>
    <tag k="name:etymology:wikidata" v="Q119522049"/>
    <tag k="name:zh" v="豪斯特路"/>
    <tag k="sidewalk:both" v="separate"/>
    <tag k="surface" v="asphalt"/>
    <tag k="turn:lanes:forward" v="left||"/>
    <tag k="wikidata" v="Q5643579"/>
    <tag k="wikipedia" v="en:Halsted Street"/>
  </way>
  <way id="433777235">
    <nd ref="4063814428"/>
    <nd ref="288070375"/>
    <nd ref="5881541660"/>
    <nd ref="4322736145"/>
    <tag k="highway" v="secondary"/>
    <tag k="loc_ref" v="800 W"/>
    <tag k="name" v="North Halsted Street"/>
    <tag k="name:etymology:wikidata" v="Q119522049"/>
    <tag k="name:zh" v="豪斯特路"/>
    <tag k="sidewalk:both" v="separate"/>
    <tag k="surface" v="asphalt"/>
    <tag k="wikidata" v="Q5643579"/>
    <tag k="wikipedia" v="en:Halsted Street"/>
  </way>
  <way id="433777236">
    <nd ref="35313343"/>
    <nd ref="7515614412"/>
    <nd ref="5881541658"/>
    <nd ref="4322736141"/>
    <tag k="highway" v="secondary"/>
    <tag k="lanes" v="5"/>
    <tag k="lanes:backward" v="3"/>
    <tag k="lanes:forward" v="2"/>
    <tag k="loc_ref" v="800 W"/>
    <tag k="name" v="South Halsted Street"/>
    <tag k="name:etymology:wikidata" v="Q119522049"/>
    <tag k="name:zh" v="豪斯特路"/>
    <tag k="sidewalk:both" v="separate"/>
    <tag k="surface" v="asphalt"/>
    <tag k="turn:lanes:backward" v="left||"/>
    <tag k="wikidata" v="Q5643579"/>
    <tag k="wikipedia" v="en:Halsted Street"/>
  </way>
  <way id="433777237">
    <nd ref="258032862"/>
    <nd ref="7512746385"/>
    <nd ref="5881541657"/>
    <nd ref="4322736140"/>
    <tag k="cycleway" v="shared_lane"/>
    <tag k="highway" v="secondary"/>
    <tag k="lanes" v="3"/>
    <tag k="lanes:backward" v="2"/>
    <tag k="lanes:forward" v="1"/>
    <tag k="loc_ref" v="800 W"/>
    <tag k="name" v="South Halsted Street"/>
    <tag k="name:etymology:wikidata" v="Q119522049"/>
    <tag k="name:zh" v="豪斯特路"/>
    <tag k="surface" v="asphalt"/>
    <tag k="turn:lanes:backward" v="left|"/>
    <tag k="wikidata" v="Q5643579"/>
    <tag k="wikipedia" v="en:Halsted Street"/>
  </way>
  <way id="433777238">
    <nd ref="4322736141"/>
    <nd ref="5640320336"/>
    <tag k="highway" v="secondary"/>
    <tag k="loc_ref" v="800 W"/>
    <tag k="name" v="South Halsted Street"/>
    <tag k="name:etymology:wikidata" v="Q119522049"/>
    <tag k="name:zh" v="豪斯特路"/>
    <tag k="surface" v="asphalt"/>
    <tag k="wikidata" v="Q5643579"/>
    <tag k="wikipedia" v="en:Halsted Street"/>
  </way>
  <way id="433777239">
    <nd ref="288070450"/>
    <nd ref="7515614432"/>
    <nd ref="4322736142"/>
    <tag k="highway" v="secondary"/>
    <tag k="lanes" v="4"/>
    <tag k="lanes:backward" v="3"/>
    <tag k="lanes:forward" v="1"/>
    <tag k="loc_ref" v="0 N/S"/>
    <tag k="name" v="West Madison Street"/>
    <tag k="name:etymology:wikidata" v="Q11813"/>
    <tag k="sidewalk:both" v="separate"/>
    <tag k="turn:lanes:backward" v="left||"/>
    <tag k="wikidata" v="Q3276131"/>
    <tag k="wikipedia" v="en:Madison Street (Chicago)"/>
  </way>
  <way id="433777240">
    <nd ref="287257360"/>
    <nd ref="265649293"/>
    <tag k="bridge" v="yes"/>
    <tag k="highway" v="secondary"/>
    <tag k="lanes" v="4"/>
    <tag k="lanes:backward" v="3"/>
    <tag k="lanes:forward" v="1"/>
    <tag k="layer" v="1"/>
    <tag k="loc_ref" v="0 N/S"/>
    <tag k="name" v="West Madison Street"/>
    <tag k="name:etymology:wikidata" v="Q11813"/>
    <tag k="sidewalk:both" v="separate"/>
    <tag k="turn:lanes:backward" v="left|through|"/>
    <tag k="wikidata" v="Q3276131"/>
    <tag k="wikipedia" v="en:Madison Street (Chicago)"/>
  </way>
  <way id="433777241">
    <nd ref="4322736143"/>
    <nd ref="10732989130"/>
    <nd ref="7515614411"/>
    <nd ref="35313343"/>
    <tag k="highway" v="secondary"/>
    <tag k="lanes" v="5"/>
    <tag k="lanes:backward" v="2"/>
    <tag k="lanes:forward" v="3"/>
    <tag k="loc_ref" v="0 N/S"/>
    <tag k="name" v="West Madison Street"/>
    <tag k="name:etymology:wikidata" v="Q11813"/>
    <tag k="sidewalk:both" v="separate"/>
    <tag k="turn:lanes:forward" v="left||"/>
    <tag k="wikidata" v="Q3276131"/>
    <tag k="wikipedia" v="en:Madison Street (Chicago)"/>
  </way>
  <way id="433777242">
    <nd ref="4336249694"/>
    <nd ref="413121192"/>
    <nd ref="4336249693"/>
    <tag k="highway" v="secondary"/>
    <tag k="loc_ref" v="0 N/S"/>
    <tag k="name" v="West Madison Street"/>
    <tag k="name:etymology:wikidata" v="Q11813"/>
    <tag k="sidewalk:both" v="separate"/>
    <tag k="wikidata" v="Q3276131"/>
    <tag k="wikipedia" v="en:Madison Street (Chicago)"/>
  </way>
  <way id="433780222">
    <nd ref="10273279150"/>
    <nd ref="13841875385"/>
    <nd ref="12001199375"/>
    <nd ref="9213170200"/>
    <nd ref="4854821665"/>
    <tag k="bicycle" v="no"/>
    <tag k="foot" v="no"/>
    <tag k="hgv" v="designated"/>
    <tag k="hgv:national_network" v="yes"/>
    <tag k="highway" v="motorway"/>
    <tag k="horse" v="no"/>
    <tag k="lanes" v="4"/>
    <tag k="lit" v="yes"/>
    <tag k="maxheight:signed" v="no"/>
    <tag k="maxspeed" v="45 mph"/>
    <tag k="minspeed" v="45 mph"/>
    <tag k="name" v="Kennedy Expressway"/>
    <tag k="name:etymology:wikidata" v="Q9696"/>
    <tag k="official_name" v="John F. Kennedy Expressway"/>
    <tag k="old_name" v="Northwest Expressway"/>
    <tag k="oneway" v="yes"/>
    <tag k="ref" v="I 90;I 94"/>
    <tag k="source:hgv:national_network" v="https://www.ecfr.gov/current/title-23/chapter-I/subchapter-G/part-658;https://hepgis-usdot.hub.arcgis.com/apps/usdot::national-network-conventional-combination-trucks-map"/>
    <tag k="surface" v="concrete"/>
    <tag k="wikidata" v="Q1072388"/>
    <tag k="wikipedia" v="en:Kennedy Expressway"/>
  </way>
  <way id="433780223">
    <nd ref="4322760918"/>
    <nd ref="6148881822"/>
    <nd ref="7520846976"/>
    <nd ref="258020713"/>
    <tag k="cycleway:right" v="shared_lane"/>
    <tag k="highway" v="secondary"/>
    <tag k="lanes" v="3"/>
    <tag k="name" v="North Desplaines Street"/>
    <tag k="oneway" v="yes"/>
    <tag k="sidewalk:both" v="separate"/>
    <tag k="surface" v="asphalt"/>
    <tag k="turn:lanes" v="||right"/>
  </way>
  <way id="433780224">
    <nd ref="4322760917"/>
    <nd ref="5881541659"/>
    <nd ref="7515614413"/>
    <nd ref="35313343"/>
    <tag k="highway" v="secondary"/>
    <tag k="lanes" v="5"/>
    <tag k="lanes:backward" v="2"/>
    <tag k="lanes:forward" v="3"/>
    <tag k="loc_ref" v="800 W"/>
    <tag k="name" v="North Halsted Street"/>
    <tag k="name:etymology:wikidata" v="Q119522049"/>
    <tag k="name:zh" v="豪斯特路"/>
    <tag k="sidewalk:both" v="separate"/>
    <tag k="surface" v="asphalt"/>
    <tag k="turn:lanes:forward" v="left||"/>
    <tag k="wikidata" v="Q5643579"/>
    <tag k="wikipedia" v="en:Halsted Street"/>
  </way>
  <way id="433780227">
    <nd ref="7662839831"/>
    <nd ref="6131657471"/>
    <nd ref="704707203"/>
    <nd ref="256592106"/>
    <tag k="bicycle" v="use_sidepath"/>
    <tag k="cycleway" v="separate"/>
    <tag k="highway" v="secondary"/>
    <tag k="lanes" v="5"/>
    <tag k="lanes:backward" v="2"/>
    <tag k="lanes:forward" v="3"/>
    <tag k="layer" v="1"/>
    <tag k="name" v="South Canal Street"/>
    <tag k="name:etymology:wikidata" v="Q952760"/>
    <tag k="name:etymology:wikipedia" v="en:Illinois and Michigan Canal"/>
    <tag k="sidewalk:both" v="separate"/>
    <tag k="turn:lanes:forward" v="left||right"/>
  </way>
  <way id="433780228">
    <nd ref="4322760912"/>
    <nd ref="7515614480"/>
    <nd ref="257381547"/>
    <tag k="cycleway:right" v="shared_lane"/>
    <tag k="highway" v="secondary"/>
    <tag k="lanes" v="4"/>
    <tag k="maxspeed" v="30 mph"/>
    <tag k="name" v="South Desplaines Street"/>
    <tag k="oneway" v="yes"/>
    <tag k="surface" v="asphalt"/>
    <tag k="turn:lanes" v="left|left;through|through|right"/>
  </way>
  <way id="433780229">
    <nd ref="4322760910"/>
    <nd ref="4226924623"/>
    <nd ref="256611721"/>
    <tag k="cycleway:right" v="shared_lane"/>
    <tag k="highway" v="secondary"/>
    <tag k="lanes" v="3"/>
    <tag k="maxspeed" v="30 mph"/>
    <tag k="name" v="South Desplaines Street"/>
    <tag k="oneway" v="yes"/>
    <tag k="sidewalk:both" v="separate"/>
    <tag k="surface" v="asphalt"/>
    <tag k="turn:lanes" v="|through|right"/>
  </way>
  <way id="433780230">
    <nd ref="4322760911"/>
    <nd ref="4226924683"/>
    <nd ref="257381470"/>
    <tag k="cycleway:right" v="lane"/>
    <tag k="cycleway:right:buffer" v="no"/>
    <tag k="cycleway:right:lane" v="advisory"/>
    <tag k="highway" v="secondary"/>
    <tag k="lanes" v="3"/>
    <tag k="maxspeed" v="30 mph"/>
    <tag k="name" v="South Desplaines Street"/>
    <tag k="oneway" v="yes"/>
    <tag k="surface" v="asphalt"/>
    <tag k="turn:lanes" v="||right"/>
  </way>
  <way id="433780231">
    <nd ref="9309565635"/>
    <nd ref="12231918576"/>
    <nd ref="1337351540"/>
    <tag k="cycleway:left" v="separate"/>
    <tag k="cycleway:right" v="shared_lane"/>
    <tag k="highway" v="secondary"/>
    <tag k="lanes" v="3"/>
    <tag k="lanes:backward" v="1"/>
    <tag k="lanes:forward" v="2"/>
    <tag k="lit" v="yes"/>
    <tag k="loc_ref" v="600 S"/>
    <tag k="name" v="West Harrison Street"/>
    <tag k="name:etymology:wikidata" v="Q11869"/>
    <tag k="sidewalk:both" v="separate"/>
    <tag k="surface" v="asphalt"/>
    <tag k="turn:lanes:forward" v="left|"/>
    <tag k="wikidata" v="Q95486142"/>
  </way>
  <way id="433780232">
    <nd ref="1337351540"/>
    <nd ref="4227056430"/>
    <nd ref="1885769514"/>
    <tag k="cycleway:left" v="shared_lane"/>
    <tag k="cycleway:right" v="separate"/>
    <tag k="highway" v="secondary"/>
    <tag k="lanes" v="3"/>
    <tag k="lanes:backward" v="2"/>
    <tag k="lanes:forward" v="1"/>
    <tag k="lit" v="yes"/>
    <tag k="loc_ref" v="600 S"/>
    <tag k="name" v="West Harrison Street"/>
    <tag k="name:etymology:wikidata" v="Q11869"/>
    <tag k="sidewalk:both" v="separate"/>
    <tag k="surface" v="asphalt"/>
    <tag k="turn:lanes:backward" v="|left"/>
    <tag k="wikidata" v="Q95486142"/>
  </way>
  <way id="433780233">
    <nd ref="4336249695"/>
    <nd ref="2203666282"/>
    <nd ref="11885050147"/>
    <nd ref="287260505"/>
    <nd ref="265649309"/>
    <tag k="highway" v="secondary"/>
    <tag k="lanes" v="4"/>
    <tag k="lanes:backward" v="2"/>
    <tag k="lanes:forward" v="2"/>
    <tag k="loc_ref" v="0 N/S"/>
    <tag k="name" v="West Madison Street"/>
    <tag k="name:etymology:wikidata" v="Q11813"/>
    <tag k="sidewalk:both" v="separate"/>
    <tag k="surface" v="asphalt"/>
    <tag k="wikidata" v="Q3276131"/>
    <tag k="wikipedia" v="en:Madison Street (Chicago)"/>
  </way>
  <way id="433780235">
    <nd ref="8815131651"/>
    <nd ref="11680993005"/>
    <nd ref="11680993004"/>
    <nd ref="287260558"/>
    <nd ref="10278964680"/>
    <tag k="destination" v="Madison Street"/>
    <tag k="highway" v="motorway_link"/>
    <tag k="junction:ref" v="51D"/>
    <tag k="lanes" v="1"/>
    <tag k="oneway" v="yes"/>
    <tag k="turn:lanes" v="left|right"/>
  </way>
  <way id="433784301">
    <nd ref="258021865"/>
    <nd ref="6990621989"/>
    <nd ref="4322796838"/>
    <tag k="cycleway:right" v="no"/>
    <tag k="foot" v="no"/>
    <tag k="highway" v="secondary"/>
    <tag k="lanes" v="2"/>
    <tag k="name" v="South Wacker Drive"/>
    <tag k="oneway" v="yes"/>
    <tag k="sidewalk" v="no"/>
    <tag k="turn:lanes" v="left|left"/>
  </way>
  <way id="434705482">
    <nd ref="258020603"/>
    <nd ref="10938092318"/>
    <nd ref="10938092315"/>
    <nd ref="10938092320"/>
    <nd ref="258956212"/>
    <tag k="highway" v="secondary"/>
    <tag k="name" v="West Lake Street"/>
    <tag k="name:etymology:wikidata" v="Q1169"/>
    <tag k="oneway" v="yes"/>
    <tag k="surface" v="asphalt"/>
    <tag k="wikidata" v="Q3216465"/>
    <tag k="wikipedia" v="en:Lake Street (Chicago)"/>
  </way>
  <way id="434705485">
    <nd ref="258966840"/>
    <nd ref="9411378367"/>
    <nd ref="7015619023"/>
    <nd ref="13746236729"/>
    <nd ref="9411378343"/>
    <nd ref="258956212"/>
    <tag k="bicycle" v="use_sidepath"/>
    <tag k="cycleway:left" v="separate"/>
    <tag k="highway" v="secondary"/>
    <tag k="name" v="North Clinton Street"/>
    <tag k="name:etymology:wikidata" v="Q527462"/>
    <tag k="name:etymology:wikipedia" v="en:DeWitt Clinton"/>
    <tag k="oneway" v="yes"/>
    <tag k="sidewalk:both" v="separate"/>
    <tag k="surface" v="asphalt"/>
  </way>
  <way id="435709733">
    <nd ref="4336093354"/>
    <nd ref="5870569497"/>
    <nd ref="7512371628"/>
    <nd ref="1324316157"/>
    <tag k="cycleway:right" v="shared_lane"/>
    <tag k="highway" v="secondary"/>
    <tag k="lanes" v="3"/>
    <tag k="lit" v="yes"/>
    <tag k="loc_ref" v="600 S"/>
    <tag k="maxspeed" v="20 mph"/>
    <tag k="name" v="West Harrison Street"/>
    <tag k="name:etymology:wikidata" v="Q11869"/>
    <tag k="oneway" v="yes"/>
    <tag k="sidewalk:right" v="separate"/>
    <tag k="surface" v="asphalt"/>
    <tag k="turn:lanes" v="left||"/>
    <tag k="uic_shuttle_route" v="yes"/>
    <tag k="wikidata" v="Q95486142"/>
  </way>
  <way id="435709734">
    <nd ref="1324316156"/>
    <nd ref="1324316155"/>
    <tag k="cycleway:right" v="shared_lane"/>
    <tag k="highway" v="secondary"/>
    <tag k="lanes" v="2"/>
    <tag k="lit" v="yes"/>
    <tag k="loc_ref" v="600 S"/>
    <tag k="maxspeed" v="20 mph"/>
    <tag k="name" v="West Harrison Street"/>
    <tag k="name:etymology:wikidata" v="Q11869"/>
    <tag k="oneway" v="yes"/>
    <tag k="sidewalk:right" v="separate"/>
    <tag k="surface" v="asphalt"/>
    <tag k="wikidata" v="Q95486142"/>
  </way>
  <way id="435709735">
    <nd ref="4336093356"/>
    <nd ref="7512371623"/>
    <nd ref="1324316156"/>
    <tag k="cycleway:right" v="shared_lane"/>
    <tag k="highway" v="secondary"/>
    <tag k="lanes" v="3"/>
    <tag k="lit" v="yes"/>
    <tag k="loc_ref" v="600 S"/>
    <tag k="maxspeed" v="20 mph"/>
    <tag k="name" v="West Harrison Street"/>
    <tag k="name:etymology:wikidata" v="Q11869"/>
    <tag k="oneway" v="yes"/>
    <tag k="sidewalk:right" v="separate"/>
    <tag k="source:maxspeed" v="sign"/>
    <tag k="surface" v="asphalt"/>
    <tag k="turn:lanes" v="left||right"/>
    <tag k="wikidata" v="Q95486142"/>
  </way>
  <way id="435709736">
    <nd ref="1324316157"/>
    <nd ref="1324316159"/>
    <tag k="cycleway:right" v="shared_lane"/>
    <tag k="highway" v="secondary"/>
    <tag k="lanes" v="2"/>
    <tag k="lit" v="yes"/>
    <tag k="loc_ref" v="600 S"/>
    <tag k="maxspeed" v="20 mph"/>
    <tag k="name" v="West Harrison Street"/>
    <tag k="name:etymology:wikidata" v="Q11869"/>
    <tag k="oneway" v="yes"/>
    <tag k="sidewalk:right" v="separate"/>
    <tag k="surface" v="asphalt"/>
    <tag k="uic_shuttle_route" v="yes"/>
    <tag k="wikidata" v="Q95486142"/>
  </way>
  <way id="435709737">
    <nd ref="4336093355"/>
    <nd ref="5870403497"/>
    <nd ref="1308089590"/>
    <nd ref="1318401245"/>
    <tag k="cycleway:right" v="track"/>
    <tag k="highway" v="secondary"/>
    <tag k="lanes" v="2"/>
    <tag k="lit" v="yes"/>
    <tag k="loc_ref" v="600 S"/>
    <tag k="maxspeed" v="20 mph"/>
    <tag k="name" v="West Harrison Street"/>
    <tag k="name:etymology:wikidata" v="Q11869"/>
    <tag k="oneway" v="yes"/>
    <tag k="sidewalk:right" v="separate"/>
    <tag k="source:maxspeed" v="sign"/>
    <tag k="surface" v="asphalt"/>
    <tag k="turn:lanes" v="left|"/>
    <tag k="wikidata" v="Q95486142"/>
  </way>
  <way id="435709738">
    <nd ref="1641362274"/>
    <nd ref="1641361076"/>
    <tag k="highway" v="secondary"/>
    <tag k="lanes" v="2"/>
    <tag k="lit" v="yes"/>
    <tag k="loc_ref" v="600 S"/>
    <tag k="maxspeed" v="20 mph"/>
    <tag k="name" v="West Harrison Street"/>
    <tag k="name:etymology:wikidata" v="Q11869"/>
    <tag k="oneway" v="yes"/>
    <tag k="sidewalk:right" v="separate"/>
    <tag k="source:maxspeed" v="sign"/>
    <tag k="surface" v="asphalt"/>
    <tag k="wikidata" v="Q95486142"/>
  </way>
  <way id="435709747">
    <nd ref="5509258500"/>
    <nd ref="11943751617"/>
    <nd ref="1647426997"/>
    <nd ref="9658031099"/>
    <tag k="check_date" v="2019-03-11"/>
    <tag k="destination" v="Morgan Street"/>
    <tag k="destination:loc_ref" v="1000 West"/>
    <tag k="highway" v="motorway_link"/>
    <tag k="junction:ref" v="29B"/>
    <tag k="lanes" v="1"/>
    <tag k="oneway" v="yes"/>
  </way>
  <way id="435724012">
    <nd ref="258020660"/>
    <nd ref="9309565690"/>
    <tag k="highway" v="secondary"/>
    <tag k="lanes" v="2"/>
    <tag k="name" v="North Canal Street"/>
    <tag k="name:etymology:wikidata" v="Q952760"/>
    <tag k="name:etymology:wikipedia" v="en:Illinois and Michigan Canal"/>
    <tag k="oneway" v="yes"/>
    <tag k="surface" v="asphalt"/>
  </way>
  <way id="435724016">
    <nd ref="4336249701"/>
    <nd ref="7515614514"/>
    <nd ref="258020678"/>
    <tag k="cycleway:right" v="shared_lane"/>
    <tag k="highway" v="secondary"/>
    <tag k="lanes" v="3"/>
    <tag k="name" v="North Desplaines Street"/>
    <tag k="oneway" v="yes"/>
    <tag k="sidewalk:both" v="separate"/>
    <tag k="surface" v="asphalt"/>
    <tag k="turn:lanes" v="||right"/>
  </way>
  <way id="435724017">
    <nd ref="4336249712"/>
    <nd ref="9115265395"/>
    <nd ref="258020601"/>
    <tag k="highway" v="secondary"/>
    <tag k="lanes" v="5"/>
    <tag k="lanes:backward" v="2"/>
    <tag k="lanes:forward" v="3"/>
    <tag k="loc_ref" v="800 W"/>
    <tag k="name" v="North Halsted Street"/>
    <tag k="name:etymology:wikidata" v="Q119522049"/>
    <tag k="name:zh" v="豪斯特路"/>
    <tag k="sidewalk:both" v="separate"/>
    <tag k="turn:lanes:forward" v="left||"/>
    <tag k="wikidata" v="Q5643579"/>
    <tag k="wikipedia" v="en:Halsted Street"/>
  </way>
  <way id="435724018">
    <nd ref="258956336"/>
    <nd ref="7515614532"/>
    <nd ref="4063814428"/>
    <tag k="highway" v="secondary"/>
    <tag k="lanes" v="5"/>
    <tag k="lanes:backward" v="3"/>
    <tag k="lanes:forward" v="2"/>
    <tag k="loc_ref" v="800 W"/>
    <tag k="name" v="North Halsted Street"/>
    <tag k="name:etymology:wikidata" v="Q119522049"/>
    <tag k="name:zh" v="豪斯特路"/>
    <tag k="sidewalk:both" v="separate"/>
    <tag k="turn:lanes:backward" v="left||"/>
    <tag k="wikidata" v="Q5643579"/>
    <tag k="wikipedia" v="en:Halsted Street"/>
  </way>
  <way id="435724019">
    <nd ref="258020601"/>
    <nd ref="9768224617"/>
    <nd ref="4336249713"/>
    <tag k="highway" v="secondary"/>
    <tag k="lanes" v="5"/>
    <tag k="lanes:backward" v="3"/>
    <tag k="lanes:forward" v="2"/>
    <tag k="loc_ref" v="800 W"/>
    <tag k="name" v="North Halsted Street"/>
    <tag k="name:etymology:wikidata" v="Q119522049"/>
    <tag k="name:zh" v="豪斯特路"/>
    <tag k="sidewalk:both" v="separate"/>
    <tag k="turn:lanes:backward" v="left||"/>
    <tag k="wikidata" v="Q5643579"/>
    <tag k="wikipedia" v="en:Halsted Street"/>
  </way>
  <way id="435724020">
    <nd ref="4336249713"/>
    <nd ref="5881502145"/>
    <nd ref="2277981396"/>
    <nd ref="4335526377"/>
    <tag k="cycleway:both" v="shared_lane"/>
    <tag k="highway" v="secondary"/>
    <tag k="lanes" v="2"/>
    <tag k="loc_ref" v="800 W"/>
    <tag k="name" v="North Halsted Street"/>
    <tag k="name:etymology:wikidata" v="Q119522049"/>
    <tag k="name:zh" v="豪斯特路"/>
    <tag k="sidewalk:both" v="separate"/>
    <tag k="surface" v="asphalt"/>
    <tag k="wikidata" v="Q5643579"/>
    <tag k="wikipedia" v="en:Halsted Street"/>
  </way>
  <way id="435724023">
    <nd ref="4336249435"/>
    <nd ref="13660069409"/>
    <nd ref="13660069402"/>
    <nd ref="6668792978"/>
    <nd ref="4322760908"/>
    <tag k="bicycle" v="use_sidepath"/>
    <tag k="cycleway" v="separate"/>
    <tag k="highway" v="secondary"/>
    <tag k="name" v="South Canal Street"/>
    <tag k="name:etymology:wikidata" v="Q952760"/>
    <tag k="name:etymology:wikipedia" v="en:Illinois and Michigan Canal"/>
    <tag k="sidewalk" v="separate"/>
  </way>
  <way id="435724024">
    <nd ref="4336249443"/>
    <nd ref="4336249441"/>
    <tag k="bicycle" v="use_sidepath"/>
    <tag k="cycleway" v="separate"/>
    <tag k="highway" v="secondary"/>
    <tag k="name" v="South Canal Street"/>
    <tag k="name:etymology:wikidata" v="Q952760"/>
    <tag k="name:etymology:wikipedia" v="en:Illinois and Michigan Canal"/>
    <tag k="sidewalk:both" v="separate"/>
    <tag k="surface" v="asphalt"/>
  </way>
  <way id="435724025">
    <nd ref="4336249437"/>
    <nd ref="4336249435"/>
    <tag k="bicycle" v="use_sidepath"/>
    <tag k="cycleway" v="separate"/>
    <tag k="highway" v="secondary"/>
    <tag k="lanes" v="4"/>
    <tag k="lanes:backward" v="3"/>
    <tag k="lanes:forward" v="1"/>
    <tag k="name" v="South Canal Street"/>
    <tag k="name:etymology:wikidata" v="Q952760"/>
    <tag k="name:etymology:wikipedia" v="en:Illinois and Michigan Canal"/>
    <tag k="sidewalk:both" v="separate"/>
    <tag k="surface" v="asphalt"/>
    <tag k="turn:lanes:backward" v="||right"/>
  </way>
  <way id="435724026">
    <nd ref="4336249440"/>
    <nd ref="9391285700"/>
    <nd ref="12586575286"/>
    <nd ref="256592105"/>
    <tag k="bicycle" v="use_sidepath"/>
    <tag k="cycleway" v="separate"/>
    <tag k="highway" v="secondary"/>
    <tag k="lanes" v="5"/>
    <tag k="lanes:backward" v="2"/>
    <tag k="lanes:forward" v="3"/>
    <tag k="name" v="South Canal Street"/>
    <tag k="name:etymology:wikidata" v="Q952760"/>
    <tag k="name:etymology:wikipedia" v="en:Illinois and Michigan Canal"/>
    <tag k="sidewalk:both" v="separate"/>
    <tag k="surface" v="asphalt"/>
    <tag k="turn:lanes:forward" v="left||right"/>
  </way>
  <way id="435724027">
    <nd ref="4322760908"/>
    <nd ref="7662839831"/>
    <tag k="bicycle" v="use_sidepath"/>
    <tag k="cycleway" v="separate"/>
    <tag k="highway" v="secondary"/>
    <tag k="lanes" v="4"/>
    <tag k="lanes:backward" v="2"/>
    <tag k="lanes:forward" v="2"/>
    <tag k="layer" v="1"/>
    <tag k="name" v="South Canal Street"/>
    <tag k="name:etymology:wikidata" v="Q952760"/>
    <tag k="name:etymology:wikipedia" v="en:Illinois and Michigan Canal"/>
    <tag k="sidewalk" v="separate"/>
    <tag k="turn:lanes:forward" v="left|"/>
  </way>
  <way id="435724028">
    <nd ref="4336249441"/>
    <nd ref="4336249440"/>
    <tag k="bicycle" v="use_sidepath"/>
    <tag k="cycleway" v="separate"/>
    <tag k="highway" v="secondary"/>
    <tag k="lanes" v="4"/>
    <tag k="lanes:backward" v="2"/>
    <tag k="lanes:forward" v="2"/>
    <tag k="name" v="South Canal Street"/>
    <tag k="name:etymology:wikidata" v="Q952760"/>
    <tag k="name:etymology:wikipedia" v="en:Illinois and Michigan Canal"/>
    <tag k="sidewalk:both" v="separate"/>
    <tag k="surface" v="asphalt"/>
    <tag k="turn:lanes:forward" v="|right"/>
  </way>
  <way id="435724029">
    <nd ref="261177034"/>
    <nd ref="11886792440"/>
    <nd ref="11886792484"/>
    <nd ref="5844602742"/>
    <nd ref="258020679"/>
    <tag k="highway" v="secondary"/>
    <tag k="lanes" v="5"/>
    <tag k="lanes:bus" v="1"/>
    <tag k="name" v="South Canal Street"/>
    <tag k="name:etymology:wikidata" v="Q952760"/>
    <tag k="name:etymology:wikipedia" v="en:Illinois and Michigan Canal"/>
    <tag k="note" v="This is a viaduct but is layer 0."/>
    <tag k="oneway" v="yes"/>
    <tag k="surface" v="asphalt"/>
    <tag k="turn:lanes" v="left|left;through|none|none|none"/>
  </way>
  <way id="435724030">
    <nd ref="256592105"/>
    <nd ref="9391285703"/>
    <nd ref="7662839834"/>
    <nd ref="4336249437"/>
    <tag k="bicycle" v="use_sidepath"/>
    <tag k="cycleway" v="separate"/>
    <tag k="highway" v="secondary"/>
    <tag k="lanes" v="5"/>
    <tag k="lanes:backward" v="4"/>
    <tag k="lanes:forward" v="1"/>
    <tag k="name" v="South Canal Street"/>
    <tag k="name:etymology:wikidata" v="Q952760"/>
    <tag k="name:etymology:wikipedia" v="en:Illinois and Michigan Canal"/>
    <tag k="sidewalk:both" v="separate"/>
    <tag k="surface" v="asphalt"/>
    <tag k="turn:lanes:backward" v="left|||right"/>
  </way>
  <way id="435724037">
    <nd ref="4336249433"/>
    <nd ref="2207479846"/>
    <nd ref="7662839830"/>
    <nd ref="4451192559"/>
    <nd ref="13660069482"/>
    <nd ref="1309410902"/>
    <tag k="cycleway:left" v="lane"/>
    <tag k="cycleway:left:buffer" v="yes"/>
    <tag k="cycleway:left:lane" v="exclusive"/>
    <tag k="highway" v="secondary"/>
    <tag k="lanes" v="3"/>
    <tag k="name" v="South Clinton Street"/>
    <tag k="name:etymology:wikidata" v="Q527462"/>
    <tag k="name:etymology:wikipedia" v="en:DeWitt Clinton"/>
    <tag k="oneway" v="yes"/>
    <tag k="sidewalk" v="separate"/>
    <tag k="turn:lanes" v="left||"/>
    <tag k="uic_shuttle_route" v="yes"/>
  </way>
  <way id="435724042">
    <nd ref="4336249430"/>
    <nd ref="4226924460"/>
    <nd ref="13660069470"/>
    <nd ref="1309410893"/>
    <tag k="cycleway:right" v="shared_lane"/>
    <tag k="highway" v="secondary"/>
    <tag k="lanes" v="3"/>
    <tag k="maxspeed" v="30 mph"/>
    <tag k="name" v="South Desplaines Street"/>
    <tag k="oneway" v="yes"/>
    <tag k="sidewalk" v="separate"/>
    <tag k="turn:lanes" v="||right"/>
  </way>
  <way id="435724043">
    <nd ref="1337351540"/>
    <nd ref="9503049033"/>
    <nd ref="1619646569"/>
    <nd ref="12110040614"/>
    <nd ref="11784579034"/>
    <nd ref="9910509877"/>
    <nd ref="35313375"/>
    <nd ref="9910509876"/>
    <nd ref="415475474"/>
    <nd ref="5492751848"/>
    <nd ref="5492751847"/>
    <nd ref="4336249430"/>
    <tag k="cycleway:right" v="lane"/>
    <tag k="cycleway:right:buffer" v="yes"/>
    <tag k="highway" v="secondary"/>
    <tag k="lanes" v="4"/>
    <tag k="maxspeed" v="30 mph"/>
    <tag k="name" v="South Desplaines Street"/>
    <tag k="oneway" v="yes"/>
    <tag k="sidewalk" v="separate"/>
  </way>
  <way id="435724044">
    <nd ref="4336249472"/>
    <nd ref="11780484157"/>
    <nd ref="4497342646"/>
    <nd ref="27440224"/>
    <tag k="highway" v="secondary"/>
    <tag k="lanes" v="4"/>
    <tag k="loc_ref" v="300 W"/>
    <tag k="name" v="South Franklin Street"/>
    <tag k="name:etymology:wikidata" v="Q34969"/>
    <tag k="name:etymology:wikipedia" v="en:Benjamin Franklin"/>
    <tag k="oneway" v="yes"/>
    <tag k="sidewalk" v="separate"/>
    <tag k="turn:lanes" v="left|left;through||"/>
  </way>
  <way id="435724046">
    <nd ref="1619646534"/>
    <nd ref="1619646530"/>
    <tag k="bicycle" v="use_sidepath"/>
    <tag k="cycleway:right" v="separate"/>
    <tag k="cycleway:right:buffer" v="yes"/>
    <tag k="highway" v="secondary"/>
    <tag k="lanes" v="2"/>
    <tag k="loc_ref" v="800 W"/>
    <tag k="name" v="South Halsted Street"/>
    <tag k="name:etymology:wikidata" v="Q119522049"/>
    <tag k="name:zh" v="豪斯特路"/>
    <tag k="oneway" v="yes"/>
    <tag k="sidewalk:left" v="no"/>
    <tag k="sidewalk:right" v="separate"/>
    <tag k="surface" v="asphalt"/>
    <tag k="wikidata" v="Q5643579"/>
    <tag k="wikipedia" v="en:Halsted Street"/>
  </way>
  <way id="435724047">
    <nd ref="262150148"/>
    <nd ref="4336249473"/>
    <tag k="cycleway" v="shared_lane"/>
    <tag k="highway" v="secondary"/>
    <tag k="loc_ref" v="800 W"/>
    <tag k="name" v="South Halsted Street"/>
    <tag k="name:etymology:wikidata" v="Q119522049"/>
    <tag k="name:zh" v="豪斯特路"/>
    <tag k="sidewalk" v="separate"/>
    <tag k="wikidata" v="Q5643579"/>
    <tag k="wikipedia" v="en:Halsted Street"/>
  </way>
  <way id="435724048">
    <nd ref="4336249478"/>
    <nd ref="5881554956"/>
    <nd ref="7512724774"/>
    <nd ref="256613320"/>
    <tag k="cycleway" v="shared_lane"/>
    <tag k="highway" v="secondary"/>
    <tag k="lanes" v="3"/>
    <tag k="lanes:backward" v="1"/>
    <tag k="lanes:forward" v="2"/>
    <tag k="loc_ref" v="800 W"/>
    <tag k="name" v="South Halsted Street"/>
    <tag k="name:etymology:wikidata" v="Q119522049"/>
    <tag k="name:zh" v="豪斯特路"/>
    <tag k="surface" v="asphalt"/>
    <tag k="turn:lanes:forward" v="left|"/>
    <tag k="wikidata" v="Q5643579"/>
    <tag k="wikipedia" v="en:Halsted Street"/>
  </way>
  <way id="435724049">
    <nd ref="4336249474"/>
    <nd ref="262150148"/>
    <tag k="cycleway" v="shared_lane"/>
    <tag k="highway" v="secondary"/>
    <tag k="lanes" v="3"/>
    <tag k="lanes:backward" v="1"/>
    <tag k="lanes:forward" v="2"/>
    <tag k="loc_ref" v="800 W"/>
    <tag k="name" v="South Halsted Street"/>
    <tag k="name:etymology:wikidata" v="Q119522049"/>
    <tag k="name:zh" v="豪斯特路"/>
    <tag k="turn:lanes:forward" v="left|"/>
    <tag k="wikidata" v="Q5643579"/>
    <tag k="wikipedia" v="en:Halsted Street"/>
  </way>
  <way id="435724050">
    <nd ref="1324291788"/>
    <nd ref="1324291786"/>
    <tag k="cycleway:right" v="lane"/>
    <tag k="cycleway:right:buffer" v="no"/>
    <tag k="highway" v="secondary"/>
    <tag k="lanes" v="2"/>
    <tag k="loc_ref" v="800 W"/>
    <tag k="name" v="South Halsted Street"/>
    <tag k="name:etymology:wikidata" v="Q119522049"/>
    <tag k="name:zh" v="豪斯特路"/>
    <tag k="oneway" v="yes"/>
    <tag k="sidewalk:left" v="no"/>
    <tag k="sidewalk:right" v="separate"/>
    <tag k="surface" v="asphalt"/>
    <tag k="wikidata" v="Q5643579"/>
    <tag k="wikipedia" v="en:Halsted Street"/>
  </way>
  <way id="435724051">
    <nd ref="4336249689"/>
    <nd ref="13316917439"/>
    <nd ref="7512746386"/>
    <nd ref="258032862"/>
    <tag k="highway" v="secondary"/>
    <tag k="lanes" v="5"/>
    <tag k="lanes:backward" v="2"/>
    <tag k="lanes:forward" v="3"/>
    <tag k="loc_ref" v="800 W"/>
    <tag k="name" v="South Halsted Street"/>
    <tag k="name:etymology:wikidata" v="Q119522049"/>
    <tag k="name:zh" v="豪斯特路"/>
    <tag k="surface" v="asphalt"/>
    <tag k="turn:lanes:forward" v="left||right"/>
    <tag k="wikidata" v="Q5643579"/>
    <tag k="wikipedia" v="en:Halsted Street"/>
  </way>
  <way id="435724053">
    <nd ref="4336249458"/>
    <nd ref="9273512987"/>
    <nd ref="1324291788"/>
    <tag k="cycleway:right" v="lane"/>
    <tag k="cycleway:right:buffer" v="no"/>
    <tag k="highway" v="secondary"/>
    <tag k="lanes" v="3"/>
    <tag k="loc_ref" v="800 W"/>
    <tag k="name" v="South Halsted Street"/>
    <tag k="name:etymology:wikidata" v="Q119522049"/>
    <tag k="name:zh" v="豪斯特路"/>
    <tag k="oneway" v="yes"/>
    <tag k="sidewalk:left" v="no"/>
    <tag k="sidewalk:right" v="separate"/>
    <tag k="surface" v="asphalt"/>
    <tag k="turn:lanes" v="left||"/>
    <tag k="wikidata" v="Q5643579"/>
    <tag k="wikipedia" v="en:Halsted Street"/>
  </way>
  <way id="435724054">
    <nd ref="256613320"/>
    <nd ref="7512724768"/>
    <nd ref="4336249474"/>
    <tag k="cycleway" v="shared_lane"/>
    <tag k="highway" v="secondary"/>
    <tag k="loc_ref" v="800 W"/>
    <tag k="name" v="South Halsted Street"/>
    <tag k="name:etymology:wikidata" v="Q119522049"/>
    <tag k="name:zh" v="豪斯特路"/>
    <tag k="surface" v="asphalt"/>
    <tag k="wikidata" v="Q5643579"/>
    <tag k="wikipedia" v="en:Halsted Street"/>
  </way>
  <way id="435724055">
    <nd ref="4336249473"/>
    <nd ref="4226924617"/>
    <nd ref="256611723"/>
    <tag k="cycleway" v="shared_lane"/>
    <tag k="cycleway:both" v="shared_lane"/>
    <tag k="highway" v="secondary"/>
    <tag k="lanes" v="3"/>
    <tag k="lanes:backward" v="1"/>
    <tag k="lanes:forward" v="2"/>
    <tag k="loc_ref" v="800 W"/>
    <tag k="name" v="South Halsted Street"/>
    <tag k="name:etymology:wikidata" v="Q119522049"/>
    <tag k="name:zh" v="豪斯特路"/>
    <tag k="sidewalk" v="separate"/>
    <tag k="surface" v="asphalt"/>
    <tag k="turn:lanes:forward" v="left|"/>
    <tag k="wikidata" v="Q5643579"/>
    <tag k="wikipedia" v="en:Halsted Street"/>
  </way>
  <way id="435724056">
    <nd ref="4336249444"/>
    <nd ref="13735345595"/>
    <tag k="bicycle" v="use_sidepath"/>
    <tag k="cycleway:left" v="no"/>
    <tag k="cycleway:right" v="separate"/>
    <tag k="cycleway:right:lane" v="exclusive"/>
    <tag k="highway" v="secondary"/>
    <tag k="lanes" v="3"/>
    <tag k="loc_ref" v="800 W"/>
    <tag k="name" v="South Halsted Street"/>
    <tag k="name:etymology:wikidata" v="Q119522049"/>
    <tag k="name:zh" v="豪斯特路"/>
    <tag k="oneway" v="yes"/>
    <tag k="sidewalk:left" v="no"/>
    <tag k="sidewalk:right" v="separate"/>
    <tag k="surface" v="asphalt"/>
    <tag k="turn:lanes" v="left||"/>
    <tag k="wikidata" v="Q5643579"/>
    <tag k="wikipedia" v="en:Halsted Street"/>
  </way>
  <way id="435724057">
    <nd ref="4336249439"/>
    <nd ref="13660148587"/>
    <tag k="cycleway:left" v="no"/>
    <tag k="cycleway:right" v="lane"/>
    <tag k="cycleway:right:buffer" v="yes"/>
    <tag k="highway" v="secondary"/>
    <tag k="lanes" v="3"/>
    <tag k="loc_ref" v="800 W"/>
    <tag k="name" v="South Halsted Street"/>
    <tag k="name:etymology:wikidata" v="Q119522049"/>
    <tag k="name:zh" v="豪斯特路"/>
    <tag k="oneway" v="yes"/>
    <tag k="sidewalk:left" v="no"/>
    <tag k="sidewalk:right" v="separate"/>
    <tag k="surface" v="asphalt"/>
    <tag k="turn:lanes" v="left||"/>
    <tag k="wikidata" v="Q5643579"/>
    <tag k="wikipedia" v="en:Halsted Street"/>
  </way>
  <way id="435724058">
    <nd ref="1308165700"/>
    <nd ref="5881761337"/>
    <nd ref="4226924449"/>
    <nd ref="1324295760"/>
    <tag k="cycleway:right" v="shared_lane"/>
    <tag k="highway" v="secondary"/>
    <tag k="lanes" v="3"/>
    <tag k="loc_ref" v="800 W"/>
    <tag k="name" v="South Halsted Street"/>
    <tag k="name:etymology:wikidata" v="Q119522049"/>
    <tag k="name:zh" v="豪斯特路"/>
    <tag k="oneway" v="yes"/>
    <tag k="sidewalk:left" v="no"/>
    <tag k="sidewalk:right" v="separate"/>
    <tag k="surface" v="asphalt"/>
    <tag k="turn:lanes" v="left||"/>
    <tag k="wikidata" v="Q5643579"/>
    <tag k="wikipedia" v="en:Halsted Street"/>
  </way>
  <way id="435724059">
    <nd ref="1619646530"/>
    <nd ref="6131657476"/>
    <nd ref="1308165685"/>
    <nd ref="1309492325"/>
    <nd ref="4336249431"/>
    <tag k="bicycle" v="use_sidepath"/>
    <tag k="cycleway:right" v="separate"/>
    <tag k="highway" v="secondary"/>
    <tag k="lanes" v="2"/>
    <tag k="loc_ref" v="800 W"/>
    <tag k="name" v="South Halsted Street"/>
    <tag k="name:etymology:wikidata" v="Q119522049"/>
    <tag k="name:zh" v="豪斯特路"/>
    <tag k="oneway" v="yes"/>
    <tag k="sidewalk:left" v="no"/>
    <tag k="sidewalk:right" v="separate"/>
    <tag k="surface" v="asphalt"/>
    <tag k="wikidata" v="Q5643579"/>
    <tag k="wikipedia" v="en:Halsted Street"/>
  </way>
  <way id="435724078">
    <nd ref="4322801160"/>
    <nd ref="4336249460"/>
    <tag k="cycleway:right" v="no"/>
    <tag k="foot" v="no"/>
    <tag k="highway" v="secondary"/>
    <tag k="lanes" v="3"/>
    <tag k="name" v="South Wacker Drive"/>
    <tag k="oneway" v="yes"/>
    <tag k="sidewalk" v="no"/>
    <tag k="turn:lanes" v="||right"/>
  </way>
  <way id="435724080">
    <nd ref="257381489"/>
    <nd ref="6637892312"/>
    <nd ref="4336249481"/>
    <tag k="highway" v="secondary"/>
    <tag k="lanes" v="3"/>
    <tag k="name" v="West Adams Street"/>
    <tag k="old_ref" v="US 66"/>
    <tag k="oneway" v="yes"/>
    <tag k="ref" v="US 66 Hist"/>
  </way>
  <way id="435724082">
    <nd ref="4336249481"/>
    <nd ref="4226924672"/>
    <nd ref="257381494"/>
    <tag k="highway" v="secondary"/>
    <tag k="lanes" v="3"/>
    <tag k="name" v="West Adams Street"/>
    <tag k="old_ref" v="US 66"/>
    <tag k="oneway" v="yes"/>
    <tag k="ref" v="US 66 Hist"/>
    <tag k="turn:lanes" v="||right"/>
  </way>
  <way id="435724085">
    <nd ref="4336249482"/>
    <nd ref="2152526078"/>
    <nd ref="4489793459"/>
    <nd ref="257381489"/>
    <tag k="bus:lanes" v="|||designated"/>
    <tag k="highway" v="secondary"/>
    <tag k="lanes" v="3"/>
    <tag k="name" v="West Adams Street"/>
    <tag k="old_ref" v="US 66"/>
    <tag k="oneway" v="yes"/>
    <tag k="ref" v="US 66 Hist"/>
    <tag k="sidewalk:both" v="separate"/>
    <tag k="turn:lanes" v="left||"/>
  </way>
  <way id="435724086">
    <nd ref="5823702638"/>
    <nd ref="4226924675"/>
    <nd ref="11061920316"/>
    <tag k="highway" v="secondary"/>
    <tag k="lanes" v="3"/>
    <tag k="name" v="West Adams Street"/>
    <tag k="old_ref" v="US 66"/>
    <tag k="oneway" v="yes"/>
    <tag k="ref" v="US 66 Hist"/>
    <tag k="sidewalk" v="separate"/>
    <tag k="surface" v="asphalt"/>
    <tag k="turn:lanes" v="||right"/>
  </way>
  <way id="435724096">
    <nd ref="4336249448"/>
    <nd ref="4322760909"/>
    <tag k="cycleway:left" v="separate"/>
    <tag k="cycleway:right" v="lane"/>
    <tag k="cycleway:right:buffer" v="yes"/>
    <tag k="highway" v="secondary"/>
    <tag k="lanes" v="2"/>
    <tag k="lit" v="yes"/>
    <tag k="loc_ref" v="600 S"/>
    <tag k="name" v="West Harrison Street"/>
    <tag k="name:etymology:wikidata" v="Q11869"/>
    <tag k="sidewalk:both" v="separate"/>
    <tag k="surface" v="asphalt"/>
    <tag k="wikidata" v="Q95486142"/>
  </way>
  <way id="435724097">
    <nd ref="2274489624"/>
    <nd ref="9503049064"/>
    <nd ref="1337351535"/>
    <tag k="bicycle" v="use_sidepath"/>
    <tag k="cycleway" v="separate"/>
    <tag k="cycleway:both" v="separate"/>
    <tag k="highway" v="secondary"/>
    <tag k="lanes" v="3"/>
    <tag k="lanes:backward" v="1"/>
    <tag k="lanes:forward" v="2"/>
    <tag k="loc_ref" v="600 S"/>
    <tag k="name" v="West Harrison Street"/>
    <tag k="name:etymology:wikidata" v="Q11869"/>
    <tag k="sidewalk" v="separate"/>
    <tag k="surface" v="asphalt"/>
    <tag k="turn:lanes:forward" v="left|"/>
    <tag k="wikidata" v="Q95486142"/>
  </way>
  <way id="435724100">
    <nd ref="256591534"/>
    <nd ref="704745642"/>
    <tag k="cycleway:both" v="shared_lane"/>
    <tag k="highway" v="secondary"/>
    <tag k="lane_markings" v="no"/>
    <tag k="loc_ref" v="600 S"/>
    <tag k="name" v="West Harrison Street"/>
    <tag k="name:etymology:wikidata" v="Q11869"/>
    <tag k="sidewalk" v="separate"/>
    <tag k="surface" v="asphalt"/>
    <tag k="wikidata" v="Q95486142"/>
  </way>
  <way id="435724101">
    <nd ref="4336249449"/>
    <nd ref="5870372586"/>
    <nd ref="9503049047"/>
    <nd ref="1337351531"/>
    <tag k="cycleway:left" v="separate"/>
    <tag k="cycleway:right" v="shared_lane"/>
    <tag k="highway" v="secondary"/>
    <tag k="lanes" v="3"/>
    <tag k="lanes:backward" v="1"/>
    <tag k="lanes:forward" v="2"/>
    <tag k="lit" v="yes"/>
    <tag k="loc_ref" v="600 S"/>
    <tag k="name" v="West Harrison Street"/>
    <tag k="name:etymology:wikidata" v="Q11869"/>
    <tag k="sidewalk:both" v="separate"/>
    <tag k="surface" v="asphalt"/>
    <tag k="turn:lanes:forward" v="|right"/>
    <tag k="wikidata" v="Q95486142"/>
  </way>
  <way id="435724105">
    <nd ref="2274489626"/>
    <nd ref="2274489624"/>
    <tag k="bicycle" v="use_sidepath"/>
    <tag k="cycleway" v="separate"/>
    <tag k="cycleway:both" v="separate"/>
    <tag k="highway" v="secondary"/>
    <tag k="loc_ref" v="600 S"/>
    <tag k="name" v="West Harrison Street"/>
    <tag k="name:etymology:wikidata" v="Q11869"/>
    <tag k="sidewalk" v="separate"/>
    <tag k="surface" v="asphalt"/>
    <tag k="wikidata" v="Q95486142"/>
  </way>
  <way id="435724106">
    <nd ref="27440212"/>
    <nd ref="9913028207"/>
    <tag k="bus:lanes" v="|designated"/>
    <tag k="highway" v="secondary"/>
    <tag k="lanes" v="2"/>
    <tag k="loc_ref" v="300 S"/>
    <tag k="name" v="West Jackson Boulevard"/>
    <tag k="name:etymology:wikidata" v="Q11817"/>
    <tag k="old_ref" v="US 66"/>
    <tag k="oneway" v="yes"/>
    <tag k="ref" v="US 66 Hist"/>
    <tag k="sidewalk:both" v="separate"/>
    <tag k="wikidata" v="Q96942479"/>
    <tag k="wikipedia" v="en:Jackson Boulevard"/>
  </way>
  <way id="435724107">
    <nd ref="4336249475"/>
    <nd ref="7124465690"/>
    <nd ref="7015619011"/>
    <tag k="highway" v="secondary"/>
    <tag k="lanes" v="3"/>
    <tag k="loc_ref" v="300 S"/>
    <tag k="name" v="West Jackson Boulevard"/>
    <tag k="name:etymology:wikidata" v="Q11817"/>
    <tag k="old_ref" v="US 66"/>
    <tag k="oneway" v="yes"/>
    <tag k="ref" v="US 66 Hist"/>
    <tag k="surface" v="asphalt"/>
    <tag k="turn:lanes" v="||right"/>
    <tag k="wikidata" v="Q96942479"/>
    <tag k="wikipedia" v="en:Jackson Boulevard"/>
  </way>
  <way id="435724111">
    <nd ref="35313343"/>
    <nd ref="7515614414"/>
    <nd ref="4336249694"/>
    <tag k="highway" v="secondary"/>
    <tag k="lanes" v="5"/>
    <tag k="lanes:backward" v="3"/>
    <tag k="lanes:forward" v="2"/>
    <tag k="loc_ref" v="0 N/S"/>
    <tag k="name" v="West Madison Street"/>
    <tag k="name:etymology:wikidata" v="Q11813"/>
    <tag k="sidewalk:both" v="separate"/>
    <tag k="turn:lanes:backward" v="left||"/>
    <tag k="wikidata" v="Q3276131"/>
    <tag k="wikipedia" v="en:Madison Street (Chicago)"/>
  </way>
  <way id="435724114">
    <nd ref="258020680"/>
    <nd ref="11061908869"/>
    <nd ref="4336249697"/>
    <tag k="highway" v="secondary"/>
    <tag k="lanes" v="3"/>
    <tag k="lanes:bus" v="1"/>
    <tag k="loc_ref" v="0 N/S"/>
    <tag k="name" v="West Madison Street"/>
    <tag k="name:etymology:wikidata" v="Q11813"/>
    <tag k="oneway" v="yes"/>
    <tag k="sidewalk" v="separate"/>
    <tag k="wikidata" v="Q3276131"/>
    <tag k="wikipedia" v="en:Madison Street (Chicago)"/>
  </way>
  <way id="435724115">
    <nd ref="258020678"/>
    <nd ref="7515614515"/>
    <nd ref="4336249695"/>
    <tag k="highway" v="secondary"/>
    <tag k="lanes" v="5"/>
    <tag k="lanes:backward" v="2"/>
    <tag k="lanes:forward" v="3"/>
    <tag k="loc_ref" v="0 N/S"/>
    <tag k="name" v="West Madison Street"/>
    <tag k="name:etymology:wikidata" v="Q11813"/>
    <tag k="sidewalk:both" v="separate"/>
    <tag k="surface" v="asphalt"/>
    <tag k="turn:lanes:backward" v="right|right"/>
    <tag k="turn:lanes:forward" v="|through|right"/>
    <tag k="wikidata" v="Q3276131"/>
    <tag k="wikipedia" v="en:Madison Street (Chicago)"/>
  </way>
  <way id="435724116">
    <nd ref="4336249693"/>
    <nd ref="7515614429"/>
    <nd ref="288070450"/>
    <tag k="highway" v="secondary"/>
    <tag k="lanes" v="4"/>
    <tag k="lanes:backward" v="2"/>
    <tag k="lanes:forward" v="2"/>
    <tag k="loc_ref" v="0 N/S"/>
    <tag k="name" v="West Madison Street"/>
    <tag k="name:etymology:wikidata" v="Q11813"/>
    <tag k="sidewalk:both" v="separate"/>
    <tag k="turn:lanes:forward" v="left|"/>
    <tag k="wikidata" v="Q3276131"/>
    <tag k="wikipedia" v="en:Madison Street (Chicago)"/>
  </way>
  <way id="435724117">
    <nd ref="4336249698"/>
    <nd ref="4156112949"/>
    <nd ref="28358950"/>
    <tag k="highway" v="secondary"/>
    <tag k="lanes" v="4"/>
    <tag k="lanes:bus" v="1"/>
    <tag k="loc_ref" v="0 N/S"/>
    <tag k="name" v="West Madison Street"/>
    <tag k="name:etymology:wikidata" v="Q11813"/>
    <tag k="oneway" v="yes"/>
    <tag k="sidewalk:both" v="separate"/>
    <tag k="surface" v="asphalt"/>
    <tag k="turn:lanes" v="left|through|through|none"/>
    <tag k="wikidata" v="Q3276131"/>
    <tag k="wikipedia" v="en:Madison Street (Chicago)"/>
  </way>
  <way id="435724118">
    <nd ref="258020218"/>
    <nd ref="4227056475"/>
    <nd ref="1619741525"/>
    <tag k="highway" v="secondary"/>
    <tag k="lanes" v="3"/>
    <tag k="loc_ref" v="0 N/S"/>
    <tag k="name" v="West Madison Street"/>
    <tag k="name:etymology:wikidata" v="Q11813"/>
    <tag k="oneway" v="yes"/>
    <tag k="wikidata" v="Q3276131"/>
    <tag k="wikipedia" v="en:Madison Street (Chicago)"/>
  </way>
  <way id="435724120">
    <nd ref="28358946"/>
    <nd ref="271167576"/>
    <tag k="bicycle" v="use_sidepath"/>
    <tag k="cycleway:right" v="separate"/>
    <tag k="highway" v="secondary"/>
    <tag k="lit" v="yes"/>
    <tag k="loc_ref" v="150 N"/>
    <tag k="name" v="West Randolph Street"/>
    <tag k="name:etymology:wikidata" v="Q486499"/>
    <tag k="oneway" v="yes"/>
    <tag k="sidewalk" v="separate"/>
    <tag k="wikidata" v="Q7291867"/>
    <tag k="wikipedia" v="en:Randolph Street"/>
  </way>
  <way id="435724121">
    <nd ref="619038611"/>
    <nd ref="4227056700"/>
    <nd ref="28358946"/>
    <tag k="cycleway:right" v="separate"/>
    <tag k="highway" v="secondary"/>
    <tag k="lanes" v="3"/>
    <tag k="lit" v="yes"/>
    <tag k="loc_ref" v="150 N"/>
    <tag k="name" v="West Randolph Street"/>
    <tag k="name:etymology:wikidata" v="Q486499"/>
    <tag k="oneway" v="yes"/>
    <tag k="sidewalk" v="separate"/>
    <tag k="turn:lanes" v="left||"/>
    <tag k="wikidata" v="Q7291867"/>
    <tag k="wikipedia" v="en:Randolph Street"/>
  </way>
  <way id="435724126">
    <nd ref="258020207"/>
    <nd ref="4336249705"/>
    <tag k="bus:lanes" v="|||designated"/>
    <tag k="cycleway:right" v="lane"/>
    <tag k="cycleway:right:buffer" v="yes"/>
    <tag k="hgv" v="designated"/>
    <tag k="highway" v="secondary"/>
    <tag k="lanes" v="4"/>
    <tag k="lanes:bus" v="1"/>
    <tag k="name" v="West Washington Boulevard"/>
    <tag k="name:etymology:wikidata" v="Q23"/>
    <tag k="old_ref" v="US 20 Business"/>
    <tag k="oneway" v="yes"/>
    <tag k="sidewalk:both" v="separate"/>
    <tag k="source:hgv" v="https://gis-idot.opendata.arcgis.com/datasets/IDOT::designated-truck-routes-state-jurisdiction-truck-route/explore?location=40.542466%2C-88.991188%2C14.60;https://www.gettingaroundillinois.com/MapViewer/?config=DTRconfig.json"/>
    <tag k="surface" v="asphalt"/>
  </way>
  <way id="435724127">
    <nd ref="10922694017"/>
    <nd ref="7015621031"/>
    <nd ref="10929174817"/>
    <nd ref="4336249706"/>
    <tag k="cycleway:right" v="lane"/>
    <tag k="cycleway:right:buffer" v="no"/>
    <tag k="hgv" v="designated"/>
    <tag k="highway" v="secondary"/>
    <tag k="lanes" v="3"/>
    <tag k="loc_ref" v="100 N"/>
    <tag k="name" v="West Washington Street"/>
    <tag k="name:etymology:wikidata" v="Q23"/>
    <tag k="oneway" v="yes"/>
    <tag k="parking" v="no"/>
    <tag k="sidewalk:both" v="separate"/>
    <tag k="source:hgv" v="https://gis-idot.opendata.arcgis.com/datasets/IDOT::designated-truck-routes-state-jurisdiction-truck-route/explore?location=40.542466%2C-88.991188%2C14.60;https://www.gettingaroundillinois.com/MapViewer/?config=DTRconfig.json"/>
    <tag k="surface" v="concrete"/>
    <tag k="turn:lanes" v="left|none|none"/>
  </way>
  <way id="435724128">
    <nd ref="28358895"/>
    <nd ref="28358947"/>
    <tag k="cycleway:right" v="lane"/>
    <tag k="cycleway:right:buffer" v="no"/>
    <tag k="highway" v="secondary"/>
    <tag k="loc_ref" v="100 N"/>
    <tag k="name" v="West Washington Street"/>
    <tag k="name:etymology:wikidata" v="Q23"/>
    <tag k="oneway" v="yes"/>
    <tag k="parking" v="no"/>
    <tag k="sidewalk:both" v="separate"/>
    <tag k="surface" v="concrete"/>
  </way>
  <way id="435724129">
    <nd ref="287261042"/>
    <nd ref="10273279135"/>
    <nd ref="10273279142"/>
    <nd ref="709360633"/>
    <nd ref="10278964682"/>
    <tag k="destination" v="Lake Street"/>
    <tag k="destination:loc_ref" v="200 North"/>
    <tag k="highway" v="motorway_link"/>
    <tag k="junction:ref" v="51A"/>
    <tag k="lanes" v="1"/>
    <tag k="oneway" v="yes"/>
    <tag k="turn:lanes" v="left|right"/>
  </way>
  <way id="435724130">
    <nd ref="4336249459"/>
    <nd ref="7015531309"/>
    <nd ref="704745642"/>
    <tag k="highway" v="tertiary"/>
    <tag k="lanes" v="3"/>
    <tag k="name" v="South Canal Street"/>
    <tag k="name:etymology:wikidata" v="Q952760"/>
    <tag k="name:etymology:wikipedia" v="en:Illinois and Michigan Canal"/>
    <tag k="oneway" v="yes"/>
    <tag k="surface" v="asphalt"/>
    <tag k="turn:lanes" v="reverse|left|right"/>
  </way>
  <way id="438733284">
    <nd ref="258020713"/>
    <nd ref="7520846973"/>
    <nd ref="4364166094"/>
    <nd ref="4364166095"/>
    <nd ref="709360702"/>
    <tag k="highway" v="residential"/>
    <tag k="lane_markings" v="no"/>
    <tag k="lit" v="yes"/>
    <tag k="loc_ref" v="150 N"/>
    <tag k="name" v="West Randolph Street"/>
    <tag k="name:etymology:wikidata" v="Q486499"/>
    <tag k="oneway" v="yes"/>
    <tag k="surface" v="asphalt"/>
    <tag k="wikidata" v="Q7291867"/>
    <tag k="wikipedia" v="en:Randolph Street"/>
  </way>
  <way id="438733288">
    <nd ref="258020713"/>
    <nd ref="7520846971"/>
    <nd ref="4364166097"/>
    <nd ref="4364166098"/>
    <nd ref="709360702"/>
    <tag k="highway" v="residential"/>
    <tag k="lit" v="yes"/>
    <tag k="loc_ref" v="150 N"/>
    <tag k="name" v="West Randolph Street"/>
    <tag k="name:etymology:wikidata" v="Q486499"/>
    <tag k="oneway" v="yes"/>
    <tag k="surface" v="asphalt"/>
    <tag k="wikidata" v="Q7291867"/>
    <tag k="wikipedia" v="en:Randolph Street"/>
  </way>
  <way id="438859752">
    <nd ref="13562941179"/>
    <nd ref="7512371625"/>
    <nd ref="1324316159"/>
    <tag k="bicycle" v="designated"/>
    <tag k="highway" v="tertiary"/>
    <tag k="lanes" v="4"/>
    <tag k="loc_ref" v="1200 W"/>
    <tag k="name" v="South Racine Avenue"/>
    <tag k="name:etymology:wikidata" v="Q40340"/>
    <tag k="old_name" v="Center Avenue"/>
    <tag k="oneway" v="yes"/>
    <tag k="turn:lanes" v="left|none|none|none"/>
    <tag k="wikidata" v="Q118964088"/>
    <tag k="wikipedia" v="en:Racine Avenue"/>
  </way>
  <way id="441462668">
    <nd ref="7015619011"/>
    <nd ref="6637892314"/>
    <tag k="bicycle" v="use_sidepath"/>
    <tag k="cycleway:left" v="separate"/>
    <tag k="highway" v="secondary"/>
    <tag k="lanes" v="2"/>
    <tag k="name" v="South Clinton Street"/>
    <tag k="name:etymology:wikidata" v="Q527462"/>
    <tag k="name:etymology:wikipedia" v="en:DeWitt Clinton"/>
    <tag k="oneway" v="yes"/>
  </way>
  <way id="441462669">
    <nd ref="4382806378"/>
    <nd ref="5689523470"/>
    <nd ref="27440209"/>
    <tag k="highway" v="secondary"/>
    <tag k="lanes" v="2"/>
    <tag k="lanes:bus" v="1"/>
    <tag k="name" v="South Canal Street"/>
    <tag k="name:etymology:wikidata" v="Q952760"/>
    <tag k="name:etymology:wikipedia" v="en:Illinois and Michigan Canal"/>
    <tag k="oneway" v="yes"/>
    <tag k="sidewalk:both" v="separate"/>
    <tag k="turn:lanes" v="through|through"/>
  </way>
  <way id="441514502">
    <nd ref="256592634"/>
    <nd ref="9503048969"/>
    <nd ref="10290895399"/>
    <nd ref="11784579035"/>
    <nd ref="262174945"/>
    <nd ref="6929518186"/>
    <nd ref="256612741"/>
    <nd ref="9503049028"/>
    <nd ref="10229623723"/>
    <nd ref="2274489604"/>
    <nd ref="9503049030"/>
    <nd ref="11943616230"/>
    <nd ref="1337351531"/>
    <tag k="highway" v="secondary"/>
    <tag k="lanes" v="4"/>
    <tag k="name" v="South Jefferson Street"/>
    <tag k="name:etymology:wikidata" v="Q11812"/>
    <tag k="name:etymology:wikipedia" v="en:Thomas Jefferson"/>
    <tag k="oneway" v="yes"/>
    <tag k="sidewalk:both" v="separate"/>
    <tag k="surface" v="asphalt"/>
    <tag k="turn:lanes" v="left|none|none|right"/>
  </way>
  <way id="441514507">
    <nd ref="256611722"/>
    <nd ref="4226924626"/>
    <nd ref="2345197185"/>
    <nd ref="2345197190"/>
    <nd ref="13362289179"/>
    <nd ref="13362094322"/>
    <nd ref="13362094330"/>
    <nd ref="9254618659"/>
    <nd ref="256612740"/>
    <tag k="alt_name" v="Honorary &quot;The Godfather of House Music&quot; Frankie Knuckles Way"/>
    <tag k="alt_name:etymology:wikidata" v="Q205322"/>
    <tag k="highway" v="secondary"/>
    <tag k="lanes" v="3"/>
    <tag k="name" v="South Jefferson Street"/>
    <tag k="name:etymology:wikidata" v="Q11812"/>
    <tag k="name:etymology:wikipedia" v="en:Thomas Jefferson"/>
    <tag k="oneway" v="yes"/>
    <tag k="sidewalk" v="separate"/>
    <tag k="surface" v="asphalt"/>
  </way>
  <way id="441514510">
    <nd ref="256611722"/>
    <nd ref="4226924611"/>
    <nd ref="12233562195"/>
    <nd ref="2345197182"/>
    <nd ref="4428028402"/>
    <nd ref="4227056437"/>
    <nd ref="256611285"/>
    <tag k="highway" v="secondary"/>
    <tag k="loc_ref" v="400 S"/>
    <tag k="name" v="West Van Buren Street"/>
    <tag k="name:etymology:wikidata" v="Q11820"/>
    <tag k="sidewalk" v="separate"/>
    <tag k="surface" v="asphalt"/>
    <tag k="wikidata" v="Q115806095"/>
    <tag k="wikipedia" v="en:Van Buren Street"/>
  </way>
  <way id="441514512">
    <nd ref="256612740"/>
    <nd ref="4428028410"/>
    <nd ref="4336249475"/>
    <tag k="highway" v="secondary"/>
    <tag k="lanes" v="3"/>
    <tag k="loc_ref" v="300 S"/>
    <tag k="name" v="West Jackson Boulevard"/>
    <tag k="name:etymology:wikidata" v="Q11817"/>
    <tag k="old_ref" v="US 66"/>
    <tag k="oneway" v="yes"/>
    <tag k="ref" v="US 66 Hist"/>
    <tag k="surface" v="asphalt"/>
    <tag k="wikidata" v="Q96942479"/>
    <tag k="wikipedia" v="en:Jackson Boulevard"/>
  </way>
  <way id="441514515">
    <nd ref="27440254"/>
    <nd ref="4227056441"/>
    <nd ref="6988089363"/>
    <nd ref="929586823"/>
    <tag k="highway" v="secondary"/>
    <tag k="loc_ref" v="400 S"/>
    <tag k="name" v="West Van Buren Street"/>
    <tag k="name:etymology:wikidata" v="Q11820"/>
    <tag k="oneway" v="yes"/>
    <tag k="sidewalk" v="separate"/>
    <tag k="wikidata" v="Q115806095"/>
    <tag k="wikipedia" v="en:Van Buren Street"/>
  </way>
  <way id="443354605">
    <nd ref="257381470"/>
    <nd ref="6637892308"/>
    <nd ref="262247588"/>
    <tag k="cycleway:right" v="separate"/>
    <tag k="highway" v="secondary"/>
    <tag k="lanes" v="4"/>
    <tag k="maxspeed" v="30 mph"/>
    <tag k="name" v="South Desplaines Street"/>
    <tag k="oneway" v="yes"/>
  </way>
  <way id="449389482">
    <nd ref="11943751614"/>
    <nd ref="11944263638"/>
    <nd ref="1647427003"/>
    <nd ref="12001199404"/>
    <nd ref="11943751618"/>
    <nd ref="13120308056"/>
    <nd ref="11943751619"/>
    <nd ref="10273205758"/>
    <nd ref="12001199405"/>
    <nd ref="1640074122"/>
    <nd ref="12030566311"/>
    <nd ref="258020014"/>
    <nd ref="1640074107"/>
    <nd ref="1640074119"/>
    <nd ref="1640074114"/>
    <nd ref="13065601209"/>
    <nd ref="258020015"/>
    <nd ref="1640074123"/>
    <nd ref="1640074110"/>
    <nd ref="1640074120"/>
    <nd ref="1640074127"/>
    <nd ref="1937532132"/>
    <tag k="bicycle" v="no"/>
    <tag k="foot" v="no"/>
    <tag k="hgv" v="designated"/>
    <tag k="highway" v="motorway"/>
    <tag k="horse" v="no"/>
    <tag k="lanes" v="4"/>
    <tag k="maxheight" v="13'6&quot;"/>
    <tag k="maxspeed" v="55 mph"/>
    <tag k="maxweight" v="120000 lbs"/>
    <tag k="maxwidth" v="12'0&quot;"/>
    <tag k="name" v="Eisenhower Expressway"/>
    <tag k="oneway" v="yes"/>
    <tag k="ref" v="I 290;IL 110"/>
    <tag k="source:maxlength" v="https://idot.illinois.gov/content/dam/soi/en/web/idot/documents/doing-business/specialty-lists/highways/permits/permanentrestrictedroads.pdf"/>
    <tag k="source:maxweight" v="https://idot.illinois.gov/content/dam/soi/en/web/idot/documents/doing-business/specialty-lists/highways/permits/permanentrestrictedroads.pdf"/>
    <tag k="source:maxwidth" v="https://idot.illinois.gov/content/dam/soi/en/web/idot/documents/doing-business/specialty-lists/highways/permits/permanentrestrictedroads.pdf"/>
    <tag k="surface" v="asphalt"/>
  </way>
  <way id="452188415">
    <nd ref="4489827611"/>
    <nd ref="9913028620"/>
    <nd ref="258021252"/>
    <tag k="cycleway:right" v="lane"/>
    <tag k="highway" v="secondary"/>
    <tag k="lanes" v="3"/>
    <tag k="loc_ref" v="300 W"/>
    <tag k="name" v="North Franklin Street"/>
    <tag k="name:etymology:wikidata" v="Q34969"/>
    <tag k="name:etymology:wikipedia" v="en:Benjamin Franklin"/>
    <tag k="oneway" v="yes"/>
    <tag k="sidewalk" v="separate"/>
    <tag k="surface" v="asphalt"/>
  </way>
  <way id="459614661">
    <nd ref="6366358669"/>
    <nd ref="9246474546"/>
    <nd ref="6778368173"/>
    <nd ref="11943751618"/>
    <tag k="destination" v="West Suburbs"/>
    <tag k="destination:ref" v="I-290;IL 110"/>
    <tag k="destination:street" v="Eisenhower Expressway"/>
    <tag k="highway" v="motorway_link"/>
    <tag k="lanes" v="2"/>
    <tag k="maxspeed:advisory" v="55 mph"/>
    <tag k="oneway" v="yes"/>
    <tag k="turn:lanes" v="|merge_to_left"/>
  </way>
  <way id="483248154">
    <nd ref="261157263"/>
    <nd ref="13520634513"/>
    <nd ref="5832397014"/>
    <nd ref="9995480817"/>
    <nd ref="288070407"/>
    <nd ref="9995480827"/>
    <nd ref="7676028664"/>
    <nd ref="1657357360"/>
    <nd ref="13731359109"/>
    <nd ref="9768224665"/>
    <nd ref="288070403"/>
    <tag k="highway" v="residential"/>
    <tag k="name" v="North Sangamon Street"/>
    <tag k="sidewalk:both" v="separate"/>
    <tag k="surface" v="asphalt"/>
    <tag k="tiger:cfcc" v="A41"/>
    <tag k="tiger:county" v="Cook, IL"/>
    <tag k="tiger:name_base" v="Sangamon"/>
    <tag k="tiger:name_direction_prefix" v="N"/>
    <tag k="tiger:name_type" v="St"/>
    <tag k="tiger:reviewed" v="no"/>
    <tag k="tiger:zip_left" v="60622"/>
    <tag k="tiger:zip_right" v="60622"/>
  </way>
  <way id="483248155">
    <nd ref="288070403"/>
    <nd ref="9768224791"/>
    <nd ref="13731359111"/>
    <nd ref="13731359106"/>
    <nd ref="9768224647"/>
    <nd ref="288070412"/>
    <tag k="cycleway" v="lane"/>
    <tag k="cycleway:both" v="lane"/>
    <tag k="cycleway:both:buffer" v="no"/>
    <tag k="cycleway:buffer" v="no"/>
    <tag k="highway" v="secondary"/>
    <tag k="name" v="West Lake Street"/>
    <tag k="name:etymology:wikidata" v="Q1169"/>
    <tag k="parking:both" v="lane"/>
    <tag k="sidewalk:both" v="separate"/>
    <tag k="surface" v="asphalt"/>
    <tag k="wikidata" v="Q3216465"/>
    <tag k="wikipedia" v="en:Lake Street (Chicago)"/>
  </way>
  <way id="483248508">
    <nd ref="9995480826"/>
    <nd ref="4626514796"/>
    <nd ref="13961447573"/>
    <nd ref="13731359105"/>
    <nd ref="11170737381"/>
    <nd ref="288070412"/>
    <tag k="highway" v="residential"/>
    <tag k="lit" v="yes"/>
    <tag k="name" v="North Peoria Street"/>
    <tag k="sidewalk:both" v="separate"/>
    <tag k="surface" v="asphalt"/>
  </way>
  <way id="483248512">
    <nd ref="288070412"/>
    <nd ref="9768224645"/>
    <nd ref="13731359107"/>
    <nd ref="13731358904"/>
    <nd ref="9768224643"/>
    <nd ref="288070465"/>
    <nd ref="9768224642"/>
    <nd ref="13731358903"/>
    <nd ref="9768224620"/>
    <nd ref="258020601"/>
    <tag k="cycleway" v="lane"/>
    <tag k="cycleway:both" v="lane"/>
    <tag k="cycleway:both:buffer" v="no"/>
    <tag k="cycleway:buffer" v="no"/>
    <tag k="highway" v="secondary"/>
    <tag k="name" v="West Lake Street"/>
    <tag k="name:etymology:wikidata" v="Q1169"/>
    <tag k="parking:both" v="lane"/>
    <tag k="sidewalk:both" v="separate"/>
    <tag k="surface" v="asphalt"/>
    <tag k="wikidata" v="Q3216465"/>
    <tag k="wikipedia" v="en:Lake Street (Chicago)"/>
  </way>
  <way id="488107953">
    <nd ref="288070373"/>
    <nd ref="7515614533"/>
    <nd ref="258956336"/>
    <tag k="cycleway:right" v="lane"/>
    <tag k="cycleway:right:buffer" v="yes"/>
    <tag k="hgv" v="designated"/>
    <tag k="highway" v="tertiary"/>
    <tag k="lanes" v="2"/>
    <tag k="name" v="West Washington Boulevard"/>
    <tag k="name:etymology:wikidata" v="Q23"/>
    <tag k="old_ref" v="US 20 Business"/>
    <tag k="oneway" v="yes"/>
    <tag k="sidewalk:both" v="separate"/>
    <tag k="source:hgv" v="https://gis-idot.opendata.arcgis.com/datasets/IDOT::designated-truck-routes-state-jurisdiction-truck-route/explore?location=40.542466%2C-88.991188%2C14.60;https://www.gettingaroundillinois.com/MapViewer/?config=DTRconfig.json"/>
    <tag k="surface" v="asphalt"/>
  </way>
  <way id="490573760">
    <nd ref="4827622741"/>
    <nd ref="7512724771"/>
    <nd ref="256613320"/>
    <tag k="cycleway:left" v="separate"/>
    <tag k="highway" v="tertiary"/>
    <tag k="lanes" v="2"/>
    <tag k="loc_ref" v="300 S"/>
    <tag k="name" v="West Jackson Boulevard"/>
    <tag k="name:etymology:wikidata" v="Q11817"/>
    <tag k="old_ref" v="US 66"/>
    <tag k="oneway" v="yes"/>
    <tag k="ref" v="US 66 Hist"/>
    <tag k="surface" v="asphalt"/>
    <tag k="turn:lanes" v="|right"/>
    <tag k="wikidata" v="Q96942479"/>
    <tag k="wikipedia" v="en:Jackson Boulevard"/>
  </way>
  <way id="490582858">
    <nd ref="4827715960"/>
    <nd ref="12251947046"/>
    <nd ref="9503048996"/>
    <nd ref="11943616235"/>
    <nd ref="1337351535"/>
    <tag k="bicycle" v="use_sidepath"/>
    <tag k="cycleway:left" v="separate"/>
    <tag k="highway" v="secondary"/>
    <tag k="name" v="South Clinton Street"/>
    <tag k="name:etymology:wikidata" v="Q527462"/>
    <tag k="name:etymology:wikipedia" v="en:DeWitt Clinton"/>
    <tag k="oneway" v="yes"/>
    <tag k="sidewalk" v="separate"/>
    <tag k="surface" v="asphalt"/>
  </way>
  <way id="490582859">
    <nd ref="1308089774"/>
    <nd ref="1318401245"/>
    <tag k="highway" v="tertiary"/>
    <tag k="name" v="South Morgan Street"/>
    <tag k="surface" v="asphalt"/>
  </way>
  <way id="491188972">
    <nd ref="1324291786"/>
    <nd ref="1308165683"/>
    <nd ref="5881675784"/>
    <nd ref="1308165681"/>
    <tag k="cycleway:left" v="no"/>
    <tag k="cycleway:right" v="track"/>
    <tag k="highway" v="secondary"/>
    <tag k="lanes" v="2"/>
    <tag k="loc_ref" v="800 W"/>
    <tag k="name" v="South Halsted Street"/>
    <tag k="name:etymology:wikidata" v="Q119522049"/>
    <tag k="name:zh" v="豪斯特路"/>
    <tag k="oneway" v="yes"/>
    <tag k="sidewalk:left" v="no"/>
    <tag k="sidewalk:right" v="separate"/>
    <tag k="surface" v="asphalt"/>
    <tag k="wikidata" v="Q5643579"/>
    <tag k="wikipedia" v="en:Halsted Street"/>
  </way>
  <way id="527286616">
    <nd ref="261143284"/>
    <nd ref="9115266652"/>
    <nd ref="4063814417"/>
    <nd ref="4063814410"/>
    <nd ref="9747430813"/>
    <nd ref="9115266742"/>
    <nd ref="410791903"/>
    <nd ref="418155683"/>
    <nd ref="410791916"/>
    <tag k="highway" v="residential"/>
    <tag k="name" v="North Aberdeen Street"/>
    <tag k="sidewalk:both" v="separate"/>
    <tag k="tiger:cfcc" v="A41"/>
    <tag k="tiger:county" v="Cook, IL"/>
    <tag k="tiger:name_base" v="Aberdeen"/>
    <tag k="tiger:name_direction_prefix" v="N"/>
    <tag k="tiger:name_type" v="St"/>
    <tag k="tiger:reviewed" v="no"/>
    <tag k="tiger:zip_left" v="60622"/>
    <tag k="tiger:zip_right" v="60622"/>
  </way>
  <way id="527286617">
    <nd ref="261143284"/>
    <nd ref="9115266651"/>
    <nd ref="4063815285"/>
    <nd ref="4063815287"/>
    <nd ref="5970344140"/>
    <nd ref="7520847003"/>
    <nd ref="5970344142"/>
    <tag k="highway" v="residential"/>
    <tag k="lit" v="yes"/>
    <tag k="name" v="North Aberdeen Street"/>
    <tag k="sidewalk:both" v="separate"/>
    <tag k="surface" v="asphalt"/>
    <tag k="tiger:cfcc" v="A41"/>
    <tag k="tiger:county" v="Cook, IL"/>
    <tag k="tiger:name_base" v="Aberdeen"/>
    <tag k="tiger:name_direction_prefix" v="N"/>
    <tag k="tiger:name_type" v="St"/>
    <tag k="tiger:reviewed" v="no"/>
    <tag k="tiger:zip_left" v="60622"/>
    <tag k="tiger:zip_right" v="60622"/>
  </way>
  <way id="527289416">
    <nd ref="261143283"/>
    <nd ref="7520846915"/>
    <nd ref="5778407548"/>
    <nd ref="5778407545"/>
    <nd ref="9747444321"/>
    <nd ref="9115266729"/>
    <nd ref="410791902"/>
    <tag k="highway" v="residential"/>
    <tag k="name" v="North Carpenter Street"/>
    <tag k="sidewalk:both" v="separate"/>
    <tag k="tiger:cfcc" v="A41"/>
    <tag k="tiger:county" v="Cook, IL"/>
    <tag k="tiger:name_base" v="Carpenter"/>
    <tag k="tiger:name_direction_prefix" v="N"/>
    <tag k="tiger:name_type" v="St"/>
    <tag k="tiger:zip_left" v="60622"/>
    <tag k="tiger:zip_right" v="60622"/>
  </way>
  <way id="527289417">
    <nd ref="261143283"/>
    <nd ref="7520846914"/>
    <nd ref="13961312532"/>
    <nd ref="5649863476"/>
    <nd ref="7520846902"/>
    <nd ref="261209658"/>
    <tag k="highway" v="residential"/>
    <tag k="name" v="North Carpenter Street"/>
    <tag k="sidewalk:both" v="separate"/>
    <tag k="tiger:cfcc" v="A41"/>
    <tag k="tiger:county" v="Cook, IL"/>
    <tag k="tiger:name_base" v="Carpenter"/>
    <tag k="tiger:name_direction_prefix" v="N"/>
    <tag k="tiger:name_type" v="St"/>
    <tag k="tiger:zip_left" v="60622"/>
    <tag k="tiger:zip_right" v="60622"/>
  </way>
  <way id="548526010">
    <nd ref="8633836870"/>
    <nd ref="4156112956"/>
    <nd ref="619040194"/>
    <tag k="cycleway:right" v="no"/>
    <tag k="highway" v="secondary"/>
    <tag k="lanes" v="3"/>
    <tag k="name" v="South Wacker Drive"/>
    <tag k="name:etymology:wikidata" v="Q5078665"/>
    <tag k="oneway" v="yes"/>
    <tag k="sidewalk:left" v="no"/>
    <tag k="sidewalk:right" v="separate"/>
    <tag k="surface" v="asphalt"/>
    <tag k="turn:lanes" v="left||"/>
    <tag k="wikidata" v="Q7958800"/>
    <tag k="wikipedia" v="en:Wacker Drive"/>
  </way>
  <way id="585761853">
    <nd ref="3198505998"/>
    <nd ref="3198505999"/>
    <nd ref="5509258500"/>
    <tag k="destination" v="West Suburbs"/>
    <tag k="destination:lanes" v="|Ashland Avenue;Morgan Street"/>
    <tag k="destination:ref" v="I-290;IL 110"/>
    <tag k="destination:street" v="Eisenhower Expressway"/>
    <tag k="highway" v="motorway_link"/>
    <tag k="lanes" v="2"/>
    <tag k="oneway" v="yes"/>
    <tag k="turn:lanes" v="|through;slight_right"/>
  </way>
  <way id="611574834">
    <nd ref="619040194"/>
    <nd ref="10945677472"/>
    <tag k="cycleway:right" v="no"/>
    <tag k="highway" v="secondary"/>
    <tag k="loc_ref" v="100 S"/>
    <tag k="name" v="West Monroe Street"/>
    <tag k="oneway" v="yes"/>
    <tag k="sidewalk:both" v="separate"/>
    <tag k="surface" v="asphalt"/>
  </way>
  <way id="614566929">
    <nd ref="740368806"/>
    <nd ref="3447469776"/>
    <nd ref="740368790"/>
    <nd ref="740368808"/>
    <tag k="destination" v="Eisenhower Expressway"/>
    <tag k="destination:ref" v="I 290 West"/>
    <tag k="highway" v="motorway_link"/>
    <tag k="lanes" v="1"/>
    <tag k="oneway" v="yes"/>
  </way>
  <way id="614566931">
    <nd ref="3447462793"/>
    <nd ref="271155124"/>
    <nd ref="3188221426"/>
    <tag k="destination" v="Wacker Drive"/>
    <tag k="highway" v="motorway_link"/>
    <tag k="lanes" v="1"/>
    <tag k="oneway" v="yes"/>
  </way>
  <way id="615641911">
    <nd ref="5821530412"/>
    <nd ref="4226924650"/>
    <nd ref="27440209"/>
    <tag k="bus:lanes" v="yes|yes|designated"/>
    <tag k="highway" v="secondary"/>
    <tag k="lanes" v="3"/>
    <tag k="lanes:bus" v="1"/>
    <tag k="loc_ref" v="300 S"/>
    <tag k="name" v="West Jackson Boulevard"/>
    <tag k="name:etymology:wikidata" v="Q11817"/>
    <tag k="old_ref" v="US 66"/>
    <tag k="oneway" v="yes"/>
    <tag k="ref" v="US 66 Hist"/>
    <tag k="sidewalk:both" v="separate"/>
    <tag k="surface" v="asphalt"/>
    <tag k="wikidata" v="Q96942479"/>
    <tag k="wikipedia" v="en:Jackson Boulevard"/>
  </way>
  <way id="615643358">
    <nd ref="27440253"/>
    <nd ref="27440211"/>
    <tag k="highway" v="secondary"/>
    <tag k="lanes" v="3"/>
    <tag k="loc_ref" v="300 S"/>
    <tag k="name" v="West Jackson Boulevard"/>
    <tag k="name:etymology:wikidata" v="Q11817"/>
    <tag k="old_ref" v="US 66"/>
    <tag k="oneway" v="yes"/>
    <tag k="ref" v="US 66 Hist"/>
    <tag k="sidewalk:both" v="separate"/>
    <tag k="surface" v="asphalt"/>
    <tag k="wikidata" v="Q96942479"/>
    <tag k="wikipedia" v="en:Jackson Boulevard"/>
  </way>
  <way id="615900426">
    <nd ref="262247584"/>
    <nd ref="8203495732"/>
    <nd ref="5869436797"/>
    <nd ref="6637892288"/>
    <nd ref="7015619011"/>
    <tag k="bicycle" v="use_sidepath"/>
    <tag k="cycleway:left" v="separate"/>
    <tag k="highway" v="secondary"/>
    <tag k="lanes" v="3"/>
    <tag k="name" v="South Clinton Street"/>
    <tag k="name:etymology:wikidata" v="Q527462"/>
    <tag k="name:etymology:wikipedia" v="en:DeWitt Clinton"/>
    <tag k="oneway" v="yes"/>
    <tag k="surface" v="asphalt"/>
    <tag k="turn:lanes" v="left||"/>
  </way>
  <way id="615900428">
    <nd ref="4336249483"/>
    <nd ref="5823702638"/>
    <tag k="highway" v="secondary"/>
    <tag k="lanes" v="3"/>
    <tag k="name" v="West Adams Street"/>
    <tag k="old_ref" v="US 66"/>
    <tag k="oneway" v="yes"/>
    <tag k="ref" v="US 66 Hist"/>
    <tag k="sidewalk:left" v="separate"/>
    <tag k="sidewalk:right" v="no"/>
    <tag k="turn:lanes" v="||right"/>
  </way>
  <way id="615900431">
    <nd ref="619040175"/>
    <nd ref="3921106500"/>
    <tag k="cycleway:right" v="no"/>
    <tag k="highway" v="secondary"/>
    <tag k="lanes" v="3"/>
    <tag k="loc_ref" v="200 S"/>
    <tag k="name" v="West Adams Street"/>
    <tag k="old_ref" v="US 66"/>
    <tag k="oneway" v="yes"/>
    <tag k="ref" v="US 66 Hist"/>
    <tag k="sidewalk:both" v="separate"/>
    <tag k="surface" v="concrete"/>
  </way>
  <way id="615900433">
    <nd ref="5823702640"/>
    <nd ref="10974086047"/>
    <nd ref="10945665672"/>
    <nd ref="10945665671"/>
    <nd ref="10974086038"/>
    <nd ref="9913028212"/>
    <nd ref="258021247"/>
    <tag k="bus:lanes" v="||designated"/>
    <tag k="busway:right" v="lane"/>
    <tag k="cycleway:right" v="no"/>
    <tag k="highway" v="secondary"/>
    <tag k="lanes" v="3"/>
    <tag k="loc_ref" v="200 S"/>
    <tag k="name" v="West Adams Street"/>
    <tag k="old_ref" v="US 66"/>
    <tag k="oneway" v="yes"/>
    <tag k="ref" v="US 66 Hist"/>
    <tag k="sidewalk:both" v="separate"/>
    <tag k="surface" v="concrete"/>
    <tag k="turn:lanes" v="||right"/>
  </way>
  <way id="620592789">
    <nd ref="258021865"/>
    <nd ref="5863214354"/>
    <nd ref="6990621991"/>
    <nd ref="11943616274"/>
    <tag k="cycleway:right" v="no"/>
    <tag k="highway" v="secondary_link"/>
    <tag k="lanes" v="1"/>
    <tag k="loc_ref" v="600 S"/>
    <tag k="name" v="West Harrison Street"/>
    <tag k="name:etymology:wikidata" v="Q11869"/>
    <tag k="oneway" v="yes"/>
    <tag k="turn:lanes" v="right"/>
    <tag k="wikidata" v="Q95486142"/>
  </way>
  <way id="621319018">
    <nd ref="256611285"/>
    <nd ref="4226924600"/>
    <nd ref="5649844398"/>
    <nd ref="13362422201"/>
    <nd ref="11829472896"/>
    <nd ref="9503049071"/>
    <nd ref="428890368"/>
    <nd ref="5869436796"/>
    <tag k="bicycle" v="use_sidepath"/>
    <tag k="cycleway:left" v="separate"/>
    <tag k="highway" v="secondary"/>
    <tag k="name" v="South Clinton Street"/>
    <tag k="name:etymology:wikidata" v="Q527462"/>
    <tag k="name:etymology:wikipedia" v="en:DeWitt Clinton"/>
    <tag k="oneway" v="yes"/>
    <tag k="sidewalk" v="separate"/>
    <tag k="surface" v="asphalt"/>
  </way>
  <way id="623099269">
    <nd ref="418156652"/>
    <nd ref="13768465558"/>
    <nd ref="7515614568"/>
    <nd ref="258955481"/>
    <tag k="hgv" v="designated"/>
    <tag k="highway" v="secondary"/>
    <tag k="lanes" v="2"/>
    <tag k="lit" v="yes"/>
    <tag k="loc_ref" v="150 N"/>
    <tag k="name" v="West Randolph Street"/>
    <tag k="name:etymology:wikidata" v="Q486499"/>
    <tag k="old_ref" v="US 20 Business"/>
    <tag k="oneway" v="yes"/>
    <tag k="source:hgv" v="https://gis-idot.opendata.arcgis.com/datasets/IDOT::designated-truck-routes-state-jurisdiction-truck-route/explore?location=40.542466%2C-88.991188%2C14.60;https://www.gettingaroundillinois.com/MapViewer/?config=DTRconfig.json"/>
    <tag k="surface" v="asphalt"/>
    <tag k="wikidata" v="Q7291867"/>
    <tag k="wikipedia" v="en:Randolph Street"/>
  </way>
  <way id="623099270">
    <nd ref="410791896"/>
    <nd ref="258955481"/>
    <tag k="highway" v="secondary"/>
    <tag k="loc_ref" v="800 W"/>
    <tag k="name" v="North Halsted Street"/>
    <tag k="name:etymology:wikidata" v="Q119522049"/>
    <tag k="name:zh" v="豪斯特路"/>
    <tag k="surface" v="asphalt"/>
    <tag k="wikidata" v="Q5643579"/>
    <tag k="wikipedia" v="en:Halsted Street"/>
  </way>
  <way id="624682398">
    <nd ref="9247470994"/>
    <nd ref="8229061720"/>
    <nd ref="8229061719"/>
    <nd ref="1337351533"/>
    <tag k="bicycle" v="use_sidepath"/>
    <tag k="bridge" v="yes"/>
    <tag k="cycleway" v="separate"/>
    <tag k="cycleway:both" v="separate"/>
    <tag k="highway" v="secondary"/>
    <tag k="lanes" v="2"/>
    <tag k="layer" v="1"/>
    <tag k="lit" v="yes"/>
    <tag k="loc_ref" v="600 S"/>
    <tag k="name" v="West Harrison Street"/>
    <tag k="name:etymology:wikidata" v="Q11869"/>
    <tag k="sidewalk:both" v="separate"/>
    <tag k="surface" v="concrete"/>
    <tag k="wikidata" v="Q95486142"/>
  </way>
  <way id="626125267">
    <nd ref="271166846"/>
    <nd ref="5911175131"/>
    <nd ref="5911171811"/>
    <nd ref="271166854"/>
    <tag k="cycleway:right" v="no"/>
    <tag k="highway" v="secondary_link"/>
    <tag k="lanes" v="1"/>
    <tag k="oneway" v="yes"/>
    <tag k="surface" v="concrete"/>
  </way>
  <way id="628761687">
    <nd ref="258020713"/>
    <nd ref="7520846972"/>
    <nd ref="709360702"/>
    <nd ref="258956042"/>
    <tag k="hgv" v="designated"/>
    <tag k="highway" v="secondary"/>
    <tag k="lanes" v="3"/>
    <tag k="lit" v="yes"/>
    <tag k="loc_ref" v="150 N"/>
    <tag k="name" v="West Randolph Street"/>
    <tag k="name:etymology:wikidata" v="Q486499"/>
    <tag k="old_ref" v="US 20 Business"/>
    <tag k="oneway" v="yes"/>
    <tag k="source:hgv" v="https://gis-idot.opendata.arcgis.com/datasets/IDOT::designated-truck-routes-state-jurisdiction-truck-route/explore?location=40.542466%2C-88.991188%2C14.60;https://www.gettingaroundillinois.com/MapViewer/?config=DTRconfig.json"/>
    <tag k="surface" v="asphalt"/>
    <tag k="wikidata" v="Q7291867"/>
    <tag k="wikipedia" v="en:Randolph Street"/>
  </way>
  <way id="628761688">
    <nd ref="258020207"/>
    <nd ref="9309566037"/>
    <nd ref="5637868369"/>
    <nd ref="12342753518"/>
    <nd ref="11919024078"/>
    <nd ref="9309566053"/>
    <nd ref="258020206"/>
    <tag k="bicycle" v="designated"/>
    <tag k="highway" v="secondary"/>
    <tag k="name" v="North Jefferson Street"/>
    <tag k="name:etymology:wikidata" v="Q11812"/>
    <tag k="name:etymology:wikipedia" v="en:Thomas Jefferson"/>
    <tag k="oneway" v="yes"/>
    <tag k="sidewalk:both" v="separate"/>
    <tag k="surface" v="asphalt"/>
  </way>
  <way id="628764304">
    <nd ref="5936364885"/>
    <nd ref="7515614512"/>
    <nd ref="258020678"/>
    <tag k="highway" v="secondary"/>
    <tag k="lanes" v="3"/>
    <tag k="loc_ref" v="0 N/S"/>
    <tag k="name" v="West Madison Street"/>
    <tag k="name:etymology:wikidata" v="Q11813"/>
    <tag k="oneway" v="yes"/>
    <tag k="sidewalk:both" v="separate"/>
    <tag k="turn:lanes" v="left|through|through"/>
    <tag k="wikidata" v="Q3276131"/>
    <tag k="wikipedia" v="en:Madison Street (Chicago)"/>
  </way>
  <way id="628764537">
    <nd ref="5936364887"/>
    <nd ref="9309566035"/>
    <nd ref="258020207"/>
    <tag k="cycleway:right" v="lane"/>
    <tag k="cycleway:right:buffer" v="yes"/>
    <tag k="hgv" v="designated"/>
    <tag k="highway" v="secondary"/>
    <tag k="lanes" v="4"/>
    <tag k="name" v="West Washington Boulevard"/>
    <tag k="name:etymology:wikidata" v="Q23"/>
    <tag k="old_ref" v="US 20 Business"/>
    <tag k="oneway" v="yes"/>
    <tag k="sidewalk:both" v="separate"/>
    <tag k="source:hgv" v="https://gis-idot.opendata.arcgis.com/datasets/IDOT::designated-truck-routes-state-jurisdiction-truck-route/explore?location=40.542466%2C-88.991188%2C14.60;https://www.gettingaroundillinois.com/MapViewer/?config=DTRconfig.json"/>
    <tag k="surface" v="asphalt"/>
  </way>
  <way id="628765732">
    <nd ref="5936364886"/>
    <nd ref="9309566039"/>
    <nd ref="258020207"/>
    <tag k="highway" v="secondary"/>
    <tag k="name" v="North Jefferson Street"/>
    <tag k="name:etymology:wikidata" v="Q11812"/>
    <tag k="name:etymology:wikipedia" v="en:Thomas Jefferson"/>
    <tag k="oneway" v="yes"/>
    <tag k="sidewalk:both" v="separate"/>
    <tag k="surface" v="asphalt"/>
  </way>
  <way id="632301929">
    <nd ref="3772730266"/>
    <nd ref="9309565726"/>
    <nd ref="5978245804"/>
    <nd ref="5978245806"/>
    <nd ref="5970344124"/>
    <nd ref="5970344126"/>
    <nd ref="9309565730"/>
    <nd ref="5978245808"/>
    <nd ref="9309565734"/>
    <nd ref="5970344127"/>
    <nd ref="9309565739"/>
    <nd ref="5978245810"/>
    <nd ref="9309565747"/>
    <nd ref="5970344129"/>
    <nd ref="9309565746"/>
    <nd ref="13505325457"/>
    <nd ref="5970344134"/>
    <nd ref="12688601817"/>
    <nd ref="5970344133"/>
    <tag k="highway" v="secondary"/>
    <tag k="lanes" v="2"/>
    <tag k="loc_ref" v="0 N/S"/>
    <tag k="name" v="West Madison Street"/>
    <tag k="name:etymology:wikidata" v="Q11813"/>
    <tag k="sidewalk:both" v="separate"/>
    <tag k="surface" v="asphalt"/>
    <tag k="wikidata" v="Q3276131"/>
    <tag k="wikipedia" v="en:Madison Street (Chicago)"/>
  </way>
  <way id="632301930">
    <nd ref="4322736142"/>
    <nd ref="5978234467"/>
    <nd ref="11158033147"/>
    <nd ref="288070420"/>
    <tag k="highway" v="secondary"/>
    <tag k="loc_ref" v="0 N/S"/>
    <tag k="name" v="West Madison Street"/>
    <tag k="name:etymology:wikidata" v="Q11813"/>
    <tag k="sidewalk:both" v="separate"/>
    <tag k="wikidata" v="Q3276131"/>
    <tag k="wikipedia" v="en:Madison Street (Chicago)"/>
  </way>
  <way id="633300053">
    <nd ref="5970344133"/>
    <nd ref="5978234450"/>
    <nd ref="9309565712"/>
    <nd ref="5970344154"/>
    <tag k="highway" v="secondary"/>
    <tag k="lanes" v="2"/>
    <tag k="loc_ref" v="0 N/S"/>
    <tag k="name" v="West Madison Street"/>
    <tag k="name:etymology:wikidata" v="Q11813"/>
    <tag k="sidewalk:both" v="separate"/>
    <tag k="wikidata" v="Q3276131"/>
    <tag k="wikipedia" v="en:Madison Street (Chicago)"/>
  </way>
  <way id="633300054">
    <nd ref="261209662"/>
    <nd ref="9115266671"/>
    <nd ref="12292976198"/>
    <nd ref="7520847089"/>
    <nd ref="5970344135"/>
    <nd ref="7520847082"/>
    <nd ref="5978234455"/>
    <nd ref="9747444364"/>
    <nd ref="5970344137"/>
    <nd ref="9309565698"/>
    <nd ref="5970344142"/>
    <nd ref="9309565701"/>
    <nd ref="12251436177"/>
    <nd ref="5978234457"/>
    <nd ref="7520846906"/>
    <nd ref="261209658"/>
    <nd ref="7520846898"/>
    <nd ref="5978234459"/>
    <tag k="highway" v="secondary"/>
    <tag k="lanes" v="2"/>
    <tag k="loc_ref" v="0 N/S"/>
    <tag k="name" v="West Madison Street"/>
    <tag k="name:etymology:wikidata" v="Q11813"/>
    <tag k="sidewalk:both" v="separate"/>
    <tag k="wikidata" v="Q3276131"/>
    <tag k="wikipedia" v="en:Madison Street (Chicago)"/>
  </way>
  <way id="633300067">
    <nd ref="5978234459"/>
    <nd ref="7520833676"/>
    <nd ref="258955476"/>
    <tag k="highway" v="secondary"/>
    <tag k="lanes" v="2"/>
    <tag k="loc_ref" v="0 N/S"/>
    <tag k="name" v="West Madison Street"/>
    <tag k="name:etymology:wikidata" v="Q11813"/>
    <tag k="sidewalk:both" v="separate"/>
    <tag k="turn:lanes" v="left|"/>
    <tag k="wikidata" v="Q3276131"/>
    <tag k="wikipedia" v="en:Madison Street (Chicago)"/>
  </way>
  <way id="633300069">
    <nd ref="258955476"/>
    <nd ref="7520833672"/>
    <nd ref="5978234463"/>
    <nd ref="5978234461"/>
    <nd ref="5970344148"/>
    <nd ref="7520833664"/>
    <nd ref="261885955"/>
    <tag k="highway" v="secondary"/>
    <tag k="lanes" v="2"/>
    <tag k="loc_ref" v="0 N/S"/>
    <tag k="name" v="West Madison Street"/>
    <tag k="name:etymology:wikidata" v="Q11813"/>
    <tag k="parking:both" v="lane"/>
    <tag k="parking:both:orientation" v="parallel"/>
    <tag k="sidewalk:both" v="separate"/>
    <tag k="wikidata" v="Q3276131"/>
    <tag k="wikipedia" v="en:Madison Street (Chicago)"/>
  </way>
  <way id="656027427">
    <nd ref="13735345596"/>
    <nd ref="1308165690"/>
    <nd ref="1619646554"/>
    <nd ref="1308165701"/>
    <nd ref="4336249444"/>
    <tag k="bicycle" v="use_sidepath"/>
    <tag k="cycleway:left" v="no"/>
    <tag k="cycleway:right" v="separate"/>
    <tag k="highway" v="secondary"/>
    <tag k="lanes" v="2"/>
    <tag k="loc_ref" v="800 W"/>
    <tag k="name" v="South Halsted Street"/>
    <tag k="name:etymology:wikidata" v="Q119522049"/>
    <tag k="name:zh" v="豪斯特路"/>
    <tag k="oneway" v="yes"/>
    <tag k="sidewalk:left" v="no"/>
    <tag k="sidewalk:right" v="separate"/>
    <tag k="surface" v="asphalt"/>
    <tag k="wikidata" v="Q5643579"/>
    <tag k="wikipedia" v="en:Halsted Street"/>
  </way>
  <way id="656027428">
    <nd ref="1619646535"/>
    <nd ref="1619646534"/>
    <tag k="highway" v="residential"/>
    <tag k="name" v="West Polk Street"/>
    <tag k="oneway" v="yes"/>
  </way>
  <way id="660554893">
    <nd ref="1309327020"/>
    <nd ref="4226840293"/>
    <nd ref="427144773"/>
    <nd ref="11151893685"/>
    <nd ref="261307486"/>
    <tag k="highway" v="residential"/>
    <tag k="name" v="West Cabrini Street"/>
    <tag k="name:etymology:wikidata" v="Q238983"/>
    <tag k="name:etymology:wikipedia" v="en:Frances Xavier Cabrini"/>
    <tag k="sidewalk:both" v="separate"/>
    <tag k="tiger:cfcc" v="A41"/>
    <tag k="tiger:county" v="Cook, IL"/>
    <tag k="tiger:name_base" v="Cabrini"/>
    <tag k="tiger:name_direction_prefix" v="W"/>
    <tag k="tiger:name_type" v="St"/>
    <tag k="tiger:reviewed" v="no"/>
    <tag k="tiger:zip_left" v="60607"/>
    <tag k="tiger:zip_right" v="60607"/>
  </way>
  <way id="666633619">
    <nd ref="2019419840"/>
    <nd ref="261218223"/>
    <nd ref="10940297685"/>
    <nd ref="261218224"/>
    <nd ref="10940297686"/>
    <nd ref="427144783"/>
    <nd ref="2019419851"/>
    <nd ref="12194833988"/>
    <nd ref="4226840297"/>
    <nd ref="1308245884"/>
    <tag k="highway" v="residential"/>
    <tag k="name" v="West Lexington Street"/>
    <tag k="sidewalk:both" v="separate"/>
    <tag k="tiger:cfcc" v="A41"/>
    <tag k="tiger:county" v="Cook, IL"/>
    <tag k="tiger:name_base" v="Lexington"/>
    <tag k="tiger:name_direction_prefix" v="W"/>
    <tag k="tiger:name_type" v="St"/>
    <tag k="tiger:reviewed" v="no"/>
    <tag k="tiger:zip_left" v="60607"/>
    <tag k="tiger:zip_right" v="60607"/>
  </way>
  <way id="672861347">
    <nd ref="410791918"/>
    <nd ref="9685786452"/>
    <nd ref="12251436199"/>
    <nd ref="12251436198"/>
    <nd ref="9747430801"/>
    <nd ref="9685786460"/>
    <nd ref="12251436195"/>
    <nd ref="261226833"/>
    <tag k="highway" v="unclassified"/>
    <tag k="lane_markings" v="no"/>
    <tag k="lit" v="yes"/>
    <tag k="loc_ref" v="150 N"/>
    <tag k="name" v="West Randolph Street"/>
    <tag k="name:etymology:wikidata" v="Q486499"/>
    <tag k="oneway" v="yes"/>
    <tag k="parking:left" v="no"/>
    <tag k="parking:right" v="separate"/>
    <tag k="surface" v="asphalt"/>
    <tag k="wikidata" v="Q7291867"/>
    <tag k="wikipedia" v="en:Randolph Street"/>
  </way>
  <way id="672861348">
    <nd ref="418155691"/>
    <nd ref="410791915"/>
    <tag k="highway" v="residential"/>
    <tag k="name" v="North Carpenter Street"/>
    <tag k="tiger:cfcc" v="A41"/>
    <tag k="tiger:county" v="Cook, IL"/>
    <tag k="tiger:name_base" v="Carpenter"/>
    <tag k="tiger:name_direction_prefix" v="N"/>
    <tag k="tiger:name_type" v="St"/>
    <tag k="tiger:zip_left" v="60622"/>
    <tag k="tiger:zip_right" v="60622"/>
  </way>
  <way id="672861350">
    <nd ref="418155691"/>
    <nd ref="9115266727"/>
    <nd ref="9747430816"/>
    <nd ref="9115266736"/>
    <nd ref="418155683"/>
    <nd ref="9115266740"/>
    <nd ref="9747430811"/>
    <nd ref="9733226953"/>
    <nd ref="418155686"/>
    <tag k="hgv" v="designated"/>
    <tag k="highway" v="secondary"/>
    <tag k="lanes" v="2"/>
    <tag k="lit" v="yes"/>
    <tag k="loc_ref" v="150 N"/>
    <tag k="name" v="West Randolph Street"/>
    <tag k="name:etymology:wikidata" v="Q486499"/>
    <tag k="old_ref" v="US 20 Business"/>
    <tag k="oneway" v="yes"/>
    <tag k="source:hgv" v="https://gis-idot.opendata.arcgis.com/datasets/IDOT::designated-truck-routes-state-jurisdiction-truck-route/explore?location=40.542466%2C-88.991188%2C14.60;https://www.gettingaroundillinois.com/MapViewer/?config=DTRconfig.json"/>
    <tag k="wikidata" v="Q7291867"/>
    <tag k="wikipedia" v="en:Randolph Street"/>
  </way>
  <way id="672861353">
    <nd ref="410791902"/>
    <nd ref="418155691"/>
    <tag k="highway" v="residential"/>
    <tag k="name" v="North Carpenter Street"/>
    <tag k="tiger:cfcc" v="A41"/>
    <tag k="tiger:county" v="Cook, IL"/>
    <tag k="tiger:name_base" v="Carpenter"/>
    <tag k="tiger:name_direction_prefix" v="N"/>
    <tag k="tiger:name_type" v="St"/>
    <tag k="tiger:zip_left" v="60622"/>
    <tag k="tiger:zip_right" v="60622"/>
  </way>
  <way id="672861355">
    <nd ref="410791901"/>
    <nd ref="9115265409"/>
    <nd ref="12251463209"/>
    <nd ref="12251463210"/>
    <nd ref="9747444330"/>
    <nd ref="9115265404"/>
    <nd ref="410791900"/>
    <tag k="highway" v="tertiary"/>
    <tag k="lit" v="yes"/>
    <tag k="loc_ref" v="150 N"/>
    <tag k="name" v="West Randolph Street"/>
    <tag k="name:etymology:wikidata" v="Q486499"/>
    <tag k="oneway" v="yes"/>
    <tag k="wikidata" v="Q7291867"/>
    <tag k="wikipedia" v="en:Randolph Street"/>
  </way>
  <way id="682944104">
    <nd ref="1308089774"/>
    <nd ref="6053916109"/>
    <nd ref="5632900483"/>
    <nd ref="1885792203"/>
    <nd ref="2989731654"/>
    <tag k="cycleway:right" v="track"/>
    <tag k="highway" v="secondary"/>
    <tag k="lanes" v="1"/>
    <tag k="lit" v="yes"/>
    <tag k="loc_ref" v="600 S"/>
    <tag k="maxspeed" v="20 mph"/>
    <tag k="name" v="West Harrison Street"/>
    <tag k="name:etymology:wikidata" v="Q11869"/>
    <tag k="oneway" v="yes"/>
    <tag k="sidewalk:right" v="separate"/>
    <tag k="source:maxspeed" v="sign"/>
    <tag k="surface" v="asphalt"/>
    <tag k="wikidata" v="Q95486142"/>
  </way>
  <way id="685624516">
    <nd ref="8928735388"/>
    <nd ref="1619741491"/>
    <nd ref="9309565679"/>
    <nd ref="258020677"/>
    <tag k="highway" v="secondary"/>
    <tag k="lanes" v="3"/>
    <tag k="name" v="South Jefferson Street"/>
    <tag k="name:etymology:wikidata" v="Q11812"/>
    <tag k="name:etymology:wikipedia" v="en:Thomas Jefferson"/>
    <tag k="oneway" v="yes"/>
  </way>
  <way id="693992497">
    <nd ref="418074944"/>
    <nd ref="9503048987"/>
    <nd ref="6515733852"/>
    <tag k="highway" v="residential"/>
    <tag k="name" v="West Cabrini Street"/>
    <tag k="name:etymology:wikidata" v="Q238983"/>
    <tag k="name:etymology:wikipedia" v="en:Frances Xavier Cabrini"/>
    <tag k="sidewalk:left" v="no"/>
    <tag k="sidewalk:right" v="separate"/>
    <tag k="tiger:cfcc" v="A41"/>
    <tag k="tiger:county" v="Cook, IL"/>
    <tag k="tiger:name_base" v="Cabrini"/>
    <tag k="tiger:name_direction_prefix" v="W"/>
    <tag k="tiger:name_type" v="St"/>
    <tag k="tiger:reviewed" v="no"/>
  </way>
  <way id="693992498">
    <nd ref="415475360"/>
    <nd ref="9503048957"/>
    <nd ref="9309565632"/>
    <nd ref="415475474"/>
    <tag k="highway" v="residential"/>
    <tag k="name" v="West Cabrini Street"/>
    <tag k="name:etymology:wikidata" v="Q238983"/>
    <tag k="name:etymology:wikipedia" v="en:Frances Xavier Cabrini"/>
    <tag k="tiger:cfcc" v="A41"/>
    <tag k="tiger:county" v="Cook, IL"/>
    <tag k="tiger:name_base" v="Cabrini"/>
    <tag k="tiger:name_direction_prefix" v="W"/>
    <tag k="tiger:name_type" v="St"/>
    <tag k="tiger:reviewed" v="no"/>
  </way>
  <way id="705229654">
    <nd ref="6624577285"/>
    <nd ref="7015593965"/>
    <nd ref="258020680"/>
    <tag k="highway" v="secondary"/>
    <tag k="lanes" v="3"/>
    <tag k="lanes:bus" v="1"/>
    <tag k="loc_ref" v="0 N/S"/>
    <tag k="name" v="West Madison Street"/>
    <tag k="name:etymology:wikidata" v="Q11813"/>
    <tag k="oneway" v="yes"/>
    <tag k="sidewalk:both" v="separate"/>
    <tag k="wikidata" v="Q3276131"/>
    <tag k="wikipedia" v="en:Madison Street (Chicago)"/>
  </way>
  <way id="706407767">
    <nd ref="1337351531"/>
    <nd ref="9503049042"/>
    <nd ref="2207484782"/>
    <nd ref="9503049055"/>
    <nd ref="428891518"/>
    <nd ref="428890369"/>
    <tag k="highway" v="secondary"/>
    <tag k="lanes" v="3"/>
    <tag k="name" v="South Jefferson Street"/>
    <tag k="name:etymology:wikidata" v="Q11812"/>
    <tag k="name:etymology:wikipedia" v="en:Thomas Jefferson"/>
    <tag k="oneway" v="yes"/>
    <tag k="sidewalk:both" v="separate"/>
    <tag k="surface" v="asphalt"/>
  </way>
  <way id="706407770">
    <nd ref="428890372"/>
    <nd ref="428891522"/>
    <nd ref="624847194"/>
    <tag k="cycleway:right" v="lane"/>
    <tag k="cycleway:right:buffer" v="yes"/>
    <tag k="highway" v="secondary"/>
    <tag k="lanes" v="4"/>
    <tag k="maxspeed" v="30 mph"/>
    <tag k="name" v="South Desplaines Street"/>
    <tag k="oneway" v="yes"/>
    <tag k="sidewalk:both" v="separate"/>
  </way>
  <way id="709495560">
    <nd ref="9673870666"/>
    <nd ref="6668857201"/>
    <nd ref="13841865309"/>
    <nd ref="262174301"/>
    <tag k="highway" v="tertiary"/>
    <tag k="lanes" v="2"/>
    <tag k="name" v="West Congress Parkway"/>
    <tag k="oneway" v="yes"/>
  </way>
  <way id="709495561">
    <nd ref="262174299"/>
    <nd ref="1640052507"/>
    <nd ref="1884778060"/>
    <nd ref="8955051797"/>
    <nd ref="262174297"/>
    <tag k="highway" v="tertiary"/>
    <tag k="lanes" v="2"/>
    <tag k="name" v="West Congress Parkway"/>
    <tag k="oneway" v="yes"/>
    <tag k="turn:lanes" v="left|right"/>
  </way>
  <way id="722265618">
    <nd ref="5640320336"/>
    <nd ref="4336249689"/>
    <tag k="highway" v="secondary"/>
    <tag k="loc_ref" v="800 W"/>
    <tag k="name" v="South Halsted Street"/>
    <tag k="name:etymology:wikidata" v="Q119522049"/>
    <tag k="name:zh" v="豪斯特路"/>
    <tag k="surface" v="asphalt"/>
    <tag k="wikidata" v="Q5643579"/>
    <tag k="wikipedia" v="en:Halsted Street"/>
  </way>
  <way id="737360613">
    <nd ref="5970344127"/>
    <nd ref="6903448856"/>
    <nd ref="9309565705"/>
    <nd ref="7061644106"/>
    <nd ref="9747444350"/>
    <nd ref="9685786433"/>
    <nd ref="261143289"/>
    <tag k="highway" v="residential"/>
    <tag k="name" v="North Throop Street"/>
    <tag k="sidewalk:both" v="separate"/>
    <tag k="tiger:cfcc" v="A41"/>
    <tag k="tiger:county" v="Cook, IL"/>
    <tag k="tiger:name_base" v="Throop"/>
    <tag k="tiger:name_direction_prefix" v="N"/>
    <tag k="tiger:name_type" v="St"/>
    <tag k="tiger:reviewed" v="no"/>
    <tag k="tiger:zip_left" v="60607"/>
    <tag k="tiger:zip_right" v="60607"/>
  </way>
  <way id="745472356">
    <nd ref="6978056606"/>
    <nd ref="9391285697"/>
    <nd ref="13659986897"/>
    <nd ref="256592105"/>
    <tag k="highway" v="residential"/>
    <tag k="name" v="West Polk Street"/>
    <tag k="sidewalk:both" v="separate"/>
    <tag k="surface" v="asphalt"/>
    <tag k="tiger:cfcc" v="A41"/>
    <tag k="tiger:county" v="Cook, IL"/>
    <tag k="tiger:name_base" v="Polk"/>
    <tag k="tiger:name_direction_prefix" v="W"/>
    <tag k="tiger:name_type" v="St"/>
    <tag k="tiger:reviewed" v="no"/>
    <tag k="tiger:zip_left" v="60607"/>
    <tag k="tiger:zip_right" v="60607"/>
  </way>
  <way id="746731759">
    <nd ref="11874844286"/>
    <nd ref="261121575"/>
    <tag k="bicycle" v="yes"/>
    <tag k="bridge" v="yes"/>
    <tag k="cycleway" v="lane"/>
    <tag k="cycleway:both:buffer" v="yes"/>
    <tag k="highway" v="secondary"/>
    <tag k="lanes" v="3"/>
    <tag k="lanes:backward" v="2"/>
    <tag k="lanes:forward" v="1"/>
    <tag k="layer" v="1"/>
    <tag k="loc_ref" v="600 S"/>
    <tag k="name" v="West Harrison Street"/>
    <tag k="name:etymology:wikidata" v="Q11869"/>
    <tag k="sidewalk:both" v="separate"/>
    <tag k="surface" v="paved"/>
    <tag k="turn:lanes:backward" v="left|"/>
    <tag k="wikidata" v="Q95486142"/>
  </way>
  <way id="746731762">
    <nd ref="6987903200"/>
    <nd ref="704745556"/>
    <tag k="bridge" v="movable"/>
    <tag k="bridge:movable" v="bascule"/>
    <tag k="highway" v="motorway"/>
    <tag k="lanes" v="4"/>
    <tag k="layer" v="1"/>
    <tag k="maxheight" v="13'6&quot;"/>
    <tag k="maxweight" v="120000 lbs"/>
    <tag k="maxwidth" v="12'0&quot;"/>
    <tag k="name" v="Eisenhower Expressway"/>
    <tag k="oneway" v="yes"/>
    <tag k="source:maxlength" v="https://idot.illinois.gov/content/dam/soi/en/web/idot/documents/doing-business/specialty-lists/highways/permits/permanentrestrictedroads.pdf"/>
    <tag k="source:maxweight" v="https://idot.illinois.gov/content/dam/soi/en/web/idot/documents/doing-business/specialty-lists/highways/permits/permanentrestrictedroads.pdf"/>
    <tag k="source:maxwidth" v="https://idot.illinois.gov/content/dam/soi/en/web/idot/documents/doing-business/specialty-lists/highways/permits/permanentrestrictedroads.pdf"/>
  </way>
  <way id="746731765">
    <nd ref="271154396"/>
    <nd ref="10733058546"/>
    <tag k="highway" v="motorway"/>
    <tag k="lanes" v="4"/>
    <tag k="maxheight" v="13'6&quot;"/>
    <tag k="maxweight" v="120000 lbs"/>
    <tag k="maxwidth" v="12'0&quot;"/>
    <tag k="name" v="Eisenhower Expressway"/>
    <tag k="old_name" v="West Congress Parkway"/>
    <tag k="oneway" v="yes"/>
    <tag k="source:maxlength" v="https://idot.illinois.gov/content/dam/soi/en/web/idot/documents/doing-business/specialty-lists/highways/permits/permanentrestrictedroads.pdf"/>
    <tag k="source:maxweight" v="https://idot.illinois.gov/content/dam/soi/en/web/idot/documents/doing-business/specialty-lists/highways/permits/permanentrestrictedroads.pdf"/>
    <tag k="source:maxwidth" v="https://idot.illinois.gov/content/dam/soi/en/web/idot/documents/doing-business/specialty-lists/highways/permits/permanentrestrictedroads.pdf"/>
  </way>
  <way id="746731766">
    <nd ref="271154389"/>
    <nd ref="740368770"/>
    <nd ref="1232727266"/>
    <nd ref="11874814608"/>
    <tag k="bridge" v="yes"/>
    <tag k="highway" v="motorway"/>
    <tag k="lanes" v="4"/>
    <tag k="layer" v="1"/>
    <tag k="maxheight" v="13'6&quot;"/>
    <tag k="maxweight" v="120000 lbs"/>
    <tag k="maxwidth" v="12'0&quot;"/>
    <tag k="name" v="Eisenhower Expressway"/>
    <tag k="old_name" v="West Congress Parkway"/>
    <tag k="oneway" v="yes"/>
    <tag k="source:maxlength" v="https://idot.illinois.gov/content/dam/soi/en/web/idot/documents/doing-business/specialty-lists/highways/permits/permanentrestrictedroads.pdf"/>
    <tag k="source:maxweight" v="https://idot.illinois.gov/content/dam/soi/en/web/idot/documents/doing-business/specialty-lists/highways/permits/permanentrestrictedroads.pdf"/>
    <tag k="source:maxwidth" v="https://idot.illinois.gov/content/dam/soi/en/web/idot/documents/doing-business/specialty-lists/highways/permits/permanentrestrictedroads.pdf"/>
  </way>
  <way id="746733964">
    <nd ref="6987914952"/>
    <nd ref="6987861775"/>
    <tag k="bicycle" v="yes"/>
    <tag k="bridge" v="movable"/>
    <tag k="bridge:movable" v="bascule"/>
    <tag k="cycleway" v="lane"/>
    <tag k="cycleway:both:buffer" v="yes"/>
    <tag k="highway" v="secondary"/>
    <tag k="lanes" v="3"/>
    <tag k="lanes:backward" v="2"/>
    <tag k="lanes:forward" v="1"/>
    <tag k="layer" v="1"/>
    <tag k="loc_ref" v="600 S"/>
    <tag k="name" v="West Harrison Street"/>
    <tag k="name:etymology:wikidata" v="Q11869"/>
    <tag k="sidewalk:both" v="separate"/>
    <tag k="surface" v="metal_grid"/>
    <tag k="turn:lanes:backward" v="left|"/>
    <tag k="wikidata" v="Q95486142"/>
  </way>
  <way id="746755311">
    <nd ref="6988089358"/>
    <nd ref="11892363488"/>
    <nd ref="11892363490"/>
    <nd ref="13135500867"/>
    <nd ref="7342370244"/>
    <nd ref="4227056440"/>
    <nd ref="10925885725"/>
    <nd ref="7015593976"/>
    <nd ref="428888035"/>
    <tag k="highway" v="secondary"/>
    <tag k="loc_ref" v="400 S"/>
    <tag k="name" v="West Van Buren Street"/>
    <tag k="name:etymology:wikidata" v="Q11820"/>
    <tag k="oneway" v="yes"/>
    <tag k="sidewalk" v="separate"/>
    <tag k="wikidata" v="Q115806095"/>
    <tag k="wikipedia" v="en:Van Buren Street"/>
  </way>
  <way id="746755321">
    <nd ref="6988114220"/>
    <nd ref="929515143"/>
    <tag k="bridge" v="movable"/>
    <tag k="bridge:movable" v="bascule"/>
    <tag k="highway" v="secondary"/>
    <tag k="layer" v="1"/>
    <tag k="loc_ref" v="300 S"/>
    <tag k="name" v="West Jackson Boulevard"/>
    <tag k="name:etymology:wikidata" v="Q11817"/>
    <tag k="old_ref" v="US 66"/>
    <tag k="oneway" v="yes"/>
    <tag k="ref" v="US 66 Hist"/>
    <tag k="sidewalk:both" v="separate"/>
    <tag k="surface" v="concrete"/>
    <tag k="wikidata" v="Q96942479"/>
    <tag k="wikipedia" v="en:Jackson Boulevard"/>
  </way>
  <way id="750293703">
    <nd ref="7015619031"/>
    <nd ref="7335736855"/>
    <nd ref="3772730264"/>
    <tag k="bicycle" v="use_sidepath"/>
    <tag k="cycleway:right" v="separate"/>
    <tag k="hgv" v="designated"/>
    <tag k="highway" v="secondary"/>
    <tag k="lanes" v="2"/>
    <tag k="lit" v="yes"/>
    <tag k="loc_ref" v="150 N"/>
    <tag k="name" v="West Randolph Street"/>
    <tag k="name:etymology:wikidata" v="Q486499"/>
    <tag k="old_ref" v="US 20 Business"/>
    <tag k="oneway" v="yes"/>
    <tag k="source:hgv" v="https://gis-idot.opendata.arcgis.com/datasets/IDOT::designated-truck-routes-state-jurisdiction-truck-route/explore?location=40.542466%2C-88.991188%2C14.60;https://www.gettingaroundillinois.com/MapViewer/?config=DTRconfig.json"/>
    <tag k="turn:lanes" v="left|through|through|through"/>
    <tag k="wikidata" v="Q7291867"/>
    <tag k="wikipedia" v="en:Randolph Street"/>
  </way>
  <way id="750296166">
    <nd ref="7015621045"/>
    <nd ref="10922694017"/>
    <tag k="bridge" v="movable"/>
    <tag k="bridge:movable" v="bascule"/>
    <tag k="cycleway:right" v="lane"/>
    <tag k="cycleway:right:buffer" v="no"/>
    <tag k="hgv" v="designated"/>
    <tag k="highway" v="secondary"/>
    <tag k="lanes" v="3"/>
    <tag k="layer" v="1"/>
    <tag k="loc_ref" v="100 N"/>
    <tag k="name" v="West Washington Street"/>
    <tag k="name:etymology:wikidata" v="Q23"/>
    <tag k="oneway" v="yes"/>
    <tag k="parking" v="no"/>
    <tag k="sidewalk:both" v="separate"/>
    <tag k="source:hgv" v="https://gis-idot.opendata.arcgis.com/datasets/IDOT::designated-truck-routes-state-jurisdiction-truck-route/explore?location=40.542466%2C-88.991188%2C14.60;https://www.gettingaroundillinois.com/MapViewer/?config=DTRconfig.json"/>
    <tag k="surface" v="metal"/>
    <tag k="turn:lanes" v="left||"/>
  </way>
  <way id="750296170">
    <nd ref="271167049"/>
    <nd ref="7015621039"/>
    <nd ref="7015621040"/>
    <nd ref="271167057"/>
    <tag k="cycleway:right" v="no"/>
    <tag k="highway" v="secondary_link"/>
    <tag k="lanes" v="1"/>
    <tag k="oneway" v="yes"/>
    <tag k="surface" v="concrete"/>
  </way>
  <way id="759036186">
    <nd ref="6637892314"/>
    <nd ref="4382806384"/>
    <tag k="bicycle" v="use_sidepath"/>
    <tag k="cycleway:left" v="separate"/>
    <tag k="highway" v="secondary"/>
    <tag k="lanes" v="2"/>
    <tag k="name" v="South Clinton Street"/>
    <tag k="name:etymology:wikidata" v="Q527462"/>
    <tag k="name:etymology:wikipedia" v="en:DeWitt Clinton"/>
    <tag k="oneway" v="yes"/>
    <tag k="surface" v="asphalt"/>
  </way>
  <way id="762465599">
    <nd ref="5936428345"/>
    <nd ref="4227056476"/>
    <nd ref="13746350799"/>
    <nd ref="258020218"/>
    <tag k="highway" v="secondary"/>
    <tag k="lanes" v="3"/>
    <tag k="loc_ref" v="0 N/S"/>
    <tag k="name" v="West Madison Street"/>
    <tag k="name:etymology:wikidata" v="Q11813"/>
    <tag k="oneway" v="yes"/>
    <tag k="surface" v="asphalt"/>
    <tag k="wikidata" v="Q3276131"/>
    <tag k="wikipedia" v="en:Madison Street (Chicago)"/>
  </way>
  <way id="762465600">
    <nd ref="7124346245"/>
    <nd ref="4227056480"/>
    <nd ref="258020218"/>
    <tag k="bicycle" v="use_sidepath"/>
    <tag k="cycleway:left" v="separate"/>
    <tag k="highway" v="secondary"/>
    <tag k="lanes" v="2"/>
    <tag k="name" v="North Clinton Street"/>
    <tag k="name:etymology:wikidata" v="Q527462"/>
    <tag k="name:etymology:wikipedia" v="en:DeWitt Clinton"/>
    <tag k="oneway" v="yes"/>
  </way>
  <way id="771272414">
    <nd ref="5705652371"/>
    <nd ref="3762330290"/>
    <nd ref="5705652372"/>
    <nd ref="5705652373"/>
    <nd ref="1647610282"/>
    <nd ref="9167209423"/>
    <tag k="bridge" v="yes"/>
    <tag k="destination" v="Ida B Wells Drive;Wacker Drive;Harrison Street;Chicago Loop"/>
    <tag k="highway" v="motorway_link"/>
    <tag k="lanes" v="1"/>
    <tag k="layer" v="1"/>
    <tag k="oneway" v="yes"/>
    <tag k="surface" v="concrete"/>
  </way>
  <way id="815669797">
    <nd ref="1647467800"/>
    <nd ref="1647474355"/>
    <nd ref="1647474335"/>
    <nd ref="1647474330"/>
    <nd ref="1647474371"/>
    <nd ref="1647474366"/>
    <nd ref="10264134796"/>
    <nd ref="12001199275"/>
    <nd ref="1647474352"/>
    <nd ref="7911018049"/>
    <nd ref="10278851034"/>
    <nd ref="12001199274"/>
    <nd ref="7911018050"/>
    <nd ref="1647470013"/>
    <tag k="destination" v="Madison Street;Washington Street;Randolph Street;Wisconsin;Kennedy Expressway;Lake Street"/>
    <tag k="destination:ref" v="I 90 West;I 94 West"/>
    <tag k="highway" v="motorway_link"/>
    <tag k="lanes" v="2"/>
    <tag k="note" v="both lanes continue to I9094"/>
    <tag k="oneway" v="yes"/>
    <tag k="surface" v="concrete"/>
    <tag k="turn:lanes" v="through|through;slight_right"/>
  </way>
  <way id="825346237">
    <nd ref="7706487490"/>
    <nd ref="9768224946"/>
    <nd ref="7706487489"/>
    <tag k="bridge" v="yes"/>
    <tag k="destination:ref" v="I 90 East;I 94 East"/>
    <tag k="highway" v="motorway_link"/>
    <tag k="layer" v="1"/>
    <tag k="oneway" v="yes"/>
  </way>
  <way id="825346238">
    <nd ref="287257682"/>
    <nd ref="9768224947"/>
    <nd ref="7706487489"/>
    <tag k="bridge" v="yes"/>
    <tag k="destination:ref" v="I 90 East;I 94 East"/>
    <tag k="highway" v="motorway_link"/>
    <tag k="layer" v="1"/>
    <tag k="oneway" v="yes"/>
  </way>
  <way id="833035173">
    <nd ref="27440224"/>
    <nd ref="9878323683"/>
    <nd ref="7342370245"/>
    <nd ref="4497342647"/>
    <nd ref="1629220014"/>
    <nd ref="4227056442"/>
    <nd ref="27440228"/>
    <tag k="highway" v="secondary"/>
    <tag k="lanes" v="2"/>
    <tag k="loc_ref" v="400 S"/>
    <tag k="name" v="West Van Buren Street"/>
    <tag k="name:etymology:wikidata" v="Q11820"/>
    <tag k="oneway" v="yes"/>
    <tag k="sidewalk" v="separate"/>
    <tag k="surface" v="asphalt"/>
    <tag k="wikidata" v="Q115806095"/>
    <tag k="wikipedia" v="en:Van Buren Street"/>
  </way>
  <way id="834906221">
    <nd ref="28358888"/>
    <nd ref="28358944"/>
    <tag k="highway" v="secondary"/>
    <tag k="name" v="West Lake Street"/>
    <tag k="name:etymology:wikidata" v="Q1169"/>
    <tag k="oneway" v="yes"/>
    <tag k="sidewalk" v="separate"/>
    <tag k="surface" v="concrete"/>
    <tag k="wikidata" v="Q3216465"/>
    <tag k="wikipedia" v="en:Lake Street (Chicago)"/>
  </way>
  <way id="860195874">
    <nd ref="258020601"/>
    <nd ref="9768224622"/>
    <nd ref="1657357327"/>
    <nd ref="265647702"/>
    <tag k="highway" v="secondary"/>
    <tag k="name" v="West Lake Street"/>
    <tag k="name:etymology:wikidata" v="Q1169"/>
    <tag k="parking:both" v="lane"/>
    <tag k="sidewalk:both" v="separate"/>
    <tag k="surface" v="asphalt"/>
    <tag k="wikidata" v="Q3216465"/>
    <tag k="wikipedia" v="en:Lake Street (Chicago)"/>
  </way>
  <way id="880036790">
    <nd ref="287247179"/>
    <nd ref="1686120392"/>
    <tag k="bicycle" v="designated"/>
    <tag k="cycleway:left" v="lane"/>
    <tag k="cycleway:left:buffer" v="yes"/>
    <tag k="cycleway:left:lane" v="exclusive"/>
    <tag k="highway" v="secondary"/>
    <tag k="loc_ref" v="300 S"/>
    <tag k="name" v="West Jackson Boulevard"/>
    <tag k="name:etymology:wikidata" v="Q11817"/>
    <tag k="old_ref" v="US 66"/>
    <tag k="oneway" v="yes"/>
    <tag k="ref" v="US 66 Hist"/>
    <tag k="wikidata" v="Q96942479"/>
    <tag k="wikipedia" v="en:Jackson Boulevard"/>
  </way>
  <way id="880036791">
    <nd ref="1686120392"/>
    <nd ref="7515614491"/>
    <nd ref="256613299"/>
    <tag k="bicycle" v="designated"/>
    <tag k="cycleway:left" v="lane"/>
    <tag k="cycleway:left:buffer" v="yes"/>
    <tag k="cycleway:left:lane" v="exclusive"/>
    <tag k="highway" v="secondary"/>
    <tag k="lanes" v="2"/>
    <tag k="loc_ref" v="300 S"/>
    <tag k="name" v="West Jackson Boulevard"/>
    <tag k="name:etymology:wikidata" v="Q11817"/>
    <tag k="old_ref" v="US 66"/>
    <tag k="oneway" v="yes"/>
    <tag k="ref" v="US 66 Hist"/>
    <tag k="surface" v="asphalt"/>
    <tag k="wikidata" v="Q96942479"/>
    <tag k="wikipedia" v="en:Jackson Boulevard"/>
  </way>
  <way id="884247284">
    <nd ref="11943616123"/>
    <nd ref="11943616124"/>
    <nd ref="11943616125"/>
    <nd ref="11943616119"/>
    <nd ref="11943616126"/>
    <nd ref="8223432943"/>
    <nd ref="11943616143"/>
    <nd ref="10278805408"/>
    <nd ref="8223432945"/>
    <nd ref="10278805406"/>
    <nd ref="1647496614"/>
    <tag k="access" v="yes"/>
    <tag k="bridge" v="yes"/>
    <tag k="description" v="Access to offramps"/>
    <tag k="destination" v="Taylor Street"/>
    <tag k="destination:ref" v="I 290 West;I 90 East;I 94 East"/>
    <tag k="highway" v="motorway_link"/>
    <tag k="layer" v="2"/>
    <tag k="lit" v="yes"/>
    <tag k="name" v="Kennedy Expressway"/>
    <tag k="name:etymology:wikidata" v="Q9696"/>
    <tag k="note" v="Opened 12/15/2020"/>
    <tag k="official_name" v="John F. Kennedy Expressway"/>
    <tag k="old_name" v="Northwest Expressway"/>
    <tag k="oneway" v="yes"/>
    <tag k="ref" v="I 90;I 94"/>
    <tag k="wikidata" v="Q1072388"/>
    <tag k="wikipedia" v="en:Kennedy Expressway"/>
  </way>
  <way id="884247285">
    <nd ref="3198513991"/>
    <nd ref="12001199407"/>
    <nd ref="12001199406"/>
    <nd ref="8223432936"/>
    <nd ref="11943616087"/>
    <nd ref="11943616088"/>
    <nd ref="8815131625"/>
    <nd ref="11943616129"/>
    <nd ref="8815131624"/>
    <nd ref="11943751627"/>
    <nd ref="11943751628"/>
    <nd ref="11943751629"/>
    <nd ref="11943751630"/>
    <nd ref="11943751631"/>
    <nd ref="11943616123"/>
    <tag k="access" v="yes"/>
    <tag k="description" v="Access to offramps"/>
    <tag k="destination" v="Taylor Street;Roosevelt Road"/>
    <tag k="destination:ref" v="I 290 West;I 90 East;I 94 East"/>
    <tag k="highway" v="motorway_link"/>
    <tag k="junction:ref" v="51J"/>
    <tag k="lit" v="yes"/>
    <tag k="name" v="Kennedy Expressway"/>
    <tag k="name:etymology:wikidata" v="Q9696"/>
    <tag k="note" v="Opened 12/15/2020"/>
    <tag k="official_name" v="John F. Kennedy Expressway"/>
    <tag k="old_name" v="Northwest Expressway"/>
    <tag k="oneway" v="yes"/>
    <tag k="ref" v="I 90;I 94"/>
    <tag k="wikidata" v="Q1072388"/>
    <tag k="wikipedia" v="en:Kennedy Expressway"/>
  </way>
  <way id="884247621">
    <nd ref="1647496614"/>
    <nd ref="8223432946"/>
    <nd ref="1647504076"/>
    <tag k="bridge" v="yes"/>
    <tag k="description" v="Access to offramps"/>
    <tag k="destination" v="Indiana;Taylor Street"/>
    <tag k="destination:ref" v="I 290 West;I 90 East;I 94 East"/>
    <tag k="highway" v="motorway_link"/>
    <tag k="lanes" v="2"/>
    <tag k="layer" v="2"/>
    <tag k="lit" v="yes"/>
    <tag k="name" v="Dan Ryan Expressway"/>
    <tag k="oneway" v="yes"/>
    <tag k="ref" v="I 90;I 94"/>
  </way>
  <way id="884248580">
    <nd ref="5967446812"/>
    <nd ref="12432913706"/>
    <nd ref="11680993000"/>
    <nd ref="3198513991"/>
    <tag k="access" v="yes"/>
    <tag k="description" v="Access to offramps"/>
    <tag k="destination" v="Ida B Wells Drive;Taylor Street;Roosevelt Road"/>
    <tag k="destination:lanes" v="Ida B Wells Drive;Taylor Street;Roosevelt Road"/>
    <tag k="destination:loc_ref" v="500 South"/>
    <tag k="destination:ref" v="I 290 West;I 90 East;I 94 East"/>
    <tag k="destination:street" v="Congress Parkway"/>
    <tag k="highway" v="motorway_link"/>
    <tag k="lanes" v="1"/>
    <tag k="lit" v="yes"/>
    <tag k="name" v="Kennedy Expressway"/>
    <tag k="name:etymology:wikidata" v="Q9696"/>
    <tag k="note" v="Opened 12/15/2020"/>
    <tag k="official_name" v="John F. Kennedy Expressway"/>
    <tag k="old_name" v="Northwest Expressway"/>
    <tag k="oneway" v="yes"/>
    <tag k="ref" v="I 90;I 94"/>
    <tag k="turn:lanes" v="slight_left;slight_right"/>
    <tag k="wikidata" v="Q1072388"/>
    <tag k="wikipedia" v="en:Kennedy Expressway"/>
  </way>
  <way id="884248872">
    <nd ref="1889135809"/>
    <nd ref="12001199344"/>
    <nd ref="8223422641"/>
    <nd ref="12001199343"/>
    <nd ref="8223422642"/>
    <tag k="access" v="yes"/>
    <tag k="bridge" v="yes"/>
    <tag k="destination" v="Indiana"/>
    <tag k="destination:ref" v="I 90 East;I 94 East"/>
    <tag k="destination:street" v="Dan Ryan Expressway"/>
    <tag k="highway" v="motorway_link"/>
    <tag k="layer" v="1"/>
    <tag k="note" v="Opened 12/15/2020"/>
    <tag k="oneway" v="yes"/>
  </way>
  <way id="884916266">
    <nd ref="9534526608"/>
    <nd ref="10273205751"/>
    <nd ref="10273205750"/>
    <nd ref="9246462611"/>
    <nd ref="10273205752"/>
    <nd ref="8229056260"/>
    <nd ref="8229056269"/>
    <nd ref="8229056261"/>
    <nd ref="10273205753"/>
    <nd ref="9246462614"/>
    <nd ref="8229056262"/>
    <nd ref="11943751597"/>
    <nd ref="13841875382"/>
    <nd ref="8229056263"/>
    <nd ref="8229056264"/>
    <nd ref="8229056265"/>
    <nd ref="8229056266"/>
    <nd ref="8229056267"/>
    <nd ref="9271212119"/>
    <nd ref="13841875376"/>
    <nd ref="1655406546"/>
    <tag k="destination" v="Taylor Street;Roosevelt Road"/>
    <tag k="highway" v="motorway_link"/>
    <tag k="junction:ref" v="29B"/>
    <tag k="oneway" v="yes"/>
    <tag k="surface" v="concrete"/>
  </way>
  <way id="885243114">
    <nd ref="428888032"/>
    <nd ref="5870372588"/>
    <nd ref="10925885736"/>
    <nd ref="4226924607"/>
    <nd ref="428888035"/>
    <tag k="cycleway:right" v="lane"/>
    <tag k="cycleway:right:buffer" v="no"/>
    <tag k="highway" v="secondary"/>
    <tag k="lanes" v="2"/>
    <tag k="name" v="South Canal Street"/>
    <tag k="name:etymology:wikidata" v="Q952760"/>
    <tag k="name:etymology:wikipedia" v="en:Illinois and Michigan Canal"/>
    <tag k="oneway" v="yes"/>
    <tag k="sidewalk" v="separate"/>
    <tag k="surface" v="concrete"/>
  </way>
  <way id="899840908">
    <nd ref="27440228"/>
    <nd ref="27440254"/>
    <tag k="highway" v="secondary"/>
    <tag k="lanes" v="2"/>
    <tag k="loc_ref" v="400 S"/>
    <tag k="name" v="West Van Buren Street"/>
    <tag k="name:etymology:wikidata" v="Q11820"/>
    <tag k="oneway" v="yes"/>
    <tag k="sidewalk" v="separate"/>
    <tag k="surface" v="concrete"/>
    <tag k="wikidata" v="Q115806095"/>
    <tag k="wikipedia" v="en:Van Buren Street"/>
  </way>
  <way id="903751674">
    <nd ref="271166854"/>
    <nd ref="740260047"/>
    <nd ref="271167049"/>
    <nd ref="9309566019"/>
    <nd ref="28358947"/>
    <tag k="cycleway:right" v="no"/>
    <tag k="highway" v="secondary"/>
    <tag k="lanes" v="3"/>
    <tag k="name" v="North Wacker Drive"/>
    <tag k="name:etymology:wikidata" v="Q5078665"/>
    <tag k="oneway" v="yes"/>
    <tag k="sidewalk:left" v="no"/>
    <tag k="sidewalk:right" v="separate"/>
    <tag k="surface" v="concrete"/>
    <tag k="wikidata" v="Q7958800"/>
    <tag k="wikipedia" v="en:Wacker Drive"/>
  </way>
  <way id="903751675">
    <nd ref="271166785"/>
    <nd ref="4156112954"/>
    <nd ref="7015593960"/>
    <nd ref="929515139"/>
    <tag k="highway" v="secondary"/>
    <tag k="lanes" v="3"/>
    <tag k="lanes:bus" v="1"/>
    <tag k="loc_ref" v="0 N/S"/>
    <tag k="name" v="West Madison Street"/>
    <tag k="name:etymology:wikidata" v="Q11813"/>
    <tag k="oneway" v="yes"/>
    <tag k="sidewalk:both" v="separate"/>
    <tag k="surface" v="asphalt"/>
    <tag k="wikidata" v="Q3276131"/>
    <tag k="wikipedia" v="en:Madison Street (Chicago)"/>
  </way>
  <way id="906195085">
    <nd ref="2052085900"/>
    <nd ref="740368771"/>
    <nd ref="271154396"/>
    <tag k="bridge" v="yes"/>
    <tag k="highway" v="motorway"/>
    <tag k="lanes" v="4"/>
    <tag k="layer" v="1"/>
    <tag k="maxheight" v="13'6&quot;"/>
    <tag k="maxweight" v="120000 lbs"/>
    <tag k="maxwidth" v="12'0&quot;"/>
    <tag k="name" v="Eisenhower Expressway"/>
    <tag k="old_name" v="West Congress Parkway"/>
    <tag k="oneway" v="yes"/>
    <tag k="source:maxlength" v="https://idot.illinois.gov/content/dam/soi/en/web/idot/documents/doing-business/specialty-lists/highways/permits/permanentrestrictedroads.pdf"/>
    <tag k="source:maxweight" v="https://idot.illinois.gov/content/dam/soi/en/web/idot/documents/doing-business/specialty-lists/highways/permits/permanentrestrictedroads.pdf"/>
    <tag k="source:maxwidth" v="https://idot.illinois.gov/content/dam/soi/en/web/idot/documents/doing-business/specialty-lists/highways/permits/permanentrestrictedroads.pdf"/>
  </way>
  <way id="906539877">
    <nd ref="288070377"/>
    <nd ref="7520846929"/>
    <nd ref="4063814422"/>
    <nd ref="7520847133"/>
    <nd ref="288070417"/>
    <nd ref="7520846941"/>
    <nd ref="13768006358"/>
    <nd ref="7515614594"/>
    <nd ref="13768006361"/>
    <nd ref="7515614591"/>
    <nd ref="288070373"/>
    <tag k="cycleway:right" v="lane"/>
    <tag k="cycleway:right:buffer" v="yes"/>
    <tag k="hgv" v="designated"/>
    <tag k="highway" v="tertiary"/>
    <tag k="lanes" v="2"/>
    <tag k="name" v="West Washington Boulevard"/>
    <tag k="name:etymology:wikidata" v="Q23"/>
    <tag k="old_ref" v="US 20 Business"/>
    <tag k="oneway" v="yes"/>
    <tag k="sidewalk:both" v="separate"/>
    <tag k="source:hgv" v="https://gis-idot.opendata.arcgis.com/datasets/IDOT::designated-truck-routes-state-jurisdiction-truck-route/explore?location=40.542466%2C-88.991188%2C14.60;https://www.gettingaroundillinois.com/MapViewer/?config=DTRconfig.json"/>
  </way>
  <way id="908040833">
    <nd ref="258023775"/>
    <nd ref="25779189"/>
    <tag k="bicycle" v="no"/>
    <tag k="destination:lanes" v="||||Monroe Street;Madison Street"/>
    <tag k="foot" v="no"/>
    <tag k="hgv" v="designated"/>
    <tag k="hgv:national_network" v="yes"/>
    <tag k="highway" v="motorway"/>
    <tag k="horse" v="no"/>
    <tag k="lanes" v="5"/>
    <tag k="lit" v="yes"/>
    <tag k="maxspeed" v="45 mph"/>
    <tag k="minspeed" v="45 mph"/>
    <tag k="name" v="Kennedy Expressway"/>
    <tag k="name:etymology:wikidata" v="Q9696"/>
    <tag k="official_name" v="John F. Kennedy Expressway"/>
    <tag k="old_name" v="Northwest Expressway"/>
    <tag k="oneway" v="yes"/>
    <tag k="ref" v="I 90;I 94"/>
    <tag k="source:hgv:national_network" v="https://www.ecfr.gov/current/title-23/chapter-I/subchapter-G/part-658;https://hepgis-usdot.hub.arcgis.com/apps/usdot::national-network-conventional-combination-trucks-map"/>
    <tag k="surface" v="asphalt"/>
    <tag k="turn:lanes" v="||||through;slight_right"/>
    <tag k="wikidata" v="Q1072388"/>
    <tag k="wikipedia" v="en:Kennedy Expressway"/>
  </way>
  <way id="909524144">
    <nd ref="709360214"/>
    <nd ref="26792908"/>
    <nd ref="10273279136"/>
    <nd ref="265647565"/>
    <nd ref="2998778457"/>
    <nd ref="9775419902"/>
    <nd ref="2998778458"/>
    <nd ref="709361325"/>
    <nd ref="26792906"/>
    <nd ref="13841875386"/>
    <nd ref="2998778459"/>
    <nd ref="2998778460"/>
    <nd ref="11918710083"/>
    <tag k="bicycle" v="no"/>
    <tag k="foot" v="no"/>
    <tag k="hazard" v="roadworks"/>
    <tag k="hgv" v="designated"/>
    <tag k="hgv:national_network" v="yes"/>
    <tag k="highway" v="motorway"/>
    <tag k="horse" v="no"/>
    <tag k="lanes" v="5"/>
    <tag k="lit" v="yes"/>
    <tag k="maxheight" v="13'8&quot;"/>
    <tag k="maxspeed" v="45 mph"/>
    <tag k="minspeed" v="45 mph"/>
    <tag k="name" v="Kennedy Expressway"/>
    <tag k="name:etymology:wikidata" v="Q9696"/>
    <tag k="official_name" v="John F. Kennedy Expressway"/>
    <tag k="old_name" v="Northwest Expressway"/>
    <tag k="oneway" v="yes"/>
    <tag k="ref" v="I 90;I 94"/>
    <tag k="source:hgv:national_network" v="https://www.ecfr.gov/current/title-23/chapter-I/subchapter-G/part-658;https://hepgis-usdot.hub.arcgis.com/apps/usdot::national-network-conventional-combination-trucks-map"/>
    <tag k="surface" v="asphalt"/>
    <tag k="wikidata" v="Q1072388"/>
    <tag k="wikipedia" v="en:Kennedy Expressway"/>
  </way>
  <way id="909524145">
    <nd ref="8815131652"/>
    <nd ref="10263472360"/>
    <nd ref="9775419900"/>
    <tag k="bicycle" v="no"/>
    <tag k="destination:lanes" v="none|none|none|none|East Ohio Street;Lake Street"/>
    <tag k="foot" v="no"/>
    <tag k="hazard" v="roadworks"/>
    <tag k="hgv" v="designated"/>
    <tag k="hgv:national_network" v="yes"/>
    <tag k="highway" v="motorway"/>
    <tag k="horse" v="no"/>
    <tag k="lanes" v="5"/>
    <tag k="lit" v="yes"/>
    <tag k="maxheight" v="13'8&quot;"/>
    <tag k="maxspeed" v="45 mph"/>
    <tag k="minspeed" v="45 mph"/>
    <tag k="name" v="Kennedy Expressway"/>
    <tag k="name:etymology:wikidata" v="Q9696"/>
    <tag k="official_name" v="John F. Kennedy Expressway"/>
    <tag k="old_name" v="Northwest Expressway"/>
    <tag k="oneway" v="yes"/>
    <tag k="ref" v="I 90;I 94"/>
    <tag k="source:hgv:national_network" v="https://www.ecfr.gov/current/title-23/chapter-I/subchapter-G/part-658;https://hepgis-usdot.hub.arcgis.com/apps/usdot::national-network-conventional-combination-trucks-map"/>
    <tag k="surface" v="asphalt"/>
    <tag k="turn:lanes" v="none|none|none|none|through;slight_right"/>
    <tag k="wikidata" v="Q1072388"/>
    <tag k="wikipedia" v="en:Kennedy Expressway"/>
  </way>
  <way id="909596535">
    <nd ref="25779189"/>
    <nd ref="10273279149"/>
    <tag k="bicycle" v="no"/>
    <tag k="foot" v="no"/>
    <tag k="hgv" v="designated"/>
    <tag k="hgv:national_network" v="yes"/>
    <tag k="highway" v="motorway"/>
    <tag k="horse" v="no"/>
    <tag k="lanes" v="5"/>
    <tag k="lit" v="yes"/>
    <tag k="maxspeed" v="45 mph"/>
    <tag k="minspeed" v="45 mph"/>
    <tag k="name" v="Kennedy Expressway"/>
    <tag k="name:etymology:wikidata" v="Q9696"/>
    <tag k="official_name" v="John F. Kennedy Expressway"/>
    <tag k="old_name" v="Northwest Expressway"/>
    <tag k="oneway" v="yes"/>
    <tag k="ref" v="I 90;I 94"/>
    <tag k="source:hgv:national_network" v="https://www.ecfr.gov/current/title-23/chapter-I/subchapter-G/part-658;https://hepgis-usdot.hub.arcgis.com/apps/usdot::national-network-conventional-combination-trucks-map"/>
    <tag k="surface" v="asphalt"/>
    <tag k="wikidata" v="Q1072388"/>
    <tag k="wikipedia" v="en:Kennedy Expressway"/>
  </way>
  <way id="909945264">
    <nd ref="287261388"/>
    <nd ref="25779187"/>
    <nd ref="11943759874"/>
    <nd ref="258023775"/>
    <tag k="bicycle" v="no"/>
    <tag k="destination:lanes" v="none|none|none|Aurora;Ida B Wells Drive;Taylor Street;Eisenhower Expressway|Madison Street;East Washington Boulevard"/>
    <tag k="foot" v="no"/>
    <tag k="hgv" v="designated"/>
    <tag k="hgv:national_network" v="yes"/>
    <tag k="highway" v="motorway"/>
    <tag k="horse" v="no"/>
    <tag k="lanes" v="5"/>
    <tag k="lit" v="yes"/>
    <tag k="maxspeed" v="45 mph"/>
    <tag k="minspeed" v="45 mph"/>
    <tag k="name" v="Kennedy Expressway"/>
    <tag k="name:etymology:wikidata" v="Q9696"/>
    <tag k="official_name" v="John F. Kennedy Expressway"/>
    <tag k="old_name" v="Northwest Expressway"/>
    <tag k="oneway" v="yes"/>
    <tag k="ref" v="I 90;I 94"/>
    <tag k="source:hgv:national_network" v="https://www.ecfr.gov/current/title-23/chapter-I/subchapter-G/part-658;https://hepgis-usdot.hub.arcgis.com/apps/usdot::national-network-conventional-combination-trucks-map"/>
    <tag k="surface" v="asphalt"/>
    <tag k="turn:lanes" v="||||through;slight_right"/>
    <tag k="wikidata" v="Q1072388"/>
    <tag k="wikipedia" v="en:Kennedy Expressway"/>
  </way>
  <way id="915759504">
    <nd ref="258019910"/>
    <nd ref="1640067867"/>
    <nd ref="1639968781"/>
    <nd ref="6789228582"/>
    <nd ref="1639968782"/>
    <tag k="bicycle" v="no"/>
    <tag k="destination:lanes" v="Ida B Wells Drive|Ida B Wells Drive|Wisconsin;Kennedy Expressway|Indiana;Dan Ryan Expressway"/>
    <tag k="foot" v="no"/>
    <tag k="hgv" v="designated"/>
    <tag k="highway" v="motorway"/>
    <tag k="horse" v="no"/>
    <tag k="lanes" v="4"/>
    <tag k="maxheight" v="13'6&quot;"/>
    <tag k="maxspeed" v="55 mph"/>
    <tag k="maxweight" v="120000 lbs"/>
    <tag k="maxwidth" v="12'0&quot;"/>
    <tag k="name" v="Eisenhower Expressway"/>
    <tag k="oneway" v="yes"/>
    <tag k="ref" v="I 290;IL 110"/>
    <tag k="source:maxlength" v="https://idot.illinois.gov/content/dam/soi/en/web/idot/documents/doing-business/specialty-lists/highways/permits/permanentrestrictedroads.pdf"/>
    <tag k="source:maxweight" v="https://idot.illinois.gov/content/dam/soi/en/web/idot/documents/doing-business/specialty-lists/highways/permits/permanentrestrictedroads.pdf"/>
    <tag k="source:maxwidth" v="https://idot.illinois.gov/content/dam/soi/en/web/idot/documents/doing-business/specialty-lists/highways/permits/permanentrestrictedroads.pdf"/>
    <tag k="surface" v="concrete"/>
    <tag k="turn:lanes" v="||slight_right|slight_right"/>
  </way>
  <way id="917825692">
    <nd ref="4322760909"/>
    <nd ref="9309565635"/>
    <tag k="cycleway:left" v="separate"/>
    <tag k="cycleway:right" v="shared_lane"/>
    <tag k="highway" v="secondary"/>
    <tag k="lanes" v="3"/>
    <tag k="lanes:backward" v="1"/>
    <tag k="lanes:forward" v="2"/>
    <tag k="lit" v="yes"/>
    <tag k="loc_ref" v="600 S"/>
    <tag k="name" v="West Harrison Street"/>
    <tag k="name:etymology:wikidata" v="Q11869"/>
    <tag k="sidewalk:both" v="separate"/>
    <tag k="surface" v="asphalt"/>
    <tag k="turn:lanes:forward" v="left|"/>
    <tag k="wikidata" v="Q95486142"/>
  </way>
  <way id="921293587">
    <nd ref="27440253"/>
    <nd ref="6483255121"/>
    <nd ref="12030560685"/>
    <nd ref="12030560686"/>
    <nd ref="740363224"/>
    <nd ref="4226924638"/>
    <nd ref="27440254"/>
    <tag k="cycleway:right" v="no"/>
    <tag k="highway" v="secondary"/>
    <tag k="name" v="South Wacker Drive"/>
    <tag k="name:etymology:wikidata" v="Q5078665"/>
    <tag k="oneway" v="yes"/>
    <tag k="sidewalk:left" v="no"/>
    <tag k="sidewalk:right" v="separate"/>
    <tag k="wikidata" v="Q7958800"/>
    <tag k="wikipedia" v="en:Wacker Drive"/>
  </way>
  <way id="930823547">
    <nd ref="2004538891"/>
    <nd ref="9531179849"/>
    <nd ref="4226924413"/>
    <nd ref="1309434560"/>
    <tag k="highway" v="residential"/>
    <tag k="name" v="South May Street"/>
    <tag k="tiger:cfcc" v="A41"/>
    <tag k="tiger:county" v="Cook, IL"/>
    <tag k="tiger:name_base" v="May"/>
    <tag k="tiger:name_direction_prefix" v="S"/>
    <tag k="tiger:name_type" v="St"/>
    <tag k="tiger:reviewed" v="no"/>
    <tag k="tiger:zip_left" v="60607"/>
    <tag k="tiger:zip_right" v="60607"/>
  </way>
  <way id="931237140">
    <nd ref="271158487"/>
    <nd ref="11097622393"/>
    <nd ref="11097622394"/>
    <nd ref="271158488"/>
    <nd ref="8633836865"/>
    <tag k="covered" v="yes"/>
    <tag k="cycleway" v="no"/>
    <tag k="highway" v="trunk"/>
    <tag k="lanes" v="2"/>
    <tag k="layer" v="-1"/>
    <tag k="lit" v="24/7"/>
    <tag k="maxheight" v="13'6&quot;"/>
    <tag k="maxspeed" v="20 mph"/>
    <tag k="name" v="South Lower Wacker Drive"/>
    <tag k="name:etymology:wikidata" v="Q5078665"/>
    <tag k="oneway" v="yes"/>
    <tag k="shoulder" v="no"/>
    <tag k="sidewalk" v="no"/>
    <tag k="surface" v="concrete"/>
    <tag k="tunnel" v="covered"/>
    <tag k="wikidata" v="Q7958800"/>
    <tag k="wikipedia" v="en:Wacker Drive"/>
  </way>
  <way id="931237141">
    <nd ref="8633836865"/>
    <nd ref="10925193462"/>
    <nd ref="6382759003"/>
    <nd ref="271164947"/>
    <tag k="covered" v="yes"/>
    <tag k="cycleway" v="no"/>
    <tag k="highway" v="trunk"/>
    <tag k="lanes" v="2"/>
    <tag k="layer" v="-1"/>
    <tag k="lit" v="24/7"/>
    <tag k="maxspeed" v="30 mph"/>
    <tag k="name" v="South Lower Wacker Drive"/>
    <tag k="name:etymology:wikidata" v="Q5078665"/>
    <tag k="oneway" v="yes"/>
    <tag k="shoulder" v="no"/>
    <tag k="sidewalk" v="no"/>
    <tag k="surface" v="concrete"/>
    <tag k="tunnel" v="covered"/>
    <tag k="wikidata" v="Q7958800"/>
    <tag k="wikipedia" v="en:Wacker Drive"/>
  </way>
  <way id="931237143">
    <nd ref="3772782740"/>
    <nd ref="10925366932"/>
    <nd ref="10925366942"/>
    <nd ref="10925366947"/>
    <nd ref="271164958"/>
    <tag k="covered" v="yes"/>
    <tag k="cycleway" v="no"/>
    <tag k="highway" v="trunk"/>
    <tag k="lanes" v="2"/>
    <tag k="layer" v="-1"/>
    <tag k="lit" v="24/7"/>
    <tag k="maxspeed" v="30 mph"/>
    <tag k="name" v="South Lower Wacker Drive"/>
    <tag k="name:etymology:wikidata" v="Q5078665"/>
    <tag k="oneway" v="yes"/>
    <tag k="shoulder" v="no"/>
    <tag k="sidewalk" v="no"/>
    <tag k="surface" v="concrete"/>
    <tag k="tunnel" v="covered"/>
    <tag k="wikidata" v="Q7958800"/>
    <tag k="wikipedia" v="en:Wacker Drive"/>
  </way>
  <way id="931237148">
    <nd ref="271166785"/>
    <nd ref="4156112952"/>
    <nd ref="10945008183"/>
    <nd ref="8633836870"/>
    <tag k="cycleway:right" v="no"/>
    <tag k="highway" v="secondary"/>
    <tag k="lanes" v="3"/>
    <tag k="name" v="South Wacker Drive"/>
    <tag k="name:etymology:wikidata" v="Q5078665"/>
    <tag k="oneway" v="yes"/>
    <tag k="sidewalk:left" v="no"/>
    <tag k="sidewalk:right" v="separate"/>
    <tag k="surface" v="concrete"/>
    <tag k="wikidata" v="Q7958800"/>
    <tag k="wikipedia" v="en:Wacker Drive"/>
  </way>
  <way id="931237149">
    <nd ref="8633836871"/>
    <nd ref="4156112960"/>
    <nd ref="619040194"/>
    <tag k="cycleway:right" v="no"/>
    <tag k="highway" v="secondary"/>
    <tag k="lanes" v="4"/>
    <tag k="name" v="West Monroe Street"/>
    <tag k="oneway" v="yes"/>
    <tag k="sidewalk:both" v="separate"/>
    <tag k="surface" v="asphalt"/>
    <tag k="turn:lanes" v="left|||right"/>
  </way>
  <way id="931237150">
    <nd ref="10945677471"/>
    <nd ref="10945677473"/>
    <nd ref="271162345"/>
    <tag k="cycleway:right" v="no"/>
    <tag k="highway" v="secondary"/>
    <tag k="lanes" v="3"/>
    <tag k="name" v="South Wacker Drive"/>
    <tag k="name:etymology:wikidata" v="Q5078665"/>
    <tag k="oneway" v="yes"/>
    <tag k="sidewalk:left" v="no"/>
    <tag k="sidewalk:right" v="separate"/>
    <tag k="surface" v="concrete"/>
    <tag k="wikidata" v="Q7958800"/>
    <tag k="wikipedia" v="en:Wacker Drive"/>
  </way>
  <way id="931237151">
    <nd ref="8633836873"/>
    <nd ref="9309566015"/>
    <nd ref="619040175"/>
    <tag k="cycleway:right" v="no"/>
    <tag k="highway" v="secondary"/>
    <tag k="lanes" v="4"/>
    <tag k="name" v="South Wacker Drive"/>
    <tag k="name:etymology:wikidata" v="Q5078665"/>
    <tag k="oneway" v="yes"/>
    <tag k="sidewalk:left" v="no"/>
    <tag k="sidewalk:right" v="separate"/>
    <tag k="surface" v="concrete"/>
    <tag k="turn:lanes" v="left|||"/>
    <tag k="wikidata" v="Q7958800"/>
    <tag k="wikipedia" v="en:Wacker Drive"/>
  </way>
  <way id="931237152">
    <nd ref="28358947"/>
    <nd ref="9309566021"/>
    <nd ref="10929181322"/>
    <nd ref="270606896"/>
    <nd ref="9309566030"/>
    <nd ref="28358946"/>
    <tag k="cycleway:right" v="no"/>
    <tag k="highway" v="secondary"/>
    <tag k="lanes" v="3"/>
    <tag k="name" v="North Upper Wacker Drive"/>
    <tag k="name:etymology:wikidata" v="Q5078665"/>
    <tag k="oneway" v="yes"/>
    <tag k="sidewalk:left" v="no"/>
    <tag k="sidewalk:right" v="separate"/>
    <tag k="surface" v="concrete"/>
    <tag k="wikidata" v="Q7958800"/>
    <tag k="wikipedia" v="en:Wacker Drive"/>
  </way>
  <way id="931237153">
    <nd ref="8633836874"/>
    <nd ref="9309566022"/>
    <nd ref="28358895"/>
    <tag k="cycleway:right" v="no"/>
    <tag k="highway" v="secondary"/>
    <tag k="lanes" v="4"/>
    <tag k="name" v="North Upper Wacker Drive"/>
    <tag k="name:etymology:wikidata" v="Q5078665"/>
    <tag k="oneway" v="yes"/>
    <tag k="sidewalk:left" v="no"/>
    <tag k="sidewalk:right" v="separate"/>
    <tag k="surface" v="concrete"/>
    <tag k="turn:lanes" v="left|||"/>
    <tag k="wikidata" v="Q7958800"/>
    <tag k="wikipedia" v="en:Wacker Drive"/>
  </way>
  <way id="931237154">
    <nd ref="8633836875"/>
    <nd ref="9733272341"/>
    <nd ref="28358944"/>
    <tag k="cycleway:right" v="no"/>
    <tag k="highway" v="secondary"/>
    <tag k="lanes" v="3"/>
    <tag k="name" v="North Upper Wacker Drive"/>
    <tag k="name:etymology:wikidata" v="Q5078665"/>
    <tag k="oneway" v="yes"/>
    <tag k="sidewalk:left" v="no"/>
    <tag k="sidewalk:right" v="separate"/>
    <tag k="surface" v="concrete"/>
    <tag k="turn:lanes" v="||right"/>
    <tag k="wikidata" v="Q7958800"/>
    <tag k="wikipedia" v="en:Wacker Drive"/>
  </way>
  <way id="952403852">
    <nd ref="9512895691"/>
    <nd ref="10264134800"/>
    <nd ref="9411148662"/>
    <nd ref="10264134799"/>
    <nd ref="8815131627"/>
    <nd ref="11944265905"/>
    <nd ref="8815131626"/>
    <nd ref="11944265906"/>
    <nd ref="8815131630"/>
    <nd ref="10264134769"/>
    <nd ref="8815131631"/>
    <nd ref="8815131632"/>
    <nd ref="10264134770"/>
    <nd ref="8815131633"/>
    <nd ref="9775419906"/>
    <nd ref="12001199360"/>
    <nd ref="10278851031"/>
    <nd ref="12001199361"/>
    <nd ref="12001199362"/>
    <nd ref="12001199363"/>
    <nd ref="8815131635"/>
    <nd ref="12001199355"/>
    <nd ref="10263472400"/>
    <nd ref="8815131640"/>
    <nd ref="10264134741"/>
    <nd ref="10263472401"/>
    <nd ref="8815131644"/>
    <tag k="description" v="Access to offramps"/>
    <tag k="destination" v="Madison Street;Washington Street;Randolph Street;Wisconsin;Kennedy Expressway;Lake Street"/>
    <tag k="destination:ref" v="I 94 West;I 90 West"/>
    <tag k="highway" v="motorway_link"/>
    <tag k="lanes" v="2"/>
    <tag k="lit" v="yes"/>
    <tag k="maxheight" v="13'4&quot;"/>
    <tag k="name" v="Kennedy Expressway"/>
    <tag k="name:etymology:wikidata" v="Q9696"/>
    <tag k="official_name" v="John F. Kennedy Expressway"/>
    <tag k="old_name" v="Northwest Expressway"/>
    <tag k="oneway" v="yes"/>
    <tag k="ref" v="I 90;I 94"/>
    <tag k="surface" v="concrete"/>
    <tag k="wikidata" v="Q1072388"/>
    <tag k="wikipedia" v="en:Kennedy Expressway"/>
  </way>
  <way id="952403856">
    <nd ref="709361074"/>
    <nd ref="11943759905"/>
    <nd ref="8815131646"/>
    <nd ref="8815131644"/>
    <tag k="access" v="yes"/>
    <tag k="check_date" v="12-02-2022"/>
    <tag k="destination" v="Kennedy Expressway"/>
    <tag k="destination:ref" v="I 94 West;I 90 West"/>
    <tag k="highway" v="motorway_link"/>
    <tag k="lanes" v="1"/>
    <tag k="oneway" v="yes"/>
    <tag k="opening_date" v="12-23-2022"/>
  </way>
  <way id="952403858">
    <nd ref="709361203"/>
    <nd ref="8815131656"/>
    <nd ref="13841875384"/>
    <nd ref="11680993006"/>
    <nd ref="9411148664"/>
    <tag k="access" v="yes"/>
    <tag k="check_date" v="12-02-2022"/>
    <tag k="destination" v="Kennedy Expressway"/>
    <tag k="destination:ref" v="I 94 West;I 90 West"/>
    <tag k="highway" v="motorway_link"/>
    <tag k="lanes" v="1"/>
    <tag k="oneway" v="yes"/>
    <tag k="opening_date" v="12-23-2022"/>
  </way>
  <way id="952403859">
    <nd ref="9775419904"/>
    <nd ref="11680993009"/>
    <nd ref="9811795406"/>
    <nd ref="11943759921"/>
    <nd ref="287261042"/>
    <tag k="destination" v="Randolph Street;Lake Street"/>
    <tag k="destination:lanes" v="Lake Street;West Randolph Street"/>
    <tag k="highway" v="motorway_link"/>
    <tag k="junction:ref" v="51"/>
    <tag k="lanes" v="1"/>
    <tag k="oneway" v="yes"/>
    <tag k="turn:lanes" v="through;slight_right"/>
  </way>
  <way id="952403860">
    <nd ref="8815131644"/>
    <nd ref="8815131651"/>
    <tag k="description" v="Access to offramps"/>
    <tag k="destination" v="Washington Street;Randolph Street;Madison Street;Wisconsin;Lake Street"/>
    <tag k="destination:lanes" v="Wisconsin;Kennedy Expressway|Wisconsin;Kennedy Expressway;Washington Boulevard East|Madison Street"/>
    <tag k="destination:ref" v="I 94 West;I 90 West"/>
    <tag k="highway" v="motorway_link"/>
    <tag k="lanes" v="3"/>
    <tag k="lit" v="yes"/>
    <tag k="name" v="Kennedy Expressway"/>
    <tag k="name:etymology:wikidata" v="Q9696"/>
    <tag k="official_name" v="John F. Kennedy Expressway"/>
    <tag k="old_name" v="Northwest Expressway"/>
    <tag k="oneway" v="yes"/>
    <tag k="ref" v="I 90;I 94"/>
    <tag k="turn:lanes" v="||slight_right"/>
    <tag k="wikidata" v="Q1072388"/>
    <tag k="wikipedia" v="en:Kennedy Expressway"/>
  </way>
  <way id="952403863">
    <nd ref="8815131651"/>
    <nd ref="13841875383"/>
    <nd ref="11943759915"/>
    <nd ref="9411148664"/>
    <tag k="description" v="Access to offramps"/>
    <tag k="destination" v="Washington Boulevard East;Wisconsin;Kennedy Expressway"/>
    <tag k="destination:ref" v="I 94 West;I 90 West"/>
    <tag k="highway" v="motorway_link"/>
    <tag k="lanes" v="2"/>
    <tag k="lit" v="yes"/>
    <tag k="name" v="Kennedy Expressway"/>
    <tag k="name:etymology:wikidata" v="Q9696"/>
    <tag k="official_name" v="John F. Kennedy Expressway"/>
    <tag k="old_name" v="Northwest Expressway"/>
    <tag k="oneway" v="yes"/>
    <tag k="ref" v="I 90;I 94"/>
    <tag k="wikidata" v="Q1072388"/>
    <tag k="wikipedia" v="en:Kennedy Expressway"/>
  </way>
  <way id="952406494">
    <nd ref="5967446823"/>
    <nd ref="8815167066"/>
    <nd ref="5967446812"/>
    <tag k="change:lanes" v="no|no"/>
    <tag k="description" v="Access to offramps"/>
    <tag k="destination" v="Ida B Wells Drive;Taylor Street;Roosevelt Road"/>
    <tag k="destination:lanes" v="Ida B Wells Drive;Taylor Street;Roosevelt Road|Aurora"/>
    <tag k="destination:ref" v="I 290 West"/>
    <tag k="destination:ref:lanes" v="|I 290 West"/>
    <tag k="destination:street" v="Congress Parkway;Eisenhower Expressway"/>
    <tag k="destination:street:lanes" v="Congress Parkway|Eisenhower Expressway"/>
    <tag k="highway" v="motorway_link"/>
    <tag k="lanes" v="2"/>
    <tag k="lit" v="yes"/>
    <tag k="maxheight:signed" v="no"/>
    <tag k="name" v="Kennedy Expressway"/>
    <tag k="name:etymology:wikidata" v="Q9696"/>
    <tag k="official_name" v="John F. Kennedy Expressway"/>
    <tag k="old_name" v="Northwest Expressway"/>
    <tag k="oneway" v="yes"/>
    <tag k="ref" v="I 90;I 94"/>
    <tag k="turn:lanes" v="through|slight_right"/>
    <tag k="wikidata" v="Q1072388"/>
    <tag k="wikipedia" v="en:Kennedy Expressway"/>
  </way>
  <way id="952406495">
    <nd ref="10273279150"/>
    <nd ref="12001199377"/>
    <nd ref="11680993008"/>
    <nd ref="1105813012"/>
    <tag k="description" v="Access to offramps"/>
    <tag k="destination" v="Ida Bell Wells;Taylor Street;Roosevelt Road;Adams Street;Jackson Boulevard"/>
    <tag k="destination:lanes" v="|East Jackson Boulevard;West Adams Street"/>
    <tag k="destination:ref" v="I 290"/>
    <tag k="destination:ref:lanes" v="|I 290 West"/>
    <tag k="destination:street" v="Eisenhower Expressway"/>
    <tag k="highway" v="motorway_link"/>
    <tag k="junction:ref" v="51F-J"/>
    <tag k="lanes" v="2"/>
    <tag k="lit" v="yes"/>
    <tag k="name" v="Kennedy Expressway"/>
    <tag k="name:etymology:wikidata" v="Q9696"/>
    <tag k="official_name" v="John F. Kennedy Expressway"/>
    <tag k="old_name" v="Northwest Expressway"/>
    <tag k="oneway" v="yes"/>
    <tag k="ref" v="I 90;I 94"/>
    <tag k="surface" v="concrete"/>
    <tag k="turn:lanes" v="through|through;slight_right"/>
    <tag k="wikidata" v="Q1072388"/>
    <tag k="wikipedia" v="en:Kennedy Expressway"/>
  </way>
  <way id="952406496">
    <nd ref="1105813012"/>
    <nd ref="5967446823"/>
    <tag k="description" v="Access to offramps"/>
    <tag k="destination" v="East Jackson Boulevard"/>
    <tag k="destination:lanes" v="Ida B Wells Drive;Taylor Street;Roosevelt Road|Aurora;East Jackson Boulevard"/>
    <tag k="destination:ref:lanes" v="|I 290 West"/>
    <tag k="destination:street:lanes" v="Congress Parkway|Eisenhower Expressway"/>
    <tag k="highway" v="motorway_link"/>
    <tag k="lanes" v="2"/>
    <tag k="lit" v="yes"/>
    <tag k="name" v="Kennedy Expressway"/>
    <tag k="name:etymology:wikidata" v="Q9696"/>
    <tag k="official_name" v="John F. Kennedy Expressway"/>
    <tag k="old_name" v="Northwest Expressway"/>
    <tag k="oneway" v="yes"/>
    <tag k="ref" v="I 90;I 94"/>
    <tag k="turn:lanes" v="through|through;slight_right"/>
    <tag k="wikidata" v="Q1072388"/>
    <tag k="wikipedia" v="en:Kennedy Expressway"/>
  </way>
  <way id="953072617">
    <nd ref="2511935726"/>
    <nd ref="4336249458"/>
    <tag k="cycleway:right" v="lane"/>
    <tag k="cycleway:right:buffer" v="no"/>
    <tag k="cycleway:right:lane" v="exclusive"/>
    <tag k="highway" v="secondary"/>
    <tag k="lanes" v="2"/>
    <tag k="loc_ref" v="800 W"/>
    <tag k="name" v="South Halsted Street"/>
    <tag k="name:etymology:wikidata" v="Q119522049"/>
    <tag k="name:zh" v="豪斯特路"/>
    <tag k="oneway" v="yes"/>
    <tag k="sidewalk:left" v="no"/>
    <tag k="sidewalk:right" v="separate"/>
    <tag k="surface" v="asphalt"/>
    <tag k="wikidata" v="Q5643579"/>
    <tag k="wikipedia" v="en:Halsted Street"/>
  </way>
  <way id="953072626">
    <nd ref="6131657482"/>
    <nd ref="8821573637"/>
    <tag k="highway" v="secondary"/>
    <tag k="loc_ref" v="400 S"/>
    <tag k="name" v="West Van Buren Street"/>
    <tag k="name:etymology:wikidata" v="Q11820"/>
    <tag k="oneway" v="no"/>
    <tag k="sidewalk" v="separate"/>
    <tag k="surface" v="concrete"/>
    <tag k="wikidata" v="Q115806095"/>
    <tag k="wikipedia" v="en:Van Buren Street"/>
  </way>
  <way id="953072627">
    <nd ref="287252205"/>
    <nd ref="1686120317"/>
    <nd ref="2565112700"/>
    <nd ref="13364244323"/>
    <nd ref="4428028400"/>
    <nd ref="256611721"/>
    <tag k="highway" v="secondary"/>
    <tag k="loc_ref" v="400 S"/>
    <tag k="name" v="West Van Buren Street"/>
    <tag k="name:etymology:wikidata" v="Q11820"/>
    <tag k="oneway" v="no"/>
    <tag k="sidewalk" v="separate"/>
    <tag k="surface" v="asphalt"/>
    <tag k="wikidata" v="Q115806095"/>
    <tag k="wikipedia" v="en:Van Buren Street"/>
  </way>
  <way id="963348533">
    <nd ref="4854821665"/>
    <nd ref="12001199374"/>
    <nd ref="12001199373"/>
    <nd ref="9128538348"/>
    <tag k="bicycle" v="no"/>
    <tag k="foot" v="no"/>
    <tag k="hgv" v="designated"/>
    <tag k="hgv:national_network" v="yes"/>
    <tag k="highway" v="motorway"/>
    <tag k="horse" v="no"/>
    <tag k="lanes" v="5"/>
    <tag k="lit" v="yes"/>
    <tag k="maxheight:signed" v="no"/>
    <tag k="maxspeed" v="45 mph"/>
    <tag k="minspeed" v="45 mph"/>
    <tag k="name" v="Kennedy Expressway"/>
    <tag k="name:etymology:wikidata" v="Q9696"/>
    <tag k="official_name" v="John F. Kennedy Expressway"/>
    <tag k="old_name" v="Northwest Expressway"/>
    <tag k="oneway" v="yes"/>
    <tag k="ref" v="I 90;I 94"/>
    <tag k="source:hgv:national_network" v="https://www.ecfr.gov/current/title-23/chapter-I/subchapter-G/part-658;https://hepgis-usdot.hub.arcgis.com/apps/usdot::national-network-conventional-combination-trucks-map"/>
    <tag k="surface" v="concrete"/>
    <tag k="wikidata" v="Q1072388"/>
    <tag k="wikipedia" v="en:Kennedy Expressway"/>
  </way>
  <way id="963348534">
    <nd ref="1647508399"/>
    <nd ref="1647508403"/>
    <nd ref="1647508401"/>
    <tag k="bridge" v="yes"/>
    <tag k="highway" v="motorway"/>
    <tag k="lanes" v="2"/>
    <tag k="layer" v="1"/>
    <tag k="maxheight" v="13'6&quot;"/>
    <tag k="maxspeed" v="45 mph"/>
    <tag k="maxweight" v="120000 lbs"/>
    <tag k="maxwidth" v="12'0&quot;"/>
    <tag k="name" v="Eisenhower Expressway"/>
    <tag k="oneway" v="yes"/>
    <tag k="source:maxlength" v="https://idot.illinois.gov/content/dam/soi/en/web/idot/documents/doing-business/specialty-lists/highways/permits/permanentrestrictedroads.pdf"/>
    <tag k="source:maxweight" v="https://idot.illinois.gov/content/dam/soi/en/web/idot/documents/doing-business/specialty-lists/highways/permits/permanentrestrictedroads.pdf"/>
    <tag k="source:maxwidth" v="https://idot.illinois.gov/content/dam/soi/en/web/idot/documents/doing-business/specialty-lists/highways/permits/permanentrestrictedroads.pdf"/>
    <tag k="surface" v="concrete"/>
  </way>
  <way id="963348537">
    <nd ref="287257359"/>
    <nd ref="287257360"/>
    <tag k="bridge" v="yes"/>
    <tag k="highway" v="secondary"/>
    <tag k="lanes" v="4"/>
    <tag k="lanes:backward" v="1"/>
    <tag k="lanes:forward" v="3"/>
    <tag k="layer" v="1"/>
    <tag k="loc_ref" v="0 N/S"/>
    <tag k="name" v="West Madison Street"/>
    <tag k="name:etymology:wikidata" v="Q11813"/>
    <tag k="sidewalk:both" v="separate"/>
    <tag k="turn:lanes:forward" v="left|through|right"/>
    <tag k="wikidata" v="Q3276131"/>
    <tag k="wikipedia" v="en:Madison Street (Chicago)"/>
  </way>
  <way id="967955359">
    <nd ref="261209662"/>
    <nd ref="9309565703"/>
    <nd ref="10703336128"/>
    <nd ref="4063814456"/>
    <nd ref="12307939283"/>
    <nd ref="736018886"/>
    <tag k="highway" v="tertiary"/>
    <tag k="loc_ref" v="1200 W"/>
    <tag k="name" v="North Racine Avenue"/>
    <tag k="name:etymology:wikidata" v="Q40340"/>
    <tag k="old_name" v="Center Avenue"/>
    <tag k="sidewalk:both" v="separate"/>
    <tag k="wikidata" v="Q118964088"/>
    <tag k="wikipedia" v="en:Racine Avenue"/>
  </way>
  <way id="967955360">
    <nd ref="736018886"/>
    <nd ref="9115266667"/>
    <nd ref="261143286"/>
    <tag k="highway" v="tertiary"/>
    <tag k="loc_ref" v="1200 W"/>
    <tag k="name" v="North Racine Avenue"/>
    <tag k="name:etymology:wikidata" v="Q40340"/>
    <tag k="old_name" v="Center Avenue"/>
    <tag k="sidewalk:both" v="separate"/>
    <tag k="wikidata" v="Q118964088"/>
    <tag k="wikipedia" v="en:Racine Avenue"/>
  </way>
  <way id="967955375">
    <nd ref="262174063"/>
    <nd ref="8955051802"/>
    <nd ref="261162222"/>
    <tag k="highway" v="residential"/>
    <tag k="name" v="West Tilden Street"/>
    <tag k="tiger:cfcc" v="A41"/>
    <tag k="tiger:county" v="Cook, IL"/>
    <tag k="tiger:name_base" v="Tilden"/>
    <tag k="tiger:name_direction_prefix" v="S"/>
    <tag k="tiger:name_type" v="St"/>
    <tag k="tiger:reviewed" v="no"/>
    <tag k="tiger:zip_left" v="60607"/>
    <tag k="tiger:zip_right" v="60607"/>
  </way>
  <way id="967955381">
    <nd ref="262174063"/>
    <nd ref="8955051805"/>
    <nd ref="345124661"/>
    <tag k="cycleway" v="lane"/>
    <tag k="cycleway:both" v="lane"/>
    <tag k="cycleway:both:buffer" v="yes"/>
    <tag k="cycleway:buffer" v="yes"/>
    <tag k="highway" v="tertiary"/>
    <tag k="lanes" v="2"/>
    <tag k="name" v="South Morgan Street"/>
    <tag k="surface" v="asphalt"/>
  </way>
  <way id="978901931">
    <nd ref="5869436796"/>
    <nd ref="428891516"/>
    <nd ref="9503049061"/>
    <nd ref="11061949359"/>
    <tag k="bicycle" v="use_sidepath"/>
    <tag k="cycleway:left" v="separate"/>
    <tag k="highway" v="secondary"/>
    <tag k="lanes" v="2"/>
    <tag k="name" v="South Clinton Street"/>
    <tag k="name:etymology:wikidata" v="Q527462"/>
    <tag k="name:etymology:wikipedia" v="en:DeWitt Clinton"/>
    <tag k="oneway" v="yes"/>
    <tag k="sidewalk" v="separate"/>
  </way>
  <way id="979987096">
    <nd ref="265647254"/>
    <nd ref="9065734722"/>
    <tag k="highway" v="residential"/>
    <tag k="maxheight" v="13'6&quot;"/>
    <tag k="name" v="North Union Avenue"/>
    <tag k="tiger:cfcc" v="A41"/>
    <tag k="tiger:county" v="Cook, IL"/>
    <tag k="tiger:name_base" v="Union"/>
    <tag k="tiger:name_direction_prefix" v="N"/>
    <tag k="tiger:name_type" v="Ave"/>
    <tag k="tiger:reviewed" v="no"/>
    <tag k="tiger:zip_left" v="60661"/>
    <tag k="tiger:zip_right" v="60661"/>
  </way>
  <way id="981558230">
    <nd ref="9079153061"/>
    <nd ref="4226924811"/>
    <nd ref="257381546"/>
    <tag k="highway" v="secondary"/>
    <tag k="lanes" v="4"/>
    <tag k="name" v="West Monroe Street"/>
    <tag k="oneway" v="yes"/>
    <tag k="surface" v="asphalt"/>
    <tag k="turn:lanes" v="left|||"/>
  </way>
  <way id="981558231">
    <nd ref="257381546"/>
    <nd ref="6988141016"/>
    <nd ref="9524048696"/>
    <tag k="highway" v="secondary"/>
    <tag k="lanes" v="3"/>
    <tag k="name" v="South Canal Street"/>
    <tag k="name:etymology:wikidata" v="Q952760"/>
    <tag k="name:etymology:wikipedia" v="en:Illinois and Michigan Canal"/>
    <tag k="note" v="This is a viaduct but is layer 0."/>
    <tag k="oneway" v="yes"/>
    <tag k="surface" v="asphalt"/>
  </way>
  <way id="991212730">
    <nd ref="7342370241"/>
    <nd ref="10929181219"/>
    <nd ref="9733272271"/>
    <nd ref="258021251"/>
    <tag k="cycleway:right" v="lane"/>
    <tag k="highway" v="secondary"/>
    <tag k="lanes" v="4"/>
    <tag k="loc_ref" v="300 W"/>
    <tag k="name" v="North Franklin Street"/>
    <tag k="name:etymology:wikidata" v="Q34969"/>
    <tag k="name:etymology:wikipedia" v="en:Benjamin Franklin"/>
    <tag k="oneway" v="yes"/>
    <tag k="sidewalk:both" v="separate"/>
    <tag k="surface" v="asphalt"/>
  </way>
  <way id="991212731">
    <nd ref="258021251"/>
    <nd ref="9733272337"/>
    <nd ref="2391071813"/>
    <nd ref="10929181222"/>
    <nd ref="619038611"/>
    <tag k="bicycle" v="use_sidepath"/>
    <tag k="cycleway:right" v="separate"/>
    <tag k="highway" v="secondary"/>
    <tag k="lanes" v="2"/>
    <tag k="lit" v="yes"/>
    <tag k="loc_ref" v="150 N"/>
    <tag k="name" v="West Randolph Street"/>
    <tag k="name:etymology:wikidata" v="Q486499"/>
    <tag k="oneway" v="yes"/>
    <tag k="sidewalk" v="separate"/>
    <tag k="surface" v="asphalt"/>
    <tag k="wikidata" v="Q7291867"/>
    <tag k="wikipedia" v="en:Randolph Street"/>
  </way>
  <way id="991212732">
    <nd ref="258021251"/>
    <nd ref="10929174833"/>
    <nd ref="9733272334"/>
    <nd ref="740271862"/>
    <tag k="cycleway:right" v="lane"/>
    <tag k="cycleway:right:buffer" v="yes"/>
    <tag k="highway" v="secondary"/>
    <tag k="lanes" v="3"/>
    <tag k="loc_ref" v="300 W"/>
    <tag k="name" v="North Franklin Street"/>
    <tag k="name:etymology:wikidata" v="Q34969"/>
    <tag k="name:etymology:wikipedia" v="en:Benjamin Franklin"/>
    <tag k="oneway" v="yes"/>
    <tag k="sidewalk" v="separate"/>
    <tag k="surface" v="asphalt"/>
  </way>
  <way id="991855434">
    <nd ref="9164070649"/>
    <nd ref="10925526170"/>
    <nd ref="10925526162"/>
    <nd ref="4156112939"/>
    <nd ref="258021249"/>
    <tag k="alt_name" v="Ben Gurion Way"/>
    <tag k="highway" v="secondary"/>
    <tag k="lanes" v="3"/>
    <tag k="lanes:bus" v="1"/>
    <tag k="loc_ref" v="0 N/S"/>
    <tag k="name" v="West Madison Street"/>
    <tag k="name:etymology:wikidata" v="Q11813"/>
    <tag k="oneway" v="yes"/>
    <tag k="sidewalk:left" v="separate"/>
    <tag k="sidewalk:right" v="no"/>
    <tag k="surface" v="asphalt"/>
    <tag k="turn:lanes" v="through|through|none"/>
    <tag k="wikidata" v="Q3276131"/>
    <tag k="wikipedia" v="en:Madison Street (Chicago)"/>
  </way>
  <way id="991855435">
    <nd ref="258021249"/>
    <nd ref="4156112943"/>
    <nd ref="5936428344"/>
    <nd ref="4336249698"/>
    <tag k="highway" v="secondary"/>
    <tag k="lanes" v="3"/>
    <tag k="lanes:bus" v="1"/>
    <tag k="loc_ref" v="0 N/S"/>
    <tag k="name" v="West Madison Street"/>
    <tag k="name:etymology:wikidata" v="Q11813"/>
    <tag k="oneway" v="yes"/>
    <tag k="sidewalk:both" v="separate"/>
    <tag k="surface" v="asphalt"/>
    <tag k="wikidata" v="Q3276131"/>
    <tag k="wikipedia" v="en:Madison Street (Chicago)"/>
  </way>
  <way id="992193542">
    <nd ref="9167209423"/>
    <nd ref="258298729"/>
    <tag k="bridge" v="yes"/>
    <tag k="destination:lanes" v="none|none|none|Canal Street"/>
    <tag k="highway" v="motorway"/>
    <tag k="lanes" v="4"/>
    <tag k="layer" v="1"/>
    <tag k="maxheight" v="13'6&quot;"/>
    <tag k="maxspeed" v="35 mph"/>
    <tag k="maxweight" v="120000 lbs"/>
    <tag k="maxwidth" v="12'0&quot;"/>
    <tag k="name" v="Eisenhower Expressway"/>
    <tag k="oneway" v="yes"/>
    <tag k="source:maxlength" v="https://idot.illinois.gov/content/dam/soi/en/web/idot/documents/doing-business/specialty-lists/highways/permits/permanentrestrictedroads.pdf"/>
    <tag k="source:maxweight" v="https://idot.illinois.gov/content/dam/soi/en/web/idot/documents/doing-business/specialty-lists/highways/permits/permanentrestrictedroads.pdf"/>
    <tag k="source:maxwidth" v="https://idot.illinois.gov/content/dam/soi/en/web/idot/documents/doing-business/specialty-lists/highways/permits/permanentrestrictedroads.pdf"/>
    <tag k="surface" v="concrete"/>
    <tag k="turn:lanes" v="none|none|none|slight_right"/>
  </way>
  <way id="992220019">
    <nd ref="5509258500"/>
    <nd ref="6366358669"/>
    <tag k="destination" v="Ashland Avenue"/>
    <tag k="highway" v="motorway_link"/>
    <tag k="lanes" v="2"/>
    <tag k="oneway" v="yes"/>
  </way>
  <way id="997586126">
    <nd ref="418156652"/>
    <nd ref="410791910"/>
    <nd ref="13768625126"/>
    <nd ref="13768465483"/>
    <nd ref="12251463147"/>
    <nd ref="7515614569"/>
    <nd ref="410791911"/>
    <tag k="highway" v="unclassified"/>
    <tag k="lit" v="yes"/>
    <tag k="loc_ref" v="150 N"/>
    <tag k="name" v="West Randolph Street"/>
    <tag k="name:etymology:wikidata" v="Q486499"/>
    <tag k="oneway" v="yes"/>
    <tag k="wikidata" v="Q7291867"/>
    <tag k="wikipedia" v="en:Randolph Street"/>
  </way>
  <way id="998714937">
    <nd ref="1655397917"/>
    <nd ref="13841875378"/>
    <nd ref="13841875380"/>
    <nd ref="13841875381"/>
    <nd ref="8229056268"/>
    <nd ref="9271212118"/>
    <nd ref="10278928020"/>
    <nd ref="1655406546"/>
    <tag k="destination" v="Taylor Street;Roosevelt Road"/>
    <tag k="destination:loc_ref" v="1000 south;1200 South"/>
    <tag k="highway" v="motorway_link"/>
    <tag k="junction:ref" v="52A"/>
    <tag k="lanes" v="1"/>
    <tag k="oneway" v="yes"/>
    <tag k="surface" v="concrete"/>
  </way>
  <way id="999476230">
    <nd ref="1641361076"/>
    <nd ref="2412572922"/>
    <nd ref="9434660180"/>
    <nd ref="4336093355"/>
    <tag k="cycleway:right" v="track"/>
    <tag k="highway" v="secondary"/>
    <tag k="lanes" v="1"/>
    <tag k="lit" v="yes"/>
    <tag k="loc_ref" v="600 S"/>
    <tag k="maxspeed" v="20 mph"/>
    <tag k="name" v="West Harrison Street"/>
    <tag k="name:etymology:wikidata" v="Q11869"/>
    <tag k="oneway" v="yes"/>
    <tag k="sidewalk:right" v="separate"/>
    <tag k="source:maxspeed" v="sign"/>
    <tag k="surface" v="asphalt"/>
    <tag k="wikidata" v="Q95486142"/>
  </way>
  <way id="999476231">
    <nd ref="2989731649"/>
    <nd ref="4336093356"/>
    <tag k="highway" v="secondary"/>
    <tag k="lanes" v="2"/>
    <tag k="lit" v="yes"/>
    <tag k="loc_ref" v="600 S"/>
    <tag k="maxspeed" v="20 mph"/>
    <tag k="name" v="West Harrison Street"/>
    <tag k="name:etymology:wikidata" v="Q11869"/>
    <tag k="oneway" v="yes"/>
    <tag k="sidewalk:right" v="separate"/>
    <tag k="source:maxspeed" v="sign"/>
    <tag k="surface" v="asphalt"/>
    <tag k="wikidata" v="Q95486142"/>
  </way>
  <way id="999476232">
    <nd ref="2989731654"/>
    <nd ref="1641361073"/>
    <tag k="cycleway:right" v="track"/>
    <tag k="highway" v="secondary"/>
    <tag k="lanes" v="1"/>
    <tag k="lit" v="yes"/>
    <tag k="loc_ref" v="600 S"/>
    <tag k="maxspeed" v="20 mph"/>
    <tag k="name" v="West Harrison Street"/>
    <tag k="name:etymology:wikidata" v="Q11869"/>
    <tag k="oneway" v="yes"/>
    <tag k="sidewalk:right" v="separate"/>
    <tag k="source:maxspeed" v="sign"/>
    <tag k="surface" v="asphalt"/>
    <tag k="wikidata" v="Q95486142"/>
  </way>
  <way id="1000255439">
    <nd ref="9550357534"/>
    <nd ref="9550357533"/>
    <tag k="bicycle" v="designated"/>
    <tag k="highway" v="residential"/>
    <tag k="lit" v="yes"/>
    <tag k="maxspeed" v="25 mph"/>
    <tag k="maxspeed:type" v="sign"/>
    <tag k="name" v="South Morgan Street"/>
    <tag k="sidewalk" v="separate"/>
    <tag k="surface" v="asphalt"/>
  </way>
  <way id="1001931587">
    <nd ref="345124661"/>
    <nd ref="9247495249"/>
    <tag k="cycleway" v="lane"/>
    <tag k="cycleway:both" v="lane"/>
    <tag k="cycleway:both:buffer" v="yes"/>
    <tag k="cycleway:buffer" v="yes"/>
    <tag k="highway" v="tertiary"/>
    <tag k="name" v="South Morgan Street"/>
  </way>
  <way id="1002803295">
    <nd ref="5970344158"/>
    <nd ref="288070420"/>
    <tag k="highway" v="secondary"/>
    <tag k="lanes" v="2"/>
    <tag k="loc_ref" v="0 N/S"/>
    <tag k="name" v="West Madison Street"/>
    <tag k="name:etymology:wikidata" v="Q11813"/>
    <tag k="sidewalk:both" v="separate"/>
    <tag k="turn:lanes:forward" v="left|"/>
    <tag k="wikidata" v="Q3276131"/>
    <tag k="wikipedia" v="en:Madison Street (Chicago)"/>
  </way>
  <way id="1005098360">
    <nd ref="9862366055"/>
    <nd ref="5870395115"/>
    <nd ref="4226924473"/>
    <nd ref="1324291786"/>
    <nd ref="1324291790"/>
    <tag k="cycleway:right" v="shared_lane"/>
    <tag k="highway" v="secondary"/>
    <tag k="lanes" v="3"/>
    <tag k="lit" v="yes"/>
    <tag k="loc_ref" v="600 S"/>
    <tag k="maxspeed" v="20 mph"/>
    <tag k="name" v="West Harrison Street"/>
    <tag k="name:etymology:wikidata" v="Q11869"/>
    <tag k="oneway" v="yes"/>
    <tag k="sidewalk:left" v="no"/>
    <tag k="sidewalk:right" v="separate"/>
    <tag k="source:maxspeed" v="sign"/>
    <tag k="surface" v="asphalt"/>
    <tag k="turn:lanes" v="left||right"/>
    <tag k="wikidata" v="Q95486142"/>
  </way>
  <way id="1007206494">
    <nd ref="1889135809"/>
    <nd ref="1647436344"/>
    <tag k="bridge" v="yes"/>
    <tag k="destination:lanes" v="Aurora|Aurora|Aurora|Wisconsin"/>
    <tag k="highway" v="motorway"/>
    <tag k="lanes" v="4"/>
    <tag k="layer" v="1"/>
    <tag k="level" v="1"/>
    <tag k="maxheight" v="13'6&quot;"/>
    <tag k="maxweight" v="120000 lbs"/>
    <tag k="maxwidth" v="12'0&quot;"/>
    <tag k="name" v="Eisenhower Expressway"/>
    <tag k="oneway" v="yes"/>
    <tag k="source:maxlength" v="https://idot.illinois.gov/content/dam/soi/en/web/idot/documents/doing-business/specialty-lists/highways/permits/permanentrestrictedroads.pdf"/>
    <tag k="source:maxweight" v="https://idot.illinois.gov/content/dam/soi/en/web/idot/documents/doing-business/specialty-lists/highways/permits/permanentrestrictedroads.pdf"/>
    <tag k="source:maxwidth" v="https://idot.illinois.gov/content/dam/soi/en/web/idot/documents/doing-business/specialty-lists/highways/permits/permanentrestrictedroads.pdf"/>
    <tag k="surface" v="concrete"/>
    <tag k="turn:lanes" v="none|none|none|slight_right"/>
  </way>
  <way id="1007206495">
    <nd ref="9292058367"/>
    <nd ref="1889135809"/>
    <tag k="bridge" v="yes"/>
    <tag k="destination:lanes" v="Aurora;Eisenhower Expressway|Aurora;Eisenhower Expressway|Aurora;Eisenhower Expressway|Wisconsin;Kennedy Expressway|Indiana;Dan Ryan Expressway"/>
    <tag k="highway" v="motorway"/>
    <tag k="lanes" v="5"/>
    <tag k="layer" v="1"/>
    <tag k="level" v="1"/>
    <tag k="maxheight" v="13'6&quot;"/>
    <tag k="maxweight" v="120000 lbs"/>
    <tag k="maxwidth" v="12'0&quot;"/>
    <tag k="name" v="Eisenhower Expressway"/>
    <tag k="oneway" v="yes"/>
    <tag k="source:maxlength" v="https://idot.illinois.gov/content/dam/soi/en/web/idot/documents/doing-business/specialty-lists/highways/permits/permanentrestrictedroads.pdf"/>
    <tag k="source:maxweight" v="https://idot.illinois.gov/content/dam/soi/en/web/idot/documents/doing-business/specialty-lists/highways/permits/permanentrestrictedroads.pdf"/>
    <tag k="source:maxwidth" v="https://idot.illinois.gov/content/dam/soi/en/web/idot/documents/doing-business/specialty-lists/highways/permits/permanentrestrictedroads.pdf"/>
    <tag k="surface" v="concrete"/>
    <tag k="turn:lanes" v="|||slight_right|slight_right"/>
  </way>
  <way id="1013046327">
    <nd ref="410791912"/>
    <nd ref="7520846966"/>
    <nd ref="13768661678"/>
    <nd ref="12251463130"/>
    <nd ref="9747444335"/>
    <nd ref="9115265385"/>
    <nd ref="410791913"/>
    <nd ref="9115265390"/>
    <nd ref="12251463124"/>
    <nd ref="12251463123"/>
    <nd ref="9747444332"/>
    <nd ref="9115265401"/>
    <nd ref="410791914"/>
    <tag k="highway" v="unclassified"/>
    <tag k="lit" v="yes"/>
    <tag k="loc_ref" v="150 N"/>
    <tag k="name" v="West Randolph Street"/>
    <tag k="name:etymology:wikidata" v="Q486499"/>
    <tag k="oneway" v="yes"/>
    <tag k="wikidata" v="Q7291867"/>
    <tag k="wikipedia" v="en:Randolph Street"/>
  </way>
  <way id="1013046328">
    <nd ref="288070465"/>
    <nd ref="9115265393"/>
    <nd ref="4100010433"/>
    <nd ref="4636005908"/>
    <nd ref="13768798541"/>
    <nd ref="9747444339"/>
    <nd ref="7520846963"/>
    <nd ref="410791912"/>
    <tag k="highway" v="tertiary"/>
    <tag k="lit" v="yes"/>
    <tag k="name" v="North Green Street"/>
    <tag k="note" v="Converted to one-way in Oct 2025 https://www.axios.com/local/chicago/2025/11/07/one-way-streets-west-loop-racine-green-burnett-conway"/>
    <tag k="oneway" v="yes"/>
    <tag k="sidewalk:both" v="separate"/>
    <tag k="surface" v="asphalt"/>
  </way>
  <way id="1013046329">
    <nd ref="288070457"/>
    <nd ref="7520846965"/>
    <nd ref="9747444336"/>
    <nd ref="9115265384"/>
    <nd ref="258956044"/>
    <nd ref="9115265389"/>
    <nd ref="9747444331"/>
    <nd ref="9115265399"/>
    <nd ref="288070401"/>
    <tag k="hgv" v="designated"/>
    <tag k="highway" v="secondary"/>
    <tag k="lit" v="yes"/>
    <tag k="loc_ref" v="150 N"/>
    <tag k="name" v="West Randolph Street"/>
    <tag k="name:etymology:wikidata" v="Q486499"/>
    <tag k="old_ref" v="US 20 Business"/>
    <tag k="oneway" v="yes"/>
    <tag k="source:hgv" v="https://gis-idot.opendata.arcgis.com/datasets/IDOT::designated-truck-routes-state-jurisdiction-truck-route/explore?location=40.542466%2C-88.991188%2C14.60;https://www.gettingaroundillinois.com/MapViewer/?config=DTRconfig.json"/>
    <tag k="wikidata" v="Q7291867"/>
    <tag k="wikipedia" v="en:Randolph Street"/>
  </way>
  <way id="1013046330">
    <nd ref="288070457"/>
    <nd ref="410791898"/>
    <tag k="highway" v="tertiary"/>
    <tag k="lane_markings" v="no"/>
    <tag k="lit" v="yes"/>
    <tag k="name" v="North Green Street"/>
    <tag k="note" v="Converted to one-way in Oct 2025 https://www.axios.com/local/chicago/2025/11/07/one-way-streets-west-loop-racine-green-burnett-conway"/>
    <tag k="oneway" v="yes"/>
    <tag k="sidewalk:both" v="separate"/>
    <tag k="surface" v="asphalt"/>
  </way>
  <way id="1013046331">
    <nd ref="410791898"/>
    <nd ref="7520846959"/>
    <nd ref="12251463225"/>
    <nd ref="12251463161"/>
    <nd ref="7515614572"/>
    <nd ref="410791896"/>
    <tag k="highway" v="tertiary"/>
    <tag k="lane_markings" v="no"/>
    <tag k="lit" v="yes"/>
    <tag k="loc_ref" v="150 N"/>
    <tag k="name" v="West Randolph Street"/>
    <tag k="name:etymology:wikidata" v="Q486499"/>
    <tag k="oneway" v="yes"/>
    <tag k="surface" v="asphalt"/>
    <tag k="wikidata" v="Q7291867"/>
    <tag k="wikipedia" v="en:Randolph Street"/>
  </way>
  <way id="1020123299">
    <nd ref="410791905"/>
    <nd ref="9685786455"/>
    <nd ref="5492705688"/>
    <nd ref="4063814408"/>
    <nd ref="5492705696"/>
    <nd ref="13803912043"/>
    <nd ref="11172611547"/>
    <nd ref="4063814413"/>
    <nd ref="5492705677"/>
    <nd ref="9115266668"/>
    <tag k="highway" v="tertiary"/>
    <tag k="loc_ref" v="1200 W"/>
    <tag k="name" v="North Racine Avenue"/>
    <tag k="name:etymology:wikidata" v="Q40340"/>
    <tag k="note" v="Converted to one-way in Oct 2025 https://www.axios.com/local/chicago/2025/11/07/one-way-streets-west-loop-racine-green-burnett-conway"/>
    <tag k="old_name" v="Center Avenue"/>
    <tag k="oneway" v="yes"/>
    <tag k="sidewalk:both" v="separate"/>
    <tag k="surface" v="asphalt"/>
    <tag k="wikidata" v="Q118964088"/>
    <tag k="wikipedia" v="en:Racine Avenue"/>
  </way>
  <way id="1020123300">
    <nd ref="410791915"/>
    <nd ref="9115266726"/>
    <nd ref="12251463111"/>
    <nd ref="12251463110"/>
    <nd ref="7271688039"/>
    <nd ref="13961447491"/>
    <nd ref="12251463113"/>
    <nd ref="9747444317"/>
    <nd ref="9115266737"/>
    <nd ref="410791916"/>
    <nd ref="9115266739"/>
    <nd ref="12251463107"/>
    <nd ref="12251463106"/>
    <nd ref="9747430810"/>
    <nd ref="9733226954"/>
    <nd ref="410791917"/>
    <tag k="highway" v="unclassified"/>
    <tag k="lit" v="yes"/>
    <tag k="loc_ref" v="150 N"/>
    <tag k="name" v="West Randolph Street"/>
    <tag k="name:etymology:wikidata" v="Q486499"/>
    <tag k="oneway" v="yes"/>
    <tag k="wikidata" v="Q7291867"/>
    <tag k="wikipedia" v="en:Randolph Street"/>
  </way>
  <way id="1020123301">
    <nd ref="410791904"/>
    <nd ref="9733226952"/>
    <nd ref="12251463199"/>
    <nd ref="12251463200"/>
    <nd ref="9747430815"/>
    <nd ref="9115266741"/>
    <nd ref="410791903"/>
    <nd ref="9115266735"/>
    <nd ref="12251463202"/>
    <nd ref="12251463203"/>
    <nd ref="9747444318"/>
    <nd ref="9115266728"/>
    <nd ref="410791902"/>
    <tag k="highway" v="tertiary"/>
    <tag k="lit" v="yes"/>
    <tag k="loc_ref" v="150 N"/>
    <tag k="name" v="West Randolph Street"/>
    <tag k="name:etymology:wikidata" v="Q486499"/>
    <tag k="oneway" v="yes"/>
    <tag k="wikidata" v="Q7291867"/>
    <tag k="wikipedia" v="en:Randolph Street"/>
  </way>
  <way id="1020123302">
    <nd ref="410791918"/>
    <nd ref="418155586"/>
    <tag k="highway" v="tertiary"/>
    <tag k="loc_ref" v="1200 W"/>
    <tag k="name" v="North Racine Avenue"/>
    <tag k="name:etymology:wikidata" v="Q40340"/>
    <tag k="note" v="Converted to one-way in Oct 2025 https://www.axios.com/local/chicago/2025/11/07/one-way-streets-west-loop-racine-green-burnett-conway"/>
    <tag k="old_name" v="Center Avenue"/>
    <tag k="oneway" v="yes"/>
    <tag k="surface" v="asphalt"/>
    <tag k="wikidata" v="Q118964088"/>
    <tag k="wikipedia" v="en:Racine Avenue"/>
  </way>
  <way id="1020374913">
    <nd ref="1655426908"/>
    <nd ref="11943616166"/>
    <nd ref="10264134797"/>
    <nd ref="11944268818"/>
    <nd ref="10264134798"/>
    <nd ref="9512895691"/>
    <tag k="description" v="Access to offramps"/>
    <tag k="destination" v="Downtown"/>
    <tag k="highway" v="motorway_link"/>
    <tag k="lanes" v="2"/>
    <tag k="lit" v="yes"/>
    <tag k="maxheight" v="13'4&quot;"/>
    <tag k="name" v="Kennedy Expressway"/>
    <tag k="name:etymology:wikidata" v="Q9696"/>
    <tag k="official_name" v="John F. Kennedy Expressway"/>
    <tag k="old_name" v="Northwest Expressway"/>
    <tag k="oneway" v="yes"/>
    <tag k="wikidata" v="Q1072388"/>
    <tag k="wikipedia" v="en:Kennedy Expressway"/>
  </way>
  <way id="1020820016">
    <nd ref="258956042"/>
    <nd ref="709360476"/>
    <tag k="bridge" v="yes"/>
    <tag k="hgv" v="designated"/>
    <tag k="highway" v="secondary"/>
    <tag k="lanes" v="4"/>
    <tag k="layer" v="1"/>
    <tag k="lit" v="yes"/>
    <tag k="loc_ref" v="150 N"/>
    <tag k="name" v="West Randolph Street"/>
    <tag k="name:etymology:wikidata" v="Q486499"/>
    <tag k="old_ref" v="US 20 Business"/>
    <tag k="oneway" v="yes"/>
    <tag k="source:hgv" v="https://gis-idot.opendata.arcgis.com/datasets/IDOT::designated-truck-routes-state-jurisdiction-truck-route/explore?location=40.542466%2C-88.991188%2C14.60;https://www.gettingaroundillinois.com/MapViewer/?config=DTRconfig.json"/>
    <tag k="surface" v="concrete"/>
    <tag k="turn:lanes" v="left|||right"/>
    <tag k="wikidata" v="Q7291867"/>
    <tag k="wikipedia" v="en:Randolph Street"/>
  </way>
  <way id="1023273780">
    <nd ref="9436625758"/>
    <nd ref="418077925"/>
    <nd ref="7512746469"/>
    <nd ref="287261643"/>
    <tag k="destination:street" v="Monroe Street"/>
    <tag k="highway" v="motorway_link"/>
    <tag k="lanes" v="2"/>
    <tag k="oneway" v="yes"/>
    <tag k="turn:lanes" v="left|right"/>
  </way>
  <way id="1028896256">
    <nd ref="2528761417"/>
    <nd ref="9733272339"/>
    <nd ref="258021251"/>
    <tag k="bicycle" v="use_sidepath"/>
    <tag k="cycleway:right" v="separate"/>
    <tag k="highway" v="secondary"/>
    <tag k="lanes" v="3"/>
    <tag k="lit" v="yes"/>
    <tag k="loc_ref" v="150 N"/>
    <tag k="name" v="West Randolph Street"/>
    <tag k="name:etymology:wikidata" v="Q486499"/>
    <tag k="oneway" v="yes"/>
    <tag k="sidewalk" v="separate"/>
    <tag k="surface" v="asphalt"/>
    <tag k="turn:lanes" v="||right"/>
    <tag k="wikidata" v="Q7291867"/>
    <tag k="wikipedia" v="en:Randolph Street"/>
  </way>
  <way id="1031086695">
    <nd ref="258020602"/>
    <nd ref="9411378352"/>
    <nd ref="5460369673"/>
    <nd ref="11841529428"/>
    <nd ref="9411378345"/>
    <nd ref="258956212"/>
    <tag k="highway" v="secondary"/>
    <tag k="name" v="West Lake Street"/>
    <tag k="name:etymology:wikidata" v="Q1169"/>
    <tag k="parking:both" v="lane"/>
    <tag k="surface" v="asphalt"/>
    <tag k="wikidata" v="Q3216465"/>
    <tag k="wikipedia" v="en:Lake Street (Chicago)"/>
  </way>
  <way id="1031086696">
    <nd ref="258020602"/>
    <nd ref="9768129713"/>
    <nd ref="4335526378"/>
    <tag k="bicycle" v="designated"/>
    <tag k="highway" v="secondary"/>
    <tag k="lanes" v="2"/>
    <tag k="name" v="North Jefferson Street"/>
    <tag k="name:etymology:wikidata" v="Q11812"/>
    <tag k="name:etymology:wikipedia" v="en:Thomas Jefferson"/>
    <tag k="oneway" v="yes"/>
    <tag k="sidewalk:both" v="separate"/>
    <tag k="surface" v="asphalt"/>
  </way>
  <way id="1031086697">
    <nd ref="9504135733"/>
    <nd ref="9768129708"/>
    <nd ref="258020602"/>
    <tag k="bicycle" v="designated"/>
    <tag k="highway" v="secondary"/>
    <tag k="lanes" v="4"/>
    <tag k="name" v="North Jefferson Street"/>
    <tag k="name:etymology:wikidata" v="Q11812"/>
    <tag k="name:etymology:wikipedia" v="en:Thomas Jefferson"/>
    <tag k="oneway" v="yes"/>
    <tag k="surface" v="asphalt"/>
    <tag k="turn:lanes" v="left|none|none|right"/>
  </way>
  <way id="1031102657">
    <nd ref="9504256373"/>
    <nd ref="12233562186"/>
    <nd ref="3281127354"/>
    <nd ref="258020219"/>
    <tag k="bicycle" v="use_sidepath"/>
    <tag k="cycleway:left" v="separate"/>
    <tag k="highway" v="secondary"/>
    <tag k="lanes" v="3"/>
    <tag k="name" v="North Clinton Street"/>
    <tag k="name:etymology:wikidata" v="Q527462"/>
    <tag k="name:etymology:wikipedia" v="en:DeWitt Clinton"/>
    <tag k="oneway" v="yes"/>
    <tag k="surface" v="asphalt"/>
    <tag k="turn:lanes" v="left|none|none"/>
  </way>
  <way id="1031126919">
    <nd ref="5678654949"/>
    <nd ref="4226924793"/>
    <nd ref="257381489"/>
    <tag k="bicycle" v="use_sidepath"/>
    <tag k="busway" v="lane"/>
    <tag k="cycleway:left" v="separate"/>
    <tag k="highway" v="secondary"/>
    <tag k="lanes" v="3"/>
    <tag k="name" v="South Clinton Street"/>
    <tag k="name:etymology:wikidata" v="Q527462"/>
    <tag k="name:etymology:wikipedia" v="en:DeWitt Clinton"/>
    <tag k="oneway" v="yes"/>
    <tag k="turn:lanes" v="left||"/>
  </way>
  <way id="1031291395">
    <nd ref="256612740"/>
    <nd ref="11918974351"/>
    <nd ref="9254618663"/>
    <nd ref="9504943161"/>
    <tag k="alt_name" v="Honorary &quot;The Godfather of House Music&quot; Frankie Knuckles Way"/>
    <tag k="alt_name:etymology:wikidata" v="Q205322"/>
    <tag k="highway" v="secondary"/>
    <tag k="lanes" v="2"/>
    <tag k="name" v="South Jefferson Street"/>
    <tag k="name:etymology:wikidata" v="Q11812"/>
    <tag k="name:etymology:wikipedia" v="en:Thomas Jefferson"/>
    <tag k="oneway" v="yes"/>
    <tag k="surface" v="asphalt"/>
    <tag k="turn:lanes" v="left|none"/>
  </way>
  <way id="1031291396">
    <nd ref="9504943161"/>
    <nd ref="262247585"/>
    <nd ref="6637892306"/>
    <nd ref="257381494"/>
    <tag k="alt_name" v="Honorary &quot;The Godfather of House Music&quot; Frankie Knuckles Way"/>
    <tag k="alt_name:etymology:wikidata" v="Q205322"/>
    <tag k="highway" v="secondary"/>
    <tag k="lanes" v="3"/>
    <tag k="name" v="South Jefferson Street"/>
    <tag k="name:etymology:wikidata" v="Q11812"/>
    <tag k="name:etymology:wikipedia" v="en:Thomas Jefferson"/>
    <tag k="oneway" v="yes"/>
    <tag k="turn:lanes" v="left|left;through|through"/>
  </way>
  <way id="1031296422">
    <nd ref="736014842"/>
    <nd ref="9309565816"/>
    <nd ref="7520847064"/>
    <nd ref="256633628"/>
    <nd ref="7520847059"/>
    <nd ref="5492691175"/>
    <nd ref="7680819169"/>
    <nd ref="5152206386"/>
    <nd ref="9504952129"/>
    <tag k="cycleway:left" v="separate"/>
    <tag k="highway" v="tertiary"/>
    <tag k="lanes" v="2"/>
    <tag k="loc_ref" v="300 S"/>
    <tag k="name" v="West Jackson Boulevard"/>
    <tag k="name:etymology:wikidata" v="Q11817"/>
    <tag k="old_ref" v="US 66"/>
    <tag k="oneway" v="yes"/>
    <tag k="ref" v="US 66 Hist"/>
    <tag k="sidewalk:both" v="separate"/>
    <tag k="wikidata" v="Q96942479"/>
    <tag k="wikipedia" v="en:Jackson Boulevard"/>
  </way>
  <way id="1031296423">
    <nd ref="9504952129"/>
    <nd ref="7515614359"/>
    <nd ref="256613293"/>
    <tag k="cycleway:left" v="separate"/>
    <tag k="highway" v="tertiary"/>
    <tag k="lanes" v="3"/>
    <tag k="loc_ref" v="300 S"/>
    <tag k="name" v="West Jackson Boulevard"/>
    <tag k="name:etymology:wikidata" v="Q11817"/>
    <tag k="old_ref" v="US 66"/>
    <tag k="oneway" v="yes"/>
    <tag k="ref" v="US 66 Hist"/>
    <tag k="turn:lanes" v="left|through|none"/>
    <tag k="wikidata" v="Q96942479"/>
    <tag k="wikipedia" v="en:Jackson Boulevard"/>
  </way>
  <way id="1031296424">
    <nd ref="256613293"/>
    <nd ref="3617601312"/>
    <nd ref="1676390755"/>
    <nd ref="1676390756"/>
    <tag k="bicycle" v="designated"/>
    <tag k="highway" v="tertiary"/>
    <tag k="loc_ref" v="1200 W"/>
    <tag k="name" v="South Racine Avenue"/>
    <tag k="name:etymology:wikidata" v="Q40340"/>
    <tag k="old_name" v="Center Avenue"/>
    <tag k="wikidata" v="Q118964088"/>
    <tag k="wikipedia" v="en:Racine Avenue"/>
  </way>
  <way id="1031296425">
    <nd ref="256613293"/>
    <nd ref="7515614357"/>
    <nd ref="5115166804"/>
    <nd ref="4605823957"/>
    <nd ref="5813229917"/>
    <nd ref="8293837897"/>
    <nd ref="4587771980"/>
    <nd ref="9504952130"/>
    <tag k="cycleway:left" v="separate"/>
    <tag k="highway" v="tertiary"/>
    <tag k="lanes" v="2"/>
    <tag k="loc_ref" v="300 S"/>
    <tag k="name" v="West Jackson Boulevard"/>
    <tag k="name:etymology:wikidata" v="Q11817"/>
    <tag k="old_ref" v="US 66"/>
    <tag k="oneway" v="yes"/>
    <tag k="ref" v="US 66 Hist"/>
    <tag k="wikidata" v="Q96942479"/>
    <tag k="wikipedia" v="en:Jackson Boulevard"/>
  </way>
  <way id="1031296426">
    <nd ref="9504952130"/>
    <nd ref="7515614335"/>
    <nd ref="256613310"/>
    <tag k="cycleway:left" v="separate"/>
    <tag k="highway" v="tertiary"/>
    <tag k="lanes" v="3"/>
    <tag k="loc_ref" v="300 S"/>
    <tag k="name" v="West Jackson Boulevard"/>
    <tag k="name:etymology:wikidata" v="Q11817"/>
    <tag k="old_ref" v="US 66"/>
    <tag k="oneway" v="yes"/>
    <tag k="ref" v="US 66 Hist"/>
    <tag k="turn:lanes" v="left|through|none"/>
    <tag k="wikidata" v="Q96942479"/>
    <tag k="wikipedia" v="en:Jackson Boulevard"/>
  </way>
  <way id="1031296427">
    <nd ref="262347210"/>
    <nd ref="1884443875"/>
    <nd ref="8690768463"/>
    <nd ref="7735817601"/>
    <nd ref="5656713297"/>
    <nd ref="3617601313"/>
    <nd ref="256613310"/>
    <tag k="highway" v="residential"/>
    <tag k="name" v="South Aberdeen Street"/>
    <tag k="tiger:cfcc" v="A41"/>
    <tag k="tiger:county" v="Cook, IL"/>
    <tag k="tiger:name_base" v="Aberdeen"/>
    <tag k="tiger:name_direction_prefix" v="S"/>
    <tag k="tiger:name_type" v="St"/>
    <tag k="tiger:reviewed" v="no"/>
    <tag k="tiger:zip_left" v="60607"/>
    <tag k="tiger:zip_right" v="60607"/>
  </way>
  <way id="1033738865">
    <nd ref="7488617085"/>
    <nd ref="4227056699"/>
    <nd ref="13746350784"/>
    <nd ref="7015619031"/>
    <tag k="bicycle" v="use_sidepath"/>
    <tag k="cycleway:right" v="separate"/>
    <tag k="highway" v="secondary"/>
    <tag k="lanes" v="3"/>
    <tag k="lit" v="yes"/>
    <tag k="loc_ref" v="150 N"/>
    <tag k="name" v="West Randolph Street"/>
    <tag k="name:etymology:wikidata" v="Q486499"/>
    <tag k="old_ref" v="US 20 Business"/>
    <tag k="oneway" v="yes"/>
    <tag k="sidewalk" v="separate"/>
    <tag k="turn:lanes" v="through|through|through;right"/>
    <tag k="wikidata" v="Q7291867"/>
    <tag k="wikipedia" v="en:Randolph Street"/>
  </way>
  <way id="1033761077">
    <nd ref="7335736851"/>
    <nd ref="7015619031"/>
    <tag k="cycleway:right" v="separate"/>
    <tag k="highway" v="secondary"/>
    <tag k="lanes" v="3"/>
    <tag k="name" v="North Canal Street"/>
    <tag k="name:etymology:wikidata" v="Q952760"/>
    <tag k="name:etymology:wikipedia" v="en:Illinois and Michigan Canal"/>
    <tag k="oneway" v="yes"/>
    <tag k="surface" v="asphalt"/>
  </way>
  <way id="1033763261">
    <nd ref="9523800941"/>
    <nd ref="13746236766"/>
    <nd ref="11870471279"/>
    <nd ref="11870471277"/>
    <nd ref="11870471249"/>
    <nd ref="9733272224"/>
    <nd ref="258020603"/>
    <tag k="cycleway:left" v="no"/>
    <tag k="cycleway:right" v="lane"/>
    <tag k="cycleway:right:buffer" v="no"/>
    <tag k="highway" v="secondary"/>
    <tag k="lanes" v="3"/>
    <tag k="name" v="North Canal Street"/>
    <tag k="name:etymology:wikidata" v="Q952760"/>
    <tag k="name:etymology:wikipedia" v="en:Illinois and Michigan Canal"/>
    <tag k="oneway" v="yes"/>
    <tag k="sidewalk" v="separate"/>
    <tag k="surface" v="asphalt"/>
    <tag k="turn:lanes" v="left|through|none"/>
  </way>
  <way id="1033773628">
    <nd ref="7271688042"/>
    <nd ref="12251463179"/>
    <nd ref="12251463180"/>
    <nd ref="9747430796"/>
    <nd ref="9733272221"/>
    <nd ref="410791907"/>
    <nd ref="9685786442"/>
    <nd ref="12251463183"/>
    <nd ref="12251463184"/>
    <nd ref="11881628184"/>
    <nd ref="12251463187"/>
    <nd ref="12251463188"/>
    <nd ref="9747430800"/>
    <nd ref="410791906"/>
    <tag k="highway" v="tertiary"/>
    <tag k="lit" v="yes"/>
    <tag k="loc_ref" v="150 N"/>
    <tag k="name" v="West Randolph Street"/>
    <tag k="name:etymology:wikidata" v="Q486499"/>
    <tag k="oneway" v="yes"/>
    <tag k="sidewalk:left" v="no"/>
    <tag k="sidewalk:right" v="separate"/>
    <tag k="wikidata" v="Q7291867"/>
    <tag k="wikipedia" v="en:Randolph Street"/>
  </way>
  <way id="1033792536">
    <nd ref="9524048696"/>
    <nd ref="261177034"/>
    <tag k="highway" v="secondary"/>
    <tag k="lanes" v="4"/>
    <tag k="name" v="South Canal Street"/>
    <tag k="name:etymology:wikidata" v="Q952760"/>
    <tag k="name:etymology:wikipedia" v="en:Illinois and Michigan Canal"/>
    <tag k="note" v="This is a viaduct but is layer 0."/>
    <tag k="oneway" v="yes"/>
    <tag k="surface" v="asphalt"/>
  </way>
  <way id="1033796881">
    <nd ref="257381547"/>
    <nd ref="7515614478"/>
    <nd ref="2203666348"/>
    <tag k="highway" v="secondary"/>
    <tag k="lanes" v="4"/>
    <tag k="name" v="West Monroe Street"/>
    <tag k="oneway" v="yes"/>
    <tag k="smoothness" v="excellent"/>
    <tag k="surface" v="asphalt"/>
  </way>
  <way id="1033796882">
    <nd ref="2203666348"/>
    <nd ref="11172146942"/>
    <nd ref="8928735385"/>
    <nd ref="257381566"/>
    <tag k="highway" v="secondary"/>
    <tag k="lanes" v="4"/>
    <tag k="name" v="West Monroe Street"/>
    <tag k="oneway" v="yes"/>
    <tag k="surface" v="asphalt"/>
    <tag k="turn:lanes" v="left|none|none|none"/>
  </way>
  <way id="1033796883">
    <nd ref="257381566"/>
    <nd ref="8928735388"/>
    <tag k="highway" v="secondary"/>
    <tag k="lanes" v="3"/>
    <tag k="name" v="South Jefferson Street"/>
    <tag k="name:etymology:wikidata" v="Q11812"/>
    <tag k="name:etymology:wikipedia" v="en:Thomas Jefferson"/>
    <tag k="oneway" v="yes"/>
    <tag k="surface" v="asphalt"/>
  </way>
  <way id="1033796884">
    <nd ref="9524023606"/>
    <nd ref="9309565663"/>
    <nd ref="257381556"/>
    <tag k="highway" v="secondary"/>
    <tag k="lanes" v="3"/>
    <tag k="name" v="West Monroe Street"/>
    <tag k="oneway" v="yes"/>
    <tag k="surface" v="asphalt"/>
    <tag k="turn:lanes" v="none|none|right"/>
  </way>
  <way id="1033801602">
    <nd ref="9524151445"/>
    <nd ref="2146994568"/>
    <nd ref="7015593957"/>
    <nd ref="2393957356"/>
    <tag k="highway" v="secondary"/>
    <tag k="lanes" v="3"/>
    <tag k="name" v="West Monroe Street"/>
    <tag k="oneway" v="yes"/>
    <tag k="sidewalk:both" v="separate"/>
    <tag k="surface" v="asphalt"/>
  </way>
  <way id="1033832881">
    <nd ref="410791906"/>
    <nd ref="418155585"/>
    <tag k="highway" v="residential"/>
    <tag k="name" v="North Willard Court"/>
    <tag k="name:etymology:wikidata" v="Q450197"/>
    <tag k="name:etymology:wikipedia" v="en:Frances Willard"/>
    <tag k="tiger:cfcc" v="A41"/>
    <tag k="tiger:county" v="Cook, IL"/>
    <tag k="tiger:name_base" v="Willard"/>
    <tag k="tiger:name_direction_prefix" v="N"/>
    <tag k="tiger:name_type" v="Ct"/>
    <tag k="tiger:reviewed" v="no"/>
    <tag k="tiger:zip_left" v="60607"/>
    <tag k="tiger:zip_right" v="60607"/>
  </way>
  <way id="1033832882">
    <nd ref="410791906"/>
    <nd ref="9685786458"/>
    <nd ref="12251463191"/>
    <nd ref="12251463192"/>
    <nd ref="9685786450"/>
    <nd ref="410791905"/>
    <tag k="highway" v="tertiary"/>
    <tag k="lit" v="yes"/>
    <tag k="loc_ref" v="150 N"/>
    <tag k="name" v="West Randolph Street"/>
    <tag k="name:etymology:wikidata" v="Q486499"/>
    <tag k="oneway" v="yes"/>
    <tag k="wikidata" v="Q7291867"/>
    <tag k="wikipedia" v="en:Randolph Street"/>
  </way>
  <way id="1033832883">
    <nd ref="261226833"/>
    <nd ref="12251436194"/>
    <nd ref="12251436191"/>
    <nd ref="12251436190"/>
    <nd ref="9747430797"/>
    <nd ref="9685786444"/>
    <nd ref="410791919"/>
    <nd ref="9733272223"/>
    <nd ref="12251436184"/>
    <nd ref="8627695685"/>
    <nd ref="12251436183"/>
    <nd ref="9747430792"/>
    <nd ref="9733272260"/>
    <nd ref="410791920"/>
    <tag k="highway" v="unclassified"/>
    <tag k="lit" v="yes"/>
    <tag k="loc_ref" v="150 N"/>
    <tag k="name" v="West Randolph Street"/>
    <tag k="name:etymology:wikidata" v="Q486499"/>
    <tag k="oneway" v="yes"/>
    <tag k="parking:left" v="no"/>
    <tag k="parking:right" v="separate"/>
    <tag k="sidewalk:left" v="no"/>
    <tag k="sidewalk:right" v="separate"/>
    <tag k="wikidata" v="Q7291867"/>
    <tag k="wikipedia" v="en:Randolph Street"/>
  </way>
  <way id="1033832884">
    <nd ref="418155585"/>
    <nd ref="9747430798"/>
    <nd ref="9685786443"/>
    <nd ref="312587599"/>
    <nd ref="9733272222"/>
    <nd ref="9747430793"/>
    <nd ref="9733272259"/>
    <nd ref="312587569"/>
    <tag k="hgv" v="designated"/>
    <tag k="highway" v="secondary"/>
    <tag k="lanes" v="2"/>
    <tag k="lit" v="yes"/>
    <tag k="loc_ref" v="150 N"/>
    <tag k="name" v="West Randolph Street"/>
    <tag k="name:etymology:wikidata" v="Q486499"/>
    <tag k="old_ref" v="US 20 Business"/>
    <tag k="oneway" v="yes"/>
    <tag k="source:hgv" v="https://gis-idot.opendata.arcgis.com/datasets/IDOT::designated-truck-routes-state-jurisdiction-truck-route/explore?location=40.542466%2C-88.991188%2C14.60;https://www.gettingaroundillinois.com/MapViewer/?config=DTRconfig.json"/>
    <tag k="wikidata" v="Q7291867"/>
    <tag k="wikipedia" v="en:Randolph Street"/>
  </way>
  <way id="1033832885">
    <nd ref="418155585"/>
    <nd ref="261226833"/>
    <tag k="highway" v="residential"/>
    <tag k="name" v="North Willard Court"/>
    <tag k="name:etymology:wikidata" v="Q450197"/>
    <tag k="name:etymology:wikipedia" v="en:Frances Willard"/>
    <tag k="tiger:cfcc" v="A41"/>
    <tag k="tiger:county" v="Cook, IL"/>
    <tag k="tiger:name_base" v="Willard"/>
    <tag k="tiger:name_direction_prefix" v="N"/>
    <tag k="tiger:name_type" v="Ct"/>
    <tag k="tiger:reviewed" v="no"/>
    <tag k="tiger:zip_left" v="60607"/>
    <tag k="tiger:zip_right" v="60607"/>
  </way>
  <way id="1038621720">
    <nd ref="2052085917"/>
    <nd ref="4226924612"/>
    <nd ref="27440228"/>
    <tag k="cycleway:right" v="no"/>
    <tag k="highway" v="secondary"/>
    <tag k="lanes" v="2"/>
    <tag k="name" v="South Wacker Drive"/>
    <tag k="name:etymology:wikidata" v="Q5078665"/>
    <tag k="oneway" v="yes"/>
    <tag k="sidewalk:left" v="no"/>
    <tag k="sidewalk:right" v="separate"/>
    <tag k="wikidata" v="Q7958800"/>
    <tag k="wikipedia" v="en:Wacker Drive"/>
  </way>
  <way id="1038974453">
    <nd ref="261095709"/>
    <nd ref="12912851313"/>
    <nd ref="12912851310"/>
    <nd ref="9309565674"/>
    <nd ref="257381556"/>
    <tag k="bicycle" v="use_sidepath"/>
    <tag k="busway" v="lane"/>
    <tag k="cycleway:left" v="separate"/>
    <tag k="highway" v="secondary"/>
    <tag k="lanes" v="4"/>
    <tag k="name" v="South Clinton Street"/>
    <tag k="name:etymology:wikidata" v="Q527462"/>
    <tag k="name:etymology:wikipedia" v="en:DeWitt Clinton"/>
    <tag k="oneway" v="yes"/>
    <tag k="surface" v="asphalt"/>
    <tag k="turn:lanes" v="left|||"/>
  </way>
  <way id="1039023280">
    <nd ref="4382806384"/>
    <nd ref="11751881119"/>
    <nd ref="13142787921"/>
    <nd ref="13142787923"/>
    <nd ref="9568249596"/>
    <tag k="bicycle" v="use_sidepath"/>
    <tag k="cycleway:left" v="separate"/>
    <tag k="highway" v="secondary"/>
    <tag k="lanes" v="2"/>
    <tag k="name" v="South Clinton Street"/>
    <tag k="name:etymology:wikidata" v="Q527462"/>
    <tag k="name:etymology:wikipedia" v="en:DeWitt Clinton"/>
    <tag k="oneway" v="yes"/>
    <tag k="surface" v="asphalt"/>
  </way>
  <way id="1042134771">
    <nd ref="258021252"/>
    <nd ref="9913028611"/>
    <nd ref="8266153611"/>
    <tag k="cycleway:right" v="lane"/>
    <tag k="cycleway:right:buffer" v="no"/>
    <tag k="highway" v="secondary"/>
    <tag k="lanes" v="3"/>
    <tag k="loc_ref" v="300 W"/>
    <tag k="name" v="North Franklin Street"/>
    <tag k="name:etymology:wikidata" v="Q34969"/>
    <tag k="name:etymology:wikipedia" v="en:Benjamin Franklin"/>
    <tag k="oneway" v="yes"/>
    <tag k="sidewalk" v="separate"/>
    <tag k="surface" v="asphalt"/>
  </way>
  <way id="1047788286">
    <nd ref="4336249460"/>
    <nd ref="258021865"/>
    <tag k="cycleway:right" v="no"/>
    <tag k="foot" v="no"/>
    <tag k="highway" v="secondary"/>
    <tag k="lanes" v="3"/>
    <tag k="name" v="South Wacker Drive"/>
    <tag k="oneway" v="yes"/>
    <tag k="sidewalk" v="no"/>
    <tag k="turn:lanes" v="left|left|right"/>
  </way>
  <way id="1047790615">
    <nd ref="1655388338"/>
    <nd ref="4226924455"/>
    <nd ref="13660069463"/>
    <nd ref="1309410892"/>
    <tag k="destination" v="Taylor Street"/>
    <tag k="destination:loc_ref" v="1000 south;1200 South"/>
    <tag k="highway" v="motorway_link"/>
    <tag k="lanes" v="2"/>
    <tag k="oneway" v="yes"/>
    <tag k="turn:lanes" v="left;through|through;right"/>
  </way>
  <way id="1047852824">
    <nd ref="2051982639"/>
    <nd ref="7515614354"/>
    <nd ref="293974158"/>
    <tag k="highway" v="tertiary"/>
    <tag k="lanes" v="2"/>
    <tag k="loc_ref" v="400 S"/>
    <tag k="name" v="West Van Buren Street"/>
    <tag k="name:etymology:wikidata" v="Q11820"/>
    <tag k="oneway" v="yes"/>
    <tag k="turn:lanes" v="slight_left;through|"/>
    <tag k="wikidata" v="Q115806095"/>
    <tag k="wikipedia" v="en:Van Buren Street"/>
  </way>
  <way id="1049318465">
    <nd ref="271162345"/>
    <nd ref="4156112966"/>
    <nd ref="10945099285"/>
    <nd ref="10945099286"/>
    <nd ref="9643227717"/>
    <tag k="cycleway:right" v="no"/>
    <tag k="highway" v="secondary"/>
    <tag k="lanes" v="2"/>
    <tag k="loc_ref" v="100 S"/>
    <tag k="name" v="West Monroe Street"/>
    <tag k="oneway" v="yes"/>
    <tag k="sidewalk:both" v="separate"/>
    <tag k="surface" v="asphalt"/>
  </way>
  <way id="1049318466">
    <nd ref="9643227717"/>
    <nd ref="4156112974"/>
    <nd ref="258021253"/>
    <tag k="cycleway:right" v="no"/>
    <tag k="highway" v="secondary"/>
    <tag k="lanes" v="3"/>
    <tag k="loc_ref" v="100 S"/>
    <tag k="name" v="West Monroe Street"/>
    <tag k="oneway" v="yes"/>
    <tag k="sidewalk:both" v="separate"/>
    <tag k="surface" v="asphalt"/>
    <tag k="turn:lanes" v="left|none|none"/>
  </way>
  <way id="1049318467">
    <nd ref="258021253"/>
    <nd ref="4156112968"/>
    <nd ref="704972430"/>
    <nd ref="4156112941"/>
    <nd ref="258021249"/>
    <tag k="cycleway:right" v="lane"/>
    <tag k="cycleway:right:buffer" v="yes"/>
    <tag k="highway" v="secondary"/>
    <tag k="lanes" v="3"/>
    <tag k="loc_ref" v="300 W"/>
    <tag k="name" v="South Franklin Street"/>
    <tag k="name:etymology:wikidata" v="Q34969"/>
    <tag k="name:etymology:wikipedia" v="en:Benjamin Franklin"/>
    <tag k="oneway" v="yes"/>
    <tag k="sidewalk:both" v="separate"/>
    <tag k="surface" v="concrete"/>
  </way>
  <way id="1049318468">
    <nd ref="258021253"/>
    <nd ref="4156112970"/>
    <nd ref="10945665621"/>
    <nd ref="10945665624"/>
    <nd ref="10945665629"/>
    <nd ref="9643227718"/>
    <tag k="cycleway:right" v="no"/>
    <tag k="highway" v="secondary"/>
    <tag k="lanes" v="2"/>
    <tag k="loc_ref" v="100 S"/>
    <tag k="name" v="West Monroe Street"/>
    <tag k="oneway" v="yes"/>
    <tag k="sidewalk:both" v="separate"/>
    <tag k="surface" v="asphalt"/>
  </way>
  <way id="1050958812">
    <nd ref="1640004513"/>
    <nd ref="9657812478"/>
    <tag k="bicycle" v="designated"/>
    <tag k="bridge" v="yes"/>
    <tag k="highway" v="tertiary"/>
    <tag k="lanes" v="2"/>
    <tag k="layer" v="1"/>
    <tag k="loc_ref" v="1200 W"/>
    <tag k="name" v="South Racine Avenue"/>
    <tag k="name:etymology:wikidata" v="Q40340"/>
    <tag k="old_name" v="Center Avenue"/>
    <tag k="oneway" v="yes"/>
    <tag k="wikidata" v="Q118964088"/>
    <tag k="wikipedia" v="en:Racine Avenue"/>
  </way>
  <way id="1050980548">
    <nd ref="9658031099"/>
    <nd ref="7512746530"/>
    <nd ref="9408702978"/>
    <nd ref="345124661"/>
    <tag k="check_date" v="2019-03-11"/>
    <tag k="destination" v="Morgan Street"/>
    <tag k="destination:loc_ref" v="1000 West"/>
    <tag k="highway" v="motorway_link"/>
    <tag k="junction:ref" v="29B"/>
    <tag k="lanes" v="2"/>
    <tag k="oneway" v="yes"/>
    <tag k="turn:lanes" v="left|right"/>
  </way>
  <way id="1052631913">
    <nd ref="1640004517"/>
    <nd ref="1640004513"/>
    <tag k="bicycle" v="designated"/>
    <tag k="highway" v="tertiary"/>
    <tag k="lanes" v="2"/>
    <tag k="loc_ref" v="1200 W"/>
    <tag k="name" v="South Racine Avenue"/>
    <tag k="name:etymology:wikidata" v="Q40340"/>
    <tag k="old_name" v="Center Avenue"/>
    <tag k="oneway" v="yes"/>
    <tag k="wikidata" v="Q118964088"/>
    <tag k="wikipedia" v="en:Racine Avenue"/>
  </way>
  <way id="1052631914">
    <nd ref="2051982657"/>
    <nd ref="9673870665"/>
    <nd ref="1640004517"/>
    <tag k="highway" v="tertiary"/>
    <tag k="name" v="West Congress Parkway"/>
    <tag k="oneway" v="yes"/>
  </way>
  <way id="1052631915">
    <nd ref="1640004517"/>
    <nd ref="7512371121"/>
    <nd ref="9673870666"/>
    <tag k="highway" v="tertiary"/>
    <tag k="lanes" v="3"/>
    <tag k="name" v="West Congress Parkway"/>
    <tag k="oneway" v="yes"/>
  </way>
  <way id="1054644564">
    <nd ref="258020603"/>
    <nd ref="9733272229"/>
    <nd ref="13961684717"/>
    <nd ref="9691547213"/>
    <tag k="cycleway:right" v="lane"/>
    <tag k="cycleway:right:buffer" v="no"/>
    <tag k="highway" v="secondary"/>
    <tag k="lanes" v="2"/>
    <tag k="name" v="North Milwaukee Avenue"/>
    <tag k="name:etymology:wikidata" v="Q37836"/>
    <tag k="oneway" v="yes"/>
    <tag k="sidewalk" v="separate"/>
    <tag k="surface" v="asphalt"/>
    <tag k="turn:lanes" v="left;slight_left|slight_right;right"/>
    <tag k="wikidata" v="Q6861671"/>
    <tag k="wikipedia" v="en:Milwaukee Avenue (Chicago)"/>
  </way>
  <way id="1065060842">
    <nd ref="1324316159"/>
    <nd ref="1324316156"/>
    <tag k="bicycle" v="designated"/>
    <tag k="highway" v="tertiary"/>
    <tag k="loc_ref" v="1200 W"/>
    <tag k="name" v="South Racine Avenue"/>
    <tag k="name:etymology:wikidata" v="Q40340"/>
    <tag k="old_name" v="Center Avenue"/>
    <tag k="oneway" v="yes"/>
    <tag k="wikidata" v="Q118964088"/>
    <tag k="wikipedia" v="en:Racine Avenue"/>
  </way>
  <way id="1065449350">
    <nd ref="8911055595"/>
    <nd ref="4382806378"/>
    <tag k="highway" v="secondary"/>
    <tag k="lanes" v="4"/>
    <tag k="lanes:bus" v="1"/>
    <tag k="name" v="South Canal Street"/>
    <tag k="name:etymology:wikidata" v="Q952760"/>
    <tag k="name:etymology:wikipedia" v="en:Illinois and Michigan Canal"/>
    <tag k="oneway" v="yes"/>
    <tag k="sidewalk:both" v="separate"/>
    <tag k="surface" v="asphalt"/>
    <tag k="turn:lanes" v="through|through|through|right"/>
  </way>
  <way id="1068108103">
    <nd ref="2146994573"/>
    <nd ref="4336249483"/>
    <tag k="highway" v="secondary"/>
    <tag k="lanes" v="3"/>
    <tag k="name" v="West Adams Street"/>
    <tag k="old_ref" v="US 66"/>
    <tag k="oneway" v="yes"/>
    <tag k="ref" v="US 66 Hist"/>
    <tag k="sidewalk:left" v="separate"/>
    <tag k="sidewalk:right" v="no"/>
    <tag k="surface" v="asphalt"/>
    <tag k="turn:lanes" v="none|none|right"/>
  </way>
  <way id="1068883430">
    <nd ref="9775419904"/>
    <nd ref="11943759922"/>
    <nd ref="9811796417"/>
    <nd ref="11680993011"/>
    <nd ref="9775419900"/>
    <tag k="check_date" v="2022-08-12"/>
    <tag k="description" v="Access to offramps"/>
    <tag k="destination" v="Kennedy Expressway"/>
    <tag k="destination:ref" v="I 94 West;I 90 West"/>
    <tag k="highway" v="motorway_link"/>
    <tag k="lanes" v="1"/>
    <tag k="lit" v="yes"/>
    <tag k="name" v="Kennedy Expressway"/>
    <tag k="name:etymology:wikidata" v="Q9696"/>
    <tag k="official_name" v="John F. Kennedy Expressway"/>
    <tag k="old_name" v="Northwest Expressway"/>
    <tag k="oneway" v="yes"/>
    <tag k="ref" v="I 90;I 94"/>
    <tag k="wikidata" v="Q1072388"/>
    <tag k="wikipedia" v="en:Kennedy Expressway"/>
  </way>
  <way id="1075344711">
    <nd ref="1641361073"/>
    <nd ref="2989731649"/>
    <tag k="cycleway:right" v="track"/>
    <tag k="highway" v="secondary"/>
    <tag k="lanes" v="2"/>
    <tag k="lit" v="yes"/>
    <tag k="loc_ref" v="600 S"/>
    <tag k="maxspeed" v="20 mph"/>
    <tag k="name" v="West Harrison Street"/>
    <tag k="name:etymology:wikidata" v="Q11869"/>
    <tag k="oneway" v="yes"/>
    <tag k="sidewalk:right" v="separate"/>
    <tag k="source:maxspeed" v="sign"/>
    <tag k="surface" v="asphalt"/>
    <tag k="wikidata" v="Q95486142"/>
  </way>
  <way id="1075344712">
    <nd ref="1324316155"/>
    <nd ref="7512371629"/>
    <nd ref="5870569498"/>
    <nd ref="9862366046"/>
    <tag k="cycleway:right" v="shared_lane"/>
    <tag k="highway" v="secondary"/>
    <tag k="lanes" v="2"/>
    <tag k="lit" v="yes"/>
    <tag k="loc_ref" v="600 S"/>
    <tag k="maxspeed" v="20 mph"/>
    <tag k="name" v="West Harrison Street"/>
    <tag k="name:etymology:wikidata" v="Q11869"/>
    <tag k="oneway" v="yes"/>
    <tag k="sidewalk:right" v="separate"/>
    <tag k="surface" v="asphalt"/>
    <tag k="uic_shuttle_route" v="yes"/>
    <tag k="wikidata" v="Q95486142"/>
  </way>
  <way id="1075344713">
    <nd ref="1324316159"/>
    <nd ref="7512371622"/>
    <nd ref="1641362274"/>
    <tag k="cycleway:right" v="shared_lane"/>
    <tag k="highway" v="secondary"/>
    <tag k="lanes" v="2"/>
    <tag k="lit" v="yes"/>
    <tag k="loc_ref" v="600 S"/>
    <tag k="maxspeed" v="20 mph"/>
    <tag k="name" v="West Harrison Street"/>
    <tag k="name:etymology:wikidata" v="Q11869"/>
    <tag k="oneway" v="yes"/>
    <tag k="sidewalk:right" v="separate"/>
    <tag k="source:maxspeed" v="sign"/>
    <tag k="surface" v="asphalt"/>
    <tag k="turn:lanes" v="|right"/>
    <tag k="wikidata" v="Q95486142"/>
  </way>
  <way id="1075344714">
    <nd ref="2495350149"/>
    <nd ref="4336093354"/>
    <tag k="cycleway:right" v="shared_lane"/>
    <tag k="highway" v="secondary"/>
    <tag k="lanes" v="2"/>
    <tag k="lit" v="yes"/>
    <tag k="loc_ref" v="600 S"/>
    <tag k="maxspeed" v="20 mph"/>
    <tag k="name" v="West Harrison Street"/>
    <tag k="name:etymology:wikidata" v="Q11869"/>
    <tag k="oneway" v="yes"/>
    <tag k="sidewalk:right" v="separate"/>
    <tag k="surface" v="asphalt"/>
    <tag k="uic_shuttle_route" v="yes"/>
    <tag k="wikidata" v="Q95486142"/>
  </way>
  <way id="1075344717">
    <nd ref="1308089661"/>
    <nd ref="1309172569"/>
    <tag k="cycleway:right" v="track"/>
    <tag k="highway" v="secondary"/>
    <tag k="lanes" v="1"/>
    <tag k="lit" v="yes"/>
    <tag k="loc_ref" v="600 S"/>
    <tag k="maxspeed" v="20 mph"/>
    <tag k="name" v="West Harrison Street"/>
    <tag k="name:etymology:wikidata" v="Q11869"/>
    <tag k="oneway" v="yes"/>
    <tag k="sidewalk:right" v="separate"/>
    <tag k="surface" v="asphalt"/>
    <tag k="uic_shuttle_route" v="yes"/>
    <tag k="wikidata" v="Q95486142"/>
  </way>
  <way id="1075344718">
    <nd ref="9862366051"/>
    <nd ref="9923869328"/>
    <tag k="cycleway:right" v="shared_lane"/>
    <tag k="highway" v="secondary"/>
    <tag k="lanes" v="2"/>
    <tag k="lit" v="yes"/>
    <tag k="loc_ref" v="600 S"/>
    <tag k="maxspeed" v="20 mph"/>
    <tag k="name" v="West Harrison Street"/>
    <tag k="name:etymology:wikidata" v="Q11869"/>
    <tag k="oneway" v="yes"/>
    <tag k="sidewalk:right" v="separate"/>
    <tag k="surface" v="asphalt"/>
    <tag k="uic_shuttle_route" v="yes"/>
    <tag k="wikidata" v="Q95486142"/>
  </way>
  <way id="1075344720">
    <nd ref="5870395112"/>
    <nd ref="9862366052"/>
    <tag k="cycleway:right" v="track"/>
    <tag k="highway" v="secondary"/>
    <tag k="lanes" v="1"/>
    <tag k="lit" v="yes"/>
    <tag k="loc_ref" v="600 S"/>
    <tag k="maxspeed" v="20 mph"/>
    <tag k="name" v="West Harrison Street"/>
    <tag k="name:etymology:wikidata" v="Q11869"/>
    <tag k="oneway" v="yes"/>
    <tag k="sidewalk:right" v="separate"/>
    <tag k="source:maxspeed" v="sign"/>
    <tag k="surface" v="asphalt"/>
    <tag k="wikidata" v="Q95486142"/>
  </way>
  <way id="1075344721">
    <nd ref="9862366052"/>
    <nd ref="5870403498"/>
    <nd ref="7282826591"/>
    <nd ref="1308089774"/>
    <tag k="cycleway:right" v="shared_lane"/>
    <tag k="highway" v="secondary"/>
    <tag k="lanes" v="2"/>
    <tag k="lit" v="yes"/>
    <tag k="loc_ref" v="600 S"/>
    <tag k="maxspeed" v="20 mph"/>
    <tag k="name" v="West Harrison Street"/>
    <tag k="name:etymology:wikidata" v="Q11869"/>
    <tag k="oneway" v="yes"/>
    <tag k="sidewalk:right" v="separate"/>
    <tag k="source:maxspeed" v="sign"/>
    <tag k="surface" v="asphalt"/>
    <tag k="wikidata" v="Q95486142"/>
  </way>
  <way id="1075344722">
    <nd ref="6291902364"/>
    <nd ref="3222884091"/>
    <nd ref="9862366054"/>
    <tag k="cycleway:right" v="track"/>
    <tag k="highway" v="secondary"/>
    <tag k="lanes" v="2"/>
    <tag k="lit" v="yes"/>
    <tag k="loc_ref" v="600 S"/>
    <tag k="maxspeed" v="20 mph"/>
    <tag k="name" v="West Harrison Street"/>
    <tag k="name:etymology:wikidata" v="Q11869"/>
    <tag k="oneway" v="yes"/>
    <tag k="sidewalk:right" v="separate"/>
    <tag k="source:maxspeed" v="sign"/>
    <tag k="surface" v="asphalt"/>
    <tag k="wikidata" v="Q95486142"/>
  </way>
  <way id="1075344723">
    <nd ref="9862366054"/>
    <nd ref="9862366055"/>
    <tag k="cycleway:right" v="shared_lane"/>
    <tag k="highway" v="secondary"/>
    <tag k="lanes" v="2"/>
    <tag k="lit" v="yes"/>
    <tag k="loc_ref" v="600 S"/>
    <tag k="maxspeed" v="20 mph"/>
    <tag k="name" v="West Harrison Street"/>
    <tag k="name:etymology:wikidata" v="Q11869"/>
    <tag k="oneway" v="yes"/>
    <tag k="sidewalk:left" v="no"/>
    <tag k="sidewalk:right" v="separate"/>
    <tag k="source:maxspeed" v="sign"/>
    <tag k="surface" v="asphalt"/>
    <tag k="turn:lanes" v="|right"/>
    <tag k="wikidata" v="Q95486142"/>
  </way>
  <way id="1075344724">
    <nd ref="1308089672"/>
    <nd ref="9862366056"/>
    <tag k="cycleway:right" v="track"/>
    <tag k="highway" v="secondary"/>
    <tag k="lanes" v="1"/>
    <tag k="lit" v="yes"/>
    <tag k="loc_ref" v="600 S"/>
    <tag k="maxspeed" v="20 mph"/>
    <tag k="name" v="West Harrison Street"/>
    <tag k="name:etymology:wikidata" v="Q11869"/>
    <tag k="oneway" v="yes"/>
    <tag k="sidewalk:right" v="separate"/>
    <tag k="source:maxspeed" v="sign"/>
    <tag k="surface" v="asphalt"/>
    <tag k="wikidata" v="Q95486142"/>
  </way>
  <way id="1075344725">
    <nd ref="9862366056"/>
    <nd ref="1308089676"/>
    <nd ref="5870395112"/>
    <tag k="cycleway:right" v="shared_lane"/>
    <tag k="highway" v="secondary"/>
    <tag k="lanes" v="1"/>
    <tag k="lit" v="yes"/>
    <tag k="loc_ref" v="600 S"/>
    <tag k="maxspeed" v="20 mph"/>
    <tag k="name" v="West Harrison Street"/>
    <tag k="name:etymology:wikidata" v="Q11869"/>
    <tag k="oneway" v="yes"/>
    <tag k="sidewalk:right" v="separate"/>
    <tag k="source:maxspeed" v="sign"/>
    <tag k="surface" v="asphalt"/>
    <tag k="wikidata" v="Q95486142"/>
  </way>
  <way id="1075344726">
    <nd ref="9862366059"/>
    <nd ref="1308089729"/>
    <nd ref="6291902364"/>
    <tag k="cycleway:right" v="track"/>
    <tag k="highway" v="secondary"/>
    <tag k="lanes" v="1"/>
    <tag k="lit" v="yes"/>
    <tag k="loc_ref" v="600 S"/>
    <tag k="maxspeed" v="20 mph"/>
    <tag k="name" v="West Harrison Street"/>
    <tag k="name:etymology:wikidata" v="Q11869"/>
    <tag k="oneway" v="yes"/>
    <tag k="sidewalk:right" v="separate"/>
    <tag k="source:maxspeed" v="sign"/>
    <tag k="surface" v="asphalt"/>
    <tag k="wikidata" v="Q95486142"/>
  </way>
  <way id="1075344727">
    <nd ref="1308089711"/>
    <nd ref="5870395113"/>
    <nd ref="9862366059"/>
    <tag k="cycleway:right" v="shared_lane"/>
    <tag k="highway" v="secondary"/>
    <tag k="lanes" v="1"/>
    <tag k="lit" v="yes"/>
    <tag k="loc_ref" v="600 S"/>
    <tag k="maxspeed" v="20 mph"/>
    <tag k="name" v="West Harrison Street"/>
    <tag k="name:etymology:wikidata" v="Q11869"/>
    <tag k="oneway" v="yes"/>
    <tag k="sidewalk:right" v="separate"/>
    <tag k="source:maxspeed" v="sign"/>
    <tag k="surface" v="asphalt"/>
    <tag k="wikidata" v="Q95486142"/>
  </way>
  <way id="1082821446">
    <nd ref="9923869328"/>
    <nd ref="5870569493"/>
    <nd ref="1308089661"/>
    <tag k="cycleway:right" v="shared_lane"/>
    <tag k="highway" v="secondary"/>
    <tag k="lanes" v="2"/>
    <tag k="loc_ref" v="600 S"/>
    <tag k="maxspeed" v="20 mph"/>
    <tag k="name" v="West Harrison Street"/>
    <tag k="name:etymology:wikidata" v="Q11869"/>
    <tag k="oneway" v="yes"/>
    <tag k="source:maxspeed" v="sign"/>
    <tag k="uic_shuttle_route" v="yes"/>
    <tag k="wikidata" v="Q95486142"/>
  </way>
  <way id="1082821448">
    <nd ref="9923869329"/>
    <nd ref="5870569494"/>
    <nd ref="2495350149"/>
    <tag k="cycleway:right" v="track"/>
    <tag k="highway" v="secondary"/>
    <tag k="lanes" v="2"/>
    <tag k="lit" v="yes"/>
    <tag k="loc_ref" v="600 S"/>
    <tag k="maxspeed" v="20 mph"/>
    <tag k="name" v="West Harrison Street"/>
    <tag k="name:etymology:wikidata" v="Q11869"/>
    <tag k="oneway" v="yes"/>
    <tag k="sidewalk:right" v="separate"/>
    <tag k="surface" v="asphalt"/>
    <tag k="uic_shuttle_route" v="yes"/>
    <tag k="wikidata" v="Q95486142"/>
  </way>
  <way id="1096195078">
    <nd ref="1640067869"/>
    <nd ref="13841836586"/>
    <nd ref="13841836589"/>
    <nd ref="13841836588"/>
    <nd ref="10038612565"/>
    <nd ref="12001199295"/>
    <nd ref="9534526608"/>
    <tag k="destination" v="Indiana;Taylor Street;Roosevelt Road"/>
    <tag k="destination:lanes" v="Indiana;Dan Ryan Expressway|Indiana;Dan Ryan Expressway|Taylor Street;Roosevelt Road"/>
    <tag k="destination:ref" v="I 90 East;I 94 East"/>
    <tag k="highway" v="motorway_link"/>
    <tag k="lanes" v="3"/>
    <tag k="oneway" v="yes"/>
    <tag k="surface" v="concrete"/>
    <tag k="turn:lanes" v="none|none|slight_right"/>
  </way>
  <way id="1119583403">
    <nd ref="287261610"/>
    <nd ref="12064652336"/>
    <tag k="bicycle" v="no"/>
    <tag k="foot" v="no"/>
    <tag k="hgv" v="designated"/>
    <tag k="hgv:national_network" v="yes"/>
    <tag k="highway" v="motorway"/>
    <tag k="horse" v="no"/>
    <tag k="lanes" v="5"/>
    <tag k="lit" v="yes"/>
    <tag k="maxspeed" v="45 mph"/>
    <tag k="minspeed" v="45 mph"/>
    <tag k="name" v="Kennedy Expressway"/>
    <tag k="name:etymology:wikidata" v="Q9696"/>
    <tag k="note" v="Far Right lane is marked for exit only. second right lane splits towards I290"/>
    <tag k="official_name" v="John F. Kennedy Expressway"/>
    <tag k="old_name" v="Northwest Expressway"/>
    <tag k="oneway" v="yes"/>
    <tag k="ref" v="I 90;I 94"/>
    <tag k="source:hgv:national_network" v="https://www.ecfr.gov/current/title-23/chapter-I/subchapter-G/part-658;https://hepgis-usdot.hub.arcgis.com/apps/usdot::national-network-conventional-combination-trucks-map"/>
    <tag k="surface" v="asphalt"/>
    <tag k="turn:lanes" v="through|through|through|through;slight_right|slight_right"/>
    <tag k="wikidata" v="Q1072388"/>
    <tag k="wikipedia" v="en:Kennedy Expressway"/>
  </way>
  <way id="1119846087">
    <nd ref="1337351535"/>
    <nd ref="9503049067"/>
    <nd ref="10242264861"/>
    <tag k="cycleway:left" v="shared_lane"/>
    <tag k="cycleway:right" v="separate"/>
    <tag k="highway" v="secondary"/>
    <tag k="lanes" v="3"/>
    <tag k="lanes:backward" v="2"/>
    <tag k="lanes:forward" v="1"/>
    <tag k="lit" v="yes"/>
    <tag k="loc_ref" v="600 S"/>
    <tag k="name" v="West Harrison Street"/>
    <tag k="name:etymology:wikidata" v="Q11869"/>
    <tag k="sidewalk:both" v="separate"/>
    <tag k="surface" v="asphalt"/>
    <tag k="turn:lanes:backward" v="through|right"/>
    <tag k="wikidata" v="Q95486142"/>
  </way>
  <way id="1120505293">
    <nd ref="10248340698"/>
    <nd ref="4226924658"/>
    <nd ref="27440253"/>
    <tag k="cycleway:right" v="no"/>
    <tag k="highway" v="secondary"/>
    <tag k="lanes" v="4"/>
    <tag k="name" v="South Wacker Drive"/>
    <tag k="name:etymology:wikidata" v="Q5078665"/>
    <tag k="oneway" v="yes"/>
    <tag k="sidewalk:left" v="no"/>
    <tag k="sidewalk:right" v="separate"/>
    <tag k="surface" v="concrete"/>
    <tag k="turn:lanes" v="left|||"/>
    <tag k="wikidata" v="Q7958800"/>
    <tag k="wikipedia" v="en:Wacker Drive"/>
  </way>
  <way id="1122202630">
    <nd ref="1647470013"/>
    <nd ref="10264134792"/>
    <nd ref="10264134793"/>
    <nd ref="11943751648"/>
    <nd ref="10264134742"/>
    <nd ref="10278851027"/>
    <nd ref="10264137523"/>
    <nd ref="10264137522"/>
    <nd ref="10278851028"/>
    <nd ref="10278851019"/>
    <nd ref="11943751649"/>
    <nd ref="10278851018"/>
    <nd ref="12422215215"/>
    <nd ref="11680993014"/>
    <nd ref="287260219"/>
    <tag k="destination" v="Wisconsin;Kennedy Expressway"/>
    <tag k="destination:ref" v="I 94 West;I 90 West"/>
    <tag k="highway" v="motorway_link"/>
    <tag k="lanes" v="2"/>
    <tag k="oneway" v="yes"/>
    <tag k="surface" v="concrete"/>
  </way>
  <way id="1123327963">
    <nd ref="1647470013"/>
    <nd ref="12001199365"/>
    <nd ref="11943751647"/>
    <nd ref="12001199364"/>
    <nd ref="10264134791"/>
    <nd ref="10273279154"/>
    <nd ref="10278851032"/>
    <nd ref="12001199358"/>
    <nd ref="10278851033"/>
    <nd ref="12001199357"/>
    <nd ref="12001199356"/>
    <nd ref="12001199359"/>
    <nd ref="8815131635"/>
    <tag k="destination" v="Downtown Exits;Madison Street;Washington Street;Randolph Street;Wisconsin;Kennedy Expressway;Lake Street"/>
    <tag k="destination:ref" v="I 90 West;I 94 West"/>
    <tag k="highway" v="motorway_link"/>
    <tag k="lanes" v="1"/>
    <tag k="oneway" v="yes"/>
    <tag k="surface" v="concrete"/>
    <tag k="turn:lanes" v="merge_to_right"/>
  </way>
  <way id="1123975928">
    <nd ref="1655397917"/>
    <nd ref="13841875377"/>
    <nd ref="13841875379"/>
    <nd ref="8229056274"/>
    <nd ref="10278799851"/>
    <nd ref="13841875373"/>
    <nd ref="13841875371"/>
    <nd ref="9271212123"/>
    <tag k="description" v="Access to offramps"/>
    <tag k="destination" v="Indiana"/>
    <tag k="destination:ref" v="I 290 West;I 90 East;I 94 East"/>
    <tag k="destination:street" v="Dan Ryan Expressway"/>
    <tag k="highway" v="motorway_link"/>
    <tag k="lanes" v="1"/>
    <tag k="lit" v="yes"/>
    <tag k="name" v="Dan Ryan Expressway"/>
    <tag k="oneway" v="yes"/>
    <tag k="ref" v="I 90;I 94"/>
    <tag k="surface" v="concrete"/>
  </way>
  <way id="1123978534">
    <nd ref="1639968782"/>
    <nd ref="13065601210"/>
    <nd ref="1640067872"/>
    <nd ref="1640067875"/>
    <nd ref="10278761539"/>
    <nd ref="13841836591"/>
    <nd ref="10278761537"/>
    <tag k="bicycle" v="no"/>
    <tag k="destination:lanes" v="Ida B Wells Drive|Ida B Wells Drive|Wisconsin;Kennedy Expressway|Indiana;Dan Ryan Expressway"/>
    <tag k="foot" v="no"/>
    <tag k="hgv" v="designated"/>
    <tag k="highway" v="motorway"/>
    <tag k="horse" v="no"/>
    <tag k="lanes" v="5"/>
    <tag k="maxheight" v="13'6&quot;"/>
    <tag k="maxspeed" v="45 mph"/>
    <tag k="maxweight" v="120000 lbs"/>
    <tag k="maxwidth" v="12'0&quot;"/>
    <tag k="name" v="Eisenhower Expressway"/>
    <tag k="note" v="Opens to 2 left lanes that continue on 290, middle 2 lanes exit to 9094 wast, right 1 lane exits to I90/94 West and Taylor street."/>
    <tag k="oneway" v="yes"/>
    <tag k="ref" v="I 290;IL 110"/>
    <tag k="source:maxlength" v="https://idot.illinois.gov/content/dam/soi/en/web/idot/documents/doing-business/specialty-lists/highways/permits/permanentrestrictedroads.pdf"/>
    <tag k="source:maxweight" v="https://idot.illinois.gov/content/dam/soi/en/web/idot/documents/doing-business/specialty-lists/highways/permits/permanentrestrictedroads.pdf"/>
    <tag k="source:maxwidth" v="https://idot.illinois.gov/content/dam/soi/en/web/idot/documents/doing-business/specialty-lists/highways/permits/permanentrestrictedroads.pdf"/>
    <tag k="surface" v="concrete"/>
    <tag k="turn:lanes" v="through|through|through|right|right"/>
  </way>
  <way id="1123978535">
    <nd ref="10278761537"/>
    <nd ref="12030566313"/>
    <nd ref="1640067869"/>
    <tag k="bicycle" v="no"/>
    <tag k="destination:lanes" v="Ida B Wells Drive|Ida B Wells Drive|Wisconsin;Kennedy Expressway|Wisconsin;Kennedy Expressway|Indiana;Dan Ryan Expressway"/>
    <tag k="foot" v="no"/>
    <tag k="hgv" v="designated"/>
    <tag k="highway" v="motorway"/>
    <tag k="horse" v="no"/>
    <tag k="lanes" v="6"/>
    <tag k="maxheight" v="13'6&quot;"/>
    <tag k="maxspeed" v="45 mph"/>
    <tag k="maxweight" v="120000 lbs"/>
    <tag k="maxwidth" v="12'0&quot;"/>
    <tag k="name" v="Eisenhower Expressway"/>
    <tag k="note" v="left 2 lanes continue on 290, middle 2 lanes exit to 9094 wast, right 2 lane exits to I90/94 West and Taylor street."/>
    <tag k="oneway" v="yes"/>
    <tag k="ref" v="I 290;IL 110"/>
    <tag k="source:maxlength" v="https://idot.illinois.gov/content/dam/soi/en/web/idot/documents/doing-business/specialty-lists/highways/permits/permanentrestrictedroads.pdf"/>
    <tag k="source:maxweight" v="https://idot.illinois.gov/content/dam/soi/en/web/idot/documents/doing-business/specialty-lists/highways/permits/permanentrestrictedroads.pdf"/>
    <tag k="source:maxwidth" v="https://idot.illinois.gov/content/dam/soi/en/web/idot/documents/doing-business/specialty-lists/highways/permits/permanentrestrictedroads.pdf"/>
    <tag k="surface" v="concrete"/>
    <tag k="turn:lanes" v="through|through|slight_right|slight_right|right|right"/>
  </way>
  <way id="1123984332">
    <nd ref="287260702"/>
    <nd ref="9775419904"/>
    <tag k="description" v="Access to offramps"/>
    <tag k="destination" v="Randolph Street;Lake Street"/>
    <tag k="destination:ref" v="I 90 West;I 94"/>
    <tag k="highway" v="motorway_link"/>
    <tag k="lanes" v="2"/>
    <tag k="lit" v="yes"/>
    <tag k="name" v="Kennedy Expressway"/>
    <tag k="name:etymology:wikidata" v="Q9696"/>
    <tag k="official_name" v="John F. Kennedy Expressway"/>
    <tag k="old_name" v="Northwest Expressway"/>
    <tag k="oneway" v="yes"/>
    <tag k="ref" v="I 90;I 94"/>
    <tag k="turn:lanes" v="slight_left|"/>
    <tag k="wikidata" v="Q1072388"/>
    <tag k="wikipedia" v="en:Kennedy Expressway"/>
  </way>
  <way id="1124004469">
    <nd ref="10278964680"/>
    <nd ref="7515614415"/>
    <nd ref="287260505"/>
    <tag k="destination" v="Madison Street"/>
    <tag k="destination:street" v="Madison Street (0 North/South)"/>
    <tag k="highway" v="motorway_link"/>
    <tag k="junction:ref" v="51D"/>
    <tag k="lanes" v="2"/>
    <tag k="oneway" v="yes"/>
    <tag k="turn:lanes" v="left|right"/>
  </way>
  <way id="1124004470">
    <nd ref="10273279138"/>
    <nd ref="7515614525"/>
    <nd ref="287260704"/>
    <tag k="destination" v="Washington Street"/>
    <tag k="destination:street" v="Washington Boulevard East (100 North)"/>
    <tag k="hgv" v="designated"/>
    <tag k="highway" v="motorway_link"/>
    <tag k="junction:ref" v="51C"/>
    <tag k="lanes" v="1"/>
    <tag k="oneway" v="yes"/>
    <tag k="source:hgv" v="https://gis-idot.opendata.arcgis.com/datasets/IDOT::designated-truck-routes-state-jurisdiction-truck-route/explore?location=40.542466%2C-88.991188%2C14.60;https://www.gettingaroundillinois.com/MapViewer/?config=DTRconfig.json"/>
    <tag k="surface" v="concrete"/>
    <tag k="turn:lanes" v="right"/>
  </way>
  <way id="1124004471">
    <nd ref="10278964682"/>
    <nd ref="4336249711"/>
    <nd ref="13731359103"/>
    <nd ref="9768129704"/>
    <nd ref="265647254"/>
    <tag k="destination" v="Lake Street"/>
    <tag k="destination:loc_ref" v="200 North"/>
    <tag k="destination:street" v="Lake Street (200 North)"/>
    <tag k="highway" v="motorway_link"/>
    <tag k="junction:ref" v="51A"/>
    <tag k="lanes" v="2"/>
    <tag k="oneway" v="yes"/>
    <tag k="turn:lanes" v="left|right"/>
  </way>
  <way id="1124454230">
    <nd ref="10282515704"/>
    <nd ref="3222884095"/>
    <nd ref="1308089672"/>
    <tag k="cycleway:right" v="track"/>
    <tag k="highway" v="secondary"/>
    <tag k="lanes" v="1"/>
    <tag k="lit" v="yes"/>
    <tag k="loc_ref" v="600 S"/>
    <tag k="maxspeed" v="20 mph"/>
    <tag k="name" v="West Harrison Street"/>
    <tag k="name:etymology:wikidata" v="Q11869"/>
    <tag k="oneway" v="yes"/>
    <tag k="sidewalk:right" v="separate"/>
    <tag k="source:maxspeed" v="sign"/>
    <tag k="surface" v="asphalt"/>
    <tag k="wikidata" v="Q95486142"/>
  </way>
  <way id="1124581864">
    <nd ref="10273279149"/>
    <nd ref="287261610"/>
    <tag k="bicycle" v="no"/>
    <tag k="destination:lanes" v="Indiana|Indiana|Indiana|Indiana;Ida B. Wells Drive;Taylor Street;Roosevelt Road|Ida B. Wells Drive;Taylor Street;Roosevelt Road;Adams Street;Jackson Boulevard;Monroe Street"/>
    <tag k="foot" v="no"/>
    <tag k="hgv" v="designated"/>
    <tag k="hgv:national_network" v="yes"/>
    <tag k="highway" v="motorway"/>
    <tag k="horse" v="no"/>
    <tag k="lanes" v="5"/>
    <tag k="lit" v="yes"/>
    <tag k="maxheight:signed" v="no"/>
    <tag k="maxspeed" v="45 mph"/>
    <tag k="minspeed" v="45 mph"/>
    <tag k="name" v="Kennedy Expressway"/>
    <tag k="name:etymology:wikidata" v="Q9696"/>
    <tag k="note" v="Far Right lane is marked for exit only. second right lane splits towards I290"/>
    <tag k="official_name" v="John F. Kennedy Expressway"/>
    <tag k="old_name" v="Northwest Expressway"/>
    <tag k="oneway" v="yes"/>
    <tag k="ref" v="I 90;I 94"/>
    <tag k="source:hgv:national_network" v="https://www.ecfr.gov/current/title-23/chapter-I/subchapter-G/part-658;https://hepgis-usdot.hub.arcgis.com/apps/usdot::national-network-conventional-combination-trucks-map"/>
    <tag k="surface" v="asphalt"/>
    <tag k="turn:lanes" v="||||through;slight_right"/>
    <tag k="wikidata" v="Q1072388"/>
    <tag k="wikipedia" v="en:Kennedy Expressway"/>
  </way>
  <way id="1124992547">
    <nd ref="35313375"/>
    <nd ref="9309565633"/>
    <nd ref="9503048981"/>
    <nd ref="256592634"/>
    <tag k="cycleway" v="lane"/>
    <tag k="cycleway:both" v="lane"/>
    <tag k="cycleway:both:buffer" v="no"/>
    <tag k="cycleway:buffer" v="no"/>
    <tag k="highway" v="residential"/>
    <tag k="name" v="West Polk Street"/>
    <tag k="sidewalk:both" v="separate"/>
  </way>
  <way id="1124995806">
    <nd ref="4336249705"/>
    <nd ref="5460369675"/>
    <tag k="bicycle" v="designated"/>
    <tag k="bus:lanes" v="|||designated"/>
    <tag k="cycleway:right" v="lane"/>
    <tag k="cycleway:right:buffer" v="yes"/>
    <tag k="hgv" v="designated"/>
    <tag k="highway" v="secondary"/>
    <tag k="lanes" v="4"/>
    <tag k="lanes:bus" v="1"/>
    <tag k="name" v="West Washington Boulevard"/>
    <tag k="name:etymology:wikidata" v="Q23"/>
    <tag k="old_ref" v="US 20 Business"/>
    <tag k="oneway" v="yes"/>
    <tag k="source:hgv" v="https://gis-idot.opendata.arcgis.com/datasets/IDOT::designated-truck-routes-state-jurisdiction-truck-route/explore?location=40.542466%2C-88.991188%2C14.60;https://www.gettingaroundillinois.com/MapViewer/?config=DTRconfig.json"/>
    <tag k="surface" v="asphalt"/>
    <tag k="turn:lanes" v="through|through|through|right"/>
  </way>
  <way id="1125181228">
    <nd ref="9411148664"/>
    <nd ref="10289436643"/>
    <nd ref="287260702"/>
    <tag k="description" v="Access to offramps"/>
    <tag k="destination" v="Washington Street;Randolph Street;Wisconsin;Kennedy Expressway;Lake Street"/>
    <tag k="destination:lanes" v="Randolph Street;Lake Street|Randolph Street;Lake Street;East Washington Boulevard"/>
    <tag k="destination:ref" v="I 94 West;I 90 West"/>
    <tag k="highway" v="motorway_link"/>
    <tag k="lanes" v="2"/>
    <tag k="lit" v="yes"/>
    <tag k="name" v="Kennedy Expressway"/>
    <tag k="name:etymology:wikidata" v="Q9696"/>
    <tag k="official_name" v="John F. Kennedy Expressway"/>
    <tag k="old_name" v="Northwest Expressway"/>
    <tag k="oneway" v="yes"/>
    <tag k="ref" v="I 90;I 94"/>
    <tag k="turn:lanes" v="none|through;slight_right"/>
    <tag k="wikidata" v="Q1072388"/>
    <tag k="wikipedia" v="en:Kennedy Expressway"/>
  </way>
  <way id="1133056083">
    <nd ref="9775419900"/>
    <nd ref="709360214"/>
    <tag k="bicycle" v="no"/>
    <tag k="foot" v="no"/>
    <tag k="hazard" v="roadworks"/>
    <tag k="hgv" v="designated"/>
    <tag k="hgv:national_network" v="yes"/>
    <tag k="highway" v="motorway"/>
    <tag k="horse" v="no"/>
    <tag k="lanes" v="6"/>
    <tag k="lit" v="yes"/>
    <tag k="maxheight" v="13'8&quot;"/>
    <tag k="maxspeed" v="45 mph"/>
    <tag k="minspeed" v="45 mph"/>
    <tag k="name" v="Kennedy Expressway"/>
    <tag k="name:etymology:wikidata" v="Q9696"/>
    <tag k="official_name" v="John F. Kennedy Expressway"/>
    <tag k="old_name" v="Northwest Expressway"/>
    <tag k="oneway" v="yes"/>
    <tag k="ref" v="I 90;I 94"/>
    <tag k="source:hgv:national_network" v="https://www.ecfr.gov/current/title-23/chapter-I/subchapter-G/part-658;https://hepgis-usdot.hub.arcgis.com/apps/usdot::national-network-conventional-combination-trucks-map"/>
    <tag k="surface" v="asphalt"/>
    <tag k="wikidata" v="Q1072388"/>
    <tag k="wikipedia" v="en:Kennedy Expressway"/>
  </way>
  <way id="1134512293">
    <nd ref="1655426908"/>
    <nd ref="9411148657"/>
    <nd ref="12001199421"/>
    <nd ref="1655426907"/>
    <nd ref="12001199420"/>
    <nd ref="1647514889"/>
    <nd ref="1647514890"/>
    <nd ref="11943574250"/>
    <nd ref="1647514892"/>
    <nd ref="9232807192"/>
    <tag k="bicycle" v="no"/>
    <tag k="foot" v="no"/>
    <tag k="hgv" v="designated"/>
    <tag k="hgv:national_network" v="yes"/>
    <tag k="highway" v="motorway"/>
    <tag k="horse" v="no"/>
    <tag k="lanes" v="4"/>
    <tag k="maxheight:signed" v="no"/>
    <tag k="maxspeed" v="45 mph"/>
    <tag k="minspeed" v="45 mph"/>
    <tag k="name" v="Dan Ryan Expressway"/>
    <tag k="oneway" v="yes"/>
    <tag k="ref" v="I 90;I 94"/>
    <tag k="source:hgv:national_network" v="https://www.ecfr.gov/current/title-23/chapter-I/subchapter-G/part-658;https://hepgis-usdot.hub.arcgis.com/apps/usdot::national-network-conventional-combination-trucks-map"/>
  </way>
  <way id="1134512294">
    <nd ref="9411148656"/>
    <nd ref="12395830598"/>
    <tag k="bicycle" v="no"/>
    <tag k="destination:lanes" v="Wisconsin|Wisconsin|Wisconsin|Wisconsin;Ohio Street;Downtown|Downtown"/>
    <tag k="foot" v="no"/>
    <tag k="hgv" v="designated"/>
    <tag k="hgv:national_network" v="yes"/>
    <tag k="highway" v="motorway"/>
    <tag k="horse" v="no"/>
    <tag k="lanes" v="5"/>
    <tag k="maxspeed" v="45 mph"/>
    <tag k="minspeed" v="45 mph"/>
    <tag k="name" v="Dan Ryan Expressway"/>
    <tag k="oneway" v="yes"/>
    <tag k="ref" v="I 90;I 94"/>
    <tag k="source:hgv:national_network" v="https://www.ecfr.gov/current/title-23/chapter-I/subchapter-G/part-658;https://hepgis-usdot.hub.arcgis.com/apps/usdot::national-network-conventional-combination-trucks-map"/>
    <tag k="surface" v="concrete"/>
    <tag k="turn:lanes" v="through|through|through|through;slight_right|slight_right"/>
  </way>
  <way id="1144265431">
    <nd ref="8229056277"/>
    <nd ref="12433192666"/>
    <nd ref="9271212126"/>
    <nd ref="9271212123"/>
    <tag k="bicycle" v="no"/>
    <tag k="foot" v="no"/>
    <tag k="hgv" v="designated"/>
    <tag k="hgv:national_network" v="yes"/>
    <tag k="highway" v="motorway"/>
    <tag k="horse" v="no"/>
    <tag k="lanes" v="6"/>
    <tag k="maxspeed" v="55 mph"/>
    <tag k="minspeed" v="45 mph"/>
    <tag k="name" v="Dan Ryan Expressway"/>
    <tag k="oneway" v="yes"/>
    <tag k="ref" v="I 90;I 94"/>
    <tag k="source:hgv:national_network" v="https://www.ecfr.gov/current/title-23/chapter-I/subchapter-G/part-658;https://hepgis-usdot.hub.arcgis.com/apps/usdot::national-network-conventional-combination-trucks-map"/>
    <tag k="surface" v="concrete"/>
  </way>
  <way id="1144265432">
    <nd ref="9271212123"/>
    <nd ref="1655374995"/>
    <tag k="bicycle" v="no"/>
    <tag k="foot" v="no"/>
    <tag k="hgv" v="designated"/>
    <tag k="hgv:national_network" v="yes"/>
    <tag k="highway" v="motorway"/>
    <tag k="horse" v="no"/>
    <tag k="lanes" v="7"/>
    <tag k="maxspeed" v="55 mph"/>
    <tag k="minspeed" v="45 mph"/>
    <tag k="name" v="Dan Ryan Expressway"/>
    <tag k="oneway" v="yes"/>
    <tag k="ref" v="I 90;I 94"/>
    <tag k="source:hgv:national_network" v="https://www.ecfr.gov/current/title-23/chapter-I/subchapter-G/part-658;https://hepgis-usdot.hub.arcgis.com/apps/usdot::national-network-conventional-combination-trucks-map"/>
    <tag k="surface" v="concrete"/>
  </way>
  <way id="1153872612">
    <nd ref="265649769"/>
    <nd ref="287261643"/>
    <tag k="highway" v="secondary"/>
    <tag k="lanes" v="4"/>
    <tag k="name" v="West Monroe Street"/>
    <tag k="surface" v="asphalt"/>
  </way>
  <way id="1159830445">
    <nd ref="428890369"/>
    <nd ref="9503049050"/>
    <nd ref="1647436861"/>
    <nd ref="1647436862"/>
    <nd ref="1647436863"/>
    <nd ref="1647436865"/>
    <nd ref="1647436864"/>
    <nd ref="11133141926"/>
    <nd ref="428890372"/>
    <tag k="highway" v="residential"/>
    <tag k="name" v="West Tilden Street"/>
    <tag k="oneway" v="yes"/>
    <tag k="sidewalk:left" v="no"/>
    <tag k="sidewalk:right" v="separate"/>
  </way>
  <way id="1159830446">
    <nd ref="428890369"/>
    <nd ref="9503049073"/>
    <nd ref="13142787958"/>
    <nd ref="5649844399"/>
    <nd ref="4226924594"/>
    <nd ref="256611722"/>
    <tag k="highway" v="secondary"/>
    <tag k="lanes" v="3"/>
    <tag k="name" v="South Jefferson Street"/>
    <tag k="name:etymology:wikidata" v="Q11812"/>
    <tag k="name:etymology:wikipedia" v="en:Thomas Jefferson"/>
    <tag k="oneway" v="yes"/>
    <tag k="sidewalk:both" v="separate"/>
    <tag k="surface" v="asphalt"/>
  </way>
  <way id="1159830447">
    <nd ref="256611721"/>
    <nd ref="4226924592"/>
    <nd ref="7397467299"/>
    <nd ref="7515614494"/>
    <nd ref="428890372"/>
    <tag k="cycleway:right" v="lane"/>
    <tag k="cycleway:right:buffer" v="yes"/>
    <tag k="highway" v="secondary"/>
    <tag k="lanes" v="4"/>
    <tag k="maxspeed" v="30 mph"/>
    <tag k="name" v="South Desplaines Street"/>
    <tag k="oneway" v="yes"/>
    <tag k="sidewalk:both" v="separate"/>
    <tag k="surface" v="asphalt"/>
  </way>
  <way id="1160209726">
    <nd ref="258955478"/>
    <nd ref="7515614293"/>
    <nd ref="5460357492"/>
    <nd ref="12784224620"/>
    <nd ref="7247185231"/>
    <nd ref="12784224627"/>
    <nd ref="12784224630"/>
    <nd ref="8690746985"/>
    <nd ref="11158033134"/>
    <nd ref="261285625"/>
    <nd ref="11158033133"/>
    <nd ref="4587771982"/>
    <nd ref="9641831611"/>
    <nd ref="3448689654"/>
    <nd ref="3448689650"/>
    <nd ref="7515614392"/>
    <nd ref="261239964"/>
    <tag k="highway" v="tertiary"/>
    <tag k="lane_markings" v="no"/>
    <tag k="name" v="West Adams Street"/>
    <tag k="old_ref" v="US 66"/>
    <tag k="oneway" v="yes"/>
    <tag k="ref" v="US 66 Hist"/>
    <tag k="sidewalk:both" v="separate"/>
    <tag k="surface" v="asphalt"/>
    <tag k="tiger:cfcc" v="A41"/>
    <tag k="tiger:county" v="Cook, IL"/>
    <tag k="tiger:name_base" v="Adams"/>
    <tag k="tiger:name_direction_prefix" v="W"/>
    <tag k="tiger:name_type" v="St"/>
    <tag k="tiger:reviewed" v="no"/>
    <tag k="tiger:zip_left" v="60612"/>
    <tag k="tiger:zip_right" v="60612"/>
  </way>
  <way id="1160209727">
    <nd ref="261239964"/>
    <nd ref="7515614395"/>
    <nd ref="2203666278"/>
    <nd ref="3448680678"/>
    <nd ref="2203666373"/>
    <nd ref="3448680675"/>
    <nd ref="3448680672"/>
    <nd ref="9747444376"/>
    <nd ref="7520847067"/>
    <nd ref="1884455275"/>
    <nd ref="7520847072"/>
    <nd ref="9309565789"/>
    <nd ref="261148943"/>
    <tag k="highway" v="tertiary"/>
    <tag k="name" v="West Adams Street"/>
    <tag k="old_ref" v="US 66"/>
    <tag k="oneway" v="yes"/>
    <tag k="ref" v="US 66 Hist"/>
    <tag k="surface" v="asphalt"/>
    <tag k="tiger:cfcc" v="A41"/>
    <tag k="tiger:county" v="Cook, IL"/>
    <tag k="tiger:name_base" v="Adams"/>
    <tag k="tiger:name_direction_prefix" v="W"/>
    <tag k="tiger:name_type" v="St"/>
    <tag k="tiger:reviewed" v="no"/>
    <tag k="tiger:zip_left" v="60612"/>
    <tag k="tiger:zip_right" v="60612"/>
  </way>
  <way id="1175784009">
    <nd ref="10925366926"/>
    <nd ref="271167600"/>
    <nd ref="10925366927"/>
    <nd ref="3772782740"/>
    <tag k="covered" v="yes"/>
    <tag k="cycleway" v="no"/>
    <tag k="highway" v="trunk"/>
    <tag k="lanes" v="2"/>
    <tag k="layer" v="-1"/>
    <tag k="lit" v="24/7"/>
    <tag k="maxspeed" v="30 mph"/>
    <tag k="name" v="North Lower Wacker Drive"/>
    <tag k="name:etymology:wikidata" v="Q5078665"/>
    <tag k="oneway" v="yes"/>
    <tag k="shoulder" v="no"/>
    <tag k="sidewalk" v="no"/>
    <tag k="surface" v="concrete"/>
    <tag k="tunnel" v="covered"/>
    <tag k="wikidata" v="Q7958800"/>
    <tag k="wikipedia" v="en:Wacker Drive"/>
  </way>
  <way id="1176285226">
    <nd ref="10929181322"/>
    <nd ref="10929181320"/>
    <nd ref="10929181321"/>
    <nd ref="10929181432"/>
    <nd ref="271167576"/>
    <tag k="cycleway:right" v="no"/>
    <tag k="highway" v="secondary_link"/>
    <tag k="oneway" v="yes"/>
  </way>
  <way id="1177357970">
    <nd ref="258956212"/>
    <nd ref="10938092321"/>
    <nd ref="10938092316"/>
    <nd ref="10938092317"/>
    <nd ref="258020603"/>
    <tag k="highway" v="secondary"/>
    <tag k="maxheight" v="4.01"/>
    <tag k="name" v="West Lake Street"/>
    <tag k="name:etymology:wikidata" v="Q1169"/>
    <tag k="oneway" v="yes"/>
    <tag k="surface" v="asphalt"/>
    <tag k="wikidata" v="Q3216465"/>
    <tag k="wikipedia" v="en:Lake Street (Chicago)"/>
  </way>
  <way id="1178254524">
    <nd ref="10945677472"/>
    <nd ref="271162345"/>
    <tag k="cycleway:right" v="no"/>
    <tag k="highway" v="secondary"/>
    <tag k="loc_ref" v="100 S"/>
    <tag k="name" v="West Monroe Street"/>
    <tag k="oneway" v="yes"/>
    <tag k="sidewalk:both" v="separate"/>
    <tag k="surface" v="asphalt"/>
  </way>
  <way id="1178254525">
    <nd ref="10945677472"/>
    <nd ref="4156112957"/>
    <nd ref="619040191"/>
    <tag k="bicycle" v="no"/>
    <tag k="destination" v="South Lower Wacker Drive"/>
    <tag k="highway" v="trunk_link"/>
    <tag k="lanes" v="1"/>
    <tag k="oneway" v="yes"/>
    <tag k="surface" v="concrete"/>
  </way>
  <way id="1184625095">
    <nd ref="10922694009"/>
    <nd ref="11003038143"/>
    <nd ref="10922694008"/>
    <tag k="access" v="no"/>
    <tag k="bicycle" v="designated"/>
    <tag k="bicycle:lanes" v="yes|no"/>
    <tag k="bus" v="yes"/>
    <tag k="cycleway:left" v="share_busway"/>
    <tag k="cycleway:right" v="no"/>
    <tag k="hgv" v="designated"/>
    <tag k="highway" v="secondary"/>
    <tag k="lanes" v="2"/>
    <tag k="layer" v="-1"/>
    <tag k="lit" v="24/7"/>
    <tag k="name" v="West Washington Street"/>
    <tag k="name:etymology:wikidata" v="Q23"/>
    <tag k="old_ref" v="US 20 Business"/>
    <tag k="oneway" v="yes"/>
    <tag k="source:hgv" v="https://gis-idot.opendata.arcgis.com/datasets/IDOT::designated-truck-routes-state-jurisdiction-truck-route/explore?location=40.542466%2C-88.991188%2C14.60;https://www.gettingaroundillinois.com/MapViewer/?config=DTRconfig.json"/>
    <tag k="surface" v="asphalt"/>
    <tag k="tunnel" v="building_passage"/>
  </way>
  <way id="1184625096">
    <nd ref="258020219"/>
    <nd ref="13746350794"/>
    <nd ref="10922694373"/>
    <nd ref="10922694009"/>
    <tag k="access" v="no"/>
    <tag k="bicycle" v="designated"/>
    <tag k="bicycle:lanes" v="yes|no"/>
    <tag k="bus" v="yes"/>
    <tag k="cycleway:left" v="share_busway"/>
    <tag k="cycleway:right" v="no"/>
    <tag k="hgv" v="designated"/>
    <tag k="highway" v="secondary"/>
    <tag k="lanes" v="2"/>
    <tag k="name" v="West Washington Street"/>
    <tag k="name:etymology:wikidata" v="Q23"/>
    <tag k="old_ref" v="US 20 Business"/>
    <tag k="oneway" v="yes"/>
    <tag k="source:hgv" v="https://gis-idot.opendata.arcgis.com/datasets/IDOT::designated-truck-routes-state-jurisdiction-truck-route/explore?location=40.542466%2C-88.991188%2C14.60;https://www.gettingaroundillinois.com/MapViewer/?config=DTRconfig.json"/>
    <tag k="surface" v="asphalt"/>
  </way>
  <way id="1184625097">
    <nd ref="10922694008"/>
    <nd ref="10922694377"/>
    <nd ref="258020660"/>
    <tag k="access" v="no"/>
    <tag k="bicycle" v="designated"/>
    <tag k="bicycle:lanes" v="yes|no"/>
    <tag k="bus" v="yes"/>
    <tag k="cycleway:left" v="share_busway"/>
    <tag k="cycleway:right" v="no"/>
    <tag k="hgv" v="designated"/>
    <tag k="highway" v="secondary"/>
    <tag k="lanes" v="2"/>
    <tag k="name" v="West Washington Street"/>
    <tag k="name:etymology:wikidata" v="Q23"/>
    <tag k="old_ref" v="US 20 Business"/>
    <tag k="oneway" v="yes"/>
    <tag k="source:hgv" v="https://gis-idot.opendata.arcgis.com/datasets/IDOT::designated-truck-routes-state-jurisdiction-truck-route/explore?location=40.542466%2C-88.991188%2C14.60;https://www.gettingaroundillinois.com/MapViewer/?config=DTRconfig.json"/>
    <tag k="surface" v="asphalt"/>
  </way>
  <way id="1184625098">
    <nd ref="11003038139"/>
    <nd ref="11003038140"/>
    <tag k="destination:lanes" v="North Canal Street|"/>
    <tag k="hgv" v="designated"/>
    <tag k="highway" v="secondary"/>
    <tag k="lanes" v="2"/>
    <tag k="layer" v="-1"/>
    <tag k="lit" v="24/7"/>
    <tag k="name" v="West Washington Street"/>
    <tag k="name:etymology:wikidata" v="Q23"/>
    <tag k="old_ref" v="US 20 Business"/>
    <tag k="oneway" v="yes"/>
    <tag k="source:hgv" v="https://gis-idot.opendata.arcgis.com/datasets/IDOT::designated-truck-routes-state-jurisdiction-truck-route/explore?location=40.542466%2C-88.991188%2C14.60;https://www.gettingaroundillinois.com/MapViewer/?config=DTRconfig.json"/>
    <tag k="surface" v="asphalt"/>
    <tag k="tunnel" v="building_passage"/>
  </way>
  <way id="1184625099">
    <nd ref="11003038140"/>
    <nd ref="11003038138"/>
    <nd ref="11003038141"/>
    <nd ref="258020660"/>
    <tag k="destination:lanes" v="North Canal Street|"/>
    <tag k="hgv" v="designated"/>
    <tag k="highway" v="secondary"/>
    <tag k="lanes" v="2"/>
    <tag k="name" v="West Washington Street"/>
    <tag k="name:etymology:wikidata" v="Q23"/>
    <tag k="old_ref" v="US 20 Business"/>
    <tag k="oneway" v="yes"/>
    <tag k="source:hgv" v="https://gis-idot.opendata.arcgis.com/datasets/IDOT::designated-truck-routes-state-jurisdiction-truck-route/explore?location=40.542466%2C-88.991188%2C14.60;https://www.gettingaroundillinois.com/MapViewer/?config=DTRconfig.json"/>
    <tag k="surface" v="asphalt"/>
  </way>
  <way id="1184625100">
    <nd ref="258020219"/>
    <nd ref="13746350795"/>
    <nd ref="11003038137"/>
    <nd ref="11003038139"/>
    <tag k="destination:lanes" v="North Canal Street|"/>
    <tag k="hgv" v="designated"/>
    <tag k="highway" v="secondary"/>
    <tag k="lanes" v="2"/>
    <tag k="name" v="West Washington Street"/>
    <tag k="name:etymology:wikidata" v="Q23"/>
    <tag k="old_ref" v="US 20 Business"/>
    <tag k="oneway" v="yes"/>
    <tag k="source:hgv" v="https://gis-idot.opendata.arcgis.com/datasets/IDOT::designated-truck-routes-state-jurisdiction-truck-route/explore?location=40.542466%2C-88.991188%2C14.60;https://www.gettingaroundillinois.com/MapViewer/?config=DTRconfig.json"/>
    <tag k="surface" v="asphalt"/>
  </way>
  <way id="1185609017">
    <nd ref="258021250"/>
    <nd ref="11013170376"/>
    <nd ref="9733272325"/>
    <tag k="cycleway:right" v="lane"/>
    <tag k="cycleway:right:buffer" v="yes"/>
    <tag k="highway" v="secondary"/>
    <tag k="lanes" v="3"/>
    <tag k="loc_ref" v="300 W"/>
    <tag k="name" v="North Franklin Street"/>
    <tag k="name:etymology:wikidata" v="Q34969"/>
    <tag k="name:etymology:wikipedia" v="en:Benjamin Franklin"/>
    <tag k="oneway" v="yes"/>
    <tag k="sidewalk:both" v="separate"/>
    <tag k="surface" v="asphalt"/>
  </way>
  <way id="1185609018">
    <nd ref="11013170371"/>
    <nd ref="9733272328"/>
    <nd ref="10922644201"/>
    <nd ref="258021250"/>
    <tag k="cycleway:right" v="lane"/>
    <tag k="cycleway:right:buffer" v="yes"/>
    <tag k="highway" v="secondary"/>
    <tag k="lanes" v="3"/>
    <tag k="loc_ref" v="300 W"/>
    <tag k="name" v="North Franklin Street"/>
    <tag k="name:etymology:wikidata" v="Q34969"/>
    <tag k="name:etymology:wikipedia" v="en:Benjamin Franklin"/>
    <tag k="oneway" v="yes"/>
    <tag k="sidewalk:both" v="separate"/>
    <tag k="surface" v="asphalt"/>
    <tag k="turn:lanes" v="through|through|through;right"/>
  </way>
  <way id="1191329604">
    <nd ref="9164070649"/>
    <nd ref="11060811051"/>
    <nd ref="11060811048"/>
    <nd ref="11060811050"/>
    <nd ref="11060811049"/>
    <tag k="highway" v="secondary_link"/>
    <tag k="oneway" v="yes"/>
  </way>
  <way id="1191329605">
    <nd ref="11060811049"/>
    <nd ref="4156112937"/>
    <nd ref="7342370242"/>
    <nd ref="740260045"/>
    <nd ref="11013170371"/>
    <tag k="cycleway:right" v="lane"/>
    <tag k="cycleway:right:buffer" v="yes"/>
    <tag k="highway" v="secondary"/>
    <tag k="lanes" v="3"/>
    <tag k="loc_ref" v="300 W"/>
    <tag k="name" v="North Franklin Street"/>
    <tag k="name:etymology:wikidata" v="Q34969"/>
    <tag k="name:etymology:wikipedia" v="en:Benjamin Franklin"/>
    <tag k="oneway" v="yes"/>
    <tag k="sidewalk:both" v="separate"/>
    <tag k="surface" v="asphalt"/>
    <tag k="turn:lanes" v="through|through|through;right"/>
  </way>
  <way id="1191444635">
    <nd ref="11061920608"/>
    <nd ref="11061920611"/>
    <nd ref="9309565664"/>
    <nd ref="262247584"/>
    <tag k="highway" v="residential"/>
    <tag k="name" v="West Quincy Street"/>
    <tag k="name:etymology:wikidata" v="Q11816"/>
    <tag k="name:etymology:wikipedia" v="en:John Quincy Adams"/>
    <tag k="oneway" v="yes"/>
    <tag k="tiger:cfcc" v="A41"/>
    <tag k="tiger:county" v="Cook, IL"/>
    <tag k="tiger:name_base" v="Quincy"/>
    <tag k="tiger:name_direction_prefix" v="W"/>
    <tag k="tiger:name_type" v="St"/>
    <tag k="tiger:reviewed" v="no"/>
    <tag k="tiger:zip_left" v="60606"/>
    <tag k="tiger:zip_right" v="60606"/>
  </way>
  <way id="1191447453">
    <nd ref="257381516"/>
    <nd ref="4226924796"/>
    <nd ref="11061920317"/>
    <tag k="highway" v="secondary"/>
    <tag k="lanes" v="2"/>
    <tag k="name" v="South Canal Street"/>
    <tag k="name:etymology:wikidata" v="Q952760"/>
    <tag k="name:etymology:wikipedia" v="en:Illinois and Michigan Canal"/>
    <tag k="oneway" v="yes"/>
    <tag k="sidewalk:left" v="no"/>
    <tag k="sidewalk:right" v="separate"/>
    <tag k="surface" v="asphalt"/>
    <tag k="turn:lanes" v="||right"/>
  </way>
  <way id="1191447454">
    <nd ref="11061920316"/>
    <nd ref="11061920318"/>
    <nd ref="11061920319"/>
    <nd ref="11061920317"/>
    <tag k="highway" v="secondary_link"/>
    <tag k="lanes" v="2"/>
    <tag k="lanes:bus" v="1"/>
    <tag k="motor_vehicle" v="yes"/>
    <tag k="name" v="South Canal Bus Lane"/>
    <tag k="oneway" v="yes"/>
    <tag k="sidewalk:left" v="no"/>
    <tag k="sidewalk:right" v="separate"/>
    <tag k="surface" v="asphalt"/>
  </way>
  <way id="1191447456">
    <nd ref="11061920316"/>
    <nd ref="257381516"/>
    <tag k="highway" v="secondary"/>
    <tag k="lanes" v="3"/>
    <tag k="name" v="West Adams Street"/>
    <tag k="old_ref" v="US 66"/>
    <tag k="oneway" v="yes"/>
    <tag k="ref" v="US 66 Hist"/>
    <tag k="sidewalk" v="separate"/>
    <tag k="surface" v="asphalt"/>
    <tag k="turn:lanes" v="||right"/>
  </way>
  <way id="1191448451">
    <nd ref="11061949359"/>
    <nd ref="2274489651"/>
    <nd ref="4827715960"/>
    <tag k="bicycle" v="use_sidepath"/>
    <tag k="cycleway:left" v="separate"/>
    <tag k="highway" v="secondary"/>
    <tag k="lanes" v="2"/>
    <tag k="name" v="South Clinton Street"/>
    <tag k="name:etymology:wikidata" v="Q527462"/>
    <tag k="name:etymology:wikipedia" v="en:DeWitt Clinton"/>
    <tag k="oneway" v="yes"/>
    <tag k="oneway:bicycle" v="no"/>
    <tag k="sidewalk" v="separate"/>
    <tag k="surface" v="asphalt"/>
  </way>
  <way id="1202441396">
    <nd ref="9247495249"/>
    <nd ref="13877821366"/>
    <nd ref="8955051801"/>
    <tag k="bridge" v="yes"/>
    <tag k="cycleway" v="lane"/>
    <tag k="cycleway:both" v="lane"/>
    <tag k="cycleway:both:buffer" v="yes"/>
    <tag k="cycleway:buffer" v="yes"/>
    <tag k="highway" v="tertiary"/>
    <tag k="layer" v="1"/>
    <tag k="name" v="South Morgan Street"/>
  </way>
  <way id="1209094137">
    <nd ref="410791914"/>
    <nd ref="11161876820"/>
    <nd ref="9747444329"/>
    <nd ref="5249789682"/>
    <nd ref="13731017964"/>
    <nd ref="13731017962"/>
    <nd ref="13731359108"/>
    <nd ref="9768129690"/>
    <nd ref="288070403"/>
    <tag k="highway" v="residential"/>
    <tag k="name" v="North Sangamon Street"/>
    <tag k="sidewalk:both" v="separate"/>
    <tag k="surface" v="asphalt"/>
    <tag k="tiger:cfcc" v="A41"/>
    <tag k="tiger:county" v="Cook, IL"/>
    <tag k="tiger:name_base" v="Sangamon"/>
    <tag k="tiger:name_direction_prefix" v="N"/>
    <tag k="tiger:name_type" v="St"/>
    <tag k="tiger:reviewed" v="no"/>
    <tag k="tiger:zip_left" v="60622"/>
    <tag k="tiger:zip_right" v="60622"/>
  </way>
  <way id="1209094138">
    <nd ref="410791914"/>
    <nd ref="9115265406"/>
    <nd ref="12251463120"/>
    <nd ref="12251463119"/>
    <nd ref="9115265411"/>
    <nd ref="258955473"/>
    <tag k="highway" v="unclassified"/>
    <tag k="lit" v="yes"/>
    <tag k="loc_ref" v="150 N"/>
    <tag k="name" v="West Randolph Street"/>
    <tag k="name:etymology:wikidata" v="Q486499"/>
    <tag k="oneway" v="yes"/>
    <tag k="surface" v="asphalt"/>
    <tag k="wikidata" v="Q7291867"/>
    <tag k="wikipedia" v="en:Randolph Street"/>
  </way>
  <way id="1209094139">
    <nd ref="288070401"/>
    <nd ref="410791914"/>
    <tag k="highway" v="residential"/>
    <tag k="name" v="North Sangamon Street"/>
    <tag k="tiger:cfcc" v="A41"/>
    <tag k="tiger:county" v="Cook, IL"/>
    <tag k="tiger:name_base" v="Sangamon"/>
    <tag k="tiger:name_direction_prefix" v="N"/>
    <tag k="tiger:name_type" v="St"/>
    <tag k="tiger:reviewed" v="no"/>
    <tag k="tiger:zip_left" v="60622"/>
    <tag k="tiger:zip_right" v="60622"/>
  </way>
  <way id="1209094140">
    <nd ref="288070401"/>
    <nd ref="9115265405"/>
    <nd ref="9115265410"/>
    <nd ref="258956045"/>
    <tag k="hgv" v="designated"/>
    <tag k="highway" v="secondary"/>
    <tag k="lit" v="yes"/>
    <tag k="loc_ref" v="150 N"/>
    <tag k="name" v="West Randolph Street"/>
    <tag k="name:etymology:wikidata" v="Q486499"/>
    <tag k="old_ref" v="US 20 Business"/>
    <tag k="oneway" v="yes"/>
    <tag k="source:hgv" v="https://gis-idot.opendata.arcgis.com/datasets/IDOT::designated-truck-routes-state-jurisdiction-truck-route/explore?location=40.542466%2C-88.991188%2C14.60;https://www.gettingaroundillinois.com/MapViewer/?config=DTRconfig.json"/>
    <tag k="wikidata" v="Q7291867"/>
    <tag k="wikipedia" v="en:Randolph Street"/>
  </way>
  <way id="1209094141">
    <nd ref="410791900"/>
    <nd ref="288070401"/>
    <tag k="highway" v="residential"/>
    <tag k="name" v="North Sangamon Street"/>
    <tag k="tiger:cfcc" v="A41"/>
    <tag k="tiger:county" v="Cook, IL"/>
    <tag k="tiger:name_base" v="Sangamon"/>
    <tag k="tiger:name_direction_prefix" v="N"/>
    <tag k="tiger:name_type" v="St"/>
    <tag k="tiger:reviewed" v="no"/>
    <tag k="tiger:zip_left" v="60622"/>
    <tag k="tiger:zip_right" v="60622"/>
  </way>
  <way id="1209094142">
    <nd ref="410791900"/>
    <nd ref="9115265400"/>
    <nd ref="12251463212"/>
    <nd ref="12251463213"/>
    <nd ref="9747444337"/>
    <nd ref="9115265388"/>
    <nd ref="410791899"/>
    <nd ref="9115265383"/>
    <nd ref="12251463216"/>
    <nd ref="12251463217"/>
    <nd ref="12251463222"/>
    <nd ref="12251463223"/>
    <nd ref="9747444340"/>
    <nd ref="7520846964"/>
    <nd ref="410791898"/>
    <tag k="highway" v="tertiary"/>
    <tag k="lit" v="yes"/>
    <tag k="loc_ref" v="150 N"/>
    <tag k="name" v="West Randolph Street"/>
    <tag k="name:etymology:wikidata" v="Q486499"/>
    <tag k="oneway" v="yes"/>
    <tag k="wikidata" v="Q7291867"/>
    <tag k="wikipedia" v="en:Randolph Street"/>
  </way>
  <way id="1225852403">
    <nd ref="258032862"/>
    <nd ref="7512746387"/>
    <nd ref="2300194695"/>
    <nd ref="261886293"/>
    <tag k="highway" v="residential"/>
    <tag k="name" v="West Monroe Street"/>
    <tag k="surface" v="asphalt"/>
  </way>
  <way id="1236723088">
    <nd ref="256592392"/>
    <nd ref="9503048971"/>
    <nd ref="7662839835"/>
    <nd ref="418074944"/>
    <tag k="cycleway:left" v="lane"/>
    <tag k="cycleway:left:buffer" v="yes"/>
    <tag k="cycleway:left:lane" v="exclusive"/>
    <tag k="highway" v="secondary"/>
    <tag k="lanes" v="3"/>
    <tag k="name" v="South Clinton Street"/>
    <tag k="name:etymology:wikidata" v="Q527462"/>
    <tag k="name:etymology:wikipedia" v="en:DeWitt Clinton"/>
    <tag k="oneway" v="yes"/>
    <tag k="sidewalk:both" v="separate"/>
    <tag k="uic_shuttle_route" v="yes"/>
  </way>
  <way id="1236723090">
    <nd ref="415475360"/>
    <nd ref="9503048982"/>
    <nd ref="256592634"/>
    <tag k="highway" v="secondary"/>
    <tag k="lanes" v="4"/>
    <tag k="name" v="South Jefferson Street"/>
    <tag k="name:etymology:wikidata" v="Q11812"/>
    <tag k="name:etymology:wikipedia" v="en:Thomas Jefferson"/>
    <tag k="oneway" v="yes"/>
    <tag k="sidewalk:both" v="separate"/>
    <tag k="uic_shuttle_route" v="yes"/>
  </way>
  <way id="1255426040">
    <nd ref="8815131638"/>
    <nd ref="9738378809"/>
    <tag k="bicycle" v="designated"/>
    <tag k="cycleway:left" v="lane"/>
    <tag k="cycleway:left:buffer" v="yes"/>
    <tag k="cycleway:left:lane" v="exclusive"/>
    <tag k="highway" v="secondary"/>
    <tag k="loc_ref" v="300 S"/>
    <tag k="name" v="West Jackson Boulevard"/>
    <tag k="name:etymology:wikidata" v="Q11817"/>
    <tag k="note" v="https://www.janebyrneinterchange.org/projects/advanced-southbound-i-90-94/"/>
    <tag k="old_ref" v="US 66"/>
    <tag k="oneway" v="yes"/>
    <tag k="ref" v="US 66 Hist"/>
    <tag k="wikidata" v="Q96942479"/>
    <tag k="wikipedia" v="en:Jackson Boulevard"/>
  </way>
  <way id="1255426136">
    <nd ref="9738378802"/>
    <nd ref="709361181"/>
    <tag k="bridge" v="yes"/>
    <tag k="highway" v="secondary"/>
    <tag k="layer" v="1"/>
    <tag k="name" v="West Adams Street"/>
    <tag k="old_ref" v="US 66"/>
    <tag k="oneway" v="yes"/>
    <tag k="opening_date" v="2022"/>
    <tag k="ref" v="US 66 Hist"/>
    <tag k="surface" v="concrete"/>
  </way>
  <way id="1255513750">
    <nd ref="9738378806"/>
    <nd ref="8815131643"/>
    <nd ref="1619741298"/>
    <nd ref="7512746378"/>
    <nd ref="258032427"/>
    <tag k="highway" v="secondary"/>
    <tag k="name" v="West Adams Street"/>
    <tag k="old_ref" v="US 66"/>
    <tag k="oneway" v="yes"/>
    <tag k="opening_date" v="2022"/>
    <tag k="ref" v="US 66 Hist"/>
    <tag k="surface" v="asphalt"/>
  </way>
  <way id="1256719471">
    <nd ref="11682840286"/>
    <nd ref="740363377"/>
    <nd ref="10925366913"/>
    <nd ref="271168439"/>
    <nd ref="704973276"/>
    <nd ref="2596090373"/>
    <tag k="covered" v="yes"/>
    <tag k="cycleway" v="no"/>
    <tag k="highway" v="trunk"/>
    <tag k="lanes" v="2"/>
    <tag k="layer" v="-1"/>
    <tag k="lit" v="24/7"/>
    <tag k="maxspeed" v="30 mph"/>
    <tag k="name" v="West Lower Wacker Drive"/>
    <tag k="name:etymology:wikidata" v="Q5078665"/>
    <tag k="oneway" v="yes"/>
    <tag k="shoulder" v="no"/>
    <tag k="sidewalk" v="no"/>
    <tag k="surface" v="concrete"/>
    <tag k="tunnel" v="covered"/>
    <tag k="wikidata" v="Q7958800"/>
    <tag k="wikipedia" v="en:Wacker Drive"/>
  </way>
  <way id="1265014374">
    <nd ref="11751780524"/>
    <nd ref="11751780525"/>
    <nd ref="11751780523"/>
    <nd ref="258020220"/>
    <tag k="bicycle" v="use_sidepath"/>
    <tag k="hgv" v="designated"/>
    <tag k="highway" v="secondary"/>
    <tag k="lanes" v="2"/>
    <tag k="lit" v="yes"/>
    <tag k="loc_ref" v="150 N"/>
    <tag k="name" v="West Randolph Street"/>
    <tag k="name:etymology:wikidata" v="Q486499"/>
    <tag k="old_ref" v="US 20 Business"/>
    <tag k="oneway" v="yes"/>
    <tag k="sidewalk:left" v="separate"/>
    <tag k="sidewalk:right" v="no"/>
    <tag k="source:hgv" v="https://gis-idot.opendata.arcgis.com/datasets/IDOT::designated-truck-routes-state-jurisdiction-truck-route/explore?location=40.542466%2C-88.991188%2C14.60;https://www.gettingaroundillinois.com/MapViewer/?config=DTRconfig.json"/>
    <tag k="wikidata" v="Q7291867"/>
    <tag k="wikipedia" v="en:Randolph Street"/>
  </way>
  <way id="1265014375">
    <nd ref="11751780526"/>
    <nd ref="13746236880"/>
    <nd ref="13746236879"/>
    <nd ref="13746236878"/>
    <nd ref="13746236877"/>
    <nd ref="11751780524"/>
    <tag k="bicycle" v="use_sidepath"/>
    <tag k="hgv" v="designated"/>
    <tag k="highway" v="secondary"/>
    <tag k="lanes" v="2"/>
    <tag k="lit" v="yes"/>
    <tag k="loc_ref" v="150 N"/>
    <tag k="maxheight" v="13'6&quot;"/>
    <tag k="name" v="West Randolph Street"/>
    <tag k="name:etymology:wikidata" v="Q486499"/>
    <tag k="old_ref" v="US 20 Business"/>
    <tag k="oneway" v="yes"/>
    <tag k="source:hgv" v="https://gis-idot.opendata.arcgis.com/datasets/IDOT::designated-truck-routes-state-jurisdiction-truck-route/explore?location=40.542466%2C-88.991188%2C14.60;https://www.gettingaroundillinois.com/MapViewer/?config=DTRconfig.json"/>
    <tag k="tunnel" v="building_passage"/>
    <tag k="turn:lanes" v="left|through"/>
    <tag k="wikidata" v="Q7291867"/>
    <tag k="wikipedia" v="en:Randolph Street"/>
  </way>
  <way id="1265014376">
    <nd ref="7015619031"/>
    <nd ref="11751780527"/>
    <nd ref="11751780526"/>
    <tag k="bicycle" v="use_sidepath"/>
    <tag k="hgv" v="designated"/>
    <tag k="highway" v="secondary"/>
    <tag k="lanes" v="2"/>
    <tag k="lit" v="yes"/>
    <tag k="loc_ref" v="150 N"/>
    <tag k="name" v="West Randolph Street"/>
    <tag k="name:etymology:wikidata" v="Q486499"/>
    <tag k="old_ref" v="US 20 Business"/>
    <tag k="oneway" v="yes"/>
    <tag k="source:hgv" v="https://gis-idot.opendata.arcgis.com/datasets/IDOT::designated-truck-routes-state-jurisdiction-truck-route/explore?location=40.542466%2C-88.991188%2C14.60;https://www.gettingaroundillinois.com/MapViewer/?config=DTRconfig.json"/>
    <tag k="turn:lanes" v="left|through|through|through"/>
    <tag k="wikidata" v="Q7291867"/>
    <tag k="wikipedia" v="en:Randolph Street"/>
  </way>
  <way id="1265243058">
    <nd ref="4322736140"/>
    <nd ref="5881541656"/>
    <nd ref="1619741347"/>
    <nd ref="2300194686"/>
    <nd ref="1727617150"/>
    <nd ref="12068250948"/>
    <nd ref="7512746376"/>
    <nd ref="258032427"/>
    <tag k="cycleway" v="shared_lane"/>
    <tag k="highway" v="secondary"/>
    <tag k="loc_ref" v="800 W"/>
    <tag k="name" v="South Halsted Street"/>
    <tag k="name:etymology:wikidata" v="Q119522049"/>
    <tag k="name:zh" v="豪斯特路"/>
    <tag k="surface" v="asphalt"/>
    <tag k="wikidata" v="Q5643579"/>
    <tag k="wikipedia" v="en:Halsted Street"/>
  </way>
  <way id="1266238552">
    <nd ref="5970344154"/>
    <nd ref="261209662"/>
    <tag k="highway" v="secondary"/>
    <tag k="lanes" v="2"/>
    <tag k="loc_ref" v="0 N/S"/>
    <tag k="name" v="West Madison Street"/>
    <tag k="name:etymology:wikidata" v="Q11813"/>
    <tag k="sidewalk:both" v="separate"/>
    <tag k="surface" v="asphalt"/>
    <tag k="wikidata" v="Q3276131"/>
    <tag k="wikipedia" v="en:Madison Street (Chicago)"/>
  </way>
  <way id="1268374513">
    <nd ref="27440254"/>
    <nd ref="258021834"/>
    <nd ref="258021835"/>
    <tag k="cycleway:right" v="no"/>
    <tag k="foot" v="no"/>
    <tag k="highway" v="secondary"/>
    <tag k="lanes" v="1"/>
    <tag k="name" v="South Wacker Drive"/>
    <tag k="oneway" v="yes"/>
    <tag k="sidewalk" v="no"/>
    <tag k="surface" v="concrete"/>
  </way>
  <way id="1268374514">
    <nd ref="258021835"/>
    <nd ref="11780468205"/>
    <nd ref="258021837"/>
    <nd ref="11780468204"/>
    <nd ref="740363212"/>
    <nd ref="258021838"/>
    <nd ref="740363202"/>
    <tag k="bridge" v="yes"/>
    <tag k="cycleway:right" v="no"/>
    <tag k="foot" v="no"/>
    <tag k="highway" v="secondary"/>
    <tag k="layer" v="1"/>
    <tag k="oneway" v="yes"/>
    <tag k="sidewalk" v="no"/>
  </way>
  <way id="1270861798">
    <nd ref="7706487490"/>
    <nd ref="287257682"/>
    <tag k="bridge" v="yes"/>
    <tag k="highway" v="secondary"/>
    <tag k="layer" v="1"/>
    <tag k="name" v="West Lake Street"/>
    <tag k="name:etymology:wikidata" v="Q1169"/>
    <tag k="sidewalk:both" v="separate"/>
    <tag k="wikidata" v="Q3216465"/>
    <tag k="wikipedia" v="en:Lake Street (Chicago)"/>
  </way>
  <way id="1270861799">
    <nd ref="287257682"/>
    <nd ref="265647697"/>
    <tag k="bridge" v="yes"/>
    <tag k="highway" v="secondary"/>
    <tag k="lanes" v="3"/>
    <tag k="lanes:backward" v="2"/>
    <tag k="lanes:forward" v="1"/>
    <tag k="layer" v="1"/>
    <tag k="name" v="West Lake Street"/>
    <tag k="name:etymology:wikidata" v="Q1169"/>
    <tag k="sidewalk:both" v="separate"/>
    <tag k="turn:lanes:backward" v="left|none"/>
    <tag k="wikidata" v="Q3216465"/>
    <tag k="wikipedia" v="en:Lake Street (Chicago)"/>
  </way>
  <way id="1274988598">
    <nd ref="27440250"/>
    <nd ref="6988089364"/>
    <nd ref="11838361574"/>
    <nd ref="11838361573"/>
    <tag k="highway" v="secondary"/>
    <tag k="lanes" v="2"/>
    <tag k="loc_ref" v="400 S"/>
    <tag k="name" v="West Van Buren Street"/>
    <tag k="name:etymology:wikidata" v="Q11820"/>
    <tag k="oneway" v="yes"/>
    <tag k="sidewalk" v="separate"/>
  </way>
  <way id="1278664413">
    <nd ref="11870471275"/>
    <nd ref="9523800941"/>
    <tag k="cycleway:right" v="lane"/>
    <tag k="cycleway:right:buffer" v="no"/>
    <tag k="highway" v="secondary"/>
    <tag k="lanes" v="2"/>
    <tag k="name" v="North Canal Street"/>
    <tag k="name:etymology:wikidata" v="Q952760"/>
    <tag k="name:etymology:wikipedia" v="en:Illinois and Michigan Canal"/>
    <tag k="oneway" v="yes"/>
    <tag k="sidewalk" v="separate"/>
    <tag k="surface" v="asphalt"/>
  </way>
  <way id="1279172419">
    <nd ref="6987861775"/>
    <nd ref="6988089323"/>
    <nd ref="11874844286"/>
    <tag k="bicycle" v="yes"/>
    <tag k="cycleway" v="lane"/>
    <tag k="cycleway:both:buffer" v="yes"/>
    <tag k="highway" v="secondary"/>
    <tag k="lanes" v="3"/>
    <tag k="lanes:backward" v="2"/>
    <tag k="lanes:forward" v="1"/>
    <tag k="loc_ref" v="600 S"/>
    <tag k="name" v="West Harrison Street"/>
    <tag k="name:etymology:wikidata" v="Q11869"/>
    <tag k="sidewalk:both" v="separate"/>
    <tag k="surface" v="paved"/>
    <tag k="turn:lanes:backward" v="left|"/>
    <tag k="wikidata" v="Q95486142"/>
  </way>
  <way id="1279174542">
    <nd ref="11874814608"/>
    <nd ref="6987903235"/>
    <nd ref="6987903200"/>
    <tag k="highway" v="motorway"/>
    <tag k="lanes" v="4"/>
    <tag k="maxheight" v="13'6&quot;"/>
    <tag k="maxweight" v="120000 lbs"/>
    <tag k="maxwidth" v="12'0&quot;"/>
    <tag k="name" v="Eisenhower Expressway"/>
    <tag k="old_name" v="West Congress Parkway"/>
    <tag k="oneway" v="yes"/>
    <tag k="source:maxlength" v="https://idot.illinois.gov/content/dam/soi/en/web/idot/documents/doing-business/specialty-lists/highways/permits/permanentrestrictedroads.pdf"/>
    <tag k="source:maxweight" v="https://idot.illinois.gov/content/dam/soi/en/web/idot/documents/doing-business/specialty-lists/highways/permits/permanentrestrictedroads.pdf"/>
    <tag k="source:maxwidth" v="https://idot.illinois.gov/content/dam/soi/en/web/idot/documents/doing-business/specialty-lists/highways/permits/permanentrestrictedroads.pdf"/>
  </way>
  <way id="1279174543">
    <nd ref="6987903201"/>
    <nd ref="6987903236"/>
    <nd ref="11874814609"/>
    <tag k="destination:lanes" v="none|none|none|none;Franklin Street;Wacker Drive"/>
    <tag k="highway" v="motorway"/>
    <tag k="lanes" v="4"/>
    <tag k="maxheight" v="13'6&quot;"/>
    <tag k="maxweight" v="120000 lbs"/>
    <tag k="maxwidth" v="12'0&quot;"/>
    <tag k="name" v="Eisenhower Expressway"/>
    <tag k="old_name" v="West Congress Parkway"/>
    <tag k="oneway" v="yes"/>
    <tag k="source:maxlength" v="https://idot.illinois.gov/content/dam/soi/en/web/idot/documents/doing-business/specialty-lists/highways/permits/permanentrestrictedroads.pdf"/>
    <tag k="source:maxweight" v="https://idot.illinois.gov/content/dam/soi/en/web/idot/documents/doing-business/specialty-lists/highways/permits/permanentrestrictedroads.pdf"/>
    <tag k="source:maxwidth" v="https://idot.illinois.gov/content/dam/soi/en/web/idot/documents/doing-business/specialty-lists/highways/permits/permanentrestrictedroads.pdf"/>
    <tag k="turn:lanes" v="none|none|none|through;slight_right"/>
  </way>
  <way id="1279174552">
    <nd ref="11874814621"/>
    <nd ref="704745514"/>
    <tag k="highway" v="motorway"/>
    <tag k="lanes" v="3"/>
    <tag k="maxheight" v="13'6&quot;"/>
    <tag k="maxweight" v="120000 lbs"/>
    <tag k="maxwidth" v="12'0&quot;"/>
    <tag k="name" v="Eisenhower Expressway"/>
    <tag k="oneway" v="yes"/>
    <tag k="source:maxlength" v="https://idot.illinois.gov/content/dam/soi/en/web/idot/documents/doing-business/specialty-lists/highways/permits/permanentrestrictedroads.pdf"/>
    <tag k="source:maxweight" v="https://idot.illinois.gov/content/dam/soi/en/web/idot/documents/doing-business/specialty-lists/highways/permits/permanentrestrictedroads.pdf"/>
    <tag k="source:maxwidth" v="https://idot.illinois.gov/content/dam/soi/en/web/idot/documents/doing-business/specialty-lists/highways/permits/permanentrestrictedroads.pdf"/>
  </way>
  <way id="1279174553">
    <nd ref="704745556"/>
    <nd ref="6987903209"/>
    <nd ref="11874814622"/>
    <tag k="highway" v="motorway"/>
    <tag k="lanes" v="4"/>
    <tag k="maxheight" v="13'6&quot;"/>
    <tag k="maxweight" v="120000 lbs"/>
    <tag k="maxwidth" v="12'0&quot;"/>
    <tag k="name" v="Eisenhower Expressway"/>
    <tag k="oneway" v="yes"/>
    <tag k="source:maxlength" v="https://idot.illinois.gov/content/dam/soi/en/web/idot/documents/doing-business/specialty-lists/highways/permits/permanentrestrictedroads.pdf"/>
    <tag k="source:maxweight" v="https://idot.illinois.gov/content/dam/soi/en/web/idot/documents/doing-business/specialty-lists/highways/permits/permanentrestrictedroads.pdf"/>
    <tag k="source:maxwidth" v="https://idot.illinois.gov/content/dam/soi/en/web/idot/documents/doing-business/specialty-lists/highways/permits/permanentrestrictedroads.pdf"/>
  </way>
  <way id="1280737602">
    <nd ref="11061920317"/>
    <nd ref="5114438340"/>
    <nd ref="7015593966"/>
    <tag k="highway" v="secondary"/>
    <tag k="lanes" v="2"/>
    <tag k="lanes:bus" v="1"/>
    <tag k="name" v="South Canal Street"/>
    <tag k="name:etymology:wikidata" v="Q952760"/>
    <tag k="name:etymology:wikipedia" v="en:Illinois and Michigan Canal"/>
    <tag k="note" v="This is a viaduct but is layer 0."/>
    <tag k="oneway" v="yes"/>
    <tag k="sidewalk:both" v="separate"/>
    <tag k="surface" v="asphalt"/>
    <tag k="turn:lanes" v="||right"/>
  </way>
  <way id="1287862767">
    <nd ref="1324291790"/>
    <nd ref="9273512983"/>
    <nd ref="11943616217"/>
    <tag k="cycleway:left" v="shared_lane"/>
    <tag k="cycleway:right" v="separate"/>
    <tag k="highway" v="secondary"/>
    <tag k="lanes" v="4"/>
    <tag k="lanes:backward" v="3"/>
    <tag k="lanes:forward" v="1"/>
    <tag k="lit" v="yes"/>
    <tag k="loc_ref" v="600 S"/>
    <tag k="name" v="West Harrison Street"/>
    <tag k="name:etymology:wikidata" v="Q11869"/>
    <tag k="sidewalk:both" v="separate"/>
    <tag k="surface" v="concrete"/>
    <tag k="turn:lanes:backward" v="left|none|right"/>
    <tag k="wikidata" v="Q95486142"/>
  </way>
  <way id="1287862771">
    <nd ref="11943616217"/>
    <nd ref="9247470994"/>
    <tag k="bicycle" v="use_sidepath"/>
    <tag k="cycleway" v="separate"/>
    <tag k="cycleway:both" v="separate"/>
    <tag k="highway" v="secondary"/>
    <tag k="lanes" v="2"/>
    <tag k="lit" v="yes"/>
    <tag k="loc_ref" v="600 S"/>
    <tag k="name" v="West Harrison Street"/>
    <tag k="name:etymology:wikidata" v="Q11869"/>
    <tag k="sidewalk:both" v="separate"/>
    <tag k="surface" v="concrete"/>
    <tag k="wikidata" v="Q95486142"/>
  </way>
  <way id="1287862777">
    <nd ref="10729825664"/>
    <nd ref="1337351533"/>
    <tag k="bicycle" v="use_sidepath"/>
    <tag k="cycleway" v="separate"/>
    <tag k="cycleway:both" v="separate"/>
    <tag k="highway" v="secondary"/>
    <tag k="lanes" v="2"/>
    <tag k="lit" v="yes"/>
    <tag k="loc_ref" v="600 S"/>
    <tag k="name" v="West Harrison Street"/>
    <tag k="name:etymology:wikidata" v="Q11869"/>
    <tag k="sidewalk:both" v="separate"/>
    <tag k="surface" v="asphalt"/>
    <tag k="wikidata" v="Q95486142"/>
  </way>
  <way id="1287862779">
    <nd ref="10242264861"/>
    <nd ref="11943616211"/>
    <tag k="bicycle" v="use_sidepath"/>
    <tag k="cycleway" v="separate"/>
    <tag k="cycleway:both" v="separate"/>
    <tag k="highway" v="secondary"/>
    <tag k="lanes" v="2"/>
    <tag k="lit" v="yes"/>
    <tag k="loc_ref" v="600 S"/>
    <tag k="name" v="West Harrison Street"/>
    <tag k="name:etymology:wikidata" v="Q11869"/>
    <tag k="sidewalk:both" v="separate"/>
    <tag k="surface" v="asphalt"/>
    <tag k="wikidata" v="Q95486142"/>
  </way>
  <way id="1287862784">
    <nd ref="11943616252"/>
    <nd ref="9391285707"/>
    <nd ref="13659986870"/>
    <nd ref="256591534"/>
    <tag k="bicycle" v="yes"/>
    <tag k="cycleway" v="lane"/>
    <tag k="cycleway:both:buffer" v="yes"/>
    <tag k="highway" v="secondary"/>
    <tag k="loc_ref" v="600 S"/>
    <tag k="name" v="West Harrison Street"/>
    <tag k="name:etymology:wikidata" v="Q11869"/>
    <tag k="sidewalk:both" v="separate"/>
    <tag k="wikidata" v="Q95486142"/>
  </way>
  <way id="1287862797">
    <nd ref="11943616274"/>
    <nd ref="11943616175"/>
    <tag k="bicycle" v="yes"/>
    <tag k="cycleway" v="lane"/>
    <tag k="highway" v="secondary"/>
    <tag k="lanes" v="3"/>
    <tag k="lanes:backward" v="2"/>
    <tag k="lanes:forward" v="1"/>
    <tag k="loc_ref" v="600 S"/>
    <tag k="name" v="West Harrison Street"/>
    <tag k="name:etymology:wikidata" v="Q11869"/>
    <tag k="sidewalk:both" v="separate"/>
    <tag k="turn:lanes:backward" v="left|"/>
    <tag k="wikidata" v="Q95486142"/>
  </way>
  <way id="1287862799">
    <nd ref="6990621985"/>
    <nd ref="6990621987"/>
    <nd ref="4322796838"/>
    <tag k="cycleway" v="shared_lane"/>
    <tag k="cycleway:both" v="shared_lane"/>
    <tag k="highway" v="secondary"/>
    <tag k="lanes" v="5"/>
    <tag k="lanes:backward" v="3"/>
    <tag k="lanes:forward" v="2"/>
    <tag k="loc_ref" v="600 S"/>
    <tag k="name" v="West Harrison Street"/>
    <tag k="name:etymology:wikidata" v="Q11869"/>
    <tag k="sidewalk:both" v="separate"/>
    <tag k="turn:lanes:backward" v="left||right"/>
    <tag k="turn:lanes:forward" v="none|right"/>
    <tag k="wikidata" v="Q95486142"/>
  </way>
  <way id="1296784619">
    <nd ref="258020218"/>
    <nd ref="4227056467"/>
    <nd ref="7662839836"/>
    <tag k="bicycle" v="use_sidepath"/>
    <tag k="busway" v="lane"/>
    <tag k="cycleway:left" v="separate"/>
    <tag k="highway" v="secondary"/>
    <tag k="lanes" v="3"/>
    <tag k="name" v="South Clinton Street"/>
    <tag k="name:etymology:wikidata" v="Q527462"/>
    <tag k="name:etymology:wikipedia" v="en:DeWitt Clinton"/>
    <tag k="oneway" v="yes"/>
  </way>
  <way id="1298221997">
    <nd ref="619040175"/>
    <nd ref="4226924802"/>
    <nd ref="3407083196"/>
    <nd ref="10945677471"/>
    <tag k="cycleway:right" v="no"/>
    <tag k="highway" v="secondary"/>
    <tag k="lanes" v="3"/>
    <tag k="name" v="South Wacker Drive"/>
    <tag k="name:etymology:wikidata" v="Q5078665"/>
    <tag k="oneway" v="yes"/>
    <tag k="sidewalk:left" v="no"/>
    <tag k="sidewalk:right" v="separate"/>
    <tag k="surface" v="concrete"/>
    <tag k="wikidata" v="Q7958800"/>
    <tag k="wikipedia" v="en:Wacker Drive"/>
  </way>
  <way id="1298222000">
    <nd ref="12026971564"/>
    <nd ref="9309565691"/>
    <nd ref="258020660"/>
    <tag k="bus" v="designated"/>
    <tag k="highway" v="secondary"/>
    <tag k="lane_markings" v="no"/>
    <tag k="name" v="North Canal Street"/>
    <tag k="name:etymology:wikidata" v="Q952760"/>
    <tag k="name:etymology:wikipedia" v="en:Illinois and Michigan Canal"/>
    <tag k="oneway" v="yes"/>
    <tag k="surface" v="asphalt"/>
  </way>
  <way id="1298789498">
    <nd ref="261117497"/>
    <nd ref="12031229277"/>
    <tag k="access" v="no"/>
    <tag k="highway" v="residential"/>
    <tag k="name" v="West Court Place"/>
    <tag k="oneway" v="no"/>
    <tag k="tiger:cfcc" v="A41"/>
    <tag k="tiger:county" v="Cook, IL"/>
    <tag k="tiger:name_base" v="Court"/>
    <tag k="tiger:name_direction_prefix" v="W"/>
    <tag k="tiger:name_type" v="Pl"/>
    <tag k="tiger:reviewed" v="yes"/>
    <tag k="tiger:zip_left" v="60661"/>
    <tag k="tiger:zip_right" v="60661"/>
  </way>
  <way id="1298789499">
    <nd ref="410791896"/>
    <nd ref="7515614567"/>
    <nd ref="12251463158"/>
    <nd ref="12251463228"/>
    <nd ref="13768370977"/>
    <nd ref="736018754"/>
    <nd ref="7515614558"/>
    <tag k="highway" v="unclassified"/>
    <tag k="lit" v="yes"/>
    <tag k="loc_ref" v="150 N"/>
    <tag k="name" v="West Randolph Street"/>
    <tag k="name:etymology:wikidata" v="Q486499"/>
    <tag k="oneway" v="no"/>
    <tag k="wikidata" v="Q7291867"/>
    <tag k="wikipedia" v="en:Randolph Street"/>
  </way>
  <way id="1302684021">
    <nd ref="12064652336"/>
    <nd ref="10273279150"/>
    <tag k="bicycle" v="no"/>
    <tag k="foot" v="no"/>
    <tag k="hgv" v="designated"/>
    <tag k="hgv:national_network" v="yes"/>
    <tag k="highway" v="motorway"/>
    <tag k="horse" v="no"/>
    <tag k="lanes" v="6"/>
    <tag k="lit" v="yes"/>
    <tag k="maxspeed" v="45 mph"/>
    <tag k="minspeed" v="45 mph"/>
    <tag k="name" v="Kennedy Expressway"/>
    <tag k="name:etymology:wikidata" v="Q9696"/>
    <tag k="note" v="Far Right lane is marked for exit only. second right lane splits towards I290"/>
    <tag k="official_name" v="John F. Kennedy Expressway"/>
    <tag k="old_name" v="Northwest Expressway"/>
    <tag k="oneway" v="yes"/>
    <tag k="ref" v="I 90;I 94"/>
    <tag k="source:hgv:national_network" v="https://www.ecfr.gov/current/title-23/chapter-I/subchapter-G/part-658;https://hepgis-usdot.hub.arcgis.com/apps/usdot::national-network-conventional-combination-trucks-map"/>
    <tag k="surface" v="asphalt"/>
    <tag k="turn:lanes" v="through|through|through|through|through;slight_right|slight_right"/>
    <tag k="wikidata" v="Q1072388"/>
    <tag k="wikipedia" v="en:Kennedy Expressway"/>
  </way>
  <way id="1306413478">
    <nd ref="258955475"/>
    <nd ref="7520846894"/>
    <nd ref="4321127305"/>
    <tag k="highway" v="tertiary"/>
    <tag k="name" v="North Morgan Street"/>
    <tag k="sidewalk:both" v="separate"/>
    <tag k="surface" v="asphalt"/>
  </way>
  <way id="1306413479">
    <nd ref="261143284"/>
    <nd ref="9115266650"/>
    <nd ref="12776738444"/>
    <nd ref="12776738448"/>
    <nd ref="12776738442"/>
    <nd ref="7520846916"/>
    <nd ref="261143283"/>
    <nd ref="7520846913"/>
    <nd ref="7520846896"/>
    <nd ref="258955475"/>
    <tag k="cycleway:right" v="lane"/>
    <tag k="cycleway:right:buffer" v="yes"/>
    <tag k="hgv" v="designated"/>
    <tag k="highway" v="tertiary"/>
    <tag k="lanes" v="2"/>
    <tag k="name" v="West Washington Boulevard"/>
    <tag k="name:etymology:wikidata" v="Q23"/>
    <tag k="old_ref" v="US 20 Business"/>
    <tag k="oneway" v="yes"/>
    <tag k="sidewalk:both" v="separate"/>
    <tag k="source:hgv" v="https://gis-idot.opendata.arcgis.com/datasets/IDOT::designated-truck-routes-state-jurisdiction-truck-route/explore?location=40.542466%2C-88.991188%2C14.60;https://www.gettingaroundillinois.com/MapViewer/?config=DTRconfig.json"/>
  </way>
  <way id="1306413480">
    <nd ref="288070377"/>
    <nd ref="7520846931"/>
    <nd ref="11913326391"/>
    <nd ref="4063814424"/>
    <nd ref="9747444328"/>
    <nd ref="11161876817"/>
    <nd ref="410791900"/>
    <tag k="highway" v="residential"/>
    <tag k="name" v="North Sangamon Street"/>
    <tag k="sidewalk:both" v="separate"/>
    <tag k="tiger:cfcc" v="A41"/>
    <tag k="tiger:county" v="Cook, IL"/>
    <tag k="tiger:name_base" v="Sangamon"/>
    <tag k="tiger:name_direction_prefix" v="N"/>
    <tag k="tiger:name_type" v="St"/>
    <tag k="tiger:reviewed" v="no"/>
    <tag k="tiger:zip_left" v="60622"/>
    <tag k="tiger:zip_right" v="60622"/>
  </way>
  <way id="1306413481">
    <nd ref="258955475"/>
    <nd ref="7520846893"/>
    <nd ref="6776894060"/>
    <nd ref="11913326382"/>
    <nd ref="7520846932"/>
    <nd ref="288070377"/>
    <tag k="cycleway:right" v="lane"/>
    <tag k="cycleway:right:buffer" v="yes"/>
    <tag k="hgv" v="designated"/>
    <tag k="highway" v="tertiary"/>
    <tag k="lanes" v="2"/>
    <tag k="name" v="West Washington Boulevard"/>
    <tag k="name:etymology:wikidata" v="Q23"/>
    <tag k="old_ref" v="US 20 Business"/>
    <tag k="oneway" v="yes"/>
    <tag k="sidewalk:both" v="separate"/>
    <tag k="source:hgv" v="https://gis-idot.opendata.arcgis.com/datasets/IDOT::designated-truck-routes-state-jurisdiction-truck-route/explore?location=40.542466%2C-88.991188%2C14.60;https://www.gettingaroundillinois.com/MapViewer/?config=DTRconfig.json"/>
  </way>
  <way id="1306413482">
    <nd ref="410791901"/>
    <nd ref="9115265412"/>
    <nd ref="7520846895"/>
    <nd ref="258955475"/>
    <tag k="highway" v="tertiary"/>
    <tag k="name" v="North Morgan Street"/>
    <tag k="sidewalk:both" v="separate"/>
    <tag k="surface" v="asphalt"/>
  </way>
  <way id="1306413483">
    <nd ref="410791902"/>
    <nd ref="9115266722"/>
    <nd ref="12251463205"/>
    <nd ref="12251463206"/>
    <nd ref="9115265414"/>
    <nd ref="410791901"/>
    <tag k="highway" v="tertiary"/>
    <tag k="lit" v="yes"/>
    <tag k="loc_ref" v="150 N"/>
    <tag k="name" v="West Randolph Street"/>
    <tag k="name:etymology:wikidata" v="Q486499"/>
    <tag k="oneway" v="yes"/>
    <tag k="wikidata" v="Q7291867"/>
    <tag k="wikipedia" v="en:Randolph Street"/>
  </way>
  <way id="1306413484">
    <nd ref="258956045"/>
    <nd ref="410791901"/>
    <tag k="highway" v="tertiary"/>
    <tag k="name" v="North Morgan Street"/>
    <tag k="surface" v="asphalt"/>
  </way>
  <way id="1306413485">
    <nd ref="258956045"/>
    <nd ref="9115265415"/>
    <nd ref="9747444319"/>
    <nd ref="9115266723"/>
    <nd ref="418155691"/>
    <tag k="hgv" v="designated"/>
    <tag k="highway" v="secondary"/>
    <tag k="lit" v="yes"/>
    <tag k="loc_ref" v="150 N"/>
    <tag k="name" v="West Randolph Street"/>
    <tag k="name:etymology:wikidata" v="Q486499"/>
    <tag k="old_ref" v="US 20 Business"/>
    <tag k="oneway" v="yes"/>
    <tag k="source:hgv" v="https://gis-idot.opendata.arcgis.com/datasets/IDOT::designated-truck-routes-state-jurisdiction-truck-route/explore?location=40.542466%2C-88.991188%2C14.60;https://www.gettingaroundillinois.com/MapViewer/?config=DTRconfig.json"/>
    <tag k="wikidata" v="Q7291867"/>
    <tag k="wikipedia" v="en:Randolph Street"/>
  </way>
  <way id="1306413486">
    <nd ref="258955473"/>
    <nd ref="258956045"/>
    <tag k="highway" v="tertiary"/>
    <tag k="name" v="North Morgan Street"/>
    <tag k="surface" v="asphalt"/>
  </way>
  <way id="1306413487">
    <nd ref="258955473"/>
    <nd ref="9115265416"/>
    <nd ref="12251463116"/>
    <nd ref="12251463115"/>
    <nd ref="9747444320"/>
    <nd ref="9115266724"/>
    <nd ref="410791915"/>
    <tag k="highway" v="unclassified"/>
    <tag k="lit" v="yes"/>
    <tag k="loc_ref" v="150 N"/>
    <tag k="name" v="West Randolph Street"/>
    <tag k="name:etymology:wikidata" v="Q486499"/>
    <tag k="oneway" v="yes"/>
    <tag k="wikidata" v="Q7291867"/>
    <tag k="wikipedia" v="en:Randolph Street"/>
  </way>
  <way id="1306413488">
    <nd ref="258955481"/>
    <nd ref="410791911"/>
    <tag k="highway" v="secondary"/>
    <tag k="loc_ref" v="800 W"/>
    <tag k="name" v="North Halsted Street"/>
    <tag k="name:etymology:wikidata" v="Q119522049"/>
    <tag k="name:zh" v="豪斯特路"/>
    <tag k="surface" v="asphalt"/>
    <tag k="wikidata" v="Q5643579"/>
    <tag k="wikipedia" v="en:Halsted Street"/>
  </way>
  <way id="1306413490">
    <nd ref="418155586"/>
    <nd ref="9685786451"/>
    <nd ref="9747430802"/>
    <nd ref="9685786459"/>
    <nd ref="418155585"/>
    <tag k="hgv" v="designated"/>
    <tag k="highway" v="secondary"/>
    <tag k="lanes" v="2"/>
    <tag k="lit" v="yes"/>
    <tag k="loc_ref" v="150 N"/>
    <tag k="name" v="West Randolph Street"/>
    <tag k="name:etymology:wikidata" v="Q486499"/>
    <tag k="old_ref" v="US 20 Business"/>
    <tag k="oneway" v="yes"/>
    <tag k="parking:both" v="no"/>
    <tag k="source:hgv" v="https://gis-idot.opendata.arcgis.com/datasets/IDOT::designated-truck-routes-state-jurisdiction-truck-route/explore?location=40.542466%2C-88.991188%2C14.60;https://www.gettingaroundillinois.com/MapViewer/?config=DTRconfig.json"/>
    <tag k="surface" v="asphalt"/>
    <tag k="wikidata" v="Q7291867"/>
    <tag k="wikipedia" v="en:Randolph Street"/>
  </way>
  <way id="1306413491">
    <nd ref="418155586"/>
    <nd ref="410791905"/>
    <tag k="highway" v="tertiary"/>
    <tag k="loc_ref" v="1200 W"/>
    <tag k="name" v="North Racine Avenue"/>
    <tag k="name:etymology:wikidata" v="Q40340"/>
    <tag k="note" v="Converted to one-way in Oct 2025 https://www.axios.com/local/chicago/2025/11/07/one-way-streets-west-loop-racine-green-burnett-conway"/>
    <tag k="old_name" v="Center Avenue"/>
    <tag k="oneway" v="yes"/>
    <tag k="surface" v="asphalt"/>
    <tag k="wikidata" v="Q118964088"/>
    <tag k="wikipedia" v="en:Racine Avenue"/>
  </way>
  <way id="1311928587">
    <nd ref="287260219"/>
    <nd ref="12143502010"/>
    <tag k="bicycle" v="no"/>
    <tag k="destination:lanes" v="none|none|none|East Washington Boulevard;Madison Street"/>
    <tag k="foot" v="no"/>
    <tag k="hgv" v="designated"/>
    <tag k="hgv:national_network" v="yes"/>
    <tag k="highway" v="motorway"/>
    <tag k="horse" v="no"/>
    <tag k="lanes" v="4"/>
    <tag k="lit" v="yes"/>
    <tag k="maxheight" v="13'8&quot;"/>
    <tag k="maxspeed" v="45 mph"/>
    <tag k="minspeed" v="45 mph"/>
    <tag k="name" v="Kennedy Expressway"/>
    <tag k="name:etymology:wikidata" v="Q9696"/>
    <tag k="official_name" v="John F. Kennedy Expressway"/>
    <tag k="old_name" v="Northwest Expressway"/>
    <tag k="oneway" v="yes"/>
    <tag k="ref" v="I 90;I 94"/>
    <tag k="source:hgv:national_network" v="https://www.ecfr.gov/current/title-23/chapter-I/subchapter-G/part-658;https://hepgis-usdot.hub.arcgis.com/apps/usdot::national-network-conventional-combination-trucks-map"/>
    <tag k="surface" v="asphalt"/>
    <tag k="turn:lanes" v="none|none|none|merge_to_left"/>
    <tag k="wikidata" v="Q1072388"/>
    <tag k="wikipedia" v="en:Kennedy Expressway"/>
  </way>
  <way id="1312772803">
    <nd ref="12151257420"/>
    <nd ref="4226924676"/>
    <nd ref="8815131643"/>
    <tag k="destination" v="West Adams Street"/>
    <tag k="highway" v="motorway_link"/>
    <tag k="junction:ref" v="51F"/>
    <tag k="lanes" v="1"/>
    <tag k="oneway" v="yes"/>
    <tag k="surface" v="concrete"/>
    <tag k="turn:lanes" v="right"/>
  </way>
  <way id="1312951474">
    <nd ref="12153004970"/>
    <nd ref="7515614603"/>
    <nd ref="709360702"/>
    <tag k="destination" v="West Randolph Street"/>
    <tag k="hgv" v="designated"/>
    <tag k="highway" v="motorway_link"/>
    <tag k="junction:ref" v="51B"/>
    <tag k="lanes" v="1"/>
    <tag k="oneway" v="yes"/>
    <tag k="source:hgv" v="https://gis-idot.opendata.arcgis.com/datasets/IDOT::designated-truck-routes-state-jurisdiction-truck-route/explore?location=40.542466%2C-88.991188%2C14.60;https://www.gettingaroundillinois.com/MapViewer/?config=DTRconfig.json"/>
    <tag k="turn:lanes" v="left"/>
  </way>
  <way id="1323967371">
    <nd ref="258955472"/>
    <nd ref="9995481105"/>
    <nd ref="12008726200"/>
    <nd ref="4100010445"/>
    <nd ref="7676028663"/>
    <nd ref="1657357352"/>
    <tag k="cycleway:both" v="no"/>
    <tag k="highway" v="residential"/>
    <tag k="name" v="North Morgan Street"/>
    <tag k="sidewalk:both" v="separate"/>
    <tag k="surface" v="asphalt"/>
  </way>
  <way id="1339344638">
    <nd ref="261293059"/>
    <nd ref="9503023182"/>
    <nd ref="261126706"/>
    <tag k="highway" v="residential"/>
    <tag k="name" v="West Westgate Terrace"/>
    <tag k="sidewalk:both" v="separate"/>
    <tag k="surface" v="asphalt"/>
  </way>
  <way id="1340057844">
    <nd ref="12395830598"/>
    <nd ref="1655426908"/>
    <tag k="bicycle" v="no"/>
    <tag k="change:lanes" v="yes|yes|yes|not_right|no"/>
    <tag k="destination:lanes" v="Wisconsin|Wisconsin|Wisconsin|Wisconsin;Ohio Street;Downtown|Downtown"/>
    <tag k="foot" v="no"/>
    <tag k="hgv" v="designated"/>
    <tag k="hgv:national_network" v="yes"/>
    <tag k="highway" v="motorway"/>
    <tag k="horse" v="no"/>
    <tag k="lanes" v="5"/>
    <tag k="maxspeed" v="45 mph"/>
    <tag k="minspeed" v="45 mph"/>
    <tag k="name" v="Dan Ryan Expressway"/>
    <tag k="oneway" v="yes"/>
    <tag k="ref" v="I 90;I 94"/>
    <tag k="source:hgv:national_network" v="https://www.ecfr.gov/current/title-23/chapter-I/subchapter-G/part-658;https://hepgis-usdot.hub.arcgis.com/apps/usdot::national-network-conventional-combination-trucks-map"/>
    <tag k="surface" v="concrete"/>
    <tag k="turn:lanes" v="through|through|through|through;slight_right|slight_right"/>
  </way>
  <way id="1348645724">
    <nd ref="5823702639"/>
    <nd ref="4227056461"/>
    <nd ref="619040175"/>
    <tag k="bus:lanes" v="||designated"/>
    <tag k="busway:right" v="lane"/>
    <tag k="highway" v="secondary"/>
    <tag k="lanes" v="3"/>
    <tag k="loc_ref" v="200 S"/>
    <tag k="name" v="West Adams Street"/>
    <tag k="old_ref" v="US 66"/>
    <tag k="oneway" v="yes"/>
    <tag k="ref" v="US 66 Hist"/>
    <tag k="sidewalk:both" v="separate"/>
    <tag k="surface" v="concrete"/>
  </way>
  <way id="1348645725">
    <nd ref="12475143975"/>
    <nd ref="9913028167"/>
    <nd ref="27440212"/>
    <tag k="cycleway:right" v="lane"/>
    <tag k="cycleway:right:buffer" v="yes"/>
    <tag k="highway" v="secondary"/>
    <tag k="lanes" v="3"/>
    <tag k="loc_ref" v="300 W"/>
    <tag k="name" v="South Franklin Street"/>
    <tag k="name:etymology:wikidata" v="Q34969"/>
    <tag k="name:etymology:wikipedia" v="en:Benjamin Franklin"/>
    <tag k="oneway" v="yes"/>
    <tag k="sidewalk:both" v="separate"/>
    <tag k="surface" v="asphalt"/>
  </way>
  <way id="1363505997">
    <nd ref="4063814409"/>
    <nd ref="9747430809"/>
    <nd ref="9733226956"/>
    <nd ref="410791904"/>
    <tag k="highway" v="residential"/>
    <tag k="name" v="North May Street"/>
    <tag k="oneway" v="yes"/>
    <tag k="sidewalk:both" v="separate"/>
    <tag k="surface" v="asphalt"/>
  </way>
  <way id="1363505998">
    <nd ref="410791905"/>
    <nd ref="9733226942"/>
    <nd ref="12251463195"/>
    <nd ref="12251463196"/>
    <nd ref="9747430812"/>
    <nd ref="9733226947"/>
    <nd ref="410791904"/>
    <tag k="highway" v="tertiary"/>
    <tag k="lit" v="yes"/>
    <tag k="loc_ref" v="150 N"/>
    <tag k="name" v="West Randolph Street"/>
    <tag k="name:etymology:wikidata" v="Q486499"/>
    <tag k="oneway" v="yes"/>
    <tag k="parking:left" v="no"/>
    <tag k="parking:right" v="separate"/>
    <tag k="surface" v="asphalt"/>
    <tag k="wikidata" v="Q7291867"/>
    <tag k="wikipedia" v="en:Randolph Street"/>
  </way>
  <way id="1363505999">
    <nd ref="261143285"/>
    <nd ref="9115266657"/>
    <nd ref="4063815284"/>
    <nd ref="12307940311"/>
    <nd ref="4063815286"/>
    <nd ref="7520847086"/>
    <nd ref="5970344135"/>
    <tag k="highway" v="residential"/>
    <tag k="name" v="North May Street"/>
    <tag k="sidewalk:both" v="separate"/>
    <tag k="surface" v="asphalt"/>
    <tag k="tiger:cfcc" v="A41"/>
    <tag k="tiger:county" v="Cook, IL"/>
    <tag k="tiger:name_base" v="May"/>
    <tag k="tiger:name_direction_prefix" v="N"/>
    <tag k="tiger:name_type" v="St"/>
    <tag k="tiger:reviewed" v="no"/>
    <tag k="tiger:zip_left" v="60622"/>
    <tag k="tiger:zip_right" v="60622"/>
  </way>
  <way id="1363506001">
    <nd ref="410791904"/>
    <nd ref="418155686"/>
    <tag k="highway" v="residential"/>
    <tag k="name" v="North May Street"/>
    <tag k="oneway" v="yes"/>
    <tag k="sidewalk:both" v="separate"/>
    <tag k="surface" v="asphalt"/>
  </way>
  <way id="1363506002">
    <nd ref="418155686"/>
    <nd ref="9733226948"/>
    <nd ref="9733226943"/>
    <nd ref="418155586"/>
    <tag k="hgv" v="designated"/>
    <tag k="highway" v="secondary"/>
    <tag k="lanes" v="2"/>
    <tag k="lit" v="yes"/>
    <tag k="loc_ref" v="150 N"/>
    <tag k="name" v="West Randolph Street"/>
    <tag k="name:etymology:wikidata" v="Q486499"/>
    <tag k="old_ref" v="US 20 Business"/>
    <tag k="oneway" v="yes"/>
    <tag k="parking:both" v="no"/>
    <tag k="source:hgv" v="https://gis-idot.opendata.arcgis.com/datasets/IDOT::designated-truck-routes-state-jurisdiction-truck-route/explore?location=40.542466%2C-88.991188%2C14.60;https://www.gettingaroundillinois.com/MapViewer/?config=DTRconfig.json"/>
    <tag k="surface" v="asphalt"/>
    <tag k="wikidata" v="Q7291867"/>
    <tag k="wikipedia" v="en:Randolph Street"/>
  </way>
  <way id="1363506003">
    <nd ref="418155686"/>
    <nd ref="410791917"/>
    <tag k="highway" v="residential"/>
    <tag k="name" v="North May Street"/>
    <tag k="oneway" v="yes"/>
    <tag k="sidewalk:both" v="separate"/>
    <tag k="surface" v="asphalt"/>
  </way>
  <way id="1363506004">
    <nd ref="410791917"/>
    <nd ref="9733226949"/>
    <nd ref="12251463103"/>
    <nd ref="12251463102"/>
    <nd ref="9733226944"/>
    <nd ref="410791918"/>
    <tag k="highway" v="unclassified"/>
    <tag k="lane_markings" v="no"/>
    <tag k="lit" v="yes"/>
    <tag k="loc_ref" v="150 N"/>
    <tag k="name" v="West Randolph Street"/>
    <tag k="name:etymology:wikidata" v="Q486499"/>
    <tag k="oneway" v="yes"/>
    <tag k="parking:left" v="no"/>
    <tag k="parking:right" v="separate"/>
    <tag k="surface" v="asphalt"/>
    <tag k="wikidata" v="Q7291867"/>
    <tag k="wikipedia" v="en:Randolph Street"/>
  </way>
  <way id="1370879490">
    <nd ref="740271862"/>
    <nd ref="9358482659"/>
    <nd ref="4489827611"/>
    <tag k="cycleway:right" v="lane"/>
    <tag k="cycleway:right:buffer" v="no"/>
    <tag k="highway" v="secondary"/>
    <tag k="lanes" v="3"/>
    <tag k="loc_ref" v="300 W"/>
    <tag k="name" v="North Franklin Street"/>
    <tag k="name:etymology:wikidata" v="Q34969"/>
    <tag k="name:etymology:wikipedia" v="en:Benjamin Franklin"/>
    <tag k="oneway" v="yes"/>
    <tag k="sidewalk" v="separate"/>
    <tag k="surface" v="asphalt"/>
  </way>
  <way id="1377417562">
    <nd ref="1324291790"/>
    <nd ref="1324291788"/>
    <tag k="cycleway:right" v="shared_lane"/>
    <tag k="highway" v="secondary"/>
    <tag k="lanes" v="2"/>
    <tag k="lit" v="yes"/>
    <tag k="loc_ref" v="600 S"/>
    <tag k="maxspeed" v="20 mph"/>
    <tag k="name" v="West Harrison Street"/>
    <tag k="name:etymology:wikidata" v="Q11869"/>
    <tag k="oneway" v="yes"/>
    <tag k="sidewalk:left" v="no"/>
    <tag k="sidewalk:right" v="separate"/>
    <tag k="source:maxspeed" v="sign"/>
    <tag k="surface" v="asphalt"/>
    <tag k="turn:lanes" v="left|none"/>
    <tag k="wikidata" v="Q95486142"/>
  </way>
  <way id="1378280336">
    <nd ref="265647697"/>
    <nd ref="265647254"/>
    <tag k="highway" v="secondary"/>
    <tag k="lanes" v="3"/>
    <tag k="lanes:backward" v="2"/>
    <tag k="lanes:forward" v="1"/>
    <tag k="name" v="West Lake Street"/>
    <tag k="name:etymology:wikidata" v="Q1169"/>
    <tag k="sidewalk:both" v="separate"/>
    <tag k="surface" v="asphalt"/>
    <tag k="turn:lanes:backward" v="left|none"/>
    <tag k="wikidata" v="Q3216465"/>
    <tag k="wikipedia" v="en:Lake Street (Chicago)"/>
  </way>
  <way id="1395015167">
    <nd ref="12912848005"/>
    <nd ref="4322736144"/>
    <nd ref="7515614405"/>
    <nd ref="287262182"/>
    <tag k="destination" v="Madison Street"/>
    <tag k="destination:street" v="Madison Street (0 North/South)"/>
    <tag k="highway" v="motorway_link"/>
    <tag k="junction:ref" v="51D"/>
    <tag k="lanes" v="2"/>
    <tag k="oneway" v="yes"/>
    <tag k="surface" v="asphalt"/>
    <tag k="turn:lanes" v="left|right"/>
  </way>
  <way id="1395015168">
    <nd ref="25779189"/>
    <nd ref="5967446815"/>
    <tag k="destination" v="Madison Street"/>
    <tag k="destination:street" v="Madison Street (0 North/South)"/>
    <tag k="highway" v="motorway_link"/>
    <tag k="junction:ref" v="51D"/>
    <tag k="lanes" v="1"/>
    <tag k="oneway" v="yes"/>
    <tag k="surface" v="asphalt"/>
    <tag k="turn:lanes" v="right"/>
  </way>
  <way id="1444365743">
    <nd ref="9115266668"/>
    <nd ref="261143286"/>
    <tag k="highway" v="tertiary"/>
    <tag k="loc_ref" v="1200 W"/>
    <tag k="name" v="North Racine Avenue"/>
    <tag k="name:etymology:wikidata" v="Q40340"/>
    <tag k="note" v="Converted to one-way in Oct 2025 https://www.axios.com/local/chicago/2025/11/07/one-way-streets-west-loop-racine-green-burnett-conway"/>
    <tag k="old_name" v="Center Avenue"/>
    <tag k="oneway" v="yes"/>
    <tag k="sidewalk:both" v="separate"/>
    <tag k="surface" v="asphalt"/>
    <tag k="wikidata" v="Q118964088"/>
    <tag k="wikipedia" v="en:Racine Avenue"/>
  </way>
  <way id="1444365744">
    <nd ref="410791898"/>
    <nd ref="7520846962"/>
    <nd ref="4063814425"/>
    <nd ref="1657357306"/>
    <nd ref="4063814427"/>
    <nd ref="13768006360"/>
    <nd ref="7515614593"/>
    <nd ref="13768006361"/>
    <tag k="highway" v="tertiary"/>
    <tag k="lit" v="yes"/>
    <tag k="name" v="North Green Street"/>
    <tag k="note" v="Converted to one-way in Oct 2025 https://www.axios.com/local/chicago/2025/11/07/one-way-streets-west-loop-racine-green-burnett-conway"/>
    <tag k="oneway" v="yes"/>
    <tag k="sidewalk:both" v="separate"/>
    <tag k="surface" v="asphalt"/>
  </way>
  <way id="1444524689">
    <nd ref="261143285"/>
    <nd ref="9115266658"/>
    <nd ref="4063814414"/>
    <nd ref="11582816003"/>
    <nd ref="4063814409"/>
    <tag k="highway" v="residential"/>
    <tag k="name" v="North May Street"/>
    <tag k="oneway" v="yes"/>
    <tag k="sidewalk:both" v="separate"/>
    <tag k="surface" v="asphalt"/>
  </way>
  <way id="1449477173">
    <nd ref="27440212"/>
    <nd ref="9913028184"/>
    <nd ref="262184214"/>
    <nd ref="11060274222"/>
    <nd ref="10974049461"/>
    <nd ref="7342370243"/>
    <nd ref="9913028192"/>
    <nd ref="258021247"/>
    <tag k="cycleway:right" v="lane"/>
    <tag k="cycleway:right:buffer" v="yes"/>
    <tag k="highway" v="secondary"/>
    <tag k="lanes" v="3"/>
    <tag k="loc_ref" v="300 W"/>
    <tag k="name" v="South Franklin Street"/>
    <tag k="name:etymology:wikidata" v="Q34969"/>
    <tag k="name:etymology:wikipedia" v="en:Benjamin Franklin"/>
    <tag k="oneway" v="yes"/>
    <tag k="sidewalk:both" v="separate"/>
    <tag k="surface" v="asphalt"/>
  </way>
  <way id="1453636069">
    <nd ref="261885955"/>
    <nd ref="7520833660"/>
    <nd ref="5978234465"/>
    <nd ref="5970344158"/>
    <tag k="highway" v="secondary"/>
    <tag k="lanes" v="2"/>
    <tag k="loc_ref" v="0 N/S"/>
    <tag k="name" v="West Madison Street"/>
    <tag k="name:etymology:wikidata" v="Q11813"/>
    <tag k="parking:both" v="lane"/>
    <tag k="parking:both:orientation" v="parallel"/>
    <tag k="sidewalk:both" v="separate"/>
    <tag k="wikidata" v="Q3276131"/>
    <tag k="wikipedia" v="en:Madison Street (Chicago)"/>
  </way>
  <way id="1453658120">
    <nd ref="261143286"/>
    <nd ref="9115266666"/>
    <nd ref="4063814412"/>
    <nd ref="9115266659"/>
    <nd ref="261143285"/>
    <nd ref="9115266656"/>
    <nd ref="9115266653"/>
    <nd ref="261143284"/>
    <tag k="cycleway:right" v="lane"/>
    <tag k="cycleway:right:buffer" v="yes"/>
    <tag k="hgv" v="designated"/>
    <tag k="highway" v="tertiary"/>
    <tag k="lanes" v="2"/>
    <tag k="name" v="West Washington Boulevard"/>
    <tag k="name:etymology:wikidata" v="Q23"/>
    <tag k="old_ref" v="US 20 Business"/>
    <tag k="oneway" v="yes"/>
    <tag k="sidewalk:both" v="separate"/>
    <tag k="source:hgv" v="https://gis-idot.opendata.arcgis.com/datasets/IDOT::designated-truck-routes-state-jurisdiction-truck-route/explore?location=40.542466%2C-88.991188%2C14.60;https://www.gettingaroundillinois.com/MapViewer/?config=DTRconfig.json"/>
    <tag k="surface" v="asphalt"/>
  </way>
  <way id="1457225031">
    <nd ref="262247588"/>
    <nd ref="12912851307"/>
    <nd ref="10848320223"/>
    <nd ref="4620880995"/>
    <nd ref="7515614490"/>
    <nd ref="256613299"/>
    <tag k="cycleway:right" v="shared_lane"/>
    <tag k="highway" v="secondary"/>
    <tag k="lanes" v="3"/>
    <tag k="maxspeed" v="30 mph"/>
    <tag k="name" v="South Desplaines Street"/>
    <tag k="oneway" v="yes"/>
    <tag k="turn:lanes" v="|through|right"/>
  </way>
  <way id="1469211235">
    <nd ref="257381546"/>
    <nd ref="11887891061"/>
    <tag k="highway" v="secondary"/>
    <tag k="lanes" v="4"/>
    <tag k="name" v="West Monroe Street"/>
    <tag k="oneway" v="yes"/>
    <tag k="sidewalk:both" v="separate"/>
    <tag k="surface" v="asphalt"/>
  </way>
  <way id="1473714057">
    <nd ref="258955477"/>
    <nd ref="7515614317"/>
    <nd ref="5460357489"/>
    <nd ref="12307308172"/>
    <nd ref="5649916136"/>
    <nd ref="7520847014"/>
    <nd ref="261341045"/>
    <nd ref="7520847008"/>
    <nd ref="5492705646"/>
    <nd ref="7520847102"/>
    <nd ref="261239963"/>
    <tag k="highway" v="residential"/>
    <tag k="name" v="West Monroe Street"/>
    <tag k="sidewalk:both" v="separate"/>
    <tag k="surface" v="asphalt"/>
  </way>
  <way id="1473714058">
    <nd ref="261239963"/>
    <nd ref="7520847100"/>
    <nd ref="7631422141"/>
    <nd ref="2189211160"/>
    <nd ref="7515614394"/>
    <nd ref="261239964"/>
    <tag k="highway" v="tertiary"/>
    <tag k="loc_ref" v="1200 W"/>
    <tag k="name" v="South Racine Avenue"/>
    <tag k="name:etymology:wikidata" v="Q40340"/>
    <tag k="old_name" v="Center Avenue"/>
    <tag k="surface" v="asphalt"/>
    <tag k="wikidata" v="Q118964088"/>
    <tag k="wikipedia" v="en:Racine Avenue"/>
  </way>
  <way id="1473714059">
    <nd ref="261886293"/>
    <nd ref="12292976135"/>
    <nd ref="7512746497"/>
    <nd ref="261886237"/>
    <nd ref="7512746500"/>
    <nd ref="11158033143"/>
    <nd ref="261886238"/>
    <nd ref="11158033146"/>
    <nd ref="7515614309"/>
    <nd ref="261886239"/>
    <nd ref="7515614311"/>
    <nd ref="4608589380"/>
    <nd ref="7515614314"/>
    <nd ref="258955477"/>
    <tag k="highway" v="residential"/>
    <tag k="name" v="West Monroe Street"/>
    <tag k="sidewalk:both" v="separate"/>
    <tag k="surface" v="asphalt"/>
  </way>
  <way id="1476299378">
    <nd ref="13541842613"/>
    <nd ref="2203792363"/>
    <nd ref="2004538892"/>
    <nd ref="2203792380"/>
    <nd ref="2203792370"/>
    <tag k="highway" v="residential"/>
    <tag k="name" v="South Carpenter Street"/>
  </way>
  <way id="1476299379">
    <nd ref="13541842614"/>
    <nd ref="9503048885"/>
    <nd ref="256591258"/>
    <nd ref="9503048880"/>
    <nd ref="13541842613"/>
    <tag k="highway" v="residential"/>
    <tag k="name" v="South Carpenter Street"/>
  </way>
  <way id="1478421074">
    <nd ref="1308245884"/>
    <nd ref="13562941171"/>
    <nd ref="13562941170"/>
    <nd ref="13562941169"/>
    <tag k="bicycle" v="designated"/>
    <tag k="highway" v="tertiary"/>
    <tag k="lanes" v="2"/>
    <tag k="loc_ref" v="1200 W"/>
    <tag k="name" v="South Racine Avenue"/>
    <tag k="name:etymology:wikidata" v="Q40340"/>
    <tag k="old_name" v="Center Avenue"/>
    <tag k="oneway" v="yes"/>
    <tag k="sidewalk:both" v="separate"/>
    <tag k="uic_shuttle_route" v="yes"/>
    <tag k="wikidata" v="Q118964088"/>
    <tag k="wikipedia" v="en:Racine Avenue"/>
  </way>
  <way id="1478421075">
    <nd ref="13562941172"/>
    <nd ref="13562941173"/>
    <nd ref="13562941174"/>
    <nd ref="1308245884"/>
    <tag k="bicycle" v="designated"/>
    <tag k="highway" v="tertiary"/>
    <tag k="lanes" v="2"/>
    <tag k="loc_ref" v="1200 W"/>
    <tag k="name" v="South Racine Avenue"/>
    <tag k="name:etymology:wikidata" v="Q40340"/>
    <tag k="old_name" v="Center Avenue"/>
    <tag k="oneway" v="yes"/>
    <tag k="sidewalk:both" v="separate"/>
    <tag k="uic_shuttle_route" v="yes"/>
    <tag k="wikidata" v="Q118964088"/>
    <tag k="wikipedia" v="en:Racine Avenue"/>
  </way>
  <way id="1478421076">
    <nd ref="13562941175"/>
    <nd ref="13562941176"/>
    <nd ref="9503023154"/>
    <nd ref="13562941172"/>
    <tag k="bicycle" v="designated"/>
    <tag k="highway" v="tertiary"/>
    <tag k="lanes" v="3"/>
    <tag k="loc_ref" v="1200 W"/>
    <tag k="name" v="South Racine Avenue"/>
    <tag k="name:etymology:wikidata" v="Q40340"/>
    <tag k="old_name" v="Center Avenue"/>
    <tag k="oneway" v="yes"/>
    <tag k="sidewalk:both" v="separate"/>
    <tag k="turn:lanes:forward" v="left||"/>
    <tag k="uic_shuttle_route" v="yes"/>
    <tag k="wikidata" v="Q118964088"/>
    <tag k="wikipedia" v="en:Racine Avenue"/>
  </way>
  <way id="1478421077">
    <nd ref="13562941169"/>
    <nd ref="13562941178"/>
    <nd ref="13562941177"/>
    <tag k="bicycle" v="designated"/>
    <tag k="highway" v="tertiary"/>
    <tag k="lanes" v="3"/>
    <tag k="loc_ref" v="1200 W"/>
    <tag k="name" v="South Racine Avenue"/>
    <tag k="name:etymology:wikidata" v="Q40340"/>
    <tag k="old_name" v="Center Avenue"/>
    <tag k="oneway" v="yes"/>
    <tag k="sidewalk:both" v="separate"/>
    <tag k="turn:lanes:backward" v="left|"/>
    <tag k="uic_shuttle_route" v="yes"/>
    <tag k="wikidata" v="Q118964088"/>
    <tag k="wikipedia" v="en:Racine Avenue"/>
  </way>
  <way id="1478421078">
    <nd ref="13562941177"/>
    <nd ref="13562941181"/>
    <nd ref="13562941179"/>
    <tag k="bicycle" v="designated"/>
    <tag k="highway" v="tertiary"/>
    <tag k="lanes" v="3"/>
    <tag k="loc_ref" v="1200 W"/>
    <tag k="name" v="South Racine Avenue"/>
    <tag k="name:etymology:wikidata" v="Q40340"/>
    <tag k="old_name" v="Center Avenue"/>
    <tag k="oneway" v="yes"/>
    <tag k="sidewalk:both" v="separate"/>
    <tag k="uic_shuttle_route" v="yes"/>
    <tag k="wikidata" v="Q118964088"/>
    <tag k="wikipedia" v="en:Racine Avenue"/>
  </way>
  <way id="1478421079">
    <nd ref="1324316155"/>
    <nd ref="1324316157"/>
    <tag k="bicycle" v="designated"/>
    <tag k="highway" v="tertiary"/>
    <tag k="lanes" v="2"/>
    <tag k="loc_ref" v="1200 W"/>
    <tag k="name" v="South Racine Avenue"/>
    <tag k="name:etymology:wikidata" v="Q40340"/>
    <tag k="old_name" v="Center Avenue"/>
    <tag k="oneway" v="yes"/>
    <tag k="uic_shuttle_route" v="yes"/>
    <tag k="wikidata" v="Q118964088"/>
    <tag k="wikipedia" v="en:Racine Avenue"/>
  </way>
  <way id="1490391996">
    <nd ref="704745832"/>
    <nd ref="13659986869"/>
    <nd ref="13659986871"/>
    <nd ref="13659986870"/>
    <tag k="bicycle" v="use_sidepath"/>
    <tag k="highway" v="secondary_link"/>
    <tag k="oneway" v="yes"/>
  </way>
  <way id="1490397813">
    <nd ref="13660148587"/>
    <nd ref="5881675783"/>
    <nd ref="6131657473"/>
    <nd ref="1619646534"/>
    <tag k="bicycle" v="use_sidepath"/>
    <tag k="cycleway:right" v="separate"/>
    <tag k="cycleway:right:buffer" v="yes"/>
    <tag k="highway" v="secondary"/>
    <tag k="lanes" v="3"/>
    <tag k="loc_ref" v="800 W"/>
    <tag k="name" v="South Halsted Street"/>
    <tag k="name:etymology:wikidata" v="Q119522049"/>
    <tag k="name:zh" v="豪斯特路"/>
    <tag k="oneway" v="yes"/>
    <tag k="sidewalk:left" v="no"/>
    <tag k="sidewalk:right" v="separate"/>
    <tag k="surface" v="asphalt"/>
    <tag k="turn:lanes" v="left||"/>
    <tag k="wikidata" v="Q5643579"/>
    <tag k="wikipedia" v="en:Halsted Street"/>
  </way>
  <way id="1498651115">
    <nd ref="312587599"/>
    <nd ref="410791907"/>
    <nd ref="9685786439"/>
    <nd ref="9747430794"/>
    <nd ref="4035514306"/>
    <nd ref="4035514313"/>
    <nd ref="4035514308"/>
    <nd ref="9685752014"/>
    <nd ref="261143288"/>
    <nd ref="9685786423"/>
    <nd ref="7071429835"/>
    <nd ref="5492705651"/>
    <nd ref="4063814455"/>
    <nd ref="13961312515"/>
    <nd ref="7071429843"/>
    <nd ref="2292112910"/>
    <nd ref="9309565704"/>
    <nd ref="5970344129"/>
    <tag k="highway" v="residential"/>
    <tag k="name" v="North Elizabeth Street"/>
    <tag k="sidewalk:both" v="separate"/>
    <tag k="surface" v="asphalt"/>
    <tag k="tiger:cfcc" v="A41"/>
    <tag k="tiger:county" v="Cook, IL"/>
    <tag k="tiger:name_base" v="Elizabeth"/>
    <tag k="tiger:name_direction_prefix" v="N"/>
    <tag k="tiger:name_type" v="St"/>
    <tag k="tiger:reviewed" v="no"/>
    <tag k="tiger:zip_left" v="60607"/>
    <tag k="tiger:zip_right" v="60607"/>
  </way>
  <way id="1499459791">
    <nd ref="258956095"/>
    <nd ref="13731017999"/>
    <nd ref="9708109233"/>
    <nd ref="13731359110"/>
    <nd ref="9768224788"/>
    <nd ref="288070403"/>
    <tag k="cycleway" v="lane"/>
    <tag k="cycleway:both" v="lane"/>
    <tag k="cycleway:both:buffer" v="no"/>
    <tag k="cycleway:buffer" v="no"/>
    <tag k="highway" v="secondary"/>
    <tag k="name" v="West Lake Street"/>
    <tag k="name:etymology:wikidata" v="Q1169"/>
    <tag k="parking:both" v="lane"/>
    <tag k="sidewalk:both" v="separate"/>
    <tag k="surface" v="asphalt"/>
    <tag k="wikidata" v="Q3216465"/>
    <tag k="wikipedia" v="en:Lake Street (Chicago)"/>
  </way>
  <way id="1499459792">
    <nd ref="1657357352"/>
    <nd ref="9768224667"/>
    <nd ref="258956095"/>
    <tag k="cycleway:both" v="no"/>
    <tag k="highway" v="residential"/>
    <tag k="name" v="North Morgan Street"/>
    <tag k="sidewalk:both" v="separate"/>
    <tag k="surface" v="asphalt"/>
  </way>
  <way id="1499459794">
    <nd ref="4100010429"/>
    <nd ref="11495856979"/>
    <nd ref="9115265413"/>
    <nd ref="258955473"/>
    <tag k="cycleway:both" v="no"/>
    <tag k="highway" v="tertiary"/>
    <tag k="name" v="North Morgan Street"/>
    <tag k="sidewalk:both" v="separate"/>
    <tag k="surface" v="asphalt"/>
  </way>
  <way id="1499989854">
    <nd ref="13735345593"/>
    <nd ref="6366358666"/>
    <tag k="bridge" v="yes"/>
    <tag k="cycleway:left" v="lane"/>
    <tag k="cycleway:left:buffer" v="yes"/>
    <tag k="cycleway:left:lane" v="exclusive"/>
    <tag k="cycleway:right" v="share_busway"/>
    <tag k="highway" v="secondary"/>
    <tag k="lanes" v="2"/>
    <tag k="layer" v="1"/>
    <tag k="loc_ref" v="800 W"/>
    <tag k="name" v="South Halsted Street"/>
    <tag k="name:etymology:wikidata" v="Q119522049"/>
    <tag k="name:zh" v="豪斯特路"/>
    <tag k="sidewalk" v="separate"/>
    <tag k="wikidata" v="Q5643579"/>
    <tag k="wikipedia" v="en:Halsted Street"/>
  </way>
  <way id="1499989855">
    <nd ref="13735345594"/>
    <nd ref="5881675886"/>
    <nd ref="9878323695"/>
    <nd ref="5881675885"/>
    <nd ref="13735345593"/>
    <tag k="bridge" v="yes"/>
    <tag k="cycleway:both" v="share_busway"/>
    <tag k="highway" v="secondary"/>
    <tag k="lanes" v="2"/>
    <tag k="layer" v="1"/>
    <tag k="loc_ref" v="800 W"/>
    <tag k="name" v="South Halsted Street"/>
    <tag k="name:etymology:wikidata" v="Q119522049"/>
    <tag k="name:zh" v="豪斯特路"/>
    <tag k="sidewalk" v="separate"/>
    <tag k="wikidata" v="Q5643579"/>
    <tag k="wikipedia" v="en:Halsted Street"/>
  </way>
  <way id="1499989856">
    <nd ref="13735345595"/>
    <nd ref="1308175650"/>
    <nd ref="11943616295"/>
    <nd ref="1324291790"/>
    <tag k="cycleway:left" v="no"/>
    <tag k="cycleway:right" v="lane"/>
    <tag k="cycleway:right:lane" v="exclusive"/>
    <tag k="highway" v="secondary"/>
    <tag k="lanes" v="3"/>
    <tag k="loc_ref" v="800 W"/>
    <tag k="name" v="South Halsted Street"/>
    <tag k="name:etymology:wikidata" v="Q119522049"/>
    <tag k="name:zh" v="豪斯特路"/>
    <tag k="oneway" v="yes"/>
    <tag k="sidewalk:left" v="no"/>
    <tag k="sidewalk:right" v="separate"/>
    <tag k="surface" v="asphalt"/>
    <tag k="turn:lanes" v="left||"/>
    <tag k="wikidata" v="Q5643579"/>
    <tag k="wikipedia" v="en:Halsted Street"/>
  </way>
  <way id="1499989857">
    <nd ref="1619646535"/>
    <nd ref="6131658787"/>
    <nd ref="13735345596"/>
    <tag k="cycleway:right" v="lane"/>
    <tag k="highway" v="secondary"/>
    <tag k="lanes" v="2"/>
    <tag k="loc_ref" v="800 W"/>
    <tag k="name" v="South Halsted Street"/>
    <tag k="name:etymology:wikidata" v="Q119522049"/>
    <tag k="name:zh" v="豪斯特路"/>
    <tag k="oneway" v="yes"/>
    <tag k="sidewalk:left" v="no"/>
    <tag k="sidewalk:right" v="separate"/>
    <tag k="surface" v="asphalt"/>
    <tag k="wikidata" v="Q5643579"/>
    <tag k="wikipedia" v="en:Halsted Street"/>
  </way>
  <way id="1499989858">
    <nd ref="13735345597"/>
    <nd ref="5881675782"/>
    <nd ref="6131657479"/>
    <nd ref="1619646529"/>
    <tag k="cycleway:left" v="no"/>
    <tag k="cycleway:right" v="shared_lane"/>
    <tag k="highway" v="secondary"/>
    <tag k="lanes" v="2"/>
    <tag k="loc_ref" v="800 W"/>
    <tag k="name" v="South Halsted Street"/>
    <tag k="name:etymology:wikidata" v="Q119522049"/>
    <tag k="name:zh" v="豪斯特路"/>
    <tag k="oneway" v="yes"/>
    <tag k="sidewalk:left" v="no"/>
    <tag k="sidewalk:right" v="separate"/>
    <tag k="surface" v="asphalt"/>
    <tag k="wikidata" v="Q5643579"/>
    <tag k="wikipedia" v="en:Halsted Street"/>
  </way>
  <way id="1499989859">
    <nd ref="1324295738"/>
    <nd ref="4226924451"/>
    <nd ref="1308165704"/>
    <nd ref="5881761338"/>
    <nd ref="13735345598"/>
    <tag k="cycleway:left" v="no"/>
    <tag k="cycleway:right" v="shared_lane"/>
    <tag k="highway" v="secondary"/>
    <tag k="lanes" v="2"/>
    <tag k="loc_ref" v="800 W"/>
    <tag k="name" v="South Halsted Street"/>
    <tag k="name:etymology:wikidata" v="Q119522049"/>
    <tag k="name:zh" v="豪斯特路"/>
    <tag k="oneway" v="yes"/>
    <tag k="sidewalk:left" v="no"/>
    <tag k="sidewalk:right" v="separate"/>
    <tag k="surface" v="asphalt"/>
    <tag k="wikidata" v="Q5643579"/>
    <tag k="wikipedia" v="en:Halsted Street"/>
  </way>
  <way id="1499989860">
    <nd ref="4336249431"/>
    <nd ref="1308165700"/>
    <tag k="bicycle" v="use_sidepath"/>
    <tag k="cycleway:right" v="separate"/>
    <tag k="highway" v="secondary"/>
    <tag k="lanes" v="3"/>
    <tag k="loc_ref" v="800 W"/>
    <tag k="name" v="South Halsted Street"/>
    <tag k="name:etymology:wikidata" v="Q119522049"/>
    <tag k="name:zh" v="豪斯特路"/>
    <tag k="oneway" v="yes"/>
    <tag k="sidewalk:left" v="no"/>
    <tag k="sidewalk:right" v="separate"/>
    <tag k="surface" v="asphalt"/>
    <tag k="turn:lanes" v="left||"/>
    <tag k="wikidata" v="Q5643579"/>
    <tag k="wikipedia" v="en:Halsted Street"/>
  </way>
  <way id="1504713109">
    <nd ref="13768625209"/>
    <nd ref="13768625207"/>
    <nd ref="13768625208"/>
    <tag k="bridge" v="yes"/>
    <tag k="destination" v="Washington Boulevard East"/>
    <tag k="destination:loc_ref" v="100 North"/>
    <tag k="hgv" v="designated"/>
    <tag k="highway" v="motorway_link"/>
    <tag k="junction:ref" v="51C"/>
    <tag k="lanes" v="1"/>
    <tag k="layer" v="1"/>
    <tag k="oneway" v="yes"/>
    <tag k="source:hgv" v="https://gis-idot.opendata.arcgis.com/datasets/IDOT::designated-truck-routes-state-jurisdiction-truck-route/explore?location=40.542466%2C-88.991188%2C14.60;https://www.gettingaroundillinois.com/MapViewer/?config=DTRconfig.json"/>
    <tag k="surface" v="asphalt"/>
    <tag k="turn:lanes" v="left"/>
  </way>
  <way id="1521783248">
    <nd ref="13878224270"/>
    <nd ref="13878224271"/>
    <tag k="highway" v="tertiary"/>
    <tag k="lanes" v="2"/>
    <tag k="loc_ref" v="400 S"/>
    <tag k="name" v="West Van Buren Street"/>
    <tag k="name:etymology:wikidata" v="Q11820"/>
    <tag k="oneway" v="yes"/>
    <tag k="wikidata" v="Q115806095"/>
    <tag k="wikipedia" v="en:Van Buren Street"/>
  </way>
  <way id="1521783249">
    <nd ref="256633656"/>
    <nd ref="13878224270"/>
    <tag k="bus_bay" v="right"/>
    <tag k="highway" v="tertiary"/>
    <tag k="lanes" v="2"/>
    <tag k="loc_ref" v="400 S"/>
    <tag k="name" v="West Van Buren Street"/>
    <tag k="name:etymology:wikidata" v="Q11820"/>
    <tag k="oneway" v="yes"/>
    <tag k="wikidata" v="Q115806095"/>
    <tag k="wikipedia" v="en:Van Buren Street"/>
  </way>

</osm>
