<?xml version="1.0" encoding="UTF-8"?>
<osm version="0.6" generator="Overpass API 0.7.62.11 87bfad18">
<note>The data included in this document is from www.openstreetmap.org. The data is made available under ODbL.</note>
<meta osm_base="2026-08-06T22:50:21Z"/>

  <node id="172517" lat="50.0812021" lon="14.4061266"/>
  <node id="247745" lat="50.0794986" lon="14.4226190">
    <tag k="crossing" v="uncontrolled"/>
    <tag k="crossing:island" v="no"/>
    <tag k="crossing:markings" v="zebra"/>
    <tag k="crossing_ref" v="zebra"/>
    <tag k="highway" v="crossing"/>
    <tag k="source" v="Bing,cuzk"/>
    <tag k="tactile_paving" v="no"/>
  </node>
  <node id="247749" lat="50.0860597" lon="14.4143866">
    <tag k="button_operated" v="yes"/>
    <tag k="crossing" v="traffic_signals"/>
    <tag k="highway" v="traffic_signals"/>
    <tag k="tactile_paving" v="no"/>
    <tag k="traffic_signals" v="pedestrian_crossing"/>
    <tag k="traffic_signals:sound" v="yes"/>
    <tag k="traffic_signals:vibration" v="yes"/>
  </node>
  <node id="247751" lat="50.0887026" lon="14.4155853"/>
  <node id="247753" lat="50.0926458" lon="14.4092517">
    <tag k="ele" v="200"/>
  </node>
  <node id="247754" lat="50.0929838" lon="14.4062947">
    <tag k="ele" v="210"/>
  </node>
  <node id="247755" lat="50.0930594" lon="14.4063975">
    <tag k="ele" v="211"/>
  </node>
  <node id="247756" lat="50.0935833" lon="14.4093705">
    <tag k="ele" v="217"/>
  </node>
  <node id="247759" lat="50.0949718" lon="14.4087530"/>
  <node id="247776" lat="50.0932460" lon="14.4269853"/>
  <node id="8810022" lat="50.0932770" lon="14.4282718"/>
  <node id="8810024" lat="50.0930637" lon="14.4231551"/>
  <node id="8810025" lat="50.0927539" lon="14.4200118"/>
  <node id="8810026" lat="50.0925954" lon="14.4191657"/>
  <node id="8810027" lat="50.0918953" lon="14.4169910"/>
  <node id="8810028" lat="50.0913178" lon="14.4159648"/>
  <node id="8810384" lat="50.0908965" lon="14.4168141"/>
  <node id="8810385" lat="50.0910538" lon="14.4170274"/>
  <node id="8810386" lat="50.0907247" lon="14.4176274"/>
  <node id="8810388" lat="50.0905351" lon="14.4181809"/>
  <node id="8810390" lat="50.0907149" lon="14.4185544"/>
  <node id="8810393" lat="50.0889262" lon="14.4197064"/>
  <node id="8810394" lat="50.0887292" lon="14.4198307"/>
  <node id="8810395" lat="50.0891508" lon="14.4203165"/>
  <node id="8810397" lat="50.0894314" lon="14.4210507"/>
  <node id="8810398" lat="50.0891763" lon="14.4213428"/>
  <node id="8810399" lat="50.0888736" lon="14.4205773"/>
  <node id="8810401" lat="50.0888180" lon="14.4218779"/>
  <node id="8810402" lat="50.0892560" lon="14.4222921"/>
  <node id="8810404" lat="50.0893523" lon="14.4227787"/>
  <node id="8810405" lat="50.0893831" lon="14.4237295"/>
  <node id="8810406" lat="50.0892408" lon="14.4239635"/>
  <node id="8810408" lat="50.0894836" lon="14.4247379"/>
  <node id="8810409" lat="50.0898346" lon="14.4258950"/>
  <node id="8810410" lat="50.0899506" lon="14.4258902"/>
  <node id="8810412" lat="50.0905674" lon="14.4257623"/>
  <node id="8810413" lat="50.0907144" lon="14.4271667"/>
  <node id="8810417" lat="50.0926997" lon="14.4283924"/>
  <node id="8810419" lat="50.0907038" lon="14.4152354"/>
  <node id="8810420" lat="50.0905456" lon="14.4151396"/>
  <node id="8810423" lat="50.0902799" lon="14.4162523"/>
  <node id="8810426" lat="50.0849991" lon="14.4137756"/>
  <node id="8810430" lat="50.0813953" lon="14.4130136"/>
  <node id="8810431" lat="50.0807134" lon="14.4132701"/>
  <node id="8810433" lat="50.0797588" lon="14.4139623"/>
  <node id="9187801" lat="50.0878675" lon="14.4203886">
    <tag k="crossing" v="uncontrolled"/>
    <tag k="crossing:island" v="no"/>
    <tag k="crossing:markings" v="zebra"/>
    <tag k="highway" v="crossing"/>
    <tag k="tactile_paving" v="no"/>
  </node>
  <node id="9187809" lat="50.0883909" lon="14.4187057"/>
  <node id="9187811" lat="50.0890928" lon="14.4169208"/>
  <node id="9187812" lat="50.0884568" lon="14.4166398"/>
  <node id="10703811" lat="50.0804255" lon="14.4139330"/>
  <node id="10703812" lat="50.0828826" lon="14.4139458"/>
  <node id="10703813" lat="50.0834231" lon="14.4137669"/>
  <node id="10703814" lat="50.0834629" lon="14.4132684"/>
  <node id="21257784" lat="50.0909478" lon="14.4097911">
    <tag k="crossing" v="uncontrolled"/>
    <tag k="crossing:island" v="no"/>
    <tag k="crossing:markings" v="zebra"/>
    <tag k="crossing_ref" v="zebra"/>
    <tag k="highway" v="crossing"/>
    <tag k="tactile_paving" v="no"/>
  </node>
  <node id="21257791" lat="50.0909885" lon="14.4100569">
    <tag k="crossing" v="uncontrolled"/>
    <tag k="crossing:island" v="no"/>
    <tag k="crossing:markings" v="zebra"/>
    <tag k="crossing_ref" v="zebra"/>
    <tag k="highway" v="crossing"/>
    <tag k="tactile_paving" v="no"/>
  </node>
  <node id="21257795" lat="50.0914158" lon="14.4102539"/>
  <node id="21257798" lat="50.0921684" lon="14.4113417"/>
  <node id="21257800" lat="50.0927522" lon="14.4123179"/>
  <node id="21257803" lat="50.0931580" lon="14.4135270"/>
  <node id="21257805" lat="50.0934624" lon="14.4149446"/>
  <node id="21257811" lat="50.0940780" lon="14.4175340">
    <tag k="name" v="Čechův most"/>
    <tag k="name:cs" v="Čechův most"/>
    <tag k="public_transport" v="stop_position"/>
    <tag k="railway" v="tram_stop"/>
    <tag k="ref:PID" v="U68Z2P"/>
    <tag k="tram" v="yes"/>
  </node>
  <node id="21257822" lat="50.0951793" lon="14.4243381"/>
  <node id="21257824" lat="50.0954292" lon="14.4269889">
    <tag k="button_operated" v="yes"/>
    <tag k="crossing" v="traffic_signals"/>
    <tag k="crossing:island" v="no"/>
    <tag k="crossing:markings" v="zebra"/>
    <tag k="highway" v="crossing"/>
    <tag k="source" v="Bing;cuzk"/>
    <tag k="tactile_paving" v="yes"/>
    <tag k="traffic_signals:sound" v="yes"/>
    <tag k="traffic_signals:vibration" v="yes"/>
  </node>
  <node id="21257826" lat="50.0958045" lon="14.4290089"/>
  <node id="21257828" lat="50.0958889" lon="14.4298093"/>
  <node id="21266458" lat="50.0923258" lon="14.4094283">
    <tag k="crossing" v="zebra"/>
    <tag k="highway" v="crossing"/>
    <tag k="source" v="bing:ortofoto"/>
    <tag k="tactile_paving" v="no"/>
  </node>
  <node id="21266462" lat="50.0959561" lon="14.4265615">
    <tag k="created_by" v="JOSM"/>
  </node>
  <node id="21266463" lat="50.0946697" lon="14.4094715"/>
  <node id="21266464" lat="50.0945190" lon="14.4095614">
    <tag k="ele" v="225"/>
  </node>
  <node id="21266465" lat="50.0890742" lon="14.4145426"/>
  <node id="21266467" lat="50.0898111" lon="14.4112760"/>
  <node id="21266471" lat="50.0872530" lon="14.4150563"/>
  <node id="21266473" lat="50.0879073" lon="14.4142088">
    <tag k="created_by" v="JOSM"/>
  </node>
  <node id="21266474" lat="50.0879830" lon="14.4141786"/>
  <node id="21266479" lat="50.0861242" lon="14.4162653"/>
  <node id="21266481" lat="50.0860041" lon="14.4171828"/>
  <node id="21266482" lat="50.0861465" lon="14.4179517"/>
  <node id="21672748" lat="50.0828216" lon="14.4221604"/>
  <node id="21672750" lat="50.0813649" lon="14.4272491">
    <tag k="crossing" v="uncontrolled"/>
    <tag k="crossing_ref" v="zebra"/>
    <tag k="highway" v="crossing"/>
  </node>
  <node id="21672754" lat="50.0817427" lon="14.4272089">
    <tag k="check_date:crossing" v="2023-08-21"/>
    <tag k="crossing" v="uncontrolled"/>
    <tag k="crossing_ref" v="zebra"/>
    <tag k="highway" v="crossing"/>
    <tag k="tactile_paving" v="yes"/>
  </node>
  <node id="21672755" lat="50.0837576" lon="14.4281031"/>
  <node id="21672756" lat="50.0825960" lon="14.4296627">
    <tag k="created_by" v="JOSM"/>
  </node>
  <node id="21672757" lat="50.0855688" lon="14.4256830"/>
  <node id="21672758" lat="50.0860886" lon="14.4265419"/>
  <node id="21672768" lat="50.0892089" lon="14.4282057"/>
  <node id="21679634" lat="50.0964793" lon="14.4259456">
    <tag k="created_by" v="JOSM"/>
  </node>
  <node id="21679637" lat="50.0970817" lon="14.4239044">
    <tag k="created_by" v="JOSM"/>
  </node>
  <node id="21679639" lat="50.0973014" lon="14.4233465">
    <tag k="created_by" v="JOSM"/>
  </node>
  <node id="21679642" lat="50.0975629" lon="14.4229287"/>
  <node id="21679645" lat="50.0981399" lon="14.4225460"/>
  <node id="21711391" lat="50.0900177" lon="14.4100291">
    <tag k="railway" v="tram_level_crossing"/>
  </node>
  <node id="21711398" lat="50.0900268" lon="14.4080054">
    <tag k="crossing" v="uncontrolled"/>
    <tag k="crossing_ref" v="zebra"/>
    <tag k="highway" v="crossing"/>
    <tag k="source" v="bing:ortofoto"/>
    <tag k="tactile_paving" v="no"/>
  </node>
  <node id="21711408" lat="50.0887304" lon="14.4065852"/>
  <node id="21711417" lat="50.0843188" lon="14.4043473"/>
  <node id="21711419" lat="50.0819627" lon="14.4044834"/>
  <node id="21713462" lat="50.0916000" lon="14.4097299"/>
  <node id="21713463" lat="50.0915755" lon="14.4093815">
    <tag k="created_by" v="JOSM"/>
  </node>
  <node id="21713464" lat="50.0905662" lon="14.4072262"/>
  <node id="21713465" lat="50.0904923" lon="14.4067790"/>
  <node id="21713466" lat="50.0905175" lon="14.4060349"/>
  <node id="21713468" lat="50.0897723" lon="14.4049078"/>
  <node id="21713480" lat="50.0899842" lon="14.4103764">
    <tag k="railway" v="tram_level_crossing"/>
  </node>
  <node id="21713481" lat="50.0949915" lon="14.4239236"/>
  <node id="21713482" lat="50.0952283" lon="14.4242771"/>
  <node id="21713483" lat="50.0953172" lon="14.4248569"/>
  <node id="21713484" lat="50.0953331" lon="14.4258258"/>
  <node id="21713486" lat="50.0955584" lon="14.4269332">
    <tag k="button_operated" v="yes"/>
    <tag k="crossing" v="traffic_signals"/>
    <tag k="crossing:island" v="no"/>
    <tag k="crossing:markings" v="zebra"/>
    <tag k="highway" v="crossing"/>
    <tag k="source" v="Bing;cuzk"/>
    <tag k="tactile_paving" v="yes"/>
    <tag k="traffic_signals:sound" v="yes"/>
    <tag k="traffic_signals:vibration" v="no"/>
  </node>
  <node id="21713487" lat="50.0958400" lon="14.4285295"/>
  <node id="21713488" lat="50.0959228" lon="14.4291365"/>
  <node id="21713489" lat="50.0961963" lon="14.4308063"/>
  <node id="25655051" lat="50.0871917" lon="14.4257450"/>
  <node id="25655054" lat="50.0872214" lon="14.4262495"/>
  <node id="25655055" lat="50.0877939" lon="14.4264077">
    <tag k="crossing" v="unmarked"/>
    <tag k="crossing:markings" v="no"/>
    <tag k="highway" v="crossing"/>
    <tag k="tactile_paving" v="yes"/>
  </node>
  <node id="25655056" lat="50.0879355" lon="14.4269864"/>
  <node id="25655057" lat="50.0880612" lon="14.4268932"/>
  <node id="25655071" lat="50.0872811" lon="14.4272404"/>
  <node id="25655075" lat="50.0874885" lon="14.4274294"/>
  <node id="25655129" lat="50.0871967" lon="14.4289121"/>
  <node id="25655137" lat="50.0856717" lon="14.4293501"/>
  <node id="25655138" lat="50.0853190" lon="14.4297808"/>
  <node id="25655139" lat="50.0858462" lon="14.4303464"/>
  <node id="25655215" lat="50.0819369" lon="14.4306703"/>
  <node id="25655262" lat="50.0843593" lon="14.4289553"/>
  <node id="25655266" lat="50.0837233" lon="14.4302471"/>
  <node id="25655268" lat="50.0832974" lon="14.4308409"/>
  <node id="25655275" lat="50.0841511" lon="14.4296613"/>
  <node id="25655302" lat="50.0812504" lon="14.4224334"/>
  <node id="25655303" lat="50.0806897" lon="14.4241459">
    <tag k="source" v="Bing,cuzk"/>
  </node>
  <node id="25655304" lat="50.0805172" lon="14.4239276">
    <tag k="source" v="Bing,cuzk"/>
  </node>
  <node id="25655305" lat="50.0797235" lon="14.4259181"/>
  <node id="25655306" lat="50.0800819" lon="14.4261110"/>
  <node id="25656546" lat="50.0804231" lon="14.4285591">
    <tag k="check_date:crossing" v="2023-08-21"/>
    <tag k="crossing" v="uncontrolled"/>
    <tag k="crossing_ref" v="zebra"/>
    <tag k="highway" v="crossing"/>
    <tag k="tactile_paving" v="no"/>
  </node>
  <node id="25656547" lat="50.0805748" lon="14.4288107">
    <tag k="check_date:crossing" v="2023-08-21"/>
    <tag k="crossing" v="uncontrolled"/>
    <tag k="crossing_ref" v="zebra"/>
    <tag k="highway" v="crossing"/>
    <tag k="tactile_paving" v="no"/>
  </node>
  <node id="25656548" lat="50.0801675" lon="14.4289118"/>
  <node id="25656550" lat="50.0798022" lon="14.4275626"/>
  <node id="25656551" lat="50.0795801" lon="14.4273705"/>
  <node id="25656628" lat="50.0802975" lon="14.4152667"/>
  <node id="25656630" lat="50.0806308" lon="14.4167934"/>
  <node id="25656632" lat="50.0802408" lon="14.4169264"/>
  <node id="25656634" lat="50.0800623" lon="14.4162769"/>
  <node id="25656635" lat="50.0798075" lon="14.4154122">
    <tag k="crossing" v="informal"/>
  </node>
  <node id="25656638" lat="50.0793399" lon="14.4168075"/>
  <node id="25656646" lat="50.0803308" lon="14.4182174"/>
  <node id="25656648" lat="50.0807088" lon="14.4180098"/>
  <node id="25656653" lat="50.0808154" lon="14.4184025"/>
  <node id="25656664" lat="50.0798455" lon="14.4197086"/>
  <node id="25656667" lat="50.0791321" lon="14.4210535"/>
  <node id="25656959" lat="50.0841899" lon="14.4202174"/>
  <node id="25657014" lat="50.0839072" lon="14.4207003"/>
  <node id="25657071" lat="50.0835987" lon="14.4201512"/>
  <node id="25657120" lat="50.0839308" lon="14.4184496"/>
  <node id="25657174" lat="50.0834879" lon="14.4184665"/>
  <node id="25657219" lat="50.0832477" lon="14.4186579"/>
  <node id="25657261" lat="50.0829199" lon="14.4189055"/>
  <node id="25657274" lat="50.0823769" lon="14.4191442"/>
  <node id="25657278" lat="50.0811285" lon="14.4196619"/>
  <node id="25657286" lat="50.0807730" lon="14.4197858"/>
  <node id="25657298" lat="50.0801977" lon="14.4198161"/>
  <node id="25657313" lat="50.0812075" lon="14.4203394"/>
  <node id="25657361" lat="50.0817611" lon="14.4212004"/>
  <node id="25657375" lat="50.0818520" lon="14.4207806"/>
  <node id="25657382" lat="50.0819612" lon="14.4176325"/>
  <node id="25657389" lat="50.0816295" lon="14.4163814"/>
  <node id="25657786" lat="50.0827887" lon="14.4211624"/>
  <node id="25657933" lat="50.0835472" lon="14.4144029"/>
  <node id="25657935" lat="50.0842426" lon="14.4165228"/>
  <node id="25657937" lat="50.0840261" lon="14.4174916"/>
  <node id="25657939" lat="50.0841749" lon="14.4178027"/>
  <node id="25657942" lat="50.0841507" lon="14.4181910">
    <tag k="crossing" v="uncontrolled"/>
    <tag k="crossing:island" v="no"/>
    <tag k="crossing:markings" v="zebra;yes"/>
    <tag k="highway" v="crossing"/>
    <tag k="tactile_paving" v="no"/>
  </node>
  <node id="25657949" lat="50.0836217" lon="14.4170995"/>
  <node id="25657954" lat="50.0832356" lon="14.4156866"/>
  <node id="25657956" lat="50.0829075" lon="14.4145503"/>
  <node id="25658226" lat="50.0817098" lon="14.4224153"/>
  <node id="25658227" lat="50.0824175" lon="14.4223096"/>
  <node id="25658228" lat="50.0848118" lon="14.4220819"/>
  <node id="25658229" lat="50.0851940" lon="14.4214671"/>
  <node id="25658248" lat="50.0815694" lon="14.4194827"/>
  <node id="25658261" lat="50.0834076" lon="14.4214001"/>
  <node id="25658450" lat="50.0804237" lon="14.4211168"/>
  <node id="25658455" lat="50.0821075" lon="14.4138462"/>
  <node id="25658457" lat="50.0821456" lon="14.4149581"/>
  <node id="25658459" lat="50.0820776" lon="14.4154811"/>
  <node id="25658462" lat="50.0821800" lon="14.4157919"/>
  <node id="25658464" lat="50.0824158" lon="14.4160628"/>
  <node id="25658465" lat="50.0826205" lon="14.4165990"/>
  <node id="25658468" lat="50.0828406" lon="14.4172840"/>
  <node id="25658473" lat="50.0843767" lon="14.4156554"/>
  <node id="25658475" lat="50.0844745" lon="14.4140356"/>
  <node id="25658605" lat="50.0848676" lon="14.4138355">
    <tag k="crossing" v="unmarked"/>
    <tag k="crossing:island" v="no"/>
    <tag k="crossing:markings" v="no"/>
    <tag k="highway" v="crossing"/>
    <tag k="kerb" v="lowered"/>
    <tag k="tactile_paving" v="no"/>
  </node>
  <node id="25658606" lat="50.0851224" lon="14.4145668"/>
  <node id="25658608" lat="50.0853893" lon="14.4149143"/>
  <node id="25658609" lat="50.0853270" lon="14.4145322"/>
  <node id="25658610" lat="50.0848964" lon="14.4165321"/>
  <node id="25658611" lat="50.0853246" lon="14.4163674"/>
  <node id="25658612" lat="50.0854314" lon="14.4156564"/>
  <node id="25658613" lat="50.0847087" lon="14.4182351"/>
  <node id="25658614" lat="50.0848946" lon="14.4182499"/>
  <node id="25658615" lat="50.0854955" lon="14.4182849"/>
  <node id="25658616" lat="50.0843852" lon="14.4188251"/>
  <node id="25658617" lat="50.0848155" lon="14.4189151"/>
  <node id="25658619" lat="50.0843570" lon="14.4200041"/>
  <node id="25658620" lat="50.0847870" lon="14.4199313"/>
  <node id="25658872" lat="50.0866938" lon="14.4171114"/>
  <node id="25658886" lat="50.0862606" lon="14.4170555"/>
  <node id="25658897" lat="50.0861163" lon="14.4168563"/>
  <node id="25658911" lat="50.0867681" lon="14.4173801"/>
  <node id="25658927" lat="50.0872577" lon="14.4172707"/>
  <node id="25658941" lat="50.0873214" lon="14.4176426"/>
  <node id="25658960" lat="50.0868667" lon="14.4177964"/>
  <node id="25658970" lat="50.0871076" lon="14.4192195"/>
  <node id="25658993" lat="50.0860185" lon="14.4180574"/>
  <node id="25658998" lat="50.0855874" lon="14.4184728"/>
  <node id="25659012" lat="50.0873777" lon="14.4179284"/>
  <node id="25659741" lat="50.0884289" lon="14.4215578"/>
  <node id="25659742" lat="50.0885511" lon="14.4216413"/>
  <node id="25659743" lat="50.0887006" lon="14.4217688"/>
  <node id="25659744" lat="50.0898260" lon="14.4208565"/>
  <node id="25659745" lat="50.0899706" lon="14.4207329"/>
  <node id="25659746" lat="50.0900584" lon="14.4209597"/>
  <node id="25659747" lat="50.0898966" lon="14.4210365"/>
  <node id="25659748" lat="50.0894486" lon="14.4193621"/>
  <node id="25659749" lat="50.0886675" lon="14.4184904"/>
  <node id="25659750" lat="50.0892014" lon="14.4183972"/>
  <node id="25659755" lat="50.0890115" lon="14.4176610"/>
  <node id="25659818" lat="50.0899696" lon="14.4183567"/>
  <node id="25660079" lat="50.0879223" lon="14.4188336"/>
  <node id="25660099" lat="50.0872370" lon="14.4168669"/>
  <node id="25660100" lat="50.0895841" lon="14.4224450"/>
  <node id="25660101" lat="50.0895223" lon="14.4227963">
    <tag k="crossing" v="zebra"/>
    <tag k="crossing:island" v="no"/>
    <tag k="crossing:markings" v="zebra"/>
    <tag k="highway" v="crossing"/>
    <tag k="source" v="bing:ortofoto"/>
    <tag k="tactile_paving" v="no"/>
  </node>
  <node id="25660102" lat="50.0900490" lon="14.4241293"/>
  <node id="25660103" lat="50.0888932" lon="14.4242449"/>
  <node id="25660104" lat="50.0886407" lon="14.4235908"/>
  <node id="25660105" lat="50.0884725" lon="14.4233869"/>
  <node id="25660107" lat="50.0879847" lon="14.4229947"/>
  <node id="25660108" lat="50.0879456" lon="14.4227161"/>
  <node id="25660109" lat="50.0884704" lon="14.4223173"/>
  <node id="25660110" lat="50.0876273" lon="14.4234212"/>
  <node id="25660112" lat="50.0886499" lon="14.4221486"/>
  <node id="25660113" lat="50.0876826" lon="14.4237711"/>
  <node id="25660114" lat="50.0876820" lon="14.4242159"/>
  <node id="25660115" lat="50.0877170" lon="14.4245651"/>
  <node id="25660116" lat="50.0881307" lon="14.4245397"/>
  <node id="25660117" lat="50.0877812" lon="14.4257274"/>
  <node id="25660118" lat="50.0882307" lon="14.4254915"/>
  <node id="25660119" lat="50.0894111" lon="14.4260670"/>
  <node id="25660120" lat="50.0890146" lon="14.4260265"/>
  <node id="25660121" lat="50.0886945" lon="14.4260778"/>
  <node id="25660491" lat="50.0875449" lon="14.4189644"/>
  <node id="25660749" lat="50.0883263" lon="14.4261134"/>
  <node id="25660750" lat="50.0896765" lon="14.4260066"/>
  <node id="25661009" lat="50.0894989" lon="14.4285936">
    <tag k="traffic_calming" v="table"/>
  </node>
  <node id="25661059" lat="50.0897277" lon="14.4287586"/>
  <node id="25661060" lat="50.0900164" lon="14.4291391"/>
  <node id="25661061" lat="50.0900032" lon="14.4273390"/>
  <node id="25671664" lat="50.0900562" lon="14.4044040"/>
  <node id="25671772" lat="50.0853745" lon="14.4053011"/>
  <node id="25671784" lat="50.0855454" lon="14.4061943"/>
  <node id="25671792" lat="50.0843117" lon="14.4057251"/>
  <node id="25671801" lat="50.0848139" lon="14.4056027"/>
  <node id="25671871" lat="50.0855556" lon="14.4084076"/>
  <node id="25671881" lat="50.0857319" lon="14.4089628"/>
  <node id="25671893" lat="50.0863508" lon="14.4092233"/>
  <node id="25673199" lat="50.0900988" lon="14.4048690"/>
  <node id="25673202" lat="50.0889865" lon="14.4048603"/>
  <node id="25673205" lat="50.0886330" lon="14.4062744"/>
  <node id="25673206" lat="50.0874487" lon="14.4054534"/>
  <node id="25673297" lat="50.0875671" lon="14.4074212"/>
  <node id="25673299" lat="50.0878433" lon="14.4072905"/>
  <node id="25673302" lat="50.0872353" lon="14.4081270"/>
  <node id="25673303" lat="50.0875913" lon="14.4085767"/>
  <node id="25673311" lat="50.0876947" lon="14.4084090"/>
  <node id="25673323" lat="50.0876967" lon="14.4079242"/>
  <node id="25673335" lat="50.0879255" lon="14.4089823"/>
  <node id="25673346" lat="50.0880032" lon="14.4095908"/>
  <node id="25673461" lat="50.0856077" lon="14.4079675"/>
  <node id="25673474" lat="50.0859995" lon="14.4079209"/>
  <node id="25673486" lat="50.0862627" lon="14.4079604"/>
  <node id="25673516" lat="50.0864632" lon="14.4057058"/>
  <node id="25673517" lat="50.0866568" lon="14.4057264"/>
  <node id="25673518" lat="50.0867205" lon="14.4059130"/>
  <node id="25673519" lat="50.0869952" lon="14.4059945"/>
  <node id="25673520" lat="50.0873206" lon="14.4061499"/>
  <node id="25673524" lat="50.0869575" lon="14.4071251"/>
  <node id="25673529" lat="50.0860781" lon="14.4059619"/>
  <node id="25673531" lat="50.0849074" lon="14.4063001"/>
  <node id="25673534" lat="50.0842266" lon="14.4063015"/>
  <node id="25674006" lat="50.0831165" lon="14.4055388"/>
  <node id="25674009" lat="50.0830447" lon="14.4058065"/>
  <node id="25674019" lat="50.0829070" lon="14.4059138"/>
  <node id="25674031" lat="50.0827342" lon="14.4060393"/>
  <node id="25674056" lat="50.0823606" lon="14.4063324"/>
  <node id="25674077" lat="50.0819762" lon="14.4067290"/>
  <node id="25674107" lat="50.0822652" lon="14.4058599"/>
  <node id="25674126" lat="50.0818705" lon="14.4057209"/>
  <node id="25674148" lat="50.0819280" lon="14.4051457"/>
  <node id="25674495" lat="50.0812365" lon="14.4069546"/>
  <node id="25674652" lat="50.0806036" lon="14.4061569"/>
  <node id="25674662" lat="50.0806377" lon="14.4069439"/>
  <node id="25674673" lat="50.0801044" lon="14.4069733"/>
  <node id="25674684" lat="50.0795450" lon="14.4070048"/>
  <node id="25674694" lat="50.0795923" lon="14.4080501"/>
  <node id="25674704" lat="50.0812623" lon="14.4079319"/>
  <node id="25674714" lat="50.0821070" lon="14.4076408"/>
  <node id="25674773" lat="50.0818466" lon="14.4061220"/>
  <node id="25674927" lat="50.0819091" lon="14.4067605"/>
  <node id="25685096" lat="50.0911418" lon="14.4250894"/>
  <node id="25685098" lat="50.0914067" lon="14.4264050"/>
  <node id="25685101" lat="50.0917909" lon="14.4262984"/>
  <node id="25685103" lat="50.0918886" lon="14.4269203"/>
  <node id="25685107" lat="50.0924405" lon="14.4260860"/>
  <node id="25685108" lat="50.0924292" lon="14.4251939"/>
  <node id="25685109" lat="50.0930334" lon="14.4249890">
    <tag k="crossing" v="uncontrolled"/>
    <tag k="crossing:island" v="no"/>
    <tag k="crossing:markings" v="zebra"/>
    <tag k="highway" v="crossing"/>
    <tag k="source" v="bing"/>
    <tag k="tactile_paving" v="yes"/>
  </node>
  <node id="25685110" lat="50.0911379" lon="14.4247718"/>
  <node id="25685111" lat="50.0910069" lon="14.4242166"/>
  <node id="25685112" lat="50.0905345" lon="14.4231366"/>
  <node id="25685113" lat="50.0903083" lon="14.4226951"/>
  <node id="25685114" lat="50.0906430" lon="14.4224194"/>
  <node id="25685115" lat="50.0906397" lon="14.4227945"/>
  <node id="25685116" lat="50.0912313" lon="14.4221714"/>
  <node id="25685117" lat="50.0919482" lon="14.4222331"/>
  <node id="25685118" lat="50.0929811" lon="14.4220360"/>
  <node id="25685119" lat="50.0918698" lon="14.4222340"/>
  <node id="25685120" lat="50.0928196" lon="14.4307756"/>
  <node id="25685124" lat="50.0921088" lon="14.4308896"/>
  <node id="25685125" lat="50.0919513" lon="14.4292116"/>
  <node id="25685126" lat="50.0913231" lon="14.4275931">
    <tag k="source" v="Bing;cuzk"/>
  </node>
  <node id="25685164" lat="50.0911458" lon="14.4318398"/>
  <node id="25685165" lat="50.0908817" lon="14.4311619"/>
  <node id="25685166" lat="50.0905197" lon="14.4300882"/>
  <node id="25685167" lat="50.0904169" lon="14.4298386"/>
  <node id="25685168" lat="50.0930300" lon="14.4267345"/>
  <node id="25685195" lat="50.0911314" lon="14.4300313"/>
  <node id="25685196" lat="50.0915244" lon="14.4317811"/>
  <node id="25685248" lat="50.0893283" lon="14.4158380"/>
  <node id="25685294" lat="50.0908982" lon="14.4194303"/>
  <node id="25685297" lat="50.0910580" lon="14.4203683"/>
  <node id="25685301" lat="50.0902159" lon="14.4205039"/>
  <node id="25685306" lat="50.0901641" lon="14.4199034"/>
  <node id="25685309" lat="50.0917577" lon="14.4203036"/>
  <node id="25685317" lat="50.0921265" lon="14.4202320"/>
  <node id="25685319" lat="50.0920400" lon="14.4195170"/>
  <node id="25685347" lat="50.0914618" lon="14.4234223">
    <tag k="crossing" v="unmarked"/>
    <tag k="crossing:island" v="no"/>
    <tag k="crossing:markings" v="no"/>
    <tag k="highway" v="crossing"/>
    <tag k="tactile_paving" v="no"/>
  </node>
  <node id="25685349" lat="50.0918514" lon="14.4235659"/>
  <node id="25685359" lat="50.0900066" lon="14.4172338"/>
  <node id="25685385" lat="50.0878476" lon="14.4153468"/>
  <node id="25685391" lat="50.0878794" lon="14.4166015"/>
  <node id="25685407" lat="50.0882044" lon="14.4176773"/>
  <node id="25685424" lat="50.0885108" lon="14.4163569"/>
  <node id="25685480" lat="50.0933778" lon="14.4089596">
    <tag k="ele" v="215"/>
  </node>
  <node id="25685533" lat="50.0903284" lon="14.4115689">
    <tag k="crossing" v="informal"/>
  </node>
  <node id="25685535" lat="50.0905872" lon="14.4120231">
    <tag k="direction" v="forward"/>
    <tag k="side" v="right"/>
    <tag k="traffic_sign" v="CZ:B2"/>
  </node>
  <node id="25685536" lat="50.0923628" lon="14.4138069"/>
  <node id="25685542" lat="50.0926580" lon="14.4138684"/>
  <node id="25685544" lat="50.0882752" lon="14.4093110"/>
  <node id="25685545" lat="50.0889785" lon="14.4098192">
    <tag k="access" v="destination"/>
    <tag k="barrier" v="bollard"/>
    <tag k="bicycle" v="yes"/>
    <tag k="bollard" v="rising"/>
    <tag k="check_date" v="2025-07-15"/>
    <tag k="foot" v="yes"/>
    <tag k="traffic_calming" v="table"/>
  </node>
  <node id="25685546" lat="50.0892161" lon="14.4100295"/>
  <node id="25685547" lat="50.0888550" lon="14.4101339"/>
  <node id="25685551" lat="50.0883652" lon="14.4101134"/>
  <node id="25685553" lat="50.0880401" lon="14.4097789"/>
  <node id="25690535" lat="50.0942740" lon="14.4059189">
    <tag k="bicycle" v="yes"/>
    <tag k="crossing" v="uncontrolled"/>
    <tag k="crossing:island" v="yes"/>
    <tag k="crossing:markings" v="zebra"/>
    <tag k="highway" v="crossing"/>
    <tag k="note" v="Místo určené pro přecházení a přejíždění na kole"/>
    <tag k="tactile_paving" v="yes"/>
  </node>
  <node id="25691232" lat="50.0963267" lon="14.4053955"/>
  <node id="25691305" lat="50.0948223" lon="14.4099892"/>
  <node id="25691320" lat="50.0952981" lon="14.4087779">
    <tag k="crossing" v="uncontrolled"/>
    <tag k="crossing:island" v="no"/>
    <tag k="crossing:markings" v="yes"/>
    <tag k="highway" v="crossing"/>
    <tag k="source" v="bing:ortofoto"/>
    <tag k="tactile_paving" v="no"/>
  </node>
  <node id="25691336" lat="50.0954548" lon="14.4082129"/>
  <node id="25691351" lat="50.0955868" lon="14.4075854"/>
  <node id="25691366" lat="50.0956141" lon="14.4069731"/>
  <node id="25691381" lat="50.0955962" lon="14.4065995"/>
  <node id="25691395" lat="50.0955586" lon="14.4061953"/>
  <node id="25691398" lat="50.0951277" lon="14.4062654"/>
  <node id="25691404" lat="50.0950616" lon="14.4054365"/>
  <node id="25691434" lat="50.0956629" lon="14.4053518"/>
  <node id="25691449" lat="50.0958783" lon="14.4056171"/>
  <node id="25691465" lat="50.0958940" lon="14.4058210"/>
  <node id="25692691" lat="50.0939472" lon="14.4038267"/>
  <node id="25935959" lat="50.0785855" lon="14.4243452"/>
  <node id="25935962" lat="50.0789149" lon="14.4244075"/>
  <node id="25935963" lat="50.0791687" lon="14.4242989"/>
  <node id="25935964" lat="50.0794117" lon="14.4240818"/>
  <node id="25935966" lat="50.0773748" lon="14.4264703"/>
  <node id="26269789" lat="50.0813772" lon="14.4079264"/>
  <node id="26388639" lat="50.0885375" lon="14.4055662"/>
  <node id="26423670" lat="50.0829569" lon="14.4190566">
    <tag k="crossing" v="uncontrolled"/>
    <tag k="crossing:island" v="no"/>
    <tag k="crossing:markings" v="zebra"/>
    <tag k="crossing_ref" v="zebra"/>
    <tag k="highway" v="crossing"/>
    <tag k="tactile_paving" v="yes"/>
  </node>
  <node id="26423671" lat="50.0832839" lon="14.4200097"/>
  <node id="26423673" lat="50.0854241" lon="14.4173796"/>
  <node id="26423677" lat="50.0848661" lon="14.4184494"/>
  <node id="26423678" lat="50.0848351" lon="14.4187023"/>
  <node id="26423892" lat="50.0853507" lon="14.4139499"/>
  <node id="26423956" lat="50.0842982" lon="14.4134134"/>
  <node id="26424072" lat="50.0855905" lon="14.4182582"/>
  <node id="26424073" lat="50.0851431" lon="14.4182598"/>
  <node id="26424074" lat="50.0846324" lon="14.4195475"/>
  <node id="26424075" lat="50.0846439" lon="14.4199598"/>
  <node id="26424076" lat="50.0844884" lon="14.4192233"/>
  <node id="26424079" lat="50.0849955" lon="14.4217570"/>
  <node id="26424104" lat="50.0840494" lon="14.4204678"/>
  <node id="26515343" lat="50.0884747" lon="14.4269057"/>
  <node id="26515365" lat="50.0881671" lon="14.4251681"/>
  <node id="26516747" lat="50.0897858" lon="14.4279587"/>
  <node id="26517371" lat="50.0880443" lon="14.4245450"/>
  <node id="26517415" lat="50.0894093" lon="14.4285212"/>
  <node id="26517425" lat="50.0884922" lon="14.4292982">
    <tag k="source" v="Bing;cuzk"/>
  </node>
  <node id="26517594" lat="50.0908330" lon="14.4238479"/>
  <node id="26517598" lat="50.0905176" lon="14.4239646"/>
  <node id="26517601" lat="50.0903385" lon="14.4239963"/>
  <node id="26517609" lat="50.0906297" lon="14.4210503"/>
  <node id="26517612" lat="50.0901932" lon="14.4212781"/>
  <node id="26517817" lat="50.0902452" lon="14.4183708"/>
  <node id="26517818" lat="50.0914517" lon="14.4190067"/>
  <node id="26517823" lat="50.0897221" lon="14.4201956"/>
  <node id="26517824" lat="50.0905980" lon="14.4204452"/>
  <node id="26517908" lat="50.0912521" lon="14.4182269"/>
  <node id="26518198" lat="50.0900068" lon="14.4190007"/>
  <node id="26518407" lat="50.0888699" lon="14.4148273"/>
  <node id="26786404" lat="50.0811439" lon="14.4211475"/>
  <node id="27668998" lat="50.0876464" lon="14.4087925">
    <tag k="created_by" v="JOSM"/>
  </node>
  <node id="27669384" lat="50.0871962" lon="14.4074129">
    <tag k="barrier" v="bollard"/>
    <tag k="bicycle" v="dismount"/>
    <tag k="bollard" v="fixed"/>
    <tag k="foot" v="yes"/>
    <tag k="motor_vehicle" v="no"/>
  </node>
  <node id="29049933" lat="50.0926120" lon="14.4283922">
    <tag k="crossing" v="zebra"/>
    <tag k="crossing:island" v="no"/>
    <tag k="highway" v="crossing"/>
    <tag k="source" v="bing:ortofoto"/>
    <tag k="tactile_paving" v="no"/>
  </node>
  <node id="30975605" lat="50.0892832" lon="14.4140890"/>
  <node id="30975606" lat="50.0897770" lon="14.4114602"/>
  <node id="32438290" lat="50.0832562" lon="14.4179652"/>
  <node id="55405202" lat="50.0812723" lon="14.4138113"/>
  <node id="55405213" lat="50.0815238" lon="14.4137460"/>
  <node id="60795193" lat="50.0941705" lon="14.4096003">
    <tag k="ele" v="220"/>
  </node>
  <node id="60795194" lat="50.0930767" lon="14.4064900">
    <tag k="ele" v="211"/>
  </node>
  <node id="60795195" lat="50.0927979" lon="14.4065298">
    <tag k="ele" v="208"/>
  </node>
  <node id="60795197" lat="50.0928184" lon="14.4090581">
    <tag k="ele" v="201"/>
  </node>
  <node id="74185189" lat="50.0902016" lon="14.4100218">
    <tag k="button_operated" v="yes"/>
    <tag k="crossing" v="traffic_signals"/>
    <tag k="crossing:island" v="no"/>
    <tag k="crossing:markings" v="zebra"/>
    <tag k="highway" v="crossing"/>
    <tag k="tactile_paving" v="yes"/>
    <tag k="traffic_signals:sound" v="no"/>
    <tag k="traffic_signals:vibration" v="no"/>
  </node>
  <node id="74185195" lat="50.0898950" lon="14.4100266">
    <tag k="highway" v="traffic_signals"/>
    <tag k="traffic_signals:direction" v="backward"/>
  </node>
  <node id="74317703" lat="50.0797663" lon="14.4230318"/>
  <node id="109867557" lat="50.0892483" lon="14.4158040"/>
  <node id="110613008" lat="50.0822040" lon="14.4265606"/>
  <node id="110613113" lat="50.0822529" lon="14.4263851"/>
  <node id="110613121" lat="50.0822470" lon="14.4262816"/>
  <node id="110613131" lat="50.0821537" lon="14.4262306"/>
  <node id="110613140" lat="50.0820665" lon="14.4262807"/>
  <node id="110613145" lat="50.0794684" lon="14.4298764"/>
  <node id="110613519" lat="50.0807870" lon="14.4288887"/>
  <node id="110613529" lat="50.0813625" lon="14.4268692">
    <tag k="crossing" v="uncontrolled"/>
    <tag k="highway" v="crossing"/>
    <tag k="kerb" v="lowered"/>
    <tag k="source" v="bing"/>
    <tag k="tactile_paving" v="yes"/>
  </node>
  <node id="110613534" lat="50.0803937" lon="14.4283048"/>
  <node id="110622704" lat="50.0845277" lon="14.4291992">
    <tag k="source" v="Bing,cuzk"/>
  </node>
  <node id="133092725" lat="50.0933193" lon="14.4296437"/>
  <node id="221444828" lat="50.0944786" lon="14.4070468"/>
  <node id="243494258" lat="50.0957869" lon="14.4054295"/>
  <node id="243494260" lat="50.0958279" lon="14.4060218">
    <tag k="created_by" v="JOSM"/>
  </node>
  <node id="243494262" lat="50.0957427" lon="14.4061107"/>
  <node id="243494263" lat="50.0958891" lon="14.4056953">
    <tag k="created_by" v="JOSM"/>
  </node>
  <node id="244469661" lat="50.0907230" lon="14.4272772"/>
  <node id="246515766" lat="50.0952446" lon="14.4255894"/>
  <node id="246515773" lat="50.0951695" lon="14.4247922"/>
  <node id="246515774" lat="50.0951706" lon="14.4249176"/>
  <node id="246515775" lat="50.0951806" lon="14.4257153"/>
  <node id="246515776" lat="50.0953786" lon="14.4271439"/>
  <node id="246515777" lat="50.0958157" lon="14.4295020">
    <tag k="direction" v="forward"/>
    <tag k="highway" v="give_way"/>
  </node>
  <node id="246515778" lat="50.0959245" lon="14.4300667"/>
  <node id="246515780" lat="50.0960573" lon="14.4302194"/>
  <node id="268782596" lat="50.0841971" lon="14.4275361"/>
  <node id="268782611" lat="50.0836556" lon="14.4266019"/>
  <node id="276837687" lat="50.0932139" lon="14.4137680">
    <tag k="crossing:island" v="no"/>
    <tag k="crossing:markings" v="zebra"/>
    <tag k="crossing:signals" v="no"/>
    <tag k="crossing_ref" v="zebra"/>
    <tag k="highway" v="crossing"/>
    <tag k="source" v="cz:IPRPraha:ortofoto"/>
    <tag k="tactile_paving" v="no"/>
  </node>
  <node id="276837835" lat="50.0954244" lon="14.4263737">
    <tag k="button_operated" v="yes"/>
    <tag k="crossing" v="traffic_signals"/>
    <tag k="highway" v="crossing"/>
    <tag k="source" v="bing:ortofoto"/>
    <tag k="tactile_paving" v="yes"/>
    <tag k="traffic_signals:sound" v="yes"/>
    <tag k="traffic_signals:vibration" v="no"/>
  </node>
  <node id="278464064" lat="50.0860093" lon="14.4266579"/>
  <node id="278464065" lat="50.0854758" lon="14.4257659"/>
  <node id="282761013" lat="50.0816808" lon="14.4194381"/>
  <node id="282761019" lat="50.0817113" lon="14.4218774">
    <tag k="direction" v="forward"/>
    <tag k="surface" v="paving_stones"/>
    <tag k="traffic_calming" v="table"/>
  </node>
  <node id="282762578" lat="50.0886847" lon="14.4297043"/>
  <node id="288450095" lat="50.0925074" lon="14.4093255"/>
  <node id="289552330" lat="50.0950734" lon="14.4094591"/>
  <node id="289552331" lat="50.0953609" lon="14.4097463"/>
  <node id="289552332" lat="50.0953659" lon="14.4107802"/>
  <node id="289552333" lat="50.0953600" lon="14.4108500"/>
  <node id="289552334" lat="50.0952350" lon="14.4109927"/>
  <node id="289552335" lat="50.0947358" lon="14.4109152"/>
  <node id="289552336" lat="50.0958717" lon="14.4065390"/>
  <node id="289552337" lat="50.0962771" lon="14.4074435"/>
  <node id="289552340" lat="50.0962713" lon="14.4076451"/>
  <node id="289552343" lat="50.0957661" lon="14.4083691"/>
  <node id="289859596" lat="50.0928992" lon="14.4062896">
    <tag k="ele" v="209"/>
  </node>
  <node id="290930511" lat="50.0837623" lon="14.4267784"/>
  <node id="290931169" lat="50.0847924" lon="14.4266933"/>
  <node id="290931398" lat="50.0857741" lon="14.4293076"/>
  <node id="290931821" lat="50.0808548" lon="14.4265648">
    <tag k="crossing" v="uncontrolled"/>
    <tag k="crossing:markings" v="lines"/>
    <tag k="highway" v="crossing"/>
    <tag k="kerb" v="flush"/>
    <tag k="tactile_paving" v="no"/>
    <tag k="traffic_calming" v="hump"/>
  </node>
  <node id="292756411" lat="50.0931477" lon="14.4248815"/>
  <node id="292756490" lat="50.0932105" lon="14.4253015"/>
  <node id="292756511" lat="50.0929525" lon="14.4241003"/>
  <node id="292756523" lat="50.0928539" lon="14.4233151"/>
  <node id="292756542" lat="50.0926374" lon="14.4250377"/>
  <node id="292756572" lat="50.0913564" lon="14.4240164"/>
  <node id="292756592" lat="50.0914974" lon="14.4242711"/>
  <node id="292756602" lat="50.0920340" lon="14.4240010"/>
  <node id="292756627" lat="50.0918557" lon="14.4228282"/>
  <node id="292756633" lat="50.0914590" lon="14.4246352"/>
  <node id="292756643" lat="50.0916042" lon="14.4248617"/>
  <node id="292756691" lat="50.0919362" lon="14.4249071"/>
  <node id="295175476" lat="50.0911813" lon="14.4085347"/>
  <node id="297583496" lat="50.0950069" lon="14.4049913"/>
  <node id="297583498" lat="50.0944000" lon="14.4046832"/>
  <node id="297583500" lat="50.0948982" lon="14.4050091"/>
  <node id="297585613" lat="50.0962217" lon="14.4054511">
    <tag k="crossing" v="unmarked"/>
    <tag k="crossing:island" v="no"/>
    <tag k="crossing:markings" v="no"/>
    <tag k="highway" v="crossing"/>
    <tag k="tactile_paving" v="yes"/>
  </node>
  <node id="297585942" lat="50.0956755" lon="14.4033686"/>
  <node id="297585943" lat="50.0958400" lon="14.4038032"/>
  <node id="297585944" lat="50.0958623" lon="14.4040222"/>
  <node id="297585945" lat="50.0956792" lon="14.4048873"/>
  <node id="297585946" lat="50.0954758" lon="14.4049460"/>
  <node id="297585947" lat="50.0954873" lon="14.4053454"/>
  <node id="297590131" lat="50.0930997" lon="14.4067991">
    <tag k="ele" v="212"/>
  </node>
  <node id="297590378" lat="50.0928541" lon="14.4063278">
    <tag k="ele" v="209"/>
  </node>
  <node id="297590379" lat="50.0928221" lon="14.4063792">
    <tag k="ele" v="209"/>
  </node>
  <node id="297594945" lat="50.0872889" lon="14.4274477"/>
  <node id="297594950" lat="50.0872608" lon="14.4276609"/>
  <node id="297596687" lat="50.0890056" lon="14.4278753"/>
  <node id="297596688" lat="50.0890219" lon="14.4278958">
    <tag k="traffic_calming" v="table"/>
  </node>
  <node id="297596692" lat="50.0890558" lon="14.4279833"/>
  <node id="297596693" lat="50.0890721" lon="14.4281063"/>
  <node id="298527937" lat="50.0824758" lon="14.4138867"/>
  <node id="298527958" lat="50.0832165" lon="14.4132314"/>
  <node id="298861630" lat="50.0840402" lon="14.4153733">
    <tag k="highway" v="turning_circle"/>
    <tag k="surface" v="cobblestone"/>
  </node>
  <node id="298861634" lat="50.0840370" lon="14.4146961"/>
  <node id="298861636" lat="50.0840277" lon="14.4146134"/>
  <node id="298861639" lat="50.0839449" lon="14.4142424"/>
  <node id="298861642" lat="50.0821184" lon="14.4142191"/>
  <node id="298867574" lat="50.0813429" lon="14.4069702"/>
  <node id="298867575" lat="50.0819795" lon="14.4078981"/>
  <node id="298867576" lat="50.0810686" lon="14.4079525"/>
  <node id="298867577" lat="50.0810432" lon="14.4069214"/>
  <node id="299047174" lat="50.0849781" lon="14.4142467"/>
  <node id="299047177" lat="50.0855034" lon="14.4163632"/>
  <node id="299047196" lat="50.0844357" lon="14.4149152"/>
  <node id="299047199" lat="50.0844744" lon="14.4146636"/>
  <node id="299047201" lat="50.0843608" lon="14.4159684"/>
  <node id="299047203" lat="50.0844756" lon="14.4143350"/>
  <node id="299047207" lat="50.0844329" lon="14.4134663">
    <tag k="crossing" v="uncontrolled"/>
    <tag k="crossing:island" v="no"/>
    <tag k="crossing:markings" v="yes"/>
    <tag k="highway" v="crossing"/>
    <tag k="source" v="bing:ortofoto"/>
    <tag k="tactile_paving" v="yes"/>
  </node>
  <node id="299047210" lat="50.0852722" lon="14.4163824"/>
  <node id="299047215" lat="50.0840528" lon="14.4170098"/>
  <node id="299047219" lat="50.0839102" lon="14.4166151"/>
  <node id="299047222" lat="50.0831120" lon="14.4139308"/>
  <node id="299047369" lat="50.0799102" lon="14.4138401"/>
  <node id="299047377" lat="50.0798537" lon="14.4183631"/>
  <node id="299047378" lat="50.0806850" lon="14.4171925"/>
  <node id="299047380" lat="50.0810268" lon="14.4191538"/>
  <node id="299047381" lat="50.0804612" lon="14.4159562"/>
  <node id="299059749" lat="50.0813920" lon="14.4128825"/>
  <node id="299368380" lat="50.0803671" lon="14.4144198"/>
  <node id="299707633" lat="50.0821767" lon="14.4065251"/>
  <node id="299707634" lat="50.0818261" lon="14.4069497">
    <tag k="barrier" v="kerb"/>
    <tag k="height" v="0.3"/>
    <tag k="kerb" v="raised"/>
    <tag k="tactile_paving" v="no"/>
    <tag k="wheelchair" v="no"/>
  </node>
  <node id="299707637" lat="50.0820759" lon="14.4075703"/>
  <node id="299707642" lat="50.0854909" lon="14.4063032"/>
  <node id="299707643" lat="50.0852834" lon="14.4048431"/>
  <node id="299707645" lat="50.0853978" lon="14.4068284"/>
  <node id="299707646" lat="50.0854117" lon="14.4069068">
    <tag k="barrier" v="gate"/>
  </node>
  <node id="299707647" lat="50.0853519" lon="14.4053973"/>
  <node id="299707656" lat="50.0863921" lon="14.4054565"/>
  <node id="299707677" lat="50.0862237" lon="14.4058321"/>
  <node id="299707695" lat="50.0864083" lon="14.4080202"/>
  <node id="299707696" lat="50.0864926" lon="14.4080789"/>
  <node id="299707697" lat="50.0864563" lon="14.4085082"/>
  <node id="299712650" lat="50.0880867" lon="14.4099233"/>
  <node id="299712651" lat="50.0887349" lon="14.4096168"/>
  <node id="299712674" lat="50.0878649" lon="14.4072123"/>
  <node id="299712675" lat="50.0878419" lon="14.4069972">
    <tag k="crossing" v="unmarked"/>
    <tag k="crossing:island" v="no"/>
    <tag k="crossing:markings" v="no"/>
    <tag k="highway" v="crossing"/>
  </node>
  <node id="299712678" lat="50.0875038" lon="14.4070673"/>
  <node id="299712679" lat="50.0876326" lon="14.4076265"/>
  <node id="299712680" lat="50.0877222" lon="14.4083035"/>
  <node id="299712681" lat="50.0877898" lon="14.4091599"/>
  <node id="299712682" lat="50.0884641" lon="14.4101326"/>
  <node id="299712684" lat="50.0871735" lon="14.4079302"/>
  <node id="299715735" lat="50.0857793" lon="14.4090474"/>
  <node id="299715738" lat="50.0859305" lon="14.4091465"/>
  <node id="299715739" lat="50.0866899" lon="14.4092339"/>
  <node id="299924934" lat="50.0833731" lon="14.4185363"/>
  <node id="300084249" lat="50.0852572" lon="14.4298487"/>
  <node id="300084250" lat="50.0851770" lon="14.4298603"/>
  <node id="300519435" lat="50.0878202" lon="14.4206361"/>
  <node id="300519447" lat="50.0881584" lon="14.4212930"/>
  <node id="300519448" lat="50.0882592" lon="14.4214252"/>
  <node id="300519473" lat="50.0880444" lon="14.4189897"/>
  <node id="300519480" lat="50.0873325" lon="14.4191467"/>
  <node id="300520927" lat="50.0880353" lon="14.4176591"/>
  <node id="300520928" lat="50.0882831" lon="14.4176917">
    <tag k="crossing" v="marked"/>
    <tag k="crossing:markings" v="zebra"/>
    <tag k="highway" v="crossing"/>
    <tag k="source" v="bing:ortofoto"/>
    <tag k="tactile_paving" v="no"/>
  </node>
  <node id="300520929" lat="50.0890007" lon="14.4175293">
    <tag k="crossing" v="uncontrolled"/>
    <tag k="crossing:island" v="no"/>
    <tag k="crossing:markings" v="zebra"/>
    <tag k="highway" v="crossing"/>
    <tag k="tactile_paving" v="no"/>
  </node>
  <node id="300520947" lat="50.0861936" lon="14.4170183"/>
  <node id="300520948" lat="50.0866254" lon="14.4170669"/>
  <node id="300523709" lat="50.0821995" lon="14.4262311"/>
  <node id="300524470" lat="50.0851875" lon="14.4226145"/>
  <node id="300524474" lat="50.0855279" lon="14.4220216"/>
  <node id="300524475" lat="50.0848817" lon="14.4221634">
    <tag k="crossing" v="uncontrolled"/>
    <tag k="crossing:island" v="no"/>
    <tag k="crossing:markings" v="zebra"/>
    <tag k="highway" v="crossing"/>
    <tag k="source" v="bing"/>
    <tag k="tactile_paving" v="yes"/>
    <tag k="traffic_calming" v="hump"/>
  </node>
  <node id="300527946" lat="50.0880810" lon="14.4262057"/>
  <node id="300529194" lat="50.0901729" lon="14.4171385"/>
  <node id="300700256" lat="50.0837542" lon="14.4156052"/>
  <node id="300700259" lat="50.0843769" lon="14.4157233"/>
  <node id="302948403" lat="50.0882183" lon="14.4141689">
    <tag k="direction" v="forward"/>
    <tag k="surface" v="cobblestone"/>
    <tag k="traffic_calming" v="table"/>
  </node>
  <node id="302948411" lat="50.0874192" lon="14.4142919"/>
  <node id="303408216" lat="50.0846122" lon="14.4292433"/>
  <node id="303442566" lat="50.0906317" lon="14.4099243"/>
  <node id="303442994" lat="50.0885506" lon="14.4060297"/>
  <node id="303442996" lat="50.0885215" lon="14.4051238"/>
  <node id="305304116" lat="50.0811635" lon="14.4227358"/>
  <node id="305304117" lat="50.0807245" lon="14.4240507">
    <tag k="crossing" v="uncontrolled"/>
    <tag k="crossing:island" v="no"/>
    <tag k="crossing:markings" v="zebra"/>
    <tag k="crossing_ref" v="zebra"/>
    <tag k="highway" v="crossing"/>
    <tag k="tactile_paving" v="yes"/>
  </node>
  <node id="305776980" lat="50.0798139" lon="14.4256145"/>
  <node id="305796261" lat="50.0812314" lon="14.4211605"/>
  <node id="305796263" lat="50.0811890" lon="14.4200791"/>
  <node id="307321069" lat="50.0913899" lon="14.4089700"/>
  <node id="309291818" lat="50.0948804" lon="14.4092669">
    <tag k="railway" v="tram_level_crossing"/>
  </node>
  <node id="309292588" lat="50.0932249" lon="14.4138289"/>
  <node id="309292589" lat="50.0932975" lon="14.4148878"/>
  <node id="309292591" lat="50.0937236" lon="14.4162799"/>
  <node id="309292592" lat="50.0938857" lon="14.4168188"/>
  <node id="309292594" lat="50.0941468" lon="14.4183172">
    <tag k="direction" v="forward"/>
    <tag k="highway" v="give_way"/>
  </node>
  <node id="310161328" lat="50.0889431" lon="14.4146684"/>
  <node id="310161329" lat="50.0892602" lon="14.4142132"/>
  <node id="310253512" lat="50.0799784" lon="14.4139111"/>
  <node id="310484380" lat="50.0962345" lon="14.4263514"/>
  <node id="310484381" lat="50.0978589" lon="14.4226870"/>
  <node id="314787136" lat="50.0852451" lon="14.4045821"/>
  <node id="314789632" lat="50.0837209" lon="14.4173260"/>
  <node id="314789639" lat="50.0839609" lon="14.4174573"/>
  <node id="314789642" lat="50.0841864" lon="14.4182872"/>
  <node id="315508611" lat="50.0950022" lon="14.4094010">
    <tag k="crossing" v="uncontrolled"/>
    <tag k="crossing:island" v="no"/>
    <tag k="highway" v="crossing"/>
    <tag k="source" v="bing:ortofoto"/>
    <tag k="tactile_paving" v="no"/>
  </node>
  <node id="315509670" lat="50.0950638" lon="14.4088672">
    <tag k="crossing" v="uncontrolled"/>
    <tag k="crossing:island" v="no"/>
    <tag k="crossing:markings" v="zebra"/>
    <tag k="highway" v="crossing"/>
    <tag k="source" v="bing:ortofoto"/>
    <tag k="tactile_paving" v="yes"/>
  </node>
  <node id="315509671" lat="50.0949151" lon="14.4090464"/>
  <node id="315515856" lat="50.0934328" lon="14.4091310">
    <tag k="ele" v="216"/>
  </node>
  <node id="315515857" lat="50.0937439" lon="14.4094779">
    <tag k="ele" v="218"/>
  </node>
  <node id="315515858" lat="50.0942965" lon="14.4096103">
    <tag k="ele" v="223"/>
  </node>
  <node id="315515859" lat="50.0946079" lon="14.4095128"/>
  <node id="315516476" lat="50.0915226" lon="14.4092689">
    <tag k="crossing" v="uncontrolled"/>
    <tag k="crossing:island" v="no"/>
    <tag k="crossing:markings" v="zebra"/>
    <tag k="highway" v="crossing"/>
    <tag k="tactile_paving" v="yes"/>
  </node>
  <node id="315518089" lat="50.0899244" lon="14.4106767"/>
  <node id="315519174" lat="50.0871654" lon="14.4081808"/>
  <node id="315519175" lat="50.0870592" lon="14.4082566"/>
  <node id="315519301" lat="50.0868552" lon="14.4093145"/>
  <node id="315519302" lat="50.0869541" lon="14.4083387"/>
  <node id="315519303" lat="50.0869988" lon="14.4085890">
    <tag k="access" v="destination"/>
    <tag k="barrier" v="bollard"/>
    <tag k="bollard" v="rising"/>
    <tag k="foot" v="yes"/>
    <tag k="source" v="survey"/>
  </node>
  <node id="315520339" lat="50.0803911" lon="14.4135114">
    <tag k="crossing" v="uncontrolled"/>
    <tag k="crossing:island" v="no"/>
    <tag k="crossing:markings" v="yes"/>
    <tag k="highway" v="crossing"/>
    <tag k="railway" v="tram_crossing"/>
    <tag k="source" v="bing:ortofoto"/>
    <tag k="tactile_paving" v="yes"/>
  </node>
  <node id="315520814" lat="50.0826582" lon="14.4205419">
    <tag k="crossing" v="uncontrolled"/>
    <tag k="crossing:island" v="no"/>
    <tag k="crossing:markings" v="zebra"/>
    <tag k="highway" v="crossing"/>
    <tag k="kerb" v="lowered"/>
    <tag k="tactile_paving" v="yes"/>
  </node>
  <node id="315520815" lat="50.0825343" lon="14.4198383"/>
  <node id="315520817" lat="50.0831009" lon="14.4195622"/>
  <node id="315520818" lat="50.0829331" lon="14.4196501"/>
  <node id="315520819" lat="50.0829236" lon="14.4199970"/>
  <node id="315521183" lat="50.0835129" lon="14.4201348">
    <tag k="crossing" v="uncontrolled"/>
    <tag k="crossing:island" v="no"/>
    <tag k="crossing:markings" v="zebra"/>
    <tag k="highway" v="crossing"/>
    <tag k="tactile_paving" v="yes"/>
  </node>
  <node id="315523730" lat="50.0849615" lon="14.4165118"/>
  <node id="315524016" lat="50.0852504" lon="14.4182613"/>
  <node id="315524017" lat="50.0845990" lon="14.4188535"/>
  <node id="315529356" lat="50.0900080" lon="14.4207898">
    <tag k="crossing" v="uncontrolled"/>
    <tag k="crossing:island" v="no"/>
    <tag k="crossing:markings" v="zebra"/>
    <tag k="highway" v="crossing"/>
    <tag k="source" v="bing:ortofoto"/>
    <tag k="tactile_paving" v="yes"/>
  </node>
  <node id="315529382" lat="50.0906086" lon="14.4205878">
    <tag k="crossing:markings" v="no"/>
    <tag k="crossing:signals" v="no"/>
    <tag k="highway" v="crossing"/>
    <tag k="tactile_paving" v="no"/>
  </node>
  <node id="315529862" lat="50.0905398" lon="14.4225493">
    <tag k="crossing" v="uncontrolled"/>
    <tag k="crossing:island" v="no"/>
    <tag k="crossing:markings" v="zebra"/>
    <tag k="highway" v="crossing"/>
    <tag k="kerb" v="lowered"/>
    <tag k="source" v="bing:ortofoto"/>
    <tag k="tactile_paving" v="yes"/>
  </node>
  <node id="315529865" lat="50.0908528" lon="14.4228745"/>
  <node id="315529867" lat="50.0915426" lon="14.4221507"/>
  <node id="315529868" lat="50.0912452" lon="14.4231554"/>
  <node id="315529870" lat="50.0912897" lon="14.4232919"/>
  <node id="315529878" lat="50.0924188" lon="14.4222034"/>
  <node id="315529879" lat="50.0921226" lon="14.4222580"/>
  <node id="315530169" lat="50.0917639" lon="14.4241431"/>
  <node id="315530170" lat="50.0922226" lon="14.4252114"/>
  <node id="315530173" lat="50.0913285" lon="14.4247376"/>
  <node id="315530174" lat="50.0912380" lon="14.4254232"/>
  <node id="315530548" lat="50.0906772" lon="14.4262442"/>
  <node id="315530549" lat="50.0904244" lon="14.4258632"/>
  <node id="315530550" lat="50.0896646" lon="14.4253963"/>
  <node id="315530551" lat="50.0886344" lon="14.4244706"/>
  <node id="315530553" lat="50.0883400" lon="14.4233113"/>
  <node id="315532209" lat="50.0915801" lon="14.4247088"/>
  <node id="315532358" lat="50.0915288" lon="14.4242427"/>
  <node id="315532361" lat="50.0909456" lon="14.4241124">
    <tag k="crossing" v="zebra"/>
    <tag k="crossing:island" v="no"/>
    <tag k="highway" v="crossing"/>
    <tag k="source" v="bing:ortofoto"/>
    <tag k="tactile_paving" v="no"/>
  </node>
  <node id="315532386" lat="50.0915220" lon="14.4246782"/>
  <node id="317918647" lat="50.0852341" lon="14.4045066"/>
  <node id="317918718" lat="50.0844175" lon="14.4057266"/>
  <node id="317918721" lat="50.0843253" lon="14.4055357"/>
  <node id="317918726" lat="50.0842740" lon="14.4057722"/>
  <node id="320231544" lat="50.0876096" lon="14.4046450">
    <tag k="crossing" v="marked"/>
    <tag k="crossing:markings" v="zebra"/>
    <tag k="highway" v="crossing"/>
    <tag k="tactile_paving" v="no"/>
  </node>
  <node id="320309766" lat="50.0779151" lon="14.4265896"/>
  <node id="320800562" lat="50.0886039" lon="14.4095238"/>
  <node id="320801630" lat="50.0900567" lon="14.4081672"/>
  <node id="320801631" lat="50.0899368" lon="14.4078428"/>
  <node id="320801632" lat="50.0891026" lon="14.4070041"/>
  <node id="320802707" lat="50.0868725" lon="14.4059369"/>
  <node id="324803120" lat="50.0814334" lon="14.4299215"/>
  <node id="331445615" lat="50.0831098" lon="14.4045582">
    <tag k="crossing" v="marked"/>
    <tag k="crossing:markings" v="zebra"/>
    <tag k="crossing_ref" v="zebra"/>
    <tag k="highway" v="crossing"/>
    <tag k="source" v="bing:ortofoto"/>
    <tag k="tactile_paving" v="yes"/>
  </node>
  <node id="331502157" lat="50.0904174" lon="14.4054858"/>
  <node id="331954483" lat="50.0916341" lon="14.4164734"/>
  <node id="331954584" lat="50.0914463" lon="14.4177856">
    <tag k="crossing" v="uncontrolled"/>
    <tag k="crossing_ref" v="zebra"/>
    <tag k="highway" v="crossing"/>
    <tag k="source" v="bing:ortofoto"/>
    <tag k="tactile_paving" v="yes"/>
  </node>
  <node id="331954585" lat="50.0920076" lon="14.4172414"/>
  <node id="333347547" lat="50.0836199" lon="14.4200329">
    <tag k="crossing" v="uncontrolled"/>
    <tag k="crossing:island" v="no"/>
    <tag k="crossing:markings" v="zebra"/>
    <tag k="highway" v="crossing"/>
    <tag k="tactile_paving" v="yes"/>
  </node>
  <node id="333347552" lat="50.0836309" lon="14.4202675"/>
  <node id="333347556" lat="50.0847623" lon="14.4197716">
    <tag k="barrier" v="bollard"/>
    <tag k="bicycle" v="yes"/>
    <tag k="bollard" v="removable"/>
    <tag k="foot" v="yes"/>
    <tag k="motor_vehicle" v="no"/>
  </node>
  <node id="333347562" lat="50.0845727" lon="14.4200040"/>
  <node id="333347566" lat="50.0834052" lon="14.4200571"/>
  <node id="333347665" lat="50.0839506" lon="14.4207523"/>
  <node id="333347682" lat="50.0842430" lon="14.4202840">
    <tag k="barrier" v="bollard"/>
    <tag k="bollard" v="removable"/>
  </node>
  <node id="333347700" lat="50.0844620" lon="14.4200092"/>
  <node id="333347713" lat="50.0840845" lon="14.4205223">
    <tag k="traffic_calming" v="mini_bumps"/>
  </node>
  <node id="335796478" lat="50.0924563" lon="14.4265537"/>
  <node id="335796480" lat="50.0925580" lon="14.4268139"/>
  <node id="338633640" lat="50.0854170" lon="14.4151736"/>
  <node id="338633641" lat="50.0841891" lon="14.4166389"/>
  <node id="338636015" lat="50.0848818" lon="14.4140719"/>
  <node id="340231567" lat="50.0900810" lon="14.4046101"/>
  <node id="340231902" lat="50.0900945" lon="14.4050062"/>
  <node id="340231908" lat="50.0903331" lon="14.4053256"/>
  <node id="340231926" lat="50.0896891" lon="14.4048966"/>
  <node id="340237014" lat="50.0885321" lon="14.4054786"/>
  <node id="340237028" lat="50.0884742" lon="14.4054790">
    <tag k="crossing" v="uncontrolled"/>
    <tag k="crossing:island" v="no"/>
    <tag k="crossing:markings" v="zebra"/>
    <tag k="highway" v="crossing"/>
    <tag k="tactile_paving" v="yes"/>
  </node>
  <node id="342173609" lat="50.0935445" lon="14.4009463"/>
  <node id="342269119" lat="50.0866474" lon="14.4174884"/>
  <node id="342269129" lat="50.0868896" lon="14.4179851"/>
  <node id="342269134" lat="50.0872301" lon="14.4170462"/>
  <node id="342269138" lat="50.0873604" lon="14.4178434"/>
  <node id="342269288" lat="50.0860509" lon="14.4175980"/>
  <node id="342292566" lat="50.0891747" lon="14.4166630"/>
  <node id="342639796" lat="50.0929876" lon="14.4129691"/>
  <node id="342639799" lat="50.0924706" lon="14.4117816"/>
  <node id="345014512" lat="50.0883722" lon="14.4262579"/>
  <node id="345014513" lat="50.0882846" lon="14.4257592"/>
  <node id="345014514" lat="50.0883720" lon="14.4261517"/>
  <node id="350564273" lat="50.0948588" lon="14.4058649"/>
  <node id="350564274" lat="50.0950919" lon="14.4058269">
    <tag k="maxspeed" v="20"/>
    <tag k="traffic_calming" v="bump"/>
  </node>
  <node id="350564278" lat="50.0944850" lon="14.4059249"/>
  <node id="350564279" lat="50.0931091" lon="14.4092071"/>
  <node id="354129429" lat="50.0802128" lon="14.4170562"/>
  <node id="354129434" lat="50.0802870" lon="14.4178587"/>
  <node id="354684458" lat="50.0907754" lon="14.4101367"/>
  <node id="354684479" lat="50.0898867" lon="14.4113153">
    <tag k="crossing" v="marked"/>
    <tag k="crossing:island" v="no"/>
    <tag k="crossing:markings" v="zebra"/>
    <tag k="highway" v="crossing"/>
    <tag k="source" v="bing:ortofoto"/>
    <tag k="tactile_paving" v="no"/>
  </node>
  <node id="354684481" lat="50.0899795" lon="14.4104045">
    <tag k="button_operated" v="yes"/>
    <tag k="crossing" v="traffic_signals"/>
    <tag k="crossing:island" v="no"/>
    <tag k="crossing:markings" v="zebra"/>
    <tag k="highway" v="crossing"/>
    <tag k="tactile_paving" v="yes"/>
    <tag k="traffic_signals:sound" v="no"/>
    <tag k="traffic_signals:vibration" v="no"/>
  </node>
  <node id="354684483" lat="50.0902177" lon="14.4102974">
    <tag k="button_operated" v="yes"/>
    <tag k="crossing" v="traffic_signals"/>
    <tag k="crossing:island" v="no"/>
    <tag k="crossing:markings" v="zebra"/>
    <tag k="highway" v="crossing"/>
    <tag k="tactile_paving" v="yes"/>
    <tag k="traffic_signals:sound" v="yes"/>
    <tag k="traffic_signals:vibration" v="no"/>
  </node>
  <node id="354684509" lat="50.0910081" lon="14.4171055">
    <tag k="check_date:crossing" v="2021-09-02"/>
    <tag k="crossing" v="uncontrolled"/>
    <tag k="crossing:island" v="no"/>
    <tag k="crossing:markings" v="zebra"/>
    <tag k="highway" v="crossing"/>
    <tag k="tactile_paving" v="yes"/>
  </node>
  <node id="354684511" lat="50.0910033" lon="14.4169431">
    <tag k="crossing" v="uncontrolled"/>
    <tag k="crossing:island" v="no"/>
    <tag k="crossing:markings" v="zebra"/>
    <tag k="crossing_ref" v="zebra"/>
    <tag k="highway" v="crossing"/>
    <tag k="tactile_paving" v="yes"/>
  </node>
  <node id="354686128" lat="50.0930795" lon="14.4233900"/>
  <node id="354686134" lat="50.0929309" lon="14.4214549"/>
  <node id="354686141" lat="50.0930223" lon="14.4226953"/>
  <node id="354686144" lat="50.0930710" lon="14.4266403"/>
  <node id="354688198" lat="50.0916861" lon="14.4274923"/>
  <node id="354688200" lat="50.0917135" lon="14.4286711"/>
  <node id="354688201" lat="50.0923709" lon="14.4292110"/>
  <node id="354688203" lat="50.0924250" lon="14.4296690"/>
  <node id="354688204" lat="50.0921321" lon="14.4291797"/>
  <node id="354688206" lat="50.0921019" lon="14.4285205"/>
  <node id="354688208" lat="50.0920388" lon="14.4297228"/>
  <node id="354693226" lat="50.0939086" lon="14.4169345"/>
  <node id="354901627" lat="50.0943378" lon="14.4046801"/>
  <node id="354967335" lat="50.0838458" lon="14.4207918">
    <tag k="crossing" v="uncontrolled"/>
    <tag k="crossing:island" v="no"/>
    <tag k="crossing:markings" v="zebra"/>
    <tag k="highway" v="crossing"/>
    <tag k="tactile_paving" v="no"/>
  </node>
  <node id="355627689" lat="50.0941210" lon="14.4050133">
    <tag k="bicycle" v="yes"/>
    <tag k="crossing" v="uncontrolled"/>
    <tag k="crossing:island" v="no"/>
    <tag k="crossing:markings" v="zebra"/>
    <tag k="highway" v="crossing"/>
    <tag k="tactile_paving" v="yes"/>
  </node>
  <node id="355688237" lat="50.0838558" lon="14.4279922"/>
  <node id="355722386" lat="50.0839646" lon="14.4271127"/>
  <node id="357992030" lat="50.0904990" lon="14.4057439"/>
  <node id="357992031" lat="50.0905140" lon="14.4069950"/>
  <node id="360541185" lat="50.0825914" lon="14.4146970"/>
  <node id="366393588" lat="50.0810974" lon="14.4130778"/>
  <node id="371082763" lat="50.0900152" lon="14.4099498">
    <tag k="button_operated" v="no"/>
    <tag k="crossing" v="traffic_signals"/>
    <tag k="crossing:markings" v="zebra"/>
    <tag k="highway" v="crossing"/>
    <tag k="tactile_paving" v="yes"/>
    <tag k="traffic_signals:sound" v="no"/>
    <tag k="traffic_signals:vibration" v="no"/>
  </node>
  <node id="371082765" lat="50.0899582" lon="14.4100306">
    <tag k="button_operated" v="no"/>
    <tag k="crossing" v="traffic_signals"/>
    <tag k="crossing:island" v="no"/>
    <tag k="crossing:markings" v="zebra"/>
    <tag k="highway" v="crossing"/>
    <tag k="tactile_paving" v="yes"/>
    <tag k="traffic_signals:sound" v="no"/>
    <tag k="traffic_signals:vibration" v="no"/>
  </node>
  <node id="371082766" lat="50.0912942" lon="14.4100861">
    <tag k="crossing" v="uncontrolled"/>
    <tag k="crossing:island" v="no"/>
    <tag k="crossing:markings" v="zebra"/>
    <tag k="crossing_ref" v="zebra"/>
    <tag k="highway" v="crossing"/>
    <tag k="tactile_paving" v="no"/>
  </node>
  <node id="382300097" lat="50.0902580" lon="14.4100114">
    <tag k="highway" v="traffic_signals"/>
    <tag k="traffic_signals:direction" v="forward"/>
  </node>
  <node id="382300100" lat="50.0900129" lon="14.4098532">
    <tag k="highway" v="traffic_signals"/>
    <tag k="traffic_signals:direction" v="forward"/>
  </node>
  <node id="382300103" lat="50.0899644" lon="14.4104799">
    <tag k="highway" v="traffic_signals"/>
    <tag k="traffic_signals:direction" v="backward"/>
  </node>
  <node id="382922864" lat="50.0961938" lon="14.4072654">
    <tag k="crossing" v="unmarked"/>
    <tag k="crossing:island" v="no"/>
    <tag k="crossing:markings" v="no"/>
    <tag k="highway" v="crossing"/>
    <tag k="kerb" v="raised"/>
    <tag k="tactile_paving" v="no"/>
  </node>
  <node id="382922866" lat="50.0955418" lon="14.4053432"/>
  <node id="385212933" lat="50.0952069" lon="14.4260789"/>
  <node id="386606057" lat="50.0925140" lon="14.4097993"/>
  <node id="386606080" lat="50.0933888" lon="14.3998433"/>
  <node id="415004424" lat="50.0794284" lon="14.4225008">
    <tag k="source" v="Bing,cuzk"/>
  </node>
  <node id="415004426" lat="50.0801270" lon="14.4234692">
    <tag k="source" v="Bing,cuzk"/>
  </node>
  <node id="419866677" lat="50.0914966" lon="14.4316584">
    <tag k="crossing" v="uncontrolled"/>
    <tag k="crossing:island" v="no"/>
    <tag k="crossing:markings" v="zebra"/>
    <tag k="highway" v="crossing"/>
    <tag k="source" v="bing:ortofoto"/>
    <tag k="tactile_paving" v="no"/>
  </node>
  <node id="431012031" lat="50.0921572" lon="14.4261651"/>
  <node id="431263231" lat="50.0836646" lon="14.4172140"/>
  <node id="431313107" lat="50.0840968" lon="14.4168205"/>
  <node id="431313108" lat="50.0839528" lon="14.4166992"/>
  <node id="431313109" lat="50.0840803" lon="14.4176160"/>
  <node id="431313110" lat="50.0840752" lon="14.4182867"/>
  <node id="432573217" lat="50.0891693" lon="14.4260783"/>
  <node id="472661921" lat="50.0876134" lon="14.4192290"/>
  <node id="472661922" lat="50.0878430" lon="14.4191543"/>
  <node id="472661923" lat="50.0877533" lon="14.4192216">
    <tag k="crossing" v="uncontrolled"/>
    <tag k="crossing:island" v="no"/>
    <tag k="crossing:markings" v="zebra"/>
    <tag k="highway" v="crossing"/>
    <tag k="source" v="bing:ortofoto"/>
    <tag k="tactile_paving" v="no"/>
  </node>
  <node id="472881718" lat="50.0822401" lon="14.4301968"/>
  <node id="472881721" lat="50.0813078" lon="14.4297264"/>
  <node id="503333220" lat="50.0878188" lon="14.4204583"/>
  <node id="523106750" lat="50.0932573" lon="14.4274692"/>
  <node id="529127925" lat="50.0922911" lon="14.4261248">
    <tag k="crossing" v="marked"/>
    <tag k="crossing:markings" v="yes"/>
    <tag k="highway" v="crossing"/>
    <tag k="source" v="bing:ortofoto"/>
    <tag k="tactile_paving" v="yes"/>
  </node>
  <node id="529127926" lat="50.0923530" lon="14.4261861"/>
  <node id="529127929" lat="50.0924174" lon="14.4265022"/>
  <node id="529128763" lat="50.0929286" lon="14.4250270">
    <tag k="cycleway" v="asl"/>
    <tag k="direction" v="forward"/>
    <tag k="start_date" v="2025"/>
  </node>
  <node id="529128765" lat="50.0930002" lon="14.4247088">
    <tag k="crossing" v="uncontrolled"/>
    <tag k="crossing:island" v="no"/>
    <tag k="crossing:markings" v="zebra"/>
    <tag k="highway" v="crossing"/>
    <tag k="source" v="bing:ortofoto"/>
    <tag k="tactile_paving" v="yes"/>
  </node>
  <node id="529128767" lat="50.0930581" lon="14.4251707"/>
  <node id="530258351" lat="50.0882377" lon="14.4270811">
    <tag k="crossing" v="uncontrolled"/>
    <tag k="crossing:island" v="no"/>
    <tag k="crossing:markings" v="zebra"/>
    <tag k="highway" v="crossing"/>
    <tag k="source" v="bing"/>
    <tag k="tactile_paving" v="yes"/>
  </node>
  <node id="530258356" lat="50.0883727" lon="14.4272172"/>
  <node id="552407636" lat="50.0827646" lon="14.4189578"/>
  <node id="552444662" lat="50.0859817" lon="14.4162592"/>
  <node id="552444663" lat="50.0861027" lon="14.4167428"/>
  <node id="552444665" lat="50.0860367" lon="14.4168389"/>
  <node id="553531629" lat="50.0918329" lon="14.4179293"/>
  <node id="586470757" lat="50.0862932" lon="14.4145135"/>
  <node id="586470758" lat="50.0861113" lon="14.4165890"/>
  <node id="586483723" lat="50.0870196" lon="14.4173372"/>
  <node id="610907198" lat="50.0932697" lon="14.4279504">
    <tag k="highway" v="traffic_signals"/>
    <tag k="traffic_signals:direction" v="backward"/>
  </node>
  <node id="658937695" lat="50.0927310" lon="14.4221028"/>
  <node id="658937696" lat="50.0927845" lon="14.4232462"/>
  <node id="697456472" lat="50.0920959" lon="14.4174667">
    <tag k="button_operated" v="yes"/>
    <tag k="crossing" v="traffic_signals"/>
    <tag k="crossing:island" v="no"/>
    <tag k="crossing:markings" v="zebra"/>
    <tag k="highway" v="crossing"/>
    <tag k="tactile_paving" v="yes"/>
    <tag k="traffic_signals:sound" v="no"/>
    <tag k="traffic_signals:vibration" v="no"/>
  </node>
  <node id="697456573" lat="50.0920442" lon="14.4177911">
    <tag k="button_operated" v="yes"/>
    <tag k="crossing" v="traffic_signals"/>
    <tag k="crossing:island" v="no"/>
    <tag k="crossing:markings" v="zebra"/>
    <tag k="highway" v="crossing"/>
    <tag k="tactile_paving" v="yes"/>
    <tag k="traffic_signals:sound" v="no"/>
    <tag k="traffic_signals:vibration" v="no"/>
  </node>
  <node id="697456600" lat="50.0913364" lon="14.4191071"/>
  <node id="697456622" lat="50.0921929" lon="14.4177892">
    <tag k="button_operated" v="yes"/>
    <tag k="crossing" v="traffic_signals"/>
    <tag k="crossing:island" v="no"/>
    <tag k="crossing:markings" v="zebra"/>
    <tag k="highway" v="crossing"/>
    <tag k="tactile_paving" v="yes"/>
    <tag k="traffic_signals:sound" v="no"/>
    <tag k="traffic_signals:vibration" v="no"/>
  </node>
  <node id="772609902" lat="50.0922313" lon="14.4112136"/>
  <node id="798225575" lat="50.0897022" lon="14.4281381"/>
  <node id="871339488" lat="50.0807415" lon="14.4242119">
    <tag k="crossing" v="marked"/>
    <tag k="crossing:island" v="no"/>
    <tag k="crossing:markings" v="yes"/>
    <tag k="highway" v="crossing"/>
    <tag k="kerb" v="lowered"/>
    <tag k="source" v="Bing,cuzk"/>
    <tag k="tactile_paving" v="yes"/>
  </node>
  <node id="871339490" lat="50.0804653" lon="14.4240470">
    <tag k="crossing" v="uncontrolled"/>
    <tag k="crossing:island" v="no"/>
    <tag k="crossing:markings" v="zebra"/>
    <tag k="highway" v="crossing"/>
  </node>
  <node id="877271837" lat="50.0875641" lon="14.4048798"/>
  <node id="877298797" lat="50.0864897" lon="14.4146213"/>
  <node id="1014525758" lat="50.0932211" lon="14.4143167"/>
  <node id="1014525778" lat="50.0924702" lon="14.4138725"/>
  <node id="1014525837" lat="50.0804094" lon="14.4140673">
    <tag k="crossing" v="uncontrolled"/>
    <tag k="crossing:island" v="no"/>
    <tag k="crossing:markings" v="yes"/>
    <tag k="highway" v="crossing"/>
    <tag k="source" v="bing:ortofoto"/>
    <tag k="tactile_paving" v="yes"/>
  </node>
  <node id="1014525864" lat="50.0811348" lon="14.4061281">
    <tag k="crossing" v="uncontrolled"/>
    <tag k="crossing:island" v="no"/>
    <tag k="crossing:markings" v="zebra"/>
    <tag k="highway" v="crossing"/>
    <tag k="kerb" v="lowered"/>
    <tag k="tactile_paving" v="yes"/>
  </node>
  <node id="1014525894" lat="50.0803448" lon="14.4139164">
    <tag k="crossing" v="marked"/>
    <tag k="crossing:markings" v="yes"/>
    <tag k="highway" v="crossing"/>
    <tag k="source" v="bing:ortofoto"/>
    <tag k="tactile_paving" v="yes"/>
  </node>
  <node id="1014525926" lat="50.0875471" lon="14.4085182">
    <tag k="crossing" v="marked"/>
    <tag k="crossing:island" v="no"/>
    <tag k="crossing:markings" v="zebra"/>
    <tag k="highway" v="crossing"/>
    <tag k="source" v="bing:ortofoto"/>
    <tag k="tactile_paving" v="yes"/>
  </node>
  <node id="1014525934" lat="50.0811794" lon="14.4079404">
    <tag k="crossing" v="uncontrolled"/>
    <tag k="crossing:island" v="no"/>
    <tag k="crossing:markings" v="zebra"/>
    <tag k="highway" v="crossing"/>
    <tag k="kerb" v="lowered"/>
    <tag k="source" v="bing:ortofoto"/>
    <tag k="tactile_paving" v="yes"/>
  </node>
  <node id="1014525950" lat="50.0930587" lon="14.4135972">
    <tag k="crossing" v="uncontrolled"/>
    <tag k="crossing:island" v="no"/>
    <tag k="crossing:markings" v="zebra"/>
    <tag k="crossing:signals" v="no"/>
    <tag k="highway" v="crossing"/>
    <tag k="source" v="bing:ortofoto"/>
    <tag k="tactile_paving" v="no"/>
  </node>
  <node id="1014525967" lat="50.0811474" lon="14.4069233">
    <tag k="crossing" v="uncontrolled"/>
    <tag k="crossing:island" v="no"/>
    <tag k="crossing:markings" v="zebra"/>
    <tag k="highway" v="crossing"/>
    <tag k="kerb" v="lowered"/>
    <tag k="source" v="bing:ortofoto"/>
    <tag k="tactile_paving" v="yes"/>
  </node>
  <node id="1014525975" lat="50.0932270" lon="14.4144151"/>
  <node id="1014525982" lat="50.0814035" lon="14.4133375">
    <tag k="button_operated" v="no"/>
    <tag k="crossing" v="traffic_signals"/>
    <tag k="crossing:island" v="no"/>
    <tag k="crossing:markings" v="zebra"/>
    <tag k="highway" v="crossing"/>
    <tag k="tactile_paving" v="no"/>
    <tag k="traffic_signals:sound" v="no"/>
    <tag k="traffic_signals:vibration" v="no"/>
  </node>
  <node id="1014525998" lat="50.0813109" lon="14.4069691">
    <tag k="crossing" v="uncontrolled"/>
    <tag k="crossing:island" v="no"/>
    <tag k="crossing:markings" v="zebra"/>
    <tag k="highway" v="crossing"/>
    <tag k="source" v="bing:ortofoto"/>
    <tag k="tactile_paving" v="no"/>
  </node>
  <node id="1014526019" lat="50.0812929" lon="14.4130318">
    <tag k="button_operated" v="no"/>
    <tag k="crossing" v="traffic_signals"/>
    <tag k="crossing:island" v="no"/>
    <tag k="crossing:markings" v="zebra"/>
    <tag k="highway" v="crossing"/>
    <tag k="tactile_paving" v="no"/>
    <tag k="traffic_signals:sound" v="no"/>
    <tag k="traffic_signals:vibration" v="no"/>
  </node>
  <node id="1014526045" lat="50.0812228" lon="14.4067600">
    <tag k="crossing" v="uncontrolled"/>
    <tag k="crossing:island" v="no"/>
    <tag k="crossing:markings" v="zebra"/>
    <tag k="highway" v="crossing"/>
    <tag k="source" v="bing:ortofoto"/>
    <tag k="tactile_paving" v="no"/>
  </node>
  <node id="1014526065" lat="50.0815457" lon="14.4130005">
    <tag k="button_operated" v="no"/>
    <tag k="crossing" v="traffic_signals"/>
    <tag k="crossing:island" v="no"/>
    <tag k="crossing:markings" v="zebra"/>
    <tag k="highway" v="crossing"/>
    <tag k="source" v="bing:ortofoto"/>
    <tag k="tactile_paving" v="no"/>
    <tag k="traffic_signals:sound" v="no"/>
    <tag k="traffic_signals:vibration" v="no"/>
  </node>
  <node id="1014526068" lat="50.0803277" lon="14.4153931">
    <tag k="crossing" v="marked"/>
    <tag k="crossing:markings" v="yes"/>
    <tag k="highway" v="crossing"/>
    <tag k="source" v="bing:ortofoto"/>
    <tag k="tactile_paving" v="yes"/>
  </node>
  <node id="1014526093" lat="50.0813914" lon="14.4128614">
    <tag k="button_operated" v="yes"/>
    <tag k="crossing" v="traffic_signals"/>
    <tag k="crossing:island" v="no"/>
    <tag k="crossing:markings" v="zebra"/>
    <tag k="highway" v="crossing"/>
    <tag k="tactile_paving" v="yes"/>
    <tag k="traffic_signals:sound" v="no"/>
    <tag k="traffic_signals:vibration" v="no"/>
  </node>
  <node id="1014526106" lat="50.0873024" lon="14.4081757">
    <tag k="note" v="přirozeně zúžená ulice"/>
    <tag k="traffic_calming" v="choker"/>
  </node>
  <node id="1014526109" lat="50.0812912" lon="14.4061243">
    <tag k="crossing" v="uncontrolled"/>
    <tag k="crossing:island" v="no"/>
    <tag k="crossing:markings" v="zebra"/>
    <tag k="highway" v="crossing"/>
    <tag k="source" v="bing:ortofoto"/>
    <tag k="tactile_paving" v="no"/>
  </node>
  <node id="1014526154" lat="50.0802983" lon="14.4151694">
    <tag k="crossing" v="marked"/>
    <tag k="crossing:island" v="no"/>
    <tag k="crossing:markings" v="yes"/>
    <tag k="highway" v="crossing"/>
    <tag k="source" v="bing:ortofoto"/>
    <tag k="tactile_paving" v="yes"/>
  </node>
  <node id="1014526180" lat="50.0801662" lon="14.4153031">
    <tag k="crossing" v="marked"/>
    <tag k="crossing:markings" v="yes"/>
    <tag k="highway" v="crossing"/>
    <tag k="source" v="bing:ortofoto"/>
    <tag k="tactile_paving" v="yes"/>
  </node>
  <node id="1014526304" lat="50.0903844" lon="14.4115106">
    <tag k="crossing" v="zebra"/>
    <tag k="crossing:island" v="no"/>
    <tag k="crossing:markings" v="zebra"/>
    <tag k="highway" v="crossing"/>
    <tag k="source" v="bing:ortofoto"/>
    <tag k="tactile_paving" v="no"/>
  </node>
  <node id="1014526309" lat="50.0876182" lon="14.4085366">
    <tag k="crossing" v="marked"/>
    <tag k="crossing:island" v="no"/>
    <tag k="crossing:markings" v="zebra"/>
    <tag k="highway" v="crossing"/>
    <tag k="source" v="bing:ortofoto"/>
    <tag k="tactile_paving" v="yes"/>
  </node>
  <node id="1014526319" lat="50.0813280" lon="14.4079295">
    <tag k="crossing" v="uncontrolled"/>
    <tag k="crossing:island" v="no"/>
    <tag k="crossing:markings" v="zebra"/>
    <tag k="highway" v="crossing"/>
    <tag k="kerb" v="lowered"/>
    <tag k="source" v="bing:ortofoto"/>
    <tag k="tactile_paving" v="no"/>
  </node>
  <node id="1016197915" lat="50.0953238" lon="14.4096502"/>
  <node id="1016197935" lat="50.0932949" lon="14.4084607">
    <tag k="ele" v="214"/>
  </node>
  <node id="1016197965" lat="50.0929349" lon="14.4086804">
    <tag k="ele" v="204"/>
  </node>
  <node id="1016197998" lat="50.0946735" lon="14.4108411"/>
  <node id="1016198026" lat="50.0936650" lon="14.4094378">
    <tag k="ele" v="218"/>
  </node>
  <node id="1016198027" lat="50.0928483" lon="14.4089994">
    <tag k="ele" v="202"/>
  </node>
  <node id="1016198034" lat="50.0913395" lon="14.4103440">
    <tag k="crossing" v="uncontrolled"/>
    <tag k="crossing:island" v="no"/>
    <tag k="crossing:markings" v="zebra"/>
    <tag k="crossing_ref" v="zebra"/>
    <tag k="highway" v="crossing"/>
    <tag k="tactile_paving" v="no"/>
  </node>
  <node id="1016198058" lat="50.0953436" lon="14.4096734"/>
  <node id="1016198103" lat="50.0932552" lon="14.4093166"/>
  <node id="1016198107" lat="50.0926114" lon="14.4094010">
    <tag k="crossing" v="uncontrolled"/>
    <tag k="crossing:island" v="no"/>
    <tag k="crossing:markings" v="zebra"/>
    <tag k="highway" v="crossing"/>
    <tag k="tactile_paving" v="no"/>
  </node>
  <node id="1016303163" lat="50.0906394" lon="14.4186010">
    <tag k="crossing" v="uncontrolled"/>
    <tag k="crossing:island" v="no"/>
    <tag k="crossing:markings" v="yes"/>
    <tag k="highway" v="crossing"/>
    <tag k="tactile_paving" v="yes"/>
  </node>
  <node id="1016303170" lat="50.0904815" lon="14.4152104">
    <tag k="crossing" v="uncontrolled"/>
    <tag k="crossing:markings" v="zebra"/>
    <tag k="highway" v="crossing"/>
    <tag k="source" v="bing:ortofoto"/>
    <tag k="tactile_paving" v="no"/>
  </node>
  <node id="1016303229" lat="50.0872918" lon="14.4149722">
    <tag k="crossing" v="zebra"/>
    <tag k="crossing:island" v="no"/>
    <tag k="crossing:markings" v="zebra"/>
    <tag k="highway" v="crossing"/>
    <tag k="source" v="bing:ortofoto"/>
    <tag k="tactile_paving" v="no"/>
  </node>
  <node id="1016303238" lat="50.0882835" lon="14.4164310">
    <tag k="crossing" v="uncontrolled"/>
    <tag k="crossing:island" v="no"/>
    <tag k="crossing:markings" v="zebra"/>
    <tag k="highway" v="crossing"/>
    <tag k="tactile_paving" v="no"/>
  </node>
  <node id="1016303246" lat="50.0907568" lon="14.4186634">
    <tag k="crossing" v="marked"/>
    <tag k="crossing:island" v="no"/>
    <tag k="crossing:markings" v="yes"/>
    <tag k="highway" v="crossing"/>
    <tag k="source" v="bing:ortofoto"/>
    <tag k="tactile_paving" v="yes"/>
  </node>
  <node id="1016303283" lat="50.0905339" lon="14.4180182"/>
  <node id="1016303291" lat="50.0873382" lon="14.4177311">
    <tag k="crossing" v="uncontrolled"/>
    <tag k="crossing:island" v="no"/>
    <tag k="crossing:markings" v="zebra"/>
    <tag k="highway" v="crossing"/>
    <tag k="tactile_paving" v="no"/>
  </node>
  <node id="1016303294" lat="50.0882317" lon="14.4175482">
    <tag k="crossing" v="uncontrolled"/>
    <tag k="crossing:island" v="no"/>
    <tag k="crossing:markings" v="zebra"/>
    <tag k="highway" v="crossing"/>
    <tag k="tactile_paving" v="no"/>
  </node>
  <node id="1016303311" lat="50.0931178" lon="14.4246964">
    <tag k="crossing" v="traffic_signals"/>
    <tag k="crossing:island" v="no"/>
    <tag k="crossing:markings" v="zebra"/>
    <tag k="highway" v="crossing"/>
    <tag k="source" v="bing:ortofoto"/>
    <tag k="tactile_paving" v="no"/>
  </node>
  <node id="1016303318" lat="50.0868860" lon="14.4179530">
    <tag k="crossing" v="uncontrolled"/>
    <tag k="crossing:island" v="no"/>
    <tag k="crossing:markings" v="zebra"/>
    <tag k="highway" v="crossing"/>
    <tag k="tactile_paving" v="yes"/>
  </node>
  <node id="1016303332" lat="50.0873023" lon="14.4168429">
    <tag k="crossing" v="uncontrolled"/>
    <tag k="crossing:island" v="no"/>
    <tag k="crossing:markings" v="yes"/>
    <tag k="highway" v="crossing"/>
    <tag k="tactile_paving" v="yes"/>
  </node>
  <node id="1016303334" lat="50.0888642" lon="14.4156495">
    <tag k="button_operated" v="no"/>
    <tag k="crossing" v="traffic_signals"/>
    <tag k="crossing:island" v="no"/>
    <tag k="crossing:markings" v="zebra"/>
    <tag k="highway" v="crossing"/>
    <tag k="source" v="bing:ortofoto"/>
    <tag k="tactile_paving" v="yes"/>
    <tag k="traffic_signals:sound" v="no"/>
    <tag k="traffic_signals:vibration" v="no"/>
  </node>
  <node id="1016303355" lat="50.0914001" lon="14.4181304">
    <tag k="crossing" v="uncontrolled"/>
    <tag k="crossing:island" v="no"/>
    <tag k="crossing:markings" v="zebra"/>
    <tag k="highway" v="crossing"/>
    <tag k="source" v="bing:ortofoto"/>
    <tag k="tactile_paving" v="no"/>
  </node>
  <node id="1016303363" lat="50.0881291" lon="14.4176564">
    <tag k="crossing" v="uncontrolled"/>
    <tag k="crossing:island" v="no"/>
    <tag k="crossing:markings" v="zebra"/>
    <tag k="highway" v="crossing"/>
    <tag k="source" v="bing:ortofoto"/>
    <tag k="tactile_paving" v="no"/>
  </node>
  <node id="1016303367" lat="50.0887827" lon="14.4153037">
    <tag k="button_operated" v="no"/>
    <tag k="crossing" v="traffic_signals"/>
    <tag k="crossing:island" v="no"/>
    <tag k="crossing:markings" v="zebra"/>
    <tag k="highway" v="crossing"/>
    <tag k="source" v="bing:ortofoto"/>
    <tag k="tactile_paving" v="yes"/>
    <tag k="traffic_signals:sound" v="no"/>
    <tag k="traffic_signals:vibration" v="no"/>
  </node>
  <node id="1016303389" lat="50.0885361" lon="14.4143071"/>
  <node id="1016303395" lat="50.0926797" lon="14.4200381">
    <tag k="crossing" v="marked"/>
    <tag k="crossing:island" v="no"/>
    <tag k="crossing:markings" v="yes"/>
    <tag k="highway" v="crossing"/>
    <tag k="source" v="bing:ortofoto"/>
    <tag k="tactile_paving" v="no"/>
  </node>
  <node id="1016303413" lat="50.0871264" lon="14.4149880">
    <tag k="crossing" v="uncontrolled"/>
    <tag k="crossing:island" v="no"/>
    <tag k="crossing:markings" v="zebra"/>
    <tag k="highway" v="crossing"/>
    <tag k="source" v="bing:ortofoto"/>
    <tag k="tactile_paving" v="no"/>
  </node>
  <node id="1016303440" lat="50.0908105" lon="14.4184937">
    <tag k="crossing" v="marked"/>
    <tag k="crossing:island" v="no"/>
    <tag k="crossing:markings" v="yes"/>
    <tag k="highway" v="crossing"/>
    <tag k="source" v="bing:ortofoto"/>
    <tag k="tactile_paving" v="yes"/>
  </node>
  <node id="1016303452" lat="50.0881617" lon="14.4178508">
    <tag k="crossing" v="uncontrolled"/>
    <tag k="crossing:island" v="no"/>
    <tag k="crossing:markings" v="zebra"/>
    <tag k="highway" v="crossing"/>
    <tag k="tactile_paving" v="no"/>
  </node>
  <node id="1016303543" lat="50.0872201" lon="14.4151950">
    <tag k="check_date:tactile_paving" v="2021-11-10"/>
    <tag k="crossing" v="zebra"/>
    <tag k="crossing:island" v="no"/>
    <tag k="highway" v="crossing"/>
    <tag k="source" v="bing:ortofoto"/>
    <tag k="tactile_paving" v="no"/>
  </node>
  <node id="1016303548" lat="50.0878960" lon="14.4189511">
    <tag k="crossing" v="uncontrolled"/>
    <tag k="crossing:island" v="no"/>
    <tag k="crossing:markings" v="zebra"/>
    <tag k="highway" v="crossing"/>
    <tag k="source" v="bing:ortofoto"/>
    <tag k="tactile_paving" v="incorrect"/>
  </node>
  <node id="1016303577" lat="50.0909965" lon="14.4155413"/>
  <node id="1016303584" lat="50.0928572" lon="14.4207308"/>
  <node id="1016303589" lat="50.0870636" lon="14.4192695">
    <tag k="crossing" v="uncontrolled"/>
    <tag k="crossing:island" v="no"/>
    <tag k="crossing:markings" v="zebra"/>
    <tag k="highway" v="crossing"/>
    <tag k="source" v="bing:ortofoto"/>
    <tag k="tactile_paving" v="no"/>
  </node>
  <node id="1016303611" lat="50.0879267" lon="14.4190821">
    <tag k="crossing" v="uncontrolled"/>
    <tag k="crossing:island" v="no"/>
    <tag k="crossing:markings" v="zebra"/>
    <tag k="highway" v="crossing"/>
    <tag k="tactile_paving" v="incorrect"/>
  </node>
  <node id="1016303633" lat="50.0925107" lon="14.4192179">
    <tag k="crossing" v="marked"/>
    <tag k="crossing:island" v="no"/>
    <tag k="crossing:markings" v="yes"/>
    <tag k="highway" v="crossing"/>
    <tag k="source" v="bing:ortofoto"/>
    <tag k="tactile_paving" v="no"/>
  </node>
  <node id="1016303670" lat="50.0874602" lon="14.4178927">
    <tag k="crossing" v="uncontrolled"/>
    <tag k="crossing:island" v="no"/>
    <tag k="crossing:markings" v="zebra"/>
    <tag k="highway" v="crossing"/>
    <tag k="tactile_paving" v="no"/>
  </node>
  <node id="1016303675" lat="50.0913653" lon="14.4160283">
    <tag k="crossing" v="uncontrolled"/>
    <tag k="crossing:island" v="no"/>
    <tag k="crossing:markings" v="zebra"/>
    <tag k="highway" v="crossing"/>
    <tag k="tactile_paving" v="no"/>
  </node>
  <node id="1016303679" lat="50.0885346" lon="14.4166829">
    <tag k="crossing" v="uncontrolled"/>
    <tag k="crossing:island" v="no"/>
    <tag k="crossing:markings" v="zebra"/>
    <tag k="highway" v="crossing"/>
    <tag k="tactile_paving" v="yes"/>
  </node>
  <node id="1016303741" lat="50.0953262" lon="14.4264098">
    <tag k="button_operated" v="yes"/>
    <tag k="crossing" v="traffic_signals"/>
    <tag k="highway" v="crossing"/>
    <tag k="source" v="bing:ortofoto"/>
    <tag k="tactile_paving" v="yes"/>
    <tag k="traffic_signals:sound" v="yes"/>
    <tag k="traffic_signals:vibration" v="no"/>
  </node>
  <node id="1016303748" lat="50.0906636" lon="14.4184497">
    <tag k="crossing" v="uncontrolled"/>
    <tag k="crossing:island" v="no"/>
    <tag k="crossing:markings" v="yes"/>
    <tag k="highway" v="crossing"/>
    <tag k="source" v="bing:ortofoto"/>
    <tag k="tactile_paving" v="no"/>
  </node>
  <node id="1016303784" lat="50.0928786" lon="14.4220625">
    <tag k="crossing" v="marked"/>
    <tag k="crossing:island" v="no"/>
    <tag k="crossing:markings" v="yes"/>
    <tag k="highway" v="crossing"/>
    <tag k="source" v="bing:ortofoto"/>
    <tag k="tactile_paving" v="no"/>
  </node>
  <node id="1016303789" lat="50.0959723" lon="14.4296399"/>
  <node id="1016303799" lat="50.0875663" lon="14.4190951">
    <tag k="crossing" v="uncontrolled"/>
    <tag k="crossing:island" v="no"/>
    <tag k="crossing:markings" v="zebra"/>
    <tag k="highway" v="crossing"/>
    <tag k="source" v="bing:ortofoto"/>
    <tag k="tactile_paving" v="yes"/>
  </node>
  <node id="1016303818" lat="50.0888042" lon="14.4144246"/>
  <node id="1030966567" lat="50.0834493" lon="14.4134188">
    <tag k="crossing" v="uncontrolled"/>
    <tag k="crossing:island" v="no"/>
    <tag k="crossing:markings" v="zebra"/>
    <tag k="highway" v="crossing"/>
    <tag k="source" v="bing:ortofoto"/>
    <tag k="tactile_paving" v="yes"/>
  </node>
  <node id="1030966605" lat="50.0799996" lon="14.4048451">
    <tag k="crossing" v="uncontrolled"/>
    <tag k="crossing:island" v="no"/>
    <tag k="crossing:markings" v="zebra"/>
    <tag k="highway" v="crossing"/>
    <tag k="kerb" v="lowered"/>
    <tag k="source" v="bing:ortofoto"/>
    <tag k="tactile_paving" v="yes"/>
  </node>
  <node id="1030966692" lat="50.0796144" lon="14.4070009">
    <tag k="crossing" v="uncontrolled"/>
    <tag k="crossing:island" v="no"/>
    <tag k="crossing:markings" v="zebra"/>
    <tag k="highway" v="crossing"/>
    <tag k="source" v="bing:ortofoto"/>
    <tag k="tactile_paving" v="yes"/>
  </node>
  <node id="1030966712" lat="50.0833442" lon="14.4138257"/>
  <node id="1030966972" lat="50.0806349" lon="14.4068441">
    <tag k="crossing" v="uncontrolled"/>
    <tag k="crossing:island" v="no"/>
    <tag k="crossing:markings" v="zebra"/>
    <tag k="highway" v="crossing"/>
    <tag k="kerb" v="lowered"/>
    <tag k="source" v="bing:ortofoto"/>
    <tag k="tactile_paving" v="yes"/>
  </node>
  <node id="1030967136" lat="50.0841171" lon="14.4133755"/>
  <node id="1030967176" lat="50.0801004" lon="14.4068861">
    <tag k="crossing" v="uncontrolled"/>
    <tag k="crossing:island" v="no"/>
    <tag k="crossing:markings" v="zebra"/>
    <tag k="highway" v="crossing"/>
    <tag k="source" v="bing:ortofoto"/>
    <tag k="tactile_paving" v="yes"/>
  </node>
  <node id="1030967189" lat="50.0869251" lon="14.4089452"/>
  <node id="1030967257" lat="50.0801696" lon="14.4069664">
    <tag k="crossing" v="uncontrolled"/>
    <tag k="crossing:island" v="no"/>
    <tag k="crossing:markings" v="zebra"/>
    <tag k="highway" v="crossing"/>
    <tag k="kerb" v="flush"/>
    <tag k="source" v="bing:ortofoto"/>
    <tag k="tactile_paving" v="yes"/>
    <tag k="traffic_calming" v="table"/>
  </node>
  <node id="1083837279" lat="50.0888246" lon="14.4096915"/>
  <node id="1134815718" lat="50.0920614" lon="14.4301001"/>
  <node id="1140062492" lat="50.0976765" lon="14.4228171"/>
  <node id="1157156564" lat="50.0853589" lon="14.4297214">
    <tag k="check_date:crossing" v="2021-11-29"/>
    <tag k="crossing" v="uncontrolled"/>
    <tag k="crossing:island" v="no"/>
    <tag k="crossing:markings" v="zebra"/>
    <tag k="highway" v="crossing"/>
    <tag k="tactile_paving" v="no"/>
  </node>
  <node id="1157156565" lat="50.0838392" lon="14.4282209">
    <tag k="crossing" v="uncontrolled"/>
    <tag k="crossing:island" v="no"/>
    <tag k="crossing:markings" v="zebra"/>
    <tag k="highway" v="crossing"/>
    <tag k="source" v="Bing,cuzk"/>
    <tag k="tactile_paving" v="no"/>
  </node>
  <node id="1157156568" lat="50.0844098" lon="14.4290243">
    <tag k="crossing" v="uncontrolled"/>
    <tag k="crossing:island" v="no"/>
    <tag k="crossing:markings" v="zebra"/>
    <tag k="highway" v="crossing"/>
    <tag k="source" v="Bing,cuzk"/>
    <tag k="tactile_paving" v="no"/>
  </node>
  <node id="1157156569" lat="50.0838225" lon="14.4280362">
    <tag k="crossing" v="uncontrolled"/>
    <tag k="crossing:island" v="no"/>
    <tag k="crossing:markings" v="zebra"/>
    <tag k="highway" v="crossing"/>
    <tag k="tactile_paving" v="no"/>
  </node>
  <node id="1157156572" lat="50.0836665" lon="14.4281567">
    <tag k="crossing" v="uncontrolled"/>
    <tag k="crossing:island" v="no"/>
    <tag k="crossing:markings" v="zebra"/>
    <tag k="highway" v="crossing"/>
    <tag k="tactile_paving" v="no"/>
  </node>
  <node id="1157156575" lat="50.0857006" lon="14.4295347">
    <tag k="check_date:crossing" v="2023-01-10"/>
    <tag k="crossing" v="uncontrolled"/>
    <tag k="crossing:island" v="no"/>
    <tag k="crossing:markings" v="zebra"/>
    <tag k="highway" v="crossing"/>
    <tag k="tactile_paving" v="yes"/>
  </node>
  <node id="1157156576" lat="50.0825092" lon="14.4297948">
    <tag k="crossing" v="marked"/>
    <tag k="crossing:markings" v="zebra"/>
    <tag k="highway" v="crossing"/>
    <tag k="tactile_paving" v="no"/>
  </node>
  <node id="1157156584" lat="50.0854016" lon="14.4298881">
    <tag k="check_date:crossing" v="2021-11-29"/>
    <tag k="crossing" v="uncontrolled"/>
    <tag k="crossing:island" v="no"/>
    <tag k="crossing:markings" v="zebra"/>
    <tag k="highway" v="crossing"/>
    <tag k="tactile_paving" v="no"/>
  </node>
  <node id="1157156586" lat="50.0851313" lon="14.4298544">
    <tag k="check_date:crossing" v="2021-11-29"/>
    <tag k="crossing" v="uncontrolled"/>
    <tag k="crossing:island" v="no"/>
    <tag k="crossing:markings" v="zebra"/>
    <tag k="highway" v="crossing"/>
    <tag k="tactile_paving" v="no"/>
  </node>
  <node id="1157156587" lat="50.0844089" lon="14.4288713">
    <tag k="crossing" v="uncontrolled"/>
    <tag k="highway" v="crossing"/>
    <tag k="tactile_paving" v="no"/>
  </node>
  <node id="1157156589" lat="50.0836540" lon="14.4279434">
    <tag k="crossing" v="uncontrolled"/>
    <tag k="crossing:island" v="no"/>
    <tag k="crossing:markings" v="zebra"/>
    <tag k="highway" v="crossing"/>
    <tag k="source" v="Bing,cuzk"/>
    <tag k="tactile_paving" v="yes"/>
  </node>
  <node id="1157156590" lat="50.0819943" lon="14.4305842">
    <tag k="crossing" v="zebra"/>
    <tag k="crossing:island" v="no"/>
    <tag k="highway" v="crossing"/>
    <tag k="tactile_paving" v="yes"/>
  </node>
  <node id="1167635087" lat="50.0773207" lon="14.4264589">
    <tag k="button_operated" v="no"/>
    <tag k="crossing" v="traffic_signals"/>
    <tag k="highway" v="crossing"/>
    <tag k="tactile_paving" v="yes"/>
    <tag k="traffic_signals:sound" v="no"/>
    <tag k="traffic_signals:vibration" v="no"/>
  </node>
  <node id="1174003834" lat="50.0948850" lon="14.4091256"/>
  <node id="1180321172" lat="50.0845530" lon="14.4063083"/>
  <node id="1180321195" lat="50.0831007" lon="14.4056032"/>
  <node id="1180321196" lat="50.0830588" lon="14.4057540"/>
  <node id="1225419809" lat="50.0812661" lon="14.4080712"/>
  <node id="1225461936" lat="50.0898341" lon="14.4209567">
    <tag k="crossing" v="uncontrolled"/>
    <tag k="crossing:island" v="no"/>
    <tag k="crossing:markings" v="zebra"/>
    <tag k="highway" v="crossing"/>
    <tag k="source" v="bing:ortofoto"/>
    <tag k="tactile_paving" v="yes"/>
  </node>
  <node id="1225461937" lat="50.0897339" lon="14.4208967">
    <tag k="crossing" v="uncontrolled"/>
    <tag k="crossing:island" v="no"/>
    <tag k="crossing:markings" v="zebra"/>
    <tag k="highway" v="crossing"/>
    <tag k="tactile_paving" v="yes"/>
  </node>
  <node id="1225461938" lat="50.0910422" lon="14.4202768">
    <tag k="crossing" v="uncontrolled"/>
    <tag k="crossing:island" v="no"/>
    <tag k="crossing:markings" v="zebra"/>
    <tag k="highway" v="crossing"/>
    <tag k="source" v="bing:ortofoto"/>
    <tag k="tactile_paving" v="yes"/>
  </node>
  <node id="1225461939" lat="50.0908422" lon="14.4194791">
    <tag k="crossing" v="uncontrolled"/>
    <tag k="crossing:island" v="no"/>
    <tag k="crossing:markings" v="yes"/>
    <tag k="highway" v="crossing"/>
    <tag k="tactile_paving" v="yes"/>
  </node>
  <node id="1225461941" lat="50.0909162" lon="14.4195347">
    <tag k="crossing" v="uncontrolled"/>
    <tag k="crossing:island" v="no"/>
    <tag k="crossing:markings" v="yes"/>
    <tag k="highway" v="crossing"/>
    <tag k="tactile_paving" v="yes"/>
  </node>
  <node id="1225461943" lat="50.0897832" lon="14.4201507">
    <tag k="crossing" v="uncontrolled"/>
    <tag k="crossing:island" v="no"/>
    <tag k="crossing:markings" v="zebra"/>
    <tag k="highway" v="crossing"/>
    <tag k="source" v="bing:ortofoto"/>
    <tag k="tactile_paving" v="yes"/>
  </node>
  <node id="1225461944" lat="50.0898507" lon="14.4207483">
    <tag k="crossing" v="uncontrolled"/>
    <tag k="crossing:island" v="no"/>
    <tag k="crossing:markings" v="zebra"/>
    <tag k="highway" v="crossing"/>
    <tag k="source" v="bing:ortofoto"/>
    <tag k="tactile_paving" v="yes"/>
  </node>
  <node id="1225805021" lat="50.0894348" lon="14.4227790">
    <tag k="crossing" v="zebra"/>
    <tag k="crossing:island" v="no"/>
    <tag k="crossing:markings" v="zebra"/>
    <tag k="highway" v="crossing"/>
    <tag k="source" v="bing:ortofoto"/>
    <tag k="tactile_paving" v="yes"/>
  </node>
  <node id="1225805026" lat="50.0906081" lon="14.4223185">
    <tag k="crossing" v="uncontrolled"/>
    <tag k="crossing:island" v="no"/>
    <tag k="crossing:markings" v="zebra"/>
    <tag k="highway" v="crossing"/>
    <tag k="source" v="bing:ortofoto"/>
    <tag k="tactile_paving" v="yes"/>
  </node>
  <node id="1225805029" lat="50.0894370" lon="14.4223817">
    <tag k="crossing" v="zebra"/>
    <tag k="crossing:island" v="no"/>
    <tag k="crossing:markings" v="zebra"/>
    <tag k="highway" v="crossing"/>
    <tag k="source" v="bing:ortofoto"/>
    <tag k="tactile_paving" v="no"/>
  </node>
  <node id="1225805045" lat="50.0888630" lon="14.4217983">
    <tag k="crossing" v="uncontrolled"/>
    <tag k="crossing:island" v="no"/>
    <tag k="crossing:markings" v="zebra"/>
    <tag k="highway" v="crossing"/>
    <tag k="tactile_paving" v="yes"/>
  </node>
  <node id="1225805054" lat="50.0905741" lon="14.4230584">
    <tag k="crossing" v="uncontrolled"/>
    <tag k="crossing:island" v="no"/>
    <tag k="crossing:markings" v="zebra"/>
    <tag k="highway" v="crossing"/>
    <tag k="source" v="bing:ortofoto"/>
    <tag k="tactile_paving" v="yes"/>
  </node>
  <node id="1225805059" lat="50.0903793" lon="14.4227955">
    <tag k="crossing" v="uncontrolled"/>
    <tag k="crossing:island" v="no"/>
    <tag k="crossing:markings" v="zebra"/>
    <tag k="highway" v="crossing"/>
    <tag k="kerb" v="lowered"/>
    <tag k="tactile_paving" v="no"/>
  </node>
  <node id="1225805064" lat="50.0915842" lon="14.4203047">
    <tag k="check_date" v="2021-08-31"/>
    <tag k="traffic_calming" v="bump"/>
  </node>
  <node id="1225805066" lat="50.0905787" lon="14.4232774">
    <tag k="crossing" v="zebra"/>
    <tag k="crossing:island" v="no"/>
    <tag k="highway" v="crossing"/>
    <tag k="source" v="bing:ortofoto"/>
    <tag k="tactile_paving" v="yes"/>
  </node>
  <node id="1225805099" lat="50.0893535" lon="14.4225487">
    <tag k="crossing" v="zebra"/>
    <tag k="crossing:island" v="no"/>
    <tag k="crossing:markings" v="zebra"/>
    <tag k="highway" v="crossing"/>
    <tag k="source" v="bing:ortofoto"/>
    <tag k="tactile_paving" v="no"/>
  </node>
  <node id="1225805130" lat="50.0907641" lon="14.4238819">
    <tag k="crossing" v="uncontrolled"/>
    <tag k="highway" v="crossing"/>
    <tag k="source" v="bing:ortofoto"/>
    <tag k="tactile_paving" v="no"/>
  </node>
  <node id="1225805134" lat="50.0893347" lon="14.4229098"/>
  <node id="1225805137" lat="50.0893581" lon="14.4238017"/>
  <node id="1225805140" lat="50.0917115" lon="14.4202917">
    <tag k="crossing" v="uncontrolled"/>
    <tag k="crossing:island" v="no"/>
    <tag k="crossing:markings" v="zebra"/>
    <tag k="highway" v="crossing"/>
    <tag k="tactile_paving" v="yes"/>
  </node>
  <node id="1225805142" lat="50.0895588" lon="14.4225796">
    <tag k="crossing" v="zebra"/>
    <tag k="crossing:island" v="no"/>
    <tag k="crossing:markings" v="zebra"/>
    <tag k="highway" v="crossing"/>
    <tag k="source" v="bing:ortofoto"/>
    <tag k="tactile_paving" v="no"/>
  </node>
  <node id="1235949507" lat="50.0902433" lon="14.4115349"/>
  <node id="1235949515" lat="50.0819646" lon="14.4045699">
    <tag k="crossing" v="uncontrolled"/>
    <tag k="crossing:island" v="no"/>
    <tag k="crossing:markings" v="zebra"/>
    <tag k="highway" v="crossing"/>
    <tag k="source" v="bing:ortofoto"/>
    <tag k="tactile_paving" v="yes"/>
  </node>
  <node id="1235949524" lat="50.0929387" lon="14.4085456">
    <tag k="ele" v="205"/>
  </node>
  <node id="1235949551" lat="50.0920382" lon="14.4111551">
    <tag k="crossing" v="uncontrolled"/>
    <tag k="crossing:island" v="no"/>
    <tag k="crossing:markings" v="yes"/>
    <tag k="crossing_ref" v="zebra"/>
    <tag k="highway" v="crossing"/>
    <tag k="tactile_paving" v="yes"/>
  </node>
  <node id="1235949566" lat="50.0935052" lon="14.4092708">
    <tag k="ele" v="216"/>
  </node>
  <node id="1235949573" lat="50.0811725" lon="14.4048227">
    <tag k="button_operated" v="no"/>
    <tag k="crossing" v="traffic_signals"/>
    <tag k="crossing:island" v="no"/>
    <tag k="crossing:markings" v="zebra"/>
    <tag k="highway" v="crossing"/>
    <tag k="source" v="bing:ortofoto"/>
    <tag k="tactile_paving" v="yes"/>
    <tag k="traffic_signals:sound" v="no"/>
    <tag k="traffic_signals:vibration" v="no"/>
  </node>
  <node id="1235949581" lat="50.0925262" lon="14.4094440">
    <tag k="crossing" v="uncontrolled"/>
    <tag k="crossing:island" v="no"/>
    <tag k="crossing:markings" v="zebra"/>
    <tag k="highway" v="crossing"/>
    <tag k="source" v="bing:ortofoto"/>
    <tag k="tactile_paving" v="no"/>
  </node>
  <node id="1238413424" lat="50.0927071" lon="14.4285755">
    <tag k="crossing" v="zebra"/>
    <tag k="crossing:island" v="no"/>
    <tag k="highway" v="crossing"/>
    <tag k="source" v="bing:ortofoto"/>
    <tag k="tactile_paving" v="no"/>
  </node>
  <node id="1238413429" lat="50.0932726" lon="14.4280461">
    <tag k="button_operated" v="yes"/>
    <tag k="crossing" v="traffic_signals"/>
    <tag k="crossing:island" v="no"/>
    <tag k="crossing:markings" v="yes"/>
    <tag k="highway" v="crossing"/>
    <tag k="source" v="bing:ortofoto"/>
    <tag k="tactile_paving" v="yes"/>
    <tag k="traffic_signals:sound" v="yes"/>
    <tag k="traffic_signals:vibration" v="no"/>
  </node>
  <node id="1238413439" lat="50.0925967" lon="14.4271926">
    <tag k="button_operated" v="yes"/>
    <tag k="crossing" v="traffic_signals"/>
    <tag k="crossing:island" v="yes"/>
    <tag k="crossing:markings" v="yes"/>
    <tag k="highway" v="crossing"/>
    <tag k="source" v="bing:ortofoto"/>
    <tag k="tactile_paving" v="yes"/>
    <tag k="traffic_signals:sound" v="no"/>
    <tag k="traffic_signals:vibration" v="no"/>
  </node>
  <node id="1238413442" lat="50.0919603" lon="14.4292698">
    <tag k="highway" v="crossing"/>
    <tag k="source" v="bing:ortofoto"/>
  </node>
  <node id="1238413444" lat="50.0926257" lon="14.4275229">
    <tag k="button_operated" v="yes"/>
    <tag k="crossing" v="traffic_signals"/>
    <tag k="crossing:island" v="no"/>
    <tag k="crossing:markings" v="yes"/>
    <tag k="highway" v="crossing"/>
    <tag k="source" v="bing:ortofoto"/>
    <tag k="tactile_paving" v="yes"/>
    <tag k="traffic_signals:sound" v="no"/>
    <tag k="traffic_signals:vibration" v="no"/>
  </node>
  <node id="1238413449" lat="50.0931304" lon="14.4282435">
    <tag k="button_operated" v="yes"/>
    <tag k="crossing" v="traffic_signals"/>
    <tag k="crossing:island" v="no"/>
    <tag k="crossing:markings" v="yes"/>
    <tag k="highway" v="crossing"/>
    <tag k="source" v="bing:ortofoto"/>
    <tag k="tactile_paving" v="yes"/>
    <tag k="traffic_signals:sound" v="yes"/>
    <tag k="traffic_signals:vibration" v="no"/>
  </node>
  <node id="1238413454" lat="50.0928143" lon="14.4306712">
    <tag k="crossing" v="zebra"/>
    <tag k="crossing:island" v="no"/>
    <tag k="highway" v="crossing"/>
    <tag k="source" v="bing:ortofoto"/>
    <tag k="tactile_paving" v="no"/>
  </node>
  <node id="1238413455" lat="50.0926850" lon="14.4282174">
    <tag k="crossing" v="zebra"/>
    <tag k="crossing:island" v="no"/>
    <tag k="highway" v="crossing"/>
    <tag k="source" v="bing:ortofoto"/>
    <tag k="tactile_paving" v="no"/>
  </node>
  <node id="1240059918" lat="50.0858207" lon="14.4301520"/>
  <node id="1240083555" lat="50.0910603" lon="14.4316618"/>
  <node id="1240721191" lat="50.0926625" lon="14.4194833"/>
  <node id="1240721209" lat="50.0924027" lon="14.4184703"/>
  <node id="1245319908" lat="50.0858840" lon="14.4052893"/>
  <node id="1245319924" lat="50.0854589" lon="14.4053730"/>
  <node id="1245319939" lat="50.0855408" lon="14.4053820"/>
  <node id="1245319947" lat="50.0862706" lon="14.4051997"/>
  <node id="1245319963" lat="50.0862766" lon="14.4050798"/>
  <node id="1245319973" lat="50.0853903" lon="14.4053834"/>
  <node id="1245319981" lat="50.0855590" lon="14.4060951"/>
  <node id="1245319991" lat="50.0864227" lon="14.4049728"/>
  <node id="1245320001" lat="50.0856833" lon="14.4053648">
    <tag k="crossing" v="marked"/>
    <tag k="crossing:markings" v="zebra"/>
    <tag k="crossing_ref" v="zebra"/>
    <tag k="highway" v="crossing"/>
    <tag k="source" v="bing:ortofoto"/>
    <tag k="tactile_paving" v="yes"/>
  </node>
  <node id="1245320038" lat="50.0861057" lon="14.4052150"/>
  <node id="1245320068" lat="50.0855724" lon="14.4058739"/>
  <node id="1245320070" lat="50.0843434" lon="14.4044461">
    <tag k="button_operated" v="no"/>
    <tag k="check_date:traffic_signals:vibration" v="2026-01-28"/>
    <tag k="crossing" v="traffic_signals"/>
    <tag k="crossing:island" v="no"/>
    <tag k="crossing:markings" v="zebra"/>
    <tag k="highway" v="crossing"/>
    <tag k="source" v="bing:ortofoto"/>
    <tag k="tactile_paving" v="yes"/>
    <tag k="traffic_signals:sound" v="yes"/>
    <tag k="traffic_signals:vibration" v="no"/>
  </node>
  <node id="1245320081" lat="50.0863785" lon="14.4052345"/>
  <node id="1245320086" lat="50.0863871" lon="14.4053755">
    <tag k="crossing" v="uncontrolled"/>
    <tag k="crossing:island" v="no"/>
    <tag k="highway" v="crossing"/>
    <tag k="source" v="bing:ortofoto"/>
    <tag k="tactile_paving" v="yes"/>
  </node>
  <node id="1245320088" lat="50.0805415" lon="14.4047593">
    <tag k="crossing" v="uncontrolled"/>
    <tag k="crossing:island" v="no"/>
    <tag k="crossing:markings" v="zebra"/>
    <tag k="highway" v="crossing"/>
    <tag k="kerb" v="lowered"/>
    <tag k="source" v="bing:ortofoto"/>
    <tag k="tactile_paving" v="yes"/>
  </node>
  <node id="1251376442" lat="50.0839237" lon="14.4185742">
    <tag k="crossing" v="zebra"/>
    <tag k="crossing:island" v="no"/>
    <tag k="crossing:markings" v="zebra"/>
    <tag k="highway" v="crossing"/>
    <tag k="source" v="bing:ortofoto"/>
    <tag k="tactile_paving" v="yes"/>
  </node>
  <node id="1251645236" lat="50.0897021" lon="14.4183484"/>
  <node id="1251645240" lat="50.0890431" lon="14.4168982">
    <tag k="crossing" v="uncontrolled"/>
    <tag k="crossing:island" v="no"/>
    <tag k="crossing:markings" v="zebra"/>
    <tag k="highway" v="crossing"/>
    <tag k="source" v="bing:ortofoto"/>
    <tag k="tactile_paving" v="yes"/>
  </node>
  <node id="1251645249" lat="50.0884129" lon="14.4187725">
    <tag k="crossing" v="uncontrolled"/>
    <tag k="crossing:island" v="no"/>
    <tag k="crossing:markings" v="zebra"/>
    <tag k="highway" v="crossing"/>
    <tag k="tactile_paving" v="yes"/>
  </node>
  <node id="1251645253" lat="50.0894205" lon="14.4192383">
    <tag k="crossing" v="uncontrolled"/>
    <tag k="crossing:island" v="no"/>
    <tag k="crossing:markings" v="zebra"/>
    <tag k="highway" v="crossing"/>
    <tag k="tactile_paving" v="yes"/>
  </node>
  <node id="1251645257" lat="50.0893380" lon="14.4194345">
    <tag k="crossing" v="uncontrolled"/>
    <tag k="crossing:island" v="no"/>
    <tag k="crossing:markings" v="zebra"/>
    <tag k="highway" v="crossing"/>
    <tag k="tactile_paving" v="no"/>
  </node>
  <node id="1251645261" lat="50.0895301" lon="14.4193134">
    <tag k="crossing" v="uncontrolled"/>
    <tag k="crossing:island" v="no"/>
    <tag k="crossing:markings" v="zebra"/>
    <tag k="highway" v="crossing"/>
    <tag k="tactile_paving" v="yes"/>
  </node>
  <node id="1251645265" lat="50.0891177" lon="14.4183965">
    <tag k="crossing" v="uncontrolled"/>
    <tag k="crossing:island" v="no"/>
    <tag k="crossing:markings" v="zebra"/>
    <tag k="highway" v="crossing"/>
    <tag k="tactile_paving" v="yes"/>
  </node>
  <node id="1251645273" lat="50.0894748" lon="14.4194973">
    <tag k="crossing" v="uncontrolled"/>
    <tag k="crossing:island" v="no"/>
    <tag k="crossing:markings" v="zebra"/>
    <tag k="highway" v="crossing"/>
    <tag k="tactile_paving" v="yes"/>
  </node>
  <node id="1251645276" lat="50.0892937" lon="14.4160178">
    <tag k="crossing" v="uncontrolled"/>
    <tag k="crossing:island" v="no"/>
    <tag k="crossing:markings" v="zebra"/>
    <tag k="highway" v="crossing"/>
    <tag k="source" v="bing:ortofoto"/>
    <tag k="tactile_paving" v="yes"/>
  </node>
  <node id="1251663044" lat="50.0918683" lon="14.4222985"/>
  <node id="1251663048" lat="50.0892734" lon="14.4240622">
    <tag k="traffic_calming" v="bump"/>
  </node>
  <node id="1251663049" lat="50.0887028" lon="14.4220858"/>
  <node id="1251663050" lat="50.0908579" lon="14.4276923">
    <tag k="button_operated" v="no"/>
    <tag k="crossing" v="traffic_signals"/>
    <tag k="crossing:island" v="no"/>
    <tag k="crossing:markings" v="zebra"/>
    <tag k="highway" v="crossing"/>
    <tag k="tactile_paving" v="yes"/>
    <tag k="traffic_signals:sound" v="no"/>
    <tag k="traffic_signals:vibration" v="no"/>
  </node>
  <node id="1251663054" lat="50.0910719" lon="14.4241509"/>
  <node id="1251663055" lat="50.0901678" lon="14.4245863">
    <tag k="check_date" v="2021-08-26"/>
    <tag k="traffic_calming" v="table"/>
  </node>
  <node id="1251663058" lat="50.0895115" lon="14.4224129"/>
  <node id="1251663060" lat="50.0918854" lon="14.4218803"/>
  <node id="1251663061" lat="50.0906463" lon="14.4271832">
    <tag k="crossing" v="uncontrolled"/>
    <tag k="crossing:island" v="no"/>
    <tag k="crossing:markings" v="zebra"/>
    <tag k="highway" v="crossing"/>
    <tag k="tactile_paving" v="yes"/>
  </node>
  <node id="1251663065" lat="50.0905034" lon="14.4258351">
    <tag k="crossing" v="zebra"/>
    <tag k="crossing:island" v="no"/>
    <tag k="highway" v="crossing"/>
    <tag k="source" v="bing:ortofoto"/>
    <tag k="tactile_paving" v="no"/>
  </node>
  <node id="1251663067" lat="50.0892898" lon="14.4241112">
    <tag k="crossing" v="zebra"/>
    <tag k="highway" v="crossing"/>
    <tag k="source" v="bing:ortofoto"/>
    <tag k="tactile_paving" v="yes"/>
  </node>
  <node id="1251663068" lat="50.0906334" lon="14.4259992"/>
  <node id="1251663069" lat="50.0898773" lon="14.4207175"/>
  <node id="1251663070" lat="50.0913938" lon="14.4277943">
    <tag k="crossing" v="uncontrolled"/>
    <tag k="crossing:island" v="no"/>
    <tag k="crossing:markings" v="zebra"/>
    <tag k="highway" v="crossing"/>
    <tag k="tactile_paving" v="yes"/>
  </node>
  <node id="1251663073" lat="50.0916331" lon="14.4221615"/>
  <node id="1251663074" lat="50.0905381" lon="14.4256707">
    <tag k="crossing" v="marked"/>
    <tag k="crossing:island" v="no"/>
    <tag k="crossing:markings" v="yes"/>
    <tag k="highway" v="crossing"/>
    <tag k="source" v="bing:ortofoto"/>
    <tag k="tactile_paving" v="no"/>
  </node>
  <node id="1251663076" lat="50.0893287" lon="14.4224469"/>
  <node id="1251663079" lat="50.0907525" lon="14.4279476">
    <tag k="button_operated" v="no"/>
    <tag k="crossing" v="traffic_signals"/>
    <tag k="crossing:island" v="no"/>
    <tag k="crossing:markings" v="zebra"/>
    <tag k="highway" v="crossing"/>
    <tag k="source" v="bing:ortofoto"/>
    <tag k="tactile_paving" v="yes"/>
    <tag k="traffic_signals:sound" v="no"/>
    <tag k="traffic_signals:vibration" v="no"/>
  </node>
  <node id="1251663081" lat="50.0912678" lon="14.4232601">
    <tag k="traffic_calming" v="bump"/>
  </node>
  <node id="1251663082" lat="50.0896252" lon="14.4260278">
    <tag k="crossing" v="marked"/>
    <tag k="crossing:island" v="no"/>
    <tag k="crossing:markings" v="yes"/>
    <tag k="highway" v="crossing"/>
    <tag k="kerb" v="lowered"/>
    <tag k="source" v="bing:ortofoto"/>
    <tag k="tactile_paving" v="yes"/>
  </node>
  <node id="1251663083" lat="50.0898801" lon="14.4205759"/>
  <node id="1251663085" lat="50.0906491" lon="14.4277464">
    <tag k="button_operated" v="no"/>
    <tag k="crossing" v="traffic_signals"/>
    <tag k="crossing:island" v="no"/>
    <tag k="crossing:markings" v="zebra"/>
    <tag k="highway" v="crossing"/>
    <tag k="source" v="Bing;cuzk"/>
    <tag k="tactile_paving" v="yes"/>
    <tag k="traffic_signals:sound" v="no"/>
    <tag k="traffic_signals:vibration" v="no"/>
  </node>
  <node id="1251663088" lat="50.0914312" lon="14.4241468">
    <tag k="crossing" v="uncontrolled"/>
    <tag k="crossing:island" v="no"/>
    <tag k="crossing:markings" v="zebra"/>
    <tag k="highway" v="crossing"/>
    <tag k="source" v="bing:ortofoto"/>
    <tag k="tactile_paving" v="no"/>
  </node>
  <node id="1251663093" lat="50.0907451" lon="14.4275881">
    <tag k="button_operated" v="no"/>
    <tag k="crossing" v="traffic_signals"/>
    <tag k="crossing:island" v="no"/>
    <tag k="crossing:markings" v="zebra"/>
    <tag k="highway" v="crossing"/>
    <tag k="tactile_paving" v="yes"/>
    <tag k="traffic_signals:sound" v="no"/>
    <tag k="traffic_signals:vibration" v="no"/>
  </node>
  <node id="1251663094" lat="50.0923198" lon="14.4261269"/>
  <node id="1259739781" lat="50.0803177" lon="14.4149013"/>
  <node id="1265637966" lat="50.0815006" lon="14.4156849"/>
  <node id="1265637971" lat="50.0829419" lon="14.4147095"/>
  <node id="1265637977" lat="50.0821091" lon="14.4139468">
    <tag k="crossing" v="uncontrolled"/>
    <tag k="crossing:island" v="no"/>
    <tag k="crossing:markings" v="yes"/>
    <tag k="highway" v="crossing"/>
    <tag k="source" v="bing:ortofoto"/>
    <tag k="tactile_paving" v="yes"/>
    <tag k="traffic_calming" v="table"/>
  </node>
  <node id="1265637986" lat="50.0877349" lon="14.4151146">
    <tag k="crossing" v="zebra"/>
    <tag k="crossing:island" v="no"/>
    <tag k="crossing:markings" v="zebra"/>
    <tag k="highway" v="crossing"/>
    <tag k="source" v="bing:ortofoto"/>
    <tag k="tactile_paving" v="yes"/>
  </node>
  <node id="1265637987" lat="50.0834235" lon="14.4163341"/>
  <node id="1265637994" lat="50.0828790" lon="14.4140617">
    <tag k="crossing" v="uncontrolled"/>
    <tag k="crossing:island" v="no"/>
    <tag k="crossing:markings" v="zebra"/>
    <tag k="crossing:signals" v="no"/>
    <tag k="highway" v="crossing"/>
    <tag k="source" v="bing:ortofoto"/>
    <tag k="tactile_paving" v="yes"/>
  </node>
  <node id="1265637999" lat="50.0815416" lon="14.4164427">
    <tag k="crossing" v="marked"/>
    <tag k="crossing:markings" v="yes"/>
    <tag k="highway" v="crossing"/>
    <tag k="source" v="bing:ortofoto"/>
    <tag k="tactile_paving" v="yes"/>
  </node>
  <node id="1265638006" lat="50.0806684" lon="14.4167963">
    <tag k="crossing" v="uncontrolled"/>
    <tag k="crossing:island" v="no"/>
    <tag k="crossing:markings" v="zebra"/>
    <tag k="highway" v="crossing"/>
    <tag k="kerb" v="lowered"/>
    <tag k="source" v="bing:ortofoto"/>
    <tag k="tactile_paving" v="no"/>
  </node>
  <node id="1265638015" lat="50.0878501" lon="14.4154565">
    <tag k="crossing" v="uncontrolled"/>
    <tag k="crossing:island" v="no"/>
    <tag k="crossing:markings" v="zebra"/>
    <tag k="highway" v="crossing"/>
    <tag k="tactile_paving" v="yes"/>
  </node>
  <node id="1265638022" lat="50.0878705" lon="14.4164623">
    <tag k="crossing" v="uncontrolled"/>
    <tag k="crossing:island" v="no"/>
    <tag k="crossing:markings" v="zebra"/>
    <tag k="highway" v="crossing"/>
    <tag k="tactile_paving" v="no"/>
  </node>
  <node id="1265638038" lat="50.0816588" lon="14.4164912">
    <tag k="crossing" v="uncontrolled"/>
    <tag k="crossing:island" v="no"/>
    <tag k="crossing:markings" v="zebra"/>
    <tag k="highway" v="crossing"/>
    <tag k="source" v="bing:ortofoto"/>
    <tag k="tactile_paving" v="no"/>
  </node>
  <node id="1265638042" lat="50.0802144" lon="14.4169803"/>
  <node id="1265638061" lat="50.0822784" lon="14.4148914">
    <tag k="traffic_calming" v="bump"/>
  </node>
  <node id="1265638063" lat="50.0892056" lon="14.4143945"/>
  <node id="1265671352" lat="50.0792119" lon="14.4210536">
    <tag k="crossing" v="uncontrolled"/>
    <tag k="crossing:island" v="no"/>
    <tag k="crossing:markings" v="yes"/>
    <tag k="highway" v="crossing"/>
    <tag k="tactile_paving" v="yes"/>
  </node>
  <node id="1265671364" lat="50.0801792" lon="14.4235337">
    <tag k="crossing" v="uncontrolled"/>
    <tag k="crossing:island" v="no"/>
    <tag k="crossing:markings" v="zebra"/>
    <tag k="disused:highway" v="crossing"/>
    <tag k="highway" v="crossing"/>
    <tag k="kerb" v="lowered"/>
    <tag k="source" v="Bing,cuzk"/>
    <tag k="tactile_paving" v="yes"/>
  </node>
  <node id="1265671378" lat="50.0804738" lon="14.4198283"/>
  <node id="1265671383" lat="50.0800239" lon="14.4235448">
    <tag k="crossing" v="uncontrolled"/>
    <tag k="crossing:island" v="no"/>
    <tag k="crossing:markings" v="zebra"/>
    <tag k="highway" v="crossing"/>
    <tag k="source" v="bing:ortofoto"/>
    <tag k="tactile_paving" v="yes"/>
  </node>
  <node id="1289256315" lat="50.0929682" lon="14.4091382">
    <tag k="check_date" v="2022-08-04"/>
    <tag k="traffic_calming" v="bump"/>
  </node>
  <node id="1289267284" lat="50.0909379" lon="14.4167138">
    <tag k="crossing" v="marked"/>
    <tag k="crossing:island" v="no"/>
    <tag k="crossing:markings" v="yes"/>
    <tag k="highway" v="crossing"/>
    <tag k="tactile_paving" v="yes"/>
  </node>
  <node id="1289267287" lat="50.0914885" lon="14.4180532"/>
  <node id="1289267288" lat="50.0903190" lon="14.4161032">
    <tag k="crossing" v="uncontrolled"/>
    <tag k="highway" v="crossing"/>
    <tag k="tactile_paving" v="yes"/>
  </node>
  <node id="1289267289" lat="50.0916918" lon="14.4180215"/>
  <node id="1290886586" lat="50.0945609" lon="14.4072773"/>
  <node id="1302564350" lat="50.0823213" lon="14.4059145"/>
  <node id="1302564429" lat="50.0904795" lon="14.4099697"/>
  <node id="1302564453" lat="50.0881662" lon="14.4092571"/>
  <node id="1302564458" lat="50.0904592" lon="14.4118227"/>
  <node id="1302564471" lat="50.0895407" lon="14.4100089"/>
  <node id="1302564488" lat="50.0823493" lon="14.4060125"/>
  <node id="1302564509" lat="50.0881801" lon="14.4093695"/>
  <node id="1302564592" lat="50.0933574" lon="14.4144842"/>
  <node id="1302564597" lat="50.0819850" lon="14.4072685"/>
  <node id="1306660578" lat="50.0957341" lon="14.4291329">
    <tag k="crossing" v="uncontrolled"/>
    <tag k="highway" v="crossing"/>
    <tag k="source" v="bing:ortofoto"/>
    <tag k="tactile_paving" v="no"/>
  </node>
  <node id="1306660581" lat="50.0951883" lon="14.4258473"/>
  <node id="1306660589" lat="50.0962545" lon="14.4310172"/>
  <node id="1306660605" lat="50.0951597" lon="14.4241065"/>
  <node id="1306660609" lat="50.0952161" lon="14.4244791"/>
  <node id="1306660620" lat="50.0951409" lon="14.4245245"/>
  <node id="1306660627" lat="50.0952987" lon="14.4245906"/>
  <node id="1306660644" lat="50.0953175" lon="14.4255596"/>
  <node id="1307142655" lat="50.0874785" lon="14.4069878"/>
  <node id="1307142657" lat="50.0889584" lon="14.4101391"/>
  <node id="1307142670" lat="50.0875058" lon="14.4054787">
    <tag k="check_date:tactile_paving" v="2022-03-26"/>
    <tag k="crossing" v="uncontrolled"/>
    <tag k="crossing:island" v="no"/>
    <tag k="crossing:markings" v="zebra"/>
    <tag k="highway" v="crossing"/>
    <tag k="tactile_paving" v="no"/>
  </node>
  <node id="1307142689" lat="50.0856642" lon="14.4053678">
    <tag k="check_date" v="2023-02-07"/>
    <tag k="traffic_calming" v="bump"/>
  </node>
  <node id="1307142692" lat="50.0861692" lon="14.4072308"/>
  <node id="1307142694" lat="50.0925601" lon="14.4093016"/>
  <node id="1307142703" lat="50.0888615" lon="14.4067586"/>
  <node id="1307142706" lat="50.0895335" lon="14.4073623"/>
  <node id="1307169344" lat="50.0926100" lon="14.4120239"/>
  <node id="1307169367" lat="50.0907594" lon="14.4122058"/>
  <node id="1316382277" lat="50.0957094" lon="14.4083828"/>
  <node id="1316382304" lat="50.0904979" lon="14.4064983">
    <tag k="crossing" v="uncontrolled"/>
    <tag k="crossing:island" v="no"/>
    <tag k="crossing:markings" v="zebra"/>
    <tag k="highway" v="crossing"/>
    <tag k="tactile_paving" v="yes"/>
  </node>
  <node id="1316382349" lat="50.0902676" lon="14.4052135"/>
  <node id="1316382371" lat="50.0944525" lon="14.4069145"/>
  <node id="1329617506" lat="50.0863592" lon="14.4145490"/>
  <node id="1332272473" lat="50.0818621" lon="14.4063076"/>
  <node id="1336887199" lat="50.0854933" lon="14.4221090"/>
  <node id="1399998578" lat="50.0808809" lon="14.4183663">
    <tag k="crossing" v="uncontrolled"/>
    <tag k="crossing:island" v="no"/>
    <tag k="crossing:markings" v="zebra"/>
    <tag k="highway" v="crossing"/>
    <tag k="source" v="bing"/>
    <tag k="tactile_paving" v="yes"/>
  </node>
  <node id="1399998579" lat="50.0816714" lon="14.4211838">
    <tag k="crossing" v="zebra"/>
    <tag k="crossing:island" v="no"/>
    <tag k="highway" v="crossing"/>
    <tag k="source" v="bing"/>
    <tag k="tactile_paving" v="yes"/>
  </node>
  <node id="1399998580" lat="50.0817869" lon="14.4210706">
    <tag k="crossing" v="zebra"/>
    <tag k="crossing:island" v="no"/>
    <tag k="highway" v="crossing"/>
    <tag k="source" v="bing"/>
    <tag k="tactile_paving" v="yes"/>
  </node>
  <node id="1399998581" lat="50.0859185" lon="14.4292772">
    <tag k="crossing" v="uncontrolled"/>
    <tag k="crossing:island" v="no"/>
    <tag k="crossing:markings" v="zebra"/>
    <tag k="highway" v="crossing"/>
    <tag k="kerb" v="lowered"/>
    <tag k="source" v="bing"/>
    <tag k="tactile_paving" v="no"/>
  </node>
  <node id="1400002839" lat="50.0851468" lon="14.4146093"/>
  <node id="1400002842" lat="50.0853386" lon="14.4146034"/>
  <node id="1400002844" lat="50.0874095" lon="14.4274455">
    <tag k="crossing" v="zebra"/>
    <tag k="highway" v="crossing"/>
    <tag k="source" v="bing"/>
    <tag k="tactile_paving" v="yes"/>
  </node>
  <node id="1400002847" lat="50.0879838" lon="14.4271828">
    <tag k="crossing" v="zebra"/>
    <tag k="crossing:island" v="no"/>
    <tag k="crossing:markings" v="zebra"/>
    <tag k="highway" v="crossing"/>
    <tag k="source" v="bing"/>
    <tag k="tactile_paving" v="no"/>
  </node>
  <node id="1400006720" lat="50.0925285" lon="14.4250434"/>
  <node id="1406960691" lat="50.0851133" lon="14.4215534"/>
  <node id="1406960693" lat="50.0851601" lon="14.4215041"/>
  <node id="1406960700" lat="50.0852365" lon="14.4213954"/>
  <node id="1407012493" lat="50.0842741" lon="14.4200583"/>
  <node id="1407012496" lat="50.0843675" lon="14.4205378"/>
  <node id="1407012504" lat="50.0847726" lon="14.4220255">
    <tag k="crossing" v="uncontrolled"/>
    <tag k="crossing:island" v="no"/>
    <tag k="crossing:markings" v="zebra"/>
    <tag k="highway" v="crossing"/>
    <tag k="tactile_paving" v="yes"/>
  </node>
  <node id="1407012515" lat="50.0872115" lon="14.4259472"/>
  <node id="1407012517" lat="50.0877417" lon="14.4253858"/>
  <node id="1407012518" lat="50.0884385" lon="14.4245129"/>
  <node id="1407012519" lat="50.0889432" lon="14.4242466"/>
  <node id="1407012525" lat="50.0893628" lon="14.4226586"/>
  <node id="1407012527" lat="50.0893956" lon="14.4227803"/>
  <node id="1407012529" lat="50.0918463" lon="14.4222280"/>
  <node id="1410296774" lat="50.0911627" lon="14.4221952"/>
  <node id="1410296775" lat="50.0911718" lon="14.4215213"/>
  <node id="1410296778" lat="50.0912241" lon="14.4220966"/>
  <node id="1410302988" lat="50.0822397" lon="14.4191989">
    <tag k="crossing" v="uncontrolled"/>
    <tag k="crossing:island" v="no"/>
    <tag k="crossing:markings" v="zebra"/>
    <tag k="highway" v="crossing"/>
    <tag k="source" v="bing"/>
    <tag k="tactile_paving" v="yes"/>
  </node>
  <node id="1410302989" lat="50.0822929" lon="14.4188512">
    <tag k="crossing" v="uncontrolled"/>
    <tag k="crossing:island" v="no"/>
    <tag k="crossing:markings" v="zebra"/>
    <tag k="highway" v="crossing"/>
    <tag k="tactile_paving" v="yes"/>
  </node>
  <node id="1412916592" lat="50.0879375" lon="14.4141729"/>
  <node id="1412916594" lat="50.0880653" lon="14.4141998"/>
  <node id="1412916596" lat="50.0888512" lon="14.4144425"/>
  <node id="1413857812" lat="50.0796035" lon="14.4296901">
    <tag k="crossing" v="uncontrolled"/>
    <tag k="crossing:island" v="no"/>
    <tag k="crossing:markings" v="zebra"/>
    <tag k="crossing_ref" v="zebra"/>
    <tag k="highway" v="crossing"/>
    <tag k="kerb" v="yes"/>
    <tag k="tactile_paving" v="yes"/>
  </node>
  <node id="1413857827" lat="50.0798308" lon="14.4298971">
    <tag k="crossing" v="uncontrolled"/>
    <tag k="crossing:island" v="no"/>
    <tag k="crossing:markings" v="zebra"/>
    <tag k="crossing_ref" v="zebra"/>
    <tag k="highway" v="crossing"/>
    <tag k="kerb" v="lowered"/>
    <tag k="tactile_paving" v="yes"/>
  </node>
  <node id="1413857845" lat="50.0807539" lon="14.4288404">
    <tag k="crossing" v="marked"/>
    <tag k="crossing:markings" v="yes"/>
    <tag k="highway" v="crossing"/>
    <tag k="tactile_paving" v="no"/>
  </node>
  <node id="1413857853" lat="50.0815209" lon="14.4275233">
    <tag k="check_date:crossing" v="2023-08-21"/>
    <tag k="crossing" v="uncontrolled"/>
    <tag k="crossing_ref" v="zebra"/>
    <tag k="highway" v="crossing"/>
  </node>
  <node id="1413857862" lat="50.0819363" lon="14.4264544"/>
  <node id="1413857865" lat="50.0821202" lon="14.4266739"/>
  <node id="1414434758" lat="50.0906260" lon="14.4225632"/>
  <node id="1414434759" lat="50.0906292" lon="14.4226974"/>
  <node id="1414434760" lat="50.0906329" lon="14.4228766"/>
  <node id="1414434761" lat="50.0906332" lon="14.4227464"/>
  <node id="1414449542" lat="50.0874119" lon="14.4191512"/>
  <node id="1414449543" lat="50.0874766" lon="14.4190644">
    <tag k="crossing" v="uncontrolled"/>
    <tag k="crossing:island" v="no"/>
    <tag k="crossing:markings" v="zebra"/>
    <tag k="highway" v="crossing"/>
    <tag k="source" v="bing"/>
    <tag k="tactile_paving" v="yes"/>
  </node>
  <node id="1414449544" lat="50.0874898" lon="14.4191840">
    <tag k="crossing" v="uncontrolled"/>
    <tag k="crossing:island" v="no"/>
    <tag k="crossing:markings" v="zebra"/>
    <tag k="highway" v="crossing"/>
    <tag k="source" v="bing"/>
    <tag k="tactile_paving" v="no"/>
  </node>
  <node id="1414464991" lat="50.0837016" lon="14.4184374"/>
  <node id="1414621008" lat="50.0821142" lon="14.4157960"/>
  <node id="1417496265" lat="50.0869543" lon="14.4279690">
    <tag k="crossing" v="uncontrolled"/>
    <tag k="crossing:island" v="no"/>
    <tag k="crossing:markings" v="zebra"/>
    <tag k="highway" v="crossing"/>
    <tag k="kerb" v="lowered"/>
    <tag k="source" v="bing:ortofoto"/>
    <tag k="tactile_paving" v="yes"/>
  </node>
  <node id="1417496266" lat="50.0871182" lon="14.4289306">
    <tag k="crossing" v="uncontrolled"/>
    <tag k="crossing:island" v="no"/>
    <tag k="crossing:markings" v="zebra"/>
    <tag k="highway" v="crossing"/>
    <tag k="source" v="bing:ortofoto"/>
    <tag k="tactile_paving" v="no"/>
  </node>
  <node id="1417496267" lat="50.0871903" lon="14.4286275">
    <tag k="crossing" v="uncontrolled"/>
    <tag k="crossing:island" v="no"/>
    <tag k="crossing:markings" v="zebra"/>
    <tag k="highway" v="crossing"/>
    <tag k="source" v="bing:ortofoto"/>
    <tag k="tactile_paving" v="no"/>
  </node>
  <node id="1417496268" lat="50.0872000" lon="14.4290795">
    <tag k="crossing" v="uncontrolled"/>
    <tag k="crossing:island" v="no"/>
    <tag k="crossing:markings" v="zebra"/>
    <tag k="highway" v="crossing"/>
    <tag k="source" v="bing:ortofoto"/>
    <tag k="tactile_paving" v="yes"/>
  </node>
  <node id="1417496269" lat="50.0871868" lon="14.4280277">
    <tag k="crossing" v="uncontrolled"/>
    <tag k="crossing:island" v="no"/>
    <tag k="crossing:markings" v="zebra"/>
    <tag k="highway" v="crossing"/>
    <tag k="kerb" v="lowered"/>
    <tag k="source" v="bing:ortofoto"/>
    <tag k="tactile_paving" v="yes"/>
  </node>
  <node id="1419888529" lat="50.0831171" lon="14.4217894">
    <tag k="crossing" v="uncontrolled"/>
    <tag k="crossing:island" v="no"/>
    <tag k="crossing:markings" v="zebra"/>
    <tag k="highway" v="crossing"/>
    <tag k="kerb" v="lowered"/>
    <tag k="source" v="bing"/>
    <tag k="tactile_paving" v="no"/>
  </node>
  <node id="1447163431" lat="50.0877125" lon="14.4245167">
    <tag k="crossing" v="informal"/>
    <tag k="crossing:island" v="no"/>
    <tag k="crossing:markings" v="no"/>
    <tag k="highway" v="crossing"/>
    <tag k="tactile_paving" v="no"/>
  </node>
  <node id="1456123958" lat="50.0861715" lon="14.4091905"/>
  <node id="1493645184" lat="50.0879375" lon="14.4054764">
    <tag k="direction" v="both"/>
    <tag k="start_date" v="2019"/>
    <tag k="surface" v="plastic"/>
    <tag k="traffic_calming" v="mini_bumps"/>
  </node>
  <node id="1493645187" lat="50.0887799" lon="14.4144127"/>
  <node id="1493645193" lat="50.0894906" lon="14.4159078"/>
  <node id="1493645202" lat="50.0903227" lon="14.4183253"/>
  <node id="1494140088" lat="50.0814105" lon="14.4195477"/>
  <node id="1494140091" lat="50.0818333" lon="14.4208964"/>
  <node id="1494140093" lat="50.0821351" lon="14.4223753">
    <tag k="crossing" v="uncontrolled"/>
    <tag k="crossing_ref" v="zebra"/>
    <tag k="highway" v="crossing"/>
    <tag k="kerb" v="flush"/>
    <tag k="tactile_paving" v="no"/>
  </node>
  <node id="1511287702" lat="50.0817140" lon="14.4162921">
    <tag k="crossing" v="uncontrolled"/>
    <tag k="crossing:island" v="no"/>
    <tag k="crossing:markings" v="zebra"/>
    <tag k="highway" v="crossing"/>
    <tag k="kerb" v="lowered"/>
    <tag k="tactile_paving" v="yes"/>
  </node>
  <node id="1523068629" lat="50.0815985" lon="14.4130011">
    <tag k="cycleway" v="asl"/>
    <tag k="direction" v="forward"/>
  </node>
  <node id="1535515866" lat="50.0949774" lon="14.4092992"/>
  <node id="1535515875" lat="50.0951152" lon="14.4092140"/>
  <node id="1535515880" lat="50.0952464" lon="14.4088993"/>
  <node id="1535522807" lat="50.0878484" lon="14.4145293">
    <tag k="direction" v="forward"/>
    <tag k="surface" v="cobblestone"/>
    <tag k="traffic_calming" v="table"/>
  </node>
  <node id="1535540838" lat="50.0877711" lon="14.4149253"/>
  <node id="1548698412" lat="50.0924130" lon="14.4267454">
    <tag k="direction" v="forward"/>
    <tag k="highway" v="give_way"/>
  </node>
  <node id="1548825601" lat="50.0807464" lon="14.4132534"/>
  <node id="1548825650" lat="50.0825089" lon="14.4131269"/>
  <node id="1548825678" lat="50.0848925" lon="14.4137167"/>
  <node id="1548825686" lat="50.0853479" lon="14.4140154">
    <tag k="crossing" v="unmarked"/>
    <tag k="crossing:island" v="no"/>
    <tag k="crossing:markings" v="no"/>
    <tag k="crossing:signals" v="no"/>
    <tag k="highway" v="crossing"/>
    <tag k="tactile_paving" v="no"/>
  </node>
  <node id="1548825861" lat="50.0912705" lon="14.4160613">
    <tag k="crossing" v="uncontrolled"/>
    <tag k="crossing:island" v="no"/>
    <tag k="crossing:markings" v="zebra"/>
    <tag k="highway" v="crossing"/>
    <tag k="tactile_paving" v="no"/>
  </node>
  <node id="1558131318" lat="50.0952649" lon="14.4264982"/>
  <node id="1558131322" lat="50.0953404" lon="14.4269394"/>
  <node id="1636909698" lat="50.0796080" lon="14.4196366"/>
  <node id="1706761045" lat="50.0908303" lon="14.4285437"/>
  <node id="1706761135" lat="50.0909579" lon="14.4292627"/>
  <node id="1768454894" lat="50.0905006" lon="14.4151726"/>
  <node id="1768454895" lat="50.0906172" lon="14.4151563"/>
  <node id="1801415799" lat="50.0930756" lon="14.4250574"/>
  <node id="1801415806" lat="50.0933476" lon="14.4301283"/>
  <node id="1824368540" lat="50.0933662" lon="14.3996951"/>
  <node id="1825997271" lat="50.0931160" lon="14.4246454">
    <tag k="direction" v="forward"/>
    <tag k="highway" v="traffic_signals"/>
    <tag k="traffic_signals" v="signal"/>
  </node>
  <node id="1825997272" lat="50.0930894" lon="14.4283862">
    <tag k="highway" v="traffic_signals"/>
    <tag k="traffic_signals:direction" v="forward"/>
  </node>
  <node id="1825997273" lat="50.0931881" lon="14.4250651">
    <tag k="direction" v="forward"/>
    <tag k="highway" v="traffic_signals"/>
    <tag k="traffic_signals" v="signal"/>
  </node>
  <node id="1825997274" lat="50.0932870" lon="14.4285407">
    <tag k="cycleway" v="asl"/>
    <tag k="direction" v="forward"/>
    <tag k="start_date" v="2021"/>
  </node>
  <node id="1836299194" lat="50.0931030" lon="14.4239691"/>
  <node id="1836299195" lat="50.0932024" lon="14.4251368"/>
  <node id="1836309233" lat="50.0932201" lon="14.4258076"/>
  <node id="1837048182" lat="50.0930805" lon="14.4265802"/>
  <node id="1837049362" lat="50.0913038" lon="14.4257307"/>
  <node id="1837049363" lat="50.0919712" lon="14.4257476">
    <tag k="noexit" v="yes"/>
  </node>
  <node id="1837049364" lat="50.0921215" lon="14.4259291"/>
  <node id="1837478781" lat="50.0919900" lon="14.4249917"/>
  <node id="1837478782" lat="50.0921413" lon="14.4251688">
    <tag k="barrier" v="bollard"/>
    <tag k="bollard" v="fixed"/>
  </node>
  <node id="1837979760" lat="50.0872315" lon="14.4265104"/>
  <node id="1852501598" lat="50.0820125" lon="14.4223906"/>
  <node id="1898078657" lat="50.0869210" lon="14.4074342">
    <tag k="barrier" v="gate"/>
  </node>
  <node id="1924906656" lat="50.0888195" lon="14.4101298">
    <tag k="traffic_calming" v="bump"/>
  </node>
  <node id="1927001379" lat="50.0804129" lon="14.4283340">
    <tag k="crossing" v="marked"/>
    <tag k="crossing:markings" v="zebra"/>
    <tag k="highway" v="crossing"/>
    <tag k="source" v="bing"/>
    <tag k="tactile_paving" v="no"/>
  </node>
  <node id="1928708608" lat="50.0841092" lon="14.4186427"/>
  <node id="1931361574" lat="50.0879658" lon="14.4095101"/>
  <node id="1941156745" lat="50.0928014" lon="14.4064507">
    <tag k="ele" v="209"/>
  </node>
  <node id="1941156748" lat="50.0929390" lon="14.4062812">
    <tag k="ele" v="210"/>
  </node>
  <node id="1941156755" lat="50.0930208" lon="14.4063278">
    <tag k="ele" v="211"/>
  </node>
  <node id="1942701828" lat="50.0857064" lon="14.4088263"/>
  <node id="1947145406" lat="50.0902506" lon="14.4188447"/>
  <node id="1952577482" lat="50.0869837" lon="14.4064072">
    <tag k="barrier" v="bollard"/>
    <tag k="bicycle" v="yes"/>
    <tag k="bollard" v="fixed"/>
    <tag k="foot" v="yes"/>
    <tag k="material" v="stone"/>
    <tag k="maxwidth:physical" v="1.5"/>
    <tag k="motor_vehicle" v="no"/>
  </node>
  <node id="1964390491" lat="50.0901489" lon="14.4183716"/>
  <node id="1964390493" lat="50.0901882" lon="14.4188857"/>
  <node id="1977834006" lat="50.0854336" lon="14.4154056"/>
  <node id="1990844649" lat="50.0837022" lon="14.4201543">
    <tag k="crossing" v="unmarked"/>
    <tag k="crossing:markings" v="no"/>
    <tag k="highway" v="crossing"/>
    <tag k="tactile_paving" v="no"/>
  </node>
  <node id="1990844651" lat="50.0838575" lon="14.4206258">
    <tag k="crossing" v="uncontrolled"/>
    <tag k="crossing:island" v="no"/>
    <tag k="crossing:markings" v="zebra"/>
    <tag k="highway" v="crossing"/>
    <tag k="tactile_paving" v="no"/>
  </node>
  <node id="1990844653" lat="50.0839624" lon="14.4206110">
    <tag k="crossing" v="uncontrolled"/>
    <tag k="crossing:island" v="no"/>
    <tag k="crossing:markings" v="zebra"/>
    <tag k="highway" v="crossing"/>
    <tag k="tactile_paving" v="no"/>
  </node>
  <node id="1990844654" lat="50.0839647" lon="14.4207753">
    <tag k="crossing" v="uncontrolled"/>
    <tag k="crossing:island" v="no"/>
    <tag k="crossing:markings" v="zebra"/>
    <tag k="highway" v="crossing"/>
    <tag k="tactile_paving" v="yes"/>
  </node>
  <node id="1990844656" lat="50.0841270" lon="14.4203345">
    <tag k="crossing" v="unmarked"/>
    <tag k="crossing:island" v="no"/>
    <tag k="crossing:markings" v="no"/>
    <tag k="highway" v="crossing"/>
    <tag k="tactile_paving" v="no"/>
  </node>
  <node id="1990844668" lat="50.0842255" lon="14.4202614">
    <tag k="crossing" v="unmarked"/>
    <tag k="crossing:island" v="no"/>
    <tag k="crossing:markings" v="no"/>
    <tag k="highway" v="crossing"/>
    <tag k="tactile_paving" v="no"/>
  </node>
  <node id="1990844670" lat="50.0842943" lon="14.4200313"/>
  <node id="2001925902" lat="50.0818660" lon="14.4177003">
    <tag k="crossing" v="unmarked"/>
    <tag k="crossing:island" v="no"/>
    <tag k="crossing:markings" v="no"/>
    <tag k="highway" v="crossing"/>
    <tag k="source" v="bing"/>
    <tag k="tactile_paving" v="yes"/>
  </node>
  <node id="2026316815" lat="50.0824794" lon="14.4190780">
    <tag k="crossing" v="uncontrolled"/>
    <tag k="crossing:island" v="no"/>
    <tag k="crossing:markings" v="zebra"/>
    <tag k="highway" v="crossing"/>
    <tag k="tactile_paving" v="no"/>
  </node>
  <node id="2026317514" lat="50.0811467" lon="14.4197537">
    <tag k="crossing" v="zebra"/>
    <tag k="crossing:island" v="no"/>
    <tag k="highway" v="crossing"/>
    <tag k="tactile_paving" v="yes"/>
  </node>
  <node id="2100509954" lat="50.0799952" lon="14.4047810"/>
  <node id="2100509957" lat="50.0805385" lon="14.4046876"/>
  <node id="2100509959" lat="50.0811659" lon="14.4045089"/>
  <node id="2239270697" lat="50.0902539" lon="14.4226789"/>
  <node id="2239270702" lat="50.0906275" lon="14.4223725"/>
  <node id="2249406271" lat="50.0800339" lon="14.4278533"/>
  <node id="2256052049" lat="50.0817024" lon="14.4130094"/>
  <node id="2271360532" lat="50.0811019" lon="14.4195434">
    <tag k="barrier" v="bollard"/>
    <tag k="bicycle" v="yes"/>
    <tag k="bollard" v="fixed"/>
    <tag k="colour" v="black"/>
    <tag k="foot" v="yes"/>
    <tag k="material" v="steel"/>
    <tag k="motor_vehicle" v="no"/>
    <tag k="start_date" v="2020"/>
  </node>
  <node id="2297225992" lat="50.0926529" lon="14.4278368"/>
  <node id="2297225996" lat="50.0933079" lon="14.4292396"/>
  <node id="2297225998" lat="50.0934116" lon="14.4310194"/>
  <node id="2362773765" lat="50.0853583" lon="14.4147242"/>
  <node id="2429803894" lat="50.0820830" lon="14.4155808"/>
  <node id="2429803895" lat="50.0820795" lon="14.4158772"/>
  <node id="2455467933" lat="50.0869871" lon="14.4074171"/>
  <node id="2455467936" lat="50.0871906" lon="14.4075397"/>
  <node id="2480943421" lat="50.0860736" lon="14.4061639"/>
  <node id="2512606643" lat="50.0937318" lon="14.4022965"/>
  <node id="2512606644" lat="50.0937653" lon="14.4025488"/>
  <node id="2512606645" lat="50.0941784" lon="14.4054182"/>
  <node id="2550809881" lat="50.0915947" lon="14.4283985"/>
  <node id="2609978300" lat="50.0872385" lon="14.4171487">
    <tag k="crossing" v="uncontrolled"/>
    <tag k="crossing:island" v="no"/>
    <tag k="crossing:markings" v="zebra"/>
    <tag k="highway" v="crossing"/>
    <tag k="tactile_paving" v="no"/>
  </node>
  <node id="2820088108" lat="50.0886964" lon="14.4237374"/>
  <node id="2820088121" lat="50.0919013" lon="14.4236848">
    <tag k="barrier" v="bollard"/>
    <tag k="bicycle" v="yes"/>
    <tag k="bollard" v="fixed"/>
    <tag k="foot" v="yes"/>
    <tag k="maxwidth" v="1.4"/>
  </node>
  <node id="2884777115" lat="50.0875014" lon="14.4258481"/>
  <node id="2884777118" lat="50.0878381" lon="14.4256919">
    <tag k="crossing" v="informal"/>
    <tag k="crossing:island" v="no"/>
    <tag k="crossing:markings" v="no"/>
    <tag k="highway" v="crossing"/>
    <tag k="tactile_paving" v="no"/>
  </node>
  <node id="2893317702" lat="50.0854221" lon="14.4053744"/>
  <node id="2893317704" lat="50.0855543" lon="14.4061293">
    <tag k="crossing" v="informal"/>
  </node>
  <node id="2898974390" lat="50.0854583" lon="14.4084299"/>
  <node id="2898974393" lat="50.0857037" lon="14.4079481"/>
  <node id="2898974397" lat="50.0859726" lon="14.4079201"/>
  <node id="2908218609" lat="50.0831981" lon="14.4198873"/>
  <node id="2914594945" lat="50.0892882" lon="14.4184063">
    <tag k="crossing" v="uncontrolled"/>
    <tag k="crossing:markings" v="no"/>
    <tag k="highway" v="crossing"/>
    <tag k="tactile_paving" v="no"/>
    <tag k="traffic_calming" v="table"/>
  </node>
  <node id="2918330200" lat="50.0893952" lon="14.4100181">
    <tag k="check_date" v="2022-08-14"/>
    <tag k="source" v="survey"/>
    <tag k="traffic_calming" v="bump"/>
  </node>
  <node id="2938526075" lat="50.0847248" lon="14.4294044">
    <tag k="crossing" v="uncontrolled"/>
    <tag k="crossing:island" v="no"/>
    <tag k="crossing:markings" v="zebra"/>
    <tag k="highway" v="crossing"/>
    <tag k="tactile_paving" v="yes"/>
  </node>
  <node id="2938541855" lat="50.0864716" lon="14.4271767">
    <tag k="crossing" v="informal"/>
  </node>
  <node id="2940189025" lat="50.0910670" lon="14.4222240"/>
  <node id="3032509939" lat="50.0814961" lon="14.4149994">
    <tag k="crossing" v="uncontrolled"/>
    <tag k="crossing:island" v="no"/>
    <tag k="highway" v="crossing"/>
    <tag k="tactile_paving" v="yes"/>
  </node>
  <node id="3032509942" lat="50.0813773" lon="14.4150076">
    <tag k="crossing" v="uncontrolled"/>
    <tag k="crossing:island" v="no"/>
    <tag k="crossing:markings" v="yes"/>
    <tag k="highway" v="crossing"/>
    <tag k="tactile_paving" v="yes"/>
  </node>
  <node id="3032509944" lat="50.0814737" lon="14.4139647">
    <tag k="crossing" v="uncontrolled"/>
    <tag k="crossing:island" v="no"/>
    <tag k="crossing:markings" v="yes"/>
    <tag k="highway" v="crossing"/>
    <tag k="tactile_paving" v="no"/>
  </node>
  <node id="3042183471" lat="50.0914730" lon="14.4315403"/>
  <node id="3055004528" lat="50.0811075" lon="14.4195757"/>
  <node id="3112804642" lat="50.0899938" lon="14.4210225">
    <tag k="crossing" v="uncontrolled"/>
    <tag k="crossing:island" v="no"/>
    <tag k="crossing:markings" v="zebra"/>
    <tag k="highway" v="crossing"/>
    <tag k="source" v="bing:ortofoto"/>
    <tag k="tactile_paving" v="yes"/>
  </node>
  <node id="3112804646" lat="50.0900510" lon="14.4208835"/>
  <node id="3129042301" lat="50.0923697" lon="14.4116407"/>
  <node id="3150440242" lat="50.0959814" lon="14.4055700"/>
  <node id="3183501718" lat="50.0810633" lon="14.4230899"/>
  <node id="3218547659" lat="50.0902336" lon="14.4226721"/>
  <node id="3218548185" lat="50.0907891" lon="14.4228620"/>
  <node id="3305500301" lat="50.0925309" lon="14.4283982"/>
  <node id="3305500302" lat="50.0922689" lon="14.4284729"/>
  <node id="3306782856" lat="50.0909338" lon="14.4291266"/>
  <node id="3306782858" lat="50.0909769" lon="14.4293468"/>
  <node id="3306782860" lat="50.0910242" lon="14.4295563"/>
  <node id="3397119016" lat="50.0798244" lon="14.4231026"/>
  <node id="3397119017" lat="50.0833478" lon="14.4144572">
    <tag k="traffic_calming" v="bump"/>
  </node>
  <node id="3405117897" lat="50.0885714" lon="14.4061356"/>
  <node id="3405249022" lat="50.0903206" lon="14.4053042">
    <tag k="crossing" v="marked"/>
    <tag k="crossing:markings" v="yes"/>
    <tag k="highway" v="crossing"/>
    <tag k="source" v="CZ:IPRPraha:ortofoto"/>
    <tag k="tactile_paving" v="yes"/>
  </node>
  <node id="3415578106" lat="50.0843228" lon="14.4200130">
    <tag k="crossing" v="unmarked"/>
    <tag k="crossing:island" v="no"/>
    <tag k="crossing:markings" v="no"/>
    <tag k="highway" v="crossing"/>
    <tag k="tactile_paving" v="no"/>
  </node>
  <node id="3426409559" lat="50.0827424" lon="14.4222092"/>
  <node id="3426533351" lat="50.0921112" lon="14.4228268"/>
  <node id="3426533360" lat="50.0925265" lon="14.4221687"/>
  <node id="3426533361" lat="50.0925773" lon="14.4270162"/>
  <node id="3442721033" lat="50.0894617" lon="14.4158953"/>
  <node id="3442721045" lat="50.0897553" lon="14.4160219"/>
  <node id="3470882765" lat="50.0800957" lon="14.4249367"/>
  <node id="3470882767" lat="50.0808885" lon="14.4243948"/>
  <node id="3486781111" lat="50.0876177" lon="14.4046066">
    <tag k="traffic_calming" v="bump"/>
  </node>
  <node id="3515697534" lat="50.0906061" lon="14.4271931"/>
  <node id="3515697542" lat="50.0906380" lon="14.4271854"/>
  <node id="3515697548" lat="50.0907390" lon="14.4275079">
    <tag k="highway" v="traffic_signals"/>
    <tag k="source" v="Bing;cuzk"/>
    <tag k="traffic_signals:direction" v="backward"/>
    <tag k="traffic_signals:sound" v="no"/>
    <tag k="traffic_signals:vibration" v="no"/>
  </node>
  <node id="3519517581" lat="50.0859149" lon="14.4267892"/>
  <node id="3519517584" lat="50.0853241" lon="14.4223902"/>
  <node id="3519517585" lat="50.0854253" lon="14.4222220"/>
  <node id="3522638664" lat="50.0804808" lon="14.4284788">
    <tag k="direction" v="forward"/>
    <tag k="highway" v="give_way"/>
    <tag k="traffic_sign" v="yield"/>
  </node>
  <node id="3522638665" lat="50.0814633" lon="14.4271123">
    <tag k="direction" v="forward"/>
    <tag k="highway" v="give_way"/>
    <tag k="traffic_sign" v="yield"/>
  </node>
  <node id="3536034482" lat="50.0811830" lon="14.4211533"/>
  <node id="3618398175" lat="50.0811521" lon="14.4210621">
    <tag k="crossing" v="zebra"/>
    <tag k="crossing:island" v="no"/>
    <tag k="highway" v="crossing"/>
    <tag k="tactile_paving" v="yes"/>
  </node>
  <node id="3619903200" lat="50.0810968" lon="14.4211405"/>
  <node id="3650765695" lat="50.0868507" lon="14.4084121"/>
  <node id="3663352125" lat="50.0846209" lon="14.4199744"/>
  <node id="3663352128" lat="50.0847856" lon="14.4198695"/>
  <node id="3763231376" lat="50.0860070" lon="14.4170589"/>
  <node id="3763231377" lat="50.0860129" lon="14.4173742"/>
  <node id="3763231378" lat="50.0860152" lon="14.4169522"/>
  <node id="3773215578" lat="50.0951890" lon="14.4241736"/>
  <node id="3784294544" lat="50.0872763" lon="14.4275554">
    <tag k="crossing" v="zebra"/>
    <tag k="crossing:island" v="no"/>
    <tag k="highway" v="crossing"/>
    <tag k="tactile_paving" v="no"/>
  </node>
  <node id="3812775272" lat="50.0816775" lon="14.4302901"/>
  <node id="3822322643" lat="50.0808087" lon="14.4238104"/>
  <node id="3822336793" lat="50.0812277" lon="14.4225123">
    <tag k="crossing" v="uncontrolled"/>
    <tag k="crossing_ref" v="zebra"/>
    <tag k="highway" v="crossing"/>
    <tag k="tactile_paving" v="yes"/>
  </node>
  <node id="3822336795" lat="50.0812980" lon="14.4224224">
    <tag k="crossing" v="marked"/>
    <tag k="crossing:island" v="no"/>
    <tag k="crossing:markings" v="yes"/>
    <tag k="crossing_ref" v="zebra"/>
    <tag k="highway" v="crossing"/>
    <tag k="tactile_paving" v="yes"/>
  </node>
  <node id="3822336796" lat="50.0817746" lon="14.4224131">
    <tag k="crossing" v="uncontrolled"/>
    <tag k="crossing_ref" v="zebra"/>
    <tag k="highway" v="crossing"/>
    <tag k="tactile_paving" v="yes"/>
  </node>
  <node id="3948265345" lat="50.0830794" lon="14.4195746">
    <tag k="crossing" v="unmarked"/>
    <tag k="crossing:island" v="no"/>
    <tag k="crossing:markings" v="no"/>
    <tag k="highway" v="crossing"/>
    <tag k="tactile_paving" v="no"/>
  </node>
  <node id="3948265348" lat="50.0824140" lon="14.4192875">
    <tag k="crossing" v="uncontrolled"/>
    <tag k="crossing:island" v="no"/>
    <tag k="crossing:markings" v="zebra"/>
    <tag k="highway" v="crossing"/>
    <tag k="kerb" v="lowered"/>
    <tag k="source" v="survey"/>
    <tag k="tactile_paving" v="no"/>
  </node>
  <node id="3948265665" lat="50.0829296" lon="14.4189466"/>
  <node id="3948265675" lat="50.0840029" lon="14.4185340">
    <tag k="crossing" v="uncontrolled"/>
    <tag k="crossing:island" v="no"/>
    <tag k="crossing:markings" v="zebra"/>
    <tag k="highway" v="crossing"/>
    <tag k="tactile_paving" v="yes"/>
  </node>
  <node id="3948265697" lat="50.0834317" lon="14.4182720">
    <tag k="crossing" v="uncontrolled"/>
    <tag k="crossing:island" v="no"/>
    <tag k="crossing:markings" v="zebra"/>
    <tag k="highway" v="crossing"/>
    <tag k="tactile_paving" v="yes"/>
  </node>
  <node id="3948265700" lat="50.0831740" lon="14.4198116"/>
  <node id="3998872953" lat="50.0848696" lon="14.4219839">
    <tag k="crossing" v="unmarked"/>
    <tag k="crossing:island" v="no"/>
    <tag k="crossing:markings" v="no"/>
    <tag k="highway" v="crossing"/>
    <tag k="tactile_paving" v="no"/>
  </node>
  <node id="3998872954" lat="50.0852386" lon="14.4225292">
    <tag k="crossing" v="unmarked"/>
    <tag k="crossing:markings" v="no"/>
    <tag k="highway" v="crossing"/>
  </node>
  <node id="4010276541" lat="50.0899714" lon="14.4183047">
    <tag k="crossing:markings" v="no"/>
    <tag k="crossing:signals" v="no"/>
    <tag k="highway" v="crossing"/>
    <tag k="tactile_paving" v="yes"/>
  </node>
  <node id="4010276542" lat="50.0899793" lon="14.4180795"/>
  <node id="4010276546" lat="50.0906794" lon="14.4175964">
    <tag k="crossing" v="unmarked"/>
    <tag k="crossing:island" v="no"/>
    <tag k="crossing:markings" v="no"/>
    <tag k="highway" v="crossing"/>
    <tag k="tactile_paving" v="yes"/>
  </node>
  <node id="4057192704" lat="50.0869252" lon="14.4148726"/>
  <node id="4073149377" lat="50.0956443" lon="14.4266497"/>
  <node id="4167290584" lat="50.0918134" lon="14.4286356">
    <tag k="highway" v="crossing"/>
    <tag k="source" v="bing:ortofoto"/>
  </node>
  <node id="4169136119" lat="50.0952781" lon="14.4260628"/>
  <node id="4169136127" lat="50.0953054" lon="14.4266342"/>
  <node id="4169136138" lat="50.0953462" lon="14.4265309">
    <tag k="railway" v="tram_level_crossing"/>
  </node>
  <node id="4169136141" lat="50.0953684" lon="14.4266541">
    <tag k="railway" v="tram_level_crossing"/>
  </node>
  <node id="4169136147" lat="50.0953861" lon="14.4267501">
    <tag k="railway" v="tram_level_crossing"/>
  </node>
  <node id="4169136149" lat="50.0954058" lon="14.4268624">
    <tag k="railway" v="tram_level_crossing"/>
  </node>
  <node id="4169136152" lat="50.0954227" lon="14.4267926">
    <tag k="railway" v="railway_crossing"/>
  </node>
  <node id="4197705957" lat="50.0836795" lon="14.4266415"/>
  <node id="4197705961" lat="50.0832545" lon="14.4273174"/>
  <node id="4201287802" lat="50.0883798" lon="14.4245239"/>
  <node id="4244230406" lat="50.0798316" lon="14.4259848">
    <tag k="crossing" v="uncontrolled"/>
    <tag k="crossing:island" v="no"/>
    <tag k="crossing:markings" v="zebra"/>
    <tag k="highway" v="crossing"/>
    <tag k="tactile_paving" v="yes"/>
    <tag k="traffic_calming" v="table"/>
  </node>
  <node id="4244451468" lat="50.0802219" lon="14.4223860"/>
  <node id="4275272270" lat="50.0882820" lon="14.4054809"/>
  <node id="4290566950" lat="50.0878600" lon="14.4263618"/>
  <node id="4323267339" lat="50.0944435" lon="14.4094331"/>
  <node id="4323267345" lat="50.0945734" lon="14.4093584"/>
  <node id="4323267348" lat="50.0946124" lon="14.4093152"/>
  <node id="4323267352" lat="50.0947516" lon="14.4075972">
    <tag k="railway" v="tram_level_crossing"/>
  </node>
  <node id="4323267353" lat="50.0947720" lon="14.4092089">
    <tag k="railway" v="tram_level_crossing"/>
  </node>
  <node id="4323267356" lat="50.0947807" lon="14.4093315">
    <tag k="railway" v="tram_level_crossing"/>
  </node>
  <node id="4323267358" lat="50.0948304" lon="14.4089419"/>
  <node id="4323267361" lat="50.0948272" lon="14.4092480">
    <tag k="railway" v="tram_level_crossing"/>
  </node>
  <node id="4323267362" lat="50.0948327" lon="14.4091642">
    <tag k="railway" v="tram_level_crossing"/>
  </node>
  <node id="4323267363" lat="50.0948307" lon="14.4090379"/>
  <node id="4323267367" lat="50.0948686" lon="14.4087802"/>
  <node id="4323267368" lat="50.0948436" lon="14.4091375">
    <tag k="railway" v="tram_level_crossing"/>
  </node>
  <node id="4323267369" lat="50.0948443" lon="14.4082322"/>
  <node id="4323267371" lat="50.0948788" lon="14.4080328"/>
  <node id="4323267372" lat="50.0948702" lon="14.4084606"/>
  <node id="4323267373" lat="50.0948755" lon="14.4085175"/>
  <node id="4323267376" lat="50.0948632" lon="14.4092237">
    <tag k="railway" v="tram_level_crossing"/>
  </node>
  <node id="4323267378" lat="50.0949386" lon="14.4084704"/>
  <node id="4323267384" lat="50.0949635" lon="14.4088594"/>
  <node id="4323274491" lat="50.0949889" lon="14.4087863">
    <tag k="direction" v="forward"/>
    <tag k="highway" v="give_way"/>
  </node>
  <node id="4323274498" lat="50.0951131" lon="14.4088842"/>
  <node id="4323274512" lat="50.0953712" lon="14.4088771"/>
  <node id="4323841209" lat="50.0900599" lon="14.4100290">
    <tag k="railway" v="tram_level_crossing"/>
  </node>
  <node id="4323841210" lat="50.0900440" lon="14.4103598">
    <tag k="railway" v="tram_level_crossing"/>
  </node>
  <node id="4323841217" lat="50.0903892" lon="14.4102555"/>
  <node id="4323841226" lat="50.0911404" lon="14.4097192"/>
  <node id="4323841227" lat="50.0911600" lon="14.4097696">
    <tag k="railway" v="tram_level_crossing"/>
  </node>
  <node id="4323841229" lat="50.0911809" lon="14.4098196">
    <tag k="railway" v="tram_level_crossing"/>
  </node>
  <node id="4323841230" lat="50.0912163" lon="14.4099116"/>
  <node id="4323841235" lat="50.0916105" lon="14.4096985"/>
  <node id="4323841236" lat="50.0916178" lon="14.4096587">
    <tag k="railway" v="tram_level_crossing"/>
  </node>
  <node id="4323841237" lat="50.0916201" lon="14.4096035">
    <tag k="railway" v="tram_level_crossing"/>
  </node>
  <node id="4323841238" lat="50.0916183" lon="14.4095401"/>
  <node id="4323841241" lat="50.0922991" lon="14.4092467">
    <tag k="crossing" v="zebra"/>
    <tag k="highway" v="crossing"/>
    <tag k="tactile_paving" v="no"/>
  </node>
  <node id="4323841244" lat="50.0924923" lon="14.4091667"/>
  <node id="4323841245" lat="50.0925313" lon="14.4096415"/>
  <node id="4323841247" lat="50.0925614" lon="14.4091363"/>
  <node id="4323841248" lat="50.0926127" lon="14.4091056"/>
  <node id="4323841251" lat="50.0926908" lon="14.4065887"/>
  <node id="4323841252" lat="50.0926892" lon="14.4064036"/>
  <node id="4323841253" lat="50.0927067" lon="14.4066624"/>
  <node id="4323841254" lat="50.0927410" lon="14.4089657"/>
  <node id="4323841256" lat="50.0927382" lon="14.4091722"/>
  <node id="4323841258" lat="50.0927342" lon="14.4068650"/>
  <node id="4323841259" lat="50.0927493" lon="14.4062237"/>
  <node id="4323841262" lat="50.0927670" lon="14.4089231"/>
  <node id="4323841271" lat="50.0928311" lon="14.4087113"/>
  <node id="4323841272" lat="50.0928283" lon="14.4082730"/>
  <node id="4323841273" lat="50.0928198" lon="14.4067352"/>
  <node id="4323841274" lat="50.0928290" lon="14.4061227"/>
  <node id="4323841276" lat="50.0928372" lon="14.4086614"/>
  <node id="4323841281" lat="50.0928765" lon="14.4060982"/>
  <node id="4323841283" lat="50.0928985" lon="14.4088677"/>
  <node id="4323841391" lat="50.0929943" lon="14.4061045"/>
  <node id="4323841394" lat="50.0930610" lon="14.4061596"/>
  <node id="4323841397" lat="50.0931153" lon="14.4062291"/>
  <node id="4323841402" lat="50.0931601" lon="14.4063190"/>
  <node id="4323841404" lat="50.0931828" lon="14.4064210"/>
  <node id="4323841405" lat="50.0932024" lon="14.4068190"/>
  <node id="4323841407" lat="50.0932463" lon="14.4080654"/>
  <node id="4323841410" lat="50.0933559" lon="14.4082055"/>
  <node id="4323841414" lat="50.0934513" lon="14.4088315"/>
  <node id="4323841419" lat="50.0934896" lon="14.4089835"/>
  <node id="4323841422" lat="50.0935700" lon="14.4091565"/>
  <node id="4323841426" lat="50.0936950" lon="14.4092955"/>
  <node id="4323841429" lat="50.0937322" lon="14.4093212"/>
  <node id="4323841432" lat="50.0941312" lon="14.4094396"/>
  <node id="4323841438" lat="50.0942846" lon="14.4094675"/>
  <node id="4323841439" lat="50.0944180" lon="14.4096015"/>
  <node id="4330936994" lat="50.0813512" lon="14.4139690">
    <tag k="crossing" v="uncontrolled"/>
    <tag k="crossing:island" v="no"/>
    <tag k="crossing:markings" v="zebra"/>
    <tag k="highway" v="crossing"/>
    <tag k="tactile_paving" v="no"/>
  </node>
  <node id="4330936995" lat="50.0814292" lon="14.4153666"/>
  <node id="4330936996" lat="50.0814869" lon="14.4153561"/>
  <node id="4374150564" lat="50.0879745" lon="14.4226450"/>
  <node id="4387182945" lat="50.0951083" lon="14.4060386"/>
  <node id="4475034886" lat="50.0901340" lon="14.4171328"/>
  <node id="4519609771" lat="50.0872236" lon="14.4278492"/>
  <node id="4543001576" lat="50.0805141" lon="14.4224068"/>
  <node id="4543001580" lat="50.0802563" lon="14.4236221"/>
  <node id="4599511961" lat="50.0817114" lon="14.4223157">
    <tag k="crossing" v="zebra"/>
    <tag k="crossing:island" v="no"/>
    <tag k="highway" v="crossing"/>
    <tag k="tactile_paving" v="yes"/>
  </node>
  <node id="4599585949" lat="50.0828746" lon="14.4214256"/>
  <node id="4599585950" lat="50.0829537" lon="14.4220096"/>
  <node id="4599585951" lat="50.0830016" lon="14.4219369">
    <tag k="direction" v="forward"/>
    <tag k="highway" v="give_way"/>
  </node>
  <node id="4599585952" lat="50.0829802" lon="14.4217442">
    <tag k="traffic_calming" v="island"/>
  </node>
  <node id="4599585953" lat="50.0831508" lon="14.4217595"/>
  <node id="4601825249" lat="50.0889353" lon="14.4207401"/>
  <node id="4637351203" lat="50.0909483" lon="14.4193753">
    <tag k="crossing:island" v="no"/>
    <tag k="crossing:markings" v="no"/>
    <tag k="crossing:signals" v="no"/>
    <tag k="highway" v="crossing"/>
    <tag k="tactile_paving" v="no"/>
  </node>
  <node id="4691199454" lat="50.0887563" lon="14.4154273">
    <tag k="railway" v="railway_crossing"/>
  </node>
  <node id="4691199496" lat="50.0900016" lon="14.4100291">
    <tag k="railway" v="tram_level_crossing"/>
  </node>
  <node id="4691199498" lat="50.0900309" lon="14.4100297">
    <tag k="railway" v="tram_level_crossing"/>
  </node>
  <node id="4691199510" lat="50.0888264" lon="14.4156324"/>
  <node id="4691199554" lat="50.0879141" lon="14.4153800"/>
  <node id="4691199555" lat="50.0916301" lon="14.4180431"/>
  <node id="4691199556" lat="50.0937964" lon="14.4166268"/>
  <node id="4691199557" lat="50.0938211" lon="14.4166349"/>
  <node id="4691199558" lat="50.0938428" lon="14.4166480"/>
  <node id="4691199559" lat="50.0938578" lon="14.4166590"/>
  <node id="4691199560" lat="50.0939060" lon="14.4167089"/>
  <node id="4691199564" lat="50.0939850" lon="14.4166373"/>
  <node id="4691199586" lat="50.0910428" lon="14.4170443"/>
  <node id="4691199591" lat="50.0904279" lon="14.4163696"/>
  <node id="4691199598" lat="50.0878467" lon="14.4153076">
    <tag k="railway" v="tram_level_crossing"/>
  </node>
  <node id="4691199604" lat="50.0887127" lon="14.4155654">
    <tag k="railway" v="tram_level_crossing"/>
  </node>
  <node id="4691199607" lat="50.0902870" lon="14.4162255">
    <tag k="railway" v="tram_level_crossing"/>
  </node>
  <node id="4691199610" lat="50.0909044" lon="14.4167899"/>
  <node id="4691199625" lat="50.0937577" lon="14.4165070"/>
  <node id="4691199632" lat="50.0913532" lon="14.4096267"/>
  <node id="4691199636" lat="50.0913686" lon="14.4098284">
    <tag k="railway" v="tram_level_crossing"/>
  </node>
  <node id="4691199642" lat="50.0913190" lon="14.4101264">
    <tag k="railway" v="tram_level_crossing"/>
  </node>
  <node id="4691199645" lat="50.0913190" lon="14.4098527">
    <tag k="railway" v="tram_level_crossing"/>
  </node>
  <node id="4691199653" lat="50.0925433" lon="14.4118976"/>
  <node id="4691199654" lat="50.0926835" lon="14.4121700"/>
  <node id="4691199655" lat="50.0930793" lon="14.4132439"/>
  <node id="4691199656" lat="50.0933835" lon="14.4146297"/>
  <node id="4691199657" lat="50.0940088" lon="14.4167421">
    <tag k="cycleway" v="asl"/>
    <tag k="direction" v="forward"/>
    <tag k="start_date" v="2020"/>
  </node>
  <node id="4691199669" lat="50.0942227" lon="14.4184689"/>
  <node id="4691199670" lat="50.0940201" lon="14.4171401"/>
  <node id="4691199671" lat="50.0939733" lon="14.4168811">
    <tag k="railway" v="switch"/>
  </node>
  <node id="4691199688" lat="50.0911620" lon="14.4099438">
    <tag k="railway" v="tram_level_crossing"/>
  </node>
  <node id="4691199695" lat="50.0912010" lon="14.4099212">
    <tag k="railway" v="tram_level_crossing"/>
  </node>
  <node id="4691199698" lat="50.0921764" lon="14.4113271">
    <tag k="railway" v="tram_level_crossing"/>
  </node>
  <node id="4691199733" lat="50.0956200" lon="14.4280080"/>
  <node id="4692949900" lat="50.0938461" lon="14.4161896">
    <tag k="bicycle" v="yes"/>
    <tag k="button_operated" v="yes"/>
    <tag k="crossing" v="traffic_signals"/>
    <tag k="crossing:island" v="no"/>
    <tag k="crossing:markings" v="yes"/>
    <tag k="highway" v="crossing"/>
    <tag k="tactile_paving" v="yes"/>
    <tag k="traffic_signals:sound" v="no"/>
    <tag k="traffic_signals:vibration" v="no"/>
  </node>
  <node id="4692949902" lat="50.0922625" lon="14.4176126">
    <tag k="button_operated" v="yes"/>
    <tag k="crossing" v="traffic_signals"/>
    <tag k="crossing:island" v="no"/>
    <tag k="crossing:markings" v="zebra"/>
    <tag k="highway" v="crossing"/>
    <tag k="tactile_paving" v="yes"/>
    <tag k="traffic_signals:sound" v="no"/>
    <tag k="traffic_signals:vibration" v="no"/>
  </node>
  <node id="4693347230" lat="50.0907642" lon="14.4278224">
    <tag k="railway" v="tram_level_crossing"/>
  </node>
  <node id="4693347231" lat="50.0907616" lon="14.4277798">
    <tag k="railway" v="tram_level_crossing"/>
  </node>
  <node id="4693347240" lat="50.0926105" lon="14.4273526"/>
  <node id="4693347241" lat="50.0926142" lon="14.4273939"/>
  <node id="4698155358" lat="50.0894049" lon="14.4072348"/>
  <node id="4698155359" lat="50.0900523" lon="14.4081190"/>
  <node id="4698155711" lat="50.0843245" lon="14.4043702">
    <tag k="railway" v="tram_level_crossing"/>
  </node>
  <node id="4698821679" lat="50.0928492" lon="14.4090901">
    <tag k="crossing" v="unmarked"/>
    <tag k="crossing:island" v="no"/>
    <tag k="crossing:markings" v="no"/>
    <tag k="highway" v="crossing"/>
    <tag k="tactile_paving" v="no"/>
  </node>
  <node id="4699488923" lat="50.0811695" lon="14.4046821">
    <tag k="railway" v="railway_crossing"/>
  </node>
  <node id="4700724512" lat="50.0877205" lon="14.4152240">
    <tag k="railway" v="tram_level_crossing"/>
  </node>
  <node id="4700724513" lat="50.0877179" lon="14.4152457"/>
  <node id="4700724523" lat="50.0853490" lon="14.4139896">
    <tag k="railway" v="tram_level_crossing"/>
  </node>
  <node id="4700724525" lat="50.0848866" lon="14.4137423">
    <tag k="railway" v="tram_level_crossing"/>
  </node>
  <node id="4700724530" lat="50.0834612" lon="14.4132879"/>
  <node id="4700724539" lat="50.0802154" lon="14.4136414"/>
  <node id="4700724541" lat="50.0798427" lon="14.4138748"/>
  <node id="4700724576" lat="50.0872650" lon="14.4150302">
    <tag k="railway" v="tram_level_crossing"/>
  </node>
  <node id="4700724578" lat="50.0872425" lon="14.4150818">
    <tag k="railway" v="tram_level_crossing"/>
  </node>
  <node id="4700724579" lat="50.0856701" lon="14.4141473"/>
  <node id="4700724581" lat="50.0859432" lon="14.4142745"/>
  <node id="4700724582" lat="50.0858235" lon="14.4142613"/>
  <node id="4700724583" lat="50.0859294" lon="14.4143481"/>
  <node id="4700724584" lat="50.0860110" lon="14.4143902"/>
  <node id="4700724588" lat="50.0803016" lon="14.4135774">
    <tag k="local_ref" v="C"/>
    <tag k="name" v="Národní divadlo"/>
    <tag k="name:de" v="Nationaltheater"/>
    <tag k="name:nl" v="Nationaal Theater"/>
    <tag k="network" v="Pražská integrovaná doprava"/>
    <tag k="network:short" v="PID"/>
    <tag k="network:wikidata" v="Q2108171"/>
    <tag k="operator" v="Dopravní podnik hl. m. Prahy"/>
    <tag k="operator:short" v="DPP"/>
    <tag k="operator:wikidata" v="Q381100"/>
    <tag k="public_transport" v="stop_position"/>
    <tag k="railway" v="tram_stop"/>
    <tag k="ref" v="C"/>
    <tag k="ref:PID" v="U483Z5P"/>
    <tag k="shelter" v="yes"/>
    <tag k="tram" v="yes"/>
    <tag k="wheelchair" v="yes"/>
    <tag k="wikidata" v="Q122332472"/>
  </node>
  <node id="4700724596" lat="50.0815041" lon="14.4130037">
    <tag k="railway" v="tram_level_crossing"/>
  </node>
  <node id="4700724620" lat="50.0813947" lon="14.4129898">
    <tag k="railway" v="tram_level_crossing"/>
  </node>
  <node id="4704924342" lat="50.0822566" lon="14.4263441"/>
  <node id="4704946991" lat="50.0843693" lon="14.4289430"/>
  <node id="4704961788" lat="50.0791497" lon="14.4210551">
    <tag k="railway" v="tram_level_crossing"/>
  </node>
  <node id="4704962024" lat="50.0805080" lon="14.4239490">
    <tag k="railway" v="tram_level_crossing"/>
  </node>
  <node id="4714677261" lat="50.0811332" lon="14.4196826">
    <tag k="railway" v="tram_level_crossing"/>
  </node>
  <node id="4714677266" lat="50.0823191" lon="14.4189468">
    <tag k="railway" v="tram_level_crossing"/>
  </node>
  <node id="4714677270" lat="50.0816442" lon="14.4163666">
    <tag k="railway" v="tram_level_crossing"/>
  </node>
  <node id="4714677271" lat="50.0814887" lon="14.4155223">
    <tag k="railway" v="tram_level_crossing"/>
  </node>
  <node id="4714677279" lat="50.0811231" lon="14.4196384"/>
  <node id="4714677285" lat="50.0819483" lon="14.4176409">
    <tag k="railway" v="tram_level_crossing"/>
  </node>
  <node id="4714677287" lat="50.0816188" lon="14.4163921">
    <tag k="railway" v="tram_level_crossing"/>
  </node>
  <node id="4714677489" lat="50.0814639" lon="14.4155200">
    <tag k="railway" v="tram_level_crossing"/>
  </node>
  <node id="4717143827" lat="50.0920449" lon="14.4258384">
    <tag k="crossing" v="uncontrolled"/>
    <tag k="crossing:island" v="no"/>
    <tag k="crossing:markings" v="zebra"/>
    <tag k="highway" v="crossing"/>
  </node>
  <node id="4717143830" lat="50.0921314" lon="14.4251572"/>
  <node id="4747975831" lat="50.0858426" lon="14.4261318"/>
  <node id="4747985363" lat="50.0828227" lon="14.4266586"/>
  <node id="4747985386" lat="50.0813950" lon="14.4250344"/>
  <node id="4749438609" lat="50.0841497" lon="14.4141525"/>
  <node id="4749441821" lat="50.0844328" lon="14.4204272"/>
  <node id="4749441832" lat="50.0870216" lon="14.4193088">
    <tag k="traffic_calming" v="hump"/>
  </node>
  <node id="4749461388" lat="50.0854810" lon="14.4064094"/>
  <node id="4749900026" lat="50.0812730" lon="14.4268140"/>
  <node id="4749900027" lat="50.0814359" lon="14.4270948"/>
  <node id="4749900029" lat="50.0804378" lon="14.4284365"/>
  <node id="4751490644" lat="50.0853069" lon="14.4260084"/>
  <node id="4751490645" lat="50.0852451" lon="14.4260512"/>
  <node id="4751509121" lat="50.0855842" lon="14.4256936"/>
  <node id="4751509124" lat="50.0854553" lon="14.4274228">
    <tag k="traffic_calming" v="bump"/>
  </node>
  <node id="4751509125" lat="50.0872204" lon="14.4317364"/>
  <node id="4751509317" lat="50.0893594" lon="14.4283441"/>
  <node id="4751509318" lat="50.0894225" lon="14.4281027">
    <tag k="crossing" v="unmarked"/>
    <tag k="crossing:markings" v="no"/>
    <tag k="highway" v="crossing"/>
    <tag k="tactile_paving" v="no"/>
  </node>
  <node id="4751633421" lat="50.0884507" lon="14.4266131">
    <tag k="barrier" v="block"/>
    <tag k="material" v="concrete"/>
  </node>
  <node id="4751633423" lat="50.0882584" lon="14.4261376">
    <tag k="check_date" v="2023-04-29"/>
    <tag k="traffic_calming" v="bump"/>
  </node>
  <node id="4751633424" lat="50.0888529" lon="14.4243417"/>
  <node id="4751633425" lat="50.0888751" lon="14.4242991">
    <tag k="note" v="nejde o chybu: po chodníku tady opravdu nelze, za roh nutno do silnice"/>
  </node>
  <node id="4751633426" lat="50.0893911" lon="14.4244351">
    <tag k="traffic_calming" v="bump"/>
  </node>
  <node id="4751633427" lat="50.0893602" lon="14.4243339"/>
  <node id="4751633428" lat="50.0894012" lon="14.4244683"/>
  <node id="4758337476" lat="50.0899883" lon="14.4049523"/>
  <node id="4758337477" lat="50.0901995" lon="14.4051168"/>
  <node id="4758337478" lat="50.0899107" lon="14.4049259"/>
  <node id="4763711103" lat="50.0872595" lon="14.4061207"/>
  <node id="4763711114" lat="50.0876158" lon="14.4054790">
    <tag k="crossing" v="informal"/>
    <tag k="crossing:island" v="no"/>
    <tag k="crossing:markings" v="no"/>
    <tag k="highway" v="crossing"/>
    <tag k="tactile_paving" v="no"/>
  </node>
  <node id="4763711118" lat="50.0888518" lon="14.4048456"/>
  <node id="4775780449" lat="50.0814376" lon="14.4269490"/>
  <node id="4775780450" lat="50.0804310" lon="14.4283830"/>
  <node id="4780951518" lat="50.0818990" lon="14.4207328"/>
  <node id="4780951519" lat="50.0822260" lon="14.4206305"/>
  <node id="4787480645" lat="50.0872080" lon="14.4298399"/>
  <node id="4793932624" lat="50.0934763" lon="14.4004605"/>
  <node id="4793932625" lat="50.0938642" lon="14.4032365"/>
  <node id="4793932717" lat="50.0866685" lon="14.4170864"/>
  <node id="4793932718" lat="50.0867182" lon="14.4171547"/>
  <node id="4799890343" lat="50.0884299" lon="14.4167633">
    <tag k="crossing" v="uncontrolled"/>
    <tag k="crossing:island" v="no"/>
    <tag k="crossing:markings" v="zebra"/>
    <tag k="highway" v="crossing"/>
    <tag k="tactile_paving" v="yes"/>
  </node>
  <node id="4799890345" lat="50.0880756" lon="14.4165261"/>
  <node id="4799904792" lat="50.0871783" lon="14.4081709">
    <tag k="crossing" v="unmarked"/>
    <tag k="crossing:island" v="no"/>
    <tag k="crossing:markings" v="no"/>
    <tag k="highway" v="crossing"/>
    <tag k="tactile_paving" v="no"/>
  </node>
  <node id="4799923434" lat="50.0893181" lon="14.4048774"/>
  <node id="4864226648" lat="50.0880742" lon="14.4098845"/>
  <node id="4864226656" lat="50.0883056" lon="14.4093307"/>
  <node id="4864226673" lat="50.0876000" lon="14.4074076">
    <tag k="crossing:island" v="no"/>
    <tag k="highway" v="crossing"/>
  </node>
  <node id="4883181738" lat="50.0889601" lon="14.4198029">
    <tag k="crossing" v="uncontrolled"/>
    <tag k="crossing:island" v="no"/>
    <tag k="crossing:markings" v="zebra"/>
    <tag k="highway" v="crossing"/>
    <tag k="tactile_paving" v="yes"/>
  </node>
  <node id="4883181740" lat="50.0902556" lon="14.4212442">
    <tag k="crossing:markings" v="no"/>
    <tag k="crossing:signals" v="no"/>
    <tag k="highway" v="crossing"/>
    <tag k="tactile_paving" v="yes"/>
  </node>
  <node id="4883181746" lat="50.0886920" lon="14.4197104">
    <tag k="crossing" v="uncontrolled"/>
    <tag k="crossing:island" v="no"/>
    <tag k="crossing:markings" v="zebra"/>
    <tag k="highway" v="crossing"/>
    <tag k="tactile_paving" v="yes"/>
  </node>
  <node id="4889614954" lat="50.0903792" lon="14.4226335"/>
  <node id="4889614955" lat="50.0907299" lon="14.4228242"/>
  <node id="4889614956" lat="50.0896749" lon="14.4224851">
    <tag k="crossing" v="uncontrolled"/>
    <tag k="crossing:island" v="no"/>
    <tag k="crossing:markings" v="zebra"/>
    <tag k="highway" v="crossing"/>
    <tag k="tactile_paving" v="yes"/>
  </node>
  <node id="4889615716" lat="50.0893496" lon="14.4225255"/>
  <node id="4889615717" lat="50.0892961" lon="14.4223714"/>
  <node id="4894375569" lat="50.0819335" lon="14.4067509"/>
  <node id="4931475033" lat="50.0894483" lon="14.4280891">
    <tag k="traffic_calming" v="table"/>
  </node>
  <node id="4931482075" lat="50.0881129" lon="14.4280919">
    <tag k="direction" v="both"/>
    <tag k="traffic_calming" v="table"/>
  </node>
  <node id="4931499663" lat="50.0891237" lon="14.4282030"/>
  <node id="4983830468" lat="50.0813951" lon="14.4180317"/>
  <node id="4987252738" lat="50.0877193" lon="14.4257623">
    <tag k="crossing" v="informal"/>
    <tag k="crossing:island" v="no"/>
    <tag k="crossing:markings" v="no"/>
    <tag k="highway" v="crossing"/>
    <tag k="tactile_paving" v="no"/>
  </node>
  <node id="4987252754" lat="50.0881954" lon="14.4255095">
    <tag k="crossing" v="informal"/>
    <tag k="crossing:island" v="no"/>
    <tag k="crossing:markings" v="no"/>
    <tag k="highway" v="crossing"/>
    <tag k="tactile_paving" v="no"/>
  </node>
  <node id="4987252774" lat="50.0887681" lon="14.4219963">
    <tag k="highway" v="crossing"/>
  </node>
  <node id="4987274579" lat="50.0868394" lon="14.4093981"/>
  <node id="4988878842" lat="50.0913150" lon="14.4103747">
    <tag k="direction" v="forward"/>
    <tag k="highway" v="stop"/>
    <tag k="source" v="survey"/>
  </node>
  <node id="4988878844" lat="50.0917846" lon="14.4107878"/>
  <node id="4997617311" lat="50.0898300" lon="14.4100242"/>
  <node id="4997643746" lat="50.0935543" lon="14.4010161"/>
  <node id="5009420931" lat="50.0922077" lon="14.4252024"/>
  <node id="5010102942" lat="50.0860224" lon="14.4143214"/>
  <node id="5024338868" lat="50.0923557" lon="14.4092255"/>
  <node id="5024360597" lat="50.0897368" lon="14.4049030"/>
  <node id="5024445654" lat="50.0846267" lon="14.4188614"/>
  <node id="5024445655" lat="50.0846401" lon="14.4187544"/>
  <node id="5024445656" lat="50.0848264" lon="14.4188007"/>
  <node id="5027282282" lat="50.0864464" lon="14.4056469"/>
  <node id="5027282284" lat="50.0867619" lon="14.4059195"/>
  <node id="5034376772" lat="50.0856918" lon="14.4087696"/>
  <node id="5066391883" lat="50.0844750" lon="14.4292782">
    <tag k="direction" v="forward"/>
    <tag k="highway" v="stop"/>
  </node>
  <node id="5066391884" lat="50.0844480" lon="14.4288061">
    <tag k="direction" v="forward"/>
    <tag k="highway" v="give_way"/>
  </node>
  <node id="5066391885" lat="50.0836377" lon="14.4281901">
    <tag k="direction" v="forward"/>
    <tag k="highway" v="give_way"/>
  </node>
  <node id="5066391886" lat="50.0871903" lon="14.4287899">
    <tag k="direction" v="forward"/>
    <tag k="highway" v="give_way"/>
  </node>
  <node id="5066668207" lat="50.0914327" lon="14.4190371"/>
  <node id="5066684637" lat="50.0909771" lon="14.4193539">
    <tag k="direction" v="forward"/>
    <tag k="highway" v="give_way"/>
  </node>
  <node id="5066698469" lat="50.0913774" lon="14.4181461">
    <tag k="direction" v="backward"/>
    <tag k="highway" v="give_way"/>
  </node>
  <node id="5066698489" lat="50.0903439" lon="14.4162971"/>
  <node id="5068535920" lat="50.0860881" lon="14.4063252"/>
  <node id="5068538739" lat="50.0861329" lon="14.4068254"/>
  <node id="5068543569" lat="50.0861256" lon="14.4067438"/>
  <node id="5068611868" lat="50.0877895" lon="14.4069256"/>
  <node id="5068611869" lat="50.0875449" lon="14.4069826"/>
  <node id="5068616221" lat="50.0890826" lon="14.4099114"/>
  <node id="5068616222" lat="50.0890162" lon="14.4101145"/>
  <node id="5075750426" lat="50.0843394" lon="14.4204020"/>
  <node id="5076763708" lat="50.0847472" lon="14.4210564"/>
  <node id="5076763709" lat="50.0846594" lon="14.4207050"/>
  <node id="5081802668" lat="50.0926334" lon="14.4267742">
    <tag k="direction" v="forward"/>
    <tag k="highway" v="give_way"/>
  </node>
  <node id="5081802669" lat="50.0930167" lon="14.4248601">
    <tag k="direction" v="forward"/>
    <tag k="highway" v="give_way"/>
  </node>
  <node id="5081802670" lat="50.0930510" lon="14.4249739">
    <tag k="highway" v="traffic_signals"/>
    <tag k="traffic_signals" v="signal"/>
    <tag k="traffic_signals:direction" v="forward"/>
  </node>
  <node id="5081802671" lat="50.0924467" lon="14.4251055"/>
  <node id="5081802672" lat="50.0924766" lon="14.4250635"/>
  <node id="5081802673" lat="50.0927014" lon="14.4275313">
    <tag k="button_operated" v="yes"/>
    <tag k="crossing" v="traffic_signals"/>
    <tag k="crossing:island" v="no"/>
    <tag k="crossing:markings" v="yes"/>
    <tag k="crossing:signals" v="yes"/>
    <tag k="highway" v="crossing"/>
    <tag k="tactile_paving" v="yes"/>
    <tag k="traffic_signals:sound" v="yes"/>
    <tag k="traffic_signals:vibration" v="yes"/>
  </node>
  <node id="5097406793" lat="50.0853746" lon="14.4148241"/>
  <node id="5184615564" lat="50.0849107" lon="14.4182505"/>
  <node id="5215168465" lat="50.0812294" lon="14.4296003"/>
  <node id="5242375940" lat="50.0819921" lon="14.4177525">
    <tag k="crossing" v="uncontrolled"/>
    <tag k="crossing:island" v="no"/>
    <tag k="crossing:markings" v="zebra"/>
    <tag k="highway" v="crossing"/>
    <tag k="tactile_paving" v="yes"/>
  </node>
  <node id="5253613526" lat="50.0953846" lon="14.4084517"/>
  <node id="5262491006" lat="50.0912347" lon="14.4099577">
    <tag k="direction" v="backward"/>
    <tag k="highway" v="give_way"/>
  </node>
  <node id="5262491007" lat="50.0924511" lon="14.4101321"/>
  <node id="5262527611" lat="50.0925174" lon="14.4093892">
    <tag k="direction" v="forward"/>
    <tag k="highway" v="give_way"/>
  </node>
  <node id="5262527613" lat="50.0928656" lon="14.4091010">
    <tag k="direction" v="backward"/>
    <tag k="highway" v="give_way"/>
  </node>
  <node id="5262527614" lat="50.0949300" lon="14.4090925">
    <tag k="direction" v="forward"/>
    <tag k="highway" v="give_way"/>
  </node>
  <node id="5262527616" lat="50.0953106" lon="14.4087289">
    <tag k="direction" v="forward"/>
    <tag k="highway" v="give_way"/>
  </node>
  <node id="5262527617" lat="50.0936420" lon="14.4092504"/>
  <node id="5262527618" lat="50.0938380" lon="14.4093599"/>
  <node id="5264758976" lat="50.0960249" lon="14.4057833"/>
  <node id="5264758977" lat="50.0958932" lon="14.4057683"/>
  <node id="5264758978" lat="50.0959542" lon="14.4058124"/>
  <node id="5264758979" lat="50.0958452" lon="14.4055267"/>
  <node id="5273604703" lat="50.0963757" lon="14.4261550"/>
  <node id="5273604704" lat="50.0963088" lon="14.4262558"/>
  <node id="5273604705" lat="50.0964317" lon="14.4260568"/>
  <node id="5273604706" lat="50.0961198" lon="14.4264605"/>
  <node id="5273604707" lat="50.0960511" lon="14.4265105"/>
  <node id="5273604708" lat="50.0961707" lon="14.4264165"/>
  <node id="5273604709" lat="50.0971778" lon="14.4236040"/>
  <node id="5273604710" lat="50.0974218" lon="14.4231161"/>
  <node id="5361102165" lat="50.0801080" lon="14.4153148"/>
  <node id="5367209057" lat="50.0920568" lon="14.4291935">
    <tag k="crossing:island" v="no"/>
    <tag k="crossing:markings" v="zebra"/>
    <tag k="highway" v="crossing"/>
  </node>
  <node id="5395804511" lat="50.0811735" lon="14.4048547">
    <tag k="highway" v="traffic_signals"/>
    <tag k="traffic_signals" v="signal"/>
    <tag k="traffic_signals:direction" v="forward"/>
  </node>
  <node id="5469030593" lat="50.0860336" lon="14.4266224">
    <tag k="crossing" v="zebra"/>
    <tag k="crossing:markings" v="zebra"/>
    <tag k="highway" v="crossing"/>
    <tag k="tactile_paving" v="no"/>
  </node>
  <node id="5469030594" lat="50.0861456" lon="14.4266360">
    <tag k="crossing" v="zebra"/>
    <tag k="crossing:markings" v="zebra"/>
    <tag k="highway" v="crossing"/>
    <tag k="tactile_paving" v="no"/>
  </node>
  <node id="5469030607" lat="50.0844821" lon="14.4292692">
    <tag k="crossing" v="uncontrolled"/>
    <tag k="highway" v="crossing"/>
    <tag k="tactile_paving" v="no"/>
  </node>
  <node id="5537868724" lat="50.0880344" lon="14.4210580"/>
  <node id="5577122031" lat="50.0798304" lon="14.4236963"/>
  <node id="5577122032" lat="50.0796061" lon="14.4228055"/>
  <node id="5605045915" lat="50.0892713" lon="14.4238689">
    <tag k="crossing" v="uncontrolled"/>
    <tag k="crossing:island" v="no"/>
    <tag k="crossing:markings" v="zebra"/>
    <tag k="crossing:signals" v="no"/>
    <tag k="highway" v="crossing"/>
    <tag k="tactile_paving" v="yes"/>
  </node>
  <node id="5605045919" lat="50.0891606" lon="14.4240643"/>
  <node id="5615759305" lat="50.0893088" lon="14.4207363"/>
  <node id="5622292064" lat="50.0914269" lon="14.4177475"/>
  <node id="5622292067" lat="50.0925507" lon="14.4191949"/>
  <node id="5622292072" lat="50.0913861" lon="14.4181399"/>
  <node id="5758218764" lat="50.0896948" lon="14.4259299"/>
  <node id="5758218765" lat="50.0896678" lon="14.4260783">
    <tag k="crossing" v="uncontrolled"/>
    <tag k="crossing:markings" v="yes"/>
    <tag k="highway" v="crossing"/>
  </node>
  <node id="5758218766" lat="50.0896752" lon="14.4256192"/>
  <node id="5758250778" lat="50.0875349" lon="14.4054797">
    <tag k="traffic_calming" v="bump"/>
  </node>
  <node id="5784509653" lat="50.0842916" lon="14.4295201"/>
  <node id="5784509654" lat="50.0842226" lon="14.4295947"/>
  <node id="5784509655" lat="50.0841068" lon="14.4297097"/>
  <node id="5887095488" lat="50.0848211" lon="14.4188599"/>
  <node id="5920873888" lat="50.0873840" lon="14.4144976"/>
  <node id="5977562272" lat="50.0878081" lon="14.4166288"/>
  <node id="6068060618" lat="50.0814508" lon="14.4270178"/>
  <node id="6068060619" lat="50.0814493" lon="14.4269811"/>
  <node id="6068060629" lat="50.0814124" lon="14.4271627"/>
  <node id="6068060638" lat="50.0815862" lon="14.4269414">
    <tag k="crossing" v="uncontrolled"/>
    <tag k="crossing_ref" v="zebra"/>
    <tag k="highway" v="crossing"/>
    <tag k="kerb" v="lowered"/>
    <tag k="tactile_paving" v="yes"/>
  </node>
  <node id="6068060642" lat="50.0805924" lon="14.4283236">
    <tag k="crossing" v="marked"/>
    <tag k="crossing:markings" v="yes"/>
    <tag k="crossing_ref" v="zebra"/>
    <tag k="highway" v="crossing"/>
    <tag k="tactile_paving" v="no"/>
  </node>
  <node id="6068060645" lat="50.0807538" lon="14.4285947">
    <tag k="crossing" v="marked"/>
    <tag k="crossing:markings" v="yes"/>
    <tag k="crossing_ref" v="zebra"/>
    <tag k="highway" v="crossing"/>
    <tag k="tactile_paving" v="no"/>
  </node>
  <node id="6068060655" lat="50.0800539" lon="14.4290685">
    <tag k="crossing" v="uncontrolled"/>
    <tag k="crossing:island" v="no"/>
    <tag k="crossing_ref" v="zebra"/>
    <tag k="highway" v="crossing"/>
    <tag k="tactile_paving" v="no"/>
  </node>
  <node id="6068060658" lat="50.0802110" lon="14.4293547">
    <tag k="crossing" v="uncontrolled"/>
    <tag k="crossing:island" v="no"/>
    <tag k="crossing:markings" v="zebra"/>
    <tag k="crossing_ref" v="zebra"/>
    <tag k="highway" v="crossing"/>
  </node>
  <node id="6068060669" lat="50.0819876" lon="14.4263860">
    <tag k="crossing" v="uncontrolled"/>
    <tag k="crossing:markings" v="zebra"/>
    <tag k="highway" v="crossing"/>
  </node>
  <node id="6068060670" lat="50.0821387" lon="14.4266489">
    <tag k="crossing" v="uncontrolled"/>
    <tag k="crossing_ref" v="zebra"/>
    <tag k="highway" v="crossing"/>
    <tag k="tactile_paving" v="yes"/>
  </node>
  <node id="6119902020" lat="50.0853127" lon="14.4146041"/>
  <node id="6119902025" lat="50.0851634" lon="14.4146080"/>
  <node id="6320790963" lat="50.0813818" lon="14.4130153">
    <tag k="railway" v="tram_level_crossing"/>
  </node>
  <node id="6328980220" lat="50.0822767" lon="14.4206151">
    <tag k="noexit" v="yes"/>
  </node>
  <node id="6328980222" lat="50.0827193" lon="14.4208960"/>
  <node id="6371504169" lat="50.0811664" lon="14.4045329">
    <tag k="railway" v="tram_level_crossing"/>
  </node>
  <node id="6371553176" lat="50.0899983" lon="14.4103751">
    <tag k="railway" v="tram_level_crossing"/>
  </node>
  <node id="6371586770" lat="50.0912429" lon="14.4099788">
    <tag k="railway" v="tram_level_crossing"/>
  </node>
  <node id="6434272966" lat="50.0925886" lon="14.4138834"/>
  <node id="6434272967" lat="50.0929661" lon="14.4136606"/>
  <node id="6455491585" lat="50.0888647" lon="14.4184437"/>
  <node id="6475120065" lat="50.0800241" lon="14.4137722"/>
  <node id="6475120070" lat="50.0814001" lon="14.4132016">
    <tag k="railway" v="railway_crossing"/>
  </node>
  <node id="6475120071" lat="50.0813959" lon="14.4130388">
    <tag k="railway" v="tram_level_crossing"/>
  </node>
  <node id="6475120072" lat="50.0814105" lon="14.4130116"/>
  <node id="6479077994" lat="50.0868320" lon="14.4176342"/>
  <node id="6479078001" lat="50.0867377" lon="14.4172216"/>
  <node id="6479078023" lat="50.0878707" lon="14.4191325"/>
  <node id="6485447183" lat="50.0819617" lon="14.4044996">
    <tag k="railway" v="tram_level_crossing"/>
  </node>
  <node id="6485447492" lat="50.0812470" lon="14.4079334">
    <tag k="railway" v="tram_level_crossing"/>
  </node>
  <node id="6485447493" lat="50.0812777" lon="14.4079304">
    <tag k="railway" v="tram_level_crossing"/>
  </node>
  <node id="6485447494" lat="50.0812194" lon="14.4069510">
    <tag k="railway" v="tram_level_crossing"/>
  </node>
  <node id="6485447495" lat="50.0812505" lon="14.4069566">
    <tag k="railway" v="tram_level_crossing"/>
  </node>
  <node id="6485447498" lat="50.0811860" lon="14.4061271">
    <tag k="railway" v="tram_level_crossing"/>
  </node>
  <node id="6485447499" lat="50.0812182" lon="14.4061262">
    <tag k="railway" v="tram_level_crossing"/>
  </node>
  <node id="6490551961" lat="50.0906355" lon="14.4175598">
    <tag k="traffic_calming" v="hump"/>
  </node>
  <node id="6490559339" lat="50.0893238" lon="14.4158584">
    <tag k="railway" v="tram_level_crossing"/>
  </node>
  <node id="6490559343" lat="50.0888881" lon="14.4147671"/>
  <node id="6490559345" lat="50.0886892" lon="14.4156082">
    <tag k="railway" v="tram_level_crossing"/>
  </node>
  <node id="6490559351" lat="50.0909580" lon="14.4168808"/>
  <node id="6490559353" lat="50.0921319" lon="14.4175949"/>
  <node id="6490559354" lat="50.0921504" lon="14.4176537">
    <tag k="railway" v="tram_level_crossing"/>
  </node>
  <node id="6490559355" lat="50.0915540" lon="14.4179869"/>
  <node id="6547409124" lat="50.0911578" lon="14.4084846">
    <tag k="crossing" v="uncontrolled"/>
    <tag k="crossing:island" v="no"/>
    <tag k="crossing:markings" v="zebra"/>
    <tag k="highway" v="crossing"/>
    <tag k="tactile_paving" v="no"/>
  </node>
  <node id="6579890315" lat="50.0950954" lon="14.4058664"/>
  <node id="6586629040" lat="50.0870304" lon="14.4060112">
    <tag k="barrier" v="bollard"/>
    <tag k="bicycle" v="yes"/>
    <tag k="bollard" v="fixed"/>
    <tag k="foot" v="yes"/>
    <tag k="material" v="metal"/>
    <tag k="maxwidth" v="1.5"/>
    <tag k="motor_vehicle" v="no"/>
    <tag k="start_date" v="2019"/>
    <tag k="wheelchair" v="yes"/>
  </node>
  <node id="6769129967" lat="50.0888858" lon="14.4301251"/>
  <node id="6792406764" lat="50.0872402" lon="14.4266387">
    <tag k="crossing" v="zebra"/>
    <tag k="highway" v="crossing"/>
    <tag k="tactile_paving" v="no"/>
  </node>
  <node id="6792406778" lat="50.0826382" lon="14.4297336">
    <tag k="crossing" v="unmarked"/>
    <tag k="crossing:island" v="no"/>
    <tag k="crossing:markings" v="no"/>
    <tag k="highway" v="crossing"/>
  </node>
  <node id="6808473441" lat="50.0872042" lon="14.4173011">
    <tag k="crossing" v="zebra"/>
    <tag k="highway" v="crossing"/>
    <tag k="kerb" v="lowered"/>
    <tag k="tactile_paving" v="no"/>
  </node>
  <node id="6815151916" lat="50.0818071" lon="14.4061219">
    <tag k="crossing" v="uncontrolled"/>
    <tag k="crossing:island" v="no"/>
    <tag k="crossing:markings" v="zebra"/>
    <tag k="highway" v="crossing"/>
    <tag k="tactile_paving" v="no"/>
  </node>
  <node id="6815151917" lat="50.0817930" lon="14.4061223"/>
  <node id="6815151918" lat="50.0817591" lon="14.4061230"/>
  <node id="6819376699" lat="50.0827219" lon="14.4294870"/>
  <node id="7040618822" lat="50.0907784" lon="14.4272607">
    <tag k="crossing" v="uncontrolled"/>
    <tag k="crossing:island" v="no"/>
    <tag k="crossing:markings" v="zebra"/>
    <tag k="highway" v="crossing"/>
    <tag k="tactile_paving" v="yes"/>
  </node>
  <node id="7040618830" lat="50.0906168" lon="14.4257046">
    <tag k="crossing" v="uncontrolled"/>
    <tag k="crossing:island" v="no"/>
    <tag k="crossing:markings" v="zebra"/>
    <tag k="highway" v="crossing"/>
    <tag k="tactile_paving" v="no"/>
  </node>
  <node id="7040618840" lat="50.0906973" lon="14.4268852">
    <tag k="crossing" v="uncontrolled"/>
    <tag k="crossing:island" v="no"/>
    <tag k="crossing:markings" v="zebra"/>
    <tag k="highway" v="crossing"/>
    <tag k="tactile_paving" v="yes"/>
  </node>
  <node id="7040618842" lat="50.0906615" lon="14.4261285"/>
  <node id="7040618843" lat="50.0906717" lon="14.4261876"/>
  <node id="7040618851" lat="50.0902727" lon="14.4248935"/>
  <node id="7040618853" lat="50.0900635" lon="14.4241871">
    <tag k="direction" v="forward"/>
    <tag k="surface" v="paving_stones"/>
    <tag k="traffic_calming" v="hump"/>
  </node>
  <node id="7040618854" lat="50.0901315" lon="14.4240887"/>
  <node id="7040618855" lat="50.0899554" lon="14.4238924">
    <tag k="direction" v="backward"/>
    <tag k="surface" v="paving_stones"/>
    <tag k="traffic_calming" v="hump"/>
  </node>
  <node id="7040618860" lat="50.0901065" lon="14.4241006">
    <tag k="crossing" v="unmarked"/>
    <tag k="crossing:island" v="no"/>
    <tag k="crossing:markings" v="no"/>
    <tag k="crossing:signals" v="no"/>
    <tag k="highway" v="crossing"/>
    <tag k="tactile_paving" v="no"/>
    <tag k="traffic_calming" v="table"/>
  </node>
  <node id="7040618869" lat="50.0896901" lon="14.4232095">
    <tag k="crossing" v="unmarked"/>
    <tag k="crossing:markings" v="no"/>
    <tag k="highway" v="crossing"/>
  </node>
  <node id="7040618870" lat="50.0895157" lon="14.4227733"/>
  <node id="7040673706" lat="50.0896202" lon="14.4222459">
    <tag k="crossing" v="uncontrolled"/>
    <tag k="crossing:island" v="no"/>
    <tag k="crossing:markings" v="zebra"/>
    <tag k="highway" v="crossing"/>
    <tag k="tactile_paving" v="yes"/>
  </node>
  <node id="7040673734" lat="50.0889230" lon="14.4219772">
    <tag k="crossing" v="uncontrolled"/>
    <tag k="crossing:island" v="no"/>
    <tag k="crossing:markings" v="yes"/>
    <tag k="highway" v="crossing"/>
    <tag k="tactile_paving" v="yes"/>
  </node>
  <node id="7040692500" lat="50.0900565" lon="14.4241592"/>
  <node id="7040692502" lat="50.0899636" lon="14.4239133"/>
  <node id="7040692514" lat="50.0907996" lon="14.4228681">
    <tag k="crossing" v="uncontrolled"/>
    <tag k="crossing:island" v="no"/>
    <tag k="crossing:markings" v="zebra"/>
    <tag k="highway" v="crossing"/>
    <tag k="kerb" v="flush"/>
    <tag k="tactile_paving" v="yes"/>
  </node>
  <node id="7040692518" lat="50.0912764" lon="14.4232726">
    <tag k="crossing" v="unmarked"/>
    <tag k="crossing:island" v="no"/>
    <tag k="crossing:markings" v="no"/>
    <tag k="highway" v="crossing"/>
    <tag k="tactile_paving" v="no"/>
  </node>
  <node id="7040692532" lat="50.0918509" lon="14.4234364">
    <tag k="crossing" v="unmarked"/>
    <tag k="crossing:island" v="no"/>
    <tag k="crossing:markings" v="no"/>
    <tag k="highway" v="crossing"/>
    <tag k="tactile_paving" v="no"/>
  </node>
  <node id="7040692561" lat="50.0929229" lon="14.4238122"/>
  <node id="7044806049" lat="50.0950641" lon="14.4058312"/>
  <node id="7044806073" lat="50.0949524" lon="14.4050313"/>
  <node id="7044807092" lat="50.0950905" lon="14.4054296">
    <tag k="crossing" v="unmarked"/>
    <tag k="crossing:island" v="no"/>
    <tag k="crossing:markings" v="no"/>
    <tag k="crossing:signals" v="no"/>
    <tag k="highway" v="crossing"/>
    <tag k="tactile_paving" v="yes"/>
  </node>
  <node id="7044807093" lat="50.0949754" lon="14.4050211"/>
  <node id="7044807108" lat="50.0949301" lon="14.4050221"/>
  <node id="7050256372" lat="50.0945065" lon="14.4071499"/>
  <node id="7050256373" lat="50.0945337" lon="14.4072193"/>
  <node id="7050256374" lat="50.0946193" lon="14.4073756">
    <tag k="crossing" v="unmarked"/>
    <tag k="crossing:island" v="no"/>
    <tag k="crossing:markings" v="no"/>
    <tag k="highway" v="crossing"/>
    <tag k="tactile_paving" v="yes"/>
  </node>
  <node id="7053122627" lat="50.0861302" lon="14.4178913">
    <tag k="access" v="permissive"/>
    <tag k="barrier" v="bollard"/>
    <tag k="bicycle" v="yes"/>
    <tag k="bollard" v="fixed"/>
    <tag k="foot" v="yes"/>
    <tag k="horse" v="yes"/>
    <tag k="material" v="granite"/>
    <tag k="maxwidth:physical" v="2.9"/>
    <tag k="motor_vehicle" v="no"/>
    <tag k="source:maxwidth:physical" v="ARCore"/>
    <tag k="wheelchair" v="yes"/>
  </node>
  <node id="7131844169" lat="50.0957391" lon="14.4279262"/>
  <node id="7400110689" lat="50.0891301" lon="14.4144952"/>
  <node id="7400110690" lat="50.0891789" lon="14.4144403"/>
  <node id="7495320235" lat="50.0868839" lon="14.4179136"/>
  <node id="7532862902" lat="50.0801498" lon="14.4138813"/>
  <node id="7532862904" lat="50.0820280" lon="14.4138091"/>
  <node id="7532862905" lat="50.0824104" lon="14.4138795">
    <tag k="crossing" v="marked"/>
    <tag k="crossing:markings" v="yes"/>
    <tag k="highway" v="crossing"/>
    <tag k="tactile_paving" v="no"/>
  </node>
  <node id="7590476369" lat="50.0918782" lon="14.4268531">
    <tag k="crossing" v="uncontrolled"/>
    <tag k="crossing:island" v="no"/>
    <tag k="crossing:markings" v="zebra"/>
    <tag k="highway" v="crossing"/>
    <tag k="tactile_paving" v="yes"/>
  </node>
  <node id="7590476376" lat="50.0912221" lon="14.4271247">
    <tag k="crossing" v="marked"/>
    <tag k="crossing:markings" v="yes"/>
    <tag k="highway" v="crossing"/>
    <tag k="tactile_paving" v="yes"/>
  </node>
  <node id="7594855075" lat="50.0940158" lon="14.4167787">
    <tag k="highway" v="traffic_signals"/>
    <tag k="source" v="https://www.facebook.com/Praha7/photos/a.10150610039285739/10158701147775739/?type=3&amp;theater"/>
    <tag k="start_date" v="2020"/>
    <tag k="traffic_signals" v="signal"/>
    <tag k="traffic_signals:direction" v="forward"/>
  </node>
  <node id="7630846772" lat="50.0811427" lon="14.4197230">
    <tag k="direction" v="forward"/>
    <tag k="highway" v="stop"/>
  </node>
  <node id="7630846773" lat="50.0810015" lon="14.4190127">
    <tag k="traffic_calming" v="table"/>
  </node>
  <node id="7724694622" lat="50.0953516" lon="14.4088825">
    <tag k="railway" v="tram_level_crossing"/>
  </node>
  <node id="7724694637" lat="50.0949445" lon="14.4089529"/>
  <node id="7724694640" lat="50.0949703" lon="14.4088075">
    <tag k="railway" v="tram_level_crossing"/>
  </node>
  <node id="7724694645" lat="50.0948805" lon="14.4086229"/>
  <node id="7724694647" lat="50.0948136" lon="14.4080182"/>
  <node id="7724694648" lat="50.0948768" lon="14.4087188"/>
  <node id="7724694649" lat="50.0947532" lon="14.4090961"/>
  <node id="7724694650" lat="50.0947236" lon="14.4094091"/>
  <node id="7724694651" lat="50.0946794" lon="14.4092263"/>
  <node id="7724694652" lat="50.0945337" lon="14.4093883"/>
  <node id="7724694655" lat="50.0951388" lon="14.4088876"/>
  <node id="7724694656" lat="50.0957334" lon="14.4086704"/>
  <node id="7724694657" lat="50.0954319" lon="14.4088486"/>
  <node id="7724694658" lat="50.0957108" lon="14.4087933"/>
  <node id="7724694659" lat="50.0954473" lon="14.4089612"/>
  <node id="7724697015" lat="50.0950119" lon="14.4094425"/>
  <node id="7724697016" lat="50.0950457" lon="14.4094438"/>
  <node id="7726221670" lat="50.0948346" lon="14.4090710">
    <tag k="railway" v="tram_level_crossing"/>
  </node>
  <node id="7726221675" lat="50.0948065" lon="14.4076920">
    <tag k="railway" v="tram_level_crossing"/>
  </node>
  <node id="7726221676" lat="50.0952089" lon="14.4089246">
    <tag k="railway" v="tram_level_crossing"/>
  </node>
  <node id="7726221677" lat="50.0952602" lon="14.4088760">
    <tag k="railway" v="tram_level_crossing"/>
  </node>
  <node id="7726221679" lat="50.0965171" lon="14.4081808">
    <tag k="crossing" v="uncontrolled"/>
    <tag k="crossing:markings" v="dashes"/>
    <tag k="highway" v="crossing"/>
    <tag k="tactile_paving" v="yes"/>
  </node>
  <node id="7726221684" lat="50.0964137" lon="14.4083663"/>
  <node id="7726237887" lat="50.0966402" lon="14.4080904"/>
  <node id="7726237890" lat="50.0968486" lon="14.4079334"/>
  <node id="7874911728" lat="50.0855093" lon="14.4230964">
    <tag k="traffic_calming" v="bump"/>
  </node>
  <node id="7874933580" lat="50.0804657" lon="14.4080019"/>
  <node id="7874933581" lat="50.0814073" lon="14.4133730">
    <tag k="cycleway" v="asl"/>
    <tag k="direction" v="forward"/>
  </node>
  <node id="7874945027" lat="50.0841627" lon="14.4274735"/>
  <node id="7934591987" lat="50.0920832" lon="14.4198389">
    <tag k="barrier" v="block"/>
  </node>
  <node id="7934591995" lat="50.0921973" lon="14.4202099"/>
  <node id="7942600188" lat="50.0826695" lon="14.4189908"/>
  <node id="7948996016" lat="50.0830984" lon="14.4217980"/>
  <node id="7948996018" lat="50.0824698" lon="14.4195295"/>
  <node id="7954731940" lat="50.0847077" lon="14.4196705"/>
  <node id="8075743964" lat="50.0873345" lon="14.4262808">
    <tag k="crossing" v="zebra"/>
    <tag k="crossing:island" v="no"/>
    <tag k="highway" v="crossing"/>
    <tag k="tactile_paving" v="no"/>
  </node>
  <node id="8075743965" lat="50.0878783" lon="14.4263450">
    <tag k="crossing" v="uncontrolled"/>
    <tag k="crossing:island" v="no"/>
    <tag k="crossing:markings" v="zebra"/>
    <tag k="highway" v="crossing"/>
    <tag k="tactile_paving" v="yes"/>
  </node>
  <node id="8155127493" lat="50.0846300" lon="14.4188416"/>
  <node id="8238368903" lat="50.0928120" lon="14.4306235">
    <tag k="traffic_calming" v="bump"/>
  </node>
  <node id="8278444934" lat="50.0913962" lon="14.4102733">
    <tag k="railway" v="tram_level_crossing"/>
  </node>
  <node id="8278444937" lat="50.0898238" lon="14.4112827">
    <tag k="railway" v="tram_level_crossing"/>
  </node>
  <node id="8278444942" lat="50.0905713" lon="14.4232607"/>
  <node id="8278444951" lat="50.0893656" lon="14.4282215">
    <tag k="railway" v="tram_level_crossing"/>
  </node>
  <node id="8279277408" lat="50.0801116" lon="14.4234797">
    <tag k="railway" v="tram_level_crossing"/>
  </node>
  <node id="8279277415" lat="50.0806963" lon="14.4241275">
    <tag k="railway" v="tram_level_crossing"/>
  </node>
  <node id="8340084285" lat="50.0909909" lon="14.4081298"/>
  <node id="8390460920" lat="50.0934315" lon="14.4001320"/>
  <node id="8394236197" lat="50.0953560" lon="14.4097034"/>
  <node id="8394236198" lat="50.0952633" lon="14.4109885"/>
  <node id="8394236199" lat="50.0952913" lon="14.4109740"/>
  <node id="8394236200" lat="50.0953463" lon="14.4108982"/>
  <node id="8394236201" lat="50.0953280" lon="14.4109365"/>
  <node id="8394236202" lat="50.0953142" lon="14.4109531"/>
  <node id="8394236203" lat="50.0946664" lon="14.4107966"/>
  <node id="8394236204" lat="50.0946887" lon="14.4108776"/>
  <node id="8394236205" lat="50.0947074" lon="14.4109030"/>
  <node id="8394248534" lat="50.0946699" lon="14.4107449"/>
  <node id="8394248557" lat="50.0946803" lon="14.4108623">
    <tag k="crossing" v="unmarked"/>
    <tag k="crossing:island" v="no"/>
    <tag k="crossing:markings" v="no"/>
    <tag k="highway" v="crossing"/>
    <tag k="tactile_paving" v="no"/>
  </node>
  <node id="8394248558" lat="50.0950891" lon="14.4094710">
    <tag k="crossing" v="unmarked"/>
    <tag k="crossing:markings" v="no"/>
    <tag k="highway" v="crossing"/>
    <tag k="tactile_paving" v="no"/>
  </node>
  <node id="8394248633" lat="50.0934017" lon="14.4090462"/>
  <node id="8394248634" lat="50.0934650" lon="14.4092014"/>
  <node id="8394248635" lat="50.0935415" lon="14.4093249"/>
  <node id="8394248636" lat="50.0936175" lon="14.4094051"/>
  <node id="8394248637" lat="50.0937038" lon="14.4094602"/>
  <node id="8394248638" lat="50.0938326" lon="14.4095073"/>
  <node id="8394248639" lat="50.0942380" lon="14.4096108"/>
  <node id="8394248640" lat="50.0943487" lon="14.4096097"/>
  <node id="8394248641" lat="50.0944421" lon="14.4095943"/>
  <node id="8394248642" lat="50.0933554" lon="14.4088456"/>
  <node id="8394248643" lat="50.0933289" lon="14.4086891"/>
  <node id="8394320640" lat="50.0929385" lon="14.4086147"/>
  <node id="8394320641" lat="50.0929278" lon="14.4087433"/>
  <node id="8394320642" lat="50.0928732" lon="14.4089384"/>
  <node id="8394320643" lat="50.0927739" lon="14.4091275"/>
  <node id="8394320644" lat="50.0926855" lon="14.4092238"/>
  <node id="8394331080" lat="50.0926537" lon="14.4090735"/>
  <node id="8394331081" lat="50.0926918" lon="14.4090357"/>
  <node id="8394331082" lat="50.0927215" lon="14.4089983"/>
  <node id="8394331083" lat="50.0927876" lon="14.4088725"/>
  <node id="8394331084" lat="50.0928062" lon="14.4088167"/>
  <node id="8394331085" lat="50.0928205" lon="14.4087662"/>
  <node id="8394331086" lat="50.0928414" lon="14.4085964"/>
  <node id="8394331087" lat="50.0928428" lon="14.4085093"/>
  <node id="8394331088" lat="50.0927202" lon="14.4067364"/>
  <node id="8394331089" lat="50.0927292" lon="14.4068100"/>
  <node id="8394331090" lat="50.0926835" lon="14.4064503"/>
  <node id="8394331091" lat="50.0926853" lon="14.4065418"/>
  <node id="8394331092" lat="50.0926816" lon="14.4064995"/>
  <node id="8394331093" lat="50.0927001" lon="14.4063526"/>
  <node id="8394331094" lat="50.0927271" lon="14.4062709"/>
  <node id="8394331095" lat="50.0927126" lon="14.4063093"/>
  <node id="8394331096" lat="50.0927759" lon="14.4061804"/>
  <node id="8394331097" lat="50.0928027" lon="14.4061475"/>
  <node id="8394331098" lat="50.0928589" lon="14.4061047"/>
  <node id="8394331099" lat="50.0929109" lon="14.4060910"/>
  <node id="8394331100" lat="50.0929557" lon="14.4060907"/>
  <node id="8394331101" lat="50.0930272" lon="14.4061269"/>
  <node id="8394331102" lat="50.0930900" lon="14.4061927"/>
  <node id="8394331103" lat="50.0931381" lon="14.4062691"/>
  <node id="8394331104" lat="50.0931755" lon="14.4063755"/>
  <node id="8394331105" lat="50.0931862" lon="14.4065678"/>
  <node id="8394331106" lat="50.0931855" lon="14.4064642"/>
  <node id="8394331107" lat="50.0931874" lon="14.4066143"/>
  <node id="8394331108" lat="50.0931965" lon="14.4067532"/>
  <node id="8394331109" lat="50.0931913" lon="14.4066827"/>
  <node id="8394331110" lat="50.0933419" lon="14.4080946"/>
  <node id="8394331111" lat="50.0934437" lon="14.4087896"/>
  <node id="8394331112" lat="50.0934628" lon="14.4088893"/>
  <node id="8394331113" lat="50.0934748" lon="14.4089356"/>
  <node id="8394331114" lat="50.0935056" lon="14.4090277"/>
  <node id="8394331115" lat="50.0935268" lon="14.4090764"/>
  <node id="8394331116" lat="50.0935506" lon="14.4091228"/>
  <node id="8394331117" lat="50.0935955" lon="14.4091932"/>
  <node id="8394331118" lat="50.0936213" lon="14.4092253"/>
  <node id="8394331119" lat="50.0936699" lon="14.4092755"/>
  <node id="8394331120" lat="50.0937694" lon="14.4093395"/>
  <node id="8394331121" lat="50.0938008" lon="14.4093498"/>
  <node id="8394331122" lat="50.0941707" lon="14.4094504"/>
  <node id="8394331123" lat="50.0942053" lon="14.4094580"/>
  <node id="8394331124" lat="50.0942511" lon="14.4094658"/>
  <node id="8394331125" lat="50.0943260" lon="14.4094642"/>
  <node id="8394331126" lat="50.0943615" lon="14.4094591"/>
  <node id="8394331127" lat="50.0944016" lon="14.4094491"/>
  <node id="8394331128" lat="50.0945020" lon="14.4094083"/>
  <node id="8394331129" lat="50.0925017" lon="14.4092652">
    <tag k="railway" v="tram_level_crossing"/>
  </node>
  <node id="8394331130" lat="50.0924971" lon="14.4092169">
    <tag k="railway" v="tram_level_crossing"/>
  </node>
  <node id="8397051759" lat="50.0932642" lon="14.4147320"/>
  <node id="8397051760" lat="50.0932187" lon="14.4142137"/>
  <node id="8397051761" lat="50.0932955" lon="14.4140045"/>
  <node id="8397051762" lat="50.0933057" lon="14.4140776"/>
  <node id="8397051763" lat="50.0933383" lon="14.4143488"/>
  <node id="8397051764" lat="50.0934183" lon="14.4147811"/>
  <node id="8397051765" lat="50.0932216" lon="14.4140290"/>
  <node id="8397051766" lat="50.0932380" lon="14.4141800"/>
  <node id="8397051767" lat="50.0932557" lon="14.4143542"/>
  <node id="8397051768" lat="50.0932727" lon="14.4144986"/>
  <node id="8397051769" lat="50.0932880" lon="14.4145949"/>
  <node id="8397051770" lat="50.0933050" lon="14.4146831"/>
  <node id="8397051771" lat="50.0933230" lon="14.4147599"/>
  <node id="8397051772" lat="50.0933536" lon="14.4148821"/>
  <node id="8397051773" lat="50.0933848" lon="14.4149947"/>
  <node id="8397051774" lat="50.0937783" lon="14.4162685"/>
  <node id="8397051775" lat="50.0937620" lon="14.4164436"/>
  <node id="8397051776" lat="50.0937350" lon="14.4165082"/>
  <node id="8397051777" lat="50.0937191" lon="14.4165346">
    <tag k="bicycle" v="yes"/>
    <tag k="button_operated" v="no"/>
    <tag k="crossing" v="traffic_signals"/>
    <tag k="crossing:island" v="no"/>
    <tag k="crossing:markings" v="zebra"/>
    <tag k="highway" v="crossing"/>
    <tag k="kerb" v="lowered"/>
    <tag k="tactile_paving" v="yes"/>
    <tag k="traffic_signals:sound" v="no"/>
    <tag k="traffic_signals:vibration" v="no"/>
  </node>
  <node id="8397051781" lat="50.0932464" lon="14.4146018"/>
  <node id="8397051782" lat="50.0937709" lon="14.4166243"/>
  <node id="8397051785" lat="50.0937504" lon="14.4164739"/>
  <node id="8397051788" lat="50.0940069" lon="14.4176152"/>
  <node id="8397051789" lat="50.0940258" lon="14.4177479"/>
  <node id="8397051790" lat="50.0939538" lon="14.4172276"/>
  <node id="8397051805" lat="50.0933289" lon="14.4150106"/>
  <node id="8397083427" lat="50.0937524" lon="14.4161793">
    <tag k="highway" v="traffic_signals"/>
    <tag k="traffic_signals" v="signal"/>
    <tag k="traffic_signals:direction" v="forward"/>
  </node>
  <node id="8397083428" lat="50.0937767" lon="14.4163959"/>
  <node id="8397083433" lat="50.0937820" lon="14.4162907"/>
  <node id="8397083434" lat="50.0937843" lon="14.4163186"/>
  <node id="8397083435" lat="50.0937838" lon="14.4163450"/>
  <node id="8397083436" lat="50.0937809" lon="14.4163714"/>
  <node id="8397083437" lat="50.0937701" lon="14.4164203"/>
  <node id="8397083439" lat="50.0940018" lon="14.4167055">
    <tag k="button_operated" v="yes"/>
    <tag k="crossing" v="traffic_signals"/>
    <tag k="crossing:island" v="no"/>
    <tag k="crossing:markings" v="zebra"/>
    <tag k="highway" v="crossing"/>
    <tag k="kerb" v="yes"/>
    <tag k="tactile_paving" v="yes"/>
    <tag k="traffic_signals:sound" v="no"/>
    <tag k="traffic_signals:vibration" v="no"/>
  </node>
  <node id="8397083440" lat="50.0941179" lon="14.4173995">
    <tag k="cycleway" v="asl"/>
    <tag k="direction" v="forward"/>
    <tag k="start_date" v="2020"/>
  </node>
  <node id="8397083441" lat="50.0940663" lon="14.4170438"/>
  <node id="8397083444" lat="50.0939464" lon="14.4167953"/>
  <node id="8397083447" lat="50.0942984" lon="14.4189901"/>
  <node id="8397083462" lat="50.0937146" lon="14.4166539">
    <tag k="check_date" v="2023"/>
    <tag k="cycleway" v="asl"/>
    <tag k="direction" v="forward"/>
    <tag k="start_date" v="2023"/>
  </node>
  <node id="8397083465" lat="50.0939259" lon="14.4164428"/>
  <node id="8397083479" lat="50.0938828" lon="14.4166829"/>
  <node id="8397083481" lat="50.0939199" lon="14.4167297"/>
  <node id="8397083485" lat="50.0939288" lon="14.4167470">
    <tag k="button_operated" v="yes"/>
    <tag k="crossing" v="traffic_signals"/>
    <tag k="crossing:island" v="no"/>
    <tag k="crossing:markings" v="zebra"/>
    <tag k="highway" v="crossing"/>
    <tag k="kerb" v="yes"/>
    <tag k="railway" v="tram_crossing"/>
    <tag k="tactile_paving" v="yes"/>
    <tag k="traffic_signals:sound" v="no"/>
    <tag k="traffic_signals:vibration" v="no"/>
  </node>
  <node id="8397083500" lat="50.0937469" lon="14.4166336">
    <tag k="bicycle" v="yes"/>
    <tag k="button_operated" v="no"/>
    <tag k="crossing" v="traffic_signals"/>
    <tag k="crossing:island" v="no"/>
    <tag k="crossing:markings" v="zebra"/>
    <tag k="highway" v="crossing"/>
    <tag k="kerb" v="lowered"/>
    <tag k="tactile_paving" v="yes"/>
    <tag k="traffic_signals:sound" v="no"/>
    <tag k="traffic_signals:vibration" v="no"/>
  </node>
  <node id="8397083506" lat="50.0938344" lon="14.4165598">
    <tag k="railway" v="tram_level_crossing"/>
  </node>
  <node id="8397083507" lat="50.0938673" lon="14.4164622">
    <tag k="railway" v="tram_level_crossing"/>
  </node>
  <node id="8397083561" lat="50.0938289" lon="14.4165655"/>
  <node id="8397083568" lat="50.0937607" lon="14.4166250">
    <tag k="railway" v="tram_level_crossing"/>
  </node>
  <node id="8397083573" lat="50.0932516" lon="14.4138954">
    <tag k="railway" v="tram_level_crossing"/>
  </node>
  <node id="8397083574" lat="50.0932236" lon="14.4139091">
    <tag k="railway" v="tram_level_crossing"/>
  </node>
  <node id="8397507428" lat="50.0938036" lon="14.4164835"/>
  <node id="8397507429" lat="50.0937768" lon="14.4164970"/>
  <node id="8397507434" lat="50.0938795" lon="14.4165020">
    <tag k="railway" v="tram_level_crossing"/>
  </node>
  <node id="8397507435" lat="50.0938215" lon="14.4164774">
    <tag k="railway" v="tram_level_crossing"/>
  </node>
  <node id="8397512665" lat="50.0944857" lon="14.4199108"/>
  <node id="8397512666" lat="50.0945437" lon="14.4203489"/>
  <node id="8397512667" lat="50.0945795" lon="14.4206311"/>
  <node id="8397512668" lat="50.0946011" lon="14.4208830"/>
  <node id="8397512669" lat="50.0946340" lon="14.4212205"/>
  <node id="8397512670" lat="50.0946855" lon="14.4216962"/>
  <node id="8397512671" lat="50.0947570" lon="14.4223795"/>
  <node id="8397512672" lat="50.0947928" lon="14.4227920"/>
  <node id="8397512673" lat="50.0948258" lon="14.4231274"/>
  <node id="8397512674" lat="50.0948399" lon="14.4232681"/>
  <node id="8397512675" lat="50.0948542" lon="14.4233678"/>
  <node id="8397512676" lat="50.0948736" lon="14.4234638"/>
  <node id="8397512677" lat="50.0948978" lon="14.4235469"/>
  <node id="8397512678" lat="50.0949214" lon="14.4236154"/>
  <node id="8397512679" lat="50.0949957" lon="14.4237823"/>
  <node id="8397512680" lat="50.0944260" lon="14.4199433"/>
  <node id="8397512681" lat="50.0944984" lon="14.4204951"/>
  <node id="8397512682" lat="50.0945387" lon="14.4208188"/>
  <node id="8397512683" lat="50.0945758" lon="14.4211722"/>
  <node id="8397512684" lat="50.0946461" lon="14.4218420"/>
  <node id="8397512685" lat="50.0946979" lon="14.4223385"/>
  <node id="8397512686" lat="50.0947502" lon="14.4228990"/>
  <node id="8397512687" lat="50.0947945" lon="14.4233519"/>
  <node id="8397512688" lat="50.0948075" lon="14.4234332"/>
  <node id="8397512689" lat="50.0948269" lon="14.4235148"/>
  <node id="8397512701" lat="50.0951160" lon="14.4240185"/>
  <node id="8397512703" lat="50.0950653" lon="14.4242194"/>
  <node id="8397512704" lat="50.0950741" lon="14.4240779"/>
  <node id="8397512705" lat="50.0951466" lon="14.4242432"/>
  <node id="8397512706" lat="50.0951112" lon="14.4243935">
    <tag k="crossing:island" v="no"/>
    <tag k="crossing:markings" v="zebra"/>
    <tag k="highway" v="crossing"/>
    <tag k="tactile_paving" v="yes"/>
  </node>
  <node id="8397512707" lat="50.0951631" lon="14.4246707"/>
  <node id="8397512716" lat="50.0951736" lon="14.4255861"/>
  <node id="8397512717" lat="50.0951720" lon="14.4254421"/>
  <node id="8397512720" lat="50.0952409" lon="14.4253827"/>
  <node id="8397512721" lat="50.0952486" lon="14.4246717"/>
  <node id="8397512722" lat="50.0952278" lon="14.4245310"/>
  <node id="8397512723" lat="50.0951988" lon="14.4244059"/>
  <node id="8397512724" lat="50.0952617" lon="14.4243874"/>
  <node id="8397512725" lat="50.0952832" lon="14.4244916"/>
  <node id="8397512726" lat="50.0953101" lon="14.4246882"/>
  <node id="8397512727" lat="50.0953152" lon="14.4247687"/>
  <node id="8397512745" lat="50.0952511" lon="14.4249795"/>
  <node id="8397512746" lat="50.0952549" lon="14.4247422"/>
  <node id="8397512747" lat="50.0951098" lon="14.4241540"/>
  <node id="8397512748" lat="50.0948509" lon="14.4235973"/>
  <node id="8397512749" lat="50.0947818" lon="14.4232484"/>
  <node id="8397512752" lat="50.0953654" lon="14.4260860"/>
  <node id="8397512753" lat="50.0953441" lon="14.4259477"/>
  <node id="8397512754" lat="50.0953243" lon="14.4256956"/>
  <node id="8397512755" lat="50.0953140" lon="14.4254272"/>
  <node id="8397512756" lat="50.0953137" lon="14.4252356"/>
  <node id="8397512757" lat="50.0949587" lon="14.4237040"/>
  <node id="8397512758" lat="50.0947232" lon="14.4220449"/>
  <node id="8397512759" lat="50.0944373" lon="14.4195417"/>
  <node id="8397512762" lat="50.0940572" lon="14.4173711"/>
  <node id="8397550947" lat="50.0952520" lon="14.4257534"/>
  <node id="8397550948" lat="50.0952640" lon="14.4259172"/>
  <node id="8397550949" lat="50.0953021" lon="14.4262462"/>
  <node id="8397550989" lat="50.0941109" lon="14.4181781"/>
  <node id="8397550996" lat="50.0956825" lon="14.4287893"/>
  <node id="8397550997" lat="50.0956683" lon="14.4286854"/>
  <node id="8397550998" lat="50.0957152" lon="14.4290276"/>
  <node id="8397550999" lat="50.0957455" lon="14.4291828"/>
  <node id="8397551000" lat="50.0957806" lon="14.4293410"/>
  <node id="8397551002" lat="50.0958661" lon="14.4295727"/>
  <node id="8397551003" lat="50.0958457" lon="14.4293738"/>
  <node id="8397551004" lat="50.0958274" lon="14.4291996"/>
  <node id="8397551005" lat="50.0957794" lon="14.4288511"/>
  <node id="8397551006" lat="50.0954173" lon="14.4263421"/>
  <node id="8397651541" lat="50.0915793" lon="14.4180196"/>
  <node id="8397651542" lat="50.0916074" lon="14.4180381"/>
  <node id="8397651543" lat="50.0916586" lon="14.4180377"/>
  <node id="8397651552" lat="50.0920780" lon="14.4177682"/>
  <node id="8397651556" lat="50.0915292" lon="14.4179406">
    <tag k="railway" v="tram_level_crossing"/>
  </node>
  <node id="8398007318" lat="50.0954819" lon="14.4266075"/>
  <node id="8398007319" lat="50.0960009" lon="14.4298793"/>
  <node id="8398007320" lat="50.0959366" lon="14.4292731"/>
  <node id="8398007321" lat="50.0958962" lon="14.4288958"/>
  <node id="8398007322" lat="50.0958687" lon="14.4287083"/>
  <node id="8398007326" lat="50.0953151" lon="14.4263345">
    <tag k="highway" v="traffic_signals"/>
    <tag k="traffic_signals" v="signal"/>
    <tag k="traffic_signals:direction" v="forward"/>
  </node>
  <node id="8398062853" lat="50.0921382" lon="14.4176150">
    <tag k="railway" v="tram_level_crossing"/>
  </node>
  <node id="8398062855" lat="50.0922344" lon="14.4175273">
    <tag k="barrier" v="kerb"/>
    <tag k="button_operated" v="yes"/>
    <tag k="crossing" v="traffic_signals"/>
    <tag k="crossing:island" v="no"/>
    <tag k="crossing:markings" v="zebra"/>
    <tag k="crossing:signals" v="yes"/>
    <tag k="highway" v="crossing"/>
    <tag k="kerb" v="lowered"/>
    <tag k="tactile_paving" v="yes"/>
    <tag k="traffic_signals:sound" v="no"/>
    <tag k="traffic_signals:vibration" v="no"/>
  </node>
  <node id="8398062857" lat="50.0921668" lon="14.4177060"/>
  <node id="8398062861" lat="50.0919973" lon="14.4178218">
    <tag k="highway" v="traffic_signals"/>
    <tag k="traffic_signals" v="signal"/>
    <tag k="traffic_signals:direction" v="forward"/>
  </node>
  <node id="8398062863" lat="50.0922272" lon="14.4178986">
    <tag k="highway" v="traffic_signals"/>
    <tag k="traffic_signals" v="signal"/>
    <tag k="traffic_signals:direction" v="forward"/>
  </node>
  <node id="8398062864" lat="50.0923007" lon="14.4174837">
    <tag k="highway" v="traffic_signals"/>
    <tag k="traffic_signals" v="signal"/>
    <tag k="traffic_signals:direction" v="forward"/>
  </node>
  <node id="8399321089" lat="50.0961367" lon="14.4305751"/>
  <node id="8399321090" lat="50.0960811" lon="14.4303340"/>
  <node id="8399321091" lat="50.0960303" lon="14.4300680"/>
  <node id="8399507204" lat="50.0900137" lon="14.4101010"/>
  <node id="8399507205" lat="50.0900093" lon="14.4101763"/>
  <node id="8399507206" lat="50.0900014" lon="14.4102552"/>
  <node id="8399928901" lat="50.0886613" lon="14.4063569"/>
  <node id="8399928910" lat="50.0885523" lon="14.4060576"/>
  <node id="8399928911" lat="50.0885568" lon="14.4060886"/>
  <node id="8399928912" lat="50.0885629" lon="14.4061135"/>
  <node id="8399943123" lat="50.0897661" lon="14.4076327"/>
  <node id="8399943132" lat="50.0900586" lon="14.4082264"/>
  <node id="8399943133" lat="50.0900565" lon="14.4083338"/>
  <node id="8399943134" lat="50.0900515" lon="14.4085411"/>
  <node id="8399943135" lat="50.0900453" lon="14.4080773"/>
  <node id="8399943136" lat="50.0900371" lon="14.4080372"/>
  <node id="8399943137" lat="50.0900135" lon="14.4079740"/>
  <node id="8399943138" lat="50.0900005" lon="14.4079464"/>
  <node id="8399943139" lat="50.0899808" lon="14.4079101"/>
  <node id="8399943140" lat="50.0898890" lon="14.4077809"/>
  <node id="8399943141" lat="50.0898385" lon="14.4077201"/>
  <node id="8399943142" lat="50.0894842" lon="14.4073076"/>
  <node id="8399943143" lat="50.0893698" lon="14.4072072"/>
  <node id="8399943144" lat="50.0893052" lon="14.4071630"/>
  <node id="8399943145" lat="50.0892617" lon="14.4071309"/>
  <node id="8399943146" lat="50.0892148" lon="14.4070974"/>
  <node id="8399943147" lat="50.0891670" lon="14.4070610"/>
  <node id="8399943148" lat="50.0891320" lon="14.4070318"/>
  <node id="8399943149" lat="50.0888124" lon="14.4067092"/>
  <node id="8399943150" lat="50.0887829" lon="14.4066756"/>
  <node id="8399943151" lat="50.0887617" lon="14.4066450"/>
  <node id="8399943152" lat="50.0887452" lon="14.4066163"/>
  <node id="8399943153" lat="50.0887119" lon="14.4065311"/>
  <node id="8399943154" lat="50.0886462" lon="14.4063092"/>
  <node id="8399943166" lat="50.0894519" lon="14.4072749"/>
  <node id="8400150272" lat="50.0885201" lon="14.4049963">
    <tag k="railway" v="tram_level_crossing"/>
  </node>
  <node id="8400150309" lat="50.0885239" lon="14.4052599"/>
  <node id="8400267723" lat="50.0876931" lon="14.4044032"/>
  <node id="8400267725" lat="50.0876411" lon="14.4044952"/>
  <node id="8404974420" lat="50.0955731" lon="14.4270133">
    <tag k="highway" v="traffic_signals"/>
    <tag k="traffic_signals" v="signal"/>
    <tag k="traffic_signals:direction" v="forward"/>
  </node>
  <node id="8404987890" lat="50.0925948" lon="14.4267896"/>
  <node id="8404987891" lat="50.0923418" lon="14.4261500"/>
  <node id="8404987892" lat="50.0923982" lon="14.4264425"/>
  <node id="8404987893" lat="50.0925225" lon="14.4267350">
    <tag k="crossing" v="uncontrolled"/>
    <tag k="crossing:island" v="no"/>
    <tag k="crossing:markings" v="zebra"/>
    <tag k="highway" v="crossing"/>
    <tag k="tactile_paving" v="yes"/>
  </node>
  <node id="8404987894" lat="50.0924908" lon="14.4266966"/>
  <node id="8404987895" lat="50.0924646" lon="14.4266214"/>
  <node id="8404987896" lat="50.0925364" lon="14.4267519"/>
  <node id="8408461259" lat="50.0955856" lon="14.4266245">
    <tag k="highway" v="traffic_signals"/>
    <tag k="traffic_signals:direction" v="forward"/>
  </node>
  <node id="8408599184" lat="50.0890844" lon="14.4281485"/>
  <node id="8408599185" lat="50.0890982" lon="14.4281757">
    <tag k="crossing" v="unmarked"/>
    <tag k="crossing:markings" v="no"/>
    <tag k="highway" v="crossing"/>
    <tag k="tactile_paving" v="no"/>
  </node>
  <node id="8408751015" lat="50.0891815" lon="14.4282136"/>
  <node id="8408751016" lat="50.0891631" lon="14.4282155"/>
  <node id="8408788617" lat="50.0891462" lon="14.4282131"/>
  <node id="8408788618" lat="50.0890401" lon="14.4279250"/>
  <node id="8408788619" lat="50.0890500" lon="14.4279527"/>
  <node id="8408788620" lat="50.0893579" lon="14.4282984"/>
  <node id="8408788621" lat="50.0893591" lon="14.4282582"/>
  <node id="8408788622" lat="50.0893705" lon="14.4284129"/>
  <node id="8408788623" lat="50.0893804" lon="14.4284593"/>
  <node id="8408788624" lat="50.0893900" lon="14.4284898"/>
  <node id="8408788625" lat="50.0893963" lon="14.4281370"/>
  <node id="8408788626" lat="50.0893789" lon="14.4281710">
    <tag k="railway" v="tram_level_crossing"/>
  </node>
  <node id="8408788628" lat="50.0899174" lon="14.4279202"/>
  <node id="8408788631" lat="50.0907577" lon="14.4277201"/>
  <node id="8408788632" lat="50.0899897" lon="14.4280648"/>
  <node id="8408788633" lat="50.0906109" lon="14.4279098">
    <tag k="highway" v="traffic_signals"/>
    <tag k="traffic_signals:direction" v="forward"/>
    <tag k="traffic_signals:sound" v="no"/>
    <tag k="traffic_signals:vibration" v="no"/>
  </node>
  <node id="8408788634" lat="50.0907566" lon="14.4278740"/>
  <node id="8408788635" lat="50.0906648" lon="14.4278968">
    <tag k="button_operated" v="no"/>
    <tag k="crossing" v="traffic_signals"/>
    <tag k="crossing:island" v="no"/>
    <tag k="crossing:markings" v="zebra"/>
    <tag k="highway" v="crossing"/>
    <tag k="tactile_paving" v="yes"/>
    <tag k="traffic_signals:sound" v="no"/>
    <tag k="traffic_signals:vibration" v="no"/>
  </node>
  <node id="8408788636" lat="50.0910502" lon="14.4278079"/>
  <node id="8408788637" lat="50.0926175" lon="14.4274311"/>
  <node id="8408788638" lat="50.0925248" lon="14.4274518">
    <tag k="button_operated" v="yes"/>
    <tag k="crossing" v="traffic_signals"/>
    <tag k="crossing:island" v="no"/>
    <tag k="crossing:markings" v="yes"/>
    <tag k="highway" v="crossing"/>
    <tag k="tactile_paving" v="yes"/>
    <tag k="traffic_signals:sound" v="no"/>
    <tag k="traffic_signals:vibration" v="no"/>
  </node>
  <node id="8408788639" lat="50.0914185" lon="14.4277189"/>
  <node id="8408788642" lat="50.0913984" lon="14.4278217">
    <tag k="direction" v="forward"/>
    <tag k="highway" v="stop"/>
  </node>
  <node id="8408788643" lat="50.0913999" lon="14.4277588"/>
  <node id="8408788644" lat="50.0914057" lon="14.4277394"/>
  <node id="8408788646" lat="50.0926041" lon="14.4272813"/>
  <node id="8408788647" lat="50.0924750" lon="14.4274638">
    <tag k="highway" v="traffic_signals"/>
    <tag k="traffic_signals" v="signal"/>
    <tag k="traffic_signals:direction" v="forward"/>
  </node>
  <node id="8408788648" lat="50.0908715" lon="14.4278482">
    <tag k="button_operated" v="no"/>
    <tag k="crossing" v="traffic_signals"/>
    <tag k="crossing:island" v="no"/>
    <tag k="crossing:markings" v="zebra"/>
    <tag k="highway" v="crossing"/>
    <tag k="tactile_paving" v="yes"/>
    <tag k="traffic_signals:sound" v="no"/>
    <tag k="traffic_signals:vibration" v="no"/>
  </node>
  <node id="8408788649" lat="50.0925096" lon="14.4273038">
    <tag k="button_operated" v="yes"/>
    <tag k="crossing" v="traffic_signals"/>
    <tag k="crossing:island" v="no"/>
    <tag k="crossing:markings" v="yes"/>
    <tag k="highway" v="crossing"/>
    <tag k="tactile_paving" v="yes"/>
    <tag k="traffic_signals:sound" v="no"/>
    <tag k="traffic_signals:vibration" v="no"/>
  </node>
  <node id="8408926628" lat="50.0926866" lon="14.4276161">
    <tag k="highway" v="traffic_signals"/>
    <tag k="traffic_signals" v="signal"/>
    <tag k="traffic_signals:direction" v="forward"/>
  </node>
  <node id="8408926629" lat="50.0926423" lon="14.4277142">
    <tag k="highway" v="traffic_signals"/>
    <tag k="traffic_signals" v="signal"/>
    <tag k="traffic_signals:direction" v="backward"/>
  </node>
  <node id="8408926630" lat="50.0925878" lon="14.4271129">
    <tag k="highway" v="traffic_signals"/>
    <tag k="traffic_signals" v="signal"/>
    <tag k="traffic_signals:direction" v="forward"/>
  </node>
  <node id="8408926633" lat="50.0927887" lon="14.4274086"/>
  <node id="8408926634" lat="50.0951367" lon="14.4266877"/>
  <node id="8408926635" lat="50.0929881" lon="14.4271949"/>
  <node id="8408926636" lat="50.0952207" lon="14.4266648">
    <tag k="button_operated" v="yes"/>
    <tag k="crossing" v="traffic_signals"/>
    <tag k="crossing:island" v="no"/>
    <tag k="crossing:markings" v="zebra"/>
    <tag k="highway" v="crossing"/>
    <tag k="kerb" v="lowered"/>
    <tag k="tactile_paving" v="yes"/>
    <tag k="traffic_signals:sound" v="yes"/>
    <tag k="traffic_signals:vibration" v="no"/>
  </node>
  <node id="8408926638" lat="50.0953622" lon="14.4266190"/>
  <node id="8408926640" lat="50.0955636" lon="14.4266163"/>
  <node id="8408926641" lat="50.0954142" lon="14.4266072"/>
  <node id="8408926642" lat="50.0949201" lon="14.4267467"/>
  <node id="8408926643" lat="50.0953351" lon="14.4268123"/>
  <node id="8408926644" lat="50.0930043" lon="14.4273578"/>
  <node id="8408926645" lat="50.0927574" lon="14.4274331"/>
  <node id="8408926646" lat="50.0927113" lon="14.4274997"/>
  <node id="8408926647" lat="50.0927322" lon="14.4274623"/>
  <node id="8408926650" lat="50.0955881" lon="14.4266979"/>
  <node id="8408926651" lat="50.0955152" lon="14.4267472"/>
  <node id="8408926653" lat="50.0955693" lon="14.4267113"/>
  <node id="8408926655" lat="50.0954809" lon="14.4267657">
    <tag k="railway" v="tram_level_crossing"/>
  </node>
  <node id="8408926656" lat="50.0953947" lon="14.4267989"/>
  <node id="8408926657" lat="50.0953597" lon="14.4268067">
    <tag k="railway" v="tram_level_crossing"/>
  </node>
  <node id="8408926658" lat="50.0954465" lon="14.4266073">
    <tag k="railway" v="tram_level_crossing"/>
  </node>
  <node id="8408926659" lat="50.0953919" lon="14.4266123">
    <tag k="railway" v="tram_level_crossing"/>
  </node>
  <node id="8408926660" lat="50.0953814" lon="14.4266147">
    <tag k="railway" v="tram_level_crossing"/>
  </node>
  <node id="8408926663" lat="50.0952385" lon="14.4268349">
    <tag k="button_operated" v="no"/>
    <tag k="crossing" v="traffic_signals"/>
    <tag k="highway" v="crossing"/>
    <tag k="tactile_paving" v="yes"/>
    <tag k="traffic_signals:sound" v="no"/>
    <tag k="traffic_signals:vibration" v="yes"/>
  </node>
  <node id="8409236814" lat="50.0898878" lon="14.4280908"/>
  <node id="8409238721" lat="50.0896518" lon="14.4280047"/>
  <node id="8409341791" lat="50.0945472" lon="14.4269967"/>
  <node id="8425594864" lat="50.0837455" lon="14.4281111">
    <tag k="railway" v="tram_level_crossing"/>
  </node>
  <node id="8425594865" lat="50.0845169" lon="14.4292157">
    <tag k="railway" v="tram_level_crossing"/>
  </node>
  <node id="8425594868" lat="50.0837691" lon="14.4280908">
    <tag k="railway" v="tram_level_crossing"/>
  </node>
  <node id="8425594869" lat="50.0845512" lon="14.4292115">
    <tag k="railway" v="tram_level_crossing"/>
  </node>
  <node id="8480884536" lat="50.0813472" lon="14.4211669">
    <tag k="crossing" v="zebra"/>
    <tag k="crossing:island" v="no"/>
    <tag k="highway" v="crossing"/>
    <tag k="tactile_paving" v="yes"/>
  </node>
  <node id="8480884540" lat="50.0817106" lon="14.4223655">
    <tag k="direction" v="backward"/>
    <tag k="surface" v="paving_stones"/>
    <tag k="traffic_calming" v="table"/>
  </node>
  <node id="8480884565" lat="50.0817687" lon="14.4211452">
    <tag k="direction" v="backward"/>
    <tag k="traffic_calming" v="table"/>
  </node>
  <node id="8480884570" lat="50.0811954" lon="14.4202036">
    <tag k="direction" v="forward"/>
    <tag k="surface" v="paving_stones"/>
    <tag k="traffic_calming" v="table"/>
  </node>
  <node id="8480884571" lat="50.0811395" lon="14.4197103">
    <tag k="direction" v="backward"/>
    <tag k="surface" v="paving_stones"/>
    <tag k="traffic_calming" v="table"/>
  </node>
  <node id="8507764238" lat="50.0842525" lon="14.4202957">
    <tag k="traffic_calming" v="mini_bumps"/>
  </node>
  <node id="8510728032" lat="50.0842622" lon="14.4203076">
    <tag k="start_date" v="2021"/>
    <tag k="traffic_calming" v="bump"/>
  </node>
  <node id="8533351080" lat="50.0886216" lon="14.4157624">
    <tag k="button_operated" v="no"/>
    <tag k="crossing" v="traffic_signals"/>
    <tag k="crossing:island" v="no"/>
    <tag k="crossing:markings" v="zebra"/>
    <tag k="highway" v="crossing"/>
    <tag k="source" v="bing:ortofoto"/>
    <tag k="tactile_paving" v="yes"/>
    <tag k="traffic_signals:arrow" v="no"/>
    <tag k="traffic_signals:sound" v="no"/>
    <tag k="traffic_signals:vibration" v="no"/>
  </node>
  <node id="8533357128" lat="50.0888600" lon="14.4148723"/>
  <node id="8533357129" lat="50.0888781" lon="14.4147978"/>
  <node id="8533357130" lat="50.0889012" lon="14.4147376"/>
  <node id="8533357131" lat="50.0889140" lon="14.4147134"/>
  <node id="8533357132" lat="50.0889278" lon="14.4146902"/>
  <node id="8533357133" lat="50.0889590" lon="14.4146484"/>
  <node id="8533357134" lat="50.0889749" lon="14.4146319"/>
  <node id="8533357135" lat="50.0890944" lon="14.4145257"/>
  <node id="8533357136" lat="50.0891130" lon="14.4145104"/>
  <node id="8533357137" lat="50.0891473" lon="14.4144772"/>
  <node id="8533357138" lat="50.0891641" lon="14.4144595"/>
  <node id="8533357139" lat="50.0891921" lon="14.4144192"/>
  <node id="8533357140" lat="50.0892172" lon="14.4143672"/>
  <node id="8533357141" lat="50.0892486" lon="14.4142656"/>
  <node id="8533357142" lat="50.0892371" lon="14.4143101"/>
  <node id="8533357143" lat="50.0892274" lon="14.4143400"/>
  <node id="8533357144" lat="50.0886426" lon="14.4156977"/>
  <node id="8535999577" lat="50.0918575" lon="14.4215469"/>
  <node id="8577097264" lat="50.0920247" lon="14.4178038">
    <tag k="cycleway" v="asl"/>
    <tag k="direction" v="forward"/>
    <tag k="start_date" v="2021"/>
  </node>
  <node id="8577097265" lat="50.0922718" lon="14.4175028">
    <tag k="cycleway" v="asl"/>
    <tag k="direction" v="forward"/>
    <tag k="start_date" v="2021"/>
  </node>
  <node id="8577097266" lat="50.0922148" lon="14.4178583">
    <tag k="cycleway" v="asl"/>
    <tag k="direction" v="forward"/>
    <tag k="start_date" v="2021"/>
  </node>
  <node id="8599137695" lat="50.0852501" lon="14.4213711"/>
  <node id="8599370598" lat="50.0876662" lon="14.4192459"/>
  <node id="8599370599" lat="50.0876402" lon="14.4192386"/>
  <node id="8599370600" lat="50.0876944" lon="14.4192424"/>
  <node id="8599370601" lat="50.0877769" lon="14.4192099"/>
  <node id="8599370602" lat="50.0875813" lon="14.4191864"/>
  <node id="8599370603" lat="50.0875913" lon="14.4192077"/>
  <node id="8599694173" lat="50.0844639" lon="14.4188296"/>
  <node id="8600037686" lat="50.0875821" lon="14.4233215"/>
  <node id="8601640113" lat="50.0872051" lon="14.4258844"/>
  <node id="8601640116" lat="50.0879610" lon="14.4226632"/>
  <node id="8601656818" lat="50.0879930" lon="14.4228878"/>
  <node id="8601656826" lat="50.0879493" lon="14.4227632"/>
  <node id="8601656860" lat="50.0879990" lon="14.4229497"/>
  <node id="8601656861" lat="50.0879987" lon="14.4229205"/>
  <node id="8601656862" lat="50.0879944" lon="14.4229728"/>
  <node id="8601656863" lat="50.0876264" lon="14.4233369"/>
  <node id="8601656864" lat="50.0876204" lon="14.4233549"/>
  <node id="8601656865" lat="50.0876213" lon="14.4233813"/>
  <node id="8601656866" lat="50.0879515" lon="14.4226860"/>
  <node id="8601656867" lat="50.0879454" lon="14.4227409"/>
  <node id="8601656879" lat="50.0878343" lon="14.4206787">
    <tag k="crossing" v="uncontrolled"/>
    <tag k="crossing:island" v="no"/>
    <tag k="crossing:markings" v="zebra"/>
    <tag k="crossing:signals" v="no"/>
    <tag k="highway" v="crossing"/>
    <tag k="tactile_paving" v="no"/>
  </node>
  <node id="8601656880" lat="50.0878106" lon="14.4205832"/>
  <node id="8601656881" lat="50.0878086" lon="14.4205356"/>
  <node id="8601656887" lat="50.0881731" lon="14.4213139"/>
  <node id="8601771452" lat="50.0861034" lon="14.4167802"/>
  <node id="8601771453" lat="50.0861068" lon="14.4168142"/>
  <node id="8601771454" lat="50.0860556" lon="14.4167609"/>
  <node id="8601771460" lat="50.0862357" lon="14.4170516"/>
  <node id="8601771461" lat="50.0862150" lon="14.4170421"/>
  <node id="8601771462" lat="50.0861633" lon="14.4169730"/>
  <node id="8601771463" lat="50.0861368" lon="14.4169119"/>
  <node id="8603698578" lat="50.0845984" lon="14.4199951"/>
  <node id="8603698583" lat="50.0847336" lon="14.4197194"/>
  <node id="8603698584" lat="50.0847459" lon="14.4197423"/>
  <node id="8603698585" lat="50.0841292" lon="14.4186559"/>
  <node id="8603725846" lat="50.0840759" lon="14.4205090">
    <tag k="crossing" v="unmarked"/>
    <tag k="crossing:island" v="no"/>
    <tag k="crossing:markings" v="no"/>
    <tag k="highway" v="crossing"/>
    <tag k="tactile_paving" v="no"/>
  </node>
  <node id="8605541228" lat="50.0829171" lon="14.4220673">
    <tag k="crossing" v="uncontrolled"/>
    <tag k="crossing:island" v="no"/>
    <tag k="crossing:markings" v="zebra"/>
    <tag k="crossing_ref" v="zebra"/>
    <tag k="highway" v="crossing"/>
    <tag k="kerb" v="lowered"/>
    <tag k="source" v="bing"/>
    <tag k="tactile_paving" v="no"/>
  </node>
  <node id="8605541233" lat="50.0828917" lon="14.4220965"/>
  <node id="8605541234" lat="50.0828700" lon="14.4221213"/>
  <node id="8605541235" lat="50.0828443" lon="14.4221446"/>
  <node id="8605541236" lat="50.0829380" lon="14.4220378"/>
  <node id="8605541266" lat="50.0855322" lon="14.4256853">
    <tag k="crossing" v="uncontrolled"/>
    <tag k="highway" v="crossing"/>
    <tag k="kerb" v="lowered"/>
    <tag k="tactile_paving" v="no"/>
  </node>
  <node id="8605541267" lat="50.0855505" lon="14.4256788"/>
  <node id="8605541268" lat="50.0821797" lon="14.4262295"/>
  <node id="8605541269" lat="50.0822224" lon="14.4262445"/>
  <node id="8605541270" lat="50.0822528" lon="14.4263076"/>
  <node id="8605541271" lat="50.0822370" lon="14.4262611"/>
  <node id="8605541272" lat="50.0822448" lon="14.4264414"/>
  <node id="8605541273" lat="50.0821211" lon="14.4262486"/>
  <node id="8605541274" lat="50.0822344" lon="14.4264805"/>
  <node id="8648122532" lat="50.0899727" lon="14.4104381">
    <tag k="cycleway" v="asl"/>
    <tag k="direction" v="backward"/>
    <tag k="start_date" v="2021"/>
  </node>
  <node id="8648122533" lat="50.0902260" lon="14.4100174">
    <tag k="cycleway" v="asl"/>
    <tag k="direction" v="forward"/>
    <tag k="start_date" v="2020"/>
  </node>
  <node id="8667009700" lat="50.0899246" lon="14.4100284">
    <tag k="cycleway" v="asl"/>
    <tag k="direction" v="backward"/>
    <tag k="start_date" v="2021"/>
  </node>
  <node id="8667009701" lat="50.0900125" lon="14.4098992">
    <tag k="cycleway" v="asl"/>
    <tag k="direction" v="forward"/>
    <tag k="start_date" v="2021"/>
  </node>
  <node id="8695094434" lat="50.0906402" lon="14.4279033">
    <tag k="cycleway" v="asl"/>
    <tag k="direction" v="forward"/>
  </node>
  <node id="8695094435" lat="50.0907547" lon="14.4279781">
    <tag k="cycleway" v="asl"/>
    <tag k="direction" v="forward"/>
  </node>
  <node id="8695094436" lat="50.0908789" lon="14.4276883">
    <tag k="cycleway" v="asl"/>
    <tag k="direction" v="forward"/>
  </node>
  <node id="8695094437" lat="50.0907422" lon="14.4275525">
    <tag k="cycleway" v="asl"/>
    <tag k="direction" v="backward"/>
  </node>
  <node id="8695094438" lat="50.0916589" lon="14.4275007">
    <tag k="crossing" v="zebra"/>
    <tag k="crossing:island" v="no"/>
    <tag k="highway" v="crossing"/>
    <tag k="tactile_paving" v="yes"/>
    <tag k="traffic_calming" v="table"/>
  </node>
  <node id="8695094441" lat="50.0898095" lon="14.4258087">
    <tag k="crossing" v="uncontrolled"/>
    <tag k="crossing:island" v="no"/>
    <tag k="crossing:markings" v="zebra"/>
    <tag k="highway" v="crossing"/>
  </node>
  <node id="8695094443" lat="50.0897048" lon="14.4258727">
    <tag k="crossing" v="uncontrolled"/>
    <tag k="crossing:island" v="no"/>
    <tag k="crossing:markings" v="zebra"/>
    <tag k="highway" v="crossing"/>
  </node>
  <node id="8718996473" lat="50.0926927" lon="14.4275711">
    <tag k="cycleway" v="asl"/>
    <tag k="direction" v="forward"/>
    <tag k="start_date" v="2021"/>
  </node>
  <node id="8718996474" lat="50.0926382" lon="14.4276669">
    <tag k="cycleway" v="asl"/>
    <tag k="direction" v="backward"/>
    <tag k="start_date" v="2021"/>
  </node>
  <node id="8718996475" lat="50.0925033" lon="14.4274570">
    <tag k="cycleway" v="asl"/>
    <tag k="direction" v="forward"/>
    <tag k="start_date" v="2021"/>
  </node>
  <node id="8718996476" lat="50.0925922" lon="14.4271522">
    <tag k="cycleway" v="asl"/>
    <tag k="direction" v="forward"/>
    <tag k="start_date" v="2021"/>
  </node>
  <node id="8718996477" lat="50.0928153" lon="14.4272338">
    <tag k="highway" v="traffic_signals"/>
    <tag k="traffic_signals" v="signal"/>
    <tag k="traffic_signals:direction" v="forward"/>
  </node>
  <node id="8718996478" lat="50.0934108" lon="14.4270968"/>
  <node id="8718996479" lat="50.0927882" lon="14.4272399">
    <tag k="cycleway" v="asl"/>
    <tag k="direction" v="forward"/>
    <tag k="start_date" v="2021"/>
  </node>
  <node id="8728349495" lat="50.0903402" lon="14.4279776">
    <tag k="crossing" v="zebra"/>
    <tag k="highway" v="crossing"/>
    <tag k="tactile_paving" v="no"/>
  </node>
  <node id="8746404185" lat="50.0931186" lon="14.4283791">
    <tag k="cycleway" v="asl"/>
    <tag k="direction" v="forward"/>
    <tag k="start_date" v="2021"/>
  </node>
  <node id="8746404186" lat="50.0932711" lon="14.4280043">
    <tag k="cycleway" v="asl"/>
    <tag k="direction" v="backward"/>
    <tag k="start_date" v="2021"/>
  </node>
  <node id="8887864043" lat="50.0812066" lon="14.4130512">
    <tag k="cycleway" v="asl"/>
    <tag k="direction" v="backward"/>
    <tag k="note" v="will be probably removed, because there is dedicated path for cyclists"/>
  </node>
  <node id="8887864044" lat="50.0813906" lon="14.4128307">
    <tag k="cycleway" v="asl"/>
    <tag k="direction" v="forward"/>
  </node>
  <node id="8913083638" lat="50.0884933" lon="14.4156145">
    <tag k="button_operated" v="no"/>
    <tag k="crossing" v="traffic_signals"/>
    <tag k="crossing:island" v="yes"/>
    <tag k="crossing:markings" v="zebra"/>
    <tag k="highway" v="crossing"/>
    <tag k="source" v="bing:ortofoto"/>
    <tag k="tactile_paving" v="yes"/>
    <tag k="traffic_signals:sound" v="yes"/>
    <tag k="traffic_signals:vibration" v="no"/>
  </node>
  <node id="8918354046" lat="50.0813929" lon="14.4134685">
    <tag k="railway" v="tram_level_crossing"/>
  </node>
  <node id="8918354047" lat="50.0814261" lon="14.4135405">
    <tag k="railway" v="tram_level_crossing"/>
  </node>
  <node id="8918354052" lat="50.0931473" lon="14.4135346">
    <tag k="railway" v="tram_level_crossing"/>
  </node>
  <node id="8918354054" lat="50.0864613" lon="14.4084487"/>
  <node id="8998130076" lat="50.0914789" lon="14.4162028"/>
  <node id="8998130079" lat="50.0920838" lon="14.4174295">
    <tag k="description" v="bicycle signal"/>
    <tag k="highway" v="traffic_signals"/>
    <tag k="start_date" v="2021"/>
    <tag k="traffic_signals" v="signal"/>
    <tag k="traffic_signals:direction" v="backward"/>
  </node>
  <node id="9062547242" lat="50.0796959" lon="14.4223027">
    <tag k="crossing" v="zebra"/>
    <tag k="crossing:island" v="no"/>
    <tag k="highway" v="crossing"/>
    <tag k="tactile_paving" v="yes"/>
  </node>
  <node id="9062547253" lat="50.0796248" lon="14.4222843">
    <tag k="direction" v="forward"/>
    <tag k="start_date" v="2020"/>
    <tag k="surface" v="asphalt"/>
    <tag k="traffic_calming" v="table"/>
  </node>
  <node id="9142554179" lat="50.0929083" lon="14.4212328"/>
  <node id="9154241836" lat="50.0892525" lon="14.4185440">
    <tag k="direction" v="both"/>
    <tag k="surface" v="plastic"/>
    <tag k="traffic_calming" v="bump"/>
  </node>
  <node id="9154241837" lat="50.0892775" lon="14.4186467">
    <tag k="direction" v="both"/>
    <tag k="surface" v="plastic"/>
    <tag k="traffic_calming" v="bump"/>
  </node>
  <node id="9193158501" lat="50.0892253" lon="14.4222631">
    <tag k="traffic_calming" v="mini_bumps"/>
  </node>
  <node id="9216521391" lat="50.0940546" lon="14.4179035">
    <tag k="crossing" v="uncontrolled"/>
    <tag k="crossing:island" v="no"/>
    <tag k="crossing:markings" v="zebra"/>
    <tag k="highway" v="crossing"/>
    <tag k="tactile_paving" v="yes"/>
  </node>
  <node id="9216521392" lat="50.0953215" lon="14.4263780">
    <tag k="cycleway" v="asl"/>
    <tag k="direction" v="forward"/>
    <tag k="start_date" v="2021"/>
  </node>
  <node id="9216521393" lat="50.0952175" lon="14.4268398">
    <tag k="cycleway" v="asl"/>
    <tag k="direction" v="forward"/>
    <tag k="start_date" v="2021"/>
  </node>
  <node id="9216521394" lat="50.0955654" lon="14.4269710">
    <tag k="cycleway" v="asl"/>
    <tag k="direction" v="forward"/>
    <tag k="start_date" v="2019"/>
  </node>
  <node id="9216521395" lat="50.0948123" lon="14.4229898"/>
  <node id="9216521396" lat="50.0946070" lon="14.4209439"/>
  <node id="9273126527" lat="50.0860742" lon="14.4265629"/>
  <node id="9274871148" lat="50.0802683" lon="14.4176563"/>
  <node id="9274871149" lat="50.0802344" lon="14.4172902"/>
  <node id="9282800451" lat="50.0869367" lon="14.4173157"/>
  <node id="9282800452" lat="50.0868484" lon="14.4173217"/>
  <node id="9297251786" lat="50.0907720" lon="14.4228511"/>
  <node id="9297251795" lat="50.0839997" lon="14.4167333"/>
  <node id="9297251797" lat="50.0840021" lon="14.4174790"/>
  <node id="9297251800" lat="50.0882484" lon="14.4093275">
    <tag k="highway" v="traffic_signals"/>
    <tag k="traffic_signals:direction" v="backward"/>
  </node>
  <node id="9297251801" lat="50.0882580" lon="14.4093216"/>
  <node id="9297251802" lat="50.0878913" lon="14.4093619"/>
  <node id="9457898136" lat="50.0892458" lon="14.4239144"/>
  <node id="9457898137" lat="50.0892009" lon="14.4240146"/>
  <node id="9529524386" lat="50.0910986" lon="14.4083589"/>
  <node id="9529524404" lat="50.0900976" lon="14.4049078">
    <tag k="crossing" v="unmarked"/>
    <tag k="crossing:island" v="no"/>
    <tag k="crossing:markings" v="no"/>
    <tag k="highway" v="crossing"/>
    <tag k="tactile_paving" v="no"/>
  </node>
  <node id="9556813607" lat="50.0848320" lon="14.4187378"/>
  <node id="9556813608" lat="50.0847495" lon="14.4187816"/>
  <node id="9556813609" lat="50.0844032" lon="14.4188946"/>
  <node id="9558698706" lat="50.0916467" lon="14.4202973">
    <tag k="direction" v="forward"/>
    <tag k="surface" v="cobblestone"/>
    <tag k="traffic_calming" v="table"/>
  </node>
  <node id="9558698707" lat="50.0917679" lon="14.4204366">
    <tag k="direction" v="forward"/>
    <tag k="surface" v="cobblestone"/>
    <tag k="traffic_calming" v="table"/>
  </node>
  <node id="9558698708" lat="50.0918300" lon="14.4203032">
    <tag k="direction" v="backward"/>
    <tag k="surface" v="cobblestone"/>
    <tag k="traffic_calming" v="table"/>
  </node>
  <node id="9558698712" lat="50.0919315" lon="14.4220110"/>
  <node id="9558698713" lat="50.0919179" lon="14.4219443"/>
  <node id="9558712217" lat="50.0919130" lon="14.4222335"/>
  <node id="9558712219" lat="50.0905909" lon="14.4222745">
    <tag k="direction" v="both"/>
    <tag k="surface" v="plastic"/>
    <tag k="traffic_calming" v="bump"/>
  </node>
  <node id="9558712220" lat="50.0911061" lon="14.4249387">
    <tag k="crossing" v="uncontrolled"/>
    <tag k="crossing:island" v="no"/>
    <tag k="crossing:markings" v="zebra"/>
    <tag k="highway" v="crossing"/>
    <tag k="kerb" v="flush"/>
    <tag k="source" v="bing:ortofoto"/>
    <tag k="tactile_paving" v="no"/>
  </node>
  <node id="9572989379" lat="50.0888950" lon="14.4156618">
    <tag k="cycleway" v="asl"/>
    <tag k="direction" v="backward"/>
  </node>
  <node id="9572989380" lat="50.0886152" lon="14.4158003">
    <tag k="cycleway" v="asl"/>
    <tag k="direction" v="forward"/>
  </node>
  <node id="9572989381" lat="50.0884386" lon="14.4155941">
    <tag k="cycleway" v="asl"/>
    <tag k="direction" v="forward"/>
  </node>
  <node id="9572989387" lat="50.0872426" lon="14.4070341"/>
  <node id="9572989388" lat="50.0872925" lon="14.4070201"/>
  <node id="9572989389" lat="50.0873641" lon="14.4069745"/>
  <node id="9719758701" lat="50.0871668" lon="14.4282897">
    <tag k="direction" v="forward"/>
    <tag k="highway" v="give_way"/>
  </node>
  <node id="9719758703" lat="50.0871914" lon="14.4285911">
    <tag k="direction" v="backward"/>
    <tag k="highway" v="give_way"/>
  </node>
  <node id="9719759620" lat="50.0869900" lon="14.4280351"/>
  <node id="9720689525" lat="50.0878387" lon="14.4270574">
    <tag k="crossing" v="zebra"/>
    <tag k="crossing:markings" v="zebra"/>
    <tag k="highway" v="crossing"/>
    <tag k="source" v="bing"/>
    <tag k="tactile_paving" v="no"/>
  </node>
  <node id="9729026757" lat="50.0869135" lon="14.4279020"/>
  <node id="9729026771" lat="50.0871114" lon="14.4283273">
    <tag k="direction" v="forward"/>
    <tag k="highway" v="give_way"/>
  </node>
  <node id="9729026775" lat="50.0870992" lon="14.4282980"/>
  <node id="9729026777" lat="50.0870594" lon="14.4281907">
    <tag k="direction" v="backward"/>
    <tag k="highway" v="give_way"/>
  </node>
  <node id="9729026778" lat="50.0870273" lon="14.4281102"/>
  <node id="9729026794" lat="50.0870435" lon="14.4281509"/>
  <node id="9729026810" lat="50.0871635" lon="14.4281937"/>
  <node id="9729026811" lat="50.0871751" lon="14.4280864"/>
  <node id="9729026812" lat="50.0871661" lon="14.4281394"/>
  <node id="9747480649" lat="50.0871794" lon="14.4280649"/>
  <node id="9757405261" lat="50.0817156" lon="14.4217337"/>
  <node id="9802672048" lat="50.0834844" lon="14.4201143">
    <tag k="direction" v="both"/>
    <tag k="material" v="plastic"/>
    <tag k="start_date" v="2022"/>
    <tag k="traffic_calming" v="bump"/>
  </node>
  <node id="9808032178" lat="50.0909082" lon="14.4276813">
    <tag k="highway" v="traffic_signals"/>
    <tag k="traffic_signals:direction" v="forward"/>
    <tag k="traffic_signals:sound" v="no"/>
    <tag k="traffic_signals:vibration" v="no"/>
  </node>
  <node id="9808032179" lat="50.0907597" lon="14.4280272">
    <tag k="highway" v="traffic_signals"/>
    <tag k="traffic_signals:direction" v="forward"/>
    <tag k="traffic_signals:sound" v="no"/>
    <tag k="traffic_signals:vibration" v="no"/>
  </node>
  <node id="9817072016" lat="50.0905520" lon="14.4119735"/>
  <node id="9837865015" lat="50.0834547" lon="14.4133603">
    <tag k="direction" v="forward"/>
    <tag k="highway" v="give_way"/>
  </node>
  <node id="9837878718" lat="50.0835244" lon="14.4132776"/>
  <node id="9837878719" lat="50.0805825" lon="14.4133521"/>
  <node id="9850525015" lat="50.0820383" lon="14.4223874">
    <tag k="direction" v="forward"/>
    <tag k="surface" v="asphalt"/>
    <tag k="traffic_calming" v="table"/>
  </node>
  <node id="9850525016" lat="50.0821750" lon="14.4223660">
    <tag k="direction" v="backward"/>
    <tag k="surface" v="asphalt"/>
    <tag k="traffic_calming" v="table"/>
  </node>
  <node id="9864621186" lat="50.0827746" lon="14.4171346"/>
  <node id="9864621192" lat="50.0839519" lon="14.4142738">
    <tag k="crossing" v="unmarked"/>
    <tag k="crossing:island" v="no"/>
    <tag k="crossing:markings" v="no"/>
    <tag k="highway" v="crossing"/>
  </node>
  <node id="9885806893" lat="50.0846531" lon="14.4195813"/>
  <node id="9891913689" lat="50.0816301" lon="14.4130029">
    <tag k="direction" v="forward"/>
    <tag k="highway" v="traffic_signals"/>
  </node>
  <node id="9891913690" lat="50.0814124" lon="14.4134188">
    <tag k="highway" v="traffic_signals"/>
    <tag k="traffic_signals:direction" v="forward"/>
  </node>
  <node id="9891913691" lat="50.0811775" lon="14.4130583">
    <tag k="direction" v="backward"/>
    <tag k="highway" v="traffic_signals"/>
  </node>
  <node id="9891913702" lat="50.0812721" lon="14.4130371">
    <tag k="railway" v="tram_crossing"/>
  </node>
  <node id="9891950230" lat="50.0818022" lon="14.4130258"/>
  <node id="9891950234" lat="50.0816487" lon="14.4130032"/>
  <node id="9891950235" lat="50.0813895" lon="14.4127881">
    <tag k="direction" v="forward"/>
    <tag k="highway" v="traffic_signals"/>
  </node>
  <node id="9891950238" lat="50.0810077" lon="14.4131157"/>
  <node id="9891950251" lat="50.0829955" lon="14.4131982"/>
  <node id="9891950255" lat="50.0837638" lon="14.4133131"/>
  <node id="9902671053" lat="50.0836650" lon="14.4201505">
    <tag k="direction" v="both"/>
    <tag k="start_date" v="2022"/>
    <tag k="surface" v="plastic"/>
    <tag k="traffic_calming" v="mini_bumps"/>
  </node>
  <node id="9902671054" lat="50.0829695" lon="14.4191074">
    <tag k="direction" v="both"/>
    <tag k="material" v="plastic"/>
    <tag k="start_date" v="2022"/>
    <tag k="traffic_calming" v="mini_bumps"/>
  </node>
  <node id="9902671055" lat="50.0839845" lon="14.4205745">
    <tag k="direction" v="both"/>
    <tag k="start_date" v="2022"/>
    <tag k="surface" v="plastic"/>
    <tag k="traffic_calming" v="mini_bumps"/>
  </node>
  <node id="9949513457" lat="50.0878975" lon="14.4054767"/>
  <node id="9949513458" lat="50.0876029" lon="14.4046776"/>
  <node id="9971724766" lat="50.0819717" lon="14.4078985">
    <tag k="barrier" v="kerb"/>
    <tag k="height" v="0.3"/>
    <tag k="tactile_paving" v="no"/>
    <tag k="wheelchair" v="no"/>
  </node>
  <node id="9983242931" lat="50.0932433" lon="14.4268617"/>
  <node id="10130034741" lat="50.0843096" lon="14.4294964"/>
  <node id="10159806531" lat="50.0855787" lon="14.4294182"/>
  <node id="10159806532" lat="50.0850417" lon="14.4298107"/>
  <node id="10159806533" lat="50.0848188" lon="14.4295711"/>
  <node id="10159806534" lat="50.0856427" lon="14.4293640"/>
  <node id="10159806535" lat="50.0856934" lon="14.4302606"/>
  <node id="10159806536" lat="50.0857646" lon="14.4303115"/>
  <node id="10255819212" lat="50.0851127" lon="14.4262390">
    <tag k="crossing" v="marked"/>
    <tag k="crossing:markings" v="zebra"/>
    <tag k="highway" v="crossing"/>
    <tag k="tactile_paving" v="yes"/>
  </node>
  <node id="10267154003" lat="50.0855775" lon="14.4301164"/>
  <node id="10543057643" lat="50.0813954" lon="14.4268965">
    <tag k="crossing:markings" v="yes"/>
    <tag k="crossing:signals" v="no"/>
    <tag k="highway" v="crossing"/>
    <tag k="tactile_paving" v="yes"/>
  </node>
  <node id="10543057658" lat="50.0800770" lon="14.4288073">
    <tag k="crossing" v="uncontrolled"/>
    <tag k="highway" v="crossing"/>
    <tag k="tactile_paving" v="yes"/>
  </node>
  <node id="10543087644" lat="50.0822182" lon="14.4157973">
    <tag k="crossing:markings" v="no"/>
    <tag k="crossing:signals" v="no"/>
    <tag k="highway" v="crossing"/>
    <tag k="tactile_paving" v="yes"/>
  </node>
  <node id="10543087646" lat="50.0820595" lon="14.4159079">
    <tag k="crossing:markings" v="no"/>
    <tag k="crossing:signals" v="no"/>
    <tag k="highway" v="crossing"/>
    <tag k="tactile_paving" v="yes"/>
  </node>
  <node id="10543087660" lat="50.0822563" lon="14.4149060">
    <tag k="crossing" v="uncontrolled"/>
    <tag k="crossing:markings" v="dashes"/>
    <tag k="crossing:signals" v="no"/>
    <tag k="highway" v="crossing"/>
    <tag k="tactile_paving" v="no"/>
  </node>
  <node id="10543087662" lat="50.0821287" lon="14.4150733">
    <tag k="crossing:markings" v="no"/>
    <tag k="crossing:signals" v="no"/>
    <tag k="highway" v="crossing"/>
    <tag k="tactile_paving" v="no"/>
  </node>
  <node id="10543087664" lat="50.0821347" lon="14.4148084">
    <tag k="crossing:island" v="no"/>
    <tag k="crossing:markings" v="no"/>
    <tag k="crossing:signals" v="no"/>
    <tag k="highway" v="crossing"/>
    <tag k="tactile_paving" v="no"/>
  </node>
  <node id="10543087677" lat="50.0836027" lon="14.4143869">
    <tag k="crossing" v="unmarked"/>
    <tag k="crossing:island" v="no"/>
    <tag k="crossing:markings" v="no"/>
    <tag k="crossing:signals" v="no"/>
    <tag k="highway" v="crossing"/>
    <tag k="tactile_paving" v="no"/>
  </node>
  <node id="10543087679" lat="50.0838064" lon="14.4155892">
    <tag k="crossing:markings" v="no"/>
    <tag k="crossing:signals" v="no"/>
    <tag k="highway" v="crossing"/>
    <tag k="tactile_paving" v="no"/>
  </node>
  <node id="10543087699" lat="50.0843343" lon="14.4157136">
    <tag k="crossing:markings" v="no"/>
    <tag k="crossing:signals" v="no"/>
    <tag k="highway" v="crossing"/>
    <tag k="tactile_paving" v="yes"/>
  </node>
  <node id="10543087700" lat="50.0828665" lon="14.4145507">
    <tag k="crossing" v="unmarked"/>
    <tag k="crossing:island" v="no"/>
    <tag k="crossing:markings" v="no"/>
    <tag k="highway" v="crossing"/>
    <tag k="tactile_paving" v="no"/>
  </node>
  <node id="10582475461" lat="50.0871150" lon="14.4075388"/>
  <node id="10611327581" lat="50.0861337" lon="14.4051928"/>
  <node id="10636694686" lat="50.0878106" lon="14.4204921"/>
  <node id="10636694687" lat="50.0878372" lon="14.4204187"/>
  <node id="10652685155" lat="50.0845190" lon="14.4165269"/>
  <node id="10652685156" lat="50.0846859" lon="14.4165429"/>
  <node id="10652685157" lat="50.0847901" lon="14.4165447"/>
  <node id="10693010439" lat="50.0872319" lon="14.4278070"/>
  <node id="10693051762" lat="50.0861455" lon="14.4144308">
    <tag k="cycleway" v="asl"/>
    <tag k="direction" v="forward"/>
  </node>
  <node id="10693051763" lat="50.0860025" lon="14.4143858">
    <tag k="cycleway" v="asl"/>
    <tag k="direction" v="forward"/>
  </node>
  <node id="10693051764" lat="50.0876968" lon="14.4152371"/>
  <node id="10695045829" lat="50.0832171" lon="14.4199236"/>
  <node id="10695630314" lat="50.0818053" lon="14.4210016"/>
  <node id="10695630318" lat="50.0854470" lon="14.4221859"/>
  <node id="10695630319" lat="50.0851483" lon="14.4214019"/>
  <node id="10695630320" lat="50.0839102" lon="14.4174546"/>
  <node id="10695630321" lat="50.0831044" lon="14.4187755"/>
  <node id="10698998531" lat="50.0799960" lon="14.4251771"/>
  <node id="10698998534" lat="50.0805319" lon="14.4163121"/>
  <node id="10704775245" lat="50.0871985" lon="14.4081553"/>
  <node id="10704775247" lat="50.0904081" lon="14.4182672">
    <tag k="traffic_calming" v="hump"/>
  </node>
  <node id="10716253865" lat="50.0832436" lon="14.4199656"/>
  <node id="10716253876" lat="50.0829068" lon="14.4197053"/>
  <node id="10716253877" lat="50.0829173" lon="14.4196624"/>
  <node id="10716253878" lat="50.0829084" lon="14.4196817"/>
  <node id="10716253880" lat="50.0835820" lon="14.4184477">
    <tag k="crossing" v="uncontrolled"/>
    <tag k="crossing:island" v="no"/>
    <tag k="crossing:markings" v="zebra"/>
    <tag k="highway" v="crossing"/>
    <tag k="tactile_paving" v="no"/>
  </node>
  <node id="10716276656" lat="50.0828613" lon="14.4189132"/>
  <node id="10716276658" lat="50.0829799" lon="14.4188779"/>
  <node id="10716276659" lat="50.0834288" lon="14.4184964"/>
  <node id="10716276660" lat="50.0834789" lon="14.4183652"/>
  <node id="10745030542" lat="50.0843424" lon="14.4045061">
    <tag k="cycleway" v="asl"/>
    <tag k="direction" v="forward"/>
    <tag k="start_date" v="2022"/>
  </node>
  <node id="10758403473" lat="50.0871974" lon="14.4284284">
    <tag k="highway" v="mini_roundabout"/>
  </node>
  <node id="10758403482" lat="50.0868916" lon="14.4278661"/>
  <node id="10758403486" lat="50.0871298" lon="14.4283685"/>
  <node id="10785278711" lat="50.0810737" lon="14.4138400"/>
  <node id="10866611978" lat="50.0842659" lon="14.4274387"/>
  <node id="10945637601" lat="50.0869645" lon="14.4069265"/>
  <node id="10991775308" lat="50.0920906" lon="14.4135334"/>
  <node id="10991775309" lat="50.0918082" lon="14.4132472"/>
  <node id="10991775310" lat="50.0915077" lon="14.4129501"/>
  <node id="10991775312" lat="50.0912484" lon="14.4126886"/>
  <node id="10991775314" lat="50.0910000" lon="14.4124451"/>
  <node id="10991775315" lat="50.0907003" lon="14.4121376"/>
  <node id="11055018439" lat="50.0806097" lon="14.4167039"/>
  <node id="11226962988" lat="50.0847250" lon="14.4267887"/>
  <node id="11257364080" lat="50.0951550" lon="14.4245995"/>
  <node id="11273764987" lat="50.0937719" lon="14.4162445">
    <tag k="bicycle" v="yes"/>
    <tag k="button_operated" v="yes"/>
    <tag k="crossing" v="traffic_signals"/>
    <tag k="crossing:island" v="no"/>
    <tag k="crossing:markings" v="yes"/>
    <tag k="highway" v="crossing"/>
    <tag k="tactile_paving" v="yes"/>
    <tag k="traffic_signals:sound" v="no"/>
    <tag k="traffic_signals:vibration" v="no"/>
  </node>
  <node id="11283590726" lat="50.0957139" lon="14.4053735"/>
  <node id="11283590727" lat="50.0957534" lon="14.4053984"/>
  <node id="11283590728" lat="50.0958171" lon="14.4054734"/>
  <node id="11283590729" lat="50.0958698" lon="14.4055929"/>
  <node id="11283590730" lat="50.0955998" lon="14.4053448"/>
  <node id="11283590731" lat="50.0958740" lon="14.4059089"/>
  <node id="11283590732" lat="50.0958539" lon="14.4059669"/>
  <node id="11283590733" lat="50.0957903" lon="14.4060694"/>
  <node id="11283590734" lat="50.0956917" lon="14.4061448"/>
  <node id="11283590735" lat="50.0956140" lon="14.4072089"/>
  <node id="11283590736" lat="50.0956014" lon="14.4074275"/>
  <node id="11283590737" lat="50.0955594" lon="14.4077678"/>
  <node id="11333139343" lat="50.0884735" lon="14.4268913">
    <tag k="barrier" v="bollard"/>
    <tag k="bollard" v="fixed"/>
  </node>
  <node id="11353736968" lat="50.0824435" lon="14.4190995">
    <tag k="direction" v="forward"/>
    <tag k="highway" v="give_way"/>
  </node>
  <node id="11353743269" lat="50.0824044" lon="14.4192503">
    <tag k="direction" v="backward"/>
    <tag k="highway" v="give_way"/>
  </node>
  <node id="11395861830" lat="50.0807278" lon="14.4286310"/>
  <node id="11412581918" lat="50.0914861" lon="14.4316029"/>
  <node id="11456243029" lat="50.0937650" lon="14.4162214">
    <tag k="check_date" v="2023"/>
    <tag k="cycleway" v="asl"/>
    <tag k="direction" v="forward"/>
    <tag k="start_date" v="2023"/>
  </node>
  <node id="11586562840" lat="50.0871743" lon="14.4283451"/>
  <node id="11586562841" lat="50.0871474" lon="14.4283942"/>
  <node id="11618368953" lat="50.0952564" lon="14.4091363">
    <tag k="crossing" v="uncontrolled"/>
    <tag k="crossing:island" v="no"/>
    <tag k="crossing:markings" v="zebra"/>
    <tag k="crossing:signals" v="no"/>
    <tag k="highway" v="crossing"/>
    <tag k="tactile_paving" v="yes"/>
  </node>
  <node id="11618368954" lat="50.0948544" lon="14.4091940"/>
  <node id="11618368955" lat="50.0950583" lon="14.4090155">
    <tag k="crossing" v="uncontrolled"/>
    <tag k="crossing:island" v="no"/>
    <tag k="crossing:markings" v="zebra"/>
    <tag k="crossing:signals" v="no"/>
    <tag k="highway" v="crossing"/>
    <tag k="tactile_paving" v="yes"/>
  </node>
  <node id="11618368957" lat="50.0948462" lon="14.4091543"/>
  <node id="11627985291" lat="50.0950883" lon="14.4088780"/>
  <node id="11627985301" lat="50.0954042" lon="14.4088636"/>
  <node id="11716625043" lat="50.0924881" lon="14.4099362"/>
  <node id="11716625046" lat="50.0926269" lon="14.4093339">
    <tag k="direction" v="forward"/>
    <tag k="highway" v="give_way"/>
  </node>
  <node id="11716625047" lat="50.0925605" lon="14.4096200"/>
  <node id="11716625048" lat="50.0925247" lon="14.4097210"/>
  <node id="11716625049" lat="50.0925332" lon="14.4095329"/>
  <node id="11716625050" lat="50.0922211" lon="14.4112479"/>
  <node id="11747371243" lat="50.0813969" lon="14.4298653">
    <tag k="traffic_calming" v="mini_bumps"/>
  </node>
  <node id="11750869113" lat="50.0949154" lon="14.4093080"/>
  <node id="11750869114" lat="50.0949330" lon="14.4093213"/>
  <node id="11898267645" lat="50.0909199" lon="14.4312689">
    <tag k="crossing" v="uncontrolled"/>
    <tag k="crossing:island" v="no"/>
    <tag k="crossing:markings" v="zebra"/>
    <tag k="highway" v="crossing"/>
  </node>
  <node id="11898267646" lat="50.0903127" lon="14.4295978"/>
  <node id="11901517370" lat="50.0953277" lon="14.4086650"/>
  <node id="11919247682" lat="50.0947890" lon="14.4090278"/>
  <node id="11923018296" lat="50.0900277" lon="14.4171865"/>
  <node id="11923018306" lat="50.0900162" lon="14.4172054"/>
  <node id="11923018307" lat="50.0901545" lon="14.4171309"/>
  <node id="11923018308" lat="50.0905236" lon="14.4181080"/>
  <node id="11923018343" lat="50.0918023" lon="14.4203073"/>
  <node id="11930026600" lat="50.0906422" lon="14.4210087"/>
  <node id="11930026601" lat="50.0906402" lon="14.4210370"/>
  <node id="11930026622" lat="50.0902319" lon="14.4205151"/>
  <node id="11930026623" lat="50.0902055" lon="14.4204739"/>
  <node id="11930026646" lat="50.0898243" lon="14.4209060"/>
  <node id="11930026647" lat="50.0898608" lon="14.4209997"/>
  <node id="11930026648" lat="50.0899197" lon="14.4207090"/>
  <node id="11930026649" lat="50.0900269" lon="14.4209964"/>
  <node id="11930026650" lat="50.0899424" lon="14.4210323"/>
  <node id="11939343807" lat="50.0922385" lon="14.4092727"/>
  <node id="11939343808" lat="50.0918602" lon="14.4094485"/>
  <node id="12006216233" lat="50.0813925" lon="14.4129013">
    <tag k="direction" v="forward"/>
    <tag k="highway" v="give_way"/>
  </node>
  <node id="12009324978" lat="50.0841745" lon="14.4182802"/>
  <node id="12009324984" lat="50.0842915" lon="14.4165235"/>
  <node id="12025595208" lat="50.0818967" lon="14.4054713"/>
  <node id="12055266217" lat="50.0848055" lon="14.4182428"/>
  <node id="12055495229" lat="50.0845321" lon="14.4193218"/>
  <node id="12055495230" lat="50.0845845" lon="14.4194397"/>
  <node id="12068563844" lat="50.0800962" lon="14.4234330"/>
  <node id="12086868558" lat="50.0806698" lon="14.4286971"/>
  <node id="12086954083" lat="50.0828623" lon="14.4267187"/>
  <node id="12102841022" lat="50.0813682" lon="14.4298206"/>
  <node id="12148024955" lat="50.0893604" lon="14.4227179"/>
  <node id="12148024982" lat="50.0893410" lon="14.4224862"/>
  <node id="12148024983" lat="50.0893595" lon="14.4226029"/>
  <node id="12148024984" lat="50.0893410" lon="14.4228443"/>
  <node id="12151886672" lat="50.0948288" lon="14.4089878"/>
  <node id="12151886675" lat="50.0950080" lon="14.4095005"/>
  <node id="12157708769" lat="50.0800262" lon="14.4163001">
    <tag k="crossing" v="unmarked"/>
    <tag k="crossing:island" v="no"/>
    <tag k="crossing:markings" v="no"/>
    <tag k="highway" v="crossing"/>
    <tag k="tactile_paving" v="no"/>
  </node>
  <node id="12157708850" lat="50.0805717" lon="14.4139203"/>
  <node id="12157708895" lat="50.0794095" lon="14.4167641"/>
  <node id="12157709065" lat="50.0798845" lon="14.4153856"/>
  <node id="12157709091" lat="50.0798101" lon="14.4138895">
    <tag k="crossing" v="uncontrolled"/>
    <tag k="crossing:island" v="no"/>
    <tag k="crossing:markings" v="yes"/>
    <tag k="crossing:signals" v="no"/>
    <tag k="highway" v="crossing"/>
  </node>
  <node id="12157709094" lat="50.0797344" lon="14.4138167"/>
  <node id="12157709095" lat="50.0800631" lon="14.4138848"/>
  <node id="12157709096" lat="50.0798255" lon="14.4139791">
    <tag k="crossing" v="uncontrolled"/>
    <tag k="crossing:island" v="no"/>
    <tag k="crossing:markings" v="yes"/>
    <tag k="crossing:signals" v="no"/>
    <tag k="highway" v="crossing"/>
  </node>
  <node id="12157709097" lat="50.0797932" lon="14.4137828">
    <tag k="crossing" v="uncontrolled"/>
    <tag k="crossing:island" v="no"/>
    <tag k="crossing:markings" v="yes"/>
    <tag k="crossing:signals" v="no"/>
    <tag k="highway" v="crossing"/>
    <tag k="tactile_paving" v="yes"/>
  </node>
  <node id="12157709107" lat="50.0799892" lon="14.4136781"/>
  <node id="12157709108" lat="50.0798222" lon="14.4137688"/>
  <node id="12157709109" lat="50.0799229" lon="14.4137192"/>
  <node id="12157709110" lat="50.0800545" lon="14.4136333"/>
  <node id="12157709111" lat="50.0803612" lon="14.4134065">
    <tag k="crossing" v="uncontrolled"/>
    <tag k="crossing:island" v="no"/>
    <tag k="crossing:markings" v="yes"/>
    <tag k="crossing:signals" v="no"/>
    <tag k="highway" v="crossing"/>
    <tag k="tactile_paving" v="yes"/>
  </node>
  <node id="12157709112" lat="50.0804022" lon="14.4133866"/>
  <node id="12157709113" lat="50.0804272" lon="14.4133785"/>
  <node id="12157709114" lat="50.0804416" lon="14.4134775">
    <tag k="railway" v="tram_level_crossing"/>
  </node>
  <node id="12157709119" lat="50.0815621" lon="14.4160360"/>
  <node id="12157755818" lat="50.0805915" lon="14.4167916"/>
  <node id="12157755819" lat="50.0805615" lon="14.4167962"/>
  <node id="12157755820" lat="50.0801694" lon="14.4166488"/>
  <node id="12157755821" lat="50.0801152" lon="14.4164550"/>
  <node id="12157755897" lat="50.0817122" lon="14.4178177"/>
  <node id="12157767816" lat="50.0806435" lon="14.4180593"/>
  <node id="12157767817" lat="50.0803694" lon="14.4182054"/>
  <node id="12157767872" lat="50.0811772" lon="14.4207989"/>
  <node id="12157767873" lat="50.0812088" lon="14.4204034"/>
  <node id="12157767950" lat="50.0826449" lon="14.4222506"/>
  <node id="12157767996" lat="50.0797977" lon="14.4223188"/>
  <node id="12197757465" lat="50.0833589" lon="14.4160907"/>
  <node id="12197757466" lat="50.0830103" lon="14.4149385"/>
  <node id="12197773507" lat="50.0837002" lon="14.4143577"/>
  <node id="12197773508" lat="50.0836481" lon="14.4149614"/>
  <node id="12197773520" lat="50.0829548" lon="14.4139533"/>
  <node id="12197773554" lat="50.0829794" lon="14.4145658">
    <tag k="crossing" v="uncontrolled"/>
    <tag k="crossing:island" v="no"/>
    <tag k="crossing:markings" v="dashes"/>
    <tag k="highway" v="crossing"/>
  </node>
  <node id="12197773567" lat="50.0821291" lon="14.4147725"/>
  <node id="12197773568" lat="50.0821398" lon="14.4148446"/>
  <node id="12197773577" lat="50.0822031" lon="14.4157910"/>
  <node id="12197773578" lat="50.0820896" lon="14.4156339"/>
  <node id="12197773579" lat="50.0820789" lon="14.4155337"/>
  <node id="12197773600" lat="50.0821112" lon="14.4141087"/>
  <node id="12197787408" lat="50.0868887" lon="14.4173123"/>
  <node id="12198891136" lat="50.0812967" lon="14.4268286"/>
  <node id="12198891143" lat="50.0795823" lon="14.4297192"/>
  <node id="12198891145" lat="50.0799453" lon="14.4287463"/>
  <node id="12198891146" lat="50.0800311" lon="14.4287860"/>
  <node id="12198891162" lat="50.0804800" lon="14.4289525"/>
  <node id="12199561237" lat="50.0923798" lon="14.4094038"/>
  <node id="12199561238" lat="50.0922984" lon="14.4094408"/>
  <node id="12199561239" lat="50.0922151" lon="14.4094527"/>
  <node id="12199641744" lat="50.0854356" lon="14.4154876"/>
  <node id="12199641753" lat="50.0853419" lon="14.4161734"/>
  <node id="12199641754" lat="50.0853246" lon="14.4163264">
    <tag k="crossing" v="uncontrolled"/>
    <tag k="crossing:markings" v="zebra"/>
    <tag k="highway" v="crossing"/>
    <tag k="kerb" v="lowered"/>
    <tag k="tactile_paving" v="yes"/>
  </node>
  <node id="12199641775" lat="50.0840455" lon="14.4152289"/>
  <node id="12199641776" lat="50.0840331" lon="14.4149371"/>
  <node id="12199704302" lat="50.0900174" lon="14.4113831"/>
  <node id="12199709460" lat="50.0908271" lon="14.4109703"/>
  <node id="12199709470" lat="50.0924142" lon="14.4138472"/>
  <node id="12199709471" lat="50.0925093" lon="14.4138827"/>
  <node id="12199709472" lat="50.0925489" lon="14.4138863"/>
  <node id="12199717998" lat="50.0886076" lon="14.4185258"/>
  <node id="12199730044" lat="50.0880775" lon="14.4176536"/>
  <node id="12199730053" lat="50.0889440" lon="14.4176830">
    <tag k="crossing" v="uncontrolled"/>
    <tag k="crossing:island" v="no"/>
    <tag k="crossing:markings" v="zebra"/>
    <tag k="crossing:signals" v="no"/>
    <tag k="highway" v="crossing"/>
    <tag k="tactile_paving" v="yes"/>
  </node>
  <node id="12199735437" lat="50.0882106" lon="14.4213695"/>
  <node id="12199735454" lat="50.0893243" lon="14.4211492"/>
  <node id="12199735455" lat="50.0893882" lon="14.4210839"/>
  <node id="12199753277" lat="50.0873603" lon="14.4191419"/>
  <node id="12199753278" lat="50.0873818" lon="14.4191419"/>
  <node id="12199933822" lat="50.0891803" lon="14.4183369"/>
  <node id="12199936083" lat="50.0917597" lon="14.4167091"/>
  <node id="12199943926" lat="50.0905777" lon="14.4151392"/>
  <node id="12199943927" lat="50.0906579" lon="14.4151878"/>
  <node id="12199947601" lat="50.0858914" lon="14.4181227"/>
  <node id="12199947603" lat="50.0855687" lon="14.4181365">
    <tag k="crossing" v="uncontrolled"/>
    <tag k="crossing:island" v="no"/>
    <tag k="crossing:markings" v="zebra"/>
    <tag k="crossing:signals" v="no"/>
    <tag k="highway" v="crossing"/>
    <tag k="kerb" v="lowered"/>
    <tag k="tactile_paving" v="yes"/>
  </node>
  <node id="12199947616" lat="50.0872668" lon="14.4166997"/>
  <node id="12199947617" lat="50.0873169" lon="14.4148986"/>
  <node id="12202012379" lat="50.0956380" lon="14.4061721"/>
  <node id="12202012380" lat="50.0955161" lon="14.4079736"/>
  <node id="12202055471" lat="50.0950329" lon="14.4050724"/>
  <node id="12202055535" lat="50.0957120" lon="14.4035307"/>
  <node id="12205058303" lat="50.0886750" lon="14.4260823"/>
  <node id="12205621957" lat="50.0886072" lon="14.4158428">
    <tag k="highway" v="traffic_signals"/>
    <tag k="traffic_signals" v="signal"/>
    <tag k="traffic_signals:direction" v="forward"/>
  </node>
  <node id="12206898654" lat="50.0822985" lon="14.4058819"/>
  <node id="12230264334" lat="50.0887889" lon="14.4152694">
    <tag k="cycleway" v="asl"/>
    <tag k="direction" v="backward"/>
  </node>
  <node id="12244336077" lat="50.0813353" lon="14.4224218">
    <tag k="maxwidth" v="7.1"/>
    <tag k="source:maxwidth" v="ARCore"/>
    <tag k="traffic_calming" v="chicane"/>
  </node>
  <node id="12269385564" lat="50.0890626" lon="14.4260313">
    <tag k="crossing" v="uncontrolled"/>
    <tag k="crossing:markings" v="yes"/>
    <tag k="highway" v="crossing"/>
  </node>
  <node id="12287495438" lat="50.0955287" lon="14.4266101"/>
  <node id="12287495439" lat="50.0951853" lon="14.4268474">
    <tag k="highway" v="traffic_signals"/>
    <tag k="traffic_signals" v="signal"/>
    <tag k="traffic_signals:direction" v="forward"/>
  </node>
  <node id="12287495442" lat="50.0932882" lon="14.4148441">
    <tag k="crossing" v="informal"/>
  </node>
  <node id="12287495447" lat="50.0936439" lon="14.4165872"/>
  <node id="12287495448" lat="50.0927379" lon="14.4171957"/>
  <node id="12287495449" lat="50.0936966" lon="14.4166657">
    <tag k="highway" v="traffic_signals"/>
    <tag k="traffic_signals" v="signal"/>
    <tag k="traffic_signals:direction" v="forward"/>
  </node>
  <node id="12287495451" lat="50.0941244" lon="14.4174431">
    <tag k="highway" v="traffic_signals"/>
    <tag k="note" v="světelná závora tramvajové zastávky"/>
    <tag k="traffic_signals:direction" v="forward"/>
  </node>
  <node id="12287495452" lat="50.0940987" lon="14.4176804"/>
  <node id="12303064703" lat="50.0932892" lon="14.4286011">
    <tag k="highway" v="traffic_signals"/>
  </node>
  <node id="12312615337" lat="50.0946860" lon="14.4074824"/>
  <node id="12312636257" lat="50.0949508" lon="14.4238408"/>
  <node id="12312636258" lat="50.0949085" lon="14.4237428"/>
  <node id="12312636259" lat="50.0941573" lon="14.4183470"/>
  <node id="12312636283" lat="50.0941676" lon="14.4183697"/>
  <node id="12312636284" lat="50.0940841" lon="14.4180497"/>
  <node id="12312636285" lat="50.0943675" lon="14.4194677"/>
  <node id="12312636299" lat="50.0938967" lon="14.4164525">
    <tag k="railway" v="tram_level_crossing"/>
  </node>
  <node id="12312636300" lat="50.0939027" lon="14.4164724">
    <tag k="railway" v="tram_level_crossing"/>
  </node>
  <node id="12312667901" lat="50.0940394" lon="14.4168932"/>
  <node id="12312667913" lat="50.0939937" lon="14.4169941"/>
  <node id="12312686005" lat="50.0927746" lon="14.4283304">
    <tag k="crossing" v="zebra"/>
    <tag k="crossing:island" v="no"/>
    <tag k="highway" v="crossing"/>
    <tag k="source" v="bing:ortofoto"/>
    <tag k="tactile_paving" v="no"/>
  </node>
  <node id="12312686006" lat="50.0927834" lon="14.4284431">
    <tag k="crossing" v="zebra"/>
    <tag k="crossing:island" v="no"/>
    <tag k="highway" v="crossing"/>
    <tag k="source" v="bing:ortofoto"/>
    <tag k="tactile_paving" v="no"/>
  </node>
  <node id="12312686008" lat="50.0931443" lon="14.4283728">
    <tag k="button_operated" v="yes"/>
    <tag k="crossing" v="traffic_signals"/>
    <tag k="crossing:island" v="no"/>
    <tag k="crossing:markings" v="yes"/>
    <tag k="highway" v="crossing"/>
    <tag k="source" v="bing:ortofoto"/>
    <tag k="tactile_paving" v="yes"/>
    <tag k="traffic_signals:sound" v="yes"/>
    <tag k="traffic_signals:vibration" v="no"/>
  </node>
  <node id="12312686009" lat="50.0931819" lon="14.4283636"/>
  <node id="12312686010" lat="50.0928414" lon="14.4284472"/>
  <node id="12312686011" lat="50.0928035" lon="14.4283153"/>
  <node id="12312686012" lat="50.0931752" lon="14.4282338"/>
  <node id="12355433049" lat="50.0930906" lon="14.4249464"/>
  <node id="12355433050" lat="50.0929545" lon="14.4250252">
    <tag k="check_date" v="2025"/>
    <tag k="direction" v="forward"/>
    <tag k="highway" v="give_way"/>
  </node>
  <node id="12389652564" lat="50.0886847" lon="14.4156169"/>
  <node id="12394450987" lat="50.0905209" lon="14.4151527"/>
  <node id="12394450988" lat="50.0905617" lon="14.4151372"/>
  <node id="12397357260" lat="50.0816676" lon="14.4194434">
    <tag k="crossing" v="unmarked"/>
    <tag k="crossing:markings" v="no"/>
    <tag k="highway" v="crossing"/>
    <tag k="tactile_paving" v="yes"/>
  </node>
  <node id="12397357263" lat="50.0811854" lon="14.4196413">
    <tag k="crossing" v="unmarked"/>
    <tag k="crossing:island" v="no"/>
    <tag k="crossing:markings" v="no"/>
    <tag k="highway" v="crossing"/>
    <tag k="tactile_paving" v="no"/>
  </node>
  <node id="12441641058" lat="50.0887967" lon="14.4152259">
    <tag k="highway" v="traffic_signals"/>
    <tag k="traffic_signals" v="signal"/>
    <tag k="traffic_signals:direction" v="backward"/>
  </node>
  <node id="12441641059" lat="50.0884663" lon="14.4156046">
    <tag k="highway" v="traffic_signals"/>
    <tag k="traffic_signals" v="signal"/>
    <tag k="traffic_signals:direction" v="forward"/>
  </node>
  <node id="12441641060" lat="50.0889227" lon="14.4156730">
    <tag k="highway" v="traffic_signals"/>
    <tag k="traffic_signals" v="signal"/>
    <tag k="traffic_signals:direction" v="backward"/>
  </node>
  <node id="12463899938" lat="50.0913627" lon="14.4261165"/>
  <node id="12470911325" lat="50.0891686" lon="14.4203637">
    <tag k="crossing" v="unmarked"/>
    <tag k="crossing:island" v="no"/>
    <tag k="crossing:markings" v="no"/>
    <tag k="crossing:signals" v="no"/>
    <tag k="highway" v="crossing"/>
    <tag k="tactile_paving" v="no"/>
  </node>
  <node id="12470911326" lat="50.0888933" lon="14.4206292">
    <tag k="crossing" v="unmarked"/>
    <tag k="crossing:island" v="no"/>
    <tag k="crossing:markings" v="no"/>
    <tag k="crossing:signals" v="no"/>
    <tag k="highway" v="crossing"/>
    <tag k="tactile_paving" v="no"/>
  </node>
  <node id="12484514518" lat="50.0852863" lon="14.4298252"/>
  <node id="12484514519" lat="50.0849326" lon="14.4297031"/>
  <node id="12484514520" lat="50.0852166" lon="14.4298607"/>
  <node id="12486970697" lat="50.0900572" lon="14.4209251"/>
  <node id="12486985805" lat="50.0890023" lon="14.4175963"/>
  <node id="12497919159" lat="50.0802244" lon="14.4198194"/>
  <node id="12497919160" lat="50.0801249" lon="14.4197995"/>
  <node id="12497919161" lat="50.0801632" lon="14.4198093"/>
  <node id="12497919166" lat="50.0805033" lon="14.4198253"/>
  <node id="12497919167" lat="50.0804465" lon="14.4198284"/>
  <node id="12497919173" lat="50.0807962" lon="14.4197797"/>
  <node id="12497919176" lat="50.0807467" lon="14.4197911"/>
  <node id="12526458134" lat="50.0827519" lon="14.4210333"/>
  <node id="12526458136" lat="50.0831340" lon="14.4217769"/>
  <node id="12526458138" lat="50.0836102" lon="14.4202108"/>
  <node id="12529781289" lat="50.0948516" lon="14.4088620"/>
  <node id="12529781290" lat="50.0948971" lon="14.4092903"/>
  <node id="12529781295" lat="50.0950110" lon="14.4088194"/>
  <node id="12529781296" lat="50.0950316" lon="14.4088421"/>
  <node id="12529781297" lat="50.0952824" lon="14.4088273"/>
  <node id="12529781298" lat="50.0952730" lon="14.4088508"/>
  <node id="12529781299" lat="50.0952796" lon="14.4088999"/>
  <node id="12529781300" lat="50.0953151" lon="14.4088937"/>
  <node id="12529874701" lat="50.0954006" lon="14.4089993"/>
  <node id="12529874702" lat="50.0953048" lon="14.4090954"/>
  <node id="12529874703" lat="50.0953557" lon="14.4090433"/>
  <node id="12529874704" lat="50.0948710" lon="14.4092453"/>
  <node id="12529874705" lat="50.0949622" lon="14.4090728"/>
  <node id="12539607516" lat="50.0930734" lon="14.4064575"/>
  <node id="12539607517" lat="50.0930684" lon="14.4064275"/>
  <node id="12539607518" lat="50.0930484" lon="14.4063726"/>
  <node id="12539607519" lat="50.0930361" lon="14.4063502"/>
  <node id="12539607520" lat="50.0930082" lon="14.4063144"/>
  <node id="12539607521" lat="50.0929955" lon="14.4063034"/>
  <node id="12539607522" lat="50.0929692" lon="14.4062888"/>
  <node id="12539607523" lat="50.0929547" lon="14.4062840"/>
  <node id="12539607524" lat="50.0928255" lon="14.4068052"/>
  <node id="12539607525" lat="50.0928128" lon="14.4066648"/>
  <node id="12539607526" lat="50.0928029" lon="14.4065798"/>
  <node id="12539607527" lat="50.0927998" lon="14.4065528"/>
  <node id="12539607528" lat="50.0927977" lon="14.4065079"/>
  <node id="12539607529" lat="50.0927986" lon="14.4064788"/>
  <node id="12539607530" lat="50.0928058" lon="14.4064256"/>
  <node id="12539607531" lat="50.0928140" lon="14.4063990"/>
  <node id="12539607532" lat="50.0928324" lon="14.4063598"/>
  <node id="12539607533" lat="50.0928431" lon="14.4063424"/>
  <node id="12539607534" lat="50.0928690" lon="14.4063127"/>
  <node id="12539607535" lat="50.0928841" lon="14.4062995"/>
  <node id="12539607536" lat="50.0929117" lon="14.4062847"/>
  <node id="12539607537" lat="50.0929272" lon="14.4062819"/>
  <node id="12567459453" lat="50.0772542" lon="14.4265242"/>
  <node id="12583340204" lat="50.0788405" lon="14.4244071"/>
  <node id="12583340205" lat="50.0788797" lon="14.4244122"/>
  <node id="12583340206" lat="50.0791128" lon="14.4243349"/>
  <node id="12652538724" lat="50.0950316" lon="14.4268834"/>
  <node id="12652538725" lat="50.0953053" lon="14.4268193"/>
  <node id="12652538726" lat="50.0958427" lon="14.4296419"/>
  <node id="12655752122" lat="50.0820906" lon="14.4076095">
    <tag k="barrier" v="kerb"/>
    <tag k="height" v="0.2"/>
    <tag k="kerb" v="lowered"/>
    <tag k="tactile_paving" v="no"/>
    <tag k="wheelchair" v="limited"/>
  </node>
  <node id="12655752130" lat="50.0866160" lon="14.4092316"/>
  <node id="12656939370" lat="50.0910409" lon="14.4170059"/>
  <node id="12667337538" lat="50.0929624" lon="14.4217913">
    <tag k="button_operated" v="yes"/>
    <tag k="crossing" v="traffic_signals"/>
    <tag k="crossing:island" v="yes"/>
    <tag k="crossing:markings" v="zebra"/>
    <tag k="highway" v="crossing"/>
    <tag k="tactile_paving" v="yes"/>
    <tag k="traffic_signals:sound" v="no"/>
    <tag k="traffic_signals:vibration" v="no"/>
  </node>
  <node id="12667337539" lat="50.0929574" lon="14.4217375">
    <tag k="highway" v="traffic_signals"/>
    <tag k="traffic_signals" v="signal"/>
    <tag k="traffic_signals:direction" v="backward"/>
  </node>
  <node id="12667337540" lat="50.0929673" lon="14.4218555">
    <tag k="highway" v="traffic_signals"/>
    <tag k="traffic_signals" v="signal"/>
    <tag k="traffic_signals:direction" v="forward"/>
  </node>
  <node id="12667337553" lat="50.0904965" lon="14.4225855"/>
  <node id="12669079589" lat="50.0892407" lon="14.4239383"/>
  <node id="12669079590" lat="50.0892568" lon="14.4238890"/>
  <node id="12669079591" lat="50.0893788" lon="14.4237736"/>
  <node id="12669079592" lat="50.0893691" lon="14.4237907"/>
  <node id="12669079593" lat="50.0893829" lon="14.4237519"/>
  <node id="12741629293" lat="50.0905247" lon="14.4180631"/>
  <node id="12741629294" lat="50.0905227" lon="14.4180856"/>
  <node id="12741629295" lat="50.0901961" lon="14.4183747"/>
  <node id="12741629296" lat="50.0905284" lon="14.4180399"/>
  <node id="12750343330" lat="50.0887755" lon="14.4219789"/>
  <node id="12750709054" lat="50.0883721" lon="14.4262304">
    <tag k="highway" v="crossing"/>
  </node>
  <node id="12753050454" lat="50.0931067" lon="14.4241592"/>
  <node id="12753050455" lat="50.0931958" lon="14.4251074">
    <tag k="cycleway" v="asl"/>
    <tag k="direction" v="forward"/>
    <tag k="start_date" v="2025"/>
  </node>
  <node id="12753050456" lat="50.0931679" lon="14.4249733">
    <tag k="highway" v="traffic_signals"/>
    <tag k="traffic_signals" v="signal"/>
    <tag k="traffic_signals:direction" v="forward"/>
  </node>
  <node id="12753050457" lat="50.0931749" lon="14.4250096">
    <tag k="cycleway" v="asl"/>
    <tag k="direction" v="forward"/>
    <tag k="start_date" v="2025"/>
  </node>
  <node id="12753050458" lat="50.0931824" lon="14.4250410"/>
  <node id="12753050460" lat="50.0931271" lon="14.4247525"/>
  <node id="12753050463" lat="50.0931156" lon="14.4246146">
    <tag k="check_date" v="2025"/>
    <tag k="cycleway" v="asl"/>
    <tag k="direction" v="forward"/>
    <tag k="start_date" v="2025"/>
  </node>
  <node id="12759347420" lat="50.0891222" lon="14.4167825"/>
  <node id="12784541940" lat="50.0886169" lon="14.4062380"/>
  <node id="12794676944" lat="50.0933318" lon="14.4093725">
    <tag k="barrier" v="kerb"/>
    <tag k="kerb" v="raised"/>
    <tag k="tactile_paving" v="no"/>
  </node>
  <node id="12794676954" lat="50.0954974" lon="14.4082414">
    <tag k="crossing" v="unmarked"/>
    <tag k="crossing:island" v="no"/>
    <tag k="crossing:markings" v="no"/>
    <tag k="highway" v="crossing"/>
    <tag k="tactile_paving" v="no"/>
  </node>
  <node id="12794676966" lat="50.0956362" lon="14.4065907">
    <tag k="crossing" v="unmarked"/>
    <tag k="crossing:island" v="no"/>
    <tag k="crossing:markings" v="no"/>
    <tag k="highway" v="crossing"/>
    <tag k="tactile_paving" v="no"/>
  </node>
  <node id="12794892945" lat="50.0957398" lon="14.4083855"/>
  <node id="12794892946" lat="50.0962923" lon="14.4075411"/>
  <node id="12794892947" lat="50.0962854" lon="14.4076003"/>
  <node id="12794892948" lat="50.0962893" lon="14.4074899"/>
  <node id="12795222413" lat="50.0826034" lon="14.4061419"/>
  <node id="12795222414" lat="50.0823535" lon="14.4060893">
    <tag k="crossing" v="unmarked"/>
    <tag k="crossing:island" v="no"/>
    <tag k="crossing:markings" v="no"/>
    <tag k="highway" v="crossing"/>
  </node>
  <node id="12797424719" lat="50.0929159" lon="14.4088019">
    <tag k="ele" v="203"/>
  </node>
  <node id="12811598366" lat="50.0954555" lon="14.4049727"/>
  <node id="12811598367" lat="50.0956632" lon="14.4048963"/>
  <node id="12811598368" lat="50.0956875" lon="14.4048712"/>
  <node id="12811598369" lat="50.0954628" lon="14.4049549"/>
  <node id="12848981402" lat="50.0950123" lon="14.4094715"/>
  <node id="12858956868" lat="50.0928154" lon="14.4284491"/>
  <node id="12861510148" lat="50.0926510" lon="14.4267724">
    <tag k="crossing" v="unmarked"/>
    <tag k="crossing:island" v="no"/>
    <tag k="crossing:markings" v="no"/>
    <tag k="highway" v="crossing"/>
    <tag k="tactile_paving" v="no"/>
  </node>
  <node id="12861510172" lat="50.0924354" lon="14.4251480"/>
  <node id="12861510173" lat="50.0924600" lon="14.4250817"/>
  <node id="12861510174" lat="50.0924987" lon="14.4250509"/>
  <node id="12862721501" lat="50.0832754" lon="14.4308026">
    <tag k="crossing" v="unmarked"/>
    <tag k="crossing:island" v="no"/>
    <tag k="crossing:markings" v="no"/>
    <tag k="highway" v="crossing"/>
  </node>
  <node id="12895561961" lat="50.0848570" lon="14.4138874"/>
  <node id="12895561963" lat="50.0848647" lon="14.4139740"/>
  <node id="12895561991" lat="50.0798234" lon="14.4154674">
    <tag k="crossing" v="informal"/>
  </node>
  <node id="12899093795" lat="50.0903030" lon="14.4161644">
    <tag k="direction" v="forward"/>
    <tag k="highway" v="give_way"/>
  </node>
  <node id="12921124032" lat="50.0954819" lon="14.4052821">
    <tag k="crossing" v="unmarked"/>
    <tag k="crossing:island" v="no"/>
    <tag k="crossing:markings" v="no"/>
    <tag k="highway" v="crossing"/>
    <tag k="tactile_paving" v="yes"/>
  </node>
  <node id="12939567403" lat="50.0956917" lon="14.4034562">
    <tag k="crossing" v="unmarked"/>
    <tag k="crossing:island" v="no"/>
    <tag k="crossing:markings" v="no"/>
    <tag k="highway" v="crossing"/>
    <tag k="tactile_paving" v="no"/>
  </node>
  <node id="12939567404" lat="50.0958449" lon="14.4038297"/>
  <node id="12939567405" lat="50.0958319" lon="14.4037813"/>
  <node id="12939567406" lat="50.0958628" lon="14.4039934"/>
  <node id="12939567407" lat="50.0958597" lon="14.4040408"/>
  <node id="12941270069" lat="50.0923885" lon="14.4138286"/>
  <node id="12941270070" lat="50.0924415" lon="14.4138620"/>
  <node id="12941270071" lat="50.0925294" lon="14.4138861"/>
  <node id="12941270072" lat="50.0927025" lon="14.4138465"/>
  <node id="12941270073" lat="50.0926803" lon="14.4138601"/>
  <node id="12941270074" lat="50.0926237" lon="14.4138785"/>
  <node id="13001208198" lat="50.0889918" lon="14.4098310">
    <tag k="highway" v="traffic_signals"/>
    <tag k="traffic_signals:direction" v="forward"/>
  </node>
  <node id="13038950158" lat="50.0886423" lon="14.4155861">
    <tag k="railway" v="tram_level_crossing"/>
  </node>
  <node id="13038950159" lat="50.0885868" lon="14.4154828">
    <tag k="railway" v="tram_level_crossing"/>
  </node>
  <node id="13038950160" lat="50.0886413" lon="14.4155310">
    <tag k="railway" v="tram_level_crossing"/>
  </node>
  <node id="13038950161" lat="50.0886479" lon="14.4155368">
    <tag k="railway" v="tram_level_crossing"/>
  </node>
  <node id="13038950162" lat="50.0877673" lon="14.4152361">
    <tag k="railway" v="tram_level_crossing"/>
  </node>
  <node id="13038950163" lat="50.0878455" lon="14.4152565">
    <tag k="railway" v="tram_level_crossing"/>
  </node>
  <node id="13038950164" lat="50.0878447" lon="14.4152211"/>
  <node id="13038950165" lat="50.0881355" lon="14.4152612"/>
  <node id="13038950166" lat="50.0885226" lon="14.4154259">
    <tag k="button_operated" v="no"/>
    <tag k="crossing" v="traffic_signals"/>
    <tag k="crossing:island" v="no"/>
    <tag k="crossing:markings" v="zebra"/>
    <tag k="crossing:signals" v="yes"/>
    <tag k="highway" v="crossing"/>
    <tag k="tactile_paving" v="yes"/>
  </node>
  <node id="13038950167" lat="50.0877709" lon="14.4152870">
    <tag k="railway" v="tram_level_crossing"/>
  </node>
  <node id="13049906966" lat="50.0902585" lon="14.4240263"/>
  <node id="13056030126" lat="50.0885551" lon="14.4161221"/>
  <node id="13058121611" lat="50.0861522" lon="14.4169475"/>
  <node id="13088741826" lat="50.0884511" lon="14.4166658">
    <tag k="direction" v="forward"/>
    <tag k="highway" v="give_way"/>
    <tag k="side" v="right"/>
    <tag k="traffic_sign" v="CZ:P4"/>
  </node>
  <node id="13116255329" lat="50.0859245" lon="14.4292755"/>
  <node id="13125360025" lat="50.0947239" lon="14.4048951"/>
  <node id="13140923524" lat="50.0890137" lon="14.4174069"/>
  <node id="13140990092" lat="50.0879172" lon="14.4141865"/>
  <node id="13140990093" lat="50.0879572" lon="14.4141734"/>
  <node id="13140990094" lat="50.0879270" lon="14.4141770"/>
  <node id="13140990095" lat="50.0879114" lon="14.4141970"/>
  <node id="13155036178" lat="50.0800277" lon="14.4183099"/>
  <node id="13159611854" lat="50.0879645" lon="14.4152223"/>
  <node id="13162196640" lat="50.0830556" lon="14.4218128"/>
  <node id="13162196641" lat="50.0830207" lon="14.4219005"/>
  <node id="13162196642" lat="50.0829935" lon="14.4217859"/>
  <node id="13162196643" lat="50.0830538" lon="14.4218671"/>
  <node id="13162196644" lat="50.0830489" lon="14.4217957"/>
  <node id="13162196645" lat="50.0830389" lon="14.4217826"/>
  <node id="13162196646" lat="50.0830268" lon="14.4217749"/>
  <node id="13162196647" lat="50.0830137" lon="14.4217737"/>
  <node id="13162196648" lat="50.0830008" lon="14.4217791"/>
  <node id="13162196649" lat="50.0829800" lon="14.4218129"/>
  <node id="13162196650" lat="50.0829772" lon="14.4218311"/>
  <node id="13162196651" lat="50.0829783" lon="14.4218531"/>
  <node id="13162196652" lat="50.0829843" lon="14.4218734"/>
  <node id="13162196655" lat="50.0830341" lon="14.4218954"/>
  <node id="13162196656" lat="50.0830454" lon="14.4218839"/>
  <node id="13162196657" lat="50.0830578" lon="14.4218496"/>
  <node id="13162196658" lat="50.0830585" lon="14.4218310"/>
  <node id="13183507498" lat="50.0822773" lon="14.4158311"/>
  <node id="13183507499" lat="50.0822446" lon="14.4158079"/>
  <node id="13183552303" lat="50.0834883" lon="14.4184197"/>
  <node id="13183552304" lat="50.0834860" lon="14.4183946"/>
  <node id="13183552311" lat="50.0829944" lon="14.4218891"/>
  <node id="13183552312" lat="50.0830059" lon="14.4218978"/>
  <node id="13183552313" lat="50.0830132" lon="14.4219002"/>
  <node id="13183552314" lat="50.0829744" lon="14.4219695"/>
  <node id="13183552315" lat="50.0829851" lon="14.4217989"/>
  <node id="13183552316" lat="50.0829807" lon="14.4218636"/>
  <node id="13183552317" lat="50.0829889" lon="14.4218819"/>
  <node id="13184534939" lat="50.0841472" lon="14.4182620"/>
  <node id="13184534948" lat="50.0838146" lon="14.4174426"/>
  <node id="13184534967" lat="50.0837711" lon="14.4174047"/>
  <node id="13184534968" lat="50.0837909" lon="14.4174299"/>
  <node id="13184534980" lat="50.0841647" lon="14.4177711"/>
  <node id="13184534981" lat="50.0841769" lon="14.4178311"/>
  <node id="13184534982" lat="50.0841705" lon="14.4177847"/>
  <node id="13184534983" lat="50.0841766" lon="14.4178169"/>
  <node id="13184534984" lat="50.0849537" lon="14.4182522">
    <tag k="crossing" v="uncontrolled"/>
    <tag k="crossing:island" v="no"/>
    <tag k="crossing:markings" v="zebra"/>
    <tag k="highway" v="crossing"/>
    <tag k="kerb" v="raised"/>
    <tag k="tactile_paving" v="yes"/>
  </node>
  <node id="13184537124" lat="50.0854520" lon="14.4182944"/>
  <node id="13197415342" lat="50.0852062" lon="14.4215692">
    <tag k="crossing" v="unmarked"/>
    <tag k="crossing:island" v="no"/>
    <tag k="crossing:markings" v="no"/>
    <tag k="highway" v="crossing"/>
  </node>
  <node id="13197884465" lat="50.0896081" lon="14.4251489"/>
  <node id="13200388562" lat="50.0802637" lon="14.4287790"/>
  <node id="13200388563" lat="50.0802012" lon="14.4288648"/>
  <node id="13201479212" lat="50.0876717" lon="14.4044262"/>
  <node id="13201479213" lat="50.0876543" lon="14.4044563"/>
  <node id="13202172980" lat="50.0790128" lon="14.4243817"/>
  <node id="13202172981" lat="50.0790644" lon="14.4243631"/>
  <node id="13205031230" lat="50.0805135" lon="14.4133599"/>
  <node id="13207700435" lat="50.0892450" lon="14.4260879"/>
  <node id="13207700436" lat="50.0891956" lon="14.4260873"/>
  <node id="13207700437" lat="50.0890904" lon="14.4260439"/>
  <node id="13207700438" lat="50.0890386" lon="14.4260269"/>
  <node id="13207700439" lat="50.0892251" lon="14.4260905"/>
  <node id="13207700444" lat="50.0892100" lon="14.4260904"/>
  <node id="13272949010" lat="50.0877734" lon="14.4256652">
    <tag k="crossing" v="informal"/>
    <tag k="crossing:island" v="no"/>
    <tag k="crossing:markings" v="no"/>
    <tag k="highway" v="crossing"/>
    <tag k="tactile_paving" v="no"/>
  </node>
  <node id="13272949018" lat="50.0875250" lon="14.4258388"/>
  <node id="13272949021" lat="50.0877338" lon="14.4252733"/>
  <node id="13272949025" lat="50.0877710" lon="14.4245618">
    <tag k="crossing" v="informal"/>
    <tag k="crossing:island" v="no"/>
    <tag k="crossing:markings" v="no"/>
    <tag k="highway" v="crossing"/>
    <tag k="tactile_paving" v="no"/>
  </node>
  <node id="13272949034" lat="50.0881342" lon="14.4245999">
    <tag k="crossing" v="informal"/>
    <tag k="crossing:island" v="no"/>
    <tag k="crossing:markings" v="no"/>
    <tag k="highway" v="crossing"/>
    <tag k="tactile_paving" v="no"/>
  </node>
  <node id="13273821356" lat="50.0918501" lon="14.4232288"/>
  <node id="13274162013" lat="50.0877132" lon="14.4083616"/>
  <node id="13274162014" lat="50.0876862" lon="14.4078625"/>
  <node id="13274162015" lat="50.0877194" lon="14.4083352"/>
  <node id="13274162018" lat="50.0878239" lon="14.4073164"/>
  <node id="13274162019" lat="50.0878569" lon="14.4072624"/>
  <node id="13274162020" lat="50.0878380" lon="14.4073002"/>
  <node id="13274162021" lat="50.0878624" lon="14.4072436"/>
  <node id="13274162022" lat="50.0878516" lon="14.4072758"/>
  <node id="13274162023" lat="50.0878207" lon="14.4069462"/>
  <node id="13274162024" lat="50.0878064" lon="14.4069305"/>
  <node id="13274162025" lat="50.0878342" lon="14.4069719"/>
  <node id="13274162027" lat="50.0878478" lon="14.4070228"/>
  <node id="13274162041" lat="50.0878645" lon="14.4072286"/>
  <node id="13274162042" lat="50.0878311" lon="14.4073100"/>
  <node id="13274369448" lat="50.0911127" lon="14.4250175"/>
  <node id="13274369449" lat="50.0911606" lon="14.4251388"/>
  <node id="13274369450" lat="50.0911074" lon="14.4249812"/>
  <node id="13274369451" lat="50.0911093" lon="14.4250016"/>
  <node id="13274369453" lat="50.0914264" lon="14.4264148"/>
  <node id="13274369454" lat="50.0914140" lon="14.4264143"/>
  <node id="13274369478" lat="50.0912017" lon="14.4247850"/>
  <node id="13283528224" lat="50.0803586" lon="14.4146072"/>
  <node id="13296000818" lat="50.0880457" lon="14.4154249"/>
  <node id="13331542579" lat="50.0801598" lon="14.4288457"/>
  <node id="13331551513" lat="50.0801831" lon="14.4288564"/>
  <node id="13331551519" lat="50.0807093" lon="14.4287644"/>
  <node id="13361409409" lat="50.0818115" lon="14.4170586"/>
  <node id="13361409416" lat="50.0821415" lon="14.4192480"/>
  <node id="13363672438" lat="50.0879764" lon="14.4189027">
    <tag k="crossing" v="uncontrolled"/>
    <tag k="crossing:island" v="no"/>
    <tag k="crossing:markings" v="zebra"/>
    <tag k="highway" v="crossing"/>
    <tag k="tactile_paving" v="incorrect"/>
  </node>
  <node id="13375539996" lat="50.0904593" lon="14.4239720"/>
  <node id="13502694007" lat="50.0805559" lon="14.4283744">
    <tag k="crossing:signals" v="no"/>
    <tag k="highway" v="crossing"/>
  </node>
  <node id="13502694009" lat="50.0807133" lon="14.4286476">
    <tag k="crossing:signals" v="no"/>
    <tag k="highway" v="crossing"/>
  </node>
  <node id="13502694010" lat="50.0807742" lon="14.4288700">
    <tag k="crossing:markings" v="yes"/>
    <tag k="crossing:signals" v="no"/>
    <tag k="highway" v="crossing"/>
    <tag k="tactile_paving" v="no"/>
  </node>
  <node id="13502694011" lat="50.0804177" lon="14.4290456">
    <tag k="crossing:signals" v="no"/>
    <tag k="highway" v="crossing"/>
  </node>
  <node id="13502694013" lat="50.0800561" lon="14.4287976"/>
  <node id="13505061730" lat="50.0921214" lon="14.4223178">
    <tag k="traffic_calming" v="mini_bumps"/>
  </node>
  <node id="13520419979" lat="50.0843418" lon="14.4045396">
    <tag k="highway" v="traffic_signals"/>
    <tag k="traffic_signals" v="signal"/>
    <tag k="traffic_signals:direction" v="forward"/>
  </node>
  <node id="13521593690" lat="50.0806883" lon="14.4061523">
    <tag k="crossing" v="unmarked"/>
    <tag k="crossing:island" v="no"/>
    <tag k="crossing:markings" v="no"/>
    <tag k="highway" v="crossing"/>
    <tag k="tactile_paving" v="no"/>
  </node>
  <node id="13525045705" lat="50.0818995" lon="14.4057311">
    <tag k="crossing" v="unmarked"/>
    <tag k="crossing:island" v="no"/>
    <tag k="crossing:markings" v="no"/>
    <tag k="highway" v="crossing"/>
    <tag k="tactile_paving" v="no"/>
  </node>
  <node id="13525045713" lat="50.0823364" lon="14.4059554"/>
  <node id="13525045726" lat="50.0820516" lon="14.4066523">
    <tag k="crossing" v="unmarked"/>
    <tag k="crossing:island" v="no"/>
    <tag k="crossing:markings" v="no"/>
    <tag k="highway" v="crossing"/>
    <tag k="tactile_paving" v="no"/>
  </node>
  <node id="13525045735" lat="50.0824172" lon="14.4062880">
    <tag k="crossing" v="unmarked"/>
    <tag k="crossing:island" v="no"/>
    <tag k="crossing:markings" v="no"/>
    <tag k="highway" v="crossing"/>
    <tag k="tactile_paving" v="no"/>
  </node>
  <node id="13529047942" lat="50.0819642" lon="14.4046251"/>
  <node id="13577991107" lat="50.0830811" lon="14.4218040">
    <tag k="direction" v="backward"/>
    <tag k="highway" v="give_way"/>
  </node>
  <node id="13577991108" lat="50.0829827" lon="14.4217521">
    <tag k="direction" v="forward"/>
    <tag k="highway" v="give_way"/>
  </node>
  <node id="13618172345" lat="50.0949744" lon="14.4095890"/>
  <node id="13686007988" lat="50.0844720" lon="14.4140870">
    <tag k="crossing:markings" v="no"/>
    <tag k="crossing:signals" v="no"/>
    <tag k="highway" v="crossing"/>
    <tag k="tactile_paving" v="no"/>
  </node>
  <node id="13686008000" lat="50.0844435" lon="14.4140549"/>
  <node id="13686072805" lat="50.0848618" lon="14.4139417">
    <tag k="crossing" v="unmarked"/>
    <tag k="crossing:markings" v="no"/>
    <tag k="highway" v="crossing"/>
    <tag k="tactile_paving" v="yes"/>
  </node>
  <node id="13686072815" lat="50.0844602" lon="14.4148298"/>
  <node id="13686072816" lat="50.0844514" lon="14.4148756"/>
  <node id="13686072817" lat="50.0844441" lon="14.4148959"/>
  <node id="13686072818" lat="50.0844567" lon="14.4148554"/>
  <node id="13686072819" lat="50.0843851" lon="14.4154409"/>
  <node id="13686072820" lat="50.0848689" lon="14.4140159"/>
  <node id="13686072821" lat="50.0848736" lon="14.4140453"/>
  <node id="13725967660" lat="50.0936629" lon="14.4270383"/>
  <node id="13725982506" lat="50.0907598" lon="14.4277527"/>
  <node id="13799278648" lat="50.0918608" lon="14.4226149"/>
  <node id="13799278651" lat="50.0910711" lon="14.4205006">
    <tag k="crossing" v="unmarked"/>
    <tag k="crossing:island" v="yes"/>
    <tag k="crossing:markings" v="no"/>
    <tag k="highway" v="crossing"/>
    <tag k="tactile_paving" v="yes"/>
  </node>
  <node id="13799278681" lat="50.0909818" lon="14.4229555"/>
  <node id="13799278687" lat="50.0910410" lon="14.4229951"/>
  <node id="13799278692" lat="50.0921217" lon="14.4223032">
    <tag k="crossing" v="unmarked"/>
    <tag k="crossing:island" v="no"/>
    <tag k="crossing:markings" v="no"/>
    <tag k="highway" v="crossing"/>
    <tag k="tactile_paving" v="no"/>
  </node>
  <node id="13799278696" lat="50.0919824" lon="14.4222380">
    <tag k="crossing" v="unmarked"/>
    <tag k="crossing:island" v="no"/>
    <tag k="crossing:markings" v="no"/>
    <tag k="highway" v="crossing"/>
    <tag k="tactile_paving" v="no"/>
  </node>
  <node id="13799282606" lat="50.0918337" lon="14.4203023"/>
  <node id="13800718745" lat="50.0917292" lon="14.4222090"/>
  <node id="13800718746" lat="50.0916925" lon="14.4221826"/>
  <node id="13800731029" lat="50.0901704" lon="14.4199896">
    <tag k="crossing" v="unmarked"/>
    <tag k="crossing:island" v="no"/>
    <tag k="crossing:markings" v="no"/>
    <tag k="highway" v="crossing"/>
    <tag k="tactile_paving" v="no"/>
  </node>
  <node id="13815105124" lat="50.0797533" lon="14.4258180">
    <tag k="crossing" v="uncontrolled"/>
    <tag k="crossing:island" v="no"/>
    <tag k="crossing:markings" v="zebra"/>
    <tag k="highway" v="crossing"/>
  </node>
  <node id="13907262626" lat="50.0805528" lon="14.4133555">
    <tag k="railway" v="tram_level_crossing"/>
  </node>
  <node id="13987907920" lat="50.0948799" lon="14.4086729"/>
  <node id="13987907921" lat="50.0948790" lon="14.4085727"/>
  <node id="13987907922" lat="50.0948579" lon="14.4083434"/>
  <node id="13987907923" lat="50.0948304" lon="14.4081258"/>
  <node id="13987907924" lat="50.0948031" lon="14.4079581"/>
  <node id="13987907925" lat="50.0947571" lon="14.4077295"/>
  <node id="13987907926" lat="50.0947517" lon="14.4076443"/>
  <node id="13987907927" lat="50.0947612" lon="14.4077623"/>
  <node id="13987907928" lat="50.0947541" lon="14.4076936"/>
  <node id="13987907929" lat="50.0947734" lon="14.4078180"/>
  <node id="13987907930" lat="50.0947891" lon="14.4078887"/>
  <node id="13987907931" lat="50.0948078" lon="14.4076946"/>
  <node id="13987907932" lat="50.0948091" lon="14.4076986"/>
  <node id="13987907933" lat="50.0948267" lon="14.4077690"/>
  <node id="13987907939" lat="50.0948907" lon="14.4081097"/>
  <node id="13987907940" lat="50.0949585" lon="14.4086312">
    <tag k="railway" v="tram_level_crossing"/>
  </node>
  <node id="13987907942" lat="50.0949474" lon="14.4085389"/>
  <node id="13987907948" lat="50.0948682" lon="14.4079695"/>
  <node id="13987907949" lat="50.0948607" lon="14.4079276"/>
  <node id="13987907950" lat="50.0948411" lon="14.4078307"/>
  <node id="13987907951" lat="50.0948506" lon="14.4078743"/>
  <node id="13987907952" lat="50.0949645" lon="14.4086820"/>
  <node id="13987907958" lat="50.0950498" lon="14.4088573"/>
  <node id="13987907977" lat="50.0949700" lon="14.4087293"/>
  <node id="14063580111" lat="50.0803719" lon="14.4291141"/>
  <way id="4052228">
    <nd ref="247753"/>
    <nd ref="8394320644"/>
    <nd ref="4323841256"/>
    <nd ref="8394320643"/>
    <nd ref="60795197"/>
    <tag k="cycleway:right" v="no"/>
    <tag k="highway" v="secondary"/>
    <tag k="lanes" v="1"/>
    <tag k="lit" v="yes"/>
    <tag k="maxspeed" v="50"/>
    <tag k="name" v="Pod Bruskou"/>
    <tag k="name:de" v="Unterm Sandtor"/>
    <tag k="oneway" v="yes"/>
    <tag k="sidewalk:left" v="no"/>
    <tag k="sidewalk:right" v="separate"/>
    <tag k="source:maxspeed" v="CZ:urban"/>
    <tag k="surface" v="asphalt"/>
  </way>
  <way id="4052276">
    <nd ref="1412916596"/>
    <nd ref="1016303818"/>
    <nd ref="1493645187"/>
    <nd ref="1016303389"/>
    <nd ref="302948403"/>
    <tag k="bicycle" v="yes"/>
    <tag k="cycleway:both" v="no"/>
    <tag k="highway" v="living_street"/>
    <tag k="lane_markings" v="no"/>
    <tag k="lit" v="yes"/>
    <tag k="lit_by_gaslight" v="yes"/>
    <tag k="name" v="Alšovo nábřeží"/>
    <tag k="name:etymology:wikidata" v="Q446948"/>
    <tag k="sidewalk:both" v="separate"/>
    <tag k="smoothness" v="good"/>
    <tag k="surface" v="asphalt"/>
    <tag k="wikidata" v="Q20987033"/>
  </way>
  <way id="4053156">
    <nd ref="1307142694"/>
    <nd ref="247753"/>
    <tag k="cycleway:right" v="no"/>
    <tag k="highway" v="secondary"/>
    <tag k="lane_markings" v="no"/>
    <tag k="lit" v="yes"/>
    <tag k="maxspeed" v="50"/>
    <tag k="name" v="Pod Bruskou"/>
    <tag k="name:de" v="Unterm Sandtor"/>
    <tag k="oneway" v="yes"/>
    <tag k="sidewalk:left" v="no"/>
    <tag k="sidewalk:right" v="separate"/>
    <tag k="source:maxspeed" v="CZ:urban"/>
    <tag k="surface" v="asphalt"/>
  </way>
  <way id="4086155">
    <nd ref="21713462"/>
    <nd ref="4323841235"/>
    <nd ref="4323841236"/>
    <nd ref="4323841237"/>
    <nd ref="4323841238"/>
    <tag k="foot" v="no"/>
    <tag k="highway" v="residential"/>
    <tag k="lane_markings" v="no"/>
    <tag k="lit" v="yes"/>
    <tag k="maxspeed" v="50"/>
    <tag k="name" v="Klárov"/>
    <tag k="oneway" v="yes"/>
    <tag k="sidewalk" v="no"/>
    <tag k="source:maxspeed" v="CZ:urban"/>
    <tag k="surface" v="sett"/>
  </way>
  <way id="4086157">
    <nd ref="340231902"/>
    <nd ref="4758337476"/>
    <nd ref="4758337478"/>
    <nd ref="21713468"/>
    <nd ref="5024360597"/>
    <nd ref="340231926"/>
    <nd ref="4799923434"/>
    <nd ref="25673202"/>
    <nd ref="4763711118"/>
    <tag k="highway" v="residential"/>
    <tag k="lanes" v="1"/>
    <tag k="lit" v="yes"/>
    <tag k="name" v="Tomášská"/>
    <tag k="name:de" v="Thomasgasse"/>
    <tag k="oneway" v="yes"/>
    <tag k="sidewalk:left" v="yes"/>
    <tag k="sidewalk:right" v="separate"/>
    <tag k="surface" v="asphalt"/>
  </way>
  <way id="4086159">
    <nd ref="247751"/>
    <nd ref="4691199604"/>
    <nd ref="4691199454"/>
    <nd ref="1016303367"/>
    <nd ref="12230264334"/>
    <nd ref="12441641058"/>
    <nd ref="8533357128"/>
    <nd ref="26518407"/>
    <tag k="cycleway:both" v="no"/>
    <tag k="highway" v="residential"/>
    <tag k="lanes" v="2"/>
    <tag k="lit" v="yes"/>
    <tag k="maxspeed:type" v="CZ:urban"/>
    <tag k="name" v="náměstí Jana Palacha"/>
    <tag k="name:be" v="плошча Яна Палаха"/>
    <tag k="name:ru" v="площадь Яна Палаха"/>
    <tag k="sidewalk:both" v="separate"/>
    <tag k="smoothness" v="intermediate"/>
    <tag k="sorting_name" v="Jana Palacha"/>
    <tag k="surface" v="sett"/>
    <tag k="turn:lanes:backward" v="left|right"/>
  </way>
  <way id="4086162">
    <nd ref="8398007318"/>
    <nd ref="276837835"/>
    <nd ref="8397551006"/>
    <nd ref="8397512752"/>
    <nd ref="8397512753"/>
    <nd ref="21713484"/>
    <tag k="cycleway:right" v="no"/>
    <tag k="foot" v="no"/>
    <tag k="highway" v="secondary"/>
    <tag k="lanes" v="1"/>
    <tag k="lit" v="yes"/>
    <tag k="maxspeed" v="50"/>
    <tag k="maxspeed:type" v="CZ:urban"/>
    <tag k="name" v="nábřeží Edvarda Beneše"/>
    <tag k="name:etymology:wikidata" v="Q152274"/>
    <tag k="oneway" v="yes"/>
    <tag k="parking:both" v="no"/>
    <tag k="sidewalk" v="no"/>
    <tag k="surface" v="sett"/>
    <tag k="wikidata" v="Q43396282"/>
    <tag k="wikimedia_commons" v="Category:Nábřeží Edvarda Beneše"/>
    <tag k="wikipedia" v="cs:Nábřeží Edvarda Beneše"/>
  </way>
  <way id="4086163">
    <nd ref="21713481"/>
    <nd ref="8397512704"/>
    <nd ref="8397512747"/>
    <nd ref="8397512705"/>
    <nd ref="21257822"/>
    <nd ref="8397512723"/>
    <nd ref="1306660609"/>
    <nd ref="8397512722"/>
    <tag k="cycleway:right" v="soft_lane"/>
    <tag k="destination" v="Revoluční"/>
    <tag k="highway" v="secondary"/>
    <tag k="lanes" v="1"/>
    <tag k="lit" v="yes"/>
    <tag k="maxspeed" v="50"/>
    <tag k="name" v="nábřeží Edvarda Beneše"/>
    <tag k="name:etymology:wikidata" v="Q152274"/>
    <tag k="note" v="Bicycle soft_lane since 2021"/>
    <tag k="oneway" v="yes"/>
    <tag k="smoothness" v="excellent"/>
    <tag k="sorting_name" v="Edvarda Beneše"/>
    <tag k="source:maxspeed" v="CZ:urban"/>
    <tag k="surface" v="asphalt"/>
    <tag k="wikidata" v="Q43396282"/>
    <tag k="wikimedia_commons" v="Category:Nábřeží Edvarda Beneše"/>
    <tag k="wikipedia" v="cs:Nábřeží Edvarda Beneše"/>
  </way>
  <way id="4086164">
    <nd ref="8408926656"/>
    <nd ref="4169136149"/>
    <nd ref="21257824"/>
    <tag k="cycleway:right" v="no"/>
    <tag k="highway" v="secondary"/>
    <tag k="lanes" v="1"/>
    <tag k="lit" v="yes"/>
    <tag k="maxspeed" v="50"/>
    <tag k="name" v="nábřeží Kapitána Jaroše"/>
    <tag k="name:etymology:wikidata" v="Q156070"/>
    <tag k="oneway" v="yes"/>
    <tag k="sidewalk:left" v="no"/>
    <tag k="sidewalk:right" v="separate"/>
    <tag k="sorting_name" v="Kapitána Jaroše"/>
    <tag k="source:maxspeed" v="CZ:urban"/>
    <tag k="surface" v="sett"/>
  </way>
  <way id="4259412">
    <nd ref="25674495"/>
    <nd ref="6485447494"/>
    <nd ref="1014525967"/>
    <nd ref="298867577"/>
    <tag k="cycleway:right" v="lane"/>
    <tag k="cycleway:right:lane" v="exclusive"/>
    <tag k="highway" v="residential"/>
    <tag k="lane_markings" v="no"/>
    <tag k="lit" v="yes"/>
    <tag k="maxspeed:type" v="CZ:urban"/>
    <tag k="name" v="Zborovská"/>
    <tag k="oneway" v="yes"/>
    <tag k="sidewalk" v="both"/>
    <tag k="sidewalk:both:surface" v="sett"/>
    <tag k="smoothness" v="intermediate"/>
    <tag k="surface" v="sett"/>
  </way>
  <way id="4323228">
    <nd ref="25674704"/>
    <nd ref="1225419809"/>
    <tag k="cycleway:left" v="no"/>
    <tag k="embedded_rails" v="tram"/>
    <tag k="highway" v="residential"/>
    <tag k="lanes:backward" v="1"/>
    <tag k="lanes:forward" v="1"/>
    <tag k="lit" v="yes"/>
    <tag k="maxspeed:type" v="CZ:urban"/>
    <tag k="maxwidth:forward" v="2"/>
    <tag k="name" v="most Legií"/>
    <tag k="name:de" v="Brücke der Legionen"/>
    <tag k="name:en" v="Bridge of Legions"/>
    <tag k="name:etymology:wikidata" v="Q605324"/>
    <tag k="name:ru" v="мост Легии"/>
    <tag k="sidewalk" v="separate"/>
    <tag k="sorting_name" v="Legií"/>
    <tag k="surface" v="asphalt"/>
    <tag k="wikidata" v="Q11785802"/>
    <tag k="wikipedia" v="cs:Most Legií"/>
  </way>
  <way id="4323229">
    <nd ref="4691199554"/>
    <nd ref="13296000818"/>
    <nd ref="9572989381"/>
    <nd ref="12441641059"/>
    <nd ref="8913083638"/>
    <tag k="bicycle" v="yes"/>
    <tag k="cycleway:right" v="soft_lane"/>
    <tag k="highway" v="residential"/>
    <tag k="horse" v="no"/>
    <tag k="lanes" v="1"/>
    <tag k="lit" v="yes"/>
    <tag k="maxheight" v="3.3"/>
    <tag k="maxspeed" v="50"/>
    <tag k="maxspeed:type" v="CZ:urban"/>
    <tag k="motor_vehicle" v="yes"/>
    <tag k="name" v="Křižovnická"/>
    <tag k="name:de" v="Kreuzherrengasse"/>
    <tag k="name:ru" v="Кржижовницкая улица"/>
    <tag k="oneway" v="yes"/>
    <tag k="parking:both" v="no"/>
    <tag k="sidewalk:both" v="separate"/>
    <tag k="smoothness" v="excellent"/>
    <tag k="surface" v="asphalt"/>
    <tag k="turn:lanes" v="left;through"/>
    <tag k="wikidata" v="Q43388676"/>
  </way>
  <way id="4323230">
    <nd ref="172517"/>
    <nd ref="5395804511"/>
    <nd ref="1235949573"/>
    <nd ref="4699488923"/>
    <nd ref="6371504169"/>
    <nd ref="2100509959"/>
    <tag k="cycleway:both" v="no"/>
    <tag k="embedded_rails" v="tram"/>
    <tag k="embedded_rails:lanes" v="tram|"/>
    <tag k="highway" v="residential"/>
    <tag k="lanes" v="2"/>
    <tag k="lit" v="yes"/>
    <tag k="maxspeed:type" v="CZ:urban"/>
    <tag k="name" v="Vítězná"/>
    <tag k="parking:left" v="yes"/>
    <tag k="parking:left:orientation" v="parallel"/>
    <tag k="parking:right" v="no"/>
    <tag k="sidewalk:both" v="separate"/>
    <tag k="sidewalk:both:surface" v="sett"/>
    <tag k="smoothness" v="intermediate"/>
    <tag k="source" v="bing;cuzk"/>
    <tag k="surface" v="sett"/>
  </way>
  <way id="4323231">
    <nd ref="21711419"/>
    <nd ref="6485447183"/>
    <nd ref="1235949515"/>
    <nd ref="13529047942"/>
    <nd ref="25674148"/>
    <nd ref="12025595208"/>
    <nd ref="25674126"/>
    <tag k="cycleway:both" v="no"/>
    <tag k="highway" v="residential"/>
    <tag k="lanes" v="1"/>
    <tag k="lit" v="yes"/>
    <tag k="lit_by_gaslight" v="yes"/>
    <tag k="maxspeed:type" v="CZ:urban"/>
    <tag k="name" v="Říční"/>
    <tag k="name:de" v="Flußgasse"/>
    <tag k="oneway" v="yes"/>
    <tag k="sidewalk:both" v="separate"/>
    <tag k="surface" v="sett"/>
  </way>
  <way id="4335606">
    <nd ref="21257798"/>
    <nd ref="4691199698"/>
    <nd ref="11716625050"/>
    <nd ref="772609902"/>
    <nd ref="5262491007"/>
    <tag k="cycleway:right" v="shared_lane"/>
    <tag k="highway" v="secondary"/>
    <tag k="lanes" v="1"/>
    <tag k="lit" v="yes"/>
    <tag k="maxspeed" v="50"/>
    <tag k="name" v="U Bruských kasáren"/>
    <tag k="name:cs" v="U Bruských kasáren"/>
    <tag k="name:de" v="Sandtorkaserne"/>
    <tag k="oneway" v="yes"/>
    <tag k="sidewalk:left" v="separate"/>
    <tag k="sidewalk:right" v="no"/>
    <tag k="source:maxspeed" v="CZ:urban"/>
    <tag k="surface" v="asphalt"/>
    <tag k="wikidata" v="Q43398921"/>
    <tag k="wikimedia_commons" v="Category:U Bruských kasáren"/>
  </way>
  <way id="4335612">
    <nd ref="25674773"/>
    <nd ref="6815151916"/>
    <nd ref="6815151917"/>
    <tag k="cycleway:both" v="no"/>
    <tag k="highway" v="residential"/>
    <tag k="lanes" v="1"/>
    <tag k="lit" v="yes"/>
    <tag k="name" v="Šeříková"/>
    <tag k="name:de" v="Fliedergasse"/>
    <tag k="oneway" v="yes"/>
    <tag k="oneway:bicycle" v="no"/>
    <tag k="sidewalk:both" v="separate"/>
    <tag k="source" v="https://prahounakole.cz/zpravicky/v-patek-20-zari-byla-vyznacena-severni-cast-cykloobousmerky-v-serikove-ulici/"/>
    <tag k="surface" v="sett"/>
  </way>
  <way id="4335613">
    <nd ref="25656632"/>
    <nd ref="12157755819"/>
    <nd ref="12157755818"/>
    <nd ref="25656630"/>
    <tag k="cycleway:both" v="no"/>
    <tag k="highway" v="residential"/>
    <tag k="lanes" v="1"/>
    <tag k="lit" v="yes"/>
    <tag k="maxspeed" v="50"/>
    <tag k="name" v="Voršilská"/>
    <tag k="oneway" v="yes"/>
    <tag k="sidewalk:left" v="separate"/>
    <tag k="sidewalk:right" v="yes"/>
    <tag k="sidewalk:right:surface" v="sett"/>
    <tag k="surface" v="sett"/>
  </way>
  <way id="4335614">
    <nd ref="25657382"/>
    <nd ref="4714677285"/>
    <nd ref="2001925902"/>
    <nd ref="12157755897"/>
    <nd ref="4983830468"/>
    <nd ref="1399998578"/>
    <nd ref="25656653"/>
    <tag k="cycleway:both" v="no"/>
    <tag k="highway" v="residential"/>
    <tag k="lanes" v="1"/>
    <tag k="lit" v="yes"/>
    <tag k="maxspeed" v="50"/>
    <tag k="maxspeed:type" v="CZ:urban"/>
    <tag k="name" v="Mikulandská"/>
    <tag k="oneway" v="yes"/>
    <tag k="sidewalk:both" v="separate"/>
    <tag k="surface" v="asphalt"/>
  </way>
  <way id="4335618">
    <nd ref="12567459453"/>
    <nd ref="1167635087"/>
    <nd ref="25935966"/>
    <nd ref="320309766"/>
    <nd ref="25656551"/>
    <nd ref="25656550"/>
    <nd ref="2249406271"/>
    <tag k="bicycle" v="yes"/>
    <tag k="foot" v="yes"/>
    <tag k="highway" v="residential"/>
    <tag k="horse" v="permit"/>
    <tag k="lane_markings" v="no"/>
    <tag k="lit" v="yes"/>
    <tag k="maxweight" v="3.5"/>
    <tag k="motor_vehicle" v="permit"/>
    <tag k="name" v="Ve Smečkách"/>
    <tag k="name:de" v="Smetschkagasse"/>
    <tag k="oneway" v="yes"/>
    <tag k="psv" v="no"/>
    <tag k="source:width" v="ARCore"/>
    <tag k="surface" v="asphalt"/>
    <tag k="vehicle" v="no"/>
    <tag k="width" v="5.3"/>
  </way>
  <way id="4340675">
    <nd ref="25673520"/>
    <nd ref="4763711103"/>
    <nd ref="6586629040"/>
    <tag k="bicycle" v="yes"/>
    <tag k="foot" v="yes"/>
    <tag k="highway" v="living_street"/>
    <tag k="lanes" v="1"/>
    <tag k="lit" v="yes"/>
    <tag k="lit_by_gaslight" v="yes"/>
    <tag k="maxspeed" v="20"/>
    <tag k="motor_vehicle" v="destination"/>
    <tag k="name" v="Lázeňská"/>
    <tag k="name:de" v="Badgasse"/>
    <tag k="sidewalk:both" v="separate"/>
    <tag k="surface" v="sett"/>
    <tag k="width" v="4"/>
  </way>
  <way id="4340677">
    <nd ref="552444663"/>
    <nd ref="8601771452"/>
    <nd ref="8601771453"/>
    <nd ref="25658897"/>
    <nd ref="8601771463"/>
    <nd ref="13058121611"/>
    <nd ref="8601771462"/>
    <nd ref="300520947"/>
    <nd ref="8601771461"/>
    <nd ref="8601771460"/>
    <nd ref="25658886"/>
    <nd ref="300520948"/>
    <nd ref="4793932717"/>
    <nd ref="25658872"/>
    <tag k="highway" v="living_street"/>
    <tag k="lanes" v="1"/>
    <tag k="lit" v="yes"/>
    <tag k="maxspeed" v="20"/>
    <tag k="name" v="Seminářská"/>
    <tag k="name:be" v="Семінарскія вуліца"/>
    <tag k="name:de" v="Seminargasse"/>
    <tag k="name:ru" v="Семинарская улица"/>
    <tag k="oneway" v="yes"/>
    <tag k="oneway:bicycle" v="yes"/>
    <tag k="oneway:foot" v="no"/>
    <tag k="sidewalk" v="both"/>
    <tag k="smoothness" v="bad"/>
    <tag k="source:name" v="nameit/uir-adr"/>
    <tag k="surface" v="sett"/>
  </way>
  <way id="4340678">
    <nd ref="12055266217"/>
    <nd ref="25658613"/>
    <nd ref="314789642"/>
    <nd ref="12009324978"/>
    <nd ref="13184534939"/>
    <tag k="highway" v="living_street"/>
    <tag k="lanes" v="1"/>
    <tag k="lit" v="yes"/>
    <tag k="lit_by_gaslight" v="yes"/>
    <tag k="maxspeed" v="20"/>
    <tag k="motor_vehicle" v="destination"/>
    <tag k="name" v="Husova"/>
    <tag k="name:be" v="Гусава вуліца"/>
    <tag k="name:de" v="Husgasse"/>
    <tag k="name:etymology:wikidata" v="Q43977"/>
    <tag k="name:ru" v="Гусова улица"/>
    <tag k="oneway" v="yes"/>
    <tag k="oneway:bicycle" v="yes"/>
    <tag k="parking:both" v="no"/>
    <tag k="sidewalk" v="both"/>
    <tag k="sidewalk:both:surface" v="sett"/>
    <tag k="smoothness" v="bad"/>
    <tag k="surface" v="sett"/>
    <tag k="width" v="2.5"/>
  </way>
  <way id="4340679">
    <nd ref="25658615"/>
    <nd ref="25658998"/>
    <tag k="highway" v="residential"/>
    <tag k="lanes" v="1"/>
    <tag k="lit" v="yes"/>
    <tag k="lit_by_gaslight" v="yes"/>
    <tag k="name" v="Jalovcová"/>
    <tag k="sidewalk" v="both"/>
    <tag k="source:name" v="nameit/uir-adr"/>
    <tag k="surface" v="sett"/>
  </way>
  <way id="4340683">
    <nd ref="1414621008"/>
    <nd ref="25658462"/>
    <nd ref="12197773577"/>
    <nd ref="10543087644"/>
    <nd ref="13183507499"/>
    <nd ref="13183507498"/>
    <nd ref="25658464"/>
    <nd ref="25658465"/>
    <nd ref="9864621186"/>
    <tag k="cycleway:both" v="no"/>
    <tag k="hgv" v="no"/>
    <tag k="highway" v="residential"/>
    <tag k="lanes" v="1"/>
    <tag k="lit" v="yes"/>
    <tag k="maxspeed" v="50"/>
    <tag k="name" v="Bartolomějská"/>
    <tag k="name:de" v="Bartholomäusgasse"/>
    <tag k="name:ru" v="Бартоломейская улица"/>
    <tag k="oneway" v="yes"/>
    <tag k="parking:left" v="no"/>
    <tag k="parking:right" v="lane"/>
    <tag k="parking:right:orientation" v="parallel"/>
    <tag k="sidewalk:both" v="separate"/>
    <tag k="surface" v="asphalt"/>
  </way>
  <way id="4340684">
    <nd ref="25657261"/>
    <nd ref="3948265665"/>
    <nd ref="26423670"/>
    <nd ref="9902671054"/>
    <nd ref="315520817"/>
    <nd ref="3948265700"/>
    <nd ref="2908218609"/>
    <nd ref="10695045829"/>
    <nd ref="10716253865"/>
    <nd ref="26423671"/>
    <tag k="highway" v="living_street"/>
    <tag k="lanes" v="1"/>
    <tag k="lit" v="yes"/>
    <tag k="maxspeed" v="20"/>
    <tag k="name" v="Martinská"/>
    <tag k="name:cs" v="Martinská"/>
    <tag k="name:de" v="Martinsgasse"/>
    <tag k="name:ru" v="Мартинская улица"/>
    <tag k="note" v="living_street (obytná zóna) since 2022 oneway:bicycle=no few months in 2020"/>
    <tag k="oneway" v="yes"/>
    <tag k="oneway:bicycle" v="yes"/>
    <tag k="removed:oneway:bicycle" v="no"/>
    <tag k="source" v="cuzk:km;local knowledge"/>
    <tag k="surface" v="asphalt"/>
  </way>
  <way id="4340685">
    <nd ref="26424072"/>
    <nd ref="12199947603"/>
    <nd ref="26423673"/>
    <tag k="cycleway:both" v="no"/>
    <tag k="highway" v="residential"/>
    <tag k="lanes" v="1"/>
    <tag k="lit" v="yes"/>
    <tag k="lit_by_gaslight" v="yes"/>
    <tag k="name" v="Řetězová"/>
    <tag k="name:be" v="Лангужная вуліца"/>
    <tag k="name:de" v="Kettengasse"/>
    <tag k="name:ru" v="Цепная улица"/>
    <tag k="sidewalk" v="both"/>
    <tag k="sidewalk:both:surface" v="sett"/>
    <tag k="source" v="cuzk:km"/>
    <tag k="source:name" v="nameit/uir-adr"/>
    <tag k="surface" v="asphalt"/>
  </way>
  <way id="4340686">
    <nd ref="25658617"/>
    <nd ref="5887095488"/>
    <nd ref="5024445656"/>
    <nd ref="9556813607"/>
    <nd ref="26423678"/>
    <nd ref="26423677"/>
    <nd ref="25658614"/>
    <tag k="highway" v="living_street"/>
    <tag k="lanes" v="1"/>
    <tag k="lit" v="yes"/>
    <tag k="lit_by_gaslight" v="yes"/>
    <tag k="maxspeed" v="20"/>
    <tag k="motor_vehicle" v="destination"/>
    <tag k="name" v="Zlatá"/>
    <tag k="name:be" v="Залатая вуліца"/>
    <tag k="name:de" v="Goldene Gasse"/>
    <tag k="name:ru" v="Златая улица"/>
    <tag k="oneway" v="yes"/>
    <tag k="oneway:bicycle" v="yes"/>
    <tag k="parking:both" v="no"/>
    <tag k="sidewalk" v="left"/>
    <tag k="sidewalk:left:surface" v="sett"/>
    <tag k="surface" v="sett"/>
  </way>
  <way id="4353216">
    <nd ref="25655055"/>
    <nd ref="25655056"/>
    <tag k="highway" v="residential"/>
    <tag k="lane_markings" v="no"/>
    <tag k="lit" v="yes"/>
    <tag k="maxspeed" v="50"/>
    <tag k="name" v="U Obecního domu"/>
    <tag k="name:de" v="Zum Gemeindehaus"/>
    <tag k="sidewalk:left" v="no"/>
    <tag k="sidewalk:right" v="separate"/>
    <tag k="source:maxspeed" v="CZ:urban"/>
    <tag k="surface" v="sett"/>
    <tag k="wikidata" v="Q43399079"/>
  </way>
  <way id="4353217">
    <nd ref="25655057"/>
    <nd ref="25655056"/>
    <tag k="highway" v="residential"/>
    <tag k="lanes" v="1"/>
    <tag k="lit" v="yes"/>
    <tag k="maxspeed" v="50"/>
    <tag k="name" v="U Prašné brány"/>
    <tag k="name:de" v="Zum Pulverturm"/>
    <tag k="name:ru" v="улица У Прашне браны"/>
    <tag k="oneway" v="yes"/>
    <tag k="sidewalk" v="separate"/>
    <tag k="source:maxspeed" v="CZ:urban"/>
    <tag k="source:name" v="nameit/uir-adr"/>
    <tag k="surface" v="sett"/>
    <tag k="wikidata" v="Q43399114"/>
  </way>
  <way id="4353489">
    <nd ref="21672768"/>
    <nd ref="8408751015"/>
    <nd ref="8408751016"/>
    <nd ref="8408788617"/>
    <nd ref="4931499663"/>
    <nd ref="8408599185"/>
    <nd ref="8408599184"/>
    <nd ref="297596693"/>
    <nd ref="297596692"/>
    <nd ref="8408788619"/>
    <nd ref="8408788618"/>
    <nd ref="297596688"/>
    <tag k="foot" v="yes"/>
    <tag k="highway" v="living_street"/>
    <tag k="lit" v="yes"/>
    <tag k="maxspeed" v="20"/>
    <tag k="name" v="Králodvorská"/>
    <tag k="name:cs" v="Králodvorská"/>
    <tag k="name:de" v="Königshofgasse"/>
    <tag k="oneway" v="yes"/>
    <tag k="parking:both" v="no"/>
    <tag k="smoothness" v="good"/>
    <tag k="source:maxspeed" v="CZ:living_street"/>
    <tag k="source:name" v="nameit/uir-adr"/>
    <tag k="surface" v="sett"/>
    <tag k="wikidata" v="Q43388589"/>
  </way>
  <way id="4353493">
    <nd ref="25655055"/>
    <nd ref="8075743964"/>
    <nd ref="25655054"/>
    <tag k="highway" v="residential"/>
    <tag k="lanes" v="1"/>
    <tag k="lit" v="yes"/>
    <tag k="maxspeed" v="50"/>
    <tag k="name" v="Králodvorská"/>
    <tag k="name:de" v="Königshofgasse"/>
    <tag k="name:ru" v="Кралодворская улица"/>
    <tag k="oneway" v="yes"/>
    <tag k="oneway:bicycle" v="no"/>
    <tag k="sidewalk:both" v="separate"/>
    <tag k="source:maxspeed" v="CZ:urban"/>
    <tag k="surface" v="sett"/>
    <tag k="wikidata" v="Q43388589"/>
  </way>
  <way id="4353497">
    <nd ref="26515343"/>
    <nd ref="11333139343"/>
    <nd ref="4751633421"/>
    <nd ref="345014512"/>
    <nd ref="12750709054"/>
    <nd ref="345014514"/>
    <tag k="highway" v="residential"/>
    <tag k="lanes" v="1"/>
    <tag k="maxspeed" v="50"/>
    <tag k="name" v="Jakubská"/>
    <tag k="name:de" v="Jakobsgasse"/>
    <tag k="parking:both" v="no"/>
    <tag k="sidewalk:both" v="separate"/>
    <tag k="source:maxspeed" v="CZ:urban"/>
    <tag k="surface" v="asphalt"/>
    <tag k="wikidata" v="Q43387803"/>
  </way>
  <way id="4353506">
    <nd ref="25660118"/>
    <nd ref="26515365"/>
    <nd ref="13272949034"/>
    <nd ref="25660116"/>
    <tag k="highway" v="residential"/>
    <tag k="lanes" v="1"/>
    <tag k="lit" v="yes"/>
    <tag k="maxspeed" v="50"/>
    <tag k="name" v="Jakubská"/>
    <tag k="name:de" v="Jakobsgasse"/>
    <tag k="oneway" v="yes"/>
    <tag k="parking:both" v="separate"/>
    <tag k="sidewalk:both" v="separate"/>
    <tag k="source:maxspeed" v="CZ:urban"/>
    <tag k="surface" v="sett"/>
    <tag k="wikidata" v="Q43387803"/>
  </way>
  <way id="4353507">
    <nd ref="25660117"/>
    <nd ref="2884777118"/>
    <nd ref="4987252754"/>
    <nd ref="25660118"/>
    <tag k="highway" v="residential"/>
    <tag k="lanes" v="1"/>
    <tag k="lit" v="yes"/>
    <tag k="maxspeed" v="50"/>
    <tag k="name" v="Templová"/>
    <tag k="name:de" v="Templergässchen"/>
    <tag k="oneway" v="yes"/>
    <tag k="sidewalk:both" v="separate"/>
    <tag k="source:maxspeed" v="CZ:urban"/>
    <tag k="source:name" v="nameit/uir-adr"/>
    <tag k="surface" v="sett"/>
    <tag k="wikidata" v="Q45414077"/>
  </way>
  <way id="4353525">
    <nd ref="25660103"/>
    <nd ref="2820088108"/>
    <nd ref="25660104"/>
    <nd ref="25660105"/>
    <nd ref="315530553"/>
    <tag k="highway" v="residential"/>
    <tag k="lanes" v="1"/>
    <tag k="lit" v="yes"/>
    <tag k="maxspeed" v="50"/>
    <tag k="name" v="Týnská"/>
    <tag k="name:be" v="Тынская вуліца"/>
    <tag k="name:de" v="Teyngasse"/>
    <tag k="name:ru" v="Тынская улица"/>
    <tag k="sidewalk:both" v="separate"/>
    <tag k="source:maxspeed" v="CZ:urban"/>
    <tag k="surface" v="sett"/>
    <tag k="wikidata" v="Q12060183"/>
    <tag k="wikipedia" v="cs:Týnská (Praha)"/>
  </way>
  <way id="4353553">
    <nd ref="25660103"/>
    <nd ref="4751633425"/>
    <nd ref="4751633424"/>
    <nd ref="315530551"/>
    <nd ref="1407012518"/>
    <nd ref="4201287802"/>
    <tag k="highway" v="living_street"/>
    <tag k="lanes" v="1"/>
    <tag k="lit" v="yes"/>
    <tag k="maxspeed" v="20"/>
    <tag k="name" v="Malá Štupartská"/>
    <tag k="name:de" v="Kleine Stupartgasse"/>
    <tag k="note" v="highway=living_street since 2023"/>
    <tag k="oneway" v="yes"/>
    <tag k="sidewalk:both" v="separate"/>
    <tag k="source:maxspeed" v="CZ:urban"/>
    <tag k="surface" v="asphalt"/>
    <tag k="wikidata" v="Q43388855"/>
  </way>
  <way id="4353554">
    <nd ref="25660103"/>
    <nd ref="1407012519"/>
    <nd ref="5605045919"/>
    <nd ref="9457898137"/>
    <nd ref="8810406"/>
    <tag k="highway" v="residential"/>
    <tag k="lane_markings" v="no"/>
    <tag k="lit" v="yes"/>
    <tag k="maxspeed" v="50"/>
    <tag k="name" v="Masná"/>
    <tag k="name:de" v="Fleischmarktgasse"/>
    <tag k="name:ru" v="Мясная улица"/>
    <tag k="sidewalk:both" v="separate"/>
    <tag k="smoothness" v="bad"/>
    <tag k="source:maxspeed" v="CZ:urban"/>
    <tag k="source:name" v="nameit/uir-adr"/>
    <tag k="surface" v="sett"/>
    <tag k="wikidata" v="Q43388883"/>
  </way>
  <way id="4353556">
    <nd ref="8810406"/>
    <nd ref="1251663048"/>
    <nd ref="1251663067"/>
    <tag k="highway" v="residential"/>
    <tag k="lanes" v="1"/>
    <tag k="maxspeed" v="20"/>
    <tag k="name" v="Masná"/>
    <tag k="name:de" v="Fleischmarktgasse"/>
    <tag k="name:ru" v="Мясная улица"/>
    <tag k="oneway" v="yes"/>
    <tag k="sidewalk:both" v="separate"/>
    <tag k="source:maxspeed" v="sign"/>
    <tag k="surface" v="asphalt"/>
    <tag k="wikidata" v="Q43388883"/>
  </way>
  <way id="4353557">
    <nd ref="8810402"/>
    <nd ref="4889615717"/>
    <nd ref="1251663076"/>
    <nd ref="12148024982"/>
    <nd ref="4889615716"/>
    <nd ref="1225805099"/>
    <nd ref="12148024983"/>
    <nd ref="1407012525"/>
    <tag k="highway" v="residential"/>
    <tag k="lanes" v="1"/>
    <tag k="maxspeed" v="50"/>
    <tag k="name" v="Masná"/>
    <tag k="name:de" v="Fleischmarktgasse"/>
    <tag k="name:ru" v="Мясная улица"/>
    <tag k="oneway" v="yes"/>
    <tag k="sidewalk:both" v="separate"/>
    <tag k="source:maxspeed" v="CZ:urban"/>
    <tag k="surface" v="sett"/>
    <tag k="wikidata" v="Q43388883"/>
  </way>
  <way id="4353562">
    <nd ref="4693347230"/>
    <nd ref="4693347231"/>
    <tag k="highway" v="residential"/>
    <tag k="lanes" v="3"/>
    <tag k="lanes:backward" v="2"/>
    <tag k="lanes:forward" v="1"/>
    <tag k="lit" v="yes"/>
    <tag k="maxspeed" v="50"/>
    <tag k="name" v="Soukenická"/>
    <tag k="name:etymology:wikidata" v="Q47012164"/>
    <tag k="sidewalk" v="both"/>
    <tag k="smoothness" v="intermediate"/>
    <tag k="surface" v="asphalt"/>
    <tag k="turn:lanes:backward" v="left|right"/>
  </way>
  <way id="4353563">
    <nd ref="25660100"/>
    <nd ref="4889614956"/>
    <nd ref="3218547659"/>
    <nd ref="2239270697"/>
    <nd ref="25685113"/>
    <tag k="highway" v="residential"/>
    <tag k="lane_markings" v="no"/>
    <tag k="lit" v="yes"/>
    <tag k="maxspeed:type" v="CZ:urban"/>
    <tag k="name" v="Kozí"/>
    <tag k="name:de" v="Ziegengasse"/>
    <tag k="name:ru" v="Козья улица"/>
    <tag k="oneway" v="yes"/>
    <tag k="sidewalk" v="separate"/>
    <tag k="source:name" v="nameit/uir-adr"/>
    <tag k="surface" v="sett"/>
    <tag k="wikidata" v="Q43388439"/>
  </way>
  <way id="4353564">
    <nd ref="25660100"/>
    <nd ref="7040673706"/>
    <nd ref="25659747"/>
    <tag k="highway" v="residential"/>
    <tag k="lanes" v="1"/>
    <tag k="maxspeed:type" v="CZ:urban"/>
    <tag k="name" v="V Kolkovně"/>
    <tag k="oneway" v="yes"/>
    <tag k="sidewalk:both" v="separate"/>
    <tag k="smoothness" v="intermediate"/>
    <tag k="source:name" v="nameit/uir-adr"/>
    <tag k="surface" v="sett"/>
    <tag k="wikidata" v="Q43399478"/>
  </way>
  <way id="4353629">
    <nd ref="25685248"/>
    <nd ref="6490559339"/>
    <nd ref="1251645276"/>
    <nd ref="342292566"/>
    <nd ref="12759347420"/>
    <nd ref="9187811"/>
    <tag k="cycleway:both" v="no"/>
    <tag k="highway" v="residential"/>
    <tag k="lanes" v="1"/>
    <tag k="lit" v="yes"/>
    <tag k="maxspeed:type" v="CZ:urban"/>
    <tag k="name" v="Široká"/>
    <tag k="name:de" v="Breite Gasse"/>
    <tag k="name:etymology:wikidata" v="Q113171416"/>
    <tag k="name:ru" v="Широкая улица"/>
    <tag k="oneway" v="yes"/>
    <tag k="sidewalk" v="separate"/>
    <tag k="smoothness" v="good"/>
    <tag k="source:width" v="ARCore"/>
    <tag k="surface" v="asphalt"/>
    <tag k="width" v="6"/>
    <tag k="wikidata" v="Q26897280"/>
  </way>
  <way id="4353630">
    <nd ref="25659747"/>
    <nd ref="11930026650"/>
    <nd ref="3112804642"/>
    <nd ref="11930026649"/>
    <nd ref="25659746"/>
    <tag k="highway" v="residential"/>
    <tag k="junction" v="roundabout"/>
    <tag k="lanes" v="1"/>
    <tag k="lit" v="yes"/>
    <tag k="maxspeed:type" v="CZ:urban"/>
    <tag k="name" v="Dušní"/>
    <tag k="name:de" v="Geistgasse"/>
    <tag k="name:etymology:wikidata" v="Q2282608"/>
    <tag k="name:ru" v="Душни улица"/>
    <tag k="oneway" v="yes"/>
    <tag k="sidewalk:both" v="separate"/>
    <tag k="source:name" v="nameit/uir-adr"/>
    <tag k="surface" v="sett"/>
    <tag k="wikidata" v="Q23770370"/>
  </way>
  <way id="4353634">
    <nd ref="26517818"/>
    <nd ref="5066668207"/>
    <nd ref="697456600"/>
    <nd ref="5066684637"/>
    <nd ref="4637351203"/>
    <nd ref="25685294"/>
    <tag k="highway" v="living_street"/>
    <tag k="lit" v="yes"/>
    <tag k="name" v="Elišky Krásnohorské"/>
    <tag k="name:etymology:wikidata" v="Q274171"/>
    <tag k="name:ru" v="улица Элизы Краснохорской"/>
    <tag k="oneway" v="no"/>
    <tag k="source:name" v="nameit/uir-adr"/>
    <tag k="surface" v="paving_stones"/>
    <tag k="wikidata" v="Q25336723"/>
  </way>
  <way id="4353635">
    <nd ref="25685301"/>
    <nd ref="11930026623"/>
    <nd ref="13800731029"/>
    <nd ref="25685306"/>
    <tag k="highway" v="residential"/>
    <tag k="lanes" v="1"/>
    <tag k="lit" v="yes"/>
    <tag k="maxspeed:type" v="CZ:urban"/>
    <tag k="name" v="U Svatého ducha"/>
    <tag k="name:de" v="Zum heiligen Geist"/>
    <tag k="name:etymology:wikidata" v="Q2282608"/>
    <tag k="oneway" v="yes"/>
    <tag k="ref:ruian:street" v="475009"/>
    <tag k="sidewalk" v="separate"/>
    <tag k="source:name" v="nameit/uir-adr"/>
    <tag k="surface" v="asphalt"/>
  </way>
  <way id="4353636">
    <nd ref="25685297"/>
    <nd ref="1225805064"/>
    <nd ref="9558698706"/>
    <tag k="cycleway:left" v="shared_lane"/>
    <tag k="highway" v="residential"/>
    <tag k="lane_markings" v="no"/>
    <tag k="lit" v="yes"/>
    <tag k="maxspeed:type" v="CZ:urban"/>
    <tag k="name" v="Dušní"/>
    <tag k="name:de" v="Geistgasse"/>
    <tag k="name:etymology:wikidata" v="Q2282608"/>
    <tag k="name:ru" v="Душни улица"/>
    <tag k="oneway" v="yes"/>
    <tag k="oneway:bicycle" v="no"/>
    <tag k="sidewalk:both" v="separate"/>
    <tag k="source:name" v="nameit/uir-adr"/>
    <tag k="surface" v="asphalt"/>
    <tag k="wikidata" v="Q23770370"/>
  </way>
  <way id="4353641">
    <nd ref="26517824"/>
    <nd ref="315529382"/>
    <nd ref="11930026600"/>
    <nd ref="11930026601"/>
    <nd ref="26517609"/>
    <nd ref="4883181740"/>
    <nd ref="26517612"/>
    <tag k="highway" v="residential"/>
    <tag k="lanes" v="1"/>
    <tag k="maxspeed:type" v="CZ:urban"/>
    <tag k="name" v="U Staré školy"/>
    <tag k="name:ru" v="улица У старой школы"/>
    <tag k="oneway" v="yes"/>
    <tag k="sidewalk:both" v="separate"/>
    <tag k="source:name" v="nameit/uir-adr"/>
    <tag k="surface" v="asphalt"/>
    <tag k="wikidata" v="Q26897382"/>
  </way>
  <way id="4353643">
    <nd ref="8810388"/>
    <nd ref="1016303748"/>
    <nd ref="8810390"/>
    <tag k="highway" v="residential"/>
    <tag k="lanes" v="1"/>
    <tag k="lit" v="yes"/>
    <tag k="maxspeed:type" v="CZ:urban"/>
    <tag k="name" v="Bílkova"/>
    <tag k="name:ru" v="Билкова улица"/>
    <tag k="oneway" v="yes"/>
    <tag k="oneway:bicycle" v="yes"/>
    <tag k="sidewalk:left" v="yes"/>
    <tag k="sidewalk:right" v="separate"/>
    <tag k="source:name" v="nameit/uir-adr"/>
    <tag k="surface" v="sett"/>
    <tag k="wikidata" v="Q21822545"/>
  </way>
  <way id="4353653">
    <nd ref="25659748"/>
    <nd ref="1251645257"/>
    <nd ref="8810393"/>
    <nd ref="8810394"/>
    <tag k="cycleway:both" v="no"/>
    <tag k="highway" v="residential"/>
    <tag k="lanes" v="1"/>
    <tag k="lit" v="yes"/>
    <tag k="maxspeed:type" v="CZ:urban"/>
    <tag k="name" v="Pařížská"/>
    <tag k="name:be" v="Парыжская вуліца"/>
    <tag k="name:de" v="Pariser Straße"/>
    <tag k="name:etymology:wikidata" v="Q90"/>
    <tag k="name:ja" v="パジージェスカー"/>
    <tag k="name:ru" v="Парижская улица"/>
    <tag k="name:zh" v="巴黎大街"/>
    <tag k="oneway" v="yes"/>
    <tag k="parking:both" v="separate"/>
    <tag k="sidewalk" v="separate"/>
    <tag k="surface" v="asphalt"/>
    <tag k="wikidata" v="Q6810086"/>
    <tag k="wikimedia_commons" v="Category:Pařížská (Prague)"/>
    <tag k="wikipedia" v="cs:Pařížská (Praha)"/>
  </way>
  <way id="4353655">
    <nd ref="10704775247"/>
    <nd ref="1493645202"/>
    <nd ref="26517817"/>
    <nd ref="12741629295"/>
    <nd ref="1964390491"/>
    <nd ref="25659818"/>
    <nd ref="1251645236"/>
    <nd ref="2914594945"/>
    <nd ref="25659750"/>
    <tag k="highway" v="living_street"/>
    <tag k="lanes" v="1"/>
    <tag k="lit" v="yes"/>
    <tag k="maxspeed" v="20"/>
    <tag k="name" v="Maiselova"/>
    <tag k="name:de" v="Maiselgasse"/>
    <tag k="name:etymology:wikidata" v="Q721293"/>
    <tag k="name:ru" v="улица Майзелова"/>
    <tag k="oneway" v="yes"/>
    <tag k="oneway:bicycle" v="no"/>
    <tag k="sidewalk" v="separate"/>
    <tag k="surface" v="sett"/>
    <tag k="wikidata" v="Q26897372"/>
  </way>
  <way id="4353658">
    <nd ref="8810385"/>
    <nd ref="4691199586"/>
    <nd ref="354684509"/>
    <nd ref="8810386"/>
    <nd ref="1016303283"/>
    <nd ref="12741629296"/>
    <nd ref="12741629293"/>
    <nd ref="12741629294"/>
    <nd ref="11923018308"/>
    <nd ref="8810388"/>
    <tag k="cycleway:both" v="no"/>
    <tag k="highway" v="residential"/>
    <tag k="lanes" v="1"/>
    <tag k="lit" v="yes"/>
    <tag k="maxspeed:type" v="CZ:urban"/>
    <tag k="name" v="Břehová"/>
    <tag k="name:etymology:wikidata" v="Q468756"/>
    <tag k="oneway" v="yes"/>
    <tag k="sidewalk:both" v="separate"/>
    <tag k="source:name" v="nameit/uir-adr"/>
    <tag k="surface" v="sett"/>
    <tag k="wikidata" v="Q22369425"/>
  </way>
  <way id="4353678">
    <nd ref="247751"/>
    <nd ref="4691199510"/>
    <nd ref="1016303334"/>
    <nd ref="9572989379"/>
    <nd ref="12441641060"/>
    <nd ref="109867557"/>
    <tag k="cycleway:both" v="no"/>
    <tag k="highway" v="residential"/>
    <tag k="lanes" v="3"/>
    <tag k="lanes:backward" v="2"/>
    <tag k="lanes:forward" v="1"/>
    <tag k="lit" v="yes"/>
    <tag k="maxspeed:type" v="CZ:urban"/>
    <tag k="name" v="17. listopadu"/>
    <tag k="name:be" v="вуліца 17 лістапада"/>
    <tag k="name:etymology:wikidata" v="Q15054219"/>
    <tag k="name:ru" v="улица 17 ноября"/>
    <tag k="parking:both" v="no"/>
    <tag k="sidewalk:both" v="separate"/>
    <tag k="smoothness" v="intermediate"/>
    <tag k="surface" v="sett"/>
    <tag k="surface:left" v="sett"/>
    <tag k="turn:lanes:backward" v="through|right"/>
    <tag k="wikidata" v="Q19264027"/>
  </way>
  <way id="4353679">
    <nd ref="1016303170"/>
    <nd ref="1289267288"/>
    <nd ref="12899093795"/>
    <nd ref="4691199607"/>
    <nd ref="8810423"/>
    <tag k="cycleway:right" v="no"/>
    <tag k="highway" v="residential"/>
    <tag k="lanes" v="2"/>
    <tag k="lit" v="yes"/>
    <tag k="lit_by_gaslight" v="yes"/>
    <tag k="maxspeed:type" v="CZ:urban"/>
    <tag k="name" v="Na Rejdišti"/>
    <tag k="oneway" v="yes"/>
    <tag k="sidewalk" v="separate"/>
    <tag k="smoothness" v="good"/>
    <tag k="surface" v="asphalt"/>
    <tag k="turn:lanes" v="left|right"/>
    <tag k="wikidata" v="Q43389313"/>
  </way>
  <way id="4353693">
    <nd ref="25660099"/>
    <nd ref="1016303332"/>
    <nd ref="5977562272"/>
    <nd ref="25685391"/>
    <nd ref="4799890345"/>
    <nd ref="1016303238"/>
    <nd ref="25685424"/>
    <tag k="carriage" v="no"/>
    <tag k="cycleway:both" v="no"/>
    <tag k="highway" v="residential"/>
    <tag k="lane_markings" v="no"/>
    <tag k="lit" v="yes"/>
    <tag k="maxspeed:type" v="CZ:urban"/>
    <tag k="name" v="Valentinská"/>
    <tag k="name:de" v="Valentinsgasse"/>
    <tag k="name:ru" v="Валентинская улица"/>
    <tag k="oneway" v="yes"/>
    <tag k="parking:both" v="separate"/>
    <tag k="sidewalk:both" v="separate"/>
    <tag k="smoothness" v="excellent"/>
    <tag k="surface" v="asphalt"/>
    <tag k="wikidata" v="Q26897384"/>
    <tag k="wikimedia_commons" v="Category:Valentinská (Prague)"/>
    <tag k="wikipedia" v="cs:Valentinská (Praha)"/>
  </way>
  <way id="4353696">
    <nd ref="472661922"/>
    <nd ref="1016303548"/>
    <nd ref="25660079"/>
    <nd ref="1016303452"/>
    <nd ref="25685407"/>
    <tag k="cycleway:both" v="no"/>
    <tag k="highway" v="residential"/>
    <tag k="lane_markings" v="no"/>
    <tag k="lit" v="yes"/>
    <tag k="maxspeed:type" v="CZ:urban"/>
    <tag k="name" v="Kaprova"/>
    <tag k="name:de" v="Karpfengasse"/>
    <tag k="name:etymology:wikidata" v="Q26878352"/>
    <tag k="name:ru" v="Капрова улица"/>
    <tag k="oneway" v="yes"/>
    <tag k="parking:both" v="separate"/>
    <tag k="sidewalk:both" v="separate"/>
    <tag k="smoothness" v="intermediate"/>
    <tag k="surface" v="sett"/>
    <tag k="wikidata" v="Q26878349"/>
    <tag k="wikimedia_commons" v="Category:Kaprova (Prague)"/>
    <tag k="wikipedia" v="cs:Kaprova (Praha)"/>
  </way>
  <way id="4353715">
    <nd ref="21266471"/>
    <nd ref="4700724578"/>
    <nd ref="1016303543"/>
    <nd ref="12199947616"/>
    <nd ref="25660099"/>
    <tag k="highway" v="residential"/>
    <tag k="lanes" v="1"/>
    <tag k="lit" v="yes"/>
    <tag k="maxspeed:type" v="CZ:urban"/>
    <tag k="name" v="Platnéřská"/>
    <tag k="name:de" v="Plattnergasse"/>
    <tag k="name:ru" v="Платнержская улица"/>
    <tag k="oneway" v="yes"/>
    <tag k="sidewalk:both" v="separate"/>
    <tag k="surface" v="asphalt"/>
    <tag k="wikidata" v="Q43394945"/>
    <tag k="wikimedia_commons" v="Category:Platnéřská"/>
    <tag k="wikipedia" v="cs:Platnéřská"/>
  </way>
  <way id="4353796">
    <nd ref="25685115"/>
    <nd ref="1414434761"/>
    <nd ref="1414434759"/>
    <nd ref="1414434758"/>
    <nd ref="25685114"/>
    <tag k="cycleway:both" v="no"/>
    <tag k="highway" v="residential"/>
    <tag k="lane_markings" v="no"/>
    <tag k="lit" v="yes"/>
    <tag k="maxspeed:type" v="CZ:urban"/>
    <tag k="name" v="Haštalská"/>
    <tag k="name:de" v="Kastalusgasse"/>
    <tag k="name:etymology:wikidata" v="Q12030733"/>
    <tag k="name:ru" v="Гашталская улица"/>
    <tag k="oneway" v="yes"/>
    <tag k="oneway:bicycle" v="no"/>
    <tag k="sidewalk:both" v="separate"/>
    <tag k="sidewalk:both:surface" v="sett"/>
    <tag k="surface" v="sett"/>
    <tag k="wikidata" v="Q20019979"/>
  </way>
  <way id="4353797">
    <nd ref="8810390"/>
    <nd ref="1016303163"/>
    <nd ref="1947145406"/>
    <nd ref="1964390493"/>
    <nd ref="26518198"/>
    <nd ref="1251645261"/>
    <nd ref="25659748"/>
    <tag k="highway" v="residential"/>
    <tag k="his:1926-1940:name" v="Pařížská"/>
    <tag k="his:1940-1945:name" v="Norimberská"/>
    <tag k="his:1945-:name" v="Pařížská"/>
    <tag k="lanes" v="1"/>
    <tag k="lit" v="yes"/>
    <tag k="maxspeed:type" v="CZ:urban"/>
    <tag k="name" v="Pařížská"/>
    <tag k="name:be" v="Парыжская вуліца"/>
    <tag k="name:de" v="Pariser Straße"/>
    <tag k="name:etymology:wikidata" v="Q90"/>
    <tag k="name:ja" v="パジージェスカー"/>
    <tag k="name:ru" v="Парижская улица"/>
    <tag k="name:zh" v="巴黎大街"/>
    <tag k="oneway" v="yes"/>
    <tag k="parking:both" v="separate"/>
    <tag k="sidewalk" v="separate"/>
    <tag k="surface" v="asphalt"/>
    <tag k="wikidata" v="Q6810086"/>
    <tag k="wikimedia_commons" v="Category:Pařížská (Prague)"/>
    <tag k="wikipedia" v="cs:Pařížská (Praha)"/>
  </way>
  <way id="4377612">
    <nd ref="25674673"/>
    <nd ref="1030967176"/>
    <nd ref="1030966605"/>
    <nd ref="2100509954"/>
    <tag k="highway" v="residential"/>
    <tag k="lanes" v="1"/>
    <tag k="lit" v="yes"/>
    <tag k="name" v="Mělnická"/>
    <tag k="name:de" v="Melniker Gasse"/>
    <tag k="oneway" v="yes"/>
    <tag k="parking:both" v="separate"/>
    <tag k="sidewalk" v="separate"/>
    <tag k="surface" v="asphalt"/>
  </way>
  <way id="4387743">
    <nd ref="25655305"/>
    <nd ref="13815105124"/>
    <nd ref="305776980"/>
    <nd ref="10698998531"/>
    <nd ref="3470882765"/>
    <nd ref="871339490"/>
    <nd ref="4704962024"/>
    <nd ref="25655304"/>
    <tag k="highway" v="residential"/>
    <tag k="lane_markings" v="no"/>
    <tag k="lit" v="yes"/>
    <tag k="name" v="V Jámě"/>
    <tag k="name:de" v="Grube"/>
    <tag k="oneway" v="yes"/>
    <tag k="sidewalk" v="separate"/>
    <tag k="surface" v="sett"/>
  </way>
  <way id="4387744">
    <nd ref="305304117"/>
    <nd ref="3822322643"/>
    <nd ref="3183501718"/>
    <nd ref="305304116"/>
    <nd ref="3822336793"/>
    <nd ref="25655302"/>
    <tag k="highway" v="residential"/>
    <tag k="lanes" v="1"/>
    <tag k="lit" v="yes"/>
    <tag k="maxspeed" v="50"/>
    <tag k="name" v="Palackého"/>
    <tag k="name:de" v="Palacký-Gasse"/>
    <tag k="name:etymology:wikidata" v="Q159642"/>
    <tag k="oneway" v="yes"/>
    <tag k="parking:left" v="no"/>
    <tag k="parking:right" v="separate"/>
    <tag k="sidewalk" v="separate"/>
    <tag k="smoothness" v="good"/>
    <tag k="surface" v="asphalt"/>
  </way>
  <way id="4387746">
    <nd ref="25657361"/>
    <nd ref="9757405261"/>
    <tag k="cycleway:both" v="no"/>
    <tag k="highway" v="residential"/>
    <tag k="lanes" v="1"/>
    <tag k="lit" v="yes"/>
    <tag k="maxspeed" v="50"/>
    <tag k="maxspeed:type" v="CZ:urban"/>
    <tag k="name" v="Charvátova"/>
    <tag k="oneway" v="yes"/>
    <tag k="parking:both" v="separate"/>
    <tag k="sidewalk" v="separate"/>
    <tag k="smoothness" v="excellent"/>
    <tag k="surface" v="asphalt"/>
  </way>
  <way id="4387747">
    <nd ref="25656667"/>
    <nd ref="4704961788"/>
    <nd ref="1265671352"/>
    <nd ref="25658450"/>
    <nd ref="3619903200"/>
    <nd ref="26786404"/>
    <nd ref="3536034482"/>
    <nd ref="305796261"/>
    <nd ref="8480884536"/>
    <nd ref="1399998579"/>
    <nd ref="25657361"/>
    <tag k="highway" v="residential"/>
    <tag k="lanes" v="1"/>
    <tag k="lit" v="yes"/>
    <tag k="maxlength" v="8"/>
    <tag k="maxspeed" v="50"/>
    <tag k="maxspeed:type" v="CZ:urban"/>
    <tag k="name" v="Vladislavova"/>
    <tag k="name:de" v="Wladislaw-Gasse"/>
    <tag k="oneway" v="yes"/>
    <tag k="parking:both" v="separate"/>
    <tag k="parking:both:access" v="private"/>
    <tag k="parking:both:access:conditional" v="yes @ (06:00-08:00)"/>
    <tag k="parking:both:private" v="residents = 1"/>
    <tag k="sidewalk:both" v="separate"/>
    <tag k="surface" v="asphalt"/>
  </way>
  <way id="4516271">
    <nd ref="21257803"/>
    <nd ref="8918354052"/>
    <nd ref="1014525950"/>
    <tag k="highway" v="residential"/>
    <tag k="lane_markings" v="no"/>
    <tag k="lit" v="yes"/>
    <tag k="maxspeed:type" v="CZ:urban"/>
    <tag k="motorcar" v="destination"/>
    <tag k="name" v="U Plovárny"/>
    <tag k="ref:ruian:street" v="504467"/>
    <tag k="sidewalk" v="separate"/>
    <tag k="source" v="cuzk:ruian"/>
    <tag k="surface" v="asphalt"/>
  </way>
  <way id="4516272">
    <nd ref="25685533"/>
    <nd ref="1014526304"/>
    <nd ref="12199709460"/>
    <nd ref="4988878842"/>
    <nd ref="1016198034"/>
    <nd ref="8278444934"/>
    <nd ref="21257795"/>
    <tag k="bicycle" v="yes"/>
    <tag k="foot" v="yes"/>
    <tag k="highway" v="residential"/>
    <tag k="lanes" v="1"/>
    <tag k="lit" v="yes"/>
    <tag k="maxspeed" v="30"/>
    <tag k="motor_vehicle" v="destination"/>
    <tag k="name" v="U Železné lávky"/>
    <tag k="name:cs" v="U Železné lávky"/>
    <tag k="name:de" v="Kettensteggasse"/>
    <tag k="name:ru" v="У Железной лавки"/>
    <tag k="oneway" v="yes"/>
    <tag k="sidewalk:left" v="no"/>
    <tag k="sidewalk:right" v="separate"/>
    <tag k="source:maxspeed" v="sign"/>
    <tag k="surface" v="sett"/>
  </way>
  <way id="4516273">
    <nd ref="21713480"/>
    <nd ref="354684481"/>
    <tag k="cycleway:both" v="no"/>
    <tag k="highway" v="tertiary"/>
    <tag k="lanes" v="2"/>
    <tag k="lit" v="yes"/>
    <tag k="maxspeed:type" v="CZ:urban"/>
    <tag k="name" v="Mánesův most"/>
    <tag k="name:de" v="Mánes-Brücke"/>
    <tag k="name:ru" v="Манесов мост"/>
    <tag k="old_name:de" v="Franz-Ferdinand-Brücke"/>
    <tag k="sidewalk:both" v="separate"/>
    <tag k="smoothness" v="intermediate"/>
    <tag k="surface" v="sett"/>
  </way>
  <way id="4516274">
    <nd ref="21713480"/>
    <nd ref="6371553176"/>
    <nd ref="4323841210"/>
    <nd ref="354684483"/>
    <nd ref="4323841217"/>
    <tag k="cycleway:right" v="lane"/>
    <tag k="cycleway:right:lane" v="advisory"/>
    <tag k="highway" v="residential"/>
    <tag k="lanes" v="1"/>
    <tag k="lit" v="yes"/>
    <tag k="maxspeed" v="50"/>
    <tag k="name" v="Klárov"/>
    <tag k="name:etymology" v="Alois Klar"/>
    <tag k="name:etymology:wikidata" v="Q176445"/>
    <tag k="oneway" v="yes"/>
    <tag k="parking:both" v="no"/>
    <tag k="sidewalk:left" v="no"/>
    <tag k="sidewalk:right" v="separate"/>
    <tag k="source:maxspeed" v="CZ:urban"/>
    <tag k="surface" v="sett"/>
    <tag k="wikidata" v="Q12029502"/>
    <tag k="wikimedia_commons" v="Category:Klárov"/>
    <tag k="wikipedia" v="cs:Klárov"/>
  </way>
  <way id="4516541">
    <nd ref="27669384"/>
    <nd ref="2455467936"/>
    <nd ref="299712684"/>
    <nd ref="25673302"/>
    <tag k="carriage" v="no"/>
    <tag k="highway" v="living_street"/>
    <tag k="lit" v="yes"/>
    <tag k="lit_by_gaslight" v="yes"/>
    <tag k="maxspeed" v="20"/>
    <tag k="name" v="U Lužického semináře"/>
    <tag k="name:cs" v="U Lužického semináře"/>
    <tag k="name:de" v="Zum Lausitzer Seminar"/>
    <tag k="name:etymology:wikidata" v="Q160739"/>
    <tag k="smoothness" v="intermediate"/>
    <tag k="surface" v="sett"/>
    <tag k="width" v="10"/>
  </way>
  <way id="4516543">
    <nd ref="299712650"/>
    <nd ref="25685551"/>
    <nd ref="299712682"/>
    <nd ref="1924906656"/>
    <nd ref="25685547"/>
    <tag k="carriage" v="no"/>
    <tag k="highway" v="living_street"/>
    <tag k="lanes" v="1"/>
    <tag k="lit" v="yes"/>
    <tag k="maxspeed" v="20"/>
    <tag k="name" v="Cihelná"/>
    <tag k="oneway" v="alternating"/>
    <tag k="surface" v="sett"/>
    <tag k="width" v="5"/>
  </way>
  <way id="4516547">
    <nd ref="299712679"/>
    <nd ref="13274162014"/>
    <nd ref="25673323"/>
    <nd ref="299712680"/>
    <nd ref="13274162015"/>
    <nd ref="13274162013"/>
    <nd ref="25673311"/>
    <nd ref="1014526309"/>
    <nd ref="25673303"/>
    <tag k="carriage" v="no"/>
    <tag k="highway" v="living_street"/>
    <tag k="lanes" v="1"/>
    <tag k="lit" v="yes"/>
    <tag k="maxspeed" v="20"/>
    <tag k="name" v="Míšeňská"/>
    <tag k="name:de" v="Meissnergasse"/>
    <tag k="name:etymology:wikidata" v="Q8738"/>
    <tag k="oneway" v="no"/>
    <tag k="smoothness" v="bad"/>
    <tag k="surface" v="sett"/>
    <tag k="width" v="4"/>
  </way>
  <way id="4595149">
    <nd ref="25685124"/>
    <nd ref="1134815718"/>
    <nd ref="354688208"/>
    <nd ref="1238413442"/>
    <nd ref="25685125"/>
    <nd ref="354688200"/>
    <nd ref="2550809881"/>
    <tag k="highway" v="residential"/>
    <tag k="name" v="Klimentská"/>
    <tag k="name:de" v="Clemensgasse"/>
    <tag k="oneway" v="yes"/>
    <tag k="sidewalk:both" v="separate"/>
  </way>
  <way id="4595152">
    <nd ref="8404987894"/>
    <nd ref="8404987895"/>
    <nd ref="335796478"/>
    <nd ref="25685107"/>
    <nd ref="25685108"/>
    <tag k="highway" v="residential"/>
    <tag k="lanes" v="1"/>
    <tag k="maxspeed" v="50"/>
    <tag k="name" v="Řásnovka"/>
    <tag k="name:de" v="Schneckengasse"/>
    <tag k="oneway" v="yes"/>
    <tag k="sidewalk:left" v="yes"/>
    <tag k="sidewalk:right" v="separate"/>
    <tag k="source:maxspeed" v="CZ:urban"/>
    <tag k="surface" v="sett"/>
    <tag k="wikidata" v="Q29966189"/>
  </way>
  <way id="4595153">
    <nd ref="25685113"/>
    <nd ref="4889614954"/>
    <nd ref="12667337553"/>
    <nd ref="315529862"/>
    <nd ref="25685114"/>
    <tag k="highway" v="residential"/>
    <tag k="lane_markings" v="no"/>
    <tag k="lit" v="yes"/>
    <tag k="maxspeed:type" v="CZ:urban"/>
    <tag k="name" v="Kozí"/>
    <tag k="name:de" v="Ziegengasse"/>
    <tag k="name:ru" v="Козья улица"/>
    <tag k="oneway" v="yes"/>
    <tag k="sidewalk:both" v="separate"/>
    <tag k="source:name" v="nameit/uir-adr"/>
    <tag k="surface" v="sett"/>
    <tag k="wikidata" v="Q43388439"/>
  </way>
  <way id="4600027">
    <nd ref="25656635"/>
    <nd ref="12895561991"/>
    <nd ref="25656634"/>
    <nd ref="12157755821"/>
    <nd ref="12157755820"/>
    <nd ref="25656632"/>
    <tag k="highway" v="residential"/>
    <tag k="lane_markings" v="no"/>
    <tag k="lit" v="yes"/>
    <tag k="maxspeed" v="50"/>
    <tag k="name" v="V Jirchářích"/>
    <tag k="name:de" v="Gärber Gasse"/>
    <tag k="oneway" v="yes"/>
    <tag k="sidewalk" v="separate"/>
    <tag k="surface" v="asphalt"/>
  </way>
  <way id="4600028">
    <nd ref="25656648"/>
    <nd ref="12157767816"/>
    <nd ref="12157767817"/>
    <nd ref="25656646"/>
    <tag k="bicycle" v="yes"/>
    <tag k="cycleway:both" v="no"/>
    <tag k="highway" v="residential"/>
    <tag k="lane_markings" v="no"/>
    <tag k="lit" v="yes"/>
    <tag k="maxspeed" v="50"/>
    <tag k="maxspeed:type" v="CZ:urban"/>
    <tag k="motor_vehicle" v="destination"/>
    <tag k="name" v="Opatovická"/>
    <tag k="oneway" v="yes"/>
    <tag k="sidewalk:left" v="separate"/>
    <tag k="sidewalk:right" v="yes"/>
    <tag k="sidewalk:right:surface" v="sett"/>
    <tag k="surface" v="sett"/>
  </way>
  <way id="4638048">
    <nd ref="26269789"/>
    <nd ref="298867574"/>
    <tag k="bus" v="no"/>
    <tag k="highway" v="residential"/>
    <tag k="lanes" v="1"/>
    <tag k="lit" v="yes"/>
    <tag k="maxspeed:type" v="CZ:urban"/>
    <tag k="maxweight" v="3.5"/>
    <tag k="name" v="Vítězná"/>
    <tag k="oneway" v="yes"/>
    <tag k="sidewalk:both" v="separate"/>
    <tag k="surface" v="sett"/>
    <tag k="width" v="2"/>
  </way>
  <way id="4638049">
    <nd ref="25674056"/>
    <nd ref="12795222414"/>
    <nd ref="1302564488"/>
    <nd ref="13525045713"/>
    <nd ref="1302564350"/>
    <nd ref="12206898654"/>
    <nd ref="25674107"/>
    <nd ref="13525045705"/>
    <nd ref="25674126"/>
    <tag k="highway" v="residential"/>
    <tag k="lanes" v="1"/>
    <tag k="lit" v="yes"/>
    <tag k="lit_by_gaslight" v="yes"/>
    <tag k="name" v="Besední"/>
    <tag k="oneway" v="yes"/>
    <tag k="sidewalk:right" v="separate"/>
    <tag k="surface" v="sett"/>
  </way>
  <way id="4640165">
    <nd ref="25657389"/>
    <nd ref="4714677270"/>
    <nd ref="1511287702"/>
    <nd ref="10543087646"/>
    <nd ref="2429803895"/>
    <nd ref="1414621008"/>
    <tag k="carriage" v="no"/>
    <tag k="cycleway:both" v="no"/>
    <tag k="highway" v="residential"/>
    <tag k="lanes" v="1"/>
    <tag k="lit" v="yes"/>
    <tag k="maxspeed" v="50"/>
    <tag k="name" v="Karoliny Světlé"/>
    <tag k="name:de" v="Karolína-Světlá-Straße"/>
    <tag k="name:etymology:wikidata" v="Q258960"/>
    <tag k="name:ru" v="улица Каролины Светлой"/>
    <tag k="oneway" v="yes"/>
    <tag k="sidewalk:both" v="separate"/>
    <tag k="source:name" v="nameit/uir-adr"/>
    <tag k="surface" v="sett"/>
  </way>
  <way id="4640166">
    <nd ref="25657956"/>
    <nd ref="1265637994"/>
    <tag k="highway" v="residential"/>
    <tag k="lane_markings" v="no"/>
    <tag k="name" v="Konviktská"/>
    <tag k="name:de" v="Konviktgasse"/>
    <tag k="name:etymology:wikidata" v="Q21428422"/>
    <tag k="oneway" v="no"/>
    <tag k="sidewalk:both" v="separate"/>
    <tag k="surface" v="sett"/>
  </way>
  <way id="4640167">
    <nd ref="431313107"/>
    <nd ref="9297251795"/>
    <nd ref="431313108"/>
    <tag k="highway" v="residential"/>
    <tag k="lane_markings" v="no"/>
    <tag k="lit" v="yes"/>
    <tag k="name" v="Betlémská"/>
    <tag k="name:de" v="Bethlehemsgasse"/>
    <tag k="oneway" v="yes"/>
    <tag k="source:name" v="nameit/uir-adr"/>
    <tag k="surface" v="sett"/>
    <tag k="wikidata" v="Q21505974"/>
  </way>
  <way id="4641177">
    <nd ref="299047196"/>
    <nd ref="13686072817"/>
    <nd ref="13686072816"/>
    <nd ref="13686072818"/>
    <nd ref="13686072815"/>
    <nd ref="299047199"/>
    <nd ref="299047203"/>
    <nd ref="13686007988"/>
    <nd ref="25658475"/>
    <tag k="highway" v="residential"/>
    <tag k="lane_markings" v="no"/>
    <tag k="lit" v="yes"/>
    <tag k="maxspeed" v="50"/>
    <tag k="name" v="Náprstkova"/>
    <tag k="name:de" v="Fingerhutgasse"/>
    <tag k="oneway" v="yes"/>
    <tag k="oneway:bicycle" v="-1"/>
    <tag k="parking:left" v="separate"/>
    <tag k="parking:right" v="no"/>
    <tag k="sidewalk:left" v="separate"/>
    <tag k="sidewalk:right" v="yes"/>
    <tag k="source:name" v="nameit/uir-adr"/>
    <tag k="surface" v="sett"/>
  </way>
  <way id="4641178">
    <nd ref="25657935"/>
    <nd ref="12009324984"/>
    <nd ref="10652685155"/>
    <nd ref="10652685156"/>
    <nd ref="10652685157"/>
    <nd ref="25658610"/>
    <nd ref="315523730"/>
    <nd ref="299047210"/>
    <nd ref="25658611"/>
    <tag k="highway" v="residential"/>
    <tag k="lanes" v="1"/>
    <tag k="lit" v="yes"/>
    <tag k="name" v="Liliová"/>
    <tag k="name:de" v="Liliengasse"/>
    <tag k="oneway" v="yes"/>
    <tag k="oneway:bicycle" v="yes"/>
    <tag k="sidewalk" v="both"/>
    <tag k="sidewalk:both:surface" v="sett"/>
    <tag k="smoothness" v="intermediate"/>
    <tag k="source:name" v="nameit/uir-adr"/>
    <tag k="surface" v="sett"/>
    <tag k="wikidata" v="Q23657346"/>
    <tag k="wikipedia" v="cs:Liliová (Praha)"/>
  </way>
  <way id="4641264">
    <nd ref="25671664"/>
    <nd ref="340231567"/>
    <nd ref="25673199"/>
    <nd ref="9529524404"/>
    <nd ref="340231902"/>
    <tag k="highway" v="residential"/>
    <tag k="lane_markings" v="no"/>
    <tag k="lit" v="yes"/>
    <tag k="name" v="Sněmovní"/>
    <tag k="name:cs" v="Sněmovní"/>
    <tag k="name:de" v="Landtagsgasse"/>
    <tag k="old_name" v="Pětikostelská ulice"/>
    <tag k="old_name:cs" v="Pětikostelská ulice"/>
    <tag k="old_name:de" v="Fünfkirchen Gasse"/>
    <tag k="oneway" v="yes"/>
    <tag k="sidewalk" v="both"/>
    <tag k="surface" v="sett"/>
  </way>
  <way id="4641271">
    <nd ref="25658455"/>
    <nd ref="1265637977"/>
    <nd ref="12197773600"/>
    <nd ref="298861642"/>
    <tag k="cycleway:both" v="no"/>
    <tag k="highway" v="residential"/>
    <tag k="lane_markings" v="no"/>
    <tag k="lit" v="yes"/>
    <tag k="name" v="Krocínova"/>
    <tag k="oneway" v="yes"/>
    <tag k="sidewalk:both" v="separate"/>
    <tag k="source:name" v="nameit/uir-adr"/>
    <tag k="surface" v="sett"/>
    <tag k="wikidata" v="Q43388512"/>
  </way>
  <way id="4641273">
    <nd ref="25656634"/>
    <nd ref="12157708769"/>
    <nd ref="12157708895"/>
    <nd ref="25656638"/>
    <tag k="highway" v="residential"/>
    <tag k="lane_markings" v="no"/>
    <tag k="lit" v="yes"/>
    <tag k="maxspeed:type" v="CZ:urban"/>
    <tag k="name" v="Křemencova"/>
    <tag k="oneway" v="yes"/>
    <tag k="sidewalk" v="separate"/>
    <tag k="surface" v="sett"/>
  </way>
  <way id="4641276">
    <nd ref="25935959"/>
    <nd ref="12583340204"/>
    <nd ref="12583340205"/>
    <nd ref="25935962"/>
    <nd ref="13202172980"/>
    <nd ref="13202172981"/>
    <nd ref="12583340206"/>
    <nd ref="25935963"/>
    <nd ref="25935964"/>
    <nd ref="5577122031"/>
    <nd ref="1265671383"/>
    <nd ref="8279277408"/>
    <nd ref="415004426"/>
    <tag k="highway" v="residential"/>
    <tag k="lanes" v="1"/>
    <tag k="lit" v="yes"/>
    <tag k="maxspeed:type" v="CZ:urban"/>
    <tag k="name" v="Školská"/>
    <tag k="name:de" v="Schulgasse"/>
    <tag k="oneway" v="yes"/>
    <tag k="sidewalk:both" v="separate"/>
    <tag k="surface" v="sett"/>
  </way>
  <way id="4641280">
    <nd ref="21672758"/>
    <nd ref="9273126527"/>
    <nd ref="5469030593"/>
    <nd ref="278464064"/>
    <nd ref="3519517581"/>
    <tag k="highway" v="residential"/>
    <tag k="lane_markings" v="no"/>
    <tag k="maxheight" v="default"/>
    <tag k="maxspeed" v="50"/>
    <tag k="name" v="Nekázanka"/>
    <tag k="name:de" v="Kreutzlgasse"/>
    <tag k="oneway" v="yes"/>
    <tag k="sidewalk:both" v="separate"/>
    <tag k="source:maxspeed" v="CZ:urban"/>
    <tag k="surface" v="asphalt"/>
    <tag k="width" v="5"/>
  </way>
  <way id="4643608">
    <nd ref="25685168"/>
    <nd ref="12861510148"/>
    <nd ref="5081802668"/>
    <nd ref="8404987890"/>
    <nd ref="335796480"/>
    <tag k="highway" v="residential"/>
    <tag k="lanes" v="2"/>
    <tag k="maxspeed" v="50"/>
    <tag k="name" v="Hradební"/>
    <tag k="name:de" v="Wallgasse"/>
    <tag k="oneway" v="yes"/>
    <tag k="source:maxspeed" v="CZ:urban"/>
    <tag k="surface" v="sett"/>
    <tag k="wikidata" v="Q43387172"/>
  </way>
  <way id="4643609">
    <nd ref="25685101"/>
    <nd ref="7590476369"/>
    <nd ref="25685103"/>
    <tag k="highway" v="residential"/>
    <tag k="lane_markings" v="no"/>
    <tag k="maxspeed" v="50"/>
    <tag k="name" v="K Haštalu"/>
    <tag k="name:etymology:wikidata" v="Q12030733"/>
    <tag k="oneway" v="yes"/>
    <tag k="source:maxspeed" v="CZ:urban"/>
    <tag k="surface" v="sett"/>
    <tag k="wikidata" v="Q45423999"/>
  </way>
  <way id="4643610">
    <nd ref="25685108"/>
    <nd ref="12861510172"/>
    <nd ref="5081802671"/>
    <nd ref="12861510173"/>
    <nd ref="5081802672"/>
    <nd ref="12861510174"/>
    <nd ref="1400006720"/>
    <nd ref="292756542"/>
    <nd ref="529128763"/>
    <nd ref="12355433050"/>
    <nd ref="25685109"/>
    <nd ref="5081802670"/>
    <nd ref="12355433049"/>
    <tag k="cycleway:left" v="lane"/>
    <tag k="cycleway:left:lane" v="exclusive"/>
    <tag k="highway" v="residential"/>
    <tag k="lane_markings" v="no"/>
    <tag k="lanes" v="1"/>
    <tag k="maxspeed" v="50"/>
    <tag k="name" v="Klášterská"/>
    <tag k="name:de" v="Klostergasse"/>
    <tag k="name:etymology:wikidata" v="Q394832"/>
    <tag k="oneway" v="yes"/>
    <tag k="oneway:bicycle" v="no"/>
    <tag k="sidewalk:both" v="separate"/>
    <tag k="source:maxspeed" v="CZ:urban"/>
    <tag k="source:name" v="nameit/uir-adr"/>
    <tag k="surface" v="sett"/>
    <tag k="turn:lanes" v="left|right"/>
    <tag k="wikidata" v="Q43388270"/>
  </way>
  <way id="4643611">
    <nd ref="335796478"/>
    <nd ref="529127929"/>
    <nd ref="8404987892"/>
    <nd ref="529127926"/>
    <nd ref="8404987891"/>
    <nd ref="1251663094"/>
    <nd ref="529127925"/>
    <nd ref="431012031"/>
    <nd ref="25685101"/>
    <tag k="cycleway:both" v="no"/>
    <tag k="highway" v="residential"/>
    <tag k="lane_markings" v="no"/>
    <tag k="maxspeed" v="50"/>
    <tag k="name" v="Haštalská"/>
    <tag k="name:de" v="Kastalusgasse"/>
    <tag k="name:etymology:wikidata" v="Q12030733"/>
    <tag k="name:ru" v="Гашталская улица"/>
    <tag k="oneway" v="yes"/>
    <tag k="source:maxspeed" v="CZ:urban"/>
    <tag k="source:name" v="nameit/uir-adr"/>
    <tag k="surface" v="sett"/>
    <tag k="wikidata" v="Q20019979"/>
  </way>
  <way id="4643612">
    <nd ref="25685113"/>
    <nd ref="1225805059"/>
    <nd ref="25685112"/>
    <tag k="highway" v="residential"/>
    <tag k="lane_markings" v="no"/>
    <tag k="lit" v="yes"/>
    <tag k="maxspeed:type" v="CZ:urban"/>
    <tag k="name" v="Haštalská"/>
    <tag k="name:de" v="Kastalusgasse"/>
    <tag k="name:etymology:wikidata" v="Q12030733"/>
    <tag k="name:ru" v="Гашталская улица"/>
    <tag k="oneway" v="yes"/>
    <tag k="sidewalk:both" v="separate"/>
    <tag k="sidewalk:both:surface" v="sett"/>
    <tag k="surface" v="sett"/>
    <tag k="wikidata" v="Q20019979"/>
  </way>
  <way id="4643613">
    <nd ref="1251663081"/>
    <nd ref="315529868"/>
    <nd ref="13799278687"/>
    <nd ref="13799278681"/>
    <nd ref="315529865"/>
    <nd ref="7040692514"/>
    <nd ref="3218548185"/>
    <nd ref="9297251786"/>
    <nd ref="4889614955"/>
    <nd ref="25685115"/>
    <tag k="highway" v="residential"/>
    <tag k="lanes" v="1"/>
    <tag k="lit" v="yes"/>
    <tag k="name" v="U Obecního dvora"/>
    <tag k="name:de" v="Gemeindehofgasse"/>
    <tag k="name:etymology:wikidata" v="Q12041901"/>
    <tag k="name:ru" v="улица У Обецнего двора"/>
    <tag k="oneway" v="yes"/>
    <tag k="sidewalk:both" v="separate"/>
    <tag k="source:name" v="nameit/uir-adr"/>
    <tag k="surface" v="sett"/>
    <tag k="wikidata" v="Q43399080"/>
  </way>
  <way id="4643614">
    <nd ref="8810026"/>
    <nd ref="5622292067"/>
    <nd ref="1016303633"/>
    <nd ref="25685319"/>
    <tag k="hazard" v="children"/>
    <tag k="highway" v="residential"/>
    <tag k="lit" v="no"/>
    <tag k="maxspeed" v="20"/>
    <tag k="name" v="náměstí Curieových"/>
    <tag k="name:etymology:wikidata" v="Q11297474"/>
    <tag k="short_name" v="nám. Curieových"/>
    <tag k="sidewalk:both" v="separate"/>
    <tag k="sorting_name" v="Curieových"/>
    <tag k="source:name" v="nameit/uir-adr"/>
    <tag k="surface" v="asphalt"/>
  </way>
  <way id="4643615">
    <nd ref="8535999577"/>
    <nd ref="9558698707"/>
    <tag k="highway" v="residential"/>
    <tag k="lanes" v="1"/>
    <tag k="lit" v="yes"/>
    <tag k="maxspeed:type" v="CZ:urban"/>
    <tag k="name" v="U Milosrdných"/>
    <tag k="name:de" v="Barmherzigengasse"/>
    <tag k="name:etymology:wikidata" v="Q58005623"/>
    <tag k="name:ru" v="улица У Милосердных"/>
    <tag k="oneway" v="yes"/>
    <tag k="sidewalk:both" v="separate"/>
    <tag k="smoothness" v="good"/>
    <tag k="source:name" v="nameit/uir-adr"/>
    <tag k="surface" v="asphalt"/>
    <tag k="wikidata" v="Q43399056"/>
  </way>
  <way id="4643617">
    <nd ref="25659755"/>
    <nd ref="12199730053"/>
    <nd ref="300520928"/>
    <nd ref="25685407"/>
    <tag k="cycleway:both" v="no"/>
    <tag k="highway" v="residential"/>
    <tag k="lanes" v="1"/>
    <tag k="lit" v="yes"/>
    <tag k="maxspeed:type" v="CZ:urban"/>
    <tag k="name" v="Žatecká"/>
    <tag k="name:de" v="Saazergasse"/>
    <tag k="name:etymology:wikidata" v="Q393426"/>
    <tag k="name:ru" v="Жатецкая улица"/>
    <tag k="oneway" v="yes"/>
    <tag k="parking:both" v="lane"/>
    <tag k="parking:both:orientation" v="parallel"/>
    <tag k="sidewalk:both" v="separate"/>
    <tag k="smoothness" v="bad"/>
    <tag k="source:name" v="nameit/uir-adr"/>
    <tag k="surface" v="sett"/>
    <tag k="wikidata" v="Q26897386"/>
    <tag k="wikimedia_commons" v="Category:Žatecká (Prague)"/>
    <tag k="wikipedia" v="cs:Žatecká (Praha)"/>
  </way>
  <way id="4643618">
    <nd ref="25685391"/>
    <nd ref="1265638022"/>
    <nd ref="1265638015"/>
    <nd ref="25685385"/>
    <nd ref="4691199598"/>
    <nd ref="13038950163"/>
    <nd ref="13038950164"/>
    <tag k="check_date:cycleway" v="2022-02-11"/>
    <tag k="cycleway:both" v="no"/>
    <tag k="highway" v="residential"/>
    <tag k="lane_markings" v="no"/>
    <tag k="lit" v="yes"/>
    <tag k="maxspeed:type" v="CZ:urban"/>
    <tag k="name" v="Veleslavínova"/>
    <tag k="name:etymology:wikidata" v="Q634048"/>
    <tag k="oneway" v="yes"/>
    <tag k="parking:both" v="separate"/>
    <tag k="sidewalk:both" v="separate"/>
    <tag k="smoothness" v="good"/>
    <tag k="surface" v="asphalt"/>
    <tag k="wikidata" v="Q43399740"/>
    <tag k="wikimedia_commons" v="Category:Veleslavínova (Prague)"/>
    <tag k="wikipedia" v="cs:Veleslavínova (Praha)"/>
  </way>
  <way id="4643619">
    <nd ref="9187809"/>
    <nd ref="1251645249"/>
    <nd ref="4883181746"/>
    <nd ref="8810394"/>
    <tag k="highway" v="residential"/>
    <tag k="lanes" v="1"/>
    <tag k="lit" v="yes"/>
    <tag k="maxspeed:type" v="CZ:urban"/>
    <tag k="motor_vehicle" v="destination"/>
    <tag k="name" v="Jáchymova"/>
    <tag k="name:de" v="Joachimsgasse"/>
    <tag k="name:etymology:wikidata" v="Q18114941"/>
    <tag k="name:ru" v="улица Ячумова"/>
    <tag k="oneway" v="yes"/>
    <tag k="sidewalk:both" v="separate"/>
    <tag k="surface" v="sett"/>
    <tag k="wikidata" v="Q26878338"/>
  </way>
  <way id="4643620">
    <nd ref="8810395"/>
    <nd ref="12470911325"/>
    <nd ref="5615759305"/>
    <nd ref="8810397"/>
    <tag k="cycleway:both" v="no"/>
    <tag k="highway" v="residential"/>
    <tag k="lanes" v="1"/>
    <tag k="lit" v="yes"/>
    <tag k="lit_by_gaslight" v="yes"/>
    <tag k="maxspeed:type" v="CZ:urban"/>
    <tag k="name" v="Kostečná"/>
    <tag k="name:de" v="Würfelgasse"/>
    <tag k="name:ru" v="Костечная улица"/>
    <tag k="oneway" v="yes"/>
    <tag k="sidewalk:left" v="separate"/>
    <tag k="sidewalk:right" v="no"/>
    <tag k="source:name" v="nameit/uir-adr"/>
    <tag k="surface" v="sett"/>
    <tag k="wikidata" v="Q43388375"/>
  </way>
  <way id="4643621">
    <nd ref="8810398"/>
    <nd ref="4601825249"/>
    <nd ref="12470911326"/>
    <nd ref="8810399"/>
    <nd ref="8810395"/>
    <tag k="cycleway:both" v="no"/>
    <tag k="highway" v="residential"/>
    <tag k="lanes" v="1"/>
    <tag k="lit" v="yes"/>
    <tag k="lit_by_gaslight" v="yes"/>
    <tag k="name" v="Salvátorská"/>
    <tag k="name:de" v="Salvatorgasse"/>
    <tag k="name:etymology:wikidata" v="Q12031009"/>
    <tag k="name:ru" v="Сальваторская улица"/>
    <tag k="oneway" v="yes"/>
    <tag k="source:name" v="nameit/uir-adr"/>
    <tag k="surface" v="sett"/>
    <tag k="wikidata" v="Q43397063"/>
  </way>
  <way id="4643622">
    <nd ref="25659744"/>
    <nd ref="1225461937"/>
    <nd ref="8810397"/>
    <nd ref="12199735455"/>
    <nd ref="12199735454"/>
    <nd ref="8810398"/>
    <nd ref="1225805045"/>
    <nd ref="8810401"/>
    <tag k="cycleway:both" v="no"/>
    <tag k="highway" v="residential"/>
    <tag k="lanes" v="1"/>
    <tag k="lit" v="yes"/>
    <tag k="lit_by_gaslight" v="yes"/>
    <tag k="maxspeed:type" v="CZ:urban"/>
    <tag k="name" v="Dušní"/>
    <tag k="name:de" v="Geistgasse"/>
    <tag k="name:etymology:wikidata" v="Q2282608"/>
    <tag k="name:ru" v="Душни улица"/>
    <tag k="oneway" v="yes"/>
    <tag k="oneway:bicycle" v="no"/>
    <tag k="sidewalk:both" v="separate"/>
    <tag k="source:name" v="nameit/uir-adr"/>
    <tag k="surface" v="sett"/>
    <tag k="wikidata" v="Q23770370"/>
  </way>
  <way id="4643625">
    <nd ref="25655137"/>
    <nd ref="290931398"/>
    <nd ref="1399998581"/>
    <tag k="highway" v="residential"/>
    <tag k="lane_markings" v="no"/>
    <tag k="lit" v="yes"/>
    <tag k="maxspeed" v="50"/>
    <tag k="name" v="Senovážná"/>
    <tag k="name:de" v="Heuwaagsgasse"/>
    <tag k="oneway" v="yes"/>
    <tag k="sidewalk:both" v="separate"/>
    <tag k="source:maxspeed" v="CZ:urban"/>
    <tag k="surface" v="sett"/>
  </way>
  <way id="4643645">
    <nd ref="13162196640"/>
    <nd ref="13577991107"/>
    <nd ref="7948996016"/>
    <nd ref="1419888529"/>
    <nd ref="12526458136"/>
    <nd ref="4599585953"/>
    <nd ref="25658261"/>
    <nd ref="354967335"/>
    <nd ref="25657014"/>
    <tag k="carriage" v="no"/>
    <tag k="cycleway:both" v="no"/>
    <tag k="highway" v="residential"/>
    <tag k="lanes" v="1"/>
    <tag k="lit" v="yes"/>
    <tag k="maxspeed" v="50"/>
    <tag k="motor_vehicle" v="destination"/>
    <tag k="name" v="Perlová"/>
    <tag k="name:cs" v="Perlová"/>
    <tag k="name:de" v="Perlgasse"/>
    <tag k="name:ru" v="улица Перлова"/>
    <tag k="oneway" v="yes"/>
    <tag k="parking:both" v="separate"/>
    <tag k="sidewalk:both" v="separate"/>
    <tag k="smoothness" v="good"/>
    <tag k="surface" v="asphalt"/>
    <tag k="wikidata" v="Q43393949"/>
    <tag k="wikimedia_commons" v="Category:Perlová (Prague)"/>
    <tag k="wikipedia" v="cs:Perlová"/>
  </way>
  <way id="4643647">
    <nd ref="25657014"/>
    <nd ref="1990844651"/>
    <nd ref="333347552"/>
    <nd ref="12526458138"/>
    <nd ref="25657071"/>
    <tag k="highway" v="residential"/>
    <tag k="lanes" v="2"/>
    <tag k="lit" v="yes"/>
    <tag k="lit_by_gaslight" v="yes"/>
    <tag k="maxspeed" v="50"/>
    <tag k="name" v="Uhelný trh"/>
    <tag k="name:de" v="Kohlenmarkt"/>
    <tag k="name:ru" v="Угольный рынок"/>
    <tag k="sidewalk:both" v="separate"/>
    <tag k="surface" v="asphalt"/>
  </way>
  <way id="4643652">
    <nd ref="25658616"/>
    <nd ref="9556813609"/>
    <nd ref="26424076"/>
    <nd ref="12055495229"/>
    <tag k="bicycle" v="yes"/>
    <tag k="foot" v="yes"/>
    <tag k="highway" v="living_street"/>
    <tag k="lanes" v="1"/>
    <tag k="lit" v="yes"/>
    <tag k="lit_by_gaslight" v="yes"/>
    <tag k="maxspeed" v="20"/>
    <tag k="motor_vehicle" v="destination"/>
    <tag k="name" v="Vejvodova"/>
    <tag k="oneway" v="no"/>
    <tag k="parking:both" v="no"/>
    <tag k="sidewalk" v="both"/>
    <tag k="sidewalk:both:surface" v="sett"/>
    <tag k="surface" v="sett"/>
  </way>
  <way id="4646433">
    <nd ref="8398007318"/>
    <nd ref="8408926658"/>
    <nd ref="8408926641"/>
    <nd ref="8408926659"/>
    <nd ref="8408926660"/>
    <nd ref="8408926638"/>
    <tag k="bicycle" v="no"/>
    <tag k="cycleway:right" v="no"/>
    <tag k="highway" v="secondary_link"/>
    <tag k="lanes" v="1"/>
    <tag k="lit" v="yes"/>
    <tag k="maxspeed" v="50"/>
    <tag k="oneway" v="yes"/>
    <tag k="parking:both" v="no"/>
    <tag k="sidewalk:left" v="no"/>
    <tag k="sidewalk:right" v="separate"/>
    <tag k="source:maxspeed" v="CZ:urban"/>
    <tag k="surface" v="sett"/>
  </way>
  <way id="4646434">
    <nd ref="8810413"/>
    <nd ref="1251663061"/>
    <nd ref="3515697542"/>
    <nd ref="3515697534"/>
    <nd ref="25661061"/>
    <nd ref="5758218765"/>
    <nd ref="25660750"/>
    <tag k="access" v="destination"/>
    <tag k="highway" v="residential"/>
    <tag k="lane_markings" v="no"/>
    <tag k="maxspeed" v="50"/>
    <tag k="name" v="Benediktská"/>
    <tag k="name:de" v="Benediktinergasse"/>
    <tag k="oneway" v="yes"/>
    <tag k="parking:left" v="no"/>
    <tag k="parking:right" v="separate"/>
    <tag k="sidewalk:both" v="separate"/>
    <tag k="source:maxspeed" v="CZ:urban"/>
    <tag k="surface" v="sett"/>
    <tag k="wikidata" v="Q24826297"/>
  </way>
  <way id="4646435">
    <nd ref="26517594"/>
    <nd ref="1225805130"/>
    <nd ref="26517598"/>
    <nd ref="13375539996"/>
    <nd ref="26517601"/>
    <tag k="highway" v="living_street"/>
    <tag k="lanes" v="1"/>
    <tag k="maxspeed" v="20"/>
    <tag k="name" v="Rámová"/>
    <tag k="oneway" v="yes"/>
    <tag k="source:name" v="nameit/uir-adr"/>
    <tag k="surface" v="sett"/>
    <tag k="wikidata" v="Q43397009"/>
  </way>
  <way id="4646436">
    <nd ref="7040618870"/>
    <nd ref="1225805021"/>
    <nd ref="1407012527"/>
    <tag k="highway" v="residential"/>
    <tag k="lane_markings" v="no"/>
    <tag k="maxspeed" v="50"/>
    <tag k="name" v="Masná"/>
    <tag k="name:de" v="Fleischmarktgasse"/>
    <tag k="name:ru" v="Мясная улица"/>
    <tag k="oneway" v="yes"/>
    <tag k="sidewalk:both" v="separate"/>
    <tag k="source:maxspeed" v="CZ:urban"/>
    <tag k="source:name" v="nameit/uir-adr"/>
    <tag k="surface" v="sett"/>
    <tag k="wikidata" v="Q43388883"/>
  </way>
  <way id="4646507">
    <nd ref="26424104"/>
    <nd ref="8603725846"/>
    <nd ref="333347713"/>
    <nd ref="26424079"/>
    <tag k="bicycle" v="no"/>
    <tag k="foot" v="yes"/>
    <tag k="highway" v="living_street"/>
    <tag k="maxspeed" v="20"/>
    <tag k="motor_vehicle" v="destination"/>
    <tag k="name" v="V Kotcích"/>
    <tag k="name:pl" v="W Kojcach"/>
    <tag k="surface" v="sett"/>
  </way>
  <way id="4648393">
    <nd ref="25673297"/>
    <nd ref="4864226673"/>
    <nd ref="13274162018"/>
    <nd ref="13274162042"/>
    <nd ref="13274162020"/>
    <nd ref="25673299"/>
    <tag k="highway" v="living_street"/>
    <tag k="lanes" v="1"/>
    <tag k="lit" v="yes"/>
    <tag k="maxspeed" v="20"/>
    <tag k="name" v="Dražického"/>
    <tag k="name:de" v="Dražický-Gasse"/>
    <tag k="oneway" v="yes"/>
    <tag k="oneway:bicycle" v="yes"/>
    <tag k="surface" v="sett"/>
  </way>
  <way id="4648394">
    <nd ref="25671784"/>
    <nd ref="299707642"/>
    <tag k="highway" v="residential"/>
    <tag k="lanes" v="1"/>
    <tag k="lit" v="yes"/>
    <tag k="name" v="Nosticova"/>
    <tag k="sidewalk" v="right"/>
    <tag k="sidewalk:right:surface" v="sett"/>
    <tag k="surface" v="sett"/>
  </way>
  <way id="4648399">
    <nd ref="25673516"/>
    <nd ref="299707677"/>
    <nd ref="25673529"/>
    <tag k="highway" v="residential"/>
    <tag k="lanes" v="1"/>
    <tag k="lit" v="yes"/>
    <tag k="motor_vehicle" v="destination"/>
    <tag k="name" v="Lázeňská"/>
    <tag k="name:de" v="Badgasse"/>
    <tag k="sidewalk:both" v="separate"/>
    <tag k="sidewalk:both:surface" v="sett"/>
    <tag k="surface" v="sett"/>
    <tag k="width" v="5"/>
  </way>
  <way id="4690283">
    <nd ref="1400002842"/>
    <nd ref="25658609"/>
    <tag k="highway" v="residential"/>
    <tag k="lane_markings" v="no"/>
    <tag k="name" v="Anenská"/>
    <tag k="name:de" v="Annengasse"/>
    <tag k="oneway" v="yes"/>
    <tag k="oneway:bicycle" v="yes"/>
    <tag k="sidewalk" v="right"/>
    <tag k="sidewalk:right:surface" v="sett"/>
    <tag k="source:name" v="nameit/uir-adr"/>
    <tag k="surface" v="sett"/>
  </way>
  <way id="4690285">
    <nd ref="12895561961"/>
    <nd ref="13686072805"/>
    <nd ref="12895561963"/>
    <nd ref="13686072820"/>
    <nd ref="13686072821"/>
    <nd ref="338636015"/>
    <nd ref="299047174"/>
    <nd ref="25658606"/>
    <nd ref="1400002839"/>
    <tag k="bicycle" v="yes"/>
    <tag k="foot" v="yes"/>
    <tag k="highway" v="residential"/>
    <tag k="lane_markings" v="no"/>
    <tag k="lit" v="yes"/>
    <tag k="maxspeed:type" v="CZ:urban"/>
    <tag k="motor_vehicle" v="destination"/>
    <tag k="name" v="Na Zábradlí"/>
    <tag k="official_name" v="Na zábradlí"/>
    <tag k="oneway" v="yes"/>
    <tag k="oneway:bicycle" v="yes"/>
    <tag k="parking:both" v="no"/>
    <tag k="ref:ruian:street" v="460338"/>
    <tag k="sidewalk" v="both"/>
    <tag k="surface" v="sett"/>
  </way>
  <way id="4690433">
    <nd ref="6490559355"/>
    <nd ref="1289267287"/>
    <nd ref="1016303355"/>
    <nd ref="5622292072"/>
    <nd ref="5066698469"/>
    <nd ref="26517908"/>
    <tag k="cycleway:both" v="no"/>
    <tag k="highway" v="residential"/>
    <tag k="lanes" v="2"/>
    <tag k="lit" v="yes"/>
    <tag k="maxspeed:type" v="CZ:urban"/>
    <tag k="name" v="Pařížská"/>
    <tag k="name:be" v="Парыжская вуліца"/>
    <tag k="name:de" v="Pariser Straße"/>
    <tag k="name:etymology:wikidata" v="Q90"/>
    <tag k="name:ja" v="パジージェスカー"/>
    <tag k="name:ru" v="Парижская улица"/>
    <tag k="name:zh" v="巴黎大街"/>
    <tag k="parking:both" v="no"/>
    <tag k="parking:right" v="no"/>
    <tag k="sidewalk" v="separate"/>
    <tag k="smoothness" v="excellent"/>
    <tag k="surface" v="asphalt"/>
    <tag k="wikidata" v="Q6810086"/>
    <tag k="wikimedia_commons" v="Category:Pařížská (Prague)"/>
    <tag k="wikipedia" v="cs:Pařížská (Praha)"/>
  </way>
  <way id="4704646">
    <nd ref="25691395"/>
    <nd ref="25691381"/>
    <nd ref="25691366"/>
    <nd ref="11283590735"/>
    <nd ref="11283590736"/>
    <nd ref="25691351"/>
    <nd ref="11283590737"/>
    <nd ref="12202012380"/>
    <nd ref="25691336"/>
    <tag k="highway" v="residential"/>
    <tag k="lit" v="yes"/>
    <tag k="maxspeed" v="30"/>
    <tag k="maxspeed:type" v="CZ:zone30"/>
    <tag k="name" v="Mickiewiczova"/>
    <tag k="name:etymology:wikidata" v="Q79822"/>
    <tag k="oneway" v="yes"/>
    <tag k="oneway:bicycle" v="no"/>
    <tag k="sidewalk:both" v="separate"/>
    <tag k="surface" v="asphalt"/>
    <tag k="wikidata" v="Q43388959"/>
    <tag k="wikimedia_commons" v="Category:Mickiewiczova (Prague)"/>
    <tag k="zone:maxspeed" v="30"/>
  </way>
  <way id="4819693">
    <nd ref="9187811"/>
    <nd ref="1251645240"/>
    <nd ref="1016303679"/>
    <nd ref="9187812"/>
    <tag k="cycleway:both" v="no"/>
    <tag k="highway" v="residential"/>
    <tag k="lanes" v="1"/>
    <tag k="lit" v="yes"/>
    <tag k="maxspeed:type" v="CZ:urban"/>
    <tag k="name" v="Valentinská"/>
    <tag k="name:de" v="Valentinsgasse"/>
    <tag k="name:ru" v="Валентинская улица"/>
    <tag k="oneway" v="yes"/>
    <tag k="parking:both" v="separate"/>
    <tag k="sidewalk:both" v="separate"/>
    <tag k="smoothness" v="excellent"/>
    <tag k="surface" v="asphalt"/>
    <tag k="wikidata" v="Q26897384"/>
    <tag k="wikimedia_commons" v="Category:Valentinská (Prague)"/>
    <tag k="wikipedia" v="cs:Valentinská (Praha)"/>
  </way>
  <way id="4820233">
    <nd ref="30975606"/>
    <nd ref="30975605"/>
    <tag k="access:conditional" v="yes @ (weight&lt;20)"/>
    <tag k="bridge" v="yes"/>
    <tag k="bridge:structure" v="arch"/>
    <tag k="check_date:cycleway" v="2022-11-11"/>
    <tag k="cycleway:both" v="no"/>
    <tag k="highway" v="residential"/>
    <tag k="lanes" v="2"/>
    <tag k="layer" v="1"/>
    <tag k="lit" v="yes"/>
    <tag k="maxspeed:type" v="CZ:urban"/>
    <tag k="maxweight" v="20"/>
    <tag k="name" v="Mánesův most"/>
    <tag k="name:cs" v="Mánesův most"/>
    <tag k="name:cy" v="Pont Mánesův"/>
    <tag k="name:de" v="Mánes-Brücke"/>
    <tag k="name:etymology:wikidata" v="Q955415"/>
    <tag k="name:ru" v="Манесов мост"/>
    <tag k="old_name:de" v="Franz-Ferdinand-Brücke"/>
    <tag k="shoulder" v="no"/>
    <tag k="sidewalk" v="separate"/>
    <tag k="smoothness" v="good"/>
    <tag k="surface" v="asphalt"/>
  </way>
  <way id="4820234">
    <nd ref="30975605"/>
    <nd ref="310161329"/>
    <nd ref="8533357141"/>
    <nd ref="8533357142"/>
    <nd ref="8533357143"/>
    <nd ref="8533357140"/>
    <nd ref="1265638063"/>
    <nd ref="8533357139"/>
    <nd ref="7400110690"/>
    <nd ref="8533357138"/>
    <nd ref="8533357137"/>
    <nd ref="7400110689"/>
    <nd ref="8533357136"/>
    <nd ref="8533357135"/>
    <nd ref="21266465"/>
    <tag k="cycleway:both" v="no"/>
    <tag k="highway" v="residential"/>
    <tag k="lanes" v="2"/>
    <tag k="lit" v="yes"/>
    <tag k="maxspeed:type" v="CZ:urban"/>
    <tag k="name" v="Mánesův most"/>
    <tag k="name:de" v="Manes-Brücke"/>
    <tag k="name:ru" v="Манесов мост"/>
    <tag k="old_name:de" v="Franz-Ferdinand-Brücke"/>
    <tag k="sidewalk" v="separate"/>
    <tag k="smoothness" v="intermediate"/>
    <tag k="surface" v="sett"/>
  </way>
  <way id="4820235">
    <nd ref="25691465"/>
    <nd ref="5264758978"/>
    <nd ref="5264758976"/>
    <tag k="highway" v="residential"/>
    <tag k="lit" v="yes"/>
    <tag k="maxspeed" v="30"/>
    <tag k="maxspeed:type" v="CZ:zone30"/>
    <tag k="name" v="K Brusce"/>
    <tag k="name:de" v="Sandtorstraße"/>
    <tag k="oneway" v="yes"/>
    <tag k="parking:both" v="separate"/>
    <tag k="sidewalk" v="right"/>
    <tag k="surface" v="asphalt"/>
    <tag k="zone:maxspeed" v="30"/>
  </way>
  <way id="4820236">
    <nd ref="25691449"/>
    <nd ref="243494263"/>
    <nd ref="5264758977"/>
    <tag k="highway" v="residential"/>
    <tag k="lit" v="yes"/>
    <tag k="maxspeed" v="30"/>
    <tag k="maxspeed:type" v="CZ:zone30"/>
    <tag k="name" v="Park Charlotty Garrigue Masarykové"/>
    <tag k="name:etymology:wikidata" v="Q3490671"/>
    <tag k="oneway" v="yes"/>
    <tag k="sidewalk:left" v="no"/>
    <tag k="sidewalk:right" v="separate"/>
    <tag k="sorting_name" v="Charlotty Garrigue Masarykové"/>
    <tag k="surface" v="sett"/>
    <tag k="zone:maxspeed" v="30"/>
  </way>
  <way id="4929814">
    <nd ref="25671792"/>
    <nd ref="317918721"/>
    <nd ref="13520419979"/>
    <nd ref="10745030542"/>
    <nd ref="1245320070"/>
    <nd ref="4698155711"/>
    <nd ref="21711417"/>
    <tag k="highway" v="residential"/>
    <tag k="lanes" v="2"/>
    <tag k="lit" v="yes"/>
    <tag k="maxspeed:type" v="CZ:urban"/>
    <tag k="name" v="Hellichova"/>
    <tag k="sidewalk" v="both"/>
    <tag k="sidewalk:both:surface" v="sett"/>
    <tag k="smoothness" v="good"/>
    <tag k="surface" v="asphalt"/>
  </way>
  <way id="7654224">
    <nd ref="25657274"/>
    <nd ref="11353743269"/>
    <nd ref="3948265348"/>
    <nd ref="7948996018"/>
    <nd ref="315520815"/>
    <nd ref="315520814"/>
    <nd ref="6328980222"/>
    <nd ref="12526458134"/>
    <nd ref="25657786"/>
    <nd ref="4599585949"/>
    <nd ref="4599585952"/>
    <nd ref="13577991108"/>
    <nd ref="13162196642"/>
    <tag k="alt_name" v="Národní třída"/>
    <tag k="check_date" v="2025-07-24"/>
    <tag k="check_date:smoothness" v="2025-07-24"/>
    <tag k="cycleway:both" v="no"/>
    <tag k="highway" v="residential"/>
    <tag k="lanes" v="2"/>
    <tag k="lit" v="yes"/>
    <tag k="maxspeed" v="50"/>
    <tag k="name" v="Národní"/>
    <tag k="name:de" v="Nationalallee"/>
    <tag k="name:ru" v="Национальный проспект"/>
    <tag k="oneway" v="no"/>
    <tag k="overtaking" v="no"/>
    <tag k="parking:both" v="separate"/>
    <tag k="sidewalk" v="separate"/>
    <tag k="smoothness" v="excellent"/>
    <tag k="surface" v="asphalt"/>
    <tag k="wikidata" v="Q2993762"/>
    <tag k="wikimedia_commons" v="Category:Národní (Prague)"/>
    <tag k="wikipedia" v="cs:Národní (Praha)"/>
  </way>
  <way id="8069205">
    <nd ref="21711391"/>
    <nd ref="4691199496"/>
    <nd ref="371082765"/>
    <tag k="cycleway:both" v="no"/>
    <tag k="highway" v="residential"/>
    <tag k="lane_markings" v="no"/>
    <tag k="lanes" v="2"/>
    <tag k="lit" v="yes"/>
    <tag k="maxspeed:type" v="CZ:urban"/>
    <tag k="name" v="U Lužického semináře"/>
    <tag k="name:cs" v="U Lužického semináře"/>
    <tag k="name:de" v="Zum Lausitzer Seminar"/>
    <tag k="name:etymology:wikidata" v="Q160739"/>
    <tag k="oneway" v="no"/>
    <tag k="sidewalk:both" v="separate"/>
    <tag k="surface" v="sett"/>
  </way>
  <way id="8069206">
    <nd ref="25685544"/>
    <nd ref="9297251801"/>
    <nd ref="9297251800"/>
    <nd ref="1302564509"/>
    <nd ref="25673346"/>
    <tag k="carriage" v="no"/>
    <tag k="highway" v="living_street"/>
    <tag k="lanes" v="1"/>
    <tag k="lit" v="yes"/>
    <tag k="maxspeed" v="20"/>
    <tag k="name" v="U Lužického semináře"/>
    <tag k="name:cs" v="U Lužického semináře"/>
    <tag k="name:de" v="Zum Lausitzer Seminar"/>
    <tag k="name:etymology:wikidata" v="Q160739"/>
    <tag k="oneway" v="no"/>
    <tag k="surface" v="sett"/>
  </way>
  <way id="8070339">
    <nd ref="8810028"/>
    <nd ref="1548825861"/>
    <nd ref="1289267284"/>
    <nd ref="4691199610"/>
    <nd ref="8810384"/>
    <tag k="cycleway:both" v="no"/>
    <tag k="highway" v="residential"/>
    <tag k="lanes" v="2"/>
    <tag k="lit" v="yes"/>
    <tag k="maxspeed" v="50"/>
    <tag k="name" v="Břehová"/>
    <tag k="name:etymology:wikidata" v="Q468756"/>
    <tag k="sidewalk" v="separate"/>
    <tag k="smoothness" v="good"/>
    <tag k="source:name" v="nameit/uir-adr"/>
    <tag k="surface" v="asphalt"/>
    <tag k="wikidata" v="Q22369425"/>
  </way>
  <way id="9569861">
    <nd ref="4323841226"/>
    <nd ref="21257784"/>
    <tag k="cycleway:right" v="no"/>
    <tag k="highway" v="residential"/>
    <tag k="lanes" v="1"/>
    <tag k="lit" v="yes"/>
    <tag k="maxspeed" v="50"/>
    <tag k="name" v="Klárov"/>
    <tag k="name:etymology" v="Alois Klar"/>
    <tag k="name:etymology:wikidata" v="Q176445"/>
    <tag k="oneway" v="yes"/>
    <tag k="sidewalk:left" v="no"/>
    <tag k="sidewalk:right" v="separate"/>
    <tag k="source:maxspeed" v="CZ:urban"/>
    <tag k="surface" v="sett"/>
    <tag k="wikidata" v="Q12029502"/>
    <tag k="wikimedia_commons" v="Category:Klárov"/>
    <tag k="wikipedia" v="cs:Klárov"/>
  </way>
  <way id="9569869">
    <nd ref="21711391"/>
    <nd ref="8399507204"/>
    <nd ref="8399507205"/>
    <nd ref="8399507206"/>
    <nd ref="21713480"/>
    <tag k="highway" v="residential"/>
    <tag k="lane_markings" v="no"/>
    <tag k="lit" v="yes"/>
    <tag k="maxspeed" v="50"/>
    <tag k="noname" v="yes"/>
    <tag k="parking:both" v="no"/>
    <tag k="sidewalk:left" v="no"/>
    <tag k="sidewalk:right" v="separate"/>
    <tag k="smoothness" v="bad"/>
    <tag k="source:maxspeed" v="CZ:urban"/>
    <tag k="surface" v="sett"/>
  </way>
  <way id="9580213">
    <nd ref="25655129"/>
    <nd ref="1417496268"/>
    <nd ref="4787480645"/>
    <nd ref="4751509125"/>
    <tag k="cycleway" v="shared_lane"/>
    <tag k="highway" v="residential"/>
    <tag k="lanes" v="2"/>
    <tag k="lit" v="yes"/>
    <tag k="maxspeed" v="50"/>
    <tag k="name" v="Hybernská"/>
    <tag k="name:de" v="Hibernergasse"/>
    <tag k="name:etymology:wikidata" v="Q15906229"/>
    <tag k="name:etymology:wikipedia" v="cs:Hyberni"/>
    <tag k="note" v="obousměrnost explicitně vyznačena DZ"/>
    <tag k="oneway" v="no"/>
    <tag k="parking:both" v="separate"/>
    <tag k="sidewalk:both" v="separate"/>
    <tag k="source:maxspeed" v="CZ:urban"/>
    <tag k="surface" v="asphalt"/>
  </way>
  <way id="9681033">
    <nd ref="9983242931"/>
    <nd ref="1836309233"/>
    <tag k="cycleway:left" v="soft_lane"/>
    <tag k="cycleway:right" v="soft_lane"/>
    <tag k="highway" v="tertiary"/>
    <tag k="lanes" v="2"/>
    <tag k="lanes:backward" v="2"/>
    <tag k="lanes:forward" v="1"/>
    <tag k="lit" v="yes"/>
    <tag k="maxspeed" v="50"/>
    <tag k="name" v="Dvořákovo nábřeží"/>
    <tag k="name:ru" v="набережная Дворжака"/>
    <tag k="surface" v="sett"/>
    <tag k="wikidata" v="Q24052087"/>
  </way>
  <way id="10106559">
    <nd ref="26517425"/>
    <nd ref="282762578"/>
    <nd ref="6769129967"/>
    <tag k="bicycle" v="designated"/>
    <tag k="cycleway:both" v="no"/>
    <tag k="highway" v="residential"/>
    <tag k="lane_markings" v="no"/>
    <tag k="lit" v="yes"/>
    <tag k="motor_vehicle" v="private"/>
    <tag k="name" v="Na Poříčí"/>
    <tag k="name:de" v="Porschitzer Straße"/>
    <tag k="parking:both" v="no"/>
    <tag k="psv" v="yes"/>
    <tag k="sidewalk" v="both"/>
    <tag k="sidewalk:both:surface" v="paving_stones"/>
    <tag k="smoothness" v="intermediate"/>
    <tag k="source" v="Bing;cuzk"/>
    <tag k="surface" v="sett"/>
    <tag k="width" v="5"/>
  </way>
  <way id="12211556">
    <nd ref="6068060658"/>
    <nd ref="14063580111"/>
    <tag k="check_date" v="2025-08-22"/>
    <tag k="highway" v="residential"/>
    <tag k="lane_markings" v="no"/>
    <tag k="lit" v="yes"/>
    <tag k="maxspeed" v="30"/>
    <tag k="maxspeed:type" v="CZ:urban"/>
    <tag k="name" v="Václavské náměstí"/>
    <tag k="name:be" v="Вацлаўская плошча"/>
    <tag k="name:de" v="Wenzelsplatz"/>
    <tag k="name:en" v="Wenceslas Square"/>
    <tag k="name:eo" v="Venceslaa Placo"/>
    <tag k="name:es" v="Plaza de Wenceslao"/>
    <tag k="name:etymology:wikidata" v="Q196527"/>
    <tag k="name:fr" v="Place Venceslas"/>
    <tag k="name:it" v="Piazza San Venceslao"/>
    <tag k="name:ja" v="ヴァーツラフ広場"/>
    <tag k="name:ko" v="바츨라프 광장"/>
    <tag k="name:mk" v="Вацлавски намести"/>
    <tag k="name:nl" v="Wenceslausplein"/>
    <tag k="name:pl" v="Plac Wacława"/>
    <tag k="name:pt" v="Praça de Venceslau"/>
    <tag k="name:ru" v="Вацлавская площадь"/>
    <tag k="name:uk" v="Вацлавська площа"/>
    <tag k="oneway" v="no"/>
    <tag k="overtaking" v="no"/>
    <tag k="parking:left" v="no"/>
    <tag k="parking:right" v="street_side"/>
    <tag k="parking:right:orientation" v="diagonal"/>
    <tag k="source:maxspeed" v="sign"/>
    <tag k="surface" v="sett"/>
  </way>
  <way id="19967569">
    <nd ref="25655268"/>
    <nd ref="12862721501"/>
    <nd ref="6792406778"/>
    <nd ref="21672756"/>
    <tag k="cycleway:both" v="no"/>
    <tag k="highway" v="residential"/>
    <tag k="lane_markings" v="no"/>
    <tag k="lit" v="no"/>
    <tag k="maxspeed" v="50"/>
    <tag k="name" v="Olivova"/>
    <tag k="name:-1890" v="Sirotčí"/>
    <tag k="name:cs" v="Olivova"/>
    <tag k="name:de" v="Oliva-Gasse"/>
    <tag k="name:note" v="nikoli *olivovÁ"/>
    <tag k="oneway" v="yes"/>
    <tag k="parking:left" v="lane"/>
    <tag k="parking:left:orientation" v="parallel"/>
    <tag k="parking:right" v="no"/>
    <tag k="sidewalk:both" v="separate"/>
    <tag k="source:maxspeed" v="CZ:urban"/>
    <tag k="source:name" v="nameit/uir-adr"/>
    <tag k="subject:wikidata" v="Q10780481"/>
    <tag k="subject:wikipedia" v="cs:Alois Oliva"/>
    <tag k="surface" v="sett"/>
  </way>
  <way id="22699845">
    <nd ref="25691232"/>
    <nd ref="297585613"/>
    <nd ref="3150440242"/>
    <nd ref="25691449"/>
    <tag k="highway" v="residential"/>
    <tag k="lit" v="yes"/>
    <tag k="maxspeed" v="30"/>
    <tag k="maxspeed:type" v="CZ:zone30"/>
    <tag k="name" v="K Brusce"/>
    <tag k="name:de" v="Sandtorstraße"/>
    <tag k="oneway" v="yes"/>
    <tag k="sidewalk:left" v="no"/>
    <tag k="sidewalk:right" v="separate"/>
    <tag k="smoothness" v="intermediate"/>
    <tag k="surface" v="sett"/>
    <tag k="zone:maxspeed" v="30"/>
  </way>
  <way id="22757133">
    <nd ref="25657278"/>
    <nd ref="12497919173"/>
    <nd ref="25657286"/>
    <nd ref="12497919176"/>
    <nd ref="12497919166"/>
    <nd ref="1265671378"/>
    <nd ref="12497919167"/>
    <nd ref="12497919159"/>
    <nd ref="25657298"/>
    <nd ref="12497919161"/>
    <nd ref="12497919160"/>
    <nd ref="25656664"/>
    <nd ref="1636909698"/>
    <tag k="cycleway:both" v="no"/>
    <tag k="embedded_rails" v="tram"/>
    <tag k="highway" v="residential"/>
    <tag k="lanes" v="2"/>
    <tag k="lit" v="yes"/>
    <tag k="maxspeed" v="50"/>
    <tag k="name" v="Spálená"/>
    <tag k="name:de" v="Brenntegasse"/>
    <tag k="oneway" v="yes"/>
    <tag k="oneway:bicycle" v="no"/>
    <tag k="parking:right" v="separate"/>
    <tag k="sidewalk:both" v="separate"/>
    <tag k="smoothness" v="good"/>
    <tag k="source" v="bing;cuzk"/>
    <tag k="surface" v="asphalt"/>
  </way>
  <way id="22757134">
    <nd ref="25657278"/>
    <nd ref="12397357263"/>
    <nd ref="1494140088"/>
    <nd ref="25658248"/>
    <nd ref="12397357260"/>
    <nd ref="282761013"/>
    <tag k="access" v="no"/>
    <tag k="bicycle" v="yes"/>
    <tag k="cycleway:both" v="no"/>
    <tag k="embedded_rails" v="tram"/>
    <tag k="foot" v="yes"/>
    <tag k="highway" v="residential"/>
    <tag k="lanes" v="2"/>
    <tag k="lit" v="yes"/>
    <tag k="maxspeed" v="50"/>
    <tag k="name" v="Spálená"/>
    <tag k="name:de" v="Brenntegasse"/>
    <tag k="psv" v="yes"/>
    <tag k="sidewalk:both" v="separate"/>
    <tag k="smoothness" v="intermediate"/>
    <tag k="source" v="bing;cuzk"/>
    <tag k="surface" v="sett"/>
  </way>
  <way id="22897803">
    <nd ref="8408926638"/>
    <nd ref="4169136127"/>
    <tag k="cycleway:both" v="no"/>
    <tag k="foot" v="no"/>
    <tag k="highway" v="tertiary"/>
    <tag k="lane_markings" v="no"/>
    <tag k="lit" v="yes"/>
    <tag k="maxspeed" v="50"/>
    <tag k="name" v="nábřeží Edvarda Beneše"/>
    <tag k="name:etymology:wikidata" v="Q152274"/>
    <tag k="oneway" v="yes"/>
    <tag k="sidewalk" v="no"/>
    <tag k="source:maxspeed" v="CZ:urban"/>
    <tag k="surface" v="sett"/>
  </way>
  <way id="22897804">
    <nd ref="11257364080"/>
    <nd ref="8397512707"/>
    <nd ref="246515773"/>
    <nd ref="246515774"/>
    <nd ref="8397512717"/>
    <nd ref="8397512716"/>
    <nd ref="246515775"/>
    <nd ref="1306660581"/>
    <nd ref="385212933"/>
    <nd ref="1558131318"/>
    <tag k="cycleway:right" v="no"/>
    <tag k="destination" v="Holešovice"/>
    <tag k="highway" v="secondary_link"/>
    <tag k="lanes" v="1"/>
    <tag k="lit" v="yes"/>
    <tag k="maxspeed" v="50"/>
    <tag k="name" v="nábřeží Edvarda Beneše"/>
    <tag k="name:etymology:wikidata" v="Q152274"/>
    <tag k="oneway" v="yes"/>
    <tag k="sorting_name" v="Edvarda Beneše"/>
    <tag k="source:maxspeed" v="CZ:urban"/>
    <tag k="surface" v="asphalt"/>
    <tag k="wikidata" v="Q43396282"/>
    <tag k="wikimedia_commons" v="Category:Nábřeží Edvarda Beneše"/>
    <tag k="wikipedia" v="cs:Nábřeží Edvarda Beneše"/>
  </way>
  <way id="24580556">
    <nd ref="21672757"/>
    <nd ref="4751509121"/>
    <nd ref="4747975831"/>
    <nd ref="21672758"/>
    <nd ref="5469030594"/>
    <nd ref="2938541855"/>
    <nd ref="10758403482"/>
    <tag k="cycleway:left" v="lane"/>
    <tag k="cycleway:left:lane" v="exclusive"/>
    <tag k="cycleway:left:oneway" v="-1"/>
    <tag k="cycleway:right" v="no"/>
    <tag k="highway" v="residential"/>
    <tag k="lanes" v="1"/>
    <tag k="lit" v="yes"/>
    <tag k="maxspeed" v="50"/>
    <tag k="name" v="Na Příkopě"/>
    <tag k="name:de" v="Graben"/>
    <tag k="oneway" v="yes"/>
    <tag k="oneway:bicycle" v="no"/>
    <tag k="parking:both" v="lane"/>
    <tag k="parking:both:orientation" v="parallel"/>
    <tag k="sidewalk:both" v="separate"/>
    <tag k="smoothness" v="excellent"/>
    <tag k="source:maxspeed" v="CZ:urban"/>
    <tag k="surface" v="asphalt"/>
    <tag k="tourism" v="attraction"/>
    <tag k="wikidata" v="Q1841356"/>
  </way>
  <way id="24580588">
    <nd ref="25658228"/>
    <nd ref="3998872953"/>
    <nd ref="26424079"/>
    <nd ref="1406960691"/>
    <tag k="bicycle" v="yes"/>
    <tag k="foot" v="yes"/>
    <tag k="highway" v="living_street"/>
    <tag k="horse" v="yes"/>
    <tag k="lanes" v="1"/>
    <tag k="lit" v="yes"/>
    <tag k="maxspeed" v="20"/>
    <tag k="motor_vehicle" v="destination"/>
    <tag k="name" v="Melantrichova"/>
    <tag k="name:de" v="Melantrichgasse"/>
    <tag k="name:pl" v="Melantricha"/>
    <tag k="name:ru" v="улица Мелантрихова"/>
    <tag k="note" v="oneway:bicycle=no since 2021"/>
    <tag k="oneway" v="yes"/>
    <tag k="oneway:bicycle" v="no"/>
    <tag k="smoothness" v="intermediate"/>
    <tag k="surface" v="sett"/>
    <tag k="wikidata" v="Q43388905"/>
  </way>
  <way id="24729990">
    <nd ref="268782596"/>
    <nd ref="7874945027"/>
    <nd ref="355722386"/>
    <nd ref="290930511"/>
    <nd ref="4197705957"/>
    <nd ref="268782611"/>
    <tag k="cycleway:both" v="no"/>
    <tag k="highway" v="residential"/>
    <tag k="lane_markings" v="no"/>
    <tag k="maxspeed" v="50"/>
    <tag k="name" v="V Cípu"/>
    <tag k="name:de" v="Zipfel"/>
    <tag k="name:pl" v="W rogu"/>
    <tag k="sidewalk" v="both"/>
    <tag k="source:maxspeed" v="CZ:urban"/>
    <tag k="surface" v="asphalt"/>
    <tag k="vehicle" v="destination"/>
  </way>
  <way id="25715258">
    <nd ref="1245319939"/>
    <nd ref="1307142689"/>
    <nd ref="1245320001"/>
    <tag k="cycleway:both" v="no"/>
    <tag k="highway" v="residential"/>
    <tag k="lane_markings" v="no"/>
    <tag k="lit" v="yes"/>
    <tag k="name" v="Maltézské náměstí"/>
    <tag k="name:de" v="Malteserplatz"/>
    <tag k="sidewalk:both" v="separate"/>
    <tag k="sidewalk:both:surface" v="sett"/>
    <tag k="smoothness" v="bad"/>
    <tag k="surface" v="sett"/>
  </way>
  <way id="25902556">
    <nd ref="25685196"/>
    <nd ref="419866677"/>
    <nd ref="11412581918"/>
    <nd ref="3042183471"/>
    <nd ref="25685195"/>
    <nd ref="3306782860"/>
    <tag k="highway" v="residential"/>
    <tag k="lit" v="yes"/>
    <tag k="name" v="Soukenická"/>
    <tag k="name:de" v="Tuchmachergasse"/>
    <tag k="name:etymology:wikidata" v="Q47012164"/>
    <tag k="oneway" v="yes"/>
    <tag k="sidewalk:both" v="separate"/>
    <tag k="source:name" v="nameit/uir-adr"/>
    <tag k="surface" v="asphalt"/>
  </way>
  <way id="26427953">
    <nd ref="8394248557"/>
    <nd ref="8394236204"/>
    <nd ref="8394236205"/>
    <nd ref="289552335"/>
    <nd ref="289552334"/>
    <nd ref="8394236198"/>
    <nd ref="8394236199"/>
    <nd ref="8394236202"/>
    <nd ref="8394236201"/>
    <nd ref="8394236200"/>
    <nd ref="289552333"/>
    <nd ref="289552332"/>
    <nd ref="289552331"/>
    <nd ref="8394236197"/>
    <nd ref="1016198058"/>
    <nd ref="1016197915"/>
    <nd ref="8394248558"/>
    <nd ref="289552330"/>
    <tag k="bicycle" v="yes"/>
    <tag k="foot" v="yes"/>
    <tag k="highway" v="residential"/>
    <tag k="lane_markings" v="no"/>
    <tag k="lit" v="yes"/>
    <tag k="maxspeed:type" v="CZ:urban"/>
    <tag k="motor_vehicle" v="destination"/>
    <tag k="name" v="Na Baště svatého Tomáše"/>
    <tag k="name:de" v="Bastei des Heiligen Thomas"/>
    <tag k="oneway" v="yes"/>
    <tag k="parking:left" v="no"/>
    <tag k="parking:right" v="separate"/>
    <tag k="short_name" v="Na Baště sv. Tomáše"/>
    <tag k="sidewalk:left" v="separate"/>
    <tag k="sidewalk:right" v="no"/>
    <tag k="source" v="cuzk:km"/>
    <tag k="surface" v="asphalt"/>
    <tag k="wikidata" v="Q43389075"/>
    <tag k="wikimedia_commons" v="Category:Na baště sv. Tomáše"/>
    <tag k="wikipedia" v="cs:Na baště sv. Tomáše"/>
  </way>
  <way id="26427954">
    <nd ref="4323267358"/>
    <nd ref="12151886672"/>
    <nd ref="4323267363"/>
    <nd ref="7726221670"/>
    <nd ref="4323267368"/>
    <nd ref="11618368957"/>
    <tag k="foot" v="no"/>
    <tag k="highway" v="secondary_link"/>
    <tag k="lane_markings" v="no"/>
    <tag k="lanes" v="1"/>
    <tag k="lit" v="yes"/>
    <tag k="maxspeed" v="50"/>
    <tag k="noname" v="yes"/>
    <tag k="oneway" v="yes"/>
    <tag k="sidewalk" v="no"/>
    <tag k="source" v="cuzk:km"/>
    <tag k="source:maxspeed" v="CZ:urban"/>
    <tag k="surface" v="asphalt"/>
  </way>
  <way id="26427955">
    <nd ref="25691336"/>
    <nd ref="12794676954"/>
    <nd ref="1316382277"/>
    <nd ref="12794892945"/>
    <nd ref="289552343"/>
    <nd ref="289552340"/>
    <nd ref="12794892947"/>
    <nd ref="12794892946"/>
    <nd ref="12794892948"/>
    <nd ref="289552337"/>
    <nd ref="382922864"/>
    <nd ref="289552336"/>
    <nd ref="12794676966"/>
    <nd ref="25691381"/>
    <tag k="highway" v="residential"/>
    <tag k="lit" v="yes"/>
    <tag k="maxspeed" v="30"/>
    <tag k="maxspeed:type" v="CZ:zone30"/>
    <tag k="name" v="Na Baště svaté Ludmily"/>
    <tag k="name:de" v="Bastei der Heiligen Ludmila"/>
    <tag k="official_name" v="Na baště sv. Ludmily"/>
    <tag k="oneway" v="yes"/>
    <tag k="sidewalk:left" v="separate"/>
    <tag k="sidewalk:right" v="no"/>
    <tag k="smoothness" v="good"/>
    <tag k="source" v="cuzk:km"/>
    <tag k="surface" v="asphalt"/>
    <tag k="zone:maxspeed" v="30"/>
  </way>
  <way id="26543630">
    <nd ref="25655303"/>
    <nd ref="871339488"/>
    <nd ref="3470882767"/>
    <nd ref="4747985386"/>
    <tag k="embedded_rails" v="tram"/>
    <tag k="highway" v="residential"/>
    <tag k="lane_markings" v="no"/>
    <tag k="lit" v="yes"/>
    <tag k="maxspeed:type" v="CZ:urban"/>
    <tag k="name" v="Vodičkova"/>
    <tag k="name:de" v="Wassergasse"/>
    <tag k="sidewalk:both" v="separate"/>
    <tag k="smoothness" v="bad"/>
    <tag k="surface" v="sett"/>
  </way>
  <way id="26668646">
    <nd ref="25657014"/>
    <nd ref="333347665"/>
    <nd ref="1990844654"/>
    <nd ref="1407012504"/>
    <nd ref="25658228"/>
    <tag k="highway" v="residential"/>
    <tag k="lanes" v="2"/>
    <tag k="lit" v="yes"/>
    <tag k="lit_by_gaslight" v="yes"/>
    <tag k="maxspeed" v="50"/>
    <tag k="motor_vehicle" v="destination"/>
    <tag k="name" v="Rytířská"/>
    <tag k="name:be" v="Рыцарская вуліца"/>
    <tag k="name:de" v="Rittergasse"/>
    <tag k="name:pl" v="Rycerska"/>
    <tag k="name:ru" v="Рыцарская улица"/>
    <tag k="parking:both:access" v="private"/>
    <tag k="parking:both:access:conditional" v="yes @ (06:00-08:00)"/>
    <tag k="parking:both:orientation" v="parallel"/>
    <tag k="parking:both:private" v="residents = 1"/>
    <tag k="sidewalk:both" v="separate"/>
    <tag k="smoothness" v="good"/>
    <tag k="source:name" v="nameit/uir-adr"/>
    <tag k="surface" v="asphalt"/>
  </way>
  <way id="26668651">
    <nd ref="25656959"/>
    <nd ref="1990844668"/>
    <nd ref="333347682"/>
    <nd ref="8507764238"/>
    <nd ref="8510728032"/>
    <nd ref="5075750426"/>
    <tag k="highway" v="living_street"/>
    <tag k="lit" v="yes"/>
    <tag k="maxspeed" v="20"/>
    <tag k="motor_vehicle" v="no"/>
    <tag k="name" v="Havelská"/>
    <tag k="name:de" v="Gallusgasse"/>
    <tag k="name:etymology:wikidata" v="Q180936"/>
    <tag k="sidewalk:left" v="separate"/>
    <tag k="sidewalk:right" v="yes"/>
    <tag k="sidewalk:right:surface" v="sett"/>
    <tag k="surface" v="asphalt"/>
    <tag k="wikidata" v="Q11085427"/>
  </way>
  <way id="26687551">
    <nd ref="25656628"/>
    <nd ref="1014526068"/>
    <tag k="highway" v="residential"/>
    <tag k="lane_markings" v="no"/>
    <tag k="lit" v="yes"/>
    <tag k="name" v="Ostrovní"/>
    <tag k="name:ru" v="Островной переулок"/>
    <tag k="oneway" v="yes"/>
    <tag k="sidewalk" v="both"/>
    <tag k="surface" v="asphalt"/>
  </way>
  <way id="26695003">
    <nd ref="25685111"/>
    <nd ref="1251663054"/>
    <nd ref="292756572"/>
    <nd ref="1251663088"/>
    <nd ref="292756592"/>
    <tag k="highway" v="residential"/>
    <tag k="lane_markings" v="no"/>
    <tag k="lit" v="yes"/>
    <tag k="lit_by_gaslight" v="yes"/>
    <tag k="name" v="Haštalské náměstí"/>
    <tag k="name:de" v="Agnesgasse"/>
    <tag k="name:etymology:wikidata" v="Q12030733"/>
    <tag k="oneway" v="yes"/>
    <tag k="source:name" v="nameit/uir-adr"/>
    <tag k="surface" v="sett"/>
  </way>
  <way id="26695004">
    <nd ref="292756602"/>
    <nd ref="2820088121"/>
    <tag k="highway" v="residential"/>
    <tag k="name" v="Anežská"/>
    <tag k="name:de" v="Agnesgasse"/>
    <tag k="name:etymology:wikidata" v="Q394832"/>
    <tag k="name:ru" v="улица Агнессы"/>
    <tag k="sidewalk" v="both"/>
    <tag k="source:name" v="nameit/uir-adr"/>
    <tag k="surface" v="sett"/>
    <tag k="wikidata" v="Q21188148"/>
  </way>
  <way id="26695006">
    <nd ref="25685108"/>
    <nd ref="315530170"/>
    <tag k="highway" v="residential"/>
    <tag k="horse" v="no"/>
    <tag k="lanes" v="2"/>
    <tag k="motor_vehicle" v="no"/>
    <tag k="name" v="Řásnovka"/>
    <tag k="name:de" v="Schneckengasse"/>
    <tag k="oneway" v="no"/>
    <tag k="source:name" v="nameit/uir-adr"/>
    <tag k="surface" v="sett"/>
    <tag k="wikidata" v="Q29966189"/>
  </way>
  <way id="26695007">
    <nd ref="292756592"/>
    <nd ref="292756633"/>
    <tag k="highway" v="residential"/>
    <tag k="lane_markings" v="no"/>
    <tag k="lit" v="yes"/>
    <tag k="lit_by_gaslight" v="yes"/>
    <tag k="name" v="Haštalské náměstí"/>
    <tag k="name:de" v="Kastalusplatz"/>
    <tag k="name:etymology:wikidata" v="Q12030733"/>
    <tag k="oneway" v="yes"/>
    <tag k="sidewalk" v="both"/>
    <tag k="source:name" v="nameit/uir-adr"/>
    <tag k="surface" v="sett"/>
  </way>
  <way id="26701712">
    <nd ref="25657120"/>
    <nd ref="1414464991"/>
    <nd ref="10716253880"/>
    <nd ref="25657174"/>
    <nd ref="10716276659"/>
    <nd ref="299924934"/>
    <nd ref="25657219"/>
    <nd ref="10695630321"/>
    <nd ref="10716276658"/>
    <nd ref="25657261"/>
    <tag k="cycleway:both" v="no"/>
    <tag k="highway" v="residential"/>
    <tag k="lanes" v="1"/>
    <tag k="lit" v="yes"/>
    <tag k="maxspeed" v="50"/>
    <tag k="name" v="Na Perštýně"/>
    <tag k="name:de" v="Bergsteingasse"/>
    <tag k="name:ru" v="улица На Перштине"/>
    <tag k="oneway" v="yes"/>
    <tag k="oneway:bicycle" v="yes"/>
    <tag k="parking:both" v="lane"/>
    <tag k="parking:left:orientation" v="parallel"/>
    <tag k="parking:left:staggered" v="yes"/>
    <tag k="parking:right:orientation" v="diagonal"/>
    <tag k="sidewalk:both" v="separate"/>
    <tag k="smoothness" v="good"/>
    <tag k="source:name" v="nameit/uir-adr"/>
    <tag k="surface" v="sett"/>
    <tag k="width" v="10"/>
  </way>
  <way id="27122506">
    <nd ref="25685544"/>
    <nd ref="1302564453"/>
    <nd ref="25673335"/>
    <nd ref="25673303"/>
    <tag k="carriage" v="no"/>
    <tag k="highway" v="living_street"/>
    <tag k="lanes" v="1"/>
    <tag k="lit" v="yes"/>
    <tag k="maxspeed" v="20"/>
    <tag k="name" v="U Lužického semináře"/>
    <tag k="name:cs" v="U Lužického semináře"/>
    <tag k="name:de" v="Zum Lausitzer Seminar"/>
    <tag k="name:etymology:wikidata" v="Q160739"/>
    <tag k="oneway" v="yes"/>
    <tag k="sidewalk:both" v="separate"/>
    <tag k="smoothness" v="intermediate"/>
    <tag k="surface" v="sett"/>
    <tag k="width" v="5"/>
  </way>
  <way id="27122509">
    <nd ref="1942701828"/>
    <nd ref="25671881"/>
    <nd ref="299715735"/>
    <nd ref="299715738"/>
    <nd ref="1456123958"/>
    <nd ref="25671893"/>
    <nd ref="12655752130"/>
    <nd ref="299715739"/>
    <tag k="highway" v="residential"/>
    <tag k="lanes" v="1"/>
    <tag k="lit" v="yes"/>
    <tag k="name" v="nábřeží Karla Schwarzenberga"/>
    <tag k="name:etymology:wikidata" v="Q58195"/>
    <tag k="sidewalk" v="no"/>
    <tag k="surface" v="sett"/>
  </way>
  <way id="27122510">
    <nd ref="21266467"/>
    <nd ref="8278444937"/>
    <nd ref="354684479"/>
    <nd ref="12199704302"/>
    <nd ref="1235949507"/>
    <nd ref="25685533"/>
    <tag k="highway" v="residential"/>
    <tag k="lanes" v="2"/>
    <tag k="lit" v="yes"/>
    <tag k="maxspeed:type" v="CZ:urban"/>
    <tag k="name" v="Kosárkovo nábřeží"/>
    <tag k="name:cs" v="Kosárkovo nábřeží"/>
    <tag k="oneway" v="no"/>
    <tag k="sidewalk:both" v="separate"/>
    <tag k="smoothness" v="intermediate"/>
    <tag k="surface" v="sett"/>
  </way>
  <way id="27122514">
    <nd ref="25674773"/>
    <nd ref="1332272473"/>
    <tag k="cycleway:both" v="no"/>
    <tag k="highway" v="residential"/>
    <tag k="lanes" v="1"/>
    <tag k="lit" v="yes"/>
    <tag k="name" v="Říční"/>
    <tag k="name:de" v="Flußgasse"/>
    <tag k="oneway" v="yes"/>
    <tag k="oneway:bicycle" v="no"/>
    <tag k="sidewalk:both" v="separate"/>
    <tag k="surface" v="sett"/>
  </way>
  <way id="27122515">
    <nd ref="25674652"/>
    <nd ref="13521593690"/>
    <nd ref="1014525864"/>
    <nd ref="6485447498"/>
    <nd ref="172517"/>
    <tag k="highway" v="residential"/>
    <tag k="lanes" v="1"/>
    <tag k="lit" v="yes"/>
    <tag k="maxspeed" v="30"/>
    <tag k="name" v="Šeříková"/>
    <tag k="oneway" v="yes"/>
    <tag k="oneway:bicycle" v="no"/>
    <tag k="parking:both" v="separate"/>
    <tag k="sidewalk:both" v="separate"/>
    <tag k="smoothness" v="intermediate"/>
    <tag k="source:maxspeed" v="CZ:zone:30"/>
    <tag k="surface" v="sett"/>
  </way>
  <way id="27122521">
    <nd ref="25674704"/>
    <nd ref="6485447493"/>
    <nd ref="1014526319"/>
    <nd ref="26269789"/>
    <nd ref="9971724766"/>
    <nd ref="298867575"/>
    <tag k="bus" v="no"/>
    <tag k="highway" v="residential"/>
    <tag k="lanes" v="1"/>
    <tag k="lit" v="yes"/>
    <tag k="maxweight" v="3.5"/>
    <tag k="name" v="Malostranské nábřeží"/>
    <tag k="sidewalk:both" v="separate"/>
    <tag k="sidewalk:both:surface" v="sett"/>
    <tag k="surface" v="sett"/>
  </way>
  <way id="27123401">
    <nd ref="25691398"/>
    <nd ref="4387182945"/>
    <nd ref="6579890315"/>
    <nd ref="350564274"/>
    <nd ref="25691404"/>
    <tag k="highway" v="residential"/>
    <tag k="maxspeed" v="30"/>
    <tag k="maxspeed:type" v="CZ:zone30"/>
    <tag k="name" v="U Písecké brány"/>
    <tag k="name:de" v="Beim Sandtor"/>
    <tag k="oneway" v="yes"/>
    <tag k="sidewalk:left" v="yes"/>
    <tag k="sidewalk:right" v="separate"/>
    <tag k="surface" v="sett"/>
    <tag k="zone:maxspeed" v="30"/>
  </way>
  <way id="27123402">
    <nd ref="354901627"/>
    <nd ref="297583498"/>
    <nd ref="13125360025"/>
    <nd ref="297583500"/>
    <nd ref="7044807108"/>
    <nd ref="7044806073"/>
    <nd ref="7044807093"/>
    <nd ref="297583496"/>
    <tag k="highway" v="residential"/>
    <tag k="lit" v="yes"/>
    <tag k="maxspeed" v="30"/>
    <tag k="maxspeed:type" v="CZ:zone30"/>
    <tag k="name" v="U Letohrádku královny Anny"/>
    <tag k="name:de" v="Beim Lustschlösschen der Königin Anna"/>
    <tag k="sidewalk:left" v="separate"/>
    <tag k="sidewalk:right" v="no"/>
    <tag k="surface" v="asphalt"/>
    <tag k="zone:maxspeed" v="30"/>
  </way>
  <way id="27123622">
    <nd ref="297585947"/>
    <nd ref="12921124032"/>
    <nd ref="12811598366"/>
    <nd ref="12811598369"/>
    <nd ref="297585946"/>
    <nd ref="12811598367"/>
    <nd ref="297585945"/>
    <nd ref="12811598368"/>
    <nd ref="12939567407"/>
    <nd ref="297585944"/>
    <nd ref="12939567406"/>
    <nd ref="12939567404"/>
    <nd ref="297585943"/>
    <nd ref="12939567405"/>
    <nd ref="12202055535"/>
    <nd ref="12939567403"/>
    <nd ref="297585942"/>
    <tag k="highway" v="residential"/>
    <tag k="lit" v="yes"/>
    <tag k="maxspeed" v="30"/>
    <tag k="maxspeed:type" v="CZ:zone30"/>
    <tag k="name" v="Na Baště svatého Jiří"/>
    <tag k="name:de" v="Bastei des Heiligen Georg"/>
    <tag k="official_name" v="Na baště sv. Jiří"/>
    <tag k="oneway" v="yes"/>
    <tag k="sidewalk:left" v="separate"/>
    <tag k="sidewalk:right" v="no"/>
    <tag k="surface" v="asphalt"/>
    <tag k="zone:maxspeed" v="30"/>
  </way>
  <way id="27204579">
    <nd ref="10703813"/>
    <nd ref="1030966567"/>
    <tag k="cycleway" v="shared_lane"/>
    <tag k="highway" v="residential"/>
    <tag k="lanes" v="1"/>
    <tag k="maxspeed" v="50"/>
    <tag k="name" v="Betlémská"/>
    <tag k="name:de" v="Bethlehemsgasse"/>
    <tag k="oneway" v="yes"/>
    <tag k="sidewalk:both" v="separate"/>
    <tag k="source:name" v="nameit/uir-adr"/>
    <tag k="surface" v="asphalt"/>
    <tag k="wikidata" v="Q21505974"/>
  </way>
  <way id="27231314">
    <nd ref="298861630"/>
    <nd ref="12199641775"/>
    <nd ref="12199641776"/>
    <nd ref="298861634"/>
    <nd ref="298861636"/>
    <nd ref="9864621192"/>
    <nd ref="298861639"/>
    <tag k="highway" v="residential"/>
    <tag k="lanes" v="1"/>
    <tag k="maxspeed" v="50"/>
    <tag k="name" v="Boršov"/>
    <tag k="surface" v="sett"/>
    <tag k="wikidata" v="Q21698637"/>
  </way>
  <way id="27231316">
    <nd ref="298861642"/>
    <nd ref="12197773567"/>
    <nd ref="10543087664"/>
    <nd ref="12197773568"/>
    <nd ref="25658457"/>
    <tag k="cycleway:both" v="no"/>
    <tag k="highway" v="residential"/>
    <tag k="lane_markings" v="no"/>
    <tag k="lanes" v="1"/>
    <tag k="lit" v="yes"/>
    <tag k="name" v="Krocínova"/>
    <tag k="name:de" v="Bartholomäi Gasse"/>
    <tag k="oneway" v="no"/>
    <tag k="sidewalk:both" v="separate"/>
    <tag k="source:name" v="nameit/uir-adr"/>
    <tag k="surface" v="sett"/>
    <tag k="wikidata" v="Q43388512"/>
  </way>
  <way id="27231317">
    <nd ref="25657956"/>
    <nd ref="1265637971"/>
    <nd ref="12197757466"/>
    <nd ref="25657954"/>
    <nd ref="12197757465"/>
    <nd ref="1265637987"/>
    <nd ref="25657949"/>
    <nd ref="431263231"/>
    <nd ref="314789632"/>
    <nd ref="13184534967"/>
    <nd ref="13184534968"/>
    <nd ref="13184534948"/>
    <nd ref="10695630320"/>
    <nd ref="314789639"/>
    <nd ref="9297251797"/>
    <nd ref="25657937"/>
    <tag k="highway" v="residential"/>
    <tag k="lanes" v="1"/>
    <tag k="maxspeed" v="50"/>
    <tag k="name" v="Konviktská"/>
    <tag k="name:de" v="Konviktgasse"/>
    <tag k="name:etymology:wikidata" v="Q21428422"/>
    <tag k="oneway" v="yes"/>
    <tag k="oneway:bicycle" v="yes"/>
    <tag k="parking:left" v="no"/>
    <tag k="parking:right" v="separate"/>
    <tag k="sidewalk" v="both"/>
    <tag k="source:name" v="nameit/uir-adr"/>
    <tag k="surface" v="sett"/>
  </way>
  <way id="27231936">
    <nd ref="298867577"/>
    <nd ref="298867576"/>
    <tag k="cycleway:both" v="no"/>
    <tag k="highway" v="residential"/>
    <tag k="lanes" v="1"/>
    <tag k="lit" v="yes"/>
    <tag k="maxspeed:type" v="CZ:urban"/>
    <tag k="name" v="Vítězná"/>
    <tag k="oneway" v="yes"/>
    <tag k="parking:both" v="separate"/>
    <tag k="sidewalk:both" v="separate"/>
    <tag k="smoothness" v="intermediate"/>
    <tag k="surface" v="sett"/>
  </way>
  <way id="27247644">
    <nd ref="25658609"/>
    <nd ref="1548825686"/>
    <nd ref="4700724523"/>
    <nd ref="26423892"/>
    <tag k="highway" v="residential"/>
    <tag k="lane_markings" v="no"/>
    <tag k="lanes" v="1"/>
    <tag k="lit" v="yes"/>
    <tag k="lit_by_gaslight" v="yes"/>
    <tag k="name" v="Anenská"/>
    <tag k="name:de" v="Annagasse"/>
    <tag k="oneway" v="yes"/>
    <tag k="oneway:bicycle" v="yes"/>
    <tag k="sidewalk" v="both"/>
    <tag k="source" v="cuzk:km;exploration"/>
    <tag k="surface" v="sett"/>
  </way>
  <way id="27247651">
    <nd ref="25657935"/>
    <nd ref="338633641"/>
    <nd ref="431313107"/>
    <nd ref="299047215"/>
    <nd ref="25657937"/>
    <tag k="highway" v="residential"/>
    <tag k="lanes" v="1"/>
    <tag k="lit" v="yes"/>
    <tag k="lit_by_gaslight" v="yes"/>
    <tag k="maxspeed" v="50"/>
    <tag k="name" v="Betlémské náměstí"/>
    <tag k="name:be" v="Батлейская плошча"/>
    <tag k="name:de" v="Bethlehemsplatz"/>
    <tag k="name:ru" v="Вифлеемская площадь"/>
    <tag k="oneway" v="yes"/>
    <tag k="oneway:bicycle" v="yes"/>
    <tag k="parking:left" v="separate"/>
    <tag k="parking:right" v="no"/>
    <tag k="sidewalk:both" v="separate"/>
    <tag k="source:name" v="nameit/uir-adr"/>
    <tag k="surface" v="sett"/>
  </way>
  <way id="27247656">
    <nd ref="9274871149"/>
    <nd ref="354129429"/>
    <nd ref="1265638042"/>
    <nd ref="25656632"/>
    <tag k="cycleway:both" v="no"/>
    <tag k="highway" v="residential"/>
    <tag k="lane_markings" v="no"/>
    <tag k="lit" v="yes"/>
    <tag k="maxspeed" v="50"/>
    <tag k="maxspeed:type" v="CZ:urban"/>
    <tag k="name" v="V Jirchářích"/>
    <tag k="oneway" v="yes"/>
    <tag k="sidewalk" v="both"/>
    <tag k="surface" v="sett"/>
  </way>
  <way id="27247660">
    <nd ref="25656646"/>
    <nd ref="13155036178"/>
    <nd ref="299047377"/>
    <tag k="bicycle" v="yes"/>
    <tag k="highway" v="residential"/>
    <tag k="lane_markings" v="no"/>
    <tag k="lit" v="yes"/>
    <tag k="maxspeed" v="50"/>
    <tag k="maxspeed:type" v="CZ:urban"/>
    <tag k="motor_vehicle" v="destination"/>
    <tag k="name" v="Opatovická"/>
    <tag k="oneway" v="no"/>
    <tag k="surface" v="sett"/>
  </way>
  <way id="27247663">
    <nd ref="1414621008"/>
    <nd ref="12197773578"/>
    <nd ref="2429803894"/>
    <nd ref="12197773579"/>
    <nd ref="25658459"/>
    <nd ref="10543087662"/>
    <nd ref="25658457"/>
    <nd ref="10543087660"/>
    <nd ref="1265638061"/>
    <nd ref="360541185"/>
    <nd ref="10543087700"/>
    <nd ref="25657956"/>
    <tag k="cycleway:both" v="no"/>
    <tag k="highway" v="residential"/>
    <tag k="lane_markings" v="no"/>
    <tag k="lit" v="yes"/>
    <tag k="name" v="Karoliny Světlé"/>
    <tag k="name:de" v="Karolína-Světlá-Gasse"/>
    <tag k="name:etymology:wikidata" v="Q258960"/>
    <tag k="name:ru" v="улица Каролины Светлой"/>
    <tag k="oneway" v="yes"/>
    <tag k="sidewalk:both" v="separate"/>
    <tag k="source:name" v="nameit/uir-adr"/>
    <tag k="surface" v="sett"/>
  </way>
  <way id="27247666">
    <nd ref="25656959"/>
    <nd ref="1990844649"/>
    <nd ref="9902671053"/>
    <nd ref="25657071"/>
    <tag k="highway" v="living_street"/>
    <tag k="lanes" v="1"/>
    <tag k="lit" v="yes"/>
    <tag k="lit_by_gaslight" v="yes"/>
    <tag k="maxspeed" v="20"/>
    <tag k="maxspeed:type" v="CZ:living_street"/>
    <tag k="name" v="Uhelný trh"/>
    <tag k="name:de" v="Kohlenmarkt"/>
    <tag k="name:ru" v="Угольный рынок"/>
    <tag k="oneway" v="yes"/>
    <tag k="surface" v="sett"/>
  </way>
  <way id="27247667">
    <nd ref="25657071"/>
    <nd ref="333347547"/>
    <nd ref="1251376442"/>
    <nd ref="25657120"/>
    <tag k="highway" v="residential"/>
    <tag k="lanes" v="1"/>
    <tag k="maxspeed" v="50"/>
    <tag k="name" v="Skořepka"/>
    <tag k="name:ru" v="улица Скоржепка"/>
    <tag k="oneway" v="yes"/>
    <tag k="parking:left" v="street_side"/>
    <tag k="parking:left:orientation" v="diagonal"/>
    <tag k="parking:right" v="no"/>
    <tag k="sidewalk:both" v="separate"/>
    <tag k="surface" v="asphalt"/>
  </way>
  <way id="27248715">
    <nd ref="299059749"/>
    <nd ref="12006216233"/>
    <nd ref="4700724620"/>
    <nd ref="8810430"/>
    <tag k="cycleway:both" v="no"/>
    <tag k="embedded_rails" v="tram"/>
    <tag k="highway" v="residential"/>
    <tag k="lanes" v="2"/>
    <tag k="lanes:backward" v="1"/>
    <tag k="lanes:forward" v="1"/>
    <tag k="lit" v="yes"/>
    <tag k="maxspeed:type" v="CZ:urban"/>
    <tag k="name" v="most Legií"/>
    <tag k="name:de" v="Brücke der Legionen"/>
    <tag k="name:en" v="Bridge of Legions"/>
    <tag k="name:etymology:wikidata" v="Q605324"/>
    <tag k="name:ru" v="Мост Легии"/>
    <tag k="sidewalk" v="separate"/>
    <tag k="smoothness" v="bad"/>
    <tag k="sorting_name" v="Legií"/>
    <tag k="source" v="bing;cuzk"/>
    <tag k="surface" v="sett"/>
    <tag k="turn:lanes:forward" v="through;right"/>
    <tag k="wikidata" v="Q11785802"/>
    <tag k="wikipedia" v="cs:Most Legií"/>
  </way>
  <way id="27272736">
    <nd ref="25656628"/>
    <nd ref="1014526154"/>
    <nd ref="1259739781"/>
    <nd ref="13283528224"/>
    <tag k="foot" v="yes"/>
    <tag k="highway" v="residential"/>
    <tag k="lane_markings" v="no"/>
    <tag k="lit" v="yes"/>
    <tag k="name" v="Ostrovní"/>
    <tag k="name:de" v="Inselgasse"/>
    <tag k="name:ru" v="Островной переулок"/>
    <tag k="oneway" v="no"/>
    <tag k="sidewalk" v="separate"/>
    <tag k="surface" v="asphalt"/>
  </way>
  <way id="27301888">
    <nd ref="299707634"/>
    <nd ref="298867574"/>
    <nd ref="1014525998"/>
    <nd ref="6485447495"/>
    <nd ref="25674495"/>
    <tag k="bus" v="no"/>
    <tag k="highway" v="residential"/>
    <tag k="lanes" v="1"/>
    <tag k="lit" v="yes"/>
    <tag k="maxweight" v="3.5"/>
    <tag k="name" v="Všehrdova"/>
    <tag k="parking:both" v="separate"/>
    <tag k="sidewalk:both" v="separate"/>
    <tag k="surface" v="sett"/>
  </way>
  <way id="27301890">
    <nd ref="25674927"/>
    <nd ref="4894375569"/>
    <nd ref="25674077"/>
    <nd ref="13525045726"/>
    <nd ref="299707633"/>
    <nd ref="25674056"/>
    <nd ref="13525045735"/>
    <nd ref="12795222413"/>
    <nd ref="25674031"/>
    <nd ref="25674019"/>
    <nd ref="25674009"/>
    <nd ref="1180321196"/>
    <nd ref="1180321195"/>
    <nd ref="25674006"/>
    <nd ref="331445615"/>
    <tag k="foot" v="yes"/>
    <tag k="highway" v="residential"/>
    <tag k="lane_markings" v="no"/>
    <tag k="lit" v="yes"/>
    <tag k="lit_by_gaslight" v="yes"/>
    <tag k="name" v="Všehrdova"/>
    <tag k="oneway" v="yes"/>
    <tag k="sidewalk" v="left"/>
    <tag k="surface" v="sett"/>
  </way>
  <way id="27301892">
    <nd ref="25673534"/>
    <nd ref="317918726"/>
    <nd ref="25671792"/>
    <tag k="highway" v="residential"/>
    <tag k="lanes" v="1"/>
    <tag k="lit" v="yes"/>
    <tag k="name" v="Hellichova"/>
    <tag k="oneway" v="yes"/>
    <tag k="sidewalk" v="both"/>
    <tag k="sidewalk:both:surface" v="sett"/>
    <tag k="smoothness" v="good"/>
    <tag k="surface" v="asphalt"/>
    <tag k="width" v="3.5"/>
  </way>
  <way id="27301893">
    <nd ref="25671801"/>
    <nd ref="25673531"/>
    <tag k="highway" v="residential"/>
    <tag k="lanes" v="1"/>
    <tag k="name" v="Pelclova"/>
    <tag k="name:de" v="Pelzel-Gasse"/>
    <tag k="oneway" v="yes"/>
    <tag k="sidewalk" v="right"/>
    <tag k="surface" v="sett"/>
  </way>
  <way id="27301894">
    <nd ref="299707642"/>
    <nd ref="25673531"/>
    <nd ref="1180321172"/>
    <nd ref="25673534"/>
    <tag k="highway" v="residential"/>
    <tag k="lanes" v="1"/>
    <tag k="lit" v="yes"/>
    <tag k="name" v="Nosticova"/>
    <tag k="name:de" v="Nostitz-Gasse"/>
    <tag k="oneway" v="yes"/>
    <tag k="sidewalk" v="right"/>
    <tag k="sidewalk:right:surface" v="sett"/>
    <tag k="smoothness" v="very_bad"/>
    <tag k="surface" v="sett"/>
    <tag k="width" v="3"/>
  </way>
  <way id="27301895">
    <nd ref="299707642"/>
    <nd ref="4749461388"/>
    <nd ref="299707645"/>
    <nd ref="299707646"/>
    <tag k="highway" v="residential"/>
    <tag k="lanes" v="1"/>
    <tag k="lit" v="yes"/>
    <tag k="name" v="Nosticova"/>
    <tag k="name:de" v="Nostitz-Gasse"/>
    <tag k="sidewalk" v="right"/>
    <tag k="sidewalk:right:surface" v="sett"/>
    <tag k="surface" v="sett"/>
  </way>
  <way id="27301898">
    <nd ref="299707697"/>
    <nd ref="8918354054"/>
    <nd ref="299707696"/>
    <nd ref="299707695"/>
    <nd ref="25673486"/>
    <tag k="carriage" v="no"/>
    <tag k="highway" v="residential"/>
    <tag k="lane_markings" v="no"/>
    <tag k="lit" v="yes"/>
    <tag k="name" v="Hroznová"/>
    <tag k="oneway" v="yes"/>
    <tag k="oneway:bicycle" v="yes"/>
    <tag k="sidewalk" v="both"/>
    <tag k="surface" v="sett"/>
  </way>
  <way id="27301899">
    <nd ref="25673461"/>
    <nd ref="25671871"/>
    <tag k="carriage" v="no"/>
    <tag k="cycleway:both" v="no"/>
    <tag k="highway" v="residential"/>
    <tag k="lane_markings" v="no"/>
    <tag k="lit" v="yes"/>
    <tag k="name" v="U Sovových mlýnů"/>
    <tag k="name:etymology:wikidata" v="Q61417293"/>
    <tag k="sidewalk" v="left"/>
    <tag k="sidewalk:left:surface" v="sett"/>
    <tag k="surface" v="sett"/>
  </way>
  <way id="27301900">
    <nd ref="25673474"/>
    <nd ref="2898974397"/>
    <nd ref="2898974393"/>
    <nd ref="25673461"/>
    <tag k="carriage" v="no"/>
    <tag k="highway" v="residential"/>
    <tag k="lane_markings" v="no"/>
    <tag k="lit" v="yes"/>
    <tag k="lit_by_gaslight" v="yes"/>
    <tag k="name" v="Hroznová"/>
    <tag k="oneway" v="yes"/>
    <tag k="oneway:bicycle" v="yes"/>
    <tag k="sidewalk" v="both"/>
    <tag k="surface" v="sett"/>
  </way>
  <way id="27302453">
    <nd ref="25685545"/>
    <nd ref="1083837279"/>
    <nd ref="299712651"/>
    <nd ref="320800562"/>
    <nd ref="4864226656"/>
    <nd ref="25685544"/>
    <tag k="carriage" v="no"/>
    <tag k="highway" v="living_street"/>
    <tag k="lanes" v="1"/>
    <tag k="lanes:both_ways" v="1"/>
    <tag k="lit" v="yes"/>
    <tag k="lit_by_gaslight" v="yes"/>
    <tag k="maxspeed" v="20"/>
    <tag k="motor_vehicle" v="destination"/>
    <tag k="name" v="U Lužického semináře"/>
    <tag k="name:cs" v="U Lužického semináře"/>
    <tag k="name:de" v="Zum Lausitzer Seminar"/>
    <tag k="name:etymology:wikidata" v="Q160739"/>
    <tag k="note" v="do dokončení rekonstrukce kyvadlový provoz"/>
    <tag k="oneway" v="alternating"/>
    <tag k="sidewalk:both" v="separate"/>
    <tag k="smoothness" v="good"/>
    <tag k="surface" v="paving_stones"/>
  </way>
  <way id="27302455">
    <nd ref="25673303"/>
    <nd ref="1014525926"/>
    <nd ref="1014526106"/>
    <nd ref="25673302"/>
    <tag k="carriage" v="no"/>
    <tag k="highway" v="living_street"/>
    <tag k="incline" v="down"/>
    <tag k="lanes" v="1"/>
    <tag k="lit" v="yes"/>
    <tag k="lit_by_gaslight" v="yes"/>
    <tag k="maxspeed" v="20"/>
    <tag k="name" v="U Lužického semináře"/>
    <tag k="name:cs" v="U Lužického semináře"/>
    <tag k="name:de" v="Zum Lausitzer Seminar"/>
    <tag k="name:etymology:wikidata" v="Q160739"/>
    <tag k="parking:both" v="no"/>
    <tag k="parking:both:restriction" v="no_stopping"/>
    <tag k="priority" v="forward"/>
    <tag k="sidewalk" v="both"/>
    <tag k="sidewalk:both:surface" v="sett"/>
    <tag k="surface" v="sett"/>
  </way>
  <way id="27335469">
    <nd ref="10159806533"/>
    <nd ref="2938526075"/>
    <nd ref="303408216"/>
    <nd ref="8425594869"/>
    <nd ref="110622704"/>
    <tag k="highway" v="residential"/>
    <tag k="lane_markings" v="no"/>
    <tag k="lit" v="yes"/>
    <tag k="maxspeed" v="50"/>
    <tag k="name" v="Jindřišská"/>
    <tag k="name:cs" v="Jindřišská"/>
    <tag k="name:de" v="Heinrichsgasse"/>
    <tag k="oneway" v="yes"/>
    <tag k="parking:both" v="no"/>
    <tag k="sidewalk:both" v="separate"/>
    <tag k="source:maxspeed" v="CZ:urban"/>
    <tag k="surface" v="sett"/>
  </way>
  <way id="27335470">
    <nd ref="110622704"/>
    <nd ref="1157156568"/>
    <nd ref="25655262"/>
    <nd ref="1157156565"/>
    <nd ref="21672755"/>
    <tag k="embedded_rails" v="tram"/>
    <tag k="highway" v="residential"/>
    <tag k="lanes" v="2"/>
    <tag k="lit" v="yes"/>
    <tag k="maxspeed" v="50"/>
    <tag k="name" v="Jindřišská"/>
    <tag k="name:cs" v="Jindřišská"/>
    <tag k="name:de" v="Heinrichsgasse"/>
    <tag k="parking:both" v="lane"/>
    <tag k="parking:both:orientation" v="parallel"/>
    <tag k="sidewalk" v="separate"/>
    <tag k="source:maxspeed" v="CZ:urban"/>
    <tag k="surface" v="asphalt"/>
  </way>
  <way id="27375024">
    <nd ref="25660108"/>
    <nd ref="8601656866"/>
    <nd ref="8601640116"/>
    <nd ref="4374150564"/>
    <nd ref="25660109"/>
    <nd ref="25660112"/>
    <nd ref="1251663049"/>
    <nd ref="4987252774"/>
    <nd ref="12750343330"/>
    <nd ref="8810401"/>
    <tag k="highway" v="living_street"/>
    <tag k="lanes" v="1"/>
    <tag k="lit" v="yes"/>
    <tag k="maxspeed" v="20"/>
    <tag k="name" v="Týnská ulička"/>
    <tag k="name:be" v="Тынскі завулак"/>
    <tag k="name:de" v="Teyngässchen"/>
    <tag k="name:ru" v="Тынский переулок"/>
    <tag k="oneway" v="yes"/>
    <tag k="surface" v="sett"/>
    <tag k="wikidata" v="Q12060184"/>
    <tag k="wikipedia" v="cs:Týnská ulička"/>
  </way>
  <way id="27375456">
    <nd ref="300524474"/>
    <nd ref="1336887199"/>
    <nd ref="10695630318"/>
    <nd ref="3519517585"/>
    <tag k="highway" v="living_street"/>
    <tag k="lanes" v="1"/>
    <tag k="lit" v="yes"/>
    <tag k="maxspeed" v="20"/>
    <tag k="name" v="Havelská ulička"/>
    <tag k="name:de" v="Gallusgässchen"/>
    <tag k="name:pl" v="Zaułek Gawelski"/>
    <tag k="oneway" v="yes"/>
    <tag k="surface" v="sett"/>
  </way>
  <way id="27375811">
    <nd ref="25655055"/>
    <nd ref="4290566950"/>
    <nd ref="8075743965"/>
    <nd ref="300527946"/>
    <nd ref="4751633423"/>
    <nd ref="25660749"/>
    <tag k="highway" v="residential"/>
    <tag k="lanes" v="1"/>
    <tag k="lit" v="yes"/>
    <tag k="maxspeed" v="20"/>
    <tag k="motor_vehicle:conditional" v="no @ (22:00-06:00)"/>
    <tag k="name" v="Rybná"/>
    <tag k="name:de" v="Fischmarkt"/>
    <tag k="name:ru" v="Рыбная улица"/>
    <tag k="oneway" v="yes"/>
    <tag k="parking:both" v="no"/>
    <tag k="sidewalk:both" v="separate"/>
    <tag k="source:maxspeed" v="sign"/>
    <tag k="surface" v="asphalt"/>
    <tag k="wikidata" v="Q43396980"/>
  </way>
  <way id="27391639">
    <nd ref="300700256"/>
    <nd ref="10543087679"/>
    <nd ref="10543087699"/>
    <nd ref="300700259"/>
    <tag k="highway" v="residential"/>
    <tag k="lanes" v="1"/>
    <tag k="maxspeed" v="50"/>
    <tag k="name" v="U Dobřenských"/>
    <tag k="name:etymology:wikidata" v="Q18945537"/>
    <tag k="oneway" v="yes"/>
    <tag k="oneway:bicycle" v="-1"/>
    <tag k="parking:left" v="no"/>
    <tag k="parking:right" v="separate"/>
    <tag k="source" v="uhul:ortofoto"/>
    <tag k="surface" v="sett"/>
  </way>
  <way id="27437431">
    <nd ref="25655054"/>
    <nd ref="1837979760"/>
    <nd ref="6792406764"/>
    <nd ref="25655071"/>
    <nd ref="297594945"/>
    <tag k="cycleway:both" v="no"/>
    <tag k="highway" v="residential"/>
    <tag k="lanes" v="1"/>
    <tag k="layer" v="-1"/>
    <tag k="lit" v="yes"/>
    <tag k="lit_by_gaslight" v="yes"/>
    <tag k="maxspeed" v="30"/>
    <tag k="name" v="Celetná"/>
    <tag k="name:be" v="Вуліца Цэлетна"/>
    <tag k="name:de" v="Zeltnergasse"/>
    <tag k="name:eo" v="Strato Celetná"/>
    <tag k="name:ru" v="Целетная улица"/>
    <tag k="name:sk" v="Celetná"/>
    <tag k="name:uk" v="Целетна вулиця"/>
    <tag k="name:zh" v="采莱特纳街"/>
    <tag k="note" v="Oneway:bicycle=no since 04/2021 Lowered speed since the street is oneway:bicycle=no"/>
    <tag k="oneway" v="yes"/>
    <tag k="oneway:bicycle" v="no"/>
    <tag k="parking:left" v="separate"/>
    <tag k="parking:right" v="no"/>
    <tag k="sidewalk:both" v="separate"/>
    <tag k="source:maxspeed" v="sign"/>
    <tag k="surface" v="asphalt"/>
    <tag k="tourism" v="attraction"/>
    <tag k="wheelchair" v="yes"/>
    <tag k="wikidata" v="Q2452427"/>
    <tag k="wikipedia" v="cs:Celetná"/>
  </way>
  <way id="27564944">
    <nd ref="21266463"/>
    <nd ref="7724694650"/>
    <nd ref="4323267356"/>
    <nd ref="4323267361"/>
    <nd ref="11618368954"/>
    <tag k="cycleway:right" v="shared_lane"/>
    <tag k="cycleway:right:lane" v="pictogram"/>
    <tag k="foot" v="no"/>
    <tag k="highway" v="secondary"/>
    <tag k="lane_markings" v="no"/>
    <tag k="lanes" v="1"/>
    <tag k="lit" v="yes"/>
    <tag k="maxspeed" v="50"/>
    <tag k="name" v="Chotkova"/>
    <tag k="name:cs" v="Chotkova"/>
    <tag k="name:de" v="Chotek-Straße"/>
    <tag k="name:etymology" v="Karel Chotek z Chotkova"/>
    <tag k="name:etymology:wikidata" v="Q872870"/>
    <tag k="oneway" v="yes"/>
    <tag k="sidewalk" v="no"/>
    <tag k="source:maxspeed" v="CZ:urban"/>
    <tag k="surface" v="asphalt"/>
    <tag k="wikidata" v="Q11727019"/>
    <tag k="wikimedia_commons" v="Category:Chotkova (Prague)"/>
    <tag k="wikipedia" v="cs:Chotkova (Praha)"/>
  </way>
  <way id="27589308">
    <nd ref="21266471"/>
    <nd ref="4700724576"/>
    <nd ref="1016303229"/>
    <nd ref="12199947617"/>
    <nd ref="5920873888"/>
    <nd ref="302948411"/>
    <tag k="cycleway:both" v="no"/>
    <tag k="highway" v="residential"/>
    <tag k="lane_markings" v="no"/>
    <tag k="lit" v="yes"/>
    <tag k="lit_by_gaslight" v="yes"/>
    <tag k="name" v="Platnéřská"/>
    <tag k="name:de" v="Plattnergasse"/>
    <tag k="name:ru" v="Платнержская улица"/>
    <tag k="surface" v="sett"/>
    <tag k="wikidata" v="Q43394945"/>
    <tag k="wikimedia_commons" v="Category:Platnéřská"/>
    <tag k="wikipedia" v="cs:Platnéřská"/>
  </way>
  <way id="27622830">
    <nd ref="26786404"/>
    <nd ref="3618398175"/>
    <nd ref="12157767872"/>
    <nd ref="12157767873"/>
    <nd ref="25657313"/>
    <nd ref="8480884570"/>
    <tag k="highway" v="residential"/>
    <tag k="lanes" v="1"/>
    <tag k="lit" v="yes"/>
    <tag k="maxspeed" v="50"/>
    <tag k="maxspeed:type" v="CZ:urban"/>
    <tag k="name" v="Purkyňova"/>
    <tag k="name:de" v="Purkinje-Gasse"/>
    <tag k="name:etymology:wikidata" v="Q159542"/>
    <tag k="oneway" v="yes"/>
    <tag k="surface" v="asphalt"/>
  </way>
  <way id="27622831">
    <nd ref="25657375"/>
    <nd ref="1494140091"/>
    <nd ref="10695630314"/>
    <nd ref="1399998580"/>
    <nd ref="8480884565"/>
    <nd ref="25657361"/>
    <tag k="covered" v="no"/>
    <tag k="cycleway:both" v="no"/>
    <tag k="highway" v="residential"/>
    <tag k="lane_markings" v="no"/>
    <tag k="maxspeed" v="50"/>
    <tag k="maxspeed:type" v="CZ:urban"/>
    <tag k="name" v="Charvátova"/>
    <tag k="oneway" v="no"/>
    <tag k="surface" v="paving_stones"/>
  </way>
  <way id="27629359">
    <nd ref="26388639"/>
    <nd ref="303442994"/>
    <tag k="cycleway:right" v="no"/>
    <tag k="foot" v="no"/>
    <tag k="highway" v="residential"/>
    <tag k="lanes" v="1"/>
    <tag k="lit" v="no"/>
    <tag k="maxheight" v="3.1"/>
    <tag k="maxspeed" v="50"/>
    <tag k="maxweightrating" v="3.5"/>
    <tag k="name" v="Letenská"/>
    <tag k="name:etymology:wikidata" v="Q1126206"/>
    <tag k="oneway" v="yes"/>
    <tag k="shoulder" v="no"/>
    <tag k="sidewalk" v="no"/>
    <tag k="smoothness" v="intermediate"/>
    <tag k="source:maxspeed" v="CZ:urban"/>
    <tag k="surface" v="sett"/>
    <tag k="tunnel" v="building_passage"/>
    <tag k="wikidata" v="Q43388703"/>
    <tag k="wikimedia_commons" v="Category:Letenská (Prague)"/>
    <tag k="wikipedia" v="cs:Letenská"/>
  </way>
  <way id="27629360">
    <nd ref="303442994"/>
    <nd ref="8399928910"/>
    <nd ref="8399928911"/>
    <nd ref="8399928912"/>
    <nd ref="3405117897"/>
    <nd ref="12784541940"/>
    <nd ref="25673205"/>
    <tag k="highway" v="residential"/>
    <tag k="lanes" v="1"/>
    <tag k="lit" v="yes"/>
    <tag k="maxspeed" v="50"/>
    <tag k="name" v="Letenská"/>
    <tag k="name:etymology:wikidata" v="Q1126206"/>
    <tag k="oneway" v="yes"/>
    <tag k="sidewalk:left" v="no"/>
    <tag k="sidewalk:right" v="separate"/>
    <tag k="smoothness" v="good"/>
    <tag k="source:maxspeed" v="CZ:urban"/>
    <tag k="surface" v="sett"/>
    <tag k="wikidata" v="Q43388703"/>
    <tag k="wikimedia_commons" v="Category:Letenská (Prague)"/>
    <tag k="wikipedia" v="cs:Letenská"/>
  </way>
  <way id="27667451">
    <nd ref="21266479"/>
    <nd ref="586470758"/>
    <nd ref="552444663"/>
    <tag k="highway" v="living_street"/>
    <tag k="lit" v="yes"/>
    <tag k="lit_by_gaslight" v="yes"/>
    <tag k="maxspeed" v="20"/>
    <tag k="name" v="Karlova"/>
    <tag k="name:be" v="вуліца Карла"/>
    <tag k="name:de" v="Karlsgasse"/>
    <tag k="name:etymology:wikidata" v="Q155669"/>
    <tag k="name:ru" v="Карлова улица"/>
    <tag k="oneway" v="yes"/>
    <tag k="oneway:bicycle" v="yes"/>
    <tag k="oneway:foot" v="no"/>
    <tag k="surface" v="sett"/>
    <tag k="wikidata" v="Q12028719"/>
    <tag k="wikipedia" v="cs:Karlova (Praha)"/>
  </way>
  <way id="27852193">
    <nd ref="247749"/>
    <nd ref="5010102942"/>
    <tag k="bicycle" v="yes"/>
    <tag k="class:bicycle:non_experienced" v="-1"/>
    <tag k="cycleway:right" v="shared_lane"/>
    <tag k="embedded_rails" v="tram"/>
    <tag k="highway" v="residential"/>
    <tag k="horse" v="no"/>
    <tag k="lanes" v="1"/>
    <tag k="lit" v="yes"/>
    <tag k="maxheight" v="3.3"/>
    <tag k="maxspeed" v="30"/>
    <tag k="name" v="Smetanovo nábřeží"/>
    <tag k="name:be" v="набярэжная Сметаны"/>
    <tag k="oneway" v="yes"/>
    <tag k="shoulder" v="no"/>
    <tag k="sidewalk:left" v="no"/>
    <tag k="sidewalk:right" v="separate"/>
    <tag k="surface" v="sett"/>
    <tag k="wikidata" v="Q43397194"/>
  </way>
  <way id="28158988">
    <nd ref="297590131"/>
    <nd ref="4323841407"/>
    <nd ref="1016197935"/>
    <nd ref="8394248643"/>
    <nd ref="8394248642"/>
    <nd ref="25685480"/>
    <nd ref="8394248633"/>
    <nd ref="315515856"/>
    <nd ref="8394248634"/>
    <nd ref="1235949566"/>
    <nd ref="8394248635"/>
    <nd ref="247756"/>
    <nd ref="8394248636"/>
    <nd ref="1016198026"/>
    <nd ref="8394248637"/>
    <nd ref="315515857"/>
    <tag k="cycleway:right" v="lane"/>
    <tag k="cycleway:right:lane" v="exclusive"/>
    <tag k="highway" v="secondary"/>
    <tag k="incline" v="up"/>
    <tag k="lanes" v="1"/>
    <tag k="lit" v="yes"/>
    <tag k="maxspeed" v="50"/>
    <tag k="name" v="Chotkova"/>
    <tag k="name:cs" v="Chotkova"/>
    <tag k="name:de" v="Chotek-Straße"/>
    <tag k="name:etymology" v="Karel Chotek z Chotkova"/>
    <tag k="name:etymology:wikidata" v="Q872870"/>
    <tag k="oneway" v="yes"/>
    <tag k="sidewalk:left" v="no"/>
    <tag k="sidewalk:right" v="separate"/>
    <tag k="source:maxspeed" v="CZ:urban"/>
    <tag k="surface" v="asphalt"/>
    <tag k="wikidata" v="Q11727019"/>
    <tag k="wikimedia_commons" v="Category:Chotkova (Prague)"/>
    <tag k="wikipedia" v="cs:Chotkova (Praha)"/>
  </way>
  <way id="28159126">
    <nd ref="8397051765"/>
    <nd ref="8397051760"/>
    <nd ref="1014525758"/>
    <nd ref="1014525975"/>
    <nd ref="8397051781"/>
    <nd ref="8397051759"/>
    <nd ref="12287495442"/>
    <nd ref="309292589"/>
    <nd ref="8397051805"/>
    <nd ref="309292591"/>
    <tag k="cycleway:right" v="no"/>
    <tag k="highway" v="secondary"/>
    <tag k="lanes" v="1"/>
    <tag k="lit" v="yes"/>
    <tag k="maxspeed" v="50"/>
    <tag k="name" v="nábřeží Edvarda Beneše"/>
    <tag k="name:etymology:wikidata" v="Q152274"/>
    <tag k="oneway" v="yes"/>
    <tag k="parking:left" v="no"/>
    <tag k="parking:right" v="separate"/>
    <tag k="sidewalk:left" v="no"/>
    <tag k="sidewalk:right" v="separate"/>
    <tag k="sorting_name" v="Edvarda Beneše"/>
    <tag k="source:maxspeed" v="CZ:urban"/>
    <tag k="surface" v="asphalt"/>
    <tag k="wikidata" v="Q43396282"/>
    <tag k="wikimedia_commons" v="Category:Nábřeží Edvarda Beneše"/>
    <tag k="wikipedia" v="cs:Nábřeží Edvarda Beneše"/>
  </way>
  <way id="28273612">
    <nd ref="21679645"/>
    <nd ref="310484381"/>
    <nd ref="1140062492"/>
    <nd ref="21679642"/>
    <nd ref="5273604710"/>
    <nd ref="21679639"/>
    <nd ref="5273604709"/>
    <nd ref="21679637"/>
    <nd ref="21679634"/>
    <nd ref="5273604705"/>
    <nd ref="5273604703"/>
    <nd ref="5273604704"/>
    <nd ref="310484380"/>
    <nd ref="5273604708"/>
    <nd ref="5273604706"/>
    <nd ref="5273604707"/>
    <nd ref="21266462"/>
    <nd ref="4073149377"/>
    <tag k="bicycle" v="no"/>
    <tag k="foot" v="no"/>
    <tag k="highway" v="secondary"/>
    <tag k="incline" v="-8%"/>
    <tag k="lanes" v="2"/>
    <tag k="layer" v="-1"/>
    <tag k="lit" v="yes"/>
    <tag k="maxheight" v="4.0"/>
    <tag k="maxspeed" v="50"/>
    <tag k="name" v="Letenský tunel"/>
    <tag k="name:en" v="Letna Tunnel"/>
    <tag k="name:etymology:wikidata" v="Q1126206"/>
    <tag k="overtaking" v="no"/>
    <tag k="source" v="cuzk:km"/>
    <tag k="source:maxspeed" v="CZ:urban"/>
    <tag k="start_date" v="1953-09-26"/>
    <tag k="surface" v="asphalt"/>
    <tag k="tunnel" v="yes"/>
    <tag k="wikidata" v="Q12033108"/>
    <tag k="wikipedia" v="cs:Letenský tunel"/>
  </way>
  <way id="28521716">
    <nd ref="8399943154"/>
    <nd ref="8399928901"/>
    <nd ref="8399943153"/>
    <nd ref="21711408"/>
    <nd ref="8399943152"/>
    <nd ref="8399943151"/>
    <nd ref="8399943150"/>
    <nd ref="8399943149"/>
    <nd ref="1307142703"/>
    <nd ref="320801632"/>
    <nd ref="8399943148"/>
    <nd ref="8399943147"/>
    <nd ref="8399943146"/>
    <nd ref="8399943145"/>
    <nd ref="8399943144"/>
    <nd ref="8399943143"/>
    <nd ref="4698155358"/>
    <nd ref="8399943166"/>
    <nd ref="8399943142"/>
    <nd ref="1307142706"/>
    <nd ref="8399943123"/>
    <nd ref="8399943141"/>
    <nd ref="8399943140"/>
    <nd ref="320801631"/>
    <nd ref="8399943139"/>
    <nd ref="8399943138"/>
    <nd ref="8399943137"/>
    <nd ref="21711398"/>
    <nd ref="8399943136"/>
    <nd ref="8399943135"/>
    <nd ref="4698155359"/>
    <nd ref="320801630"/>
    <nd ref="8399943132"/>
    <nd ref="8399943133"/>
    <nd ref="8399943134"/>
    <nd ref="382300100"/>
    <tag k="embedded_rails" v="tram"/>
    <tag k="highway" v="residential"/>
    <tag k="lanes" v="1"/>
    <tag k="lit" v="yes"/>
    <tag k="maxspeed" v="30"/>
    <tag k="name" v="Letenská"/>
    <tag k="name:etymology:wikidata" v="Q1126206"/>
    <tag k="oneway" v="yes"/>
    <tag k="oneway:psv" v="no"/>
    <tag k="parking:both" v="no"/>
    <tag k="sidewalk:both" v="separate"/>
    <tag k="smoothness" v="good"/>
    <tag k="source:maxspeed" v="CZ:urban"/>
    <tag k="surface" v="sett"/>
    <tag k="wikidata" v="Q43388703"/>
    <tag k="wikimedia_commons" v="Category:Letenská (Prague)"/>
    <tag k="wikipedia" v="cs:Letenská"/>
  </way>
  <way id="28702004">
    <nd ref="315519174"/>
    <nd ref="4799904792"/>
    <nd ref="10704775245"/>
    <tag k="carriage" v="no"/>
    <tag k="highway" v="living_street"/>
    <tag k="lanes" v="2"/>
    <tag k="maxspeed" v="20"/>
    <tag k="surface" v="sett"/>
    <tag k="traffic_calming" v="table"/>
  </way>
  <way id="28702005">
    <nd ref="315519175"/>
    <nd ref="315519174"/>
    <tag k="bridge" v="yes"/>
    <tag k="bridge:structure" v="arch"/>
    <tag k="carriage" v="no"/>
    <tag k="highway" v="living_street"/>
    <tag k="lanes" v="2"/>
    <tag k="layer" v="1"/>
    <tag k="maxspeed" v="20"/>
    <tag k="maxweight" v="13"/>
    <tag k="restriction" v="no_stopping"/>
    <tag k="sidewalk" v="both"/>
    <tag k="surface" v="sett"/>
  </way>
  <way id="28702029">
    <nd ref="315519302"/>
    <nd ref="315519303"/>
    <nd ref="1030967189"/>
    <nd ref="315519301"/>
    <nd ref="4987274579"/>
    <tag k="foot" v="yes"/>
    <tag k="highway" v="living_street"/>
    <tag k="lanes" v="1"/>
    <tag k="maxheight" v="default"/>
    <tag k="maxspeed" v="20"/>
    <tag k="motor_vehicle" v="destination"/>
    <tag k="name" v="Na Kampě"/>
    <tag k="name:etymology:wikidata" v="Q3501077"/>
    <tag k="surface" v="sett"/>
  </way>
  <way id="28702162">
    <nd ref="315520817"/>
    <nd ref="3948265345"/>
    <nd ref="315520818"/>
    <nd ref="10716253877"/>
    <nd ref="10716253878"/>
    <nd ref="10716253876"/>
    <nd ref="315520819"/>
    <tag k="highway" v="living_street"/>
    <tag k="lanes" v="1"/>
    <tag k="lit" v="yes"/>
    <tag k="maxspeed" v="20"/>
    <tag k="motor_vehicle" v="private"/>
    <tag k="name" v="Martinská"/>
    <tag k="name:cs" v="Martinská"/>
    <tag k="note" v="living_street (obytná zóna) since 2022"/>
    <tag k="oneway" v="no"/>
    <tag k="source" v="cuzk:km;local knowledge"/>
    <tag k="surface" v="paving_stones"/>
  </way>
  <way id="28703227">
    <nd ref="25660115"/>
    <nd ref="1447163431"/>
    <nd ref="25660114"/>
    <nd ref="25660113"/>
    <nd ref="25660110"/>
    <tag k="highway" v="residential"/>
    <tag k="lanes" v="1"/>
    <tag k="lit" v="yes"/>
    <tag k="lit_by_gaslight" v="yes"/>
    <tag k="maxspeed" v="50"/>
    <tag k="name" v="Štupartská"/>
    <tag k="name:de" v="Stupartgasse"/>
    <tag k="oneway" v="yes"/>
    <tag k="sidewalk:both" v="separate"/>
    <tag k="source:maxspeed" v="CZ:urban"/>
    <tag k="source:name" v="nameit/uir-adr"/>
    <tag k="surface" v="sett"/>
    <tag k="wikidata" v="Q20657215"/>
  </way>
  <way id="28703441">
    <nd ref="25685119"/>
    <nd ref="1251663044"/>
    <nd ref="13799278648"/>
    <nd ref="292756627"/>
    <tag k="highway" v="living_street"/>
    <tag k="lane_markings" v="no"/>
    <tag k="lit" v="yes"/>
    <tag k="maxspeed" v="20"/>
    <tag k="name" v="U Milosrdných"/>
    <tag k="name:etymology:wikidata" v="Q58005623"/>
    <tag k="name:ru" v="улица У Милосердных"/>
    <tag k="oneway" v="no"/>
    <tag k="source:name" v="nameit/uir-adr"/>
    <tag k="surface" v="sett"/>
    <tag k="wikidata" v="Q43399056"/>
  </way>
  <way id="30066031">
    <nd ref="25685114"/>
    <nd ref="2239270702"/>
    <nd ref="1225805026"/>
    <nd ref="9558712219"/>
    <nd ref="26517612"/>
    <nd ref="25659746"/>
    <tag k="cycleway:left" v="shared_lane"/>
    <tag k="highway" v="residential"/>
    <tag k="lanes" v="1"/>
    <tag k="lit" v="yes"/>
    <tag k="maxspeed" v="30"/>
    <tag k="name" v="Vězeňská"/>
    <tag k="name:de" v="Stockhausgasse"/>
    <tag k="name:ru" v="Везеньска улица"/>
    <tag k="note" v="oneway:bicycle=no since 03/2022"/>
    <tag k="oneway" v="yes"/>
    <tag k="oneway:bicycle" v="no"/>
    <tag k="sidewalk:both" v="separate"/>
    <tag k="surface" v="sett"/>
    <tag k="wikidata" v="Q43400027"/>
  </way>
  <way id="30066032">
    <nd ref="25685112"/>
    <nd ref="1225805054"/>
    <nd ref="1414434760"/>
    <nd ref="25685115"/>
    <tag k="cycleway:both" v="no"/>
    <tag k="highway" v="residential"/>
    <tag k="lane_markings" v="no"/>
    <tag k="lit" v="yes"/>
    <tag k="maxspeed:type" v="CZ:urban"/>
    <tag k="name" v="Haštalská"/>
    <tag k="name:etymology:wikidata" v="Q12030733"/>
    <tag k="name:ru" v="Гашталская улица"/>
    <tag k="oneway" v="yes"/>
    <tag k="oneway:bicycle" v="no"/>
    <tag k="sidewalk:both" v="separate"/>
    <tag k="sidewalk:both:surface" v="sett"/>
    <tag k="source:name" v="nameit/uir-adr"/>
    <tag k="surface" v="sett"/>
    <tag k="wikidata" v="Q20019979"/>
  </way>
  <way id="30428581">
    <nd ref="335796480"/>
    <nd ref="3426533361"/>
    <tag k="highway" v="residential"/>
    <tag k="lanes" v="2"/>
    <tag k="maxspeed" v="50"/>
    <tag k="maxweight" v="3.5"/>
    <tag k="name" v="Řásnovka"/>
    <tag k="name:de" v="Schneckengasse"/>
    <tag k="sidewalk:left" v="yes"/>
    <tag k="sidewalk:right" v="separate"/>
    <tag k="source:maxspeed" v="CZ:urban"/>
    <tag k="surface" v="sett"/>
    <tag k="turn:lanes:forward" v="right"/>
    <tag k="wikidata" v="Q29966189"/>
  </way>
  <way id="30619203">
    <nd ref="5010102942"/>
    <nd ref="4700724581"/>
    <tag k="bicycle" v="yes"/>
    <tag k="class:bicycle:non_experienced" v="-1"/>
    <tag k="cycleway:right" v="shared_lane"/>
    <tag k="embedded_rails" v="tram"/>
    <tag k="highway" v="residential"/>
    <tag k="horse" v="no"/>
    <tag k="lanes" v="1"/>
    <tag k="lit" v="yes"/>
    <tag k="maxheight" v="3.3"/>
    <tag k="maxspeed" v="30"/>
    <tag k="name" v="Smetanovo nábřeží"/>
    <tag k="name:de" v="Franzensquai"/>
    <tag k="name:ru" v="набережная Сметаны"/>
    <tag k="oneway" v="yes"/>
    <tag k="parking:both" v="no"/>
    <tag k="sidewalk:left" v="no"/>
    <tag k="sidewalk:right" v="separate"/>
    <tag k="surface" v="asphalt"/>
    <tag k="tunnel" v="building_passage"/>
    <tag k="wikidata" v="Q43397194"/>
  </way>
  <way id="30765663">
    <nd ref="303442996"/>
    <nd ref="8400150309"/>
    <nd ref="340237014"/>
    <nd ref="26388639"/>
    <tag k="highway" v="residential"/>
    <tag k="lanes" v="1"/>
    <tag k="lit" v="yes"/>
    <tag k="maxspeed" v="50"/>
    <tag k="name" v="Letenská"/>
    <tag k="name:etymology:wikidata" v="Q1126206"/>
    <tag k="oneway" v="yes"/>
    <tag k="sidewalk:left" v="no"/>
    <tag k="sidewalk:right" v="separate"/>
    <tag k="source:maxspeed" v="CZ:urban"/>
    <tag k="surface" v="sett"/>
    <tag k="wikidata" v="Q43388703"/>
    <tag k="wikimedia_commons" v="Category:Letenská (Prague)"/>
    <tag k="wikipedia" v="cs:Letenská"/>
  </way>
  <way id="30765665">
    <nd ref="340237014"/>
    <nd ref="340237028"/>
    <nd ref="4275272270"/>
    <nd ref="1493645184"/>
    <nd ref="9949513457"/>
    <tag k="bicycle" v="yes"/>
    <tag k="foot" v="yes"/>
    <tag k="highway" v="residential"/>
    <tag k="lanes" v="1"/>
    <tag k="lit" v="yes"/>
    <tag k="lit_by_gaslight" v="yes"/>
    <tag k="maxspeed" v="50"/>
    <tag k="motor_vehicle" v="destination"/>
    <tag k="name" v="Josefská"/>
    <tag k="name:cs" v="Josefská"/>
    <tag k="name:de" v="Josefsgasse"/>
    <tag k="oneway" v="yes"/>
    <tag k="oneway:bicycle" v="no"/>
    <tag k="parking:both" v="separate"/>
    <tag k="sidewalk:both" v="separate"/>
    <tag k="smoothness" v="intermediate"/>
    <tag k="source:maxspeed" v="CZ:urban"/>
    <tag k="surface" v="sett"/>
    <tag k="vehicle" v="destination"/>
    <tag k="width" v="10"/>
    <tag k="wikidata" v="Q43387921"/>
    <tag k="wikimedia_commons" v="Category:Josefská (Prague)"/>
    <tag k="wikipedia" v="cs:Josefská (Praha)"/>
  </way>
  <way id="31030950">
    <nd ref="25660749"/>
    <nd ref="345014513"/>
    <tag k="highway" v="residential"/>
    <tag k="lanes" v="1"/>
    <tag k="lit" v="yes"/>
    <tag k="maxspeed" v="50"/>
    <tag k="name" v="Jakubská"/>
    <tag k="name:de" v="Jakobsgasse"/>
    <tag k="parking:both" v="no"/>
    <tag k="sidewalk:left" v="separate"/>
    <tag k="source:maxspeed" v="CZ:urban"/>
    <tag k="surface" v="sett"/>
    <tag k="wikidata" v="Q43387803"/>
  </way>
  <way id="31695695">
    <nd ref="1251663083"/>
    <nd ref="26517823"/>
    <nd ref="1251645273"/>
    <tag k="highway" v="residential"/>
    <tag k="lanes" v="2"/>
    <tag k="lit" v="yes"/>
    <tag k="maxspeed:type" v="CZ:urban"/>
    <tag k="name" v="Široká"/>
    <tag k="name:de" v="Breite Gasse"/>
    <tag k="name:etymology:wikidata" v="Q113171416"/>
    <tag k="name:ru" v="Широкая улица"/>
    <tag k="sidewalk:both" v="separate"/>
    <tag k="smoothness" v="good"/>
    <tag k="surface" v="sett"/>
    <tag k="wikidata" v="Q26897280"/>
  </way>
  <way id="31695696">
    <nd ref="25659748"/>
    <nd ref="1251645253"/>
    <nd ref="9154241837"/>
    <nd ref="9154241836"/>
    <nd ref="25659750"/>
    <tag k="highway" v="residential"/>
    <tag k="lanes" v="1"/>
    <tag k="lit" v="yes"/>
    <tag k="maxspeed:type" v="CZ:urban"/>
    <tag k="name" v="Široká"/>
    <tag k="name:de" v="Breite Gasse"/>
    <tag k="name:etymology:wikidata" v="Q113171416"/>
    <tag k="name:ru" v="Широкая улица"/>
    <tag k="oneway" v="yes"/>
    <tag k="oneway:bicycle" v="no"/>
    <tag k="sidewalk:both" v="separate"/>
    <tag k="surface" v="sett"/>
    <tag k="wikidata" v="Q26897280"/>
  </way>
  <way id="31696246">
    <nd ref="354688204"/>
    <nd ref="5367209057"/>
    <nd ref="25685125"/>
    <tag k="highway" v="residential"/>
    <tag k="name" v="Novomlýnská"/>
    <tag k="name:de" v="Neumühlgasse"/>
    <tag k="oneway" v="yes"/>
  </way>
  <way id="31696247">
    <nd ref="354688206"/>
    <nd ref="354688204"/>
    <tag k="highway" v="residential"/>
    <tag k="name" v="Novomlýnská"/>
    <tag k="name:de" v="Neumühlgasse"/>
    <tag k="oneway" v="yes"/>
  </way>
  <way id="31728880">
    <nd ref="297585947"/>
    <nd ref="382922866"/>
    <nd ref="11283590730"/>
    <nd ref="25691434"/>
    <nd ref="11283590726"/>
    <nd ref="11283590727"/>
    <nd ref="243494258"/>
    <nd ref="11283590728"/>
    <nd ref="5264758979"/>
    <nd ref="11283590729"/>
    <nd ref="25691449"/>
    <tag k="highway" v="residential"/>
    <tag k="lit" v="yes"/>
    <tag k="maxspeed" v="30"/>
    <tag k="maxspeed:type" v="CZ:zone30"/>
    <tag k="name" v="Park Charlotty Garrigue Masarykové"/>
    <tag k="name:etymology:wikidata" v="Q3490671"/>
    <tag k="oneway" v="yes"/>
    <tag k="sidewalk:both" v="separate"/>
    <tag k="smoothness" v="good"/>
    <tag k="sorting_name" v="Charlotty Garrigue Masarykové"/>
    <tag k="surface" v="asphalt"/>
    <tag k="zone:maxspeed" v="30"/>
  </way>
  <way id="32563425">
    <nd ref="25655266"/>
    <nd ref="5784509655"/>
    <nd ref="25655275"/>
    <nd ref="5784509654"/>
    <nd ref="5784509653"/>
    <nd ref="10130034741"/>
    <nd ref="5066391883"/>
    <nd ref="5469030607"/>
    <nd ref="8425594865"/>
    <nd ref="110622704"/>
    <tag k="cycleway:both" v="no"/>
    <tag k="highway" v="residential"/>
    <tag k="lane_markings" v="no"/>
    <tag k="lit" v="yes"/>
    <tag k="maxspeed" v="50"/>
    <tag k="name" v="Růžová"/>
    <tag k="name:de" v="Rosengasse"/>
    <tag k="oneway" v="yes"/>
    <tag k="sidewalk" v="both"/>
    <tag k="source:maxspeed" v="CZ:urban"/>
    <tag k="surface" v="sett"/>
  </way>
  <way id="32564265">
    <nd ref="25655305"/>
    <nd ref="4244230406"/>
    <nd ref="25655306"/>
    <nd ref="290931821"/>
    <tag k="cycleway:both" v="no"/>
    <tag k="highway" v="residential"/>
    <tag k="lane_markings" v="no"/>
    <tag k="lanes:forward" v="1"/>
    <tag k="lit" v="yes"/>
    <tag k="name" v="Štěpánská"/>
    <tag k="name:de" v="Stefansgasse"/>
    <tag k="name:etymology:wikidata" v="Q1742727"/>
    <tag k="name:ru" v="Штепанская улица"/>
    <tag k="oneway" v="yes"/>
    <tag k="parking:both:zone" v="blue"/>
    <tag k="sidewalk" v="separate"/>
    <tag k="surface" v="asphalt"/>
  </way>
  <way id="32617120">
    <nd ref="247759"/>
    <nd ref="13987907977"/>
    <nd ref="13987907952"/>
    <nd ref="13987907940"/>
    <nd ref="13987907942"/>
    <nd ref="4323267378"/>
    <nd ref="13987907939"/>
    <nd ref="4323267371"/>
    <nd ref="13987907948"/>
    <nd ref="13987907949"/>
    <nd ref="13987907951"/>
    <nd ref="13987907950"/>
    <nd ref="13987907933"/>
    <nd ref="13987907932"/>
    <nd ref="13987907931"/>
    <nd ref="7726221675"/>
    <nd ref="4323267352"/>
    <tag k="cycleway:right" v="no"/>
    <tag k="embedded_rails" v="tram"/>
    <tag k="highway" v="secondary"/>
    <tag k="lane_markings" v="no"/>
    <tag k="lit" v="yes"/>
    <tag k="maxspeed" v="50"/>
    <tag k="name" v="Chotkova"/>
    <tag k="name:cs" v="Chotkova"/>
    <tag k="name:de" v="Chotek-Straße"/>
    <tag k="name:etymology" v="Karel Chotek z Chotkova"/>
    <tag k="name:etymology:wikidata" v="Q872870"/>
    <tag k="oneway" v="yes"/>
    <tag k="source:maxspeed" v="CZ:urban"/>
    <tag k="surface" v="sett"/>
    <tag k="wikidata" v="Q11727019"/>
    <tag k="wikimedia_commons" v="Category:Chotkova (Prague)"/>
    <tag k="wikipedia" v="cs:Chotkova (Praha)"/>
  </way>
  <way id="32843352">
    <nd ref="4323267352"/>
    <nd ref="12312615337"/>
    <nd ref="7050256374"/>
    <nd ref="1290886586"/>
    <nd ref="7050256373"/>
    <nd ref="7050256372"/>
    <nd ref="221444828"/>
    <nd ref="1316382371"/>
    <nd ref="25690535"/>
    <tag k="cycleway" v="soft_lane"/>
    <tag k="highway" v="secondary"/>
    <tag k="lanes" v="2"/>
    <tag k="lit" v="yes"/>
    <tag k="maxspeed" v="50"/>
    <tag k="name" v="Mariánské hradby"/>
    <tag k="name:cs" v="Mariánské hradby"/>
    <tag k="name:de" v="Marienschanze"/>
    <tag k="surface" v="asphalt"/>
    <tag k="wikidata" v="Q43388874"/>
    <tag k="wikimedia_commons" v="Category:Mariánské hradby (street)"/>
  </way>
  <way id="33757823">
    <nd ref="1238413429"/>
    <nd ref="8746404186"/>
    <nd ref="610907198"/>
    <nd ref="523106750"/>
    <tag k="cycleway:left" v="soft_lane"/>
    <tag k="cycleway:right" v="soft_lane"/>
    <tag k="description" v="V roce 2021 zúženo na 3 pruhy (ze 4)"/>
    <tag k="highway" v="tertiary"/>
    <tag k="lanes" v="3"/>
    <tag k="lanes:forward" v="1"/>
    <tag k="maxspeed" v="50"/>
    <tag k="maxweight" v="3.5"/>
    <tag k="name" v="nábřeží Ludvíka Svobody"/>
    <tag k="name:etymology:wikidata" v="Q310000"/>
    <tag k="sidewalk:both" v="separate"/>
    <tag k="surface" v="asphalt"/>
    <tag k="turn:lanes:backward" v="through|through;right"/>
  </way>
  <way id="33772333">
    <nd ref="350564278"/>
    <nd ref="350564273"/>
    <tag k="highway" v="residential"/>
    <tag k="maxspeed" v="30"/>
    <tag k="maxspeed:type" v="CZ:zone30"/>
    <tag k="name" v="K Brusce"/>
    <tag k="name:de" v="Sandtorstraße"/>
    <tag k="sidewalk:left" v="separate"/>
    <tag k="sidewalk:right" v="no"/>
    <tag k="smoothness" v="intermediate"/>
    <tag k="source" v="cuzk:km;survey"/>
    <tag k="surface" v="sett"/>
    <tag k="zone:maxspeed" v="30"/>
  </way>
  <way id="34433552">
    <nd ref="8601640113"/>
    <nd ref="1407012515"/>
    <nd ref="25655054"/>
    <tag k="cycleway:both" v="no"/>
    <tag k="highway" v="residential"/>
    <tag k="lanes" v="1"/>
    <tag k="lit" v="yes"/>
    <tag k="lit_by_gaslight" v="yes"/>
    <tag k="maxspeed" v="50"/>
    <tag k="name" v="Celetná"/>
    <tag k="name:be" v="Вуліца Цэлетна"/>
    <tag k="name:de" v="Zeltnergasse"/>
    <tag k="name:eo" v="Strato Celetná"/>
    <tag k="name:ru" v="Целетная улица"/>
    <tag k="name:sk" v="Celetná"/>
    <tag k="name:uk" v="Целетна вулиця"/>
    <tag k="name:zh" v="采莱特纳街"/>
    <tag k="sidewalk:both" v="separate"/>
    <tag k="source:maxspeed" v="CZ:urban"/>
    <tag k="surface" v="asphalt"/>
    <tag k="tourism" v="attraction"/>
    <tag k="wheelchair" v="yes"/>
    <tag k="wikidata" v="Q2452427"/>
    <tag k="wikipedia" v="cs:Celetná"/>
  </way>
  <way id="34433553">
    <nd ref="25657014"/>
    <nd ref="1990844653"/>
    <nd ref="9902671055"/>
    <nd ref="26424104"/>
    <nd ref="1990844656"/>
    <nd ref="25656959"/>
    <tag k="highway" v="living_street"/>
    <tag k="lanes" v="1"/>
    <tag k="lit" v="yes"/>
    <tag k="lit_by_gaslight" v="yes"/>
    <tag k="maxspeed" v="20"/>
    <tag k="maxspeed:type" v="CZ:living_street"/>
    <tag k="name" v="Uhelný trh"/>
    <tag k="name:de" v="Kohlenmarkt"/>
    <tag k="name:ru" v="Угольный рынок"/>
    <tag k="oneway" v="yes"/>
    <tag k="surface" v="sett"/>
  </way>
  <way id="37060381">
    <nd ref="432573217"/>
    <nd ref="13207700436"/>
    <nd ref="13207700444"/>
    <nd ref="13207700439"/>
    <nd ref="13207700435"/>
    <nd ref="25660119"/>
    <nd ref="1251663082"/>
    <nd ref="25660750"/>
    <tag k="highway" v="residential"/>
    <tag k="lane_markings" v="no"/>
    <tag k="lit" v="yes"/>
    <tag k="maxspeed" v="50"/>
    <tag k="name" v="Rybná"/>
    <tag k="name:de" v="Fischmarkt"/>
    <tag k="name:ru" v="Рыбная улица"/>
    <tag k="oneway" v="no"/>
    <tag k="parking:left" v="separate"/>
    <tag k="parking:right" v="no"/>
    <tag k="sidewalk:both" v="separate"/>
    <tag k="source:maxspeed" v="CZ:urban"/>
    <tag k="surface" v="asphalt"/>
    <tag k="wikidata" v="Q43396980"/>
  </way>
  <way id="37060389">
    <nd ref="12355433049"/>
    <nd ref="1801415799"/>
    <nd ref="529128767"/>
    <nd ref="1837048182"/>
    <nd ref="354686144"/>
    <nd ref="25685168"/>
    <tag k="highway" v="residential"/>
    <tag k="lanes" v="1"/>
    <tag k="maxspeed" v="50"/>
    <tag k="name" v="Na Františku"/>
    <tag k="name:de" v="Bei Sankt Franziskus"/>
    <tag k="oneway" v="yes"/>
    <tag k="sidewalk:left" v="no"/>
    <tag k="sidewalk:right" v="separate"/>
    <tag k="source:maxspeed" v="CZ:urban"/>
    <tag k="surface" v="sett"/>
    <tag k="wikidata" v="Q43389131"/>
  </way>
  <way id="37141548">
    <nd ref="315530550"/>
    <nd ref="5758218766"/>
    <nd ref="8695094443"/>
    <nd ref="5758218764"/>
    <nd ref="25660750"/>
    <tag k="highway" v="residential"/>
    <tag k="lane_markings" v="no"/>
    <tag k="maxspeed" v="50"/>
    <tag k="name" v="Masná"/>
    <tag k="name:de" v="Fleischmarktgasse"/>
    <tag k="name:ru" v="Мясная улица"/>
    <tag k="oneway" v="yes"/>
    <tag k="sidewalk:both" v="separate"/>
    <tag k="source:maxspeed" v="CZ:urban"/>
    <tag k="surface" v="sett"/>
    <tag k="wikidata" v="Q43388883"/>
  </way>
  <way id="39467351">
    <nd ref="25658911"/>
    <nd ref="9282800452"/>
    <nd ref="12197787408"/>
    <nd ref="9282800451"/>
    <nd ref="586483723"/>
    <tag k="cycleway:both" v="no"/>
    <tag k="highway" v="residential"/>
    <tag k="lanes" v="1"/>
    <tag k="lit" v="yes"/>
    <tag k="name" v="Mariánské náměstí"/>
    <tag k="name:de" v="Marienplatz"/>
    <tag k="oneway" v="yes"/>
    <tag k="oneway:bicycle" v="yes"/>
    <tag k="sidewalk:both" v="separate"/>
    <tag k="smoothness" v="intermediate"/>
    <tag k="start_date" v="2019"/>
    <tag k="surface" v="sett"/>
  </way>
  <way id="39467353">
    <nd ref="25658993"/>
    <nd ref="12199947601"/>
    <nd ref="26424072"/>
    <nd ref="25658615"/>
    <nd ref="13184537124"/>
    <nd ref="315524016"/>
    <nd ref="26424073"/>
    <nd ref="13184534984"/>
    <nd ref="5184615564"/>
    <nd ref="25658614"/>
    <tag k="fixme" v="resurvey oneway, parking conditions"/>
    <tag k="highway" v="residential"/>
    <tag k="lanes" v="1"/>
    <tag k="lit" v="yes"/>
    <tag k="lit_by_gaslight" v="yes"/>
    <tag k="maxspeed" v="30"/>
    <tag k="motor_vehicle" v="destination"/>
    <tag k="name" v="Husova"/>
    <tag k="name:be" v="Гусава вуліца"/>
    <tag k="name:de" v="Husgasse"/>
    <tag k="name:etymology:wikidata" v="Q43977"/>
    <tag k="name:ru" v="Гусова улица"/>
    <tag k="note" v="tady zjevně proběhly nějaké tiché změny spolu s &quot;aférou staroměstský krokodýl&quot;, resurvey jednosměrnost?"/>
    <tag k="oneway" v="no"/>
    <tag k="parking:both" v="no"/>
    <tag k="parking:condition:both" v="no_stopping"/>
    <tag k="sidewalk" v="both"/>
    <tag k="sidewalk:both:surface" v="sett"/>
    <tag k="smoothness" v="bad"/>
    <tag k="source:width" v="ARCore"/>
    <tag k="surface" v="sett"/>
    <tag k="width" v="4.3"/>
  </way>
  <way id="39467354">
    <nd ref="13184534939"/>
    <nd ref="431313110"/>
    <nd ref="25657120"/>
    <tag k="highway" v="residential"/>
    <tag k="lanes" v="1"/>
    <tag k="lit" v="yes"/>
    <tag k="maxspeed" v="50"/>
    <tag k="name" v="Husova"/>
    <tag k="name:be" v="Гусава вуліца"/>
    <tag k="name:de" v="Husgasse"/>
    <tag k="name:etymology:wikidata" v="Q43977"/>
    <tag k="name:ru" v="Гусова улица"/>
    <tag k="oneway" v="yes"/>
    <tag k="oneway:bicycle" v="yes"/>
    <tag k="parking:left" v="no"/>
    <tag k="parking:right" v="lane"/>
    <tag k="parking:right:orientation" v="parallel"/>
    <tag k="sidewalk:both" v="separate"/>
    <tag k="smoothness" v="bad"/>
    <tag k="surface" v="sett"/>
  </way>
  <way id="39467355">
    <nd ref="25657120"/>
    <nd ref="3948265675"/>
    <nd ref="1928708608"/>
    <nd ref="8603698585"/>
    <nd ref="25658616"/>
    <tag k="bicycle" v="yes"/>
    <tag k="foot" v="yes"/>
    <tag k="highway" v="living_street"/>
    <tag k="lanes" v="1"/>
    <tag k="lit" v="yes"/>
    <tag k="lit_by_gaslight" v="yes"/>
    <tag k="maxspeed" v="20"/>
    <tag k="motor_vehicle" v="destination"/>
    <tag k="name" v="Jilská"/>
    <tag k="name:be" v="Йільская вуліца"/>
    <tag k="name:de" v="Ägydigasse"/>
    <tag k="name:ru" v="Йилская улица"/>
    <tag k="oneway" v="yes"/>
    <tag k="oneway:bicycle" v="yes"/>
    <tag k="parking:both" v="no"/>
    <tag k="sidewalk" v="right"/>
    <tag k="sidewalk:right:surface" v="sett"/>
    <tag k="source:name" v="nameit/uir-adr"/>
    <tag k="surface" v="paving_stones"/>
    <tag k="width" v="2.5"/>
    <tag k="wikidata" v="Q43387890"/>
  </way>
  <way id="39469125">
    <nd ref="25659012"/>
    <nd ref="25660491"/>
    <nd ref="1016303799"/>
    <nd ref="8599370602"/>
    <nd ref="8599370603"/>
    <nd ref="472661921"/>
    <tag k="cycleway:both" v="no"/>
    <tag k="highway" v="residential"/>
    <tag k="lanes" v="1"/>
    <tag k="lit" v="yes"/>
    <tag k="name" v="Platnéřská"/>
    <tag k="name:de" v="Platnergasse"/>
    <tag k="name:ru" v="Платнержская улица"/>
    <tag k="oneway" v="yes"/>
    <tag k="sidewalk:both" v="separate"/>
    <tag k="smoothness" v="excellent"/>
    <tag k="surface" v="asphalt"/>
    <tag k="wikidata" v="Q43394945"/>
    <tag k="wikimedia_commons" v="Category:Platnéřská"/>
    <tag k="wikipedia" v="cs:Platnéřská"/>
  </way>
  <way id="39469127">
    <nd ref="25658970"/>
    <nd ref="300519480"/>
    <nd ref="12199753277"/>
    <nd ref="12199753278"/>
    <nd ref="1414449542"/>
    <tag k="cycleway:both" v="no"/>
    <tag k="highway" v="residential"/>
    <tag k="lane_markings" v="no"/>
    <tag k="lit" v="yes"/>
    <tag k="name" v="U Radnice"/>
    <tag k="name:de" v="Rathausgasse"/>
    <tag k="name:ru" v="У Ратуши"/>
    <tag k="oneway" v="no"/>
    <tag k="sidewalk:both" v="separate"/>
    <tag k="source" v="https://www.praha1.cz/dopravni-zmeny-v-okoli-marianske-namesti/"/>
    <tag k="surface" v="asphalt"/>
  </way>
  <way id="39469129">
    <nd ref="472661921"/>
    <nd ref="8599370599"/>
    <nd ref="8599370598"/>
    <nd ref="8599370600"/>
    <nd ref="472661923"/>
    <tag k="cycleway:both" v="no"/>
    <tag k="highway" v="residential"/>
    <tag k="lane_markings" v="no"/>
    <tag k="lit" v="yes"/>
    <tag k="maxspeed:type" v="CZ:urban"/>
    <tag k="name" v="náměstí Franze Kafky"/>
    <tag k="name:de" v="Franz-Kafka-Platz"/>
    <tag k="name:en" v="Franz Kafka Square"/>
    <tag k="name:nl" v="Franz Kafkaplein"/>
    <tag k="name:ru" v="площадь Франца Кафки"/>
    <tag k="oneway" v="yes"/>
    <tag k="sidewalk:both" v="separate"/>
    <tag k="smoothness" v="excellent"/>
    <tag k="surface" v="asphalt"/>
  </way>
  <way id="39469131">
    <nd ref="472661922"/>
    <nd ref="6479078023"/>
    <nd ref="1016303611"/>
    <nd ref="300519473"/>
    <nd ref="9187809"/>
    <tag k="cycleway:both" v="no"/>
    <tag k="highway" v="residential"/>
    <tag k="lanes" v="1"/>
    <tag k="lit" v="yes"/>
    <tag k="maxspeed:type" v="CZ:urban"/>
    <tag k="name" v="Maiselova"/>
    <tag k="name:de" v="Meiselgasse"/>
    <tag k="name:etymology:wikidata" v="Q721293"/>
    <tag k="name:ru" v="улица Майзелова"/>
    <tag k="oneway" v="yes"/>
    <tag k="sidewalk:both" v="separate"/>
    <tag k="smoothness" v="good"/>
    <tag k="surface" v="sett"/>
    <tag k="wikidata" v="Q26897372"/>
  </way>
  <way id="39506477">
    <nd ref="25658226"/>
    <nd ref="12244336077"/>
    <nd ref="3822336795"/>
    <nd ref="25655302"/>
    <tag k="cycleway:left" v="lane"/>
    <tag k="cycleway:left:oneway" v="-1"/>
    <tag k="cycleway:right" v="no"/>
    <tag k="highway" v="residential"/>
    <tag k="lanes" v="1"/>
    <tag k="lit" v="yes"/>
    <tag k="maxspeed" v="50"/>
    <tag k="name" v="Jungmannova"/>
    <tag k="name:de" v="Jungmannstraße"/>
    <tag k="oneway" v="yes"/>
    <tag k="oneway:bicycle" v="no"/>
    <tag k="parking:both" v="separate"/>
    <tag k="sidewalk" v="separate"/>
    <tag k="smoothness" v="excellent"/>
    <tag k="source" v="https://mapa.prahounakole.cz/#informace@misto=p_6385"/>
    <tag k="source:width" v="ARCore"/>
    <tag k="surface" v="asphalt"/>
    <tag k="width" v="9.2"/>
  </way>
  <way id="39562377">
    <nd ref="1238413444"/>
    <nd ref="8718996474"/>
    <nd ref="8408926629"/>
    <nd ref="2297225992"/>
    <tag k="cycleway:both" v="no"/>
    <tag k="highway" v="tertiary"/>
    <tag k="lanes" v="2"/>
    <tag k="maxspeed" v="50"/>
    <tag k="name" v="Lannova"/>
    <tag k="sidewalk:left" v="no"/>
    <tag k="sidewalk:right" v="separate"/>
    <tag k="source:maxspeed" v="CZ:urban"/>
    <tag k="surface" v="asphalt"/>
    <tag k="turn:lanes:backward" v="left;through"/>
  </way>
  <way id="40316234">
    <nd ref="172517"/>
    <nd ref="1014526045"/>
    <nd ref="25674495"/>
    <tag k="cycleway:both" v="no"/>
    <tag k="embedded_rails" v="tram"/>
    <tag k="embedded_rails:lanes" v="tram|"/>
    <tag k="highway" v="residential"/>
    <tag k="lanes" v="2"/>
    <tag k="lit" v="yes"/>
    <tag k="name" v="Vítězná"/>
    <tag k="parking:right" v="yes"/>
    <tag k="parking:right:orientation" v="parallel"/>
    <tag k="sidewalk:both" v="separate"/>
    <tag k="smoothness" v="good"/>
    <tag k="source" v="bing;cuzk"/>
    <tag k="surface" v="asphalt"/>
  </way>
  <way id="40316235">
    <nd ref="25674704"/>
    <nd ref="25674495"/>
    <tag k="cycleway:left" v="no"/>
    <tag k="embedded_rails" v="tram"/>
    <tag k="highway" v="residential"/>
    <tag k="lanes" v="2"/>
    <tag k="lanes:backward" v="1"/>
    <tag k="lanes:forward" v="1"/>
    <tag k="lit" v="yes"/>
    <tag k="maxspeed:type" v="CZ:urban"/>
    <tag k="name" v="Vítězná"/>
    <tag k="parking:condition:right" v="ticket"/>
    <tag k="parking:left" v="no"/>
    <tag k="parking:left:restriction" v="no_parking"/>
    <tag k="parking:right" v="lane"/>
    <tag k="parking:right:orientation" v="parallel"/>
    <tag k="sidewalk" v="separate"/>
    <tag k="smoothness" v="good"/>
    <tag k="source" v="bing;cuzk"/>
    <tag k="surface" v="asphalt"/>
    <tag k="turn:lanes:backward" v="through"/>
    <tag k="turn:lanes:forward" v="left;through;right"/>
  </way>
  <way id="41198340">
    <nd ref="25690535"/>
    <nd ref="2512606645"/>
    <nd ref="355627689"/>
    <tag k="cycleway" v="soft_lane"/>
    <tag k="highway" v="secondary"/>
    <tag k="lane_markings" v="yes"/>
    <tag k="lanes" v="2"/>
    <tag k="lit" v="yes"/>
    <tag k="name" v="Mariánské hradby"/>
    <tag k="name:cs" v="Mariánské hradby"/>
    <tag k="name:de" v="Marienschanze"/>
    <tag k="surface" v="asphalt"/>
    <tag k="wikidata" v="Q43388874"/>
    <tag k="wikimedia_commons" v="Category:Mariánské hradby (street)"/>
  </way>
  <way id="41199594">
    <nd ref="25685116"/>
    <nd ref="315529867"/>
    <nd ref="1251663073"/>
    <nd ref="13800718746"/>
    <nd ref="13800718745"/>
    <nd ref="1407012529"/>
    <nd ref="25685119"/>
    <tag k="highway" v="residential"/>
    <tag k="lanes" v="1"/>
    <tag k="name" v="Kozí"/>
    <tag k="name:de" v="Ziegengasse"/>
    <tag k="name:ru" v="Козья улица"/>
    <tag k="oneway" v="yes"/>
    <tag k="sidewalk:left" v="separate"/>
    <tag k="sidewalk:right" v="yes"/>
    <tag k="source:name" v="nameit/uir-adr"/>
    <tag k="surface" v="sett"/>
    <tag k="wikidata" v="Q43388439"/>
  </way>
  <way id="41382878">
    <nd ref="25685535"/>
    <nd ref="9817072016"/>
    <nd ref="1302564458"/>
    <nd ref="25685533"/>
    <tag k="cycleway:both" v="no"/>
    <tag k="highway" v="residential"/>
    <tag k="lanes" v="1"/>
    <tag k="lit" v="yes"/>
    <tag k="motor_vehicle" v="destination"/>
    <tag k="name" v="Kosárkovo nábřeží"/>
    <tag k="name:cs" v="Kosárkovo nábřeží"/>
    <tag k="oneway" v="no"/>
    <tag k="sidewalk:both" v="separate"/>
    <tag k="surface" v="sett"/>
  </way>
  <way id="41382880">
    <nd ref="25685536"/>
    <nd ref="10991775308"/>
    <nd ref="10991775309"/>
    <nd ref="10991775310"/>
    <nd ref="10991775312"/>
    <nd ref="10991775314"/>
    <nd ref="1307169367"/>
    <nd ref="10991775315"/>
    <nd ref="25685535"/>
    <tag k="cycleway:both" v="no"/>
    <tag k="highway" v="residential"/>
    <tag k="lanes" v="1"/>
    <tag k="lit" v="yes"/>
    <tag k="motor_vehicle" v="private"/>
    <tag k="name" v="Kosárkovo nábřeží"/>
    <tag k="name:cs" v="Kosárkovo nábřeží"/>
    <tag k="oneway" v="yes"/>
    <tag k="oneway:bicycle" v="no"/>
    <tag k="sidewalk:left" v="no"/>
    <tag k="sidewalk:right" v="separate"/>
    <tag k="smoothness" v="good"/>
    <tag k="surface" v="asphalt"/>
  </way>
  <way id="41385874">
    <nd ref="26516747"/>
    <nd ref="8409238721"/>
    <nd ref="4931475033"/>
    <tag k="foot" v="yes"/>
    <tag k="highway" v="residential"/>
    <tag k="lane_markings" v="no"/>
    <tag k="lit" v="yes"/>
    <tag k="maxspeed" v="50"/>
    <tag k="name" v="Revoluční"/>
    <tag k="name:cs" v="Revoluční"/>
    <tag k="oneway" v="yes"/>
    <tag k="oneway:bicycle" v="yes"/>
    <tag k="oneway:psv" v="no"/>
    <tag k="source:maxspeed" v="CZ:urban"/>
    <tag k="surface" v="asphalt"/>
  </way>
  <way id="41386904">
    <nd ref="25685111"/>
    <nd ref="315532361"/>
    <nd ref="26517594"/>
    <tag k="cycleway:left" v="no"/>
    <tag k="cycleway:right" v="no"/>
    <tag k="highway" v="residential"/>
    <tag k="lane_markings" v="no"/>
    <tag k="name" v="Haštalská"/>
    <tag k="name:de" v="Kastalusgasse"/>
    <tag k="name:etymology:wikidata" v="Q12030733"/>
    <tag k="name:ru" v="Гашталская улица"/>
    <tag k="oneway" v="yes"/>
    <tag k="oneway:bicycle" v="no"/>
    <tag k="sidewalk:both" v="separate"/>
    <tag k="surface" v="sett"/>
    <tag k="traffic_calming" v="table"/>
    <tag k="wikidata" v="Q20019979"/>
  </way>
  <way id="41386905">
    <nd ref="25685096"/>
    <nd ref="13274369449"/>
    <nd ref="315530174"/>
    <nd ref="1837049362"/>
    <nd ref="12463899938"/>
    <tag k="cycleway:both" v="no"/>
    <tag k="highway" v="residential"/>
    <tag k="lane_markings" v="no"/>
    <tag k="lit" v="yes"/>
    <tag k="maxspeed" v="50"/>
    <tag k="name" v="Haštalská"/>
    <tag k="name:de" v="Kastalusgasse"/>
    <tag k="name:etymology:wikidata" v="Q12030733"/>
    <tag k="name:ru" v="Гашталская улица"/>
    <tag k="oneway" v="yes"/>
    <tag k="parking:left" v="no"/>
    <tag k="sidewalk:both" v="separate"/>
    <tag k="source:maxspeed" v="CZ:urban"/>
    <tag k="surface" v="sett"/>
    <tag k="wikidata" v="Q20019979"/>
  </way>
  <way id="41433038">
    <nd ref="21257803"/>
    <nd ref="276837687"/>
    <tag k="cycleway:both" v="no"/>
    <tag k="highway" v="secondary"/>
    <tag k="lanes" v="2"/>
    <tag k="lit" v="yes"/>
    <tag k="maxspeed" v="50"/>
    <tag k="name" v="nábřeží Edvarda Beneše"/>
    <tag k="name:etymology:wikidata" v="Q152274"/>
    <tag k="sidewalk" v="separate"/>
    <tag k="smoothness" v="excellent"/>
    <tag k="sorting_name" v="Edvarda Beneše"/>
    <tag k="source:maxspeed" v="CZ:urban"/>
    <tag k="surface" v="asphalt"/>
    <tag k="wikidata" v="Q43396282"/>
    <tag k="wikimedia_commons" v="Category:Nábřeží Edvarda Beneše"/>
    <tag k="wikipedia" v="cs:Nábřeží Edvarda Beneše"/>
  </way>
  <way id="41433039">
    <nd ref="276837687"/>
    <nd ref="309292588"/>
    <tag k="embedded_rails:lanes" v="|tram|tram|"/>
    <tag k="highway" v="secondary"/>
    <tag k="lanes" v="2"/>
    <tag k="lit" v="yes"/>
    <tag k="maxspeed" v="50"/>
    <tag k="name" v="nábřeží Edvarda Beneše"/>
    <tag k="name:etymology:wikidata" v="Q152274"/>
    <tag k="sidewalk:left" v="no"/>
    <tag k="sidewalk:right" v="separate"/>
    <tag k="smoothness" v="excellent"/>
    <tag k="sorting_name" v="Edvarda Beneše"/>
    <tag k="source:maxspeed" v="CZ:urban"/>
    <tag k="surface" v="asphalt"/>
    <tag k="wikidata" v="Q43396282"/>
    <tag k="wikimedia_commons" v="Category:Nábřeží Edvarda Beneše"/>
    <tag k="wikipedia" v="cs:Nábřeží Edvarda Beneše"/>
  </way>
  <way id="41492498">
    <nd ref="8810390"/>
    <nd ref="1016303246"/>
    <nd ref="25685294"/>
    <tag k="highway" v="residential"/>
    <tag k="his:1400-1840:name" v="Bílkova"/>
    <tag k="his:1840-1870:name" v="Malá Křížová"/>
    <tag k="his:1870-1940:name" v="Bílkova"/>
    <tag k="his:1940-1945:name" v="Waldhauserova"/>
    <tag k="his:1945-:name" v="Bílkova"/>
    <tag k="lanes" v="2"/>
    <tag k="lit" v="yes"/>
    <tag k="maxspeed:type" v="CZ:urban"/>
    <tag k="name" v="Bílkova"/>
    <tag k="name:ru" v="Билкова улица"/>
    <tag k="sidewalk:both" v="separate"/>
    <tag k="smoothness" v="intermediate"/>
    <tag k="source:name" v="nameit/uir-adr"/>
    <tag k="surface" v="sett"/>
    <tag k="wikidata" v="Q21822545"/>
  </way>
  <way id="42147560">
    <nd ref="282761013"/>
    <nd ref="13361409416"/>
    <nd ref="1410302988"/>
    <nd ref="25657274"/>
    <tag k="bicycle" v="yes"/>
    <tag k="cycleway:both" v="no"/>
    <tag k="embedded_rails" v="tram"/>
    <tag k="highway" v="residential"/>
    <tag k="lanes" v="2"/>
    <tag k="lit" v="yes"/>
    <tag k="maxspeed" v="50"/>
    <tag k="maxspeed:type" v="CZ:urban"/>
    <tag k="motor_vehicle" v="destination"/>
    <tag k="name" v="Spálená"/>
    <tag k="name:de" v="Brenntegasse"/>
    <tag k="sidewalk:both" v="separate"/>
    <tag k="smoothness" v="bad"/>
    <tag k="source" v="bing;cuzk"/>
    <tag k="surface" v="sett"/>
  </way>
  <way id="42390104">
    <nd ref="25660102"/>
    <nd ref="7040692502"/>
    <nd ref="7040618855"/>
    <tag k="highway" v="residential"/>
    <tag k="lanes" v="1"/>
    <tag k="maxspeed" v="20"/>
    <tag k="name" v="Dlouhá"/>
    <tag k="name:de" v="Lange Gasse"/>
    <tag k="name:etymology:wikidata" v="Q113171416"/>
    <tag k="name:ru" v="Длинная улица"/>
    <tag k="oneway" v="yes"/>
    <tag k="oneway:bicycle" v="no"/>
    <tag k="sidewalk:both" v="separate"/>
    <tag k="surface" v="sett"/>
    <tag k="wikidata" v="Q11812534"/>
    <tag k="wikipedia" v="cs:Dlouhá (Praha)"/>
  </way>
  <way id="43762291">
    <nd ref="25655138"/>
    <nd ref="1157156584"/>
    <nd ref="10267154003"/>
    <nd ref="10159806535"/>
    <nd ref="10159806536"/>
    <nd ref="25655139"/>
    <tag k="highway" v="residential"/>
    <tag k="lane_markings" v="no"/>
    <tag k="lit" v="yes"/>
    <tag k="maxspeed" v="50"/>
    <tag k="name" v="Senovážné náměstí"/>
    <tag k="name:de" v="Heuwaagsplatz"/>
    <tag k="oneway" v="yes"/>
    <tag k="parking:left" v="no"/>
    <tag k="parking:right" v="lane"/>
    <tag k="parking:right:orientation" v="parallel"/>
    <tag k="sidewalk:both" v="separate"/>
    <tag k="source:maxspeed" v="CZ:urban"/>
    <tag k="source:name" v="nameit/uir-adr"/>
    <tag k="surface" v="sett"/>
  </way>
  <way id="44293063">
    <nd ref="354688200"/>
    <nd ref="4167290584"/>
    <nd ref="354688206"/>
    <nd ref="3305500302"/>
    <tag k="highway" v="residential"/>
    <tag k="name" v="Nové Mlýny"/>
    <tag k="name:de" v="Neumühlen"/>
    <tag k="name:ru" v="Ново-Мельничная улица"/>
    <tag k="oneway" v="yes"/>
    <tag k="wikidata" v="Q43052145"/>
  </way>
  <way id="52953332">
    <nd ref="12312636285"/>
    <nd ref="8397512680"/>
    <nd ref="8397512681"/>
    <nd ref="8397512682"/>
    <nd ref="8397512683"/>
    <nd ref="8397512684"/>
    <nd ref="8397512685"/>
    <nd ref="8397512686"/>
    <nd ref="8397512749"/>
    <nd ref="8397512687"/>
    <nd ref="8397512688"/>
    <nd ref="8397512689"/>
    <nd ref="8397512748"/>
    <nd ref="12312636258"/>
    <nd ref="12312636257"/>
    <nd ref="21713481"/>
    <tag k="cycleway:right" v="soft_lane"/>
    <tag k="highway" v="secondary"/>
    <tag k="lanes" v="1"/>
    <tag k="lit" v="yes"/>
    <tag k="maxspeed" v="50"/>
    <tag k="name" v="nábřeží Edvarda Beneše"/>
    <tag k="name:etymology:wikidata" v="Q152274"/>
    <tag k="note" v="Bicycle soft_lane since 2021"/>
    <tag k="oneway" v="yes"/>
    <tag k="parking:both" v="no"/>
    <tag k="smoothness" v="excellent"/>
    <tag k="sorting_name" v="Edvarda Beneše"/>
    <tag k="source:maxspeed" v="CZ:urban"/>
    <tag k="surface" v="asphalt"/>
    <tag k="wikidata" v="Q43396282"/>
    <tag k="wikimedia_commons" v="Category:Nábřeží Edvarda Beneše"/>
    <tag k="wikipedia" v="cs:Nábřeží Edvarda Beneše"/>
  </way>
  <way id="52953337">
    <nd ref="309292591"/>
    <nd ref="309292592"/>
    <tag k="covered" v="yes"/>
    <tag k="cycleway:right" v="no"/>
    <tag k="highway" v="secondary"/>
    <tag k="lanes" v="1"/>
    <tag k="layer" v="-1"/>
    <tag k="lit" v="yes"/>
    <tag k="maxheight" v="default"/>
    <tag k="maxspeed" v="50"/>
    <tag k="name" v="nábřeží Edvarda Beneše"/>
    <tag k="name:etymology:wikidata" v="Q152274"/>
    <tag k="oneway" v="yes"/>
    <tag k="shoulder" v="no"/>
    <tag k="sidewalk:left" v="yes"/>
    <tag k="sidewalk:right" v="separate"/>
    <tag k="sorting_name" v="Edvarda Beneše"/>
    <tag k="source:maxspeed" v="CZ:urban"/>
    <tag k="surface" v="asphalt"/>
    <tag k="tunnel" v="yes"/>
    <tag k="wikidata" v="Q43396282"/>
    <tag k="wikimedia_commons" v="Category:Nábřeží Edvarda Beneše"/>
    <tag k="wikipedia" v="cs:Nábřeží Edvarda Beneše"/>
  </way>
  <way id="55503427">
    <nd ref="26517823"/>
    <nd ref="1225461943"/>
    <nd ref="25685306"/>
    <nd ref="1225461939"/>
    <nd ref="25685294"/>
    <tag k="highway" v="residential"/>
    <tag k="lanes" v="1"/>
    <tag k="lit" v="yes"/>
    <tag k="maxspeed:type" v="CZ:urban"/>
    <tag k="name" v="Elišky Krásnohorské"/>
    <tag k="name:de" v="Eliška-Krásnohorská-Gasse"/>
    <tag k="name:etymology:wikidata" v="Q274171"/>
    <tag k="oneway" v="yes"/>
    <tag k="sidewalk:both" v="separate"/>
    <tag k="surface" v="sett"/>
    <tag k="wikidata" v="Q25336723"/>
  </way>
  <way id="61972828">
    <nd ref="386606057"/>
    <nd ref="11716625048"/>
    <nd ref="4323841245"/>
    <nd ref="11716625049"/>
    <nd ref="1235949581"/>
    <nd ref="5262527611"/>
    <nd ref="288450095"/>
    <tag k="highway" v="secondary_link"/>
    <tag k="lanes" v="1"/>
    <tag k="lit" v="yes"/>
    <tag k="maxspeed" v="50"/>
    <tag k="name" v="U Bruských kasáren"/>
    <tag k="name:cs" v="U Bruských kasáren"/>
    <tag k="name:de" v="Sandtorkaserne"/>
    <tag k="oneway" v="yes"/>
    <tag k="sidewalk:left" v="separate"/>
    <tag k="sidewalk:right" v="no"/>
    <tag k="smoothness" v="excellent"/>
    <tag k="source:maxspeed" v="CZ:urban"/>
    <tag k="surface" v="asphalt"/>
    <tag k="turn:lanes" v="left"/>
    <tag k="wikidata" v="Q43398921"/>
    <tag k="wikimedia_commons" v="Category:U Bruských kasáren"/>
  </way>
  <way id="65272952">
    <nd ref="25655139"/>
    <nd ref="1240059918"/>
    <nd ref="1157156575"/>
    <nd ref="25655137"/>
    <tag k="highway" v="residential"/>
    <tag k="lane_markings" v="no"/>
    <tag k="lit" v="yes"/>
    <tag k="maxspeed" v="50"/>
    <tag k="name" v="Senovážné náměstí"/>
    <tag k="name:de" v="Heuwaagsplatz"/>
    <tag k="oneway" v="yes"/>
    <tag k="parking:both" v="lane"/>
    <tag k="parking:left:orientation" v="parallel"/>
    <tag k="parking:right:orientation" v="diagonal"/>
    <tag k="sidewalk:left" v="yes"/>
    <tag k="sidewalk:right" v="separate"/>
    <tag k="source:maxspeed" v="CZ:urban"/>
    <tag k="source:name" v="nameit/uir-adr"/>
    <tag k="surface" v="sett"/>
  </way>
  <way id="68126154">
    <nd ref="1406960693"/>
    <nd ref="13197415342"/>
    <nd ref="300524474"/>
    <tag k="highway" v="living_street"/>
    <tag k="lit" v="yes"/>
    <tag k="maxspeed" v="20"/>
    <tag k="motor_vehicle" v="destination"/>
    <tag k="name" v="Havelská"/>
    <tag k="name:de" v="Gallusgasse"/>
    <tag k="name:pl" v="Gawelska"/>
    <tag k="oneway" v="yes"/>
    <tag k="surface" v="sett"/>
    <tag k="wikidata" v="Q11085427"/>
  </way>
  <way id="75278401">
    <nd ref="25685319"/>
    <nd ref="7934591987"/>
    <tag k="hazard" v="children"/>
    <tag k="highway" v="residential"/>
    <tag k="lit" v="yes"/>
    <tag k="maxspeed" v="20"/>
    <tag k="name" v="náměstí Curieových"/>
    <tag k="name:etymology:wikidata" v="Q11297474"/>
    <tag k="short_name" v="nám. Curieových"/>
    <tag k="sidewalk:both" v="separate"/>
    <tag k="sorting_name" v="Curieových"/>
    <tag k="source:name" v="nameit/uir-adr"/>
    <tag k="surface" v="asphalt"/>
  </way>
  <way id="77468149">
    <nd ref="5068616222"/>
    <nd ref="25685546"/>
    <tag k="carriage" v="no"/>
    <tag k="highway" v="residential"/>
    <tag k="lane_markings" v="no"/>
    <tag k="lit" v="yes"/>
    <tag k="lit_by_gaslight" v="yes"/>
    <tag k="name" v="U Lužického semináře"/>
    <tag k="name:cs" v="U Lužického semináře"/>
    <tag k="name:de" v="Zum Lausitzer Seminar"/>
    <tag k="name:etymology:wikidata" v="Q160739"/>
    <tag k="oneway" v="no"/>
    <tag k="sidewalk:left" v="no"/>
    <tag k="sidewalk:right" v="separate"/>
    <tag k="surface" v="sett"/>
  </way>
  <way id="77468150">
    <nd ref="25685546"/>
    <nd ref="5068616221"/>
    <tag k="carriage" v="no"/>
    <tag k="highway" v="residential"/>
    <tag k="lane_markings" v="no"/>
    <tag k="lit" v="yes"/>
    <tag k="lit_by_gaslight" v="yes"/>
    <tag k="name" v="U Lužického semináře"/>
    <tag k="name:cs" v="U Lužického semináře"/>
    <tag k="name:de" v="Zum Lausitzer Seminar"/>
    <tag k="name:etymology:wikidata" v="Q160739"/>
    <tag k="oneway" v="no"/>
    <tag k="sidewalk:left" v="no"/>
    <tag k="sidewalk:right" v="separate"/>
    <tag k="smoothness" v="intermediate"/>
    <tag k="surface" v="sett"/>
  </way>
  <way id="79091681">
    <nd ref="472661923"/>
    <nd ref="8599370601"/>
    <nd ref="472661922"/>
    <tag k="cycleway:both" v="no"/>
    <tag k="highway" v="residential"/>
    <tag k="lane_markings" v="no"/>
    <tag k="lit" v="yes"/>
    <tag k="maxspeed:type" v="CZ:urban"/>
    <tag k="name" v="náměstí Franze Kafky"/>
    <tag k="name:de" v="Franz-Kafka-Platz"/>
    <tag k="name:nl" v="Franz Kafkaplein"/>
    <tag k="name:ru" v="площадь Франца Кафки"/>
    <tag k="oneway" v="yes"/>
    <tag k="sidewalk:both" v="separate"/>
    <tag k="smoothness" v="excellent"/>
    <tag k="surface" v="asphalt"/>
  </way>
  <way id="79274523">
    <nd ref="298867577"/>
    <nd ref="25674662"/>
    <tag k="cycleway:right" v="lane"/>
    <tag k="cycleway:right:lane" v="exclusive"/>
    <tag k="highway" v="residential"/>
    <tag k="lanes" v="1"/>
    <tag k="lit" v="yes"/>
    <tag k="name" v="Zborovská"/>
    <tag k="oneway" v="yes"/>
    <tag k="parking:both" v="separate"/>
    <tag k="sidewalk:both" v="separate"/>
    <tag k="smoothness" v="good"/>
    <tag k="surface" v="asphalt"/>
  </way>
  <way id="79274524">
    <nd ref="25674673"/>
    <nd ref="1030966692"/>
    <nd ref="25674684"/>
    <tag k="cycleway:right" v="lane"/>
    <tag k="cycleway:right:lane" v="exclusive"/>
    <tag k="highway" v="residential"/>
    <tag k="lanes" v="1"/>
    <tag k="lit" v="yes"/>
    <tag k="name" v="Zborovská"/>
    <tag k="oneway" v="yes"/>
    <tag k="parking:both" v="separate"/>
    <tag k="sidewalk:both" v="separate"/>
    <tag k="surface" v="asphalt"/>
  </way>
  <way id="79748723">
    <nd ref="25674662"/>
    <nd ref="1030967257"/>
    <nd ref="25674673"/>
    <tag k="cycleway:left" v="no"/>
    <tag k="cycleway:right" v="lane"/>
    <tag k="cycleway:right:lane" v="exclusive"/>
    <tag k="highway" v="residential"/>
    <tag k="lanes" v="1"/>
    <tag k="lit" v="yes"/>
    <tag k="maxspeed" v="30"/>
    <tag k="name" v="Zborovská"/>
    <tag k="oneway" v="yes"/>
    <tag k="parking:both" v="separate"/>
    <tag k="sidewalk:both" v="separate"/>
    <tag k="source:maxspeed" v="sign"/>
    <tag k="surface" v="asphalt"/>
  </way>
  <way id="87249763">
    <nd ref="354684481"/>
    <nd ref="8648122532"/>
    <nd ref="382300103"/>
    <nd ref="315518089"/>
    <nd ref="21266467"/>
    <tag k="access:lanes:backward" v="no|yes"/>
    <tag k="highway" v="residential"/>
    <tag k="lanes" v="3"/>
    <tag k="lanes:backward" v="2"/>
    <tag k="lanes:forward" v="1"/>
    <tag k="lit" v="yes"/>
    <tag k="maxspeed:type" v="CZ:urban"/>
    <tag k="name" v="Mánesův most"/>
    <tag k="name:de" v="Mánes-Brücke"/>
    <tag k="name:etymology:wikidata" v="Q955415"/>
    <tag k="name:ru" v="Манесов мост"/>
    <tag k="old_name:de" v="Franz-Ferdinand-Brücke"/>
    <tag k="psv:lanes:backward" v="yes|"/>
    <tag k="sidewalk:both" v="separate"/>
    <tag k="smoothness" v="intermediate"/>
    <tag k="surface" v="sett"/>
  </way>
  <way id="93709831">
    <nd ref="12753050454"/>
    <nd ref="12753050463"/>
    <nd ref="1825997271"/>
    <nd ref="1016303311"/>
    <nd ref="12753050460"/>
    <nd ref="292756411"/>
    <tag k="highway" v="tertiary"/>
    <tag k="lanes" v="3"/>
    <tag k="lanes:backward" v="2"/>
    <tag k="lanes:forward" v="2"/>
    <tag k="lit" v="yes"/>
    <tag k="maxspeed:type" v="CZ:urban"/>
    <tag k="name" v="Dvořákovo nábřeží"/>
    <tag k="name:etymology:wikidata" v="Q7298"/>
    <tag k="name:ru" v="набережная Дворжака"/>
    <tag k="sidewalk:both" v="separate"/>
    <tag k="smoothness" v="intermediate"/>
    <tag k="surface" v="sett"/>
    <tag k="wikidata" v="Q24052087"/>
  </way>
  <way id="93949376">
    <nd ref="292756627"/>
    <nd ref="13273821356"/>
    <tag k="highway" v="living_street"/>
    <tag k="lanes" v="1"/>
    <tag k="lit" v="yes"/>
    <tag k="lit_by_gaslight" v="yes"/>
    <tag k="maxspeed" v="20"/>
    <tag k="name" v="U Milosrdných"/>
    <tag k="name:de" v="Barmherzigengasse"/>
    <tag k="name:etymology:wikidata" v="Q58005623"/>
    <tag k="name:ru" v="улица У Милосердных"/>
    <tag k="oneway" v="yes"/>
    <tag k="oneway:bicycle" v="no"/>
    <tag k="sidewalk:left" v="separate"/>
    <tag k="sidewalk:right" v="no"/>
    <tag k="source:name" v="nameit/uir-adr"/>
    <tag k="surface" v="sett"/>
    <tag k="wikidata" v="Q43399056"/>
  </way>
  <way id="93949483">
    <nd ref="25685117"/>
    <nd ref="13799278696"/>
    <nd ref="315529879"/>
    <nd ref="315529878"/>
    <nd ref="3426533360"/>
    <tag k="highway" v="residential"/>
    <tag k="lane_markings" v="no"/>
    <tag k="lit" v="yes"/>
    <tag k="maxspeed:type" v="CZ:urban"/>
    <tag k="name" v="Kozí"/>
    <tag k="name:de" v="Ziegengasse"/>
    <tag k="name:ru" v="Козья улица"/>
    <tag k="sidewalk:both" v="separate"/>
    <tag k="smoothness" v="bad"/>
    <tag k="source:name" v="nameit/uir-adr"/>
    <tag k="surface" v="sett"/>
    <tag k="wikidata" v="Q43388439"/>
  </way>
  <way id="93949521">
    <nd ref="25685119"/>
    <nd ref="9558712217"/>
    <nd ref="25685117"/>
    <tag k="highway" v="residential"/>
    <tag k="lane_markings" v="no"/>
    <tag k="lit" v="yes"/>
    <tag k="name" v="Kozí"/>
    <tag k="name:de" v="Ziegengasse"/>
    <tag k="name:ru" v="Козья улица"/>
    <tag k="sidewalk" v="no"/>
    <tag k="source:name" v="nameit/uir-adr"/>
    <tag k="surface" v="sett"/>
    <tag k="wikidata" v="Q43388439"/>
  </way>
  <way id="95049525">
    <nd ref="354688204"/>
    <nd ref="354688201"/>
    <nd ref="354688203"/>
    <tag k="highway" v="living_street"/>
    <tag k="name" v="Novomlýnská"/>
    <tag k="name:de" v="Neumühlgasse"/>
  </way>
  <way id="101680349">
    <nd ref="1535515880"/>
    <nd ref="7726221676"/>
    <nd ref="11618368955"/>
    <nd ref="12529874705"/>
    <nd ref="5262527614"/>
    <nd ref="1174003834"/>
    <tag k="cycleway:right" v="no"/>
    <tag k="foot" v="no"/>
    <tag k="highway" v="secondary"/>
    <tag k="lane_markings" v="no"/>
    <tag k="lanes" v="1"/>
    <tag k="lit" v="yes"/>
    <tag k="maxspeed" v="50"/>
    <tag k="name" v="Badeniho"/>
    <tag k="name:de" v="Badenistraße"/>
    <tag k="name:etymology" v="Kasimir Felix Badeni"/>
    <tag k="name:etymology:wikidata" v="Q697799"/>
    <tag k="old_name" v="I. V. Mičurina"/>
    <tag k="oneway" v="yes"/>
    <tag k="sidewalk" v="no"/>
    <tag k="source:maxspeed" v="CZ:urban"/>
    <tag k="surface" v="asphalt"/>
    <tag k="wikidata" v="Q43386342"/>
    <tag k="wikimedia_commons" v="Category:Badeniho"/>
    <tag k="wikipedia" v="cs:Badeniho"/>
  </way>
  <way id="106516483">
    <nd ref="1558131318"/>
    <nd ref="1558131322"/>
    <tag k="cycleway:right" v="no"/>
    <tag k="highway" v="secondary_link"/>
    <tag k="lanes" v="1"/>
    <tag k="layer" v="-1"/>
    <tag k="lit" v="yes"/>
    <tag k="maxheight" v="3.8"/>
    <tag k="maxspeed" v="50"/>
    <tag k="name" v="nábřeží Edvarda Beneše"/>
    <tag k="name:etymology:wikidata" v="Q152274"/>
    <tag k="oneway" v="yes"/>
    <tag k="source:maxspeed" v="CZ:urban"/>
    <tag k="surface" v="asphalt"/>
    <tag k="tunnel" v="yes"/>
    <tag k="wikidata" v="Q43396282"/>
    <tag k="wikimedia_commons" v="Category:Nábřeží Edvarda Beneše"/>
    <tag k="wikipedia" v="cs:Nábřeží Edvarda Beneše"/>
  </way>
  <way id="106516486">
    <nd ref="1558131322"/>
    <nd ref="246515776"/>
    <nd ref="8397550997"/>
    <nd ref="8397550996"/>
    <tag k="cycleway:right" v="no"/>
    <tag k="highway" v="secondary_link"/>
    <tag k="lanes" v="1"/>
    <tag k="lit" v="yes"/>
    <tag k="maxspeed" v="50"/>
    <tag k="name" v="nábřeží Kapitána Jaroše"/>
    <tag k="name:etymology:wikidata" v="Q156070"/>
    <tag k="oneway" v="yes"/>
    <tag k="sorting_name" v="Kapitána Jaroše"/>
    <tag k="source:maxspeed" v="CZ:urban"/>
    <tag k="surface" v="asphalt"/>
  </way>
  <way id="106518154">
    <nd ref="1225419809"/>
    <nd ref="9891950235"/>
    <nd ref="8887864044"/>
    <nd ref="1014526093"/>
    <nd ref="299059749"/>
    <tag k="architect" v="Antonín Balšánek;Jiří Soukup"/>
    <tag k="architect:wikidata" v="Q608226"/>
    <tag k="bridge" v="yes"/>
    <tag k="bridge:structure" v="arch"/>
    <tag k="bus" v="no"/>
    <tag k="cycleway:both" v="no"/>
    <tag k="embedded_rails" v="tram"/>
    <tag k="highway" v="residential"/>
    <tag k="lanes" v="2"/>
    <tag k="lanes:backward" v="1"/>
    <tag k="lanes:forward" v="1"/>
    <tag k="layer" v="1"/>
    <tag k="lit" v="yes"/>
    <tag k="maxspeed:type" v="CZ:urban"/>
    <tag k="maxweight" v="3.5"/>
    <tag k="maxwidth" v="2"/>
    <tag k="maxwidth:backward" v="default"/>
    <tag k="maxwidth:forward" v="2"/>
    <tag k="maxwidth:psv" v="default"/>
    <tag k="name" v="most Legií"/>
    <tag k="name:cs" v="most Legií"/>
    <tag k="name:cy" v="Pont Y Lleng"/>
    <tag k="name:de" v="Brücke der Legionen"/>
    <tag k="name:en" v="Bridge of Legions"/>
    <tag k="name:etymology:wikidata" v="Q605324"/>
    <tag k="name:ru" v="Мост Легии"/>
    <tag k="overtaking" v="no"/>
    <tag k="parking:both" v="no"/>
    <tag k="parking:both:restriction" v="no_stopping"/>
    <tag k="shoulder" v="no"/>
    <tag k="sidewalk:both" v="separate"/>
    <tag k="smoothness" v="good"/>
    <tag k="sorting_name" v="Legií"/>
    <tag k="source:architect" v="wikipedia"/>
    <tag k="source:maxwidth" v="sign"/>
    <tag k="start_date" v="1901-06-14"/>
    <tag k="surface" v="asphalt"/>
    <tag k="wikidata" v="Q11785802"/>
    <tag k="wikimedia_commons" v="Category:Most Legií"/>
    <tag k="wikipedia" v="cs:Most Legií"/>
  </way>
  <way id="106522648">
    <nd ref="25685297"/>
    <nd ref="13799278651"/>
    <nd ref="1410296775"/>
    <tag k="highway" v="residential"/>
    <tag k="his:1400-1840:name" v="Bílkova"/>
    <tag k="his:1840-1870:name" v="Malá Křížová"/>
    <tag k="his:1870-1940:name" v="Bílkova"/>
    <tag k="his:1940-1945:name" v="Waldhauserova"/>
    <tag k="his:1945-:name" v="Bílkova"/>
    <tag k="lanes" v="1"/>
    <tag k="lit" v="yes"/>
    <tag k="maxspeed:type" v="CZ:urban"/>
    <tag k="name" v="Bílkova"/>
    <tag k="name:ru" v="Билкова улица"/>
    <tag k="note" v="Oneway_bicycle=no since 2021"/>
    <tag k="oneway" v="yes"/>
    <tag k="oneway:bicycle" v="no"/>
    <tag k="sidewalk" v="both"/>
    <tag k="source:name" v="nameit/uir-adr"/>
    <tag k="surface" v="asphalt"/>
    <tag k="width" v="10"/>
    <tag k="wikidata" v="Q21822545"/>
  </way>
  <way id="106522649">
    <nd ref="25685294"/>
    <nd ref="1225461941"/>
    <nd ref="1225461938"/>
    <nd ref="25685297"/>
    <tag k="cycleway:left" v="no"/>
    <tag k="cycleway:right" v="no"/>
    <tag k="highway" v="residential"/>
    <tag k="his:1400-1840:name" v="Bílkova"/>
    <tag k="his:1840-1870:name" v="Malá Křížová"/>
    <tag k="his:1870-1940:name" v="Bílkova"/>
    <tag k="his:1940-1945:name" v="Waldhauserova"/>
    <tag k="his:1945-:name" v="Bílkova"/>
    <tag k="lane_markings" v="no"/>
    <tag k="lit" v="yes"/>
    <tag k="maxspeed:type" v="CZ:urban"/>
    <tag k="name" v="Bílkova"/>
    <tag k="name:ru" v="Билкова улица"/>
    <tag k="oneway" v="yes"/>
    <tag k="oneway:bicycle" v="no"/>
    <tag k="sidewalk:left" v="separate"/>
    <tag k="sidewalk:right" v="yes"/>
    <tag k="source:name" v="nameit/uir-adr"/>
    <tag k="surface" v="asphalt"/>
    <tag k="wikidata" v="Q21822545"/>
  </way>
  <way id="108563189">
    <nd ref="1245319939"/>
    <nd ref="1245320068"/>
    <nd ref="1245319981"/>
    <nd ref="2893317704"/>
    <nd ref="25671784"/>
    <tag k="highway" v="residential"/>
    <tag k="maxspeed" v="20"/>
    <tag k="maxspeed:type" v="sign"/>
    <tag k="name" v="Maltézské náměstí"/>
    <tag k="name:de" v="Malteserplatz"/>
    <tag k="sidewalk" v="both"/>
    <tag k="sidewalk:both:surface" v="sett"/>
    <tag k="smoothness" v="bad"/>
    <tag k="surface" v="sett"/>
  </way>
  <way id="108563191">
    <nd ref="25671772"/>
    <nd ref="1245319973"/>
    <tag k="highway" v="residential"/>
    <tag k="lane_markings" v="no"/>
    <tag k="maxspeed:type" v="CZ:urban"/>
    <tag k="name" v="Maltézské náměstí"/>
    <tag k="name:de" v="Malteserplatz"/>
    <tag k="sidewalk" v="both"/>
    <tag k="sidewalk:both:surface" v="sett"/>
    <tag k="surface" v="sett"/>
  </way>
  <way id="108563193">
    <nd ref="299707647"/>
    <nd ref="25671801"/>
    <nd ref="317918718"/>
    <nd ref="25671792"/>
    <tag k="highway" v="residential"/>
    <tag k="lanes" v="1"/>
    <tag k="lit" v="yes"/>
    <tag k="name" v="Nebovidská"/>
    <tag k="name:de" v="Nebowid-Gasse"/>
    <tag k="oneway" v="yes"/>
    <tag k="sidewalk" v="both"/>
    <tag k="sidewalk:both:surface" v="sett"/>
    <tag k="surface" v="sett"/>
  </way>
  <way id="108563194">
    <nd ref="299707656"/>
    <nd ref="5027282282"/>
    <nd ref="25673516"/>
    <tag k="highway" v="residential"/>
    <tag k="lanes" v="2"/>
    <tag k="name" v="Maltézské náměstí"/>
    <tag k="name:de" v="Malteserplatz"/>
    <tag k="name:ru" v="Мальтийская площадь"/>
    <tag k="sidewalk:both" v="separate"/>
    <tag k="sidewalk:both:surface" v="sett"/>
    <tag k="surface" v="sett"/>
  </way>
  <way id="108563197">
    <nd ref="1245320038"/>
    <nd ref="1245319947"/>
    <nd ref="1245320081"/>
    <tag k="highway" v="residential"/>
    <tag k="lanes" v="1"/>
    <tag k="lit" v="yes"/>
    <tag k="name" v="Maltézské náměstí"/>
    <tag k="name:de" v="Malteserplatz"/>
    <tag k="name:ru" v="Мальтийская площадь"/>
    <tag k="oneway" v="yes"/>
    <tag k="sidewalk" v="right"/>
    <tag k="sidewalk:right:surface" v="sett"/>
    <tag k="surface" v="sett"/>
  </way>
  <way id="109269613">
    <nd ref="8599694173"/>
    <nd ref="315524017"/>
    <nd ref="5024445654"/>
    <nd ref="25658617"/>
    <tag k="bicycle" v="yes"/>
    <tag k="foot" v="yes"/>
    <tag k="highway" v="living_street"/>
    <tag k="lanes" v="1"/>
    <tag k="lit" v="yes"/>
    <tag k="lit_by_gaslight" v="yes"/>
    <tag k="maxspeed" v="20"/>
    <tag k="motor_vehicle" v="private"/>
    <tag k="name" v="Jilská"/>
    <tag k="name:be" v="Йільская вуліца"/>
    <tag k="name:de" v="Ägydigasse"/>
    <tag k="name:ru" v="Йилская улица"/>
    <tag k="oneway" v="yes"/>
    <tag k="oneway:bicycle" v="yes"/>
    <tag k="parking:both" v="no"/>
    <tag k="sidewalk" v="both"/>
    <tag k="sidewalk:both:surface" v="sett"/>
    <tag k="source:name" v="nameit/uir-adr"/>
    <tag k="surface" v="sett"/>
    <tag k="width" v="2.5"/>
    <tag k="wikidata" v="Q43387890"/>
  </way>
  <way id="109301769">
    <nd ref="503333220"/>
    <nd ref="10636694686"/>
    <nd ref="8601656881"/>
    <nd ref="8601656880"/>
    <nd ref="300519435"/>
    <nd ref="8601656879"/>
    <nd ref="5537868724"/>
    <nd ref="300519447"/>
    <nd ref="8601656887"/>
    <nd ref="12199735437"/>
    <nd ref="300519448"/>
    <nd ref="25659741"/>
    <tag k="cycleway:both" v="no"/>
    <tag k="highway" v="residential"/>
    <tag k="lanes" v="1"/>
    <tag k="lit" v="yes"/>
    <tag k="name" v="Staroměstské náměstí"/>
    <tag k="name:de" v="Altstädter Ring"/>
    <tag k="name:en" v="Old Town Square"/>
    <tag k="name:etymology:wikidata" v="Q748211"/>
    <tag k="name:he" v="כיכר עיר עתיקה"/>
    <tag k="name:ja" v="旧市街広場"/>
    <tag k="name:nl" v="Oude Stadsplein"/>
    <tag k="name:ru" v="Староместская площадь"/>
    <tag k="oneway" v="yes"/>
    <tag k="sidewalk:both" v="separate"/>
    <tag k="surface" v="sett"/>
  </way>
  <way id="109301770">
    <nd ref="8810401"/>
    <nd ref="7040673734"/>
    <nd ref="9193158501"/>
    <nd ref="8810402"/>
    <tag k="highway" v="residential"/>
    <tag k="lanes" v="2"/>
    <tag k="lit" v="yes"/>
    <tag k="name" v="Dlouhá"/>
    <tag k="name:de" v="Lange Gasse"/>
    <tag k="name:etymology:wikidata" v="Q113171416"/>
    <tag k="name:ru" v="Длинная улица"/>
    <tag k="oneway" v="yes"/>
    <tag k="sidewalk:both" v="separate"/>
    <tag k="surface" v="sett"/>
    <tag k="wikidata" v="Q11812534"/>
    <tag k="wikipedia" v="cs:Dlouhá (Praha)"/>
  </way>
  <way id="109301771">
    <nd ref="25685297"/>
    <nd ref="26517824"/>
    <nd ref="11930026622"/>
    <nd ref="25685301"/>
    <tag k="highway" v="residential"/>
    <tag k="lanes" v="1"/>
    <tag k="lit" v="yes"/>
    <tag k="maxspeed:type" v="CZ:urban"/>
    <tag k="name" v="Dušní"/>
    <tag k="name:de" v="Geistgasse"/>
    <tag k="name:etymology:wikidata" v="Q2282608"/>
    <tag k="name:ru" v="Душни улица"/>
    <tag k="oneway" v="yes"/>
    <tag k="sidewalk" v="both"/>
    <tag k="source:name" v="nameit/uir-adr"/>
    <tag k="surface" v="asphalt"/>
    <tag k="wikidata" v="Q23770370"/>
  </way>
  <way id="109939338">
    <nd ref="1014526019"/>
    <nd ref="9891913702"/>
    <nd ref="8887864043"/>
    <nd ref="9891913691"/>
    <nd ref="366393588"/>
    <nd ref="9891950238"/>
    <nd ref="1548825601"/>
    <tag k="bicycle" v="yes"/>
    <tag k="cycleway:left" v="separate"/>
    <tag k="cycleway:right" v="shared_lane"/>
    <tag k="cycleway:right:lane" v="pictogram"/>
    <tag k="embedded_rails" v="tram"/>
    <tag k="highway" v="residential"/>
    <tag k="lanes" v="2"/>
    <tag k="lanes:backward" v="1"/>
    <tag k="lanes:forward" v="1"/>
    <tag k="lit" v="yes"/>
    <tag k="maxspeed:backward" v="30"/>
    <tag k="maxspeed:forward" v="50"/>
    <tag k="name" v="Masarykovo nábřeží"/>
    <tag k="name:de" v="Masaryk-Ufer"/>
    <tag k="name:etymology:wikidata" v="Q78492"/>
    <tag k="name:ru" v="набережная Масарика"/>
    <tag k="sidewalk:left" v="yes"/>
    <tag k="sidewalk:left:surface" v="sett"/>
    <tag k="sidewalk:right" v="separate"/>
    <tag k="smoothness" v="excellent"/>
    <tag k="surface" v="asphalt"/>
    <tag k="turn:lanes:backward" v="right"/>
    <tag k="wikidata" v="Q18667556"/>
    <tag k="wikipedia" v="cs:Masarykovo nábřeží"/>
  </way>
  <way id="110995809">
    <nd ref="1265637994"/>
    <nd ref="10703812"/>
    <tag k="highway" v="residential"/>
    <tag k="lane_markings" v="no"/>
    <tag k="name" v="Konviktská"/>
    <tag k="name:de" v="Konviktgasse"/>
    <tag k="name:etymology:wikidata" v="Q21428422"/>
    <tag k="oneway" v="no"/>
    <tag k="sidewalk:both" v="separate"/>
    <tag k="surface" v="asphalt"/>
  </way>
  <way id="115199351">
    <nd ref="25674927"/>
    <nd ref="1302564597"/>
    <nd ref="299707637"/>
    <tag k="cycleway:both" v="no"/>
    <tag k="highway" v="residential"/>
    <tag k="lanes" v="1"/>
    <tag k="lit" v="yes"/>
    <tag k="name" v="Říční"/>
    <tag k="name:de" v="Flußgasse"/>
    <tag k="sidewalk:both" v="separate"/>
    <tag k="sidewalk:both:surface" v="sett"/>
    <tag k="surface" v="asphalt"/>
  </way>
  <way id="115721668">
    <nd ref="21713484"/>
    <nd ref="8397512754"/>
    <nd ref="1306660644"/>
    <nd ref="8397512755"/>
    <nd ref="8397512756"/>
    <nd ref="21713483"/>
    <nd ref="8397512727"/>
    <nd ref="8397512726"/>
    <nd ref="1306660627"/>
    <nd ref="8397512725"/>
    <nd ref="8397512724"/>
    <nd ref="21713482"/>
    <nd ref="3773215578"/>
    <nd ref="1306660605"/>
    <nd ref="8397512701"/>
    <nd ref="8397512679"/>
    <tag k="foot" v="no"/>
    <tag k="highway" v="secondary"/>
    <tag k="lanes" v="2"/>
    <tag k="lit" v="yes"/>
    <tag k="maxspeed" v="50"/>
    <tag k="name" v="nábřeží Edvarda Beneše"/>
    <tag k="name:etymology:wikidata" v="Q152274"/>
    <tag k="oneway" v="yes"/>
    <tag k="sidewalk" v="no"/>
    <tag k="sorting_name" v="Edvarda Beneše"/>
    <tag k="source:maxspeed" v="CZ:urban"/>
    <tag k="surface" v="asphalt"/>
    <tag k="wikidata" v="Q43396282"/>
    <tag k="wikimedia_commons" v="Category:Nábřeží Edvarda Beneše"/>
    <tag k="wikipedia" v="cs:Nábřeží Edvarda Beneše"/>
  </way>
  <way id="115721670">
    <nd ref="8397512675"/>
    <nd ref="8397512674"/>
    <nd ref="8397512673"/>
    <nd ref="9216521395"/>
    <nd ref="8397512672"/>
    <nd ref="8397512671"/>
    <nd ref="8397512758"/>
    <nd ref="8397512670"/>
    <tag k="cycleway:right" v="shared_lane"/>
    <tag k="cycleway:right:lane" v="pictogram"/>
    <tag k="embedded_rails:lanes" v="|tram|tram|"/>
    <tag k="foot" v="no"/>
    <tag k="highway" v="secondary"/>
    <tag k="lanes" v="2"/>
    <tag k="lit" v="yes"/>
    <tag k="maxspeed" v="50"/>
    <tag k="name" v="nábřeží Edvarda Beneše"/>
    <tag k="name:etymology:wikidata" v="Q152274"/>
    <tag k="note" v="Bicycle shared_lane since 2021"/>
    <tag k="oneway" v="yes"/>
    <tag k="parking:both" v="no"/>
    <tag k="sidewalk" v="no"/>
    <tag k="smoothness" v="excellent"/>
    <tag k="sorting_name" v="Edvarda Beneše"/>
    <tag k="source:maxspeed" v="CZ:urban"/>
    <tag k="surface" v="asphalt"/>
    <tag k="wikidata" v="Q43396282"/>
    <tag k="wikimedia_commons" v="Category:Nábřeží Edvarda Beneše"/>
    <tag k="wikipedia" v="cs:Nábřeží Edvarda Beneše"/>
  </way>
  <way id="115721671">
    <nd ref="1306660578"/>
    <nd ref="8397550999"/>
    <nd ref="8397551000"/>
    <nd ref="246515777"/>
    <nd ref="12652538726"/>
    <nd ref="246515778"/>
    <tag k="cycleway" v="soft_lane"/>
    <tag k="cycleway:right" v="no"/>
    <tag k="highway" v="secondary_link"/>
    <tag k="lanes" v="1"/>
    <tag k="lit" v="yes"/>
    <tag k="maxspeed" v="50"/>
    <tag k="name" v="nábřeží Kapitána Jaroše"/>
    <tag k="name:etymology:wikidata" v="Q156070"/>
    <tag k="oneway" v="yes"/>
    <tag k="smoothness" v="excellent"/>
    <tag k="source:maxspeed" v="CZ:urban"/>
    <tag k="surface" v="asphalt"/>
  </way>
  <way id="115721672">
    <nd ref="4692949900"/>
    <nd ref="21257805"/>
    <nd ref="8397051764"/>
    <nd ref="4691199656"/>
    <nd ref="1302564592"/>
    <nd ref="8397051763"/>
    <nd ref="8397051762"/>
    <nd ref="8397051761"/>
    <nd ref="8397083573"/>
    <nd ref="309292588"/>
    <tag k="cycleway:both" v="no"/>
    <tag k="foot" v="no"/>
    <tag k="highway" v="secondary"/>
    <tag k="lanes" v="1"/>
    <tag k="lit" v="yes"/>
    <tag k="maxspeed" v="50"/>
    <tag k="name" v="nábřeží Edvarda Beneše"/>
    <tag k="name:etymology:wikidata" v="Q152274"/>
    <tag k="oneway" v="yes"/>
    <tag k="sidewalk" v="no"/>
    <tag k="smoothness" v="excellent"/>
    <tag k="sorting_name" v="Edvarda Beneše"/>
    <tag k="source:maxspeed" v="CZ:urban"/>
    <tag k="surface" v="asphalt"/>
    <tag k="wikidata" v="Q43396282"/>
    <tag k="wikimedia_commons" v="Category:Nábřeží Edvarda Beneše"/>
    <tag k="wikipedia" v="cs:Nábřeží Edvarda Beneše"/>
  </way>
  <way id="115721673">
    <nd ref="1306660589"/>
    <nd ref="21713489"/>
    <nd ref="8399321089"/>
    <nd ref="8399321090"/>
    <nd ref="246515780"/>
    <nd ref="8399321091"/>
    <nd ref="8398007319"/>
    <nd ref="1016303789"/>
    <nd ref="8398007320"/>
    <nd ref="21713488"/>
    <nd ref="8398007321"/>
    <nd ref="8398007322"/>
    <nd ref="21713487"/>
    <nd ref="7131844169"/>
    <tag k="highway" v="secondary"/>
    <tag k="lanes" v="2"/>
    <tag k="lit" v="yes"/>
    <tag k="maxspeed" v="50"/>
    <tag k="name" v="nábřeží Kapitána Jaroše"/>
    <tag k="name:etymology:wikidata" v="Q156070"/>
    <tag k="oneway" v="yes"/>
    <tag k="sorting_name" v="Kapitána Jaroše"/>
    <tag k="source:maxspeed" v="CZ:urban"/>
    <tag k="surface" v="asphalt"/>
  </way>
  <way id="115784197">
    <nd ref="25674126"/>
    <nd ref="25674773"/>
    <tag k="cycleway:both" v="no"/>
    <tag k="highway" v="residential"/>
    <tag k="lanes" v="1"/>
    <tag k="name" v="Říční"/>
    <tag k="name:de" v="Flußgasse"/>
    <tag k="oneway" v="yes"/>
    <tag k="sidewalk:left" v="yes"/>
    <tag k="sidewalk:right" v="separate"/>
    <tag k="surface" v="sett"/>
  </way>
  <way id="115784198">
    <nd ref="25673206"/>
    <nd ref="25673520"/>
    <tag k="bicycle" v="yes"/>
    <tag k="foot" v="yes"/>
    <tag k="highway" v="living_street"/>
    <tag k="lanes" v="1"/>
    <tag k="lit" v="yes"/>
    <tag k="lit_by_gaslight" v="yes"/>
    <tag k="maxspeed" v="20"/>
    <tag k="motor_vehicle" v="destination"/>
    <tag k="name" v="Mostecká"/>
    <tag k="name:de" v="Brückengasse"/>
    <tag k="name:etymology:wikidata" v="Q204871"/>
    <tag k="sidewalk:both" v="separate"/>
    <tag k="smoothness" v="bad"/>
    <tag k="source:maxspeed" v="CZ:living_street"/>
    <tag k="surface" v="sett"/>
    <tag k="width" v="10"/>
    <tag k="wikidata" v="Q12038747"/>
    <tag k="wikipedia" v="cs:Mostecká (Praha)"/>
  </way>
  <way id="115784199">
    <nd ref="21266467"/>
    <nd ref="30975606"/>
    <tag k="cycleway:both" v="no"/>
    <tag k="highway" v="residential"/>
    <tag k="lanes" v="2"/>
    <tag k="lit" v="yes"/>
    <tag k="maxspeed:type" v="CZ:urban"/>
    <tag k="name" v="Mánesův most"/>
    <tag k="name:de" v="Mánes-Brücke"/>
    <tag k="name:etymology:wikidata" v="Q955415"/>
    <tag k="name:ru" v="Манесов мост"/>
    <tag k="old_name:de" v="Franz-Ferdinand-Brücke"/>
    <tag k="sidewalk:both" v="separate"/>
    <tag k="smoothness" v="good"/>
    <tag k="surface" v="asphalt"/>
  </way>
  <way id="115784200">
    <nd ref="21257798"/>
    <nd ref="3129042301"/>
    <nd ref="342639799"/>
    <nd ref="4691199653"/>
    <nd ref="1307169344"/>
    <nd ref="4691199654"/>
    <nd ref="21257800"/>
    <nd ref="342639796"/>
    <nd ref="4691199655"/>
    <nd ref="21257803"/>
    <tag k="cycleway:both" v="no"/>
    <tag k="embedded_rails:lanes" v="|tram|tram|"/>
    <tag k="highway" v="secondary"/>
    <tag k="lanes" v="2"/>
    <tag k="lit" v="yes"/>
    <tag k="maxspeed" v="30"/>
    <tag k="name" v="nábřeží Edvarda Beneše"/>
    <tag k="name:etymology:wikidata" v="Q152274"/>
    <tag k="parking:both" v="no"/>
    <tag k="sidewalk:left" v="no"/>
    <tag k="sidewalk:right" v="separate"/>
    <tag k="smoothness" v="excellent"/>
    <tag k="sorting_name" v="Edvarda Beneše"/>
    <tag k="source:maxspeed" v="sign"/>
    <tag k="surface" v="asphalt"/>
    <tag k="wikidata" v="Q43396282"/>
    <tag k="wikimedia_commons" v="Category:Nábřeží Edvarda Beneše"/>
    <tag k="wikipedia" v="cs:Nábřeží Edvarda Beneše"/>
  </way>
  <way id="115784201">
    <nd ref="4323841230"/>
    <nd ref="4691199645"/>
    <nd ref="4691199636"/>
    <nd ref="21713462"/>
    <tag k="cycleway:right" v="no"/>
    <tag k="highway" v="secondary"/>
    <tag k="lanes" v="2"/>
    <tag k="lit" v="yes"/>
    <tag k="maxspeed" v="50"/>
    <tag k="name" v="Klárov"/>
    <tag k="name:etymology" v="Alois Klar"/>
    <tag k="name:etymology:wikidata" v="Q176445"/>
    <tag k="oneway" v="yes"/>
    <tag k="sidewalk:left" v="no"/>
    <tag k="sidewalk:right" v="separate"/>
    <tag k="smoothness" v="bad"/>
    <tag k="source:maxspeed" v="CZ:urban"/>
    <tag k="surface" v="sett"/>
    <tag k="turn:lanes" v="left|through"/>
    <tag k="wikidata" v="Q12029502"/>
    <tag k="wikimedia_commons" v="Category:Klárov"/>
    <tag k="wikipedia" v="cs:Klárov"/>
  </way>
  <way id="115787737">
    <nd ref="371082765"/>
    <nd ref="8667009700"/>
    <nd ref="74185195"/>
    <nd ref="4997617311"/>
    <nd ref="1302564471"/>
    <nd ref="2918330200"/>
    <nd ref="25685546"/>
    <tag k="carriage" v="no"/>
    <tag k="highway" v="residential"/>
    <tag k="lanes" v="2"/>
    <tag k="lit" v="yes"/>
    <tag k="lit_by_gaslight" v="yes"/>
    <tag k="maxspeed:type" v="CZ:urban"/>
    <tag k="maxweight" v="3.5"/>
    <tag k="name" v="U Lužického semináře"/>
    <tag k="name:cs" v="U Lužického semináře"/>
    <tag k="name:de" v="Zum Lausitzer Seminar"/>
    <tag k="name:etymology:wikidata" v="Q160739"/>
    <tag k="oneway" v="no"/>
    <tag k="sidewalk:both" v="separate"/>
    <tag k="smoothness" v="bad"/>
    <tag k="surface" v="sett"/>
  </way>
  <way id="118174013">
    <nd ref="1329617506"/>
    <nd ref="586470757"/>
    <nd ref="10693051762"/>
    <nd ref="247749"/>
    <tag k="bicycle" v="yes"/>
    <tag k="class:bicycle:non_experienced" v="-1"/>
    <tag k="cycleway:both" v="shared_lane"/>
    <tag k="embedded_rails" v="tram"/>
    <tag k="highway" v="residential"/>
    <tag k="horse" v="no"/>
    <tag k="lanes" v="2"/>
    <tag k="lit" v="yes"/>
    <tag k="maxheight" v="3.3"/>
    <tag k="maxspeed" v="30"/>
    <tag k="name" v="Křižovnická"/>
    <tag k="name:de" v="Kreuzherrengasse"/>
    <tag k="name:ru" v="Кржижовницкая улица"/>
    <tag k="parking:both" v="no"/>
    <tag k="shoulder" v="no"/>
    <tag k="sidewalk:both" v="separate"/>
    <tag k="surface" v="sett"/>
    <tag k="wikidata" v="Q43388676"/>
  </way>
  <way id="118174197">
    <nd ref="1016303318"/>
    <nd ref="342269129"/>
    <nd ref="25658970"/>
    <tag k="cycleway:both" v="no"/>
    <tag k="highway" v="residential"/>
    <tag k="lane_markings" v="no"/>
    <tag k="lanes" v="2"/>
    <tag k="lit" v="yes"/>
    <tag k="maxspeed:type" v="CZ:urban"/>
    <tag k="name" v="Linhartská"/>
    <tag k="name:be" v="Лінхарцкая вуліца"/>
    <tag k="name:de" v="Linhartgasse"/>
    <tag k="name:ru" v="Линхартская улица"/>
    <tag k="oneway" v="no"/>
    <tag k="sidewalk:both" v="separate"/>
    <tag k="smoothness" v="excellent"/>
    <tag k="source:name" v="nameit/uir-adr"/>
    <tag k="surface" v="asphalt"/>
  </way>
  <way id="118368680">
    <nd ref="9558698708"/>
    <nd ref="13799282606"/>
    <nd ref="25685317"/>
    <tag k="highway" v="residential"/>
    <tag k="lane_markings" v="no"/>
    <tag k="lit" v="yes"/>
    <tag k="maxspeed:type" v="CZ:urban"/>
    <tag k="name" v="Dušní"/>
    <tag k="name:de" v="Geistgasse"/>
    <tag k="name:etymology:wikidata" v="Q2282608"/>
    <tag k="name:ru" v="Душни улица"/>
    <tag k="oneway" v="yes"/>
    <tag k="sidewalk:left" v="separate"/>
    <tag k="sidewalk:right" v="no"/>
    <tag k="source:name" v="nameit/uir-adr"/>
    <tag k="surface" v="asphalt"/>
    <tag k="wikidata" v="Q23770370"/>
  </way>
  <way id="118448254">
    <nd ref="1332272473"/>
    <nd ref="25674927"/>
    <tag k="cycleway:both" v="no"/>
    <tag k="highway" v="residential"/>
    <tag k="lanes" v="1"/>
    <tag k="lit" v="yes"/>
    <tag k="name" v="Říční"/>
    <tag k="name:de" v="Flußgasse"/>
    <tag k="oneway" v="yes"/>
    <tag k="oneway:bicycle" v="no"/>
    <tag k="sidewalk:both" v="separate"/>
    <tag k="surface" v="asphalt"/>
  </way>
  <way id="119092378">
    <nd ref="8810384"/>
    <nd ref="6490559351"/>
    <nd ref="354684511"/>
    <nd ref="12656939370"/>
    <nd ref="8810385"/>
    <nd ref="5622292064"/>
    <nd ref="331954584"/>
    <tag k="cycleway:both" v="no"/>
    <tag k="embedded_rails" v="tram"/>
    <tag k="highway" v="residential"/>
    <tag k="lanes" v="3"/>
    <tag k="lanes:backward" v="2"/>
    <tag k="lanes:forward" v="1"/>
    <tag k="lit" v="yes"/>
    <tag k="maxspeed:type" v="CZ:urban"/>
    <tag k="name" v="17. listopadu"/>
    <tag k="name:be" v="вуліца 17 лістапада"/>
    <tag k="name:etymology:wikidata" v="Q15054219"/>
    <tag k="name:ru" v="улица 17 ноября"/>
    <tag k="overtaking" v="no"/>
    <tag k="sidewalk" v="separate"/>
    <tag k="smoothness" v="good"/>
    <tag k="surface" v="asphalt"/>
    <tag k="wikidata" v="Q19264027"/>
  </way>
  <way id="126241544">
    <nd ref="1014526068"/>
    <nd ref="299047381"/>
    <nd ref="10698998534"/>
    <nd ref="11055018439"/>
    <nd ref="25656630"/>
    <tag k="highway" v="residential"/>
    <tag k="lane_markings" v="no"/>
    <tag k="lit" v="yes"/>
    <tag k="maxspeed" v="50"/>
    <tag k="name" v="Ostrovní"/>
    <tag k="name:de" v="Inselgasse"/>
    <tag k="oneway" v="yes"/>
    <tag k="surface" v="sett"/>
  </way>
  <way id="126241546">
    <nd ref="1399998581"/>
    <nd ref="13116255329"/>
    <nd ref="1417496266"/>
    <nd ref="25655129"/>
    <tag k="highway" v="residential"/>
    <tag k="lanes" v="1"/>
    <tag k="lit" v="yes"/>
    <tag k="maxspeed" v="50"/>
    <tag k="name" v="Senovážná"/>
    <tag k="name:de" v="Heuwaagsgasse"/>
    <tag k="oneway" v="yes"/>
    <tag k="parking:left" v="separate"/>
    <tag k="parking:right" v="no"/>
    <tag k="sidewalk:both" v="separate"/>
    <tag k="smoothness" v="excellent"/>
    <tag k="source:maxspeed" v="CZ:urban"/>
    <tag k="source:width" v="ARCore"/>
    <tag k="surface" v="asphalt"/>
    <tag k="width" v="7.1"/>
  </way>
  <way id="126241548">
    <nd ref="25656630"/>
    <nd ref="1265638006"/>
    <nd ref="1265637999"/>
    <nd ref="4714677287"/>
    <nd ref="25657389"/>
    <tag k="check_date:cycleway" v="2022-03-21"/>
    <tag k="cycleway:both" v="no"/>
    <tag k="highway" v="residential"/>
    <tag k="lane_markings" v="no"/>
    <tag k="lit" v="yes"/>
    <tag k="maxspeed" v="50"/>
    <tag k="name" v="Voršilská"/>
    <tag k="oneway" v="yes"/>
    <tag k="sidewalk:left" v="separate"/>
    <tag k="sidewalk:right" v="yes"/>
    <tag k="sidewalk:right:surface" v="sett"/>
    <tag k="surface" v="sett"/>
  </way>
  <way id="126243159">
    <nd ref="1400002842"/>
    <nd ref="2362773765"/>
    <nd ref="5097406793"/>
    <nd ref="25658608"/>
    <nd ref="338633640"/>
    <nd ref="1977834006"/>
    <nd ref="12199641744"/>
    <nd ref="25658612"/>
    <nd ref="12199641753"/>
    <nd ref="12199641754"/>
    <nd ref="25658611"/>
    <tag k="highway" v="residential"/>
    <tag k="lanes" v="1"/>
    <tag k="lit" v="yes"/>
    <tag k="lit_by_gaslight" v="yes"/>
    <tag k="name" v="Anenská"/>
    <tag k="name:de" v="Annagasse"/>
    <tag k="oneway" v="yes"/>
    <tag k="oneway:bicycle" v="yes"/>
    <tag k="sidewalk" v="both"/>
    <tag k="source:name" v="nameit/uir-adr"/>
    <tag k="surface" v="sett"/>
  </way>
  <way id="126243814">
    <nd ref="530258351"/>
    <nd ref="25655057"/>
    <nd ref="25655055"/>
    <tag k="highway" v="residential"/>
    <tag k="lane_markings" v="no"/>
    <tag k="lit" v="yes"/>
    <tag k="maxspeed" v="50"/>
    <tag k="maxspeed:advisory" v="20"/>
    <tag k="name" v="Králodvorská"/>
    <tag k="name:de" v="Königshofgasse"/>
    <tag k="name:ru" v="Кралодворская улица"/>
    <tag k="oneway" v="yes"/>
    <tag k="sidewalk:left" v="no"/>
    <tag k="sidewalk:right" v="separate"/>
    <tag k="source:maxspeed" v="CZ:urban"/>
    <tag k="source:name" v="nameit/uir-adr"/>
    <tag k="surface" v="sett"/>
    <tag k="wikidata" v="Q43388589"/>
  </way>
  <way id="126243815">
    <nd ref="25655056"/>
    <nd ref="1400002847"/>
    <nd ref="4931482075"/>
    <tag k="highway" v="residential"/>
    <tag k="lane_markings" v="no"/>
    <tag k="lit" v="yes"/>
    <tag k="maxspeed" v="50"/>
    <tag k="name" v="U Obecního domu"/>
    <tag k="name:de" v="Zum Gemeindehaus"/>
    <tag k="sidewalk:both" v="separate"/>
    <tag k="source:maxspeed" v="CZ:urban"/>
    <tag k="surface" v="sett"/>
    <tag k="wikidata" v="Q43399079"/>
  </way>
  <way id="126243816">
    <nd ref="1251645273"/>
    <nd ref="25659748"/>
    <tag k="highway" v="residential"/>
    <tag k="lanes" v="2"/>
    <tag k="lit" v="yes"/>
    <tag k="maxspeed:type" v="CZ:urban"/>
    <tag k="name" v="Široká"/>
    <tag k="name:de" v="Breite Gasse"/>
    <tag k="name:etymology:wikidata" v="Q113171416"/>
    <tag k="name:ru" v="Широкая улица"/>
    <tag k="sidewalk:both" v="separate"/>
    <tag k="smoothness" v="good"/>
    <tag k="surface" v="sett"/>
    <tag k="wikidata" v="Q26897280"/>
  </way>
  <way id="126256308">
    <nd ref="2898974390"/>
    <nd ref="25671871"/>
    <tag k="cycleway:both" v="no"/>
    <tag k="highway" v="residential"/>
    <tag k="lane_markings" v="no"/>
    <tag k="lit" v="yes"/>
    <tag k="maxspeed" v="10"/>
    <tag k="maxspeed:type" v="sign"/>
    <tag k="name" v="U Sovových mlýnů"/>
    <tag k="name:etymology:wikidata" v="Q61417293"/>
    <tag k="sidewalk" v="right"/>
    <tag k="sidewalk:right:surface" v="sett"/>
    <tag k="source" v="CZ:IPRPraha:ortofoto"/>
    <tag k="surface" v="sett"/>
  </way>
  <way id="127051757">
    <nd ref="1406960691"/>
    <nd ref="1406960693"/>
    <nd ref="25658229"/>
    <tag k="highway" v="living_street"/>
    <tag k="lit" v="yes"/>
    <tag k="maxspeed" v="20"/>
    <tag k="motor_vehicle" v="destination"/>
    <tag k="name" v="Melantrichova"/>
    <tag k="name:de" v="Melantrichgasse"/>
    <tag k="name:pl" v="Melantricha"/>
    <tag k="name:ru" v="улица Мелантрихова"/>
    <tag k="smoothness" v="intermediate"/>
    <tag k="surface" v="sett"/>
    <tag k="wikidata" v="Q43388905"/>
  </way>
  <way id="127055662">
    <nd ref="5075750426"/>
    <nd ref="1407012496"/>
    <nd ref="5076763708"/>
    <nd ref="1406960691"/>
    <tag k="highway" v="living_street"/>
    <tag k="lit" v="yes"/>
    <tag k="maxspeed" v="20"/>
    <tag k="motor_vehicle" v="destination"/>
    <tag k="name" v="Havelská"/>
    <tag k="name:de" v="Gallusgasse"/>
    <tag k="name:etymology:wikidata" v="Q180936"/>
    <tag k="name:pl" v="Gawelska"/>
    <tag k="sidewalk" v="right"/>
    <tag k="sidewalk:right:surface" v="sett"/>
    <tag k="smoothness" v="excellent"/>
    <tag k="surface" v="asphalt"/>
    <tag k="wikidata" v="Q11085427"/>
  </way>
  <way id="127055663">
    <nd ref="1407012527"/>
    <nd ref="8810404"/>
    <tag k="cycleway:both" v="no"/>
    <tag k="highway" v="residential"/>
    <tag k="lane_markings" v="no"/>
    <tag k="maxspeed" v="50"/>
    <tag k="name" v="Masná"/>
    <tag k="name:de" v="Fleischmarktgasse"/>
    <tag k="name:ru" v="Мясная улица"/>
    <tag k="oneway" v="yes"/>
    <tag k="sidewalk:left" v="separate"/>
    <tag k="sidewalk:right" v="yes"/>
    <tag k="sidewalk:right:surface" v="sett"/>
    <tag k="source:maxspeed" v="CZ:urban"/>
    <tag k="source:name" v="nameit/uir-adr"/>
    <tag k="surface" v="asphalt"/>
    <tag k="wikidata" v="Q43388883"/>
  </way>
  <way id="127055664">
    <nd ref="315530550"/>
    <nd ref="8695094441"/>
    <nd ref="8810409"/>
    <tag k="highway" v="residential"/>
    <tag k="lane_markings" v="no"/>
    <tag k="maxspeed" v="50"/>
    <tag k="name" v="Masná"/>
    <tag k="name:de" v="Fleischmarktgasse"/>
    <tag k="name:ru" v="Мясная улица"/>
    <tag k="oneway" v="yes"/>
    <tag k="sidewalk:both" v="separate"/>
    <tag k="source:maxspeed" v="CZ:urban"/>
    <tag k="surface" v="sett"/>
    <tag k="wikidata" v="Q43388883"/>
  </way>
  <way id="127055665">
    <nd ref="8810404"/>
    <nd ref="12148024984"/>
    <nd ref="1225805134"/>
    <nd ref="8810405"/>
    <nd ref="12669079593"/>
    <nd ref="12669079591"/>
    <nd ref="12669079592"/>
    <nd ref="1225805137"/>
    <nd ref="5605045915"/>
    <nd ref="12669079590"/>
    <nd ref="9457898136"/>
    <nd ref="12669079589"/>
    <nd ref="8810406"/>
    <tag k="highway" v="residential"/>
    <tag k="lanes" v="1"/>
    <tag k="maxspeed" v="50"/>
    <tag k="name" v="Masná"/>
    <tag k="name:de" v="Fleischmarktgasse"/>
    <tag k="name:ru" v="Мясная улица"/>
    <tag k="oneway" v="yes"/>
    <tag k="sidewalk:both" v="separate"/>
    <tag k="source:maxspeed" v="CZ:urban"/>
    <tag k="surface" v="asphalt"/>
    <tag k="wikidata" v="Q43388883"/>
  </way>
  <way id="127055666">
    <nd ref="25660750"/>
    <nd ref="8810409"/>
    <tag k="highway" v="residential"/>
    <tag k="lane_markings" v="no"/>
    <tag k="maxspeed" v="50"/>
    <tag k="name" v="Rybná"/>
    <tag k="name:de" v="Fischmarkt"/>
    <tag k="name:ru" v="Рыбная улица"/>
    <tag k="source:maxspeed" v="CZ:urban"/>
    <tag k="surface" v="sett"/>
    <tag k="wikidata" v="Q43396980"/>
  </way>
  <way id="127055667">
    <nd ref="300524475"/>
    <nd ref="300524470"/>
    <nd ref="7874911728"/>
    <tag k="highway" v="residential"/>
    <tag k="lanes" v="2"/>
    <tag k="lit" v="yes"/>
    <tag k="lit_by_gaslight" v="yes"/>
    <tag k="maxspeed" v="50"/>
    <tag k="motor_vehicle" v="destination"/>
    <tag k="name" v="Rytířská"/>
    <tag k="name:be" v="Рыцарская вуліца"/>
    <tag k="name:de" v="Rittergasse"/>
    <tag k="name:pl" v="Rycerska"/>
    <tag k="name:ru" v="Рыцарская улица"/>
    <tag k="sidewalk" v="separate"/>
    <tag k="source:name" v="nameit/uir-adr"/>
    <tag k="surface" v="asphalt"/>
  </way>
  <way id="127055669">
    <nd ref="25660110"/>
    <nd ref="8601656865"/>
    <nd ref="8601656864"/>
    <nd ref="8601656863"/>
    <nd ref="25660107"/>
    <tag k="highway" v="living_street"/>
    <tag k="lanes" v="1"/>
    <tag k="lit" v="yes"/>
    <tag k="lit_by_gaslight" v="yes"/>
    <tag k="maxspeed" v="20"/>
    <tag k="name" v="Týnská"/>
    <tag k="name:be" v="Тынская вуліца"/>
    <tag k="name:de" v="Teyngasse"/>
    <tag k="name:ru" v="Тынская улица"/>
    <tag k="oneway" v="yes"/>
    <tag k="source:name" v="nameit/uir-adr"/>
    <tag k="surface" v="sett"/>
  </way>
  <way id="127055674">
    <nd ref="315530170"/>
    <nd ref="5009420931"/>
    <nd ref="1837478782"/>
    <nd ref="4717143830"/>
    <nd ref="1837478781"/>
    <nd ref="292756691"/>
    <nd ref="292756643"/>
    <nd ref="315532209"/>
    <nd ref="315532386"/>
    <nd ref="292756633"/>
    <tag k="highway" v="residential"/>
    <tag k="lane_markings" v="no"/>
    <tag k="motor_vehicle" v="no"/>
    <tag k="name" v="Řásnovka"/>
    <tag k="name:de" v="Schneckengasse"/>
    <tag k="sidewalk" v="no"/>
    <tag k="source:name" v="nameit/uir-adr"/>
    <tag k="surface" v="sett"/>
    <tag k="wikidata" v="Q29966189"/>
  </way>
  <way id="127055675">
    <nd ref="25660115"/>
    <nd ref="13272949021"/>
    <nd ref="1407012517"/>
    <nd ref="13272949010"/>
    <nd ref="25660117"/>
    <tag k="highway" v="residential"/>
    <tag k="lanes" v="1"/>
    <tag k="lit" v="yes"/>
    <tag k="lit_by_gaslight" v="yes"/>
    <tag k="maxspeed" v="50"/>
    <tag k="name" v="Štupartská"/>
    <tag k="name:de" v="Stupartgasse"/>
    <tag k="oneway" v="yes"/>
    <tag k="sidewalk:both" v="separate"/>
    <tag k="source:maxspeed" v="CZ:urban"/>
    <tag k="source:name" v="nameit/uir-adr"/>
    <tag k="surface" v="sett"/>
    <tag k="wikidata" v="Q20657215"/>
  </way>
  <way id="127055676">
    <nd ref="8601656864"/>
    <nd ref="8600037686"/>
    <tag k="highway" v="living_street"/>
    <tag k="lit" v="yes"/>
    <tag k="maxspeed" v="20"/>
    <tag k="name" v="Štupartská"/>
    <tag k="name:de" v="Stupartgasse"/>
    <tag k="source:name" v="nameit/uir-adr"/>
    <tag k="surface" v="sett"/>
    <tag k="wikidata" v="Q20657215"/>
  </way>
  <way id="127404378">
    <nd ref="1410296775"/>
    <nd ref="1410296778"/>
    <nd ref="25685116"/>
    <tag k="highway" v="residential"/>
    <tag k="his:1400-1840:name" v="Bílkova"/>
    <tag k="his:1840-1870:name" v="Malá Křížová"/>
    <tag k="his:1870-1940:name" v="Bílkova"/>
    <tag k="his:1940-1945:name" v="Waldhauserova"/>
    <tag k="his:1945-:name" v="Bílkova"/>
    <tag k="lanes" v="1"/>
    <tag k="lit" v="yes"/>
    <tag k="maxspeed:type" v="CZ:urban"/>
    <tag k="name" v="Bílkova"/>
    <tag k="name:ru" v="Билкова улица"/>
    <tag k="note" v="Oneway_bicycle=no since 2021"/>
    <tag k="oneway" v="yes"/>
    <tag k="oneway:bicycle" v="no"/>
    <tag k="sidewalk:both" v="separate"/>
    <tag k="source:name" v="nameit/uir-adr"/>
    <tag k="surface" v="sett"/>
    <tag k="wikidata" v="Q21822545"/>
  </way>
  <way id="127407651">
    <nd ref="292756592"/>
    <nd ref="315532358"/>
    <nd ref="315530169"/>
    <nd ref="292756602"/>
    <tag k="highway" v="residential"/>
    <tag k="name" v="Anežská"/>
    <tag k="name:de" v="Agnesgasse"/>
    <tag k="name:etymology:wikidata" v="Q394832"/>
    <tag k="sidewalk" v="both"/>
    <tag k="source:name" v="nameit/uir-adr"/>
    <tag k="surface" v="sett"/>
    <tag k="wikidata" v="Q21188148"/>
  </way>
  <way id="127407653">
    <nd ref="292756633"/>
    <nd ref="315530173"/>
    <nd ref="13274369478"/>
    <nd ref="25685110"/>
    <tag k="highway" v="residential"/>
    <tag k="lane_markings" v="no"/>
    <tag k="lit" v="yes"/>
    <tag k="lit_by_gaslight" v="yes"/>
    <tag k="name" v="Haštalské náměstí"/>
    <tag k="name:de" v="Schneckengasse"/>
    <tag k="name:etymology:wikidata" v="Q12030733"/>
    <tag k="oneway" v="yes"/>
    <tag k="sidewalk" v="both"/>
    <tag k="source:name" v="nameit/uir-adr"/>
    <tag k="surface" v="sett"/>
  </way>
  <way id="127711588">
    <nd ref="1412916594"/>
    <nd ref="302948403"/>
    <tag k="bicycle" v="designated"/>
    <tag k="highway" v="living_street"/>
    <tag k="lanes" v="1"/>
    <tag k="lit" v="yes"/>
    <tag k="lit_by_gaslight" v="yes"/>
    <tag k="maxspeed" v="20"/>
    <tag k="name" v="Alšovo nábřeží"/>
    <tag k="name:etymology:wikidata" v="Q446948"/>
    <tag k="oneway" v="no"/>
    <tag k="oneway:bicycle" v="no"/>
    <tag k="smoothness" v="intermediate"/>
    <tag k="source:width" v="ARCore"/>
    <tag k="surface" v="sett"/>
    <tag k="width" v="2.7"/>
    <tag k="wikidata" v="Q20987033"/>
  </way>
  <way id="127711591">
    <nd ref="10703814"/>
    <nd ref="298527958"/>
    <nd ref="9891950251"/>
    <nd ref="1548825650"/>
    <tag k="bicycle" v="yes"/>
    <tag k="cycleway:left" v="separate"/>
    <tag k="cycleway:right" v="shared_lane"/>
    <tag k="cycleway:right:lane" v="pictogram"/>
    <tag k="embedded_rails" v="tram"/>
    <tag k="highway" v="residential"/>
    <tag k="horse" v="no"/>
    <tag k="lanes:backward" v="1"/>
    <tag k="lanes:forward" v="1"/>
    <tag k="lit" v="yes"/>
    <tag k="maxheight" v="3.3"/>
    <tag k="maxspeed" v="50"/>
    <tag k="maxspeed:type" v="CZ:urban"/>
    <tag k="name" v="Smetanovo nábřeží"/>
    <tag k="name:de" v="Franzensquai"/>
    <tag k="name:etymology:wikidata" v="Q48173"/>
    <tag k="name:ru" v="набережная Сметаны"/>
    <tag k="parking:right" v="no"/>
    <tag k="shoulder" v="no"/>
    <tag k="sidewalk" v="separate"/>
    <tag k="surface" v="asphalt"/>
    <tag k="wikidata" v="Q43397194"/>
  </way>
  <way id="127811435">
    <nd ref="1413857865"/>
    <nd ref="6068060670"/>
    <nd ref="110613008"/>
    <tag k="bicycle" v="yes"/>
    <tag k="foot" v="yes"/>
    <tag k="highway" v="residential"/>
    <tag k="horse" v="permit"/>
    <tag k="lanes" v="1"/>
    <tag k="lit" v="yes"/>
    <tag k="maxspeed" v="50"/>
    <tag k="name" v="Václavské náměstí"/>
    <tag k="name:be" v="Вацлаўская плошча"/>
    <tag k="name:de" v="Wenzelsplatz"/>
    <tag k="name:en" v="Wenceslas Square"/>
    <tag k="name:eo" v="Venceslaa Placo"/>
    <tag k="name:es" v="Plaza de Wenceslao"/>
    <tag k="name:etymology:wikidata" v="Q196527"/>
    <tag k="name:fr" v="Place Venceslas"/>
    <tag k="name:it" v="Piazza San Venceslao"/>
    <tag k="name:ja" v="ヴァーツラフ広場"/>
    <tag k="name:ko" v="바츨라프 광장"/>
    <tag k="name:mk" v="Вацлавски намести"/>
    <tag k="name:nl" v="Wenceslausplein"/>
    <tag k="name:pl" v="Plac Wacława"/>
    <tag k="name:pt" v="Praça de Venceslau"/>
    <tag k="name:ru" v="Вацлавская площадь"/>
    <tag k="name:uk" v="Вацлавська площа"/>
    <tag k="name:zh" v="瓦茨拉夫广场"/>
    <tag k="oneway" v="yes"/>
    <tag k="psv" v="no"/>
    <tag k="surface" v="asphalt"/>
    <tag k="turn:lanes" v="left|through"/>
  </way>
  <way id="127811437">
    <nd ref="1413857862"/>
    <nd ref="6068060638"/>
    <nd ref="3522638665"/>
    <nd ref="21672750"/>
    <tag k="bicycle" v="yes"/>
    <tag k="foot" v="yes"/>
    <tag k="highway" v="residential"/>
    <tag k="horse" v="permit"/>
    <tag k="lanes" v="1"/>
    <tag k="lit" v="yes"/>
    <tag k="name" v="Václavské náměstí"/>
    <tag k="name:be" v="Вацлаўская плошча"/>
    <tag k="name:cs" v="Václavské náměstí"/>
    <tag k="name:de" v="Wenzelsplatz"/>
    <tag k="name:en" v="Wenceslas Square"/>
    <tag k="name:eo" v="Venceslaa Placo"/>
    <tag k="name:es" v="Plaza de Wenceslao"/>
    <tag k="name:etymology:wikidata" v="Q196527"/>
    <tag k="name:fr" v="Place Venceslas"/>
    <tag k="name:it" v="Piazza San Venceslao"/>
    <tag k="name:ja" v="ヴァーツラフ広場"/>
    <tag k="name:ko" v="바츨라프 광장"/>
    <tag k="name:mk" v="Вацлавски намести"/>
    <tag k="name:nl" v="Wenceslausplein"/>
    <tag k="name:pl" v="Plac Wacława"/>
    <tag k="name:pt" v="Praça de Venceslau"/>
    <tag k="name:ru" v="Вацлавская площадь"/>
    <tag k="name:uk" v="Вацлавська площа"/>
    <tag k="name:zh" v="瓦茨拉夫广场"/>
    <tag k="oneway" v="yes"/>
    <tag k="psv" v="no"/>
    <tag k="sidewalk:both" v="separate"/>
    <tag k="source:maxspeed" v="CZ:urban"/>
    <tag k="surface" v="sett"/>
  </way>
  <way id="127867974">
    <nd ref="4692949902"/>
    <nd ref="12287495449"/>
    <nd ref="8397083462"/>
    <tag k="bridge" v="yes"/>
    <tag k="bus" v="no"/>
    <tag k="carriage" v="no"/>
    <tag k="cycleway:both" v="no"/>
    <tag k="embedded_rails" v="tram"/>
    <tag k="highway" v="tertiary"/>
    <tag k="lanes" v="2"/>
    <tag k="layer" v="1"/>
    <tag k="lit" v="yes"/>
    <tag k="maxspeed" v="50"/>
    <tag k="maxspeed:type" v="CZ:urban"/>
    <tag k="maxweight" v="3.5"/>
    <tag k="name" v="Čechův most"/>
    <tag k="name:cs" v="Čechův most"/>
    <tag k="name:cy" v="Pont Tsiechwf (Čechův)"/>
    <tag k="name:etymology:wikidata" v="Q745363"/>
    <tag k="name:ru" v="Чехов мост"/>
    <tag k="oneway" v="yes"/>
    <tag k="parking:both" v="no"/>
    <tag k="railway:lanes" v="tram|no"/>
    <tag k="shoulder" v="no"/>
    <tag k="sidewalk:left" v="no"/>
    <tag k="sidewalk:right" v="separate"/>
    <tag k="smoothness" v="excellent"/>
    <tag k="surface" v="asphalt"/>
    <tag k="turn:lanes" v="left|right"/>
    <tag k="vehicle:lanes" v="no|yes"/>
  </way>
  <way id="127882642">
    <nd ref="25685112"/>
    <nd ref="8278444942"/>
    <nd ref="1225805066"/>
    <nd ref="26517594"/>
    <tag k="bicycle" v="yes"/>
    <tag k="foot" v="yes"/>
    <tag k="highway" v="residential"/>
    <tag k="lanes" v="2"/>
    <tag k="lit" v="yes"/>
    <tag k="motor_vehicle" v="destination"/>
    <tag k="name" v="Haštalská"/>
    <tag k="name:de" v="Kastalusgasse"/>
    <tag k="name:etymology:wikidata" v="Q12030733"/>
    <tag k="name:ru" v="Гашталская улица"/>
    <tag k="sidewalk:both" v="separate"/>
    <tag k="surface" v="sett"/>
    <tag k="wikidata" v="Q20019979"/>
  </way>
  <way id="127883999">
    <nd ref="25685407"/>
    <nd ref="1016303294"/>
    <nd ref="4799890343"/>
    <nd ref="13088741826"/>
    <nd ref="9187812"/>
    <tag k="carriage" v="no"/>
    <tag k="cycleway:both" v="no"/>
    <tag k="highway" v="residential"/>
    <tag k="lane_markings" v="no"/>
    <tag k="lit" v="yes"/>
    <tag k="maxspeed:type" v="CZ:urban"/>
    <tag k="name" v="Kaprova"/>
    <tag k="name:de" v="Karpfengasse"/>
    <tag k="name:etymology:wikidata" v="Q26878352"/>
    <tag k="name:ru" v="Капрова улица"/>
    <tag k="oneway" v="yes"/>
    <tag k="parking:both" v="separate"/>
    <tag k="sidewalk:both" v="separate"/>
    <tag k="smoothness" v="excellent"/>
    <tag k="surface" v="asphalt"/>
    <tag k="wikidata" v="Q26878349"/>
    <tag k="wikimedia_commons" v="Category:Kaprova (Prague)"/>
    <tag k="wikipedia" v="cs:Kaprova (Praha)"/>
  </way>
  <way id="127885987">
    <nd ref="1016303589"/>
    <nd ref="25658970"/>
    <tag k="highway" v="residential"/>
    <tag k="lane_markings" v="no"/>
    <tag k="lit" v="yes"/>
    <tag k="name" v="U Radnice"/>
    <tag k="name:be" v="Ля Ратушы"/>
    <tag k="name:de" v="Rathausgasse"/>
    <tag k="name:ru" v="У Ратуши"/>
    <tag k="sidewalk:both" v="separate"/>
    <tag k="surface" v="asphalt"/>
  </way>
  <way id="127885988">
    <nd ref="25660491"/>
    <nd ref="1414449543"/>
    <nd ref="1414449542"/>
    <tag k="cycleway:both" v="no"/>
    <tag k="highway" v="residential"/>
    <tag k="lane_markings" v="no"/>
    <tag k="lit" v="yes"/>
    <tag k="name" v="Náměstí Franze Kafky"/>
    <tag k="oneway" v="yes"/>
    <tag k="sidewalk:both" v="separate"/>
    <tag k="surface" v="asphalt"/>
  </way>
  <way id="127885989">
    <nd ref="25685407"/>
    <nd ref="1016303363"/>
    <nd ref="12199730044"/>
    <nd ref="300520927"/>
    <nd ref="1016303670"/>
    <nd ref="25659012"/>
    <tag k="cycleway:both" v="no"/>
    <tag k="highway" v="residential"/>
    <tag k="lane_markings" v="no"/>
    <tag k="lit" v="yes"/>
    <tag k="maxspeed:type" v="CZ:urban"/>
    <tag k="name" v="Žatecká"/>
    <tag k="name:de" v="Saazergasse"/>
    <tag k="name:etymology:wikidata" v="Q393426"/>
    <tag k="name:ru" v="Жатецкая улица"/>
    <tag k="oneway" v="yes"/>
    <tag k="parking:both" v="lane"/>
    <tag k="parking:both:orientation" v="parallel"/>
    <tag k="sidewalk:both" v="separate"/>
    <tag k="smoothness" v="good"/>
    <tag k="source:name" v="nameit/uir-adr"/>
    <tag k="surface" v="asphalt"/>
    <tag k="wikidata" v="Q26897386"/>
    <tag k="wikimedia_commons" v="Category:Žatecká (Prague)"/>
    <tag k="wikipedia" v="cs:Žatecká (Praha)"/>
  </way>
  <way id="127886419">
    <nd ref="431313108"/>
    <nd ref="299047219"/>
    <nd ref="300700256"/>
    <tag k="highway" v="residential"/>
    <tag k="lanes" v="1"/>
    <tag k="lit" v="yes"/>
    <tag k="maxspeed" v="50"/>
    <tag k="name" v="Betlémská"/>
    <tag k="name:de" v="Bethlehemsgasse"/>
    <tag k="oneway" v="yes"/>
    <tag k="oneway:bicycle" v="yes"/>
    <tag k="sidewalk:left" v="yes"/>
    <tag k="sidewalk:left:surface" v="sett"/>
    <tag k="sidewalk:right" v="separate"/>
    <tag k="source:name" v="nameit/uir-adr"/>
    <tag k="surface" v="sett"/>
    <tag k="wikidata" v="Q21505974"/>
  </way>
  <way id="128346361">
    <nd ref="25655137"/>
    <nd ref="10159806534"/>
    <nd ref="10159806531"/>
    <nd ref="1157156564"/>
    <nd ref="25655138"/>
    <tag k="cycleway:both" v="no"/>
    <tag k="highway" v="residential"/>
    <tag k="lane_markings" v="no"/>
    <tag k="lit" v="yes"/>
    <tag k="maxspeed" v="50"/>
    <tag k="name" v="Senovážné náměstí"/>
    <tag k="name:de" v="Heuwaagsplatz"/>
    <tag k="oneway" v="yes"/>
    <tag k="parking:both" v="separate"/>
    <tag k="sidewalk:both" v="separate"/>
    <tag k="smoothness" v="intermediate"/>
    <tag k="source:maxspeed" v="CZ:urban"/>
    <tag k="source:name" v="nameit/uir-adr"/>
    <tag k="surface" v="sett"/>
  </way>
  <way id="128352002">
    <nd ref="110613140"/>
    <nd ref="6068060669"/>
    <nd ref="1413857862"/>
    <tag k="bicycle" v="yes"/>
    <tag k="foot" v="yes"/>
    <tag k="highway" v="residential"/>
    <tag k="horse" v="permit"/>
    <tag k="lanes" v="1"/>
    <tag k="lit" v="yes"/>
    <tag k="name" v="Václavské náměstí"/>
    <tag k="name:be" v="Вацлаўская плошча"/>
    <tag k="name:cs" v="Václavské náměstí"/>
    <tag k="name:de" v="Wenzelsplatz"/>
    <tag k="name:en" v="Wenceslas Square"/>
    <tag k="name:eo" v="Venceslaa Placo"/>
    <tag k="name:es" v="Plaza de Wenceslao"/>
    <tag k="name:etymology:wikidata" v="Q196527"/>
    <tag k="name:fr" v="Place Venceslas"/>
    <tag k="name:it" v="Piazza San Venceslao"/>
    <tag k="name:ja" v="ヴァーツラフ広場"/>
    <tag k="name:ko" v="바츨라프 광장"/>
    <tag k="name:mk" v="Вацлавски намести"/>
    <tag k="name:nl" v="Wenceslausplein"/>
    <tag k="name:pl" v="Plac Wacława"/>
    <tag k="name:pt" v="Praça de Venceslau"/>
    <tag k="name:ru" v="Вацлавская площадь"/>
    <tag k="name:uk" v="Вацлавська площа"/>
    <tag k="name:zh" v="瓦茨拉夫广场"/>
    <tag k="oneway" v="yes"/>
    <tag k="psv" v="no"/>
    <tag k="source:maxspeed" v="CZ:urban"/>
    <tag k="surface" v="asphalt"/>
  </way>
  <way id="128352010">
    <nd ref="110613008"/>
    <nd ref="8605541274"/>
    <nd ref="8605541272"/>
    <nd ref="110613113"/>
    <nd ref="4704924342"/>
    <nd ref="8605541270"/>
    <nd ref="110613121"/>
    <nd ref="8605541271"/>
    <nd ref="8605541269"/>
    <nd ref="300523709"/>
    <nd ref="8605541268"/>
    <nd ref="110613131"/>
    <nd ref="8605541273"/>
    <nd ref="110613140"/>
    <tag k="highway" v="residential"/>
    <tag k="horse" v="permit"/>
    <tag k="lane_markings" v="no"/>
    <tag k="lanes" v="1"/>
    <tag k="lit" v="yes"/>
    <tag k="maxspeed" v="50"/>
    <tag k="name" v="Václavské náměstí"/>
    <tag k="name:be" v="Вацлаўская плошча"/>
    <tag k="name:cs" v="Václavské náměstí"/>
    <tag k="name:de" v="Wenzelsplatz"/>
    <tag k="name:en" v="Wenceslas Square"/>
    <tag k="name:eo" v="Venceslaa Placo"/>
    <tag k="name:es" v="Plaza de Wenceslao"/>
    <tag k="name:etymology:wikidata" v="Q196527"/>
    <tag k="name:fr" v="Place Venceslas"/>
    <tag k="name:it" v="Piazza San Venceslao"/>
    <tag k="name:ja" v="ヴァーツラフ広場"/>
    <tag k="name:ko" v="바츨라프 광장"/>
    <tag k="name:mk" v="Вацлавски намести"/>
    <tag k="name:nl" v="Wenceslausplein"/>
    <tag k="name:pl" v="Plac Wacława"/>
    <tag k="name:pt" v="Praça de Venceslau"/>
    <tag k="name:ru" v="Вацлавская площадь"/>
    <tag k="name:uk" v="Вацлавська площа"/>
    <tag k="name:zh" v="瓦茨拉夫广场"/>
    <tag k="oneway" v="yes"/>
    <tag k="psv" v="no"/>
    <tag k="smoothness" v="excellent"/>
    <tag k="source:maxspeed" v="CZ:urban"/>
    <tag k="surface" v="asphalt"/>
  </way>
  <way id="128356307">
    <nd ref="21266471"/>
    <nd ref="1016303413"/>
    <nd ref="4057192704"/>
    <tag k="bicycle" v="yes"/>
    <tag k="cycleway" v="shared_lane"/>
    <tag k="cycleway:both" v="shared_lane"/>
    <tag k="embedded_rails" v="tram"/>
    <tag k="highway" v="residential"/>
    <tag k="horse" v="no"/>
    <tag k="lanes" v="2"/>
    <tag k="lit" v="yes"/>
    <tag k="maxheight" v="3.3"/>
    <tag k="maxspeed:backward" v="30"/>
    <tag k="name" v="Křižovnická"/>
    <tag k="name:de" v="Kreuzherrengasse"/>
    <tag k="name:ru" v="Кржижовницкая улица"/>
    <tag k="sidewalk:both" v="separate"/>
    <tag k="surface" v="asphalt"/>
    <tag k="wikidata" v="Q43388676"/>
  </way>
  <way id="128487279">
    <nd ref="1174003834"/>
    <nd ref="315509671"/>
    <nd ref="7724694637"/>
    <nd ref="4323267384"/>
    <nd ref="7724694640"/>
    <nd ref="247759"/>
    <tag k="cycleway:left" v="no"/>
    <tag k="cycleway:right" v="shared_lane"/>
    <tag k="cycleway:right:lane" v="pictogram"/>
    <tag k="foot" v="no"/>
    <tag k="highway" v="secondary"/>
    <tag k="lane_markings" v="no"/>
    <tag k="lanes" v="1"/>
    <tag k="lit" v="yes"/>
    <tag k="maxspeed" v="50"/>
    <tag k="maxspeed:type" v="CZ:urban"/>
    <tag k="name" v="Chotkova"/>
    <tag k="name:cs" v="Chotkova"/>
    <tag k="name:de" v="Chotek-Straße"/>
    <tag k="name:etymology" v="Karel Chotek z Chotkova"/>
    <tag k="name:etymology:wikidata" v="Q872870"/>
    <tag k="oneway" v="yes"/>
    <tag k="sidewalk" v="no"/>
    <tag k="source:maxspeed" v="CZ:urban"/>
    <tag k="surface" v="asphalt"/>
    <tag k="wikidata" v="Q11727019"/>
    <tag k="wikimedia_commons" v="Category:Chotkova (Prague)"/>
    <tag k="wikipedia" v="cs:Chotkova (Praha)"/>
  </way>
  <way id="128487281">
    <nd ref="25691305"/>
    <nd ref="8394248534"/>
    <tag k="bicycle" v="yes"/>
    <tag k="cycleway:both" v="no"/>
    <tag k="foot" v="yes"/>
    <tag k="highway" v="residential"/>
    <tag k="lane_markings" v="no"/>
    <tag k="lit" v="yes"/>
    <tag k="maxspeed" v="50"/>
    <tag k="maxspeed:type" v="CZ:urban"/>
    <tag k="motor_vehicle" v="destination"/>
    <tag k="name" v="Gogolova"/>
    <tag k="name:etymology:wikidata" v="Q43718"/>
    <tag k="old_name" v="Kounicova"/>
    <tag k="oneway" v="yes"/>
    <tag k="parking:both" v="separate"/>
    <tag k="sidewalk:left" v="separate"/>
    <tag k="sidewalk:right" v="no"/>
    <tag k="smoothness" v="good"/>
    <tag k="source" v="cuzk:km"/>
    <tag k="surface" v="asphalt"/>
    <tag k="width" v="7"/>
    <tag k="wikidata" v="Q43387042"/>
    <tag k="wikimedia_commons" v="Category:Gogolova (Prague)"/>
    <tag k="wikipedia" v="cs:Gogolova (Praha)"/>
  </way>
  <way id="128490320">
    <nd ref="25658960"/>
    <nd ref="7495320235"/>
    <nd ref="1016303318"/>
    <tag k="cycleway:both" v="no"/>
    <tag k="highway" v="residential"/>
    <tag k="lane_markings" v="no"/>
    <tag k="lanes" v="2"/>
    <tag k="lit" v="yes"/>
    <tag k="name" v="Linhartská"/>
    <tag k="name:be" v="Лінхарцкая вуліца"/>
    <tag k="name:de" v="Linhartgasse"/>
    <tag k="name:ru" v="Линхартская улица"/>
    <tag k="oneway" v="no"/>
    <tag k="sidewalk:both" v="separate"/>
    <tag k="source:name" v="nameit/uir-adr"/>
    <tag k="surface" v="sett"/>
  </way>
  <way id="128490321">
    <nd ref="25658927"/>
    <nd ref="25658941"/>
    <nd ref="1016303291"/>
    <nd ref="342269138"/>
    <nd ref="25659012"/>
    <tag k="cycleway:both" v="no"/>
    <tag k="highway" v="residential"/>
    <tag k="lane_markings" v="no"/>
    <tag k="lanes" v="2"/>
    <tag k="lit" v="yes"/>
    <tag k="name" v="Platnéřská"/>
    <tag k="name:de" v="Plattnergasse"/>
    <tag k="name:ru" v="Платнержская улица"/>
    <tag k="sidewalk:both" v="separate"/>
    <tag k="smoothness" v="excellent"/>
    <tag k="surface" v="asphalt"/>
    <tag k="wikidata" v="Q43394945"/>
    <tag k="wikimedia_commons" v="Category:Platnéřská"/>
    <tag k="wikipedia" v="cs:Platnéřská"/>
  </way>
  <way id="128490322">
    <nd ref="25660099"/>
    <nd ref="342269134"/>
    <nd ref="2609978300"/>
    <nd ref="25658927"/>
    <tag k="cycleway:both" v="no"/>
    <tag k="highway" v="residential"/>
    <tag k="lane_markings" v="no"/>
    <tag k="lit" v="yes"/>
    <tag k="name" v="Platnéřská"/>
    <tag k="name:de" v="Plattnergasse"/>
    <tag k="name:ru" v="Платнержская улица"/>
    <tag k="sidewalk:both" v="separate"/>
    <tag k="smoothness" v="good"/>
    <tag k="surface" v="asphalt"/>
    <tag k="wikidata" v="Q43394945"/>
    <tag k="wikimedia_commons" v="Category:Platnéřská"/>
    <tag k="wikipedia" v="cs:Platnéřská"/>
  </way>
  <way id="128494846">
    <nd ref="21672756"/>
    <nd ref="1157156576"/>
    <nd ref="472881718"/>
    <nd ref="1157156590"/>
    <nd ref="25655215"/>
    <tag k="cycleway:both" v="no"/>
    <tag k="highway" v="residential"/>
    <tag k="lane_markings" v="no"/>
    <tag k="maxspeed" v="50"/>
    <tag k="name" v="Politických vězňů"/>
    <tag k="name:de" v="Bredauer Gasse"/>
    <tag k="name:etymology:wikidata" v="Q217105"/>
    <tag k="name:ru" v="улица Политических заключённых"/>
    <tag k="oneway" v="yes"/>
    <tag k="source:maxspeed" v="CZ:urban"/>
    <tag k="surface" v="sett"/>
  </way>
  <way id="128619066">
    <nd ref="3663352125"/>
    <nd ref="8603698578"/>
    <nd ref="333347562"/>
    <nd ref="333347700"/>
    <nd ref="25658619"/>
    <tag k="bicycle" v="yes"/>
    <tag k="foot" v="yes"/>
    <tag k="highway" v="living_street"/>
    <tag k="lanes" v="1"/>
    <tag k="lit" v="yes"/>
    <tag k="lit_by_gaslight" v="yes"/>
    <tag k="maxspeed" v="20"/>
    <tag k="maxspeed:type" v="CZ:living_street"/>
    <tag k="motor_vehicle" v="no"/>
    <tag k="name" v="Michalská"/>
    <tag k="name:de" v="Michaelsgasse"/>
    <tag k="name:ru" v="Михалская улица"/>
    <tag k="sidewalk" v="left"/>
    <tag k="sidewalk:left:surface" v="sett"/>
    <tag k="surface" v="sett"/>
    <tag k="wikidata" v="Q43388950"/>
  </way>
  <way id="128721101">
    <nd ref="8408926636"/>
    <nd ref="8408926634"/>
    <nd ref="8408926642"/>
    <nd ref="13725967660"/>
    <nd ref="8718996478"/>
    <tag k="bridge" v="yes"/>
    <tag k="cycleway:right" v="lane"/>
    <tag k="cycleway:right:lane" v="exclusive"/>
    <tag k="highway" v="tertiary"/>
    <tag k="lanes" v="1"/>
    <tag k="layer" v="1"/>
    <tag k="lit" v="yes"/>
    <tag k="maxspeed" v="50"/>
    <tag k="maxspeed:type" v="CZ:urban"/>
    <tag k="maxweight:signed" v="no"/>
    <tag k="name" v="Štefánikův most"/>
    <tag k="name:cy" v="Pont Siteffanikwf (Štefánikův)"/>
    <tag k="name:ru" v="Штефаников мост"/>
    <tag k="oneway" v="yes"/>
    <tag k="parking:both" v="no"/>
    <tag k="sidewalk:left" v="no"/>
    <tag k="sidewalk:right" v="separate"/>
    <tag k="surface" v="asphalt"/>
    <tag k="wikidata" v="Q10419743"/>
    <tag k="wikipedia" v="cs:Štefánikův most"/>
  </way>
  <way id="128851986">
    <nd ref="552444663"/>
    <nd ref="8601771454"/>
    <nd ref="552444665"/>
    <nd ref="3763231378"/>
    <nd ref="3763231376"/>
    <nd ref="21266481"/>
    <nd ref="3763231377"/>
    <nd ref="342269288"/>
    <nd ref="7053122627"/>
    <nd ref="21266482"/>
    <tag k="highway" v="living_street"/>
    <tag k="lanes" v="1"/>
    <tag k="lit" v="yes"/>
    <tag k="lit_by_gaslight" v="yes"/>
    <tag k="maxspeed" v="20"/>
    <tag k="motor_vehicle" v="destination"/>
    <tag k="name" v="Karlova"/>
    <tag k="name:be" v="вуліца Карла"/>
    <tag k="name:de" v="Karlsgasse"/>
    <tag k="name:etymology:wikidata" v="Q155669"/>
    <tag k="name:ru" v="Карлова улица"/>
    <tag k="oneway" v="no"/>
    <tag k="sidewalk" v="both"/>
    <tag k="sidewalk:both:surface" v="paving_stones"/>
    <tag k="smoothness" v="intermediate"/>
    <tag k="surface" v="sett"/>
    <tag k="vehicle" v="destination"/>
    <tag k="wikidata" v="Q12028719"/>
    <tag k="wikipedia" v="cs:Karlova (Praha)"/>
  </way>
  <way id="130523898">
    <nd ref="1245319973"/>
    <nd ref="299707647"/>
    <tag k="highway" v="residential"/>
    <tag k="lane_markings" v="no"/>
    <tag k="name" v="Maltézské náměstí"/>
    <tag k="name:de" v="Malteserplatz"/>
    <tag k="sidewalk" v="both"/>
    <tag k="sidewalk:both:surface" v="sett"/>
    <tag k="surface" v="sett"/>
  </way>
  <way id="130523900">
    <nd ref="1245319973"/>
    <nd ref="2893317702"/>
    <nd ref="1245319924"/>
    <nd ref="1245319939"/>
    <tag k="cycleway:both" v="no"/>
    <tag k="highway" v="residential"/>
    <tag k="lane_markings" v="no"/>
    <tag k="name" v="Maltézské náměstí"/>
    <tag k="name:de" v="Malteserplatz"/>
    <tag k="sidewalk" v="both"/>
    <tag k="sidewalk:both:surface" v="sett"/>
    <tag k="surface" v="sett"/>
  </way>
  <way id="130524489">
    <nd ref="1245320081"/>
    <nd ref="1245320086"/>
    <nd ref="299707656"/>
    <tag k="highway" v="residential"/>
    <tag k="lanes" v="2"/>
    <tag k="lit" v="yes"/>
    <tag k="name" v="Maltézské náměstí"/>
    <tag k="name:de" v="Malteserplatz"/>
    <tag k="name:ru" v="Мальтийская площадь"/>
    <tag k="sidewalk:both" v="separate"/>
    <tag k="sidewalk:both:surface" v="sett"/>
    <tag k="surface" v="sett"/>
  </way>
  <way id="131685634">
    <nd ref="21672750"/>
    <nd ref="6068060642"/>
    <nd ref="13502694007"/>
    <nd ref="3522638664"/>
    <nd ref="25656546"/>
    <tag k="bicycle" v="yes"/>
    <tag k="foot" v="yes"/>
    <tag k="highway" v="residential"/>
    <tag k="horse" v="permit"/>
    <tag k="lanes" v="1"/>
    <tag k="lit" v="yes"/>
    <tag k="maxspeed" v="50"/>
    <tag k="name" v="Václavské náměstí"/>
    <tag k="name:be" v="Вацлаўская плошча"/>
    <tag k="name:cs" v="Václavské náměstí"/>
    <tag k="name:de" v="Wenzelsplatz"/>
    <tag k="name:en" v="Wenceslas Square"/>
    <tag k="name:eo" v="Venceslaa Placo"/>
    <tag k="name:es" v="Plaza de Wenceslao"/>
    <tag k="name:etymology:wikidata" v="Q196527"/>
    <tag k="name:fr" v="Place Venceslas"/>
    <tag k="name:it" v="Piazza San Venceslao"/>
    <tag k="name:ja" v="ヴァーツラフ広場"/>
    <tag k="name:ko" v="바츨라프 광장"/>
    <tag k="name:mk" v="Вацлавски намести"/>
    <tag k="name:nl" v="Wenceslausplein"/>
    <tag k="name:pl" v="Plac Wacława"/>
    <tag k="name:pt" v="Praça de Venceslau"/>
    <tag k="name:ru" v="Вацлавская площадь"/>
    <tag k="name:uk" v="Вацлавська площа"/>
    <tag k="name:zh" v="瓦茨拉夫广场"/>
    <tag k="oneway" v="yes"/>
    <tag k="parking:left" v="no"/>
    <tag k="parking:right" v="street_side"/>
    <tag k="parking:right:orientation" v="diagonal"/>
    <tag k="psv" v="no"/>
    <tag k="source:maxspeed" v="CZ:urban"/>
    <tag k="source:width" v="ARCore"/>
    <tag k="surface" v="sett"/>
    <tag k="width" v="8.9"/>
  </way>
  <way id="132401527">
    <nd ref="8408788631"/>
    <nd ref="1251663085"/>
    <nd ref="8408788628"/>
    <nd ref="26516747"/>
    <tag k="highway" v="residential"/>
    <tag k="lanes" v="1"/>
    <tag k="lit" v="yes"/>
    <tag k="maxspeed" v="50"/>
    <tag k="name" v="Revoluční"/>
    <tag k="name:ru" v="Революционная улица"/>
    <tag k="oneway" v="yes"/>
    <tag k="parking:left" v="no"/>
    <tag k="parking:right" v="separate"/>
    <tag k="sidewalk:left" v="no"/>
    <tag k="sidewalk:right" v="separate"/>
    <tag k="smoothness" v="good"/>
    <tag k="source:maxspeed" v="CZ:urban"/>
    <tag k="surface" v="asphalt"/>
    <tag k="width" v="5"/>
  </way>
  <way id="133322252">
    <nd ref="8810412"/>
    <nd ref="1251663074"/>
    <nd ref="7040618851"/>
    <nd ref="1251663055"/>
    <nd ref="7040618853"/>
    <tag k="highway" v="residential"/>
    <tag k="lanes" v="2"/>
    <tag k="lit" v="yes"/>
    <tag k="maxspeed" v="20"/>
    <tag k="name" v="Dlouhá"/>
    <tag k="name:de" v="Lange Gasse"/>
    <tag k="name:etymology:wikidata" v="Q113171416"/>
    <tag k="name:ru" v="Длинная улица"/>
    <tag k="sidewalk:both" v="separate"/>
    <tag k="surface" v="sett"/>
    <tag k="wikidata" v="Q11812534"/>
    <tag k="wikipedia" v="cs:Dlouhá (Praha)"/>
  </way>
  <way id="133322253">
    <nd ref="8810402"/>
    <nd ref="1225805029"/>
    <nd ref="1251663058"/>
    <nd ref="25660100"/>
    <tag k="highway" v="residential"/>
    <tag k="lanes" v="1"/>
    <tag k="maxspeed" v="50"/>
    <tag k="name" v="Dlouhá"/>
    <tag k="name:de" v="Lange Gasse"/>
    <tag k="name:etymology:wikidata" v="Q113171416"/>
    <tag k="name:ru" v="Длинная улица"/>
    <tag k="oneway" v="yes"/>
    <tag k="sidewalk:both" v="separate"/>
    <tag k="surface" v="sett"/>
    <tag k="wikidata" v="Q11812534"/>
    <tag k="wikipedia" v="cs:Dlouhá (Praha)"/>
  </way>
  <way id="133322254">
    <nd ref="8810409"/>
    <nd ref="8810410"/>
    <nd ref="315530549"/>
    <nd ref="1251663065"/>
    <nd ref="8810412"/>
    <tag k="highway" v="residential"/>
    <tag k="lane_markings" v="no"/>
    <tag k="maxspeed" v="50"/>
    <tag k="name" v="Rybná"/>
    <tag k="name:de" v="Fischmarkt"/>
    <tag k="name:ru" v="Рыбная улица"/>
    <tag k="sidewalk:both" v="separate"/>
    <tag k="source:maxspeed" v="CZ:urban"/>
    <tag k="surface" v="sett"/>
    <tag k="wikidata" v="Q43396980"/>
  </way>
  <way id="133325746">
    <nd ref="4700724513"/>
    <nd ref="10693051764"/>
    <nd ref="21266471"/>
    <tag k="bicycle" v="yes"/>
    <tag k="cycleway" v="shared_lane"/>
    <tag k="cycleway:both" v="shared_lane"/>
    <tag k="highway" v="residential"/>
    <tag k="horse" v="no"/>
    <tag k="lanes" v="2"/>
    <tag k="lit" v="yes"/>
    <tag k="maxheight" v="3.3"/>
    <tag k="maxspeed:type" v="CZ:urban"/>
    <tag k="name" v="Křižovnická"/>
    <tag k="name:de" v="Kreuzherrengasse"/>
    <tag k="name:ru" v="Кржижовницкая улица"/>
    <tag k="sidewalk:both" v="separate"/>
    <tag k="smoothness" v="excellent"/>
    <tag k="surface" v="asphalt"/>
    <tag k="wikidata" v="Q43388676"/>
  </way>
  <way id="133325747">
    <nd ref="415004424"/>
    <nd ref="247745"/>
    <nd ref="5577122032"/>
    <nd ref="74317703"/>
    <nd ref="3397119016"/>
    <nd ref="12068563844"/>
    <nd ref="415004426"/>
    <tag k="embedded_rails" v="tram"/>
    <tag k="highway" v="residential"/>
    <tag k="lane_markings" v="no"/>
    <tag k="lit" v="yes"/>
    <tag k="maxspeed:type" v="CZ:urban"/>
    <tag k="name" v="Vodičkova"/>
    <tag k="name:de" v="Wassergasse"/>
    <tag k="overtaking" v="no"/>
    <tag k="parking:both" v="no"/>
    <tag k="sidewalk:both" v="separate"/>
    <tag k="source" v="Bing,cuzk"/>
    <tag k="surface" v="asphalt"/>
  </way>
  <way id="135646529">
    <nd ref="297596687"/>
    <nd ref="530258356"/>
    <nd ref="530258351"/>
    <tag k="carriage" v="no"/>
    <tag k="highway" v="residential"/>
    <tag k="lanes" v="1"/>
    <tag k="maxspeed" v="50"/>
    <tag k="maxspeed:advisory" v="20"/>
    <tag k="name" v="Králodvorská"/>
    <tag k="name:de" v="Königshofgasse"/>
    <tag k="name:ru" v="Кралодворская улица"/>
    <tag k="not:name" v="Královodvorská"/>
    <tag k="oneway" v="yes"/>
    <tag k="sidewalk:left" v="separate"/>
    <tag k="sidewalk:right" v="yes"/>
    <tag k="source:maxspeed" v="CZ:urban"/>
    <tag k="source:name" v="nameit/uir-adr"/>
    <tag k="surface" v="asphalt"/>
    <tag k="wikidata" v="Q43388589"/>
  </way>
  <way id="135704733">
    <nd ref="21257824"/>
    <nd ref="4691199733"/>
    <nd ref="8397551005"/>
    <nd ref="21257826"/>
    <nd ref="8397551004"/>
    <nd ref="8397551003"/>
    <nd ref="8397551002"/>
    <nd ref="21257828"/>
    <nd ref="246515778"/>
    <tag k="cycleway" v="soft_lane"/>
    <tag k="highway" v="secondary"/>
    <tag k="lanes" v="1"/>
    <tag k="lit" v="yes"/>
    <tag k="maxspeed" v="50"/>
    <tag k="name" v="nábřeží Kapitána Jaroše"/>
    <tag k="name:etymology:wikidata" v="Q156070"/>
    <tag k="oneway" v="yes"/>
    <tag k="smoothness" v="excellent"/>
    <tag k="sorting_name" v="Kapitána Jaroše"/>
    <tag k="source:maxspeed" v="CZ:urban"/>
    <tag k="surface" v="asphalt"/>
  </way>
  <way id="136122214">
    <nd ref="12287495448"/>
    <nd ref="8398062864"/>
    <nd ref="8577097265"/>
    <nd ref="8398062855"/>
    <tag k="bridge" v="yes"/>
    <tag k="cycleway:both" v="no"/>
    <tag k="embedded_rails" v="tram"/>
    <tag k="highway" v="tertiary"/>
    <tag k="lanes" v="2"/>
    <tag k="layer" v="1"/>
    <tag k="lit" v="yes"/>
    <tag k="maxspeed" v="50"/>
    <tag k="maxspeed:type" v="CZ:urban"/>
    <tag k="maxweight:signed" v="no"/>
    <tag k="name" v="Čechův most"/>
    <tag k="name:cs" v="Čechův most"/>
    <tag k="name:cy" v="Pont Tsiechwf (Čechův)"/>
    <tag k="name:etymology:wikidata" v="Q745363"/>
    <tag k="name:ru" v="Чехов мост"/>
    <tag k="oneway" v="yes"/>
    <tag k="parking:both" v="no"/>
    <tag k="shoulder" v="no"/>
    <tag k="sidewalk:left" v="no"/>
    <tag k="sidewalk:right" v="separate"/>
    <tag k="smoothness" v="excellent"/>
    <tag k="surface" v="asphalt"/>
    <tag k="turn:lanes" v="left|right"/>
  </way>
  <way id="137470640">
    <nd ref="298867576"/>
    <nd ref="1014525934"/>
    <tag k="cycleway:right" v="lane"/>
    <tag k="cycleway:right:lane" v="exclusive"/>
    <tag k="highway" v="residential"/>
    <tag k="lane_markings" v="no"/>
    <tag k="lit" v="yes"/>
    <tag k="maxspeed:type" v="CZ:urban"/>
    <tag k="name" v="Janáčkovo nábřeží"/>
    <tag k="oneway" v="yes"/>
    <tag k="sidewalk" v="both"/>
    <tag k="surface" v="sett"/>
  </way>
  <way id="140155579">
    <nd ref="21266463"/>
    <nd ref="11750869114"/>
    <tag k="cycleway:right" v="lane"/>
    <tag k="cycleway:right:lane" v="exclusive"/>
    <tag k="highway" v="secondary"/>
    <tag k="incline" v="up"/>
    <tag k="lane_markings" v="yes"/>
    <tag k="lanes" v="1"/>
    <tag k="lit" v="yes"/>
    <tag k="maxspeed" v="50"/>
    <tag k="name" v="Badeniho"/>
    <tag k="name:de" v="Badenistraße"/>
    <tag k="name:etymology" v="Kasimir Felix Badeni"/>
    <tag k="name:etymology:wikidata" v="Q697799"/>
    <tag k="note" v="bicycle lane since 2023"/>
    <tag k="old_name" v="I. V. Mičurina"/>
    <tag k="oneway" v="yes"/>
    <tag k="sidewalk:left" v="no"/>
    <tag k="sidewalk:right" v="separate"/>
    <tag k="source:maxspeed" v="CZ:urban"/>
    <tag k="surface" v="asphalt"/>
    <tag k="wikidata" v="Q43386342"/>
    <tag k="wikimedia_commons" v="Category:Badeniho"/>
    <tag k="wikipedia" v="cs:Badeniho"/>
  </way>
  <way id="140155833">
    <nd ref="1535540838"/>
    <nd ref="1535522807"/>
    <tag k="bicycle" v="yes"/>
    <tag k="cycleway:both" v="no"/>
    <tag k="highway" v="residential"/>
    <tag k="lane_markings" v="no"/>
    <tag k="lit" v="yes"/>
    <tag k="lit_by_gaslight" v="yes"/>
    <tag k="name" v="Veleslavínova"/>
    <tag k="name:etymology:wikidata" v="Q634048"/>
    <tag k="sidewalk:both" v="separate"/>
    <tag k="smoothness" v="intermediate"/>
    <tag k="surface" v="sett"/>
    <tag k="wikidata" v="Q43399740"/>
    <tag k="wikimedia_commons" v="Category:Veleslavínova (Prague)"/>
    <tag k="wikipedia" v="cs:Veleslavínova (Praha)"/>
  </way>
  <way id="140155834">
    <nd ref="1535522807"/>
    <nd ref="21266473"/>
    <nd ref="13140990095"/>
    <nd ref="13140990092"/>
    <nd ref="13140990094"/>
    <nd ref="1412916592"/>
    <nd ref="13140990093"/>
    <nd ref="21266474"/>
    <nd ref="1412916594"/>
    <tag k="bicycle" v="yes"/>
    <tag k="highway" v="living_street"/>
    <tag k="lanes" v="1"/>
    <tag k="lit" v="yes"/>
    <tag k="lit_by_gaslight" v="yes"/>
    <tag k="maxspeed" v="20"/>
    <tag k="name" v="Veleslavínova"/>
    <tag k="name:etymology:wikidata" v="Q634048"/>
    <tag k="oneway" v="yes"/>
    <tag k="oneway:bicycle" v="no"/>
    <tag k="smoothness" v="intermediate"/>
    <tag k="surface" v="sett"/>
    <tag k="wikidata" v="Q43399740"/>
    <tag k="wikimedia_commons" v="Category:Veleslavínova (Prague)"/>
    <tag k="wikipedia" v="cs:Veleslavínova (Praha)"/>
  </way>
  <way id="140156428">
    <nd ref="1535540838"/>
    <nd ref="1265637986"/>
    <nd ref="4700724512"/>
    <nd ref="4700724513"/>
    <tag k="bicycle" v="yes"/>
    <tag k="check_date:cycleway" v="2022-11-11"/>
    <tag k="cycleway:both" v="no"/>
    <tag k="highway" v="residential"/>
    <tag k="lane_markings" v="no"/>
    <tag k="lit" v="yes"/>
    <tag k="lit_by_gaslight" v="yes"/>
    <tag k="name" v="Veleslavínova"/>
    <tag k="name:etymology:wikidata" v="Q634048"/>
    <tag k="sidewalk:both" v="separate"/>
    <tag k="smoothness" v="intermediate"/>
    <tag k="surface" v="sett"/>
    <tag k="wikidata" v="Q43399740"/>
    <tag k="wikimedia_commons" v="Category:Veleslavínova (Prague)"/>
    <tag k="wikipedia" v="cs:Veleslavínova (Praha)"/>
  </way>
  <way id="141140410">
    <nd ref="55405202"/>
    <nd ref="55405213"/>
    <tag k="cycleway:right" v="soft_lane"/>
    <tag k="cycleway:right:lane" v="advisory"/>
    <tag k="highway" v="residential"/>
    <tag k="horse" v="no"/>
    <tag k="lane_markings" v="no"/>
    <tag k="layer" v="-1"/>
    <tag k="lit" v="yes"/>
    <tag k="maxheight" v="4.4"/>
    <tag k="maxspeed" v="30"/>
    <tag k="name" v="Divadelní"/>
    <tag k="name:de" v="Theatergasse"/>
    <tag k="name:etymology:wikidata" v="Q732697"/>
    <tag k="name:ru" v="Театральная улица"/>
    <tag k="oneway" v="yes"/>
    <tag k="sidewalk" v="separate"/>
    <tag k="surface" v="asphalt"/>
    <tag k="tunnel" v="yes"/>
    <tag k="wikidata" v="Q22667173"/>
  </way>
  <way id="141140411">
    <nd ref="55405213"/>
    <nd ref="7532862904"/>
    <tag k="cycleway:right" v="soft_lane"/>
    <tag k="cycleway:right:lane" v="advisory"/>
    <tag k="highway" v="residential"/>
    <tag k="horse" v="no"/>
    <tag k="lane_markings" v="no"/>
    <tag k="lit" v="yes"/>
    <tag k="maxspeed" v="30"/>
    <tag k="name" v="Divadelní"/>
    <tag k="name:de" v="Theatergasse"/>
    <tag k="name:etymology:wikidata" v="Q732697"/>
    <tag k="name:ru" v="Театральная улица"/>
    <tag k="oneway" v="yes"/>
    <tag k="sidewalk" v="separate"/>
    <tag k="surface" v="asphalt"/>
    <tag k="wikidata" v="Q22667173"/>
  </way>
  <way id="141493828">
    <nd ref="6434272966"/>
    <nd ref="12199709472"/>
    <nd ref="12941270071"/>
    <nd ref="12199709471"/>
    <nd ref="1014525778"/>
    <nd ref="12941270070"/>
    <nd ref="12199709470"/>
    <nd ref="12941270069"/>
    <nd ref="25685536"/>
    <tag k="cycleway:both" v="no"/>
    <tag k="highway" v="residential"/>
    <tag k="lane_markings" v="no"/>
    <tag k="lit" v="yes"/>
    <tag k="motor_vehicle" v="private"/>
    <tag k="name" v="Kosárkovo nábřeží"/>
    <tag k="name:cs" v="Kosárkovo nábřeží"/>
    <tag k="sidewalk:left" v="no"/>
    <tag k="sidewalk:right" v="separate"/>
    <tag k="sidewalk:right:surface" v="sett"/>
    <tag k="smoothness" v="excellent"/>
    <tag k="surface" v="asphalt"/>
  </way>
  <way id="141493831">
    <nd ref="523106750"/>
    <nd ref="247776"/>
    <tag k="cycleway:left" v="soft_lane"/>
    <tag k="cycleway:right" v="soft_lane"/>
    <tag k="highway" v="tertiary"/>
    <tag k="lanes" v="3"/>
    <tag k="lanes:backward" v="2"/>
    <tag k="lanes:forward" v="1"/>
    <tag k="lit" v="yes"/>
    <tag k="maxheight" v="4.7"/>
    <tag k="maxspeed" v="50"/>
    <tag k="maxweight" v="3.5"/>
    <tag k="name" v="nábřeží Ludvíka Svobody"/>
    <tag k="name:etymology:wikidata" v="Q310000"/>
    <tag k="sidewalk:both" v="separate"/>
    <tag k="smoothness" v="bad"/>
    <tag k="surface" v="sett"/>
    <tag k="turn:lanes:backward" v="through|through;right"/>
  </way>
  <way id="141514472">
    <nd ref="8810026"/>
    <nd ref="1240721209"/>
    <nd ref="8398062863"/>
    <nd ref="8577097266"/>
    <nd ref="697456622"/>
    <nd ref="8398062857"/>
    <tag k="cycleway:both" v="no"/>
    <tag k="highway" v="tertiary"/>
    <tag k="lanes" v="4"/>
    <tag k="lit" v="yes"/>
    <tag k="maxspeed:type" v="CZ:urban"/>
    <tag k="name" v="Dvořákovo nábřeží"/>
    <tag k="name:etymology:wikidata" v="Q7298"/>
    <tag k="name:ru" v="набережная Дворжака"/>
    <tag k="sidewalk:both" v="separate"/>
    <tag k="smoothness" v="intermediate"/>
    <tag k="surface" v="sett"/>
    <tag k="turn:lanes:forward" v="through|right"/>
    <tag k="wikidata" v="Q24052087"/>
  </way>
  <way id="144075033">
    <nd ref="4169136127"/>
    <nd ref="8408926636"/>
    <tag k="bridge" v="yes"/>
    <tag k="cycleway:left" v="no"/>
    <tag k="highway" v="tertiary"/>
    <tag k="lane_markings" v="no"/>
    <tag k="layer" v="1"/>
    <tag k="lit" v="yes"/>
    <tag k="maxspeed" v="50"/>
    <tag k="maxweight:signed" v="no"/>
    <tag k="name" v="Štefánikův most"/>
    <tag k="name:ru" v="Штефаников мост"/>
    <tag k="oneway" v="yes"/>
    <tag k="sidewalk:left" v="no"/>
    <tag k="sidewalk:right" v="separate"/>
    <tag k="source:maxspeed" v="CZ:urban"/>
    <tag k="surface" v="asphalt"/>
    <tag k="wikidata" v="Q10419743"/>
    <tag k="wikipedia" v="cs:Štefánikův most"/>
  </way>
  <way id="151364029">
    <nd ref="10703811"/>
    <nd ref="12157708850"/>
    <nd ref="10785278711"/>
    <tag k="cycleway:right" v="lane"/>
    <tag k="cycleway:right:lane" v="advisory"/>
    <tag k="highway" v="residential"/>
    <tag k="horse" v="no"/>
    <tag k="lanes" v="1"/>
    <tag k="lit" v="yes"/>
    <tag k="maxspeed" v="50"/>
    <tag k="name" v="Divadelní"/>
    <tag k="name:de" v="Theatergasse"/>
    <tag k="name:etymology:wikidata" v="Q732697"/>
    <tag k="name:ru" v="Театральная улица"/>
    <tag k="oneway" v="yes"/>
    <tag k="sidewalk" v="separate"/>
    <tag k="surface" v="asphalt"/>
    <tag k="wikidata" v="Q22667173"/>
  </way>
  <way id="151364030">
    <nd ref="299047207"/>
    <nd ref="26423956"/>
    <nd ref="1030967136"/>
    <nd ref="9891950255"/>
    <nd ref="9837878718"/>
    <tag k="bicycle" v="yes"/>
    <tag k="cycleway:both" v="shared_lane"/>
    <tag k="cycleway:both:lane" v="pictogram"/>
    <tag k="embedded_rails" v="tram"/>
    <tag k="highway" v="residential"/>
    <tag k="horse" v="no"/>
    <tag k="lanes" v="2"/>
    <tag k="lit" v="yes"/>
    <tag k="maxheight" v="3.3"/>
    <tag k="maxspeed" v="50"/>
    <tag k="maxspeed:type" v="CZ:urban"/>
    <tag k="maxwidth" v="2.2"/>
    <tag k="name" v="Smetanovo nábřeží"/>
    <tag k="name:de" v="Franzensquai"/>
    <tag k="name:etymology:wikidata" v="Q48173"/>
    <tag k="name:ru" v="набережная Сметаны"/>
    <tag k="sidewalk:both" v="separate"/>
    <tag k="surface" v="asphalt"/>
    <tag k="wikidata" v="Q43397194"/>
  </way>
  <way id="165287756">
    <nd ref="25685248"/>
    <nd ref="3442721033"/>
    <nd ref="1493645193"/>
    <nd ref="3442721045"/>
    <nd ref="8810423"/>
    <nd ref="5066698489"/>
    <nd ref="4691199591"/>
    <nd ref="8810384"/>
    <tag k="cycleway:both" v="no"/>
    <tag k="highway" v="residential"/>
    <tag k="lanes" v="4"/>
    <tag k="lit" v="yes"/>
    <tag k="maxspeed:type" v="CZ:urban"/>
    <tag k="name" v="17. listopadu"/>
    <tag k="name:be" v="вуліца 17 лістапада"/>
    <tag k="name:etymology:wikidata" v="Q15054219"/>
    <tag k="name:ru" v="улица 17 ноября"/>
    <tag k="sidewalk" v="separate"/>
    <tag k="smoothness" v="excellent"/>
    <tag k="surface" v="asphalt"/>
    <tag k="wikidata" v="Q19264027"/>
  </way>
  <way id="165498422">
    <nd ref="282761019"/>
    <nd ref="4599511961"/>
    <nd ref="8480884540"/>
    <nd ref="25658226"/>
    <tag k="highway" v="living_street"/>
    <tag k="lit" v="yes"/>
    <tag k="maxspeed" v="20"/>
    <tag k="name" v="Charvátova"/>
    <tag k="oneway" v="yes"/>
    <tag k="smoothness" v="bad"/>
    <tag k="source:width" v="ARCore"/>
    <tag k="surface" v="sett"/>
    <tag k="traffic_calming" v="table"/>
    <tag k="width" v="3.2"/>
  </way>
  <way id="168291359">
    <nd ref="25673519"/>
    <nd ref="320802707"/>
    <nd ref="5027282284"/>
    <nd ref="25673518"/>
    <tag k="highway" v="living_street"/>
    <tag k="lanes" v="1"/>
    <tag k="lit" v="yes"/>
    <tag k="lit_by_gaslight" v="yes"/>
    <tag k="maxspeed" v="20"/>
    <tag k="name" v="Lázeňská"/>
    <tag k="name:de" v="Badgasse"/>
    <tag k="sidewalk:both" v="separate"/>
    <tag k="surface" v="sett"/>
  </way>
  <way id="171402454">
    <nd ref="1824368540"/>
    <nd ref="386606080"/>
    <nd ref="8390460920"/>
    <nd ref="4793932624"/>
    <nd ref="342173609"/>
    <nd ref="4997643746"/>
    <nd ref="2512606643"/>
    <nd ref="2512606644"/>
    <nd ref="4793932625"/>
    <nd ref="25692691"/>
    <nd ref="355627689"/>
    <tag k="cycleway:both" v="lane"/>
    <tag k="cycleway:both:lane" v="advisory"/>
    <tag k="highway" v="secondary"/>
    <tag k="lane_markings" v="yes"/>
    <tag k="lanes" v="2"/>
    <tag k="lit" v="yes"/>
    <tag k="maxspeed" v="50"/>
    <tag k="name" v="Mariánské hradby"/>
    <tag k="name:cs" v="Mariánské hradby"/>
    <tag k="name:de" v="Marienschanze"/>
    <tag k="sidewalk:both" v="separate"/>
    <tag k="smoothness" v="excellent"/>
    <tag k="surface" v="asphalt"/>
    <tag k="wikidata" v="Q43388874"/>
    <tag k="wikimedia_commons" v="Category:Mariánské hradby (street)"/>
  </way>
  <way id="172382121">
    <nd ref="6490559353"/>
    <nd ref="697456472"/>
    <nd ref="8998130079"/>
    <nd ref="331954585"/>
    <nd ref="8810027"/>
    <nd ref="12199936083"/>
    <nd ref="331954483"/>
    <nd ref="8998130076"/>
    <nd ref="1016303675"/>
    <nd ref="8810028"/>
    <nd ref="1016303577"/>
    <nd ref="8810419"/>
    <nd ref="12199943927"/>
    <nd ref="1768454895"/>
    <nd ref="12199943926"/>
    <nd ref="12394450988"/>
    <nd ref="8810420"/>
    <tag k="cycleway:left" v="lane"/>
    <tag k="cycleway:left:lane" v="exclusive"/>
    <tag k="cycleway:left:oneway" v="-1"/>
    <tag k="cycleway:right" v="lane"/>
    <tag k="cycleway:right:lane" v="advisory"/>
    <tag k="description" v="Since 2021 this part of the street is oneway:bicycle=no with one car lane, bike soft_lane and bike opposite_lane"/>
    <tag k="highway" v="residential"/>
    <tag k="lanes" v="1"/>
    <tag k="lit" v="yes"/>
    <tag k="maxspeed" v="50"/>
    <tag k="name" v="Dvořákovo nábřeží"/>
    <tag k="name:etymology:wikidata" v="Q7298"/>
    <tag k="name:ru" v="набережная Дворжака"/>
    <tag k="oneway" v="yes"/>
    <tag k="oneway:bicycle" v="no"/>
    <tag k="sidewalk" v="separate"/>
    <tag k="smoothness" v="good"/>
    <tag k="surface" v="asphalt"/>
    <tag k="wikidata" v="Q24052087"/>
  </way>
  <way id="172382122">
    <nd ref="1289267289"/>
    <nd ref="553531629"/>
    <nd ref="8398062861"/>
    <nd ref="8577097264"/>
    <nd ref="697456573"/>
    <nd ref="8397651552"/>
    <tag k="cycleway:left" v="no"/>
    <tag k="embedded_rails" v="tram"/>
    <tag k="highway" v="residential"/>
    <tag k="lanes" v="2"/>
    <tag k="lit" v="yes"/>
    <tag k="maxspeed:type" v="CZ:urban"/>
    <tag k="name" v="náměstí Curieových"/>
    <tag k="name:etymology:wikidata" v="Q11297474"/>
    <tag k="name:ru" v="площадь Кюри"/>
    <tag k="oneway" v="yes"/>
    <tag k="oneway:psv" v="no"/>
    <tag k="short_name" v="nám. Curieových"/>
    <tag k="sidewalk" v="separate"/>
    <tag k="smoothness" v="excellent"/>
    <tag k="sorting_name" v="Curieových"/>
    <tag k="surface" v="asphalt"/>
  </way>
  <way id="172382123">
    <nd ref="25659818"/>
    <nd ref="4010276541"/>
    <nd ref="4010276542"/>
    <nd ref="25685359"/>
    <nd ref="11923018306"/>
    <nd ref="11923018296"/>
    <nd ref="4475034886"/>
    <nd ref="11923018307"/>
    <nd ref="300529194"/>
    <nd ref="6490551961"/>
    <nd ref="4010276546"/>
    <nd ref="8810386"/>
    <tag k="highway" v="living_street"/>
    <tag k="lanes" v="1"/>
    <tag k="lit" v="yes"/>
    <tag k="maxspeed" v="20"/>
    <tag k="name" v="U Starého hřbitova"/>
    <tag k="name:de" v="Zum alten Friedhof"/>
    <tag k="name:ru" v="У Старого кладбища"/>
    <tag k="oneway" v="yes"/>
    <tag k="oneway:bicycle" v="yes"/>
    <tag k="sidewalk" v="separate"/>
    <tag k="source:name" v="nameit/uir-adr"/>
    <tag k="surface" v="sett"/>
    <tag k="wikidata" v="Q26897383"/>
  </way>
  <way id="172770029">
    <nd ref="9142554179"/>
    <nd ref="1016303584"/>
    <nd ref="8810025"/>
    <nd ref="1240721191"/>
    <nd ref="8810026"/>
    <tag k="cycleway:both" v="no"/>
    <tag k="highway" v="tertiary"/>
    <tag k="lanes" v="4"/>
    <tag k="lit" v="yes"/>
    <tag k="maxspeed:type" v="CZ:urban"/>
    <tag k="name" v="Dvořákovo nábřeží"/>
    <tag k="name:etymology:wikidata" v="Q7298"/>
    <tag k="name:ru" v="набережная Дворжака"/>
    <tag k="sidewalk:both" v="separate"/>
    <tag k="smoothness" v="intermediate"/>
    <tag k="surface" v="sett"/>
    <tag k="wikidata" v="Q24052087"/>
  </way>
  <way id="172858406">
    <nd ref="1837049363"/>
    <nd ref="4717143827"/>
    <nd ref="1837049364"/>
    <nd ref="431012031"/>
    <tag k="highway" v="residential"/>
    <tag k="lane_markings" v="no"/>
    <tag k="maxspeed" v="50"/>
    <tag k="name" v="Haštalská"/>
    <tag k="name:de" v="Kastalusgasse"/>
    <tag k="name:etymology:wikidata" v="Q12030733"/>
    <tag k="name:ru" v="Гашталская улица"/>
    <tag k="source:maxspeed" v="CZ:urban"/>
    <tag k="source:name" v="nameit/uir-adr"/>
    <tag k="surface" v="asphalt"/>
    <tag k="wikidata" v="Q20019979"/>
  </way>
  <way id="172858407">
    <nd ref="244469661"/>
    <nd ref="7040618822"/>
    <nd ref="7590476376"/>
    <nd ref="25685103"/>
    <nd ref="1548698412"/>
    <nd ref="8404987894"/>
    <tag k="cycleway:both" v="no"/>
    <tag k="highway" v="residential"/>
    <tag k="lane_markings" v="no"/>
    <tag k="maxspeed" v="50"/>
    <tag k="name" v="Hradební"/>
    <tag k="name:de" v="Wallgasse"/>
    <tag k="oneway" v="yes"/>
    <tag k="parking:both" v="separate"/>
    <tag k="sidewalk:both" v="separate"/>
    <tag k="source:maxspeed" v="CZ:urban"/>
    <tag k="surface" v="sett"/>
    <tag k="wikidata" v="Q43387172"/>
  </way>
  <way id="172858420">
    <nd ref="8810412"/>
    <nd ref="7040618830"/>
    <nd ref="25685096"/>
    <tag k="highway" v="residential"/>
    <tag k="lanes" v="1"/>
    <tag k="lit" v="yes"/>
    <tag k="lit_by_gaslight" v="yes"/>
    <tag k="name" v="Rybná"/>
    <tag k="name:de" v="Fischmarkt"/>
    <tag k="name:ru" v="Рыбная улица"/>
    <tag k="oneway" v="yes"/>
    <tag k="surface" v="sett"/>
    <tag k="wikidata" v="Q43396980"/>
  </way>
  <way id="172997558">
    <nd ref="25685098"/>
    <nd ref="13274369454"/>
    <nd ref="13274369453"/>
    <nd ref="25685101"/>
    <tag k="cycleway:both" v="no"/>
    <tag k="highway" v="residential"/>
    <tag k="lane_markings" v="no"/>
    <tag k="lit" v="yes"/>
    <tag k="maxspeed" v="50"/>
    <tag k="name" v="Haštalská"/>
    <tag k="name:de" v="Kastalusgasse"/>
    <tag k="name:etymology:wikidata" v="Q12030733"/>
    <tag k="name:ru" v="Гашталская улица"/>
    <tag k="oneway" v="yes"/>
    <tag k="sidewalk" v="both"/>
    <tag k="source:maxspeed" v="CZ:urban"/>
    <tag k="source:name" v="nameit/uir-adr"/>
    <tag k="surface" v="sett"/>
    <tag k="wikidata" v="Q20019979"/>
  </way>
  <way id="172997559">
    <nd ref="25685096"/>
    <nd ref="13274369448"/>
    <nd ref="13274369451"/>
    <nd ref="13274369450"/>
    <nd ref="9558712220"/>
    <nd ref="25685110"/>
    <tag k="cycleway:left" v="no"/>
    <tag k="cycleway:right" v="no"/>
    <tag k="highway" v="residential"/>
    <tag k="lane_markings" v="no"/>
    <tag k="name" v="Haštalská"/>
    <tag k="name:de" v="Kastalusgasse"/>
    <tag k="name:etymology:wikidata" v="Q12030733"/>
    <tag k="name:ru" v="Гашталская улица"/>
    <tag k="oneway" v="yes"/>
    <tag k="oneway:bicycle" v="no"/>
    <tag k="sidewalk:left" v="separate"/>
    <tag k="surface" v="sett"/>
    <tag k="wikidata" v="Q20019979"/>
  </way>
  <way id="172997560">
    <nd ref="25685120"/>
    <nd ref="1238413454"/>
    <nd ref="8238368903"/>
    <nd ref="1238413424"/>
    <nd ref="8810417"/>
    <tag k="highway" v="residential"/>
    <tag k="lanes" v="2"/>
    <tag k="maxspeed" v="50"/>
    <tag k="motor_vehicle" v="destination"/>
    <tag k="name" v="Lannova"/>
    <tag k="parking:left" v="yes"/>
    <tag k="parking:left:orientation" v="diagonal"/>
    <tag k="parking:right" v="yes"/>
    <tag k="parking:right:orientation" v="perpendicular"/>
    <tag k="sidewalk:both" v="separate"/>
    <tag k="source" v="https://www.facebook.com/groups/prahacislo1/permalink/2818668161750010/"/>
    <tag k="surface" v="asphalt"/>
  </way>
  <way id="179317521">
    <nd ref="25674652"/>
    <nd ref="1030966972"/>
    <nd ref="25674662"/>
    <tag k="highway" v="residential"/>
    <tag k="lanes" v="1"/>
    <tag k="lit" v="yes"/>
    <tag k="maxspeed" v="30"/>
    <tag k="name" v="Plaská"/>
    <tag k="oneway" v="yes"/>
    <tag k="parking:both" v="separate"/>
    <tag k="sidewalk" v="separate"/>
    <tag k="smoothness" v="good"/>
    <tag k="source:maxspeed" v="CZ:zone:30"/>
    <tag k="surface" v="asphalt"/>
  </way>
  <way id="183700180">
    <nd ref="60795195"/>
    <nd ref="12539607528"/>
    <nd ref="12539607529"/>
    <nd ref="1941156745"/>
    <nd ref="12539607530"/>
    <nd ref="12539607531"/>
    <nd ref="297590379"/>
    <nd ref="12539607532"/>
    <nd ref="12539607533"/>
    <nd ref="297590378"/>
    <nd ref="12539607534"/>
    <nd ref="12539607535"/>
    <nd ref="289859596"/>
    <nd ref="12539607536"/>
    <nd ref="12539607537"/>
    <nd ref="1941156748"/>
    <nd ref="12539607523"/>
    <nd ref="12539607522"/>
    <nd ref="247754"/>
    <nd ref="12539607521"/>
    <nd ref="12539607520"/>
    <nd ref="1941156755"/>
    <nd ref="12539607519"/>
    <nd ref="12539607518"/>
    <nd ref="247755"/>
    <nd ref="12539607517"/>
    <nd ref="12539607516"/>
    <nd ref="60795194"/>
    <nd ref="297590131"/>
    <tag k="cycleway:left" v="no"/>
    <tag k="cycleway:right" v="shared_lane"/>
    <tag k="cycleway:right:lane" v="pictogram"/>
    <tag k="foot" v="no"/>
    <tag k="highway" v="secondary"/>
    <tag k="lane_markings" v="no"/>
    <tag k="lit" v="yes"/>
    <tag k="maxspeed" v="50"/>
    <tag k="name" v="Chotkova"/>
    <tag k="name:cs" v="Chotkova"/>
    <tag k="name:de" v="Chotek-Straße"/>
    <tag k="name:etymology" v="Karel Chotek z Chotkova"/>
    <tag k="name:etymology:wikidata" v="Q872870"/>
    <tag k="oneway" v="yes"/>
    <tag k="sidewalk" v="no"/>
    <tag k="smoothness" v="excellent"/>
    <tag k="source:maxspeed" v="CZ:urban"/>
    <tag k="surface" v="asphalt"/>
    <tag k="wikidata" v="Q11727019"/>
    <tag k="wikimedia_commons" v="Category:Chotkova (Prague)"/>
    <tag k="wikipedia" v="cs:Chotkova (Praha)"/>
  </way>
  <way id="194468875">
    <nd ref="25674694"/>
    <nd ref="7874933580"/>
    <tag k="cycleway:right" v="lane"/>
    <tag k="cycleway:right:lane" v="exclusive"/>
    <tag k="highway" v="residential"/>
    <tag k="lanes" v="1"/>
    <tag k="lit" v="yes"/>
    <tag k="name" v="Janáčkovo nábřeží"/>
    <tag k="oneway" v="yes"/>
    <tag k="parking:condition:right" v="ticket"/>
    <tag k="parking:left" v="no"/>
    <tag k="parking:left:restriction" v="no_parking"/>
    <tag k="parking:right" v="yes"/>
    <tag k="parking:right:orientation" v="parallel"/>
    <tag k="sidewalk:both" v="separate"/>
    <tag k="surface" v="asphalt"/>
  </way>
  <way id="198379322">
    <nd ref="1535515866"/>
    <nd ref="1535515875"/>
    <tag k="cycleway:right" v="lane"/>
    <tag k="cycleway:right:lane" v="exclusive"/>
    <tag k="highway" v="secondary"/>
    <tag k="incline" v="up"/>
    <tag k="lane_markings" v="yes"/>
    <tag k="lanes" v="1"/>
    <tag k="lit" v="yes"/>
    <tag k="maxspeed" v="50"/>
    <tag k="name" v="Badeniho"/>
    <tag k="name:de" v="Badenistraße"/>
    <tag k="name:etymology" v="Kasimir Felix Badeni"/>
    <tag k="name:etymology:wikidata" v="Q697799"/>
    <tag k="note" v="bicycle lane since 2023"/>
    <tag k="old_name" v="I. V. Mičurina"/>
    <tag k="oneway" v="yes"/>
    <tag k="sidewalk:left" v="no"/>
    <tag k="sidewalk:right" v="separate"/>
    <tag k="source:maxspeed" v="CZ:urban"/>
    <tag k="surface" v="asphalt"/>
    <tag k="wikidata" v="Q43386342"/>
    <tag k="wikimedia_commons" v="Category:Badeniho"/>
    <tag k="wikipedia" v="cs:Badeniho"/>
  </way>
  <way id="198379323">
    <nd ref="1535515866"/>
    <nd ref="315508611"/>
    <tag k="cycleway:both" v="no"/>
    <tag k="highway" v="residential"/>
    <tag k="lane_markings" v="no"/>
    <tag k="lit" v="yes"/>
    <tag k="maxspeed" v="50"/>
    <tag k="maxspeed:type" v="CZ:urban"/>
    <tag k="name" v="Gogolova"/>
    <tag k="name:etymology:wikidata" v="Q43718"/>
    <tag k="old_name" v="Kounicova"/>
    <tag k="sidewalk:both" v="separate"/>
    <tag k="source" v="cuzk:km"/>
    <tag k="source:maxspeed" v="CZ:urban"/>
    <tag k="surface" v="sett"/>
    <tag k="wikidata" v="Q43387042"/>
    <tag k="wikimedia_commons" v="Category:Gogolova (Prague)"/>
    <tag k="wikipedia" v="cs:Gogolova (Praha)"/>
  </way>
  <way id="198423333">
    <nd ref="299368380"/>
    <nd ref="1014525837"/>
    <nd ref="10703811"/>
    <tag k="foot" v="yes"/>
    <tag k="highway" v="residential"/>
    <tag k="lanes" v="2"/>
    <tag k="lit" v="yes"/>
    <tag k="name" v="Ostrovní"/>
    <tag k="name:de" v="Inselgasse"/>
    <tag k="oneway" v="no"/>
    <tag k="sidewalk:both" v="separate"/>
    <tag k="surface" v="asphalt"/>
  </way>
  <way id="200063772">
    <nd ref="2100509957"/>
    <nd ref="1245320088"/>
    <nd ref="25674652"/>
    <tag k="highway" v="residential"/>
    <tag k="lanes" v="1"/>
    <tag k="lit" v="yes"/>
    <tag k="maxspeed" v="30"/>
    <tag k="name" v="Plaská"/>
    <tag k="oneway" v="yes"/>
    <tag k="parking:both" v="separate"/>
    <tag k="sidewalk" v="separate"/>
    <tag k="smoothness" v="good"/>
    <tag k="source:maxspeed" v="CZ:zone:30"/>
    <tag k="surface" v="asphalt"/>
  </way>
  <way id="215492982">
    <nd ref="25660117"/>
    <nd ref="4987252738"/>
    <nd ref="13272949018"/>
    <nd ref="2884777115"/>
    <tag k="highway" v="residential"/>
    <tag k="lanes" v="1"/>
    <tag k="lit" v="yes"/>
    <tag k="lit_by_gaslight" v="yes"/>
    <tag k="maxspeed" v="50"/>
    <tag k="name" v="Templová"/>
    <tag k="sidewalk:both" v="separate"/>
    <tag k="source:maxspeed" v="CZ:urban"/>
    <tag k="surface" v="sett"/>
    <tag k="wikidata" v="Q45414077"/>
  </way>
  <way id="220626864">
    <nd ref="2297225996"/>
    <nd ref="12303064703"/>
    <nd ref="1825997274"/>
    <tag k="cycleway:both" v="no"/>
    <tag k="highway" v="tertiary"/>
    <tag k="lanes" v="4"/>
    <tag k="lanes:backward" v="2"/>
    <tag k="lanes:forward" v="2"/>
    <tag k="lit" v="yes"/>
    <tag k="maxspeed" v="50"/>
    <tag k="maxspeed:type" v="CZ:urban"/>
    <tag k="maxweight" v="3.5"/>
    <tag k="name" v="nábřeží Ludvíka Svobody"/>
    <tag k="name:etymology:wikidata" v="Q310000"/>
    <tag k="sidewalk" v="no"/>
    <tag k="surface" v="asphalt"/>
    <tag k="turn:lanes:forward" v="left|through"/>
  </way>
  <way id="220626866">
    <nd ref="1825997274"/>
    <nd ref="8810022"/>
    <tag k="cycleway:right" v="soft_lane"/>
    <tag k="highway" v="tertiary"/>
    <tag k="lanes" v="4"/>
    <tag k="lanes:backward" v="2"/>
    <tag k="lanes:forward" v="2"/>
    <tag k="lit" v="yes"/>
    <tag k="maxspeed" v="50"/>
    <tag k="maxspeed:type" v="CZ:urban"/>
    <tag k="maxweight" v="3.5"/>
    <tag k="name" v="nábřeží Ludvíka Svobody"/>
    <tag k="name:etymology:wikidata" v="Q310000"/>
    <tag k="sidewalk:right" v="separate"/>
    <tag k="surface" v="asphalt"/>
    <tag k="turn:lanes:forward" v="left|through"/>
  </way>
  <way id="220626867">
    <nd ref="2297225998"/>
    <nd ref="1801415806"/>
    <nd ref="133092725"/>
    <nd ref="2297225996"/>
    <tag k="cycleway:both" v="no"/>
    <tag k="highway" v="tertiary"/>
    <tag k="incline" v="up"/>
    <tag k="lanes" v="4"/>
    <tag k="lanes:backward" v="2"/>
    <tag k="lanes:forward" v="2"/>
    <tag k="lit" v="yes"/>
    <tag k="maxspeed:type" v="CZ:urban"/>
    <tag k="maxweight" v="3.5"/>
    <tag k="name" v="nábřeží Ludvíka Svobody"/>
    <tag k="name:etymology:wikidata" v="Q310000"/>
    <tag k="sidewalk" v="no"/>
    <tag k="smoothness" v="excellent"/>
    <tag k="surface" v="asphalt"/>
  </way>
  <way id="220626871">
    <nd ref="2297225992"/>
    <nd ref="1238413455"/>
    <nd ref="8810417"/>
    <tag k="highway" v="tertiary"/>
    <tag k="lanes" v="3"/>
    <tag k="lanes:backward" v="2"/>
    <tag k="maxspeed" v="50"/>
    <tag k="name" v="Lannova"/>
    <tag k="placement:forward" v="left_of:1"/>
    <tag k="sidewalk:both" v="separate"/>
    <tag k="source:maxspeed" v="CZ:urban"/>
    <tag k="surface" v="asphalt"/>
    <tag k="turn:lanes:backward" v="left;through|right"/>
  </way>
  <way id="225234147">
    <nd ref="9729026811"/>
    <nd ref="9729026812"/>
    <nd ref="9729026810"/>
    <nd ref="9719758701"/>
    <nd ref="11586562840"/>
    <nd ref="10758403473"/>
    <tag k="cycleway:left" v="lane"/>
    <tag k="cycleway:left:lane" v="exclusive"/>
    <tag k="cycleway:left:oneway" v="-1"/>
    <tag k="cycleway:right" v="no"/>
    <tag k="highway" v="residential"/>
    <tag k="lanes" v="1"/>
    <tag k="lit" v="yes"/>
    <tag k="maxspeed" v="50"/>
    <tag k="name" v="Celetná"/>
    <tag k="name:be" v="Вуліца Цэлетна"/>
    <tag k="name:de" v="Zeltnergasse"/>
    <tag k="name:eo" v="Strato Celetná"/>
    <tag k="name:ru" v="Целетная улица"/>
    <tag k="name:sk" v="Celetná"/>
    <tag k="name:uk" v="Целетна вулиця"/>
    <tag k="name:zh" v="采莱特纳街"/>
    <tag k="note" v="Oneway:bicycle=no since 04/2021"/>
    <tag k="oneway" v="yes"/>
    <tag k="oneway:bicycle" v="no"/>
    <tag k="sidewalk:both" v="separate"/>
    <tag k="smoothness" v="excellent"/>
    <tag k="source:maxspeed" v="CZ:urban"/>
    <tag k="surface" v="asphalt"/>
    <tag k="wikidata" v="Q2452427"/>
    <tag k="wikipedia" v="cs:Celetná"/>
  </way>
  <way id="225234148">
    <nd ref="297594950"/>
    <nd ref="10693010439"/>
    <nd ref="4519609771"/>
    <tag k="covered" v="yes"/>
    <tag k="cycleway:left" v="lane"/>
    <tag k="cycleway:left:lane" v="exclusive"/>
    <tag k="cycleway:right" v="no"/>
    <tag k="description" v="Oneway:bicycle=no since 04/2021"/>
    <tag k="highway" v="residential"/>
    <tag k="lanes" v="1"/>
    <tag k="lit" v="yes"/>
    <tag k="maxheight" v="default"/>
    <tag k="maxspeed" v="50"/>
    <tag k="name" v="Celetná"/>
    <tag k="name:be" v="Вуліца Цэлетна"/>
    <tag k="name:de" v="Zeltnergasse"/>
    <tag k="name:eo" v="Strato Celetná"/>
    <tag k="name:ru" v="Целетная улица"/>
    <tag k="name:sk" v="Celetná"/>
    <tag k="name:uk" v="Целетна вулиця"/>
    <tag k="name:zh" v="采莱特纳街"/>
    <tag k="oneway" v="yes"/>
    <tag k="oneway:bicycle" v="no"/>
    <tag k="parking:both" v="no"/>
    <tag k="sidewalk" v="both"/>
    <tag k="sidewalk:both:surface" v="sett"/>
    <tag k="source:maxspeed" v="CZ:urban"/>
    <tag k="surface" v="asphalt"/>
    <tag k="tourism" v="attraction"/>
    <tag k="tunnel" v="building_passage"/>
    <tag k="wheelchair" v="no"/>
    <tag k="wikidata" v="Q2452427"/>
    <tag k="wikipedia" v="cs:Celetná"/>
  </way>
  <way id="239571512">
    <nd ref="300700259"/>
    <nd ref="299047201"/>
    <nd ref="25657935"/>
    <tag k="highway" v="residential"/>
    <tag k="lane_markings" v="no"/>
    <tag k="lit" v="yes"/>
    <tag k="lit_by_gaslight" v="yes"/>
    <tag k="name" v="Náprstkova"/>
    <tag k="name:de" v="Fingerhutgasse"/>
    <tag k="oneway" v="yes"/>
    <tag k="oneway:bicycle" v="yes"/>
    <tag k="parking:both" v="separate"/>
    <tag k="sidewalk:left" v="yes"/>
    <tag k="sidewalk:right" v="separate"/>
    <tag k="source:name" v="nameit/uir-adr"/>
    <tag k="surface" v="sett"/>
  </way>
  <way id="239571513">
    <nd ref="25658475"/>
    <nd ref="13686008000"/>
    <nd ref="4749438609"/>
    <tag k="access" v="yes"/>
    <tag k="highway" v="residential"/>
    <tag k="lane_markings" v="no"/>
    <tag k="lanes" v="1"/>
    <tag k="maxspeed" v="50"/>
    <tag k="name" v="Karoliny Světlé"/>
    <tag k="name:be" v="вуліца Караліны Светлай"/>
    <tag k="name:de" v="Karolína-Světlá-Gasse"/>
    <tag k="name:etymology:wikidata" v="Q258960"/>
    <tag k="name:ru" v="улица Каролины Светлой"/>
    <tag k="oneway" v="yes"/>
    <tag k="oneway:bicycle" v="yes"/>
    <tag k="parking:left" v="separate"/>
    <tag k="parking:right" v="no"/>
    <tag k="sidewalk:both" v="separate"/>
    <tag k="source:name" v="nameit/uir-adr"/>
    <tag k="surface" v="sett"/>
  </way>
  <way id="239571514">
    <nd ref="298861639"/>
    <nd ref="12197773507"/>
    <nd ref="10543087677"/>
    <nd ref="25657933"/>
    <tag k="access" v="yes"/>
    <tag k="highway" v="residential"/>
    <tag k="lane_markings" v="no"/>
    <tag k="maxspeed" v="50"/>
    <tag k="name" v="Karoliny Světlé"/>
    <tag k="name:de" v="Karolína-Světlá-Gasse"/>
    <tag k="name:etymology:wikidata" v="Q258960"/>
    <tag k="name:ru" v="улица Каролины Светлой"/>
    <tag k="oneway" v="yes"/>
    <tag k="oneway:bicycle" v="yes"/>
    <tag k="sidewalk" v="separate"/>
    <tag k="source:name" v="nameit/uir-adr"/>
    <tag k="surface" v="sett"/>
  </way>
  <way id="239571515">
    <nd ref="25657933"/>
    <nd ref="12197773508"/>
    <nd ref="300700256"/>
    <tag k="highway" v="residential"/>
    <tag k="lanes" v="1"/>
    <tag k="lit" v="yes"/>
    <tag k="maxspeed" v="50"/>
    <tag k="name" v="Betlémská"/>
    <tag k="name:de" v="Bethlehemsgasse"/>
    <tag k="oneway" v="yes"/>
    <tag k="oneway:bicycle" v="-1"/>
    <tag k="sidewalk:left" v="separate"/>
    <tag k="sidewalk:right" v="yes"/>
    <tag k="sidewalk:right:surface" v="sett"/>
    <tag k="source:name" v="nameit/uir-adr"/>
    <tag k="surface" v="sett"/>
    <tag k="wikidata" v="Q21505974"/>
  </way>
  <way id="239571516">
    <nd ref="25657956"/>
    <nd ref="12197773554"/>
    <nd ref="3397119017"/>
    <nd ref="25657933"/>
    <tag k="bicycle" v="yes"/>
    <tag k="foot" v="yes"/>
    <tag k="highway" v="residential"/>
    <tag k="lane_markings" v="no"/>
    <tag k="lanes" v="1"/>
    <tag k="lit" v="yes"/>
    <tag k="motor_vehicle" v="destination"/>
    <tag k="name" v="Karoliny Světlé"/>
    <tag k="name:de" v="Karolína-Světlá-Gasse"/>
    <tag k="name:etymology:wikidata" v="Q258960"/>
    <tag k="name:ru" v="улица Каролины Светлой"/>
    <tag k="oneway" v="yes"/>
    <tag k="sidewalk:left" v="separate"/>
    <tag k="sidewalk:right" v="yes"/>
    <tag k="sidewalk:right:surface" v="sett"/>
    <tag k="source:name" v="nameit/uir-adr"/>
    <tag k="surface" v="sett"/>
  </way>
  <way id="240348041">
    <nd ref="25673529"/>
    <nd ref="2480943421"/>
    <nd ref="5068535920"/>
    <nd ref="5068543569"/>
    <nd ref="5068538739"/>
    <nd ref="1307142692"/>
    <tag k="cycleway:both" v="no"/>
    <tag k="highway" v="living_street"/>
    <tag k="lane_markings" v="no"/>
    <tag k="lit" v="yes"/>
    <tag k="motor_vehicle" v="destination"/>
    <tag k="name" v="Velkopřevorské náměstí"/>
    <tag k="name:de" v="Großprioritätsplatz"/>
    <tag k="name:ru" v="Велкопржеворская площадь"/>
    <tag k="sidewalk:left" v="separate"/>
    <tag k="sidewalk:right" v="no"/>
    <tag k="smoothness" v="intermediate"/>
    <tag k="surface" v="sett"/>
  </way>
  <way id="248210448">
    <nd ref="25659745"/>
    <nd ref="11930026648"/>
    <nd ref="1251663069"/>
    <nd ref="1225461944"/>
    <nd ref="25659744"/>
    <nd ref="11930026646"/>
    <nd ref="1225461936"/>
    <nd ref="11930026647"/>
    <nd ref="25659747"/>
    <tag k="highway" v="residential"/>
    <tag k="junction" v="roundabout"/>
    <tag k="lanes" v="1"/>
    <tag k="lit" v="yes"/>
    <tag k="maxspeed:type" v="CZ:urban"/>
    <tag k="name" v="Dušní"/>
    <tag k="name:de" v="Geistgasse"/>
    <tag k="name:etymology:wikidata" v="Q2282608"/>
    <tag k="name:ru" v="Душни улица"/>
    <tag k="oneway" v="yes"/>
    <tag k="sidewalk:both" v="separate"/>
    <tag k="source:name" v="nameit/uir-adr"/>
    <tag k="surface" v="sett"/>
    <tag k="wikidata" v="Q23770370"/>
  </way>
  <way id="248210449">
    <nd ref="25658226"/>
    <nd ref="3822336796"/>
    <nd ref="1852501598"/>
    <nd ref="9850525015"/>
    <nd ref="1494140093"/>
    <nd ref="9850525016"/>
    <nd ref="25658227"/>
    <nd ref="12157767950"/>
    <nd ref="3426409559"/>
    <tag k="cycleway:left" v="soft_lane"/>
    <tag k="highway" v="residential"/>
    <tag k="lanes" v="1"/>
    <tag k="lit" v="yes"/>
    <tag k="maxspeed" v="50"/>
    <tag k="name" v="Jungmannova"/>
    <tag k="name:de" v="Jungmannstraße"/>
    <tag k="oneway" v="yes"/>
    <tag k="oneway:bicycle" v="no"/>
    <tag k="parking:both" v="separate"/>
    <tag k="sidewalk" v="separate"/>
    <tag k="surface" v="asphalt"/>
  </way>
  <way id="248270579">
    <nd ref="2550809881"/>
    <nd ref="8408788642"/>
    <nd ref="1251663070"/>
    <tag k="highway" v="residential"/>
    <tag k="lane_markings" v="no"/>
    <tag k="maxspeed:type" v="CZ:urban"/>
    <tag k="name" v="Klimentská"/>
    <tag k="name:de" v="Clemensgasse"/>
    <tag k="oneway" v="yes"/>
    <tag k="parking:left" v="separate"/>
    <tag k="parking:right" v="no"/>
    <tag k="sidewalk:both" v="separate"/>
    <tag k="surface" v="sett"/>
  </way>
  <way id="255376160">
    <nd ref="1014525934"/>
    <nd ref="6485447492"/>
    <nd ref="25674704"/>
    <tag k="cycleway:right" v="no"/>
    <tag k="highway" v="residential"/>
    <tag k="lane_markings" v="no"/>
    <tag k="lit" v="yes"/>
    <tag k="maxspeed:type" v="CZ:urban"/>
    <tag k="name" v="Janáčkovo nábřeží"/>
    <tag k="oneway" v="yes"/>
    <tag k="sidewalk" v="both"/>
    <tag k="surface" v="sett"/>
  </way>
  <way id="255376164">
    <nd ref="299707637"/>
    <nd ref="12655752122"/>
    <nd ref="25674714"/>
    <tag k="cycleway:both" v="no"/>
    <tag k="highway" v="residential"/>
    <tag k="lane_markings" v="no"/>
    <tag k="lit" v="yes"/>
    <tag k="name" v="Říční"/>
    <tag k="name:de" v="Flußgasse"/>
    <tag k="sidewalk:both" v="separate"/>
    <tag k="sidewalk:both:surface" v="sett"/>
    <tag k="surface" v="asphalt"/>
  </way>
  <way id="258759216">
    <nd ref="350564273"/>
    <nd ref="7044806049"/>
    <nd ref="350564274"/>
    <tag k="highway" v="residential"/>
    <tag k="lit" v="yes"/>
    <tag k="maxspeed" v="30"/>
    <tag k="maxspeed:type" v="CZ:zone30"/>
    <tag k="name" v="K Brusce"/>
    <tag k="name:de" v="Sandtorstraße"/>
    <tag k="smoothness" v="intermediate"/>
    <tag k="source" v="cuzk:km;survey"/>
    <tag k="surface" v="sett"/>
    <tag k="zone:maxspeed" v="30"/>
  </way>
  <way id="261182858">
    <nd ref="25685110"/>
    <nd ref="25685111"/>
    <tag k="highway" v="residential"/>
    <tag k="lane_markings" v="no"/>
    <tag k="name" v="Haštalská"/>
    <tag k="name:de" v="Kastalusgasse"/>
    <tag k="name:etymology:wikidata" v="Q12030733"/>
    <tag k="name:ru" v="Гашталская улица"/>
    <tag k="oneway" v="yes"/>
    <tag k="oneway:bicycle" v="no"/>
    <tag k="parking:both" v="lane"/>
    <tag k="parking:both:orientation" v="diagonal"/>
    <tag k="sidewalk:left" v="separate"/>
    <tag k="surface" v="sett"/>
    <tag k="wikidata" v="Q20019979"/>
  </way>
  <way id="277502828">
    <nd ref="2820088121"/>
    <nd ref="25685349"/>
    <tag k="highway" v="living_street"/>
    <tag k="maxspeed" v="20"/>
    <tag k="motor_vehicle" v="no"/>
    <tag k="name" v="Anežská"/>
    <tag k="name:de" v="Agnesgasse"/>
    <tag k="name:etymology:wikidata" v="Q394832"/>
    <tag k="name:ru" v="улица Агнессы"/>
    <tag k="sidewalk" v="both"/>
    <tag k="source:name" v="nameit/uir-adr"/>
    <tag k="surface" v="sett"/>
    <tag k="wikidata" v="Q21188148"/>
  </way>
  <way id="284400712">
    <nd ref="21672755"/>
    <nd ref="8425594868"/>
    <nd ref="1157156569"/>
    <nd ref="355688237"/>
    <nd ref="268782596"/>
    <nd ref="10866611978"/>
    <nd ref="11226962988"/>
    <nd ref="290931169"/>
    <nd ref="10255819212"/>
    <nd ref="4751490645"/>
    <nd ref="4751490644"/>
    <nd ref="278464065"/>
    <tag k="highway" v="residential"/>
    <tag k="lane_markings" v="no"/>
    <tag k="lit" v="yes"/>
    <tag k="maxspeed" v="50"/>
    <tag k="name" v="Panská"/>
    <tag k="name:de" v="Herrengasse"/>
    <tag k="name:ru" v="Панская улица"/>
    <tag k="oneway" v="yes"/>
    <tag k="sidewalk:both" v="separate"/>
    <tag k="smoothness" v="intermediate"/>
    <tag k="source:maxspeed" v="CZ:urban"/>
    <tag k="surface" v="sett"/>
  </way>
  <way id="285253783">
    <nd ref="317918647"/>
    <nd ref="314787136"/>
    <nd ref="299707643"/>
    <nd ref="25671772"/>
    <tag k="cycleway:both" v="no"/>
    <tag k="highway" v="residential"/>
    <tag k="lanes" v="1"/>
    <tag k="lit" v="yes"/>
    <tag k="maxspeed:type" v="CZ:urban"/>
    <tag k="name" v="Harantova"/>
    <tag k="name:de" v="Harantgasse"/>
    <tag k="oneway" v="yes"/>
    <tag k="sidewalk" v="both"/>
    <tag k="sidewalk:both:surface" v="sett"/>
    <tag k="smoothness" v="bad"/>
    <tag k="surface" v="sett"/>
    <tag k="width" v="3"/>
  </way>
  <way id="286250082">
    <nd ref="10945637601"/>
    <nd ref="25673524"/>
    <nd ref="2455467933"/>
    <tag k="carriage" v="no"/>
    <tag k="highway" v="living_street"/>
    <tag k="lit" v="yes"/>
    <tag k="maxspeed" v="20"/>
    <tag k="name" v="Saská"/>
    <tag k="name:de" v="Sachsengäßchen"/>
    <tag k="name:etymology:wikidata" v="Q1202"/>
    <tag k="smoothness" v="bad"/>
    <tag k="surface" v="sett"/>
  </way>
  <way id="286250086">
    <nd ref="315519302"/>
    <nd ref="315519175"/>
    <tag k="carriage" v="no"/>
    <tag k="highway" v="living_street"/>
    <tag k="lanes" v="2"/>
    <tag k="maxheight" v="default"/>
    <tag k="maxspeed" v="20"/>
    <tag k="restriction" v="no_stopping"/>
    <tag k="surface" v="sett"/>
  </way>
  <way id="287894897">
    <nd ref="2455467933"/>
    <nd ref="1898078657"/>
    <tag k="highway" v="living_street"/>
    <tag k="maxspeed" v="20"/>
    <tag k="name" v="Saská"/>
    <tag k="name:etymology:wikidata" v="Q1202"/>
    <tag k="surface" v="sett"/>
  </way>
  <way id="293677082">
    <nd ref="8408788646"/>
    <nd ref="8408788649"/>
    <nd ref="354688198"/>
    <nd ref="8695094438"/>
    <nd ref="25685126"/>
    <tag k="cycleway:both" v="no"/>
    <tag k="highway" v="residential"/>
    <tag k="lane_markings" v="no"/>
    <tag k="lit" v="yes"/>
    <tag k="maxspeed" v="50"/>
    <tag k="maxweight" v="3.5"/>
    <tag k="name" v="Revoluční"/>
    <tag k="name:ru" v="Революционная улица"/>
    <tag k="oneway" v="yes"/>
    <tag k="parking:both" v="no"/>
    <tag k="sidewalk:left" v="no"/>
    <tag k="sidewalk:right" v="separate"/>
    <tag k="smoothness" v="excellent"/>
    <tag k="source:maxspeed" v="CZ:urban"/>
    <tag k="surface" v="asphalt"/>
  </way>
  <way id="293677083">
    <nd ref="25685126"/>
    <nd ref="9808032178"/>
    <nd ref="8695094436"/>
    <nd ref="1251663050"/>
    <nd ref="8408788631"/>
    <tag k="highway" v="residential"/>
    <tag k="lanes" v="1"/>
    <tag k="lit" v="yes"/>
    <tag k="maxspeed" v="50"/>
    <tag k="maxweight" v="3.5"/>
    <tag k="name" v="Revoluční"/>
    <tag k="name:ru" v="Революционная улица"/>
    <tag k="oneway" v="yes"/>
    <tag k="parking:both" v="no"/>
    <tag k="sidewalk:left" v="no"/>
    <tag k="sidewalk:right" v="separate"/>
    <tag k="smoothness" v="good"/>
    <tag k="source:maxspeed" v="CZ:urban"/>
    <tag k="surface" v="asphalt"/>
  </way>
  <way id="293829392">
    <nd ref="2940189025"/>
    <nd ref="1410296774"/>
    <nd ref="25685116"/>
    <tag k="highway" v="residential"/>
    <tag k="lane_markings" v="no"/>
    <tag k="lit" v="yes"/>
    <tag k="motor_vehicle" v="no"/>
    <tag k="motorcar" v="no"/>
    <tag k="name" v="Kozí"/>
    <tag k="name:de" v="Ziegengasse"/>
    <tag k="name:ru" v="Козья улица"/>
    <tag k="sidewalk" v="both"/>
    <tag k="source:name" v="nameit/uir-adr"/>
    <tag k="surface" v="sett"/>
    <tag k="wikidata" v="Q43388439"/>
  </way>
  <way id="299273172">
    <nd ref="1265637966"/>
    <nd ref="4714677271"/>
    <nd ref="4330936996"/>
    <nd ref="3032509939"/>
    <nd ref="3032509944"/>
    <nd ref="8918354047"/>
    <nd ref="9891913690"/>
    <nd ref="7874933581"/>
    <nd ref="1014525982"/>
    <tag k="alt_name" v="Národní třída"/>
    <tag k="cycleway:both" v="no"/>
    <tag k="highway" v="residential"/>
    <tag k="lane_markings" v="no"/>
    <tag k="lanes" v="1"/>
    <tag k="lit" v="yes"/>
    <tag k="maxspeed" v="50"/>
    <tag k="name" v="Národní"/>
    <tag k="name:de" v="Nationalallee"/>
    <tag k="name:ru" v="Национальный проспект"/>
    <tag k="oneway" v="yes"/>
    <tag k="sidewalk" v="separate"/>
    <tag k="source" v="survey"/>
    <tag k="surface" v="asphalt"/>
    <tag k="width" v="3"/>
    <tag k="wikidata" v="Q2993762"/>
    <tag k="wikimedia_commons" v="Category:Národní (Prague)"/>
    <tag k="wikipedia" v="cs:Národní (Praha)"/>
  </way>
  <way id="299273174">
    <nd ref="1014525982"/>
    <nd ref="8918354046"/>
    <nd ref="4330936994"/>
    <nd ref="3032509942"/>
    <nd ref="4330936995"/>
    <nd ref="4714677489"/>
    <nd ref="1265637966"/>
    <tag k="alt_name" v="Národní třída"/>
    <tag k="cycleway:both" v="no"/>
    <tag k="highway" v="residential"/>
    <tag k="lanes" v="1"/>
    <tag k="lit" v="yes"/>
    <tag k="maxspeed:type" v="CZ:urban"/>
    <tag k="name" v="Národní"/>
    <tag k="name:de" v="Nationalallee"/>
    <tag k="name:ru" v="Национальный проспект"/>
    <tag k="oneway" v="yes"/>
    <tag k="sidewalk" v="separate"/>
    <tag k="sidewalk:right:surface" v="paving_stones"/>
    <tag k="source" v="bing;cuzk;survey"/>
    <tag k="surface" v="asphalt"/>
    <tag k="width" v="3"/>
    <tag k="wikidata" v="Q2993762"/>
    <tag k="wikimedia_commons" v="Category:Národní (Prague)"/>
    <tag k="wikipedia" v="cs:Národní (Praha)"/>
  </way>
  <way id="299273175">
    <nd ref="1265637966"/>
    <nd ref="12157709119"/>
    <nd ref="25657389"/>
    <nd ref="1265638038"/>
    <nd ref="13361409409"/>
    <nd ref="25657382"/>
    <nd ref="5242375940"/>
    <nd ref="1410302989"/>
    <nd ref="4714677266"/>
    <nd ref="25657274"/>
    <tag k="alt_name" v="Národní třída"/>
    <tag k="embedded_rails" v="tram"/>
    <tag k="highway" v="residential"/>
    <tag k="lanes" v="2"/>
    <tag k="lit" v="yes"/>
    <tag k="maxspeed" v="50"/>
    <tag k="name" v="Národní"/>
    <tag k="name:de" v="Nationalallee"/>
    <tag k="name:ru" v="Национальный проспект"/>
    <tag k="oneway" v="no"/>
    <tag k="overtaking" v="no"/>
    <tag k="parking:both" v="separate"/>
    <tag k="sidewalk" v="separate"/>
    <tag k="source" v="bing;cuzk;survey"/>
    <tag k="surface" v="asphalt"/>
    <tag k="wikidata" v="Q2993762"/>
    <tag k="wikimedia_commons" v="Category:Národní (Prague)"/>
    <tag k="wikipedia" v="cs:Národní (Praha)"/>
  </way>
  <way id="306030112">
    <nd ref="1245320001"/>
    <nd ref="1245319908"/>
    <nd ref="1245320038"/>
    <nd ref="10611327581"/>
    <tag k="highway" v="residential"/>
    <tag k="lanes" v="1"/>
    <tag k="lit" v="yes"/>
    <tag k="name" v="Maltézské náměstí"/>
    <tag k="name:de" v="Malteserplatz"/>
    <tag k="name:ru" v="Мальтийская площадь"/>
    <tag k="oneway" v="yes"/>
    <tag k="sidewalk:both" v="separate"/>
    <tag k="sidewalk:both:surface" v="sett"/>
    <tag k="surface" v="sett"/>
  </way>
  <way id="306390481">
    <nd ref="25659741"/>
    <nd ref="25659742"/>
    <nd ref="25659743"/>
    <nd ref="8810401"/>
    <tag k="highway" v="residential"/>
    <tag k="lane_markings" v="no"/>
    <tag k="lit" v="yes"/>
    <tag k="name" v="Dlouhá"/>
    <tag k="name:be" v="Доўгая вуліца"/>
    <tag k="name:de" v="Lange Gasse"/>
    <tag k="name:etymology:wikidata" v="Q113171416"/>
    <tag k="name:ru" v="Длинная улица"/>
    <tag k="oneway" v="yes"/>
    <tag k="sidewalk:both" v="separate"/>
    <tag k="surface" v="sett"/>
    <tag k="wikidata" v="Q11812534"/>
    <tag k="wikipedia" v="cs:Dlouhá (Praha)"/>
  </way>
  <way id="306390482">
    <nd ref="25659746"/>
    <nd ref="12486970697"/>
    <nd ref="3112804646"/>
    <nd ref="315529356"/>
    <nd ref="25659745"/>
    <tag k="highway" v="residential"/>
    <tag k="junction" v="roundabout"/>
    <tag k="lanes" v="1"/>
    <tag k="lit" v="yes"/>
    <tag k="maxspeed:type" v="CZ:urban"/>
    <tag k="name" v="Dušní"/>
    <tag k="name:de" v="Geistgasse"/>
    <tag k="name:etymology:wikidata" v="Q2282608"/>
    <tag k="name:ru" v="Душни улица"/>
    <tag k="oneway" v="yes"/>
    <tag k="sidewalk:both" v="separate"/>
    <tag k="source:name" v="nameit/uir-adr"/>
    <tag k="surface" v="sett"/>
    <tag k="wikidata" v="Q23770370"/>
  </way>
  <way id="306390483">
    <nd ref="9187809"/>
    <nd ref="12199717998"/>
    <nd ref="25659749"/>
    <nd ref="6455491585"/>
    <nd ref="1251645265"/>
    <nd ref="25659750"/>
    <tag k="highway" v="residential"/>
    <tag k="lanes" v="1"/>
    <tag k="lit" v="yes"/>
    <tag k="maxspeed:type" v="CZ:urban"/>
    <tag k="name" v="Maiselova"/>
    <tag k="name:de" v="Maiselgasse"/>
    <tag k="name:etymology:wikidata" v="Q721293"/>
    <tag k="name:ru" v="улица Майзелова"/>
    <tag k="oneway" v="yes"/>
    <tag k="sidewalk:both" v="separate"/>
    <tag k="surface" v="sett"/>
    <tag k="wikidata" v="Q26897372"/>
  </way>
  <way id="306390484">
    <nd ref="8810394"/>
    <nd ref="9187801"/>
    <tag k="cycleway:both" v="no"/>
    <tag k="highway" v="residential"/>
    <tag k="lanes" v="1"/>
    <tag k="lit" v="yes"/>
    <tag k="maxspeed:type" v="CZ:urban"/>
    <tag k="name" v="Pařížská"/>
    <tag k="name:be" v="Парыжская вуліца"/>
    <tag k="name:de" v="Pariser Straße"/>
    <tag k="name:etymology:wikidata" v="Q90"/>
    <tag k="name:ja" v="パジージェスカー"/>
    <tag k="name:ru" v="Парижская улица"/>
    <tag k="name:zh" v="巴黎大街"/>
    <tag k="oneway" v="yes"/>
    <tag k="oneway:bicycle" v="yes"/>
    <tag k="parking:both" v="separate"/>
    <tag k="sidewalk" v="separate"/>
    <tag k="surface" v="asphalt"/>
    <tag k="wikidata" v="Q6810086"/>
    <tag k="wikimedia_commons" v="Category:Pařížská (Prague)"/>
    <tag k="wikipedia" v="cs:Pařížská (Praha)"/>
  </way>
  <way id="306741885">
    <nd ref="1413857827"/>
    <nd ref="6068060658"/>
    <tag k="check_date" v="2026-07-30"/>
    <tag k="highway" v="residential"/>
    <tag k="lane_markings" v="no"/>
    <tag k="lit" v="yes"/>
    <tag k="maxspeed" v="30"/>
    <tag k="maxspeed:type" v="CZ:urban"/>
    <tag k="name" v="Václavské náměstí"/>
    <tag k="name:be" v="Вацлаўская плошча"/>
    <tag k="name:cs" v="Václavské náměstí"/>
    <tag k="name:de" v="Wenzelsplatz"/>
    <tag k="name:en" v="Wenceslas Square"/>
    <tag k="name:eo" v="Venceslaa Placo"/>
    <tag k="name:es" v="Plaza de Wenceslao"/>
    <tag k="name:etymology:wikidata" v="Q196527"/>
    <tag k="name:fr" v="Place Venceslas"/>
    <tag k="name:it" v="Piazza San Venceslao"/>
    <tag k="name:ja" v="ヴァーツラフ広場"/>
    <tag k="name:mk" v="Вацлавски намести"/>
    <tag k="name:nl" v="Wenceslausplein"/>
    <tag k="name:pl" v="Plac Wacława"/>
    <tag k="name:pt" v="Praça de Venceslau"/>
    <tag k="name:ru" v="Вацлавская площадь"/>
    <tag k="name:uk" v="Вацлавська площа"/>
    <tag k="name:zh" v="瓦茨拉夫广场"/>
    <tag k="oneway" v="no"/>
    <tag k="overtaking" v="no"/>
    <tag k="parking:left" v="no"/>
    <tag k="parking:right" v="street_side"/>
    <tag k="parking:right:orientation" v="diagonal"/>
    <tag k="source:maxspeed" v="sign"/>
    <tag k="surface" v="sett"/>
  </way>
  <way id="309632705">
    <nd ref="25691395"/>
    <nd ref="25691398"/>
    <tag k="highway" v="residential"/>
    <tag k="lit" v="yes"/>
    <tag k="maxspeed" v="30"/>
    <tag k="maxspeed:type" v="CZ:zone30"/>
    <tag k="name" v="Park Charlotty Garrigue Masarykové"/>
    <tag k="name:etymology:wikidata" v="Q3490671"/>
    <tag k="oneway" v="yes"/>
    <tag k="sidewalk:both" v="separate"/>
    <tag k="source:name" v="CZ:IPRPraha"/>
    <tag k="surface" v="asphalt"/>
    <tag k="zone:maxspeed" v="30"/>
  </way>
  <way id="309632711">
    <nd ref="1535515880"/>
    <nd ref="7724694655"/>
    <nd ref="4323274498"/>
    <nd ref="11627985291"/>
    <nd ref="315509670"/>
    <nd ref="13987907958"/>
    <nd ref="12529781296"/>
    <nd ref="12529781295"/>
    <nd ref="4323274491"/>
    <nd ref="247759"/>
    <tag k="cycleway:right" v="no"/>
    <tag k="embedded_rails" v="tram"/>
    <tag k="highway" v="secondary"/>
    <tag k="lane_markings" v="no"/>
    <tag k="lit" v="yes"/>
    <tag k="maxspeed" v="50"/>
    <tag k="name" v="Badeniho"/>
    <tag k="name:de" v="Badenistraße"/>
    <tag k="name:etymology" v="Kasimir Felix Badeni"/>
    <tag k="name:etymology:wikidata" v="Q697799"/>
    <tag k="old_name" v="I. V. Mičurina"/>
    <tag k="oneway" v="yes"/>
    <tag k="sidewalk:left" v="no"/>
    <tag k="sidewalk:right" v="separate"/>
    <tag k="source:maxspeed" v="CZ:urban"/>
    <tag k="surface" v="asphalt"/>
    <tag k="wikidata" v="Q43386342"/>
    <tag k="wikimedia_commons" v="Category:Badeniho"/>
    <tag k="wikipedia" v="cs:Badeniho"/>
  </way>
  <way id="309712016">
    <nd ref="25691336"/>
    <nd ref="5253613526"/>
    <nd ref="11901517370"/>
    <tag k="highway" v="residential"/>
    <tag k="lit" v="yes"/>
    <tag k="maxspeed" v="30"/>
    <tag k="maxspeed:type" v="CZ:zone30"/>
    <tag k="name" v="Mickiewiczova"/>
    <tag k="name:etymology:wikidata" v="Q79822"/>
    <tag k="oneway" v="yes"/>
    <tag k="oneway:bicycle" v="no"/>
    <tag k="sidewalk:both" v="separate"/>
    <tag k="surface" v="sett"/>
    <tag k="wikidata" v="Q43388959"/>
    <tag k="wikimedia_commons" v="Category:Mickiewiczova (Prague)"/>
    <tag k="zone:maxspeed" v="30"/>
  </way>
  <way id="309712018">
    <nd ref="25691465"/>
    <nd ref="11283590731"/>
    <nd ref="11283590732"/>
    <nd ref="243494260"/>
    <nd ref="11283590733"/>
    <nd ref="243494262"/>
    <nd ref="11283590734"/>
    <nd ref="12202012379"/>
    <nd ref="25691395"/>
    <tag k="cycleway:left" v="shared_lane"/>
    <tag k="highway" v="residential"/>
    <tag k="lit" v="yes"/>
    <tag k="maxspeed" v="30"/>
    <tag k="maxspeed:type" v="CZ:zone30"/>
    <tag k="name" v="Park Charlotty Garrigue Masarykové"/>
    <tag k="name:etymology:wikidata" v="Q3490671"/>
    <tag k="oneway" v="yes"/>
    <tag k="oneway:bicycle" v="no"/>
    <tag k="sidewalk:both" v="separate"/>
    <tag k="sorting_name" v="Charlotty Garrigue Masarykové"/>
    <tag k="surface" v="asphalt"/>
    <tag k="zone:maxspeed" v="30"/>
  </way>
  <way id="313652483">
    <nd ref="25657278"/>
    <nd ref="4714677279"/>
    <nd ref="3055004528"/>
    <nd ref="2271360532"/>
    <tag k="highway" v="living_street"/>
    <tag k="lanes" v="1"/>
    <tag k="lit" v="yes"/>
    <tag k="maxspeed" v="20"/>
    <tag k="name" v="Ostrovní"/>
    <tag k="name:de" v="Inselgasse"/>
    <tag k="name:ru" v="Островной переулок"/>
    <tag k="surface" v="sett"/>
  </way>
  <way id="320394087">
    <nd ref="25658475"/>
    <nd ref="12895561961"/>
    <tag k="access" v="yes"/>
    <tag k="highway" v="residential"/>
    <tag k="lane_markings" v="no"/>
    <tag k="lanes" v="1"/>
    <tag k="maxspeed" v="50"/>
    <tag k="name" v="Karoliny Světlé"/>
    <tag k="name:be" v="вуліца Караліны Светлай"/>
    <tag k="name:de" v="Karolína-Světlá-Gasse"/>
    <tag k="name:etymology:wikidata" v="Q258960"/>
    <tag k="name:ru" v="улица Каролины Светлой"/>
    <tag k="oneway" v="yes"/>
    <tag k="oneway:bicycle" v="yes"/>
    <tag k="parking:left" v="separate"/>
    <tag k="parking:right" v="no"/>
    <tag k="sidewalk:both" v="separate"/>
    <tag k="source:name" v="nameit/uir-adr"/>
    <tag k="surface" v="sett"/>
  </way>
  <way id="323771393">
    <nd ref="3305500302"/>
    <nd ref="3305500301"/>
    <nd ref="29049933"/>
    <nd ref="8810417"/>
    <tag k="highway" v="residential"/>
    <tag k="name" v="Nové Mlýny"/>
    <tag k="name:de" v="Neumühlgasse"/>
    <tag k="name:de_1" v="Neumühlen"/>
    <tag k="name:ru" v="Ново-Мельничная улица"/>
    <tag k="oneway" v="no"/>
    <tag k="surface" v="asphalt"/>
    <tag k="wikidata" v="Q43052145"/>
  </way>
  <way id="323905583">
    <nd ref="3306782856"/>
    <nd ref="1706761045"/>
    <nd ref="9808032179"/>
    <nd ref="8695094435"/>
    <nd ref="1251663079"/>
    <nd ref="8408788634"/>
    <tag k="highway" v="residential"/>
    <tag k="lane_markings" v="no"/>
    <tag k="lit" v="yes"/>
    <tag k="maxspeed:type" v="CZ:urban"/>
    <tag k="name" v="Soukenická"/>
    <tag k="name:de" v="Tuchmachergasse"/>
    <tag k="name:etymology:wikidata" v="Q47012164"/>
    <tag k="oneway" v="yes"/>
    <tag k="sidewalk:both" v="separate"/>
    <tag k="source:name" v="nameit/uir-adr"/>
    <tag k="surface" v="asphalt"/>
  </way>
  <way id="323905584">
    <nd ref="3306782860"/>
    <nd ref="3306782858"/>
    <nd ref="1706761135"/>
    <nd ref="3306782856"/>
    <tag k="highway" v="residential"/>
    <tag k="lit" v="yes"/>
    <tag k="name" v="Soukenická"/>
    <tag k="name:de" v="Tuchmachergasse"/>
    <tag k="name:etymology:wikidata" v="Q47012164"/>
    <tag k="oneway" v="yes"/>
    <tag k="sidewalk:both" v="separate"/>
    <tag k="source:name" v="nameit/uir-adr"/>
    <tag k="surface" v="asphalt"/>
    <tag k="traffic_calming" v="table"/>
  </way>
  <way id="325284497">
    <nd ref="21672756"/>
    <nd ref="6819376699"/>
    <nd ref="5066391885"/>
    <nd ref="1157156572"/>
    <nd ref="8425594864"/>
    <nd ref="21672755"/>
    <tag k="cycleway:both" v="no"/>
    <tag k="highway" v="residential"/>
    <tag k="lane_markings" v="no"/>
    <tag k="lit" v="yes"/>
    <tag k="maxspeed" v="50"/>
    <tag k="name" v="Politických vězňů"/>
    <tag k="name:de" v="Bredauer Gasse"/>
    <tag k="name:etymology:wikidata" v="Q217105"/>
    <tag k="name:ru" v="улица Политических заключённых"/>
    <tag k="oneway" v="no"/>
    <tag k="parking:left" v="lane"/>
    <tag k="parking:left:orientation" v="parallel"/>
    <tag k="parking:right" v="no"/>
    <tag k="sidewalk" v="separate"/>
    <tag k="source:maxspeed" v="CZ:urban"/>
    <tag k="surface" v="sett"/>
  </way>
  <way id="335555281">
    <nd ref="315529879"/>
    <nd ref="13799278692"/>
    <nd ref="13505061730"/>
    <nd ref="3426533351"/>
    <tag k="bicycle" v="no"/>
    <tag k="check_date" v="2024"/>
    <tag k="foot" v="yes"/>
    <tag k="highway" v="living_street"/>
    <tag k="lanes" v="1"/>
    <tag k="maxspeed" v="20"/>
    <tag k="motor_vehicle" v="private"/>
    <tag k="noname" v="yes"/>
    <tag k="source" v="local knowledge"/>
    <tag k="start_date" v="2024"/>
    <tag k="surface" v="paving_stones"/>
  </way>
  <way id="344845920">
    <nd ref="1251663093"/>
    <nd ref="8695094437"/>
    <nd ref="3515697548"/>
    <nd ref="244469661"/>
    <nd ref="8810413"/>
    <tag k="cycleway:both" v="no"/>
    <tag k="highway" v="residential"/>
    <tag k="lanes" v="3"/>
    <tag k="lanes:backward" v="2"/>
    <tag k="lanes:forward" v="1"/>
    <tag k="lit" v="yes"/>
    <tag k="maxspeed" v="50"/>
    <tag k="motor_vehicle:conditional" v="destination @ (22:00-06:00)"/>
    <tag k="name" v="Dlouhá"/>
    <tag k="name:de" v="Lange Gasse"/>
    <tag k="name:etymology:wikidata" v="Q113171416"/>
    <tag k="name:ru" v="Длинная улица"/>
    <tag k="parking:both" v="no"/>
    <tag k="psv" v="yes"/>
    <tag k="sidewalk:both" v="separate"/>
    <tag k="surface" v="sett"/>
    <tag k="turn:lanes:backward" v="left|right"/>
    <tag k="wikidata" v="Q11812534"/>
    <tag k="wikipedia" v="cs:Dlouhá (Praha)"/>
  </way>
  <way id="344845921">
    <nd ref="8810413"/>
    <nd ref="7040618840"/>
    <nd ref="315530548"/>
    <nd ref="7040618843"/>
    <nd ref="7040618842"/>
    <nd ref="1251663068"/>
    <nd ref="8810412"/>
    <tag k="cycleway:both" v="no"/>
    <tag k="highway" v="residential"/>
    <tag k="lane_markings" v="no"/>
    <tag k="lanes" v="2"/>
    <tag k="maxspeed" v="50"/>
    <tag k="motor_vehicle:conditional" v="destination @ (22:00-06:00)"/>
    <tag k="name" v="Dlouhá"/>
    <tag k="name:de" v="Lange Gasse"/>
    <tag k="name:etymology:wikidata" v="Q113171416"/>
    <tag k="name:ru" v="Длинная улица"/>
    <tag k="parking:both" v="separate"/>
    <tag k="psv" v="yes"/>
    <tag k="sidewalk:both" v="separate"/>
    <tag k="surface" v="sett"/>
    <tag k="wikidata" v="Q11812534"/>
    <tag k="wikipedia" v="cs:Dlouhá (Praha)"/>
  </way>
  <way id="345267651">
    <nd ref="3519517585"/>
    <nd ref="3519517584"/>
    <tag k="highway" v="living_street"/>
    <tag k="lanes" v="1"/>
    <tag k="lit" v="yes"/>
    <tag k="lit_by_gaslight" v="yes"/>
    <tag k="maxheight" v="default"/>
    <tag k="maxspeed" v="20"/>
    <tag k="name" v="Havelská ulička"/>
    <tag k="name:de" v="Gallusgässchen"/>
    <tag k="name:pl" v="Zaułek Gawelski"/>
    <tag k="oneway" v="yes"/>
    <tag k="surface" v="sett"/>
    <tag k="tunnel" v="building_passage"/>
  </way>
  <way id="345267652">
    <nd ref="3519517584"/>
    <nd ref="3998872954"/>
    <nd ref="300524470"/>
    <tag k="highway" v="living_street"/>
    <tag k="lanes" v="1"/>
    <tag k="lit" v="yes"/>
    <tag k="maxspeed" v="20"/>
    <tag k="name" v="Havelská ulička"/>
    <tag k="name:de" v="Gallusgässchen"/>
    <tag k="name:pl" v="Zaułek Gawelski"/>
    <tag k="oneway" v="yes"/>
    <tag k="surface" v="sett"/>
  </way>
  <way id="345267654">
    <nd ref="3519517581"/>
    <nd ref="4751509124"/>
    <nd ref="5066391884"/>
    <nd ref="1157156587"/>
    <nd ref="4704946991"/>
    <nd ref="25655262"/>
    <tag k="highway" v="residential"/>
    <tag k="lit" v="yes"/>
    <tag k="maxheight" v="default"/>
    <tag k="maxspeed" v="30"/>
    <tag k="name" v="Nekázanka"/>
    <tag k="name:de" v="Kreutzlgasse"/>
    <tag k="oneway" v="yes"/>
    <tag k="parking:left" v="no"/>
    <tag k="parking:right" v="lane"/>
    <tag k="parking:right:orientation" v="parallel"/>
    <tag k="sidewalk:both" v="separate"/>
    <tag k="source:maxspeed" v="sign"/>
    <tag k="surface" v="asphalt"/>
  </way>
  <way id="345621887">
    <nd ref="8810433"/>
    <nd ref="12157709091"/>
    <nd ref="4700724541"/>
    <nd ref="299047369"/>
    <nd ref="6475120065"/>
    <nd ref="4700724539"/>
    <nd ref="4700724588"/>
    <nd ref="315520339"/>
    <nd ref="12157709114"/>
    <tag k="bicycle" v="yes"/>
    <tag k="cycleway:left" v="no"/>
    <tag k="cycleway:right" v="shared_lane"/>
    <tag k="cycleway:right:lane" v="pictogram"/>
    <tag k="embedded_rails" v="tram"/>
    <tag k="highway" v="residential"/>
    <tag k="lanes" v="1"/>
    <tag k="lit" v="yes"/>
    <tag k="maxspeed" v="30"/>
    <tag k="name" v="Masarykovo nábřeží"/>
    <tag k="name:de" v="Masaryk-Ufer"/>
    <tag k="name:etymology:wikidata" v="Q78492"/>
    <tag k="name:ru" v="набережная Масарика"/>
    <tag k="oneway" v="yes"/>
    <tag k="surface" v="asphalt"/>
    <tag k="wikidata" v="Q18667556"/>
    <tag k="wikipedia" v="cs:Masarykovo nábřeží"/>
  </way>
  <way id="345621897">
    <nd ref="1548825650"/>
    <nd ref="9891950230"/>
    <nd ref="2256052049"/>
    <nd ref="9891950234"/>
    <nd ref="9891913689"/>
    <nd ref="1523068629"/>
    <tag k="bicycle" v="yes"/>
    <tag k="cycleway:left" v="separate"/>
    <tag k="cycleway:right" v="shared_lane"/>
    <tag k="cycleway:right:lane" v="pictogram"/>
    <tag k="embedded_rails" v="tram"/>
    <tag k="highway" v="residential"/>
    <tag k="horse" v="no"/>
    <tag k="lanes:backward" v="1"/>
    <tag k="lanes:forward" v="2"/>
    <tag k="lit" v="yes"/>
    <tag k="maxheight" v="3.3"/>
    <tag k="maxspeed" v="50"/>
    <tag k="maxspeed:type" v="CZ:urban"/>
    <tag k="name" v="Smetanovo nábřeží"/>
    <tag k="name:de" v="Franzensquai"/>
    <tag k="name:etymology:wikidata" v="Q48173"/>
    <tag k="name:ru" v="набережная Сметаны"/>
    <tag k="shoulder" v="no"/>
    <tag k="sidewalk" v="separate"/>
    <tag k="surface" v="asphalt"/>
    <tag k="turn:lanes:forward" v="left|through;right"/>
    <tag k="wikidata" v="Q43397194"/>
  </way>
  <way id="345621901">
    <nd ref="2249406271"/>
    <nd ref="110613534"/>
    <nd ref="1927001379"/>
    <nd ref="4775780450"/>
    <tag k="bicycle" v="yes"/>
    <tag k="highway" v="residential"/>
    <tag k="horse" v="permit"/>
    <tag k="lanes" v="1"/>
    <tag k="lit" v="yes"/>
    <tag k="maxspeed" v="50"/>
    <tag k="maxweight" v="3.5"/>
    <tag k="motor_vehicle" v="permit"/>
    <tag k="name" v="Ve Smečkách"/>
    <tag k="name:de" v="Smetschkagasse"/>
    <tag k="name:pl" v="W Watahach"/>
    <tag k="oneway" v="yes"/>
    <tag k="psv" v="no"/>
    <tag k="sidewalk" v="separate"/>
    <tag k="source:maxspeed" v="CZ:urban"/>
    <tag k="surface" v="asphalt"/>
    <tag k="turn:lanes" v="right"/>
    <tag k="vehicle" v="no"/>
  </way>
  <way id="345621902">
    <nd ref="11395861830"/>
    <nd ref="6068060645"/>
    <nd ref="1413857853"/>
    <tag k="bicycle" v="yes"/>
    <tag k="foot" v="yes"/>
    <tag k="highway" v="residential"/>
    <tag k="horse" v="permit"/>
    <tag k="lanes" v="2"/>
    <tag k="lit" v="yes"/>
    <tag k="maxspeed" v="50"/>
    <tag k="name" v="Václavské náměstí"/>
    <tag k="name:be" v="Вацлаўская плошча"/>
    <tag k="name:de" v="Wenzelsplatz"/>
    <tag k="name:en" v="Wenceslas Square"/>
    <tag k="name:eo" v="Venceslaa Placo"/>
    <tag k="name:es" v="Plaza de Wenceslao"/>
    <tag k="name:etymology:wikidata" v="Q196527"/>
    <tag k="name:fr" v="Place Venceslas"/>
    <tag k="name:it" v="Piazza San Venceslao"/>
    <tag k="name:ja" v="ヴァーツラフ広場"/>
    <tag k="name:ko" v="바츨라프 광장"/>
    <tag k="name:mk" v="Вацлавски намести"/>
    <tag k="name:nl" v="Wenceslausplein"/>
    <tag k="name:pl" v="Plac Wacława"/>
    <tag k="name:pt" v="Praça de Venceslau"/>
    <tag k="name:ru" v="Вацлавская площадь"/>
    <tag k="name:uk" v="Вацлавська площа"/>
    <tag k="name:zh" v="瓦茨拉夫广场"/>
    <tag k="oneway" v="yes"/>
    <tag k="parking:left" v="no"/>
    <tag k="parking:right" v="street_side"/>
    <tag k="parking:right:orientation" v="diagonal"/>
    <tag k="psv" v="no"/>
    <tag k="source:maxspeed" v="CZ:urban"/>
    <tag k="surface" v="sett"/>
  </way>
  <way id="345621909">
    <nd ref="290931821"/>
    <nd ref="4749900026"/>
    <nd ref="12198891136"/>
    <nd ref="110613529"/>
    <nd ref="10543057643"/>
    <nd ref="4775780449"/>
    <tag k="cycleway:both" v="no"/>
    <tag k="highway" v="residential"/>
    <tag k="lane_markings" v="no"/>
    <tag k="lit" v="yes"/>
    <tag k="maxspeed" v="50"/>
    <tag k="name" v="Štěpánská"/>
    <tag k="name:de" v="Stefansgasse"/>
    <tag k="name:etymology:wikidata" v="Q1742727"/>
    <tag k="name:pl" v="Szczepańska"/>
    <tag k="name:ru" v="Штепанская улица"/>
    <tag k="oneway" v="yes"/>
    <tag k="sidewalk:both" v="separate"/>
    <tag k="source:maxspeed" v="CZ:urban"/>
    <tag k="surface" v="asphalt"/>
    <tag k="turn:lanes:forward" v="right|right"/>
  </way>
  <way id="360559062">
    <nd ref="3650765695"/>
    <nd ref="315519302"/>
    <tag k="carriage" v="no"/>
    <tag k="highway" v="living_street"/>
    <tag k="lanes" v="2"/>
    <tag k="maxheight" v="default"/>
    <tag k="maxheight:signed" v="no"/>
    <tag k="maxspeed" v="20"/>
    <tag k="restriction" v="no_stopping"/>
    <tag k="surface" v="sett"/>
  </way>
  <way id="378871831">
    <nd ref="25655303"/>
    <nd ref="8279277415"/>
    <nd ref="305304117"/>
    <tag k="cycleway:both" v="no"/>
    <tag k="highway" v="residential"/>
    <tag k="lanes" v="1"/>
    <tag k="lit" v="yes"/>
    <tag k="maxspeed" v="50"/>
    <tag k="name" v="Palackého"/>
    <tag k="name:de" v="Palacky"/>
    <tag k="name:etymology:wikidata" v="Q159642"/>
    <tag k="oneway" v="yes"/>
    <tag k="sidewalk:both" v="separate"/>
    <tag k="surface" v="sett"/>
  </way>
  <way id="399592635">
    <nd ref="1523068629"/>
    <nd ref="1014526065"/>
    <tag k="bicycle" v="yes"/>
    <tag k="cycleway:left" v="separate"/>
    <tag k="cycleway:right" v="shared_lane"/>
    <tag k="cycleway:right:lane" v="pictogram"/>
    <tag k="embedded_rails" v="tram"/>
    <tag k="highway" v="residential"/>
    <tag k="horse" v="no"/>
    <tag k="lanes" v="3"/>
    <tag k="lanes:backward" v="1"/>
    <tag k="lanes:forward" v="2"/>
    <tag k="lit" v="yes"/>
    <tag k="maxheight" v="3.3"/>
    <tag k="maxspeed" v="50"/>
    <tag k="maxspeed:type" v="CZ:urban"/>
    <tag k="name" v="Smetanovo nábřeží"/>
    <tag k="name:de" v="Franzensquai"/>
    <tag k="name:etymology:wikidata" v="Q48173"/>
    <tag k="name:ru" v="набережная Сметаны"/>
    <tag k="shoulder" v="no"/>
    <tag k="sidewalk" v="separate"/>
    <tag k="surface" v="asphalt"/>
    <tag k="turn:lanes:forward" v="left|through;right"/>
    <tag k="wikidata" v="Q43397194"/>
  </way>
  <way id="403367713">
    <nd ref="4057192704"/>
    <nd ref="877298797"/>
    <nd ref="1329617506"/>
    <tag k="bicycle" v="yes"/>
    <tag k="class:bicycle:non_experienced" v="-1"/>
    <tag k="cycleway:both" v="shared_lane"/>
    <tag k="cycleway:both:lane" v="pictogram"/>
    <tag k="embedded_rails" v="tram"/>
    <tag k="highway" v="residential"/>
    <tag k="horse" v="no"/>
    <tag k="lanes" v="2"/>
    <tag k="lit" v="yes"/>
    <tag k="maxheight" v="3.3"/>
    <tag k="maxspeed" v="30"/>
    <tag k="name" v="Křižovnická"/>
    <tag k="name:de" v="Kreuzherrengasse"/>
    <tag k="name:ru" v="Кржижовницкая улица"/>
    <tag k="parking:both" v="no"/>
    <tag k="sidewalk:both" v="separate"/>
    <tag k="smoothness" v="good"/>
    <tag k="surface" v="asphalt"/>
    <tag k="wikidata" v="Q43388676"/>
  </way>
  <way id="403367715">
    <nd ref="26423892"/>
    <nd ref="8810426"/>
    <tag k="bicycle" v="yes"/>
    <tag k="cycleway:both" v="shared_lane"/>
    <tag k="cycleway:both:lane" v="pictogram"/>
    <tag k="embedded_rails" v="tram"/>
    <tag k="highway" v="residential"/>
    <tag k="horse" v="no"/>
    <tag k="lanes" v="2"/>
    <tag k="lit" v="yes"/>
    <tag k="maxheight" v="3.3"/>
    <tag k="maxspeed:type" v="CZ:urban"/>
    <tag k="name" v="Smetanovo nábřeží"/>
    <tag k="name:de" v="Franzensquai"/>
    <tag k="name:etymology:wikidata" v="Q48173"/>
    <tag k="name:ru" v="набережная Сметаны"/>
    <tag k="parking:both" v="no"/>
    <tag k="sidewalk:both" v="separate"/>
    <tag k="surface" v="asphalt"/>
    <tag k="wikidata" v="Q43397194"/>
  </way>
  <way id="406970426">
    <nd ref="25691404"/>
    <nd ref="7044807092"/>
    <nd ref="297585947"/>
    <tag k="highway" v="residential"/>
    <tag k="lit" v="yes"/>
    <tag k="maxspeed" v="30"/>
    <tag k="maxspeed:type" v="CZ:zone30"/>
    <tag k="name" v="Na Baště svatého Jiří"/>
    <tag k="name:de" v="Bastei des Heiligen Georg"/>
    <tag k="oneway" v="yes"/>
    <tag k="sidewalk:both" v="separate"/>
    <tag k="smoothness" v="good"/>
    <tag k="surface" v="asphalt"/>
    <tag k="zone:maxspeed" v="30"/>
  </way>
  <way id="420149851">
    <nd ref="25658993"/>
    <nd ref="21266482"/>
    <tag k="highway" v="residential"/>
    <tag k="lanes" v="1"/>
    <tag k="lit" v="yes"/>
    <tag k="lit_by_gaslight" v="yes"/>
    <tag k="maxspeed" v="30"/>
    <tag k="maxspeed:type" v="sign"/>
    <tag k="motor_vehicle" v="destination"/>
    <tag k="name" v="Husova"/>
    <tag k="name:be" v="Гусава вуліца"/>
    <tag k="name:de" v="Husgasse"/>
    <tag k="name:etymology:wikidata" v="Q43977"/>
    <tag k="name:ru" v="Гусова улица"/>
    <tag k="oneway" v="no"/>
    <tag k="parking:both" v="no"/>
    <tag k="parking:condition:both" v="no_stopping"/>
    <tag k="sidewalk" v="both"/>
    <tag k="smoothness" v="intermediate"/>
    <tag k="surface" v="sett"/>
  </way>
  <way id="420149855">
    <nd ref="21266482"/>
    <nd ref="342269119"/>
    <nd ref="25658911"/>
    <tag k="highway" v="residential"/>
    <tag k="lanes" v="1"/>
    <tag k="lit" v="yes"/>
    <tag k="lit_by_gaslight" v="yes"/>
    <tag k="maxspeed" v="30"/>
    <tag k="maxspeed:type" v="sign"/>
    <tag k="motor_vehicle" v="destination"/>
    <tag k="name" v="Husova"/>
    <tag k="name:be" v="Гусава вуліца"/>
    <tag k="name:de" v="Husgasse"/>
    <tag k="name:etymology:wikidata" v="Q43977"/>
    <tag k="name:ru" v="Гусова улица"/>
    <tag k="oneway" v="yes"/>
    <tag k="oneway:bicycle" v="yes"/>
    <tag k="parking:both" v="no"/>
    <tag k="parking:condition:both" v="no_stopping"/>
    <tag k="sidewalk" v="both"/>
    <tag k="sidewalk:both:surface" v="sett"/>
    <tag k="smoothness" v="bad"/>
    <tag k="surface" v="sett"/>
  </way>
  <way id="420149867">
    <nd ref="26517371"/>
    <nd ref="13272949025"/>
    <nd ref="25660115"/>
    <tag k="highway" v="residential"/>
    <tag k="lanes" v="1"/>
    <tag k="lit" v="yes"/>
    <tag k="maxspeed" v="50"/>
    <tag k="name" v="Malá Štupartská"/>
    <tag k="name:de" v="Kleine Stupartgasse"/>
    <tag k="oneway" v="yes"/>
    <tag k="sidewalk:both" v="separate"/>
    <tag k="source:maxspeed" v="CZ:urban"/>
    <tag k="surface" v="asphalt"/>
    <tag k="wikidata" v="Q43388855"/>
  </way>
  <way id="420149872">
    <nd ref="4201287802"/>
    <nd ref="25660116"/>
    <tag k="highway" v="living_street"/>
    <tag k="lanes" v="1"/>
    <tag k="lit" v="yes"/>
    <tag k="maxspeed" v="20"/>
    <tag k="name" v="Malá Štupartská"/>
    <tag k="name:de" v="Kleine Stupartgasse"/>
    <tag k="note" v="highway=living_street since 2023"/>
    <tag k="oneway" v="yes"/>
    <tag k="sidewalk:both" v="separate"/>
    <tag k="source:maxspeed" v="CZ:urban"/>
    <tag k="surface" v="asphalt"/>
    <tag k="wikidata" v="Q43388855"/>
  </way>
  <way id="425860932">
    <nd ref="8810430"/>
    <nd ref="6475120071"/>
    <nd ref="6475120070"/>
    <nd ref="1014525982"/>
    <tag k="alt_name" v="Národní třída"/>
    <tag k="cycleway:both" v="no"/>
    <tag k="embedded_rails" v="tram"/>
    <tag k="highway" v="residential"/>
    <tag k="lanes" v="2"/>
    <tag k="lanes:backward" v="1"/>
    <tag k="lanes:forward" v="1"/>
    <tag k="lit" v="yes"/>
    <tag k="maxspeed:type" v="CZ:urban"/>
    <tag k="name" v="Národní"/>
    <tag k="name:de" v="Nationalallee"/>
    <tag k="name:ru" v="Национальный проспект"/>
    <tag k="sidewalk" v="separate"/>
    <tag k="smoothness" v="bad"/>
    <tag k="source" v="bing;cuzk"/>
    <tag k="surface" v="sett"/>
    <tag k="turn:lanes:backward" v="left;through;right"/>
    <tag k="wikidata" v="Q2993762"/>
    <tag k="wikimedia_commons" v="Category:Národní (Prague)"/>
    <tag k="wikipedia" v="cs:Národní (Praha)"/>
  </way>
  <way id="425860933">
    <nd ref="1014526065"/>
    <nd ref="4700724596"/>
    <nd ref="6475120072"/>
    <nd ref="8810430"/>
    <tag k="bicycle" v="yes"/>
    <tag k="cycleway:both" v="no"/>
    <tag k="cycleway:left" v="lane"/>
    <tag k="cycleway:right" v="shared_lane"/>
    <tag k="cycleway:right:lane" v="pictogram"/>
    <tag k="embedded_rails" v="tram"/>
    <tag k="highway" v="residential"/>
    <tag k="horse" v="no"/>
    <tag k="lanes" v="3"/>
    <tag k="lanes:backward" v="1"/>
    <tag k="lanes:forward" v="2"/>
    <tag k="lit" v="yes"/>
    <tag k="maxheight" v="3.3"/>
    <tag k="maxspeed" v="50"/>
    <tag k="maxspeed:type" v="CZ:urban"/>
    <tag k="motor_vehicle:backward:conditional" v="yes @ (22:00-06:00)"/>
    <tag k="name" v="Smetanovo nábřeží"/>
    <tag k="name:de" v="Franzensquai"/>
    <tag k="name:etymology:wikidata" v="Q48173"/>
    <tag k="name:ru" v="набережная Сметаны"/>
    <tag k="sidewalk" v="separate"/>
    <tag k="surface" v="asphalt"/>
    <tag k="turn:lanes:forward" v="left|through;right"/>
    <tag k="wikidata" v="Q43397194"/>
  </way>
  <way id="433836926">
    <nd ref="4323267372"/>
    <nd ref="4323267373"/>
    <nd ref="13987907921"/>
    <nd ref="7724694645"/>
    <nd ref="13987907920"/>
    <nd ref="7724694648"/>
    <nd ref="4323267367"/>
    <nd ref="12529781289"/>
    <nd ref="4323267358"/>
    <tag k="highway" v="secondary"/>
    <tag k="lanes" v="2"/>
    <tag k="lit" v="yes"/>
    <tag k="maxspeed" v="50"/>
    <tag k="name" v="Chotkova"/>
    <tag k="name:cs" v="Chotkova"/>
    <tag k="name:de" v="Chotek-Straße"/>
    <tag k="name:etymology" v="Karel Chotek z Chotkova"/>
    <tag k="name:etymology:wikidata" v="Q872870"/>
    <tag k="oneway" v="yes"/>
    <tag k="sidewalk:left" v="no"/>
    <tag k="sidewalk:right" v="separate"/>
    <tag k="smoothness" v="excellent"/>
    <tag k="source:maxspeed" v="CZ:urban"/>
    <tag k="surface" v="asphalt"/>
    <tag k="turn:lanes" v="left|right"/>
    <tag k="wikidata" v="Q11727019"/>
    <tag k="wikimedia_commons" v="Category:Chotkova (Prague)"/>
    <tag k="wikipedia" v="cs:Chotkova (Praha)"/>
  </way>
  <way id="433977990">
    <nd ref="4323267348"/>
    <nd ref="4323267345"/>
    <nd ref="7724694652"/>
    <nd ref="8394331128"/>
    <nd ref="4323267339"/>
    <nd ref="8394331127"/>
    <nd ref="8394331126"/>
    <nd ref="8394331125"/>
    <nd ref="4323841438"/>
    <nd ref="8394331124"/>
    <nd ref="8394331123"/>
    <nd ref="8394331122"/>
    <nd ref="4323841432"/>
    <nd ref="5262527618"/>
    <nd ref="8394331121"/>
    <nd ref="8394331120"/>
    <nd ref="4323841429"/>
    <tag k="cycleway:right" v="no"/>
    <tag k="foot" v="yes"/>
    <tag k="highway" v="secondary"/>
    <tag k="incline" v="down"/>
    <tag k="lanes" v="1"/>
    <tag k="lit" v="yes"/>
    <tag k="maxheight" v="4.0"/>
    <tag k="maxspeed" v="50"/>
    <tag k="name" v="Chotkova"/>
    <tag k="name:cs" v="Chotkova"/>
    <tag k="name:de" v="Chotek-Straße"/>
    <tag k="name:etymology" v="Karel Chotek z Chotkova"/>
    <tag k="name:etymology:wikidata" v="Q872870"/>
    <tag k="oneway" v="yes"/>
    <tag k="shoulder" v="no"/>
    <tag k="sidewalk" v="no"/>
    <tag k="source:maxspeed" v="CZ:urban"/>
    <tag k="surface" v="asphalt"/>
    <tag k="wikidata" v="Q11727019"/>
    <tag k="wikimedia_commons" v="Category:Chotkova (Prague)"/>
    <tag k="wikipedia" v="cs:Chotkova (Praha)"/>
  </way>
  <way id="433977991">
    <nd ref="4323841247"/>
    <nd ref="4323841244"/>
    <tag k="highway" v="secondary"/>
    <tag k="lanes" v="1"/>
    <tag k="lit" v="yes"/>
    <tag k="maxspeed" v="50"/>
    <tag k="name" v="Pod Bruskou"/>
    <tag k="name:de" v="Unterm Sandtor"/>
    <tag k="oneway" v="yes"/>
    <tag k="sidewalk" v="separate"/>
    <tag k="source:maxspeed" v="CZ:urban"/>
    <tag k="surface" v="sett"/>
  </way>
  <way id="433977992">
    <nd ref="288450095"/>
    <nd ref="1307142694"/>
    <tag k="cycleway:right" v="no"/>
    <tag k="highway" v="secondary"/>
    <tag k="lane_markings" v="no"/>
    <tag k="lit" v="yes"/>
    <tag k="maxspeed" v="50"/>
    <tag k="name" v="Pod Bruskou"/>
    <tag k="name:de" v="Unterm Sandtor"/>
    <tag k="oneway" v="yes"/>
    <tag k="sidewalk:left" v="no"/>
    <tag k="sidewalk:right" v="separate"/>
    <tag k="source:maxspeed" v="CZ:urban"/>
    <tag k="surface" v="sett"/>
  </way>
  <way id="433977993">
    <nd ref="11939343807"/>
    <nd ref="11939343808"/>
    <nd ref="4323841238"/>
    <tag k="highway" v="secondary"/>
    <tag k="lanes" v="2"/>
    <tag k="lit" v="yes"/>
    <tag k="maxspeed" v="50"/>
    <tag k="name" v="Klárov"/>
    <tag k="name:etymology" v="Alois Klar"/>
    <tag k="name:etymology:wikidata" v="Q176445"/>
    <tag k="oneway" v="yes"/>
    <tag k="sidewalk:left" v="no"/>
    <tag k="sidewalk:right" v="separate"/>
    <tag k="smoothness" v="bad"/>
    <tag k="source:maxspeed" v="CZ:urban"/>
    <tag k="surface" v="sett"/>
    <tag k="turn:lanes" v="left|through;right"/>
    <tag k="wikidata" v="Q12029502"/>
    <tag k="wikimedia_commons" v="Category:Klárov"/>
    <tag k="wikipedia" v="cs:Klárov"/>
  </way>
  <way id="433977998">
    <nd ref="4323841226"/>
    <nd ref="4323841227"/>
    <nd ref="4323841229"/>
    <nd ref="4323841230"/>
    <tag k="cycleway:both" v="no"/>
    <tag k="highway" v="secondary"/>
    <tag k="lane_markings" v="no"/>
    <tag k="lit" v="yes"/>
    <tag k="maxspeed" v="50"/>
    <tag k="name" v="nábřeží Edvarda Beneše"/>
    <tag k="name:etymology:wikidata" v="Q152274"/>
    <tag k="sidewalk" v="no"/>
    <tag k="sorting_name" v="Edvarda Beneše"/>
    <tag k="source:maxspeed" v="CZ:urban"/>
    <tag k="surface" v="sett"/>
  </way>
  <way id="435141690">
    <nd ref="6328980220"/>
    <nd ref="4780951519"/>
    <nd ref="4780951518"/>
    <nd ref="25657375"/>
    <tag k="bicycle" v="destination"/>
    <tag k="highway" v="residential"/>
    <tag k="lane_markings" v="no"/>
    <tag k="maxspeed" v="50"/>
    <tag k="maxspeed:type" v="CZ:urban"/>
    <tag k="motor_vehicle" v="destination"/>
    <tag k="name" v="Charvátova"/>
    <tag k="oneway" v="no"/>
    <tag k="surface" v="paving_stones"/>
  </way>
  <way id="464910727">
    <nd ref="3426409559"/>
    <nd ref="21672748"/>
    <nd ref="8605541235"/>
    <nd ref="8605541234"/>
    <nd ref="8605541233"/>
    <nd ref="8605541228"/>
    <nd ref="8605541236"/>
    <nd ref="4599585950"/>
    <nd ref="13183552314"/>
    <nd ref="4599585951"/>
    <nd ref="13162196641"/>
    <tag k="cycleway:left" v="soft_lane"/>
    <tag k="cycleway:right" v="no"/>
    <tag k="highway" v="residential"/>
    <tag k="lanes" v="1"/>
    <tag k="lit" v="yes"/>
    <tag k="maxspeed" v="50"/>
    <tag k="name" v="Jungmannova"/>
    <tag k="name:de" v="Jungmannstraße"/>
    <tag k="oneway" v="yes"/>
    <tag k="oneway:bicycle" v="no"/>
    <tag k="parking:both" v="separate"/>
    <tag k="sidewalk" v="separate"/>
    <tag k="smoothness" v="good"/>
    <tag k="surface" v="asphalt"/>
  </way>
  <way id="473736771">
    <nd ref="60795197"/>
    <nd ref="4698821679"/>
    <nd ref="5262527613"/>
    <nd ref="1289256315"/>
    <nd ref="350564279"/>
    <nd ref="1016198103"/>
    <nd ref="12794676944"/>
    <tag k="highway" v="living_street"/>
    <tag k="incline" v="up"/>
    <tag k="lit" v="yes"/>
    <tag k="lit_by_gaslight" v="yes"/>
    <tag k="loc_name" v="Myší díra"/>
    <tag k="maxspeed" v="20"/>
    <tag k="name" v="Pod Bruskou"/>
    <tag k="name:de" v="Unterm Sandtor"/>
    <tag k="sidewalk:both" v="separate"/>
    <tag k="smoothness" v="intermediate"/>
    <tag k="source:maxspeed" v="CZ:living_street"/>
    <tag k="source:width" v="ARCore"/>
    <tag k="surface" v="sett"/>
    <tag k="width" v="4.5"/>
  </way>
  <way id="475364610">
    <nd ref="382300100"/>
    <nd ref="8667009701"/>
    <nd ref="371082763"/>
    <nd ref="21711391"/>
    <tag k="cycleway:right" v="no"/>
    <tag k="embedded_rails" v="tram"/>
    <tag k="highway" v="residential"/>
    <tag k="lanes" v="1"/>
    <tag k="lit" v="yes"/>
    <tag k="maxspeed" v="50"/>
    <tag k="name" v="Letenská"/>
    <tag k="name:etymology:wikidata" v="Q1126206"/>
    <tag k="oneway" v="yes"/>
    <tag k="oneway:psv" v="no"/>
    <tag k="sidewalk:both" v="separate"/>
    <tag k="smoothness" v="intermediate"/>
    <tag k="source:maxspeed" v="CZ:urban"/>
    <tag k="surface" v="sett"/>
    <tag k="wikidata" v="Q43388703"/>
    <tag k="wikimedia_commons" v="Category:Letenská (Prague)"/>
    <tag k="wikipedia" v="cs:Letenská"/>
  </way>
  <way id="476507488">
    <nd ref="4700724584"/>
    <nd ref="247749"/>
    <tag k="bicycle" v="yes"/>
    <tag k="class:bicycle:non_experienced" v="-1"/>
    <tag k="cycleway:right" v="shared_lane"/>
    <tag k="embedded_rails" v="tram"/>
    <tag k="highway" v="residential"/>
    <tag k="horse" v="no"/>
    <tag k="lanes" v="1"/>
    <tag k="lit" v="yes"/>
    <tag k="maxheight" v="3.3"/>
    <tag k="maxspeed" v="30"/>
    <tag k="name" v="Smetanovo nábřeží"/>
    <tag k="name:de" v="Franzensquai"/>
    <tag k="name:ru" v="набережная Сметаны"/>
    <tag k="oneway" v="yes"/>
    <tag k="shoulder" v="no"/>
    <tag k="sidewalk:left" v="no"/>
    <tag k="sidewalk:right" v="separate"/>
    <tag k="surface" v="sett"/>
    <tag k="wikidata" v="Q43397194"/>
  </way>
  <way id="476507489">
    <nd ref="4700724579"/>
    <nd ref="26423892"/>
    <tag k="bicycle" v="yes"/>
    <tag k="class:bicycle:non_experienced" v="-1"/>
    <tag k="cycleway" v="shared_lane"/>
    <tag k="cycleway:left:lane" v="pictogram"/>
    <tag k="embedded_rails" v="tram"/>
    <tag k="highway" v="residential"/>
    <tag k="horse" v="no"/>
    <tag k="lanes" v="2"/>
    <tag k="lit" v="yes"/>
    <tag k="maxheight" v="3.3"/>
    <tag k="maxspeed:backward" v="30"/>
    <tag k="name" v="Smetanovo nábřeží"/>
    <tag k="name:de" v="Franzensquai"/>
    <tag k="name:ru" v="набережная Сметаны"/>
    <tag k="parking:both" v="no"/>
    <tag k="sidewalk:both" v="separate"/>
    <tag k="surface" v="asphalt"/>
    <tag k="wikidata" v="Q43397194"/>
  </way>
  <way id="476507490">
    <nd ref="4700724583"/>
    <nd ref="10693051763"/>
    <nd ref="4700724584"/>
    <tag k="bicycle" v="yes"/>
    <tag k="class:bicycle:non_experienced" v="-1"/>
    <tag k="cycleway:right" v="shared_lane"/>
    <tag k="embedded_rails" v="tram"/>
    <tag k="highway" v="residential"/>
    <tag k="horse" v="no"/>
    <tag k="lanes" v="1"/>
    <tag k="lit" v="yes"/>
    <tag k="maxheight" v="3.3"/>
    <tag k="maxspeed" v="30"/>
    <tag k="name" v="Smetanovo nábřeží"/>
    <tag k="name:de" v="Franzensquai"/>
    <tag k="name:ru" v="набережная Сметаны"/>
    <tag k="oneway" v="yes"/>
    <tag k="parking:both" v="no"/>
    <tag k="sidewalk:left" v="no"/>
    <tag k="sidewalk:right" v="separate"/>
    <tag k="surface" v="asphalt"/>
    <tag k="tunnel" v="building_passage"/>
    <tag k="wikidata" v="Q43397194"/>
  </way>
  <way id="476507494">
    <nd ref="4700724581"/>
    <nd ref="4700724579"/>
    <tag k="bicycle" v="yes"/>
    <tag k="class:bicycle:non_experienced" v="-1"/>
    <tag k="cycleway:right" v="shared_lane"/>
    <tag k="embedded_rails" v="tram"/>
    <tag k="highway" v="residential"/>
    <tag k="horse" v="no"/>
    <tag k="lanes" v="1"/>
    <tag k="lit" v="yes"/>
    <tag k="maxheight" v="3.3"/>
    <tag k="maxspeed" v="30"/>
    <tag k="name" v="Smetanovo nábřeží"/>
    <tag k="name:de" v="Franzensquai"/>
    <tag k="name:ru" v="набережная Сметаны"/>
    <tag k="oneway" v="yes"/>
    <tag k="parking:both" v="no"/>
    <tag k="sidewalk:left" v="no"/>
    <tag k="sidewalk:right" v="separate"/>
    <tag k="surface" v="asphalt"/>
    <tag k="wikidata" v="Q43397194"/>
  </way>
  <way id="476507496">
    <nd ref="4700724579"/>
    <nd ref="4700724582"/>
    <nd ref="4700724583"/>
    <tag k="bicycle" v="yes"/>
    <tag k="class:bicycle:non_experienced" v="-1"/>
    <tag k="cycleway:right" v="shared_lane"/>
    <tag k="embedded_rails" v="tram"/>
    <tag k="highway" v="residential"/>
    <tag k="horse" v="no"/>
    <tag k="lanes" v="1"/>
    <tag k="lit" v="yes"/>
    <tag k="maxheight" v="3.3"/>
    <tag k="maxspeed" v="30"/>
    <tag k="name" v="Smetanovo nábřeží"/>
    <tag k="name:de" v="Franzensquai"/>
    <tag k="name:ru" v="набережная Сметаны"/>
    <tag k="oneway" v="yes"/>
    <tag k="parking:both" v="no"/>
    <tag k="sidewalk:left" v="no"/>
    <tag k="sidewalk:right" v="separate"/>
    <tag k="surface" v="asphalt"/>
    <tag k="wikidata" v="Q43397194"/>
  </way>
  <way id="482305846">
    <nd ref="278464065"/>
    <nd ref="8605541266"/>
    <nd ref="8605541267"/>
    <nd ref="21672757"/>
    <tag k="highway" v="residential"/>
    <tag k="lane_markings" v="no"/>
    <tag k="lit" v="yes"/>
    <tag k="maxspeed" v="50"/>
    <tag k="name" v="Panská"/>
    <tag k="name:de" v="Herrengasse"/>
    <tag k="name:ru" v="Панская улица"/>
    <tag k="oneway" v="yes"/>
    <tag k="source:maxspeed" v="CZ:urban"/>
    <tag k="surface" v="asphalt"/>
  </way>
  <way id="482307408">
    <nd ref="25655056"/>
    <nd ref="9720689525"/>
    <nd ref="25655075"/>
    <nd ref="1400002844"/>
    <nd ref="297594945"/>
    <tag k="highway" v="residential"/>
    <tag k="lanes" v="1"/>
    <tag k="lit" v="yes"/>
    <tag k="maxspeed" v="50"/>
    <tag k="name" v="U Prašné brány"/>
    <tag k="name:de" v="Zum Pulverturm"/>
    <tag k="name:ru" v="улица У Прашне браны"/>
    <tag k="oneway" v="yes"/>
    <tag k="oneway:bicycle" v="yes"/>
    <tag k="parking:both" v="separate"/>
    <tag k="sidewalk:both" v="separate"/>
    <tag k="source:maxspeed" v="CZ:urban"/>
    <tag k="source:name" v="nameit/uir-adr"/>
    <tag k="surface" v="asphalt"/>
    <tag k="wikidata" v="Q43399114"/>
  </way>
  <way id="482307409">
    <nd ref="4931475033"/>
    <nd ref="4751509318"/>
    <tag k="cycleway" v="no"/>
    <tag k="foot" v="yes"/>
    <tag k="highway" v="living_street"/>
    <tag k="lit" v="yes"/>
    <tag k="maxspeed" v="20"/>
    <tag k="name" v="Revoluční"/>
    <tag k="name:ru" v="улица Революции"/>
    <tag k="oneway" v="yes"/>
    <tag k="oneway:bicycle" v="no"/>
    <tag k="oneway:psv" v="no"/>
    <tag k="source:maxspeed" v="CZ:living_street"/>
    <tag k="surface" v="sett"/>
  </way>
  <way id="482307410">
    <nd ref="4751509317"/>
    <nd ref="8408788622"/>
    <nd ref="8408788623"/>
    <nd ref="8408788624"/>
    <nd ref="26517415"/>
    <nd ref="25661009"/>
    <tag k="highway" v="living_street"/>
    <tag k="lit" v="yes"/>
    <tag k="maxspeed" v="20"/>
    <tag k="name" v="Truhlářská"/>
    <tag k="name:cs" v="Truhlářská"/>
    <tag k="name:de" v="Tischlergasse"/>
    <tag k="name:etymology:wikidata" v="Q2183679"/>
    <tag k="name:ru" v="Столярная улица"/>
    <tag k="oneway" v="yes"/>
    <tag k="source:maxspeed" v="CZ:living_street"/>
    <tag k="surface" v="sett"/>
  </way>
  <way id="482307415">
    <nd ref="4751509318"/>
    <nd ref="21672768"/>
    <tag k="foot" v="yes"/>
    <tag k="highway" v="living_street"/>
    <tag k="lanes" v="1"/>
    <tag k="lit" v="yes"/>
    <tag k="maxspeed" v="20"/>
    <tag k="name" v="Revoluční"/>
    <tag k="name:cs" v="Revoluční"/>
    <tag k="oneway" v="yes"/>
    <tag k="oneway:bicycle" v="yes"/>
    <tag k="oneway:psv" v="no"/>
    <tag k="parking:both" v="no"/>
    <tag k="smoothness" v="intermediate"/>
    <tag k="source:maxspeed" v="CZ:living_street"/>
    <tag k="surface" v="sett"/>
    <tag k="turn:lanes" v="right"/>
  </way>
  <way id="482316999">
    <nd ref="25660121"/>
    <nd ref="25660120"/>
    <nd ref="13207700438"/>
    <nd ref="12269385564"/>
    <nd ref="13207700437"/>
    <nd ref="432573217"/>
    <tag k="highway" v="residential"/>
    <tag k="lane_markings" v="no"/>
    <tag k="lit" v="yes"/>
    <tag k="maxspeed" v="50"/>
    <tag k="name" v="Rybná"/>
    <tag k="name:de" v="Fischmarkt"/>
    <tag k="name:ru" v="Рыбная улица"/>
    <tag k="oneway" v="yes"/>
    <tag k="parking:left" v="no"/>
    <tag k="parking:right" v="separate"/>
    <tag k="sidewalk:left" v="separate"/>
    <tag k="source:maxspeed" v="CZ:urban"/>
    <tag k="surface" v="asphalt"/>
    <tag k="wikidata" v="Q43396980"/>
  </way>
  <way id="482317000">
    <nd ref="25660749"/>
    <nd ref="345014514"/>
    <tag k="highway" v="residential"/>
    <tag k="lane_markings" v="no"/>
    <tag k="maxspeed" v="50"/>
    <tag k="name" v="Rybná"/>
    <tag k="name:de" v="Fischmarkt"/>
    <tag k="name:ru" v="Рыбная улица"/>
    <tag k="oneway" v="no"/>
    <tag k="parking:both" v="no"/>
    <tag k="source:maxspeed" v="CZ:urban"/>
    <tag k="surface" v="asphalt"/>
    <tag k="wikidata" v="Q43396980"/>
  </way>
  <way id="482317001">
    <nd ref="1251663067"/>
    <nd ref="4751633427"/>
    <tag k="highway" v="residential"/>
    <tag k="lane_markings" v="no"/>
    <tag k="maxspeed" v="20"/>
    <tag k="name" v="Masná"/>
    <tag k="name:de" v="Fleischmarktgasse"/>
    <tag k="name:ru" v="Мясная улица"/>
    <tag k="oneway" v="yes"/>
    <tag k="sidewalk:both" v="separate"/>
    <tag k="source:maxspeed" v="CZ:urban"/>
    <tag k="surface" v="asphalt"/>
    <tag k="wikidata" v="Q43388883"/>
  </way>
  <way id="482317002">
    <nd ref="4751633428"/>
    <nd ref="8810408"/>
    <nd ref="13197884465"/>
    <nd ref="315530550"/>
    <tag k="highway" v="residential"/>
    <tag k="lane_markings" v="no"/>
    <tag k="maxspeed" v="50"/>
    <tag k="name" v="Masná"/>
    <tag k="name:de" v="Fleischmarktgasse"/>
    <tag k="name:ru" v="Мясная улица"/>
    <tag k="oneway" v="yes"/>
    <tag k="sidewalk:both" v="separate"/>
    <tag k="source:maxspeed" v="CZ:urban"/>
    <tag k="surface" v="asphalt"/>
    <tag k="wikidata" v="Q43388883"/>
  </way>
  <way id="482317003">
    <nd ref="4751633427"/>
    <nd ref="4751633426"/>
    <nd ref="4751633428"/>
    <tag k="highway" v="residential"/>
    <tag k="maxspeed" v="20"/>
    <tag k="name" v="Masná"/>
    <tag k="name:de" v="Fleischmarktgasse"/>
    <tag k="name:ru" v="Мясная улица"/>
    <tag k="oneway" v="yes"/>
    <tag k="sidewalk:both" v="separate"/>
    <tag k="source:maxspeed" v="sign"/>
    <tag k="surface" v="asphalt"/>
    <tag k="wikidata" v="Q43388883"/>
  </way>
  <way id="484824744">
    <nd ref="1174003834"/>
    <nd ref="11618368957"/>
    <tag k="highway" v="secondary"/>
    <tag k="lane_markings" v="no"/>
    <tag k="lanes" v="1"/>
    <tag k="lit" v="yes"/>
    <tag k="maxspeed" v="50"/>
    <tag k="name" v="Chotkova"/>
    <tag k="name:cs" v="Chotkova"/>
    <tag k="name:de" v="Chotek-Straße"/>
    <tag k="oneway" v="yes"/>
    <tag k="sidewalk" v="separate"/>
    <tag k="source:maxspeed" v="CZ:urban"/>
    <tag k="surface" v="asphalt"/>
  </way>
  <way id="484825020">
    <nd ref="4775780449"/>
    <nd ref="6068060619"/>
    <nd ref="6068060618"/>
    <nd ref="4749900027"/>
    <nd ref="6068060629"/>
    <nd ref="21672750"/>
    <tag k="cycleway:both" v="no"/>
    <tag k="highway" v="residential"/>
    <tag k="lane_markings" v="no"/>
    <tag k="lit" v="yes"/>
    <tag k="maxspeed" v="50"/>
    <tag k="name" v="Štěpánská"/>
    <tag k="name:de" v="Stefansgasse"/>
    <tag k="name:etymology:wikidata" v="Q1742727"/>
    <tag k="name:pl" v="Szczepańska"/>
    <tag k="name:ru" v="Штепанская улица"/>
    <tag k="oneway" v="yes"/>
    <tag k="sidewalk" v="separate"/>
    <tag k="source:maxspeed" v="CZ:urban"/>
    <tag k="surface" v="sett"/>
    <tag k="turn:lanes:forward" v="right|right"/>
  </way>
  <way id="484825021">
    <nd ref="4775780450"/>
    <nd ref="4749900029"/>
    <nd ref="25656546"/>
    <tag k="bicycle" v="yes"/>
    <tag k="foot" v="yes"/>
    <tag k="highway" v="residential"/>
    <tag k="horse" v="permit"/>
    <tag k="lanes" v="1"/>
    <tag k="lit" v="yes"/>
    <tag k="maxspeed" v="50"/>
    <tag k="maxweight" v="3.5"/>
    <tag k="motor_vehicle" v="permit"/>
    <tag k="name" v="Ve Smečkách"/>
    <tag k="name:de" v="Smetschkagasse"/>
    <tag k="oneway" v="yes"/>
    <tag k="psv" v="no"/>
    <tag k="source:maxspeed" v="CZ:urban"/>
    <tag k="surface" v="sett"/>
    <tag k="turn:lanes" v="right"/>
    <tag k="vehicle" v="no"/>
  </way>
  <way id="494691185">
    <nd ref="1307142655"/>
    <nd ref="299712678"/>
    <nd ref="25673297"/>
    <nd ref="299712679"/>
    <tag k="carriage" v="no"/>
    <tag k="highway" v="living_street"/>
    <tag k="lanes" v="2"/>
    <tag k="lit" v="yes"/>
    <tag k="maxspeed" v="20"/>
    <tag k="name" v="Míšeňská"/>
    <tag k="name:de" v="Meissnergasse"/>
    <tag k="name:etymology:wikidata" v="Q8738"/>
    <tag k="surface" v="sett"/>
  </way>
  <way id="502769459">
    <nd ref="25661009"/>
    <nd ref="25661059"/>
    <nd ref="25661060"/>
    <nd ref="11898267646"/>
    <nd ref="25685167"/>
    <nd ref="25685166"/>
    <nd ref="25685165"/>
    <nd ref="11898267645"/>
    <nd ref="1240083555"/>
    <nd ref="25685164"/>
    <tag k="highway" v="residential"/>
    <tag k="lanes" v="1"/>
    <tag k="lit" v="yes"/>
    <tag k="maxspeed" v="50"/>
    <tag k="name" v="Truhlářská"/>
    <tag k="name:de" v="Tischlergasse"/>
    <tag k="name:etymology:wikidata" v="Q2183679"/>
    <tag k="name:ru" v="Столярная улица"/>
    <tag k="oneway" v="yes"/>
    <tag k="sidewalk:both" v="separate"/>
    <tag k="source:maxspeed" v="CZ:urban"/>
    <tag k="surface" v="sett"/>
  </way>
  <way id="503586553">
    <nd ref="4323841244"/>
    <nd ref="8394331130"/>
    <nd ref="8394331129"/>
    <nd ref="288450095"/>
    <tag k="cycleway:both" v="no"/>
    <tag k="highway" v="secondary_link"/>
    <tag k="lane_markings" v="no"/>
    <tag k="lit" v="yes"/>
    <tag k="maxspeed" v="50"/>
    <tag k="sidewalk" v="no"/>
    <tag k="smoothness" v="bad"/>
    <tag k="source:maxspeed" v="CZ:urban"/>
    <tag k="surface" v="sett"/>
  </way>
  <way id="503588767">
    <nd ref="60795197"/>
    <nd ref="1016198027"/>
    <nd ref="8394320642"/>
    <nd ref="4323841283"/>
    <nd ref="12797424719"/>
    <nd ref="8394320641"/>
    <nd ref="1016197965"/>
    <nd ref="8394320640"/>
    <nd ref="1235949524"/>
    <nd ref="12539607524"/>
    <nd ref="4323841273"/>
    <nd ref="12539607525"/>
    <nd ref="12539607526"/>
    <nd ref="12539607527"/>
    <nd ref="60795195"/>
    <tag k="cycleway:right" v="no"/>
    <tag k="foot" v="no"/>
    <tag k="highway" v="secondary"/>
    <tag k="lane_markings" v="no"/>
    <tag k="lit" v="yes"/>
    <tag k="maxspeed" v="50"/>
    <tag k="name" v="Chotkova"/>
    <tag k="name:cs" v="Chotkova"/>
    <tag k="name:de" v="Chotek-Straße"/>
    <tag k="name:etymology" v="Karel Chotek z Chotkova"/>
    <tag k="name:etymology:wikidata" v="Q872870"/>
    <tag k="oneway" v="yes"/>
    <tag k="sidewalk" v="no"/>
    <tag k="source:maxspeed" v="CZ:urban"/>
    <tag k="surface" v="asphalt"/>
    <tag k="wikidata" v="Q11727019"/>
    <tag k="wikimedia_commons" v="Category:Chotkova (Prague)"/>
    <tag k="wikipedia" v="cs:Chotkova (Praha)"/>
  </way>
  <way id="503588771">
    <nd ref="4323841254"/>
    <nd ref="8394331082"/>
    <nd ref="8394331081"/>
    <nd ref="8394331080"/>
    <nd ref="4323841248"/>
    <nd ref="4323841247"/>
    <tag k="highway" v="secondary"/>
    <tag k="lanes" v="1"/>
    <tag k="lit" v="yes"/>
    <tag k="maxspeed" v="50"/>
    <tag k="name" v="Pod Bruskou"/>
    <tag k="name:de" v="Unterm Sandtor"/>
    <tag k="oneway" v="yes"/>
    <tag k="sidewalk" v="separate"/>
    <tag k="source:maxspeed" v="CZ:urban"/>
    <tag k="surface" v="sett"/>
  </way>
  <way id="503588774">
    <nd ref="4323841238"/>
    <nd ref="21713463"/>
    <nd ref="315516476"/>
    <nd ref="307321069"/>
    <nd ref="295175476"/>
    <nd ref="6547409124"/>
    <nd ref="9529524386"/>
    <nd ref="8340084285"/>
    <nd ref="21713464"/>
    <nd ref="357992031"/>
    <nd ref="21713465"/>
    <nd ref="1316382304"/>
    <nd ref="21713466"/>
    <nd ref="357992030"/>
    <nd ref="331502157"/>
    <nd ref="340231908"/>
    <nd ref="3405249022"/>
    <nd ref="1316382349"/>
    <nd ref="4758337477"/>
    <nd ref="340231902"/>
    <tag k="highway" v="residential"/>
    <tag k="lanes" v="1"/>
    <tag k="lit" v="yes"/>
    <tag k="maxspeed" v="30"/>
    <tag k="maxweight" v="3.5"/>
    <tag k="name" v="Valdštejnská"/>
    <tag k="name:cs" v="Valdštejnská"/>
    <tag k="name:de" v="Waldsteingasse"/>
    <tag k="name:ru" v="улица Валленштейна"/>
    <tag k="oneway" v="yes"/>
    <tag k="sidewalk:both" v="separate"/>
    <tag k="source:maxspeed" v="sign"/>
    <tag k="surface" v="asphalt"/>
    <tag k="width" v="5"/>
    <tag k="width:lanes" v="3"/>
    <tag k="wikidata" v="Q14566624"/>
    <tag k="wikipedia" v="cs:Valdštejnská (Praha)"/>
  </way>
  <way id="503588782">
    <nd ref="4323841238"/>
    <nd ref="4691199632"/>
    <nd ref="4323841226"/>
    <tag k="cycleway:right" v="no"/>
    <tag k="highway" v="secondary"/>
    <tag k="lanes" v="2"/>
    <tag k="lit" v="yes"/>
    <tag k="maxspeed" v="50"/>
    <tag k="name" v="Klárov"/>
    <tag k="name:etymology" v="Alois Klar"/>
    <tag k="name:etymology:wikidata" v="Q176445"/>
    <tag k="oneway" v="yes"/>
    <tag k="sidewalk" v="right"/>
    <tag k="smoothness" v="intermediate"/>
    <tag k="source:maxspeed" v="CZ:urban"/>
    <tag k="surface" v="sett"/>
    <tag k="turn:lanes" v="left|through"/>
    <tag k="wikidata" v="Q12029502"/>
    <tag k="wikimedia_commons" v="Category:Klárov"/>
    <tag k="wikipedia" v="cs:Klárov"/>
  </way>
  <way id="509501523">
    <nd ref="25660108"/>
    <nd ref="8601656867"/>
    <nd ref="8601656826"/>
    <nd ref="8601656818"/>
    <nd ref="8601656861"/>
    <nd ref="8601656860"/>
    <nd ref="8601656862"/>
    <nd ref="25660107"/>
    <tag k="highway" v="living_street"/>
    <tag k="lanes" v="1"/>
    <tag k="lit" v="no"/>
    <tag k="maxspeed" v="20"/>
    <tag k="name" v="Týnská"/>
    <tag k="name:be" v="Тынская вуліца"/>
    <tag k="name:de" v="Teyngasse"/>
    <tag k="name:ru" v="Тынская улица"/>
    <tag k="source:name" v="nameit/uir-adr"/>
    <tag k="surface" v="sett"/>
    <tag k="wikidata" v="Q12060183"/>
    <tag k="wikipedia" v="cs:Týnská (Praha)"/>
  </way>
  <way id="509695080">
    <nd ref="354684458"/>
    <nd ref="21257791"/>
    <nd ref="4691199688"/>
    <nd ref="4691199695"/>
    <nd ref="4323841230"/>
    <tag k="cycleway:right" v="no"/>
    <tag k="highway" v="residential"/>
    <tag k="lanes" v="1"/>
    <tag k="lit" v="yes"/>
    <tag k="maxspeed" v="50"/>
    <tag k="name" v="Klárov"/>
    <tag k="name:etymology" v="Alois Klar"/>
    <tag k="name:etymology:wikidata" v="Q176445"/>
    <tag k="oneway" v="yes"/>
    <tag k="sidewalk:left" v="no"/>
    <tag k="sidewalk:right" v="separate"/>
    <tag k="source:maxspeed" v="CZ:urban"/>
    <tag k="surface" v="sett"/>
    <tag k="turn:lanes" v="through;right"/>
    <tag k="width" v="4.1"/>
    <tag k="wikidata" v="Q12029502"/>
    <tag k="wikimedia_commons" v="Category:Klárov"/>
    <tag k="wikipedia" v="cs:Klárov"/>
  </way>
  <way id="509695081">
    <nd ref="21257795"/>
    <nd ref="4988878844"/>
    <tag k="cycleway:both" v="no"/>
    <tag k="embedded_rails" v="tram"/>
    <tag k="highway" v="secondary"/>
    <tag k="lanes" v="2"/>
    <tag k="lit" v="yes"/>
    <tag k="maxspeed:backward" v="30"/>
    <tag k="maxspeed:forward" v="50"/>
    <tag k="name" v="nábřeží Edvarda Beneše"/>
    <tag k="name:etymology:wikidata" v="Q152274"/>
    <tag k="parking:both" v="no"/>
    <tag k="sidewalk:both" v="separate"/>
    <tag k="smoothness" v="excellent"/>
    <tag k="sorting_name" v="Edvarda Beneše"/>
    <tag k="source:maxspeed:backward" v="sign"/>
    <tag k="source:maxspeed:forward" v="CZ:urban"/>
    <tag k="surface" v="asphalt"/>
    <tag k="wikidata" v="Q43396282"/>
    <tag k="wikimedia_commons" v="Category:Nábřeží Edvarda Beneše"/>
    <tag k="wikipedia" v="cs:Nábřeží Edvarda Beneše"/>
  </way>
  <way id="509695082">
    <nd ref="4988878844"/>
    <nd ref="1235949551"/>
    <nd ref="21257798"/>
    <tag k="bus" v="no"/>
    <tag k="cycleway:both" v="no"/>
    <tag k="embedded_rails" v="tram"/>
    <tag k="highway" v="secondary"/>
    <tag k="lanes" v="2"/>
    <tag k="lit" v="yes"/>
    <tag k="maxspeed" v="30"/>
    <tag k="name" v="nábřeží Edvarda Beneše"/>
    <tag k="name:etymology:wikidata" v="Q152274"/>
    <tag k="parking:both" v="no"/>
    <tag k="sidewalk:both" v="separate"/>
    <tag k="smoothness" v="excellent"/>
    <tag k="sorting_name" v="Edvarda Beneše"/>
    <tag k="source:maxspeed" v="sign"/>
    <tag k="surface" v="asphalt"/>
    <tag k="wikidata" v="Q43396282"/>
    <tag k="wikimedia_commons" v="Category:Nábřeží Edvarda Beneše"/>
    <tag k="wikipedia" v="cs:Nábřeží Edvarda Beneše"/>
  </way>
  <way id="514243517">
    <nd ref="5024445654"/>
    <nd ref="8155127493"/>
    <nd ref="5024445655"/>
    <nd ref="9556813608"/>
    <nd ref="5024445656"/>
    <tag k="bicycle" v="yes"/>
    <tag k="foot" v="yes"/>
    <tag k="highway" v="living_street"/>
    <tag k="lit" v="yes"/>
    <tag k="lit_by_gaslight" v="yes"/>
    <tag k="maxspeed" v="20"/>
    <tag k="motor_vehicle" v="private"/>
    <tag k="name" v="Zlatá"/>
    <tag k="parking:left" v="separate"/>
    <tag k="parking:right" v="no"/>
    <tag k="sidewalk" v="both"/>
    <tag k="surface" v="sett"/>
  </way>
  <way id="515527557">
    <nd ref="25673486"/>
    <nd ref="25673474"/>
    <tag k="highway" v="residential"/>
    <tag k="lit" v="yes"/>
    <tag k="lit_by_gaslight" v="yes"/>
    <tag k="name" v="Hroznová"/>
    <tag k="sidewalk" v="left"/>
    <tag k="surface" v="sett"/>
  </way>
  <way id="519911254">
    <nd ref="25673299"/>
    <nd ref="13274162022"/>
    <nd ref="13274162019"/>
    <nd ref="13274162021"/>
    <nd ref="13274162041"/>
    <nd ref="299712674"/>
    <nd ref="13274162027"/>
    <nd ref="299712675"/>
    <nd ref="13274162025"/>
    <nd ref="13274162023"/>
    <nd ref="13274162024"/>
    <nd ref="5068611868"/>
    <tag k="highway" v="living_street"/>
    <tag k="lanes" v="1"/>
    <tag k="maxspeed" v="20"/>
    <tag k="name" v="Dražického"/>
    <tag k="name:de" v="Dražický-Gasse"/>
    <tag k="oneway" v="yes"/>
    <tag k="oneway:bicycle" v="yes"/>
    <tag k="surface" v="sett"/>
  </way>
  <way id="519911978">
    <nd ref="5068616221"/>
    <nd ref="5068616222"/>
    <tag k="highway" v="residential"/>
    <tag k="lane_markings" v="no"/>
    <tag k="lit" v="yes"/>
    <tag k="lit_by_gaslight" v="yes"/>
    <tag k="name" v="U Lužického semináře"/>
    <tag k="name:cs" v="U Lužického semináře"/>
    <tag k="name:de" v="Zum Lausitzer Seminar"/>
    <tag k="name:etymology:wikidata" v="Q160739"/>
    <tag k="sidewalk" v="right"/>
    <tag k="surface" v="sett"/>
  </way>
  <way id="521570718">
    <nd ref="658937696"/>
    <nd ref="292756523"/>
    <nd ref="7040692561"/>
    <nd ref="292756511"/>
    <nd ref="529128765"/>
    <nd ref="5081802669"/>
    <nd ref="25685109"/>
    <tag k="bicycle" v="yes"/>
    <tag k="foot" v="yes"/>
    <tag k="highway" v="living_street"/>
    <tag k="lane_markings" v="no"/>
    <tag k="maxspeed" v="20"/>
    <tag k="motor_vehicle" v="destination"/>
    <tag k="name" v="Na Františku"/>
    <tag k="name:de" v="Bei Sankt Franziskus"/>
    <tag k="source:maxspeed" v="CZ:urban"/>
    <tag k="source:name" v="nameit/uir-adr"/>
    <tag k="surface" v="sett"/>
    <tag k="wikidata" v="Q43389131"/>
  </way>
  <way id="521570720">
    <nd ref="2297225992"/>
    <nd ref="8408926628"/>
    <nd ref="8718996473"/>
    <nd ref="5081802673"/>
    <nd ref="8408926646"/>
    <nd ref="8408926647"/>
    <nd ref="8408926645"/>
    <nd ref="8408926633"/>
    <tag k="highway" v="tertiary_link"/>
    <tag k="lanes" v="1"/>
    <tag k="maxspeed" v="50"/>
    <tag k="oneway" v="yes"/>
    <tag k="sidewalk:left" v="no"/>
    <tag k="sidewalk:right" v="separate"/>
    <tag k="source:maxspeed" v="CZ:urban"/>
    <tag k="surface" v="asphalt"/>
  </way>
  <way id="523649245">
    <nd ref="1400002839"/>
    <nd ref="6119902025"/>
    <nd ref="6119902020"/>
    <nd ref="1400002842"/>
    <tag k="highway" v="residential"/>
    <tag k="lane_markings" v="no"/>
    <tag k="name" v="Anenské náměstí"/>
    <tag k="oneway" v="yes"/>
    <tag k="oneway:bicycle" v="yes"/>
    <tag k="sidewalk" v="left"/>
    <tag k="sidewalk:left:surface" v="sett"/>
    <tag k="surface" v="sett"/>
  </way>
  <way id="525656532">
    <nd ref="25673303"/>
    <nd ref="27668998"/>
    <nd ref="299712681"/>
    <nd ref="9297251802"/>
    <nd ref="1931361574"/>
    <nd ref="25673346"/>
    <tag k="carriage" v="no"/>
    <tag k="highway" v="living_street"/>
    <tag k="lanes" v="1"/>
    <tag k="lit" v="yes"/>
    <tag k="maxspeed" v="20"/>
    <tag k="name" v="U Lužického semináře"/>
    <tag k="name:cs" v="U Lužického semináře"/>
    <tag k="name:de" v="Zum Lausitzer Seminar"/>
    <tag k="name:etymology:wikidata" v="Q160739"/>
    <tag k="oneway" v="yes"/>
    <tag k="sidewalk:both" v="separate"/>
    <tag k="smoothness" v="bad"/>
    <tag k="surface" v="sett"/>
    <tag k="width" v="5"/>
  </way>
  <way id="538856129">
    <nd ref="5215168465"/>
    <nd ref="472881721"/>
    <nd ref="12102841022"/>
    <nd ref="11747371243"/>
    <nd ref="324803120"/>
    <nd ref="3812775272"/>
    <tag k="cycleway" v="opposite_lane"/>
    <tag k="highway" v="residential"/>
    <tag k="lanes" v="1"/>
    <tag k="lit" v="yes"/>
    <tag k="maxspeed" v="20"/>
    <tag k="name" v="Opletalova"/>
    <tag k="name:de" v="Opletal-Straße (Mariengasse)"/>
    <tag k="name:etymology:wikidata" v="Q3273875"/>
    <tag k="name:ru" v="улица Оплеталова"/>
    <tag k="oneway" v="yes"/>
    <tag k="oneway:bicycle" v="no"/>
    <tag k="sidewalk:both" v="separate"/>
    <tag k="source:maxspeed" v="sign"/>
    <tag k="surface" v="sett"/>
  </way>
  <way id="544389430">
    <nd ref="21713462"/>
    <nd ref="12199561239"/>
    <nd ref="12199561238"/>
    <nd ref="21266458"/>
    <nd ref="12199561237"/>
    <nd ref="288450095"/>
    <tag k="cycleway:right" v="no"/>
    <tag k="highway" v="secondary"/>
    <tag k="lanes" v="1"/>
    <tag k="lit" v="yes"/>
    <tag k="maxspeed" v="50"/>
    <tag k="name" v="Klárov"/>
    <tag k="name:etymology" v="Alois Klar"/>
    <tag k="name:etymology:wikidata" v="Q176445"/>
    <tag k="oneway" v="yes"/>
    <tag k="sidewalk:left" v="no"/>
    <tag k="sidewalk:right" v="separate"/>
    <tag k="source:maxspeed" v="CZ:urban"/>
    <tag k="surface" v="sett"/>
    <tag k="wikidata" v="Q12029502"/>
    <tag k="wikimedia_commons" v="Category:Klárov"/>
    <tag k="wikipedia" v="cs:Klárov"/>
  </way>
  <way id="544389432">
    <nd ref="386606057"/>
    <nd ref="11716625047"/>
    <nd ref="1016198107"/>
    <nd ref="11716625046"/>
    <nd ref="247753"/>
    <tag k="cycleway:right" v="shared_lane"/>
    <tag k="highway" v="secondary"/>
    <tag k="lane_markings" v="yes"/>
    <tag k="lanes" v="1"/>
    <tag k="lit" v="yes"/>
    <tag k="maxspeed" v="50"/>
    <tag k="name" v="U Bruských kasáren"/>
    <tag k="name:cs" v="U Bruských kasáren"/>
    <tag k="name:de" v="Sandtorkaserne"/>
    <tag k="oneway" v="yes"/>
    <tag k="sidewalk:left" v="no"/>
    <tag k="sidewalk:right" v="separate"/>
    <tag k="source:maxspeed" v="CZ:urban"/>
    <tag k="surface" v="asphalt"/>
    <tag k="turn:lanes" v="right"/>
    <tag k="wikidata" v="Q43398921"/>
    <tag k="wikimedia_commons" v="Category:U Bruských kasáren"/>
  </way>
  <way id="544389434">
    <nd ref="5262491007"/>
    <nd ref="11716625043"/>
    <nd ref="386606057"/>
    <tag k="cycleway:right" v="shared_lane"/>
    <tag k="highway" v="secondary"/>
    <tag k="lane_markings" v="yes"/>
    <tag k="lanes" v="2"/>
    <tag k="lit" v="yes"/>
    <tag k="maxspeed" v="50"/>
    <tag k="name" v="U Bruských kasáren"/>
    <tag k="name:cs" v="U Bruských kasáren"/>
    <tag k="name:de" v="Sandtorkaserne"/>
    <tag k="oneway" v="yes"/>
    <tag k="placement" v="middle_of:1"/>
    <tag k="sidewalk:both" v="separate"/>
    <tag k="smoothness" v="excellent"/>
    <tag k="source:maxspeed" v="CZ:urban"/>
    <tag k="surface" v="asphalt"/>
    <tag k="turn:lanes" v="left|right"/>
    <tag k="wikidata" v="Q43398921"/>
    <tag k="wikimedia_commons" v="Category:U Bruských kasáren"/>
  </way>
  <way id="544394404">
    <nd ref="315515857"/>
    <nd ref="8394248638"/>
    <nd ref="60795193"/>
    <nd ref="8394248639"/>
    <nd ref="315515858"/>
    <nd ref="8394248640"/>
    <nd ref="4323841439"/>
    <tag k="cycleway:right" v="lane"/>
    <tag k="cycleway:right:lane" v="advisory"/>
    <tag k="highway" v="secondary"/>
    <tag k="incline" v="up"/>
    <tag k="lanes" v="1"/>
    <tag k="lit" v="yes"/>
    <tag k="maxheight" v="4.0"/>
    <tag k="maxspeed" v="50"/>
    <tag k="name" v="Chotkova"/>
    <tag k="name:cs" v="Chotkova"/>
    <tag k="name:de" v="Chotek-Straße"/>
    <tag k="name:etymology" v="Karel Chotek z Chotkova"/>
    <tag k="name:etymology:wikidata" v="Q872870"/>
    <tag k="oneway" v="yes"/>
    <tag k="sidewalk:left" v="no"/>
    <tag k="sidewalk:right" v="separate"/>
    <tag k="source:maxspeed" v="CZ:urban"/>
    <tag k="surface" v="asphalt"/>
    <tag k="wikidata" v="Q11727019"/>
    <tag k="wikimedia_commons" v="Category:Chotkova (Prague)"/>
    <tag k="wikipedia" v="cs:Chotkova (Praha)"/>
  </way>
  <way id="544394405">
    <nd ref="4323841429"/>
    <nd ref="4323841426"/>
    <nd ref="8394331119"/>
    <nd ref="5262527617"/>
    <nd ref="8394331118"/>
    <nd ref="8394331117"/>
    <nd ref="4323841422"/>
    <nd ref="8394331116"/>
    <nd ref="8394331115"/>
    <nd ref="8394331114"/>
    <nd ref="4323841419"/>
    <nd ref="8394331113"/>
    <nd ref="8394331112"/>
    <nd ref="4323841414"/>
    <nd ref="8394331111"/>
    <nd ref="4323841410"/>
    <nd ref="8394331110"/>
    <nd ref="4323841405"/>
    <nd ref="8394331108"/>
    <nd ref="8394331109"/>
    <nd ref="8394331107"/>
    <nd ref="8394331105"/>
    <nd ref="8394331106"/>
    <nd ref="4323841404"/>
    <nd ref="8394331104"/>
    <nd ref="4323841402"/>
    <nd ref="8394331103"/>
    <nd ref="4323841397"/>
    <nd ref="8394331102"/>
    <nd ref="4323841394"/>
    <nd ref="8394331101"/>
    <nd ref="4323841391"/>
    <nd ref="8394331100"/>
    <nd ref="8394331099"/>
    <nd ref="4323841281"/>
    <nd ref="8394331098"/>
    <nd ref="4323841274"/>
    <nd ref="8394331097"/>
    <nd ref="8394331096"/>
    <nd ref="4323841259"/>
    <nd ref="8394331094"/>
    <nd ref="8394331095"/>
    <nd ref="8394331093"/>
    <nd ref="4323841252"/>
    <nd ref="8394331090"/>
    <nd ref="8394331092"/>
    <nd ref="8394331091"/>
    <nd ref="4323841251"/>
    <nd ref="4323841253"/>
    <nd ref="8394331088"/>
    <nd ref="8394331089"/>
    <nd ref="4323841258"/>
    <nd ref="4323841272"/>
    <nd ref="8394331087"/>
    <nd ref="8394331086"/>
    <nd ref="4323841276"/>
    <nd ref="4323841271"/>
    <nd ref="8394331085"/>
    <nd ref="8394331084"/>
    <nd ref="8394331083"/>
    <nd ref="4323841262"/>
    <nd ref="4323841254"/>
    <tag k="cycleway:right" v="no"/>
    <tag k="foot" v="no"/>
    <tag k="highway" v="secondary"/>
    <tag k="incline" v="down"/>
    <tag k="lanes" v="1"/>
    <tag k="lit" v="yes"/>
    <tag k="maxspeed" v="50"/>
    <tag k="name" v="Chotkova"/>
    <tag k="name:cs" v="Chotkova"/>
    <tag k="name:de" v="Chotek-Straße"/>
    <tag k="name:etymology" v="Karel Chotek z Chotkova"/>
    <tag k="name:etymology:wikidata" v="Q872870"/>
    <tag k="oneway" v="yes"/>
    <tag k="sidewalk" v="no"/>
    <tag k="source:maxspeed" v="CZ:urban"/>
    <tag k="surface" v="asphalt"/>
    <tag k="wikidata" v="Q11727019"/>
    <tag k="wikimedia_commons" v="Category:Chotkova (Prague)"/>
    <tag k="wikipedia" v="cs:Chotkova (Praha)"/>
  </way>
  <way id="550726643">
    <nd ref="5068611868"/>
    <nd ref="5068611869"/>
    <nd ref="1307142655"/>
    <tag k="highway" v="living_street"/>
    <tag k="lit" v="yes"/>
    <tag k="maxspeed" v="20"/>
    <tag k="name" v="Dražického náměstí"/>
    <tag k="name:de" v="Dražický-Platz"/>
    <tag k="surface" v="sett"/>
    <tag k="width" v="15"/>
  </way>
  <way id="555729172">
    <nd ref="5361102165"/>
    <nd ref="1014526180"/>
    <nd ref="25656628"/>
    <tag k="highway" v="residential"/>
    <tag k="lanes" v="1"/>
    <tag k="maxspeed" v="50"/>
    <tag k="name" v="Pštrossova"/>
    <tag k="oneway" v="yes"/>
    <tag k="sidewalk:both" v="separate"/>
    <tag k="source:maxspeed" v="CZ:urban"/>
    <tag k="surface" v="asphalt"/>
  </way>
  <way id="555729173">
    <nd ref="25656635"/>
    <nd ref="12157709065"/>
    <nd ref="5361102165"/>
    <tag k="highway" v="residential"/>
    <tag k="lane_markings" v="no"/>
    <tag k="maxspeed" v="50"/>
    <tag k="name" v="Pštrossova"/>
    <tag k="oneway" v="yes"/>
    <tag k="sidewalk" v="separate"/>
    <tag k="source:maxspeed" v="CZ:urban"/>
    <tag k="surface" v="sett"/>
  </way>
  <way id="566826589">
    <nd ref="13056030126"/>
    <nd ref="12205621957"/>
    <tag k="cycleway:both" v="no"/>
    <tag k="cycleway:right" v="soft_lane"/>
    <tag k="cycleway:right:lane" v="advisory"/>
    <tag k="highway" v="residential"/>
    <tag k="lanes" v="2"/>
    <tag k="lit" v="yes"/>
    <tag k="maxspeed:type" v="CZ:urban"/>
    <tag k="name" v="Kaprova"/>
    <tag k="name:de" v="Karpfengasse"/>
    <tag k="name:etymology:wikidata" v="Q26878352"/>
    <tag k="name:ru" v="Капрова улица"/>
    <tag k="oneway" v="yes"/>
    <tag k="parking:left" v="separate"/>
    <tag k="parking:right" v="no"/>
    <tag k="sidewalk:both" v="separate"/>
    <tag k="smoothness" v="excellent"/>
    <tag k="surface" v="asphalt"/>
    <tag k="turn:lanes" v="left|through;right"/>
    <tag k="wikidata" v="Q26878349"/>
    <tag k="wikimedia_commons" v="Category:Kaprova (Prague)"/>
    <tag k="wikipedia" v="cs:Kaprova (Praha)"/>
  </way>
  <way id="566826590">
    <nd ref="9187811"/>
    <nd ref="13140923524"/>
    <nd ref="300520929"/>
    <tag k="cycleway:both" v="no"/>
    <tag k="highway" v="residential"/>
    <tag k="lanes" v="1"/>
    <tag k="lit" v="yes"/>
    <tag k="maxspeed:type" v="CZ:urban"/>
    <tag k="name" v="Široká"/>
    <tag k="name:de" v="Breite Gasse"/>
    <tag k="name:etymology:wikidata" v="Q113171416"/>
    <tag k="name:ru" v="Широкая улица"/>
    <tag k="oneway" v="yes"/>
    <tag k="sidewalk:left" v="no"/>
    <tag k="sidewalk:right" v="separate"/>
    <tag k="smoothness" v="good"/>
    <tag k="surface" v="asphalt"/>
    <tag k="wikidata" v="Q26897280"/>
  </way>
  <way id="585498543">
    <nd ref="4323841230"/>
    <nd ref="5262491006"/>
    <nd ref="6371586770"/>
    <nd ref="371082766"/>
    <nd ref="4691199642"/>
    <nd ref="21257795"/>
    <tag k="embedded_rails" v="tram"/>
    <tag k="highway" v="secondary"/>
    <tag k="lane_markings" v="no"/>
    <tag k="lit" v="yes"/>
    <tag k="maxspeed" v="50"/>
    <tag k="name" v="nábřeží Edvarda Beneše"/>
    <tag k="name:etymology:wikidata" v="Q152274"/>
    <tag k="sidewalk" v="separate"/>
    <tag k="smoothness" v="bad"/>
    <tag k="sorting_name" v="Edvarda Beneše"/>
    <tag k="source:maxspeed" v="CZ:urban"/>
    <tag k="surface" v="sett"/>
    <tag k="wikidata" v="Q43396282"/>
    <tag k="wikimedia_commons" v="Category:Nábřeží Edvarda Beneše"/>
    <tag k="wikipedia" v="cs:Nábřeží Edvarda Beneše"/>
  </way>
  <way id="601780289">
    <nd ref="25656648"/>
    <nd ref="299047378"/>
    <nd ref="25656630"/>
    <tag k="highway" v="residential"/>
    <tag k="lanes" v="1"/>
    <tag k="lit" v="yes"/>
    <tag k="maxspeed" v="50"/>
    <tag k="maxspeed:type" v="CZ:urban"/>
    <tag k="name" v="Ostrovní"/>
    <tag k="name:de" v="Inselgasse"/>
    <tag k="name:ru" v="Островной переулок"/>
    <tag k="note:vehicle" v="closed for works, duration unknown"/>
    <tag k="oneway" v="yes"/>
    <tag k="surface" v="sett"/>
    <tag k="vehicle" v="no"/>
  </way>
  <way id="635416702">
    <nd ref="109867557"/>
    <nd ref="25685248"/>
    <tag k="cycleway:both" v="no"/>
    <tag k="highway" v="residential"/>
    <tag k="lanes" v="3"/>
    <tag k="lanes:backward" v="2"/>
    <tag k="lanes:forward" v="1"/>
    <tag k="lit" v="yes"/>
    <tag k="maxspeed:type" v="CZ:urban"/>
    <tag k="name" v="17. listopadu"/>
    <tag k="name:be" v="вуліца 17 лістапада"/>
    <tag k="name:etymology:wikidata" v="Q15054219"/>
    <tag k="name:ru" v="улица 17 ноября"/>
    <tag k="sidewalk:both" v="separate"/>
    <tag k="smoothness" v="good"/>
    <tag k="surface" v="asphalt"/>
    <tag k="surface:left" v="sett"/>
    <tag k="wikidata" v="Q19264027"/>
  </way>
  <way id="645555040">
    <nd ref="1413857853"/>
    <nd ref="21672754"/>
    <nd ref="1413857865"/>
    <tag k="bicycle" v="yes"/>
    <tag k="foot" v="yes"/>
    <tag k="highway" v="residential"/>
    <tag k="horse" v="permit"/>
    <tag k="lane_markings" v="no"/>
    <tag k="lit" v="yes"/>
    <tag k="maxspeed" v="50"/>
    <tag k="name" v="Václavské náměstí"/>
    <tag k="name:be" v="Вацлаўская плошча"/>
    <tag k="name:de" v="Wenzelsplatz"/>
    <tag k="name:en" v="Wenceslas Square"/>
    <tag k="name:eo" v="Venceslaa Placo"/>
    <tag k="name:es" v="Plaza de Wenceslao"/>
    <tag k="name:etymology:wikidata" v="Q196527"/>
    <tag k="name:fr" v="Place Venceslas"/>
    <tag k="name:it" v="Piazza San Venceslao"/>
    <tag k="name:ja" v="ヴァーツラフ広場"/>
    <tag k="name:ko" v="바츨라프 광장"/>
    <tag k="name:mk" v="Вацлавски намести"/>
    <tag k="name:nl" v="Wenceslausplein"/>
    <tag k="name:pl" v="Plac Wacława"/>
    <tag k="name:pt" v="Praça de Venceslau"/>
    <tag k="name:ru" v="Вацлавская площадь"/>
    <tag k="name:uk" v="Вацлавська площа"/>
    <tag k="name:zh" v="瓦茨拉夫广场"/>
    <tag k="oneway" v="yes"/>
    <tag k="psv" v="no"/>
    <tag k="sidewalk:both" v="separate"/>
    <tag k="source:maxspeed" v="CZ:urban"/>
    <tag k="surface" v="sett"/>
  </way>
  <way id="655720754">
    <nd ref="25655302"/>
    <nd ref="4543001576"/>
    <nd ref="4244451468"/>
    <nd ref="12157767996"/>
    <nd ref="9062547242"/>
    <nd ref="9062547253"/>
    <tag k="highway" v="residential"/>
    <tag k="lanes" v="1"/>
    <tag k="lit" v="yes"/>
    <tag k="maxspeed" v="50"/>
    <tag k="name" v="Jungmannová"/>
    <tag k="oneway" v="yes"/>
    <tag k="parking:both" v="separate"/>
    <tag k="sidewalk" v="separate"/>
    <tag k="smoothness" v="excellent"/>
    <tag k="surface" v="asphalt"/>
    <tag k="width" v="10"/>
    <tag k="width:lanes" v="3"/>
  </way>
  <way id="683684594">
    <nd ref="25659750"/>
    <nd ref="12199933822"/>
    <nd ref="25659755"/>
    <tag k="cycleway:left" v="shared_lane"/>
    <tag k="highway" v="residential"/>
    <tag k="lanes" v="1"/>
    <tag k="lit" v="yes"/>
    <tag k="maxspeed:type" v="CZ:urban"/>
    <tag k="name" v="Široká"/>
    <tag k="name:de" v="Breite Gasse"/>
    <tag k="name:etymology:wikidata" v="Q113171416"/>
    <tag k="name:ru" v="Широкая улица"/>
    <tag k="oneway" v="yes"/>
    <tag k="oneway:bicycle" v="no"/>
    <tag k="sidewalk:both" v="separate"/>
    <tag k="surface" v="sett"/>
    <tag k="wikidata" v="Q26897280"/>
  </way>
  <way id="686459993">
    <nd ref="1014525950"/>
    <nd ref="6434272967"/>
    <nd ref="12941270072"/>
    <nd ref="12941270073"/>
    <nd ref="25685542"/>
    <nd ref="12941270074"/>
    <nd ref="6434272966"/>
    <tag k="cycleway:both" v="no"/>
    <tag k="highway" v="residential"/>
    <tag k="lane_markings" v="no"/>
    <tag k="lanes" v="2"/>
    <tag k="lit" v="yes"/>
    <tag k="maxspeed:type" v="CZ:urban"/>
    <tag k="motorcar" v="destination"/>
    <tag k="name" v="U Plovárny"/>
    <tag k="ref:ruian:street" v="504467"/>
    <tag k="sidewalk:both" v="separate"/>
    <tag k="source" v="cuzk:ruian"/>
    <tag k="surface" v="asphalt"/>
  </way>
  <way id="722496073">
    <nd ref="9949513457"/>
    <nd ref="4763711114"/>
    <nd ref="5758250778"/>
    <nd ref="1307142670"/>
    <nd ref="25673206"/>
    <tag k="bicycle" v="yes"/>
    <tag k="foot" v="yes"/>
    <tag k="highway" v="living_street"/>
    <tag k="lanes" v="1"/>
    <tag k="lit" v="yes"/>
    <tag k="lit_by_gaslight" v="yes"/>
    <tag k="maxspeed" v="20"/>
    <tag k="motor_vehicle" v="destination"/>
    <tag k="name" v="Josefská"/>
    <tag k="name:cs" v="Josefská"/>
    <tag k="name:de" v="Josefsgasse"/>
    <tag k="oneway" v="yes"/>
    <tag k="oneway:bicycle" v="no"/>
    <tag k="sidewalk:both" v="separate"/>
    <tag k="source:maxspeed" v="CZ:urban"/>
    <tag k="surface" v="sett"/>
    <tag k="vehicle" v="destination"/>
    <tag k="width" v="4"/>
    <tag k="wikidata" v="Q43387921"/>
    <tag k="wikimedia_commons" v="Category:Josefská (Prague)"/>
    <tag k="wikipedia" v="cs:Josefská (Praha)"/>
  </way>
  <way id="726532411">
    <nd ref="586483723"/>
    <nd ref="6808473441"/>
    <nd ref="25658927"/>
    <tag k="highway" v="residential"/>
    <tag k="lanes" v="1"/>
    <tag k="lit" v="yes"/>
    <tag k="name" v="Mariánské náměstí"/>
    <tag k="name:de" v="Marienplatz"/>
    <tag k="oneway" v="yes"/>
    <tag k="oneway:bicycle" v="yes"/>
    <tag k="sidewalk:both" v="separate"/>
    <tag k="smoothness" v="intermediate"/>
    <tag k="surface" v="sett"/>
  </way>
  <way id="727211600">
    <nd ref="6815151917"/>
    <nd ref="6815151918"/>
    <tag k="cycleway:both" v="no"/>
    <tag k="highway" v="residential"/>
    <tag k="lanes" v="1"/>
    <tag k="lit" v="yes"/>
    <tag k="name" v="Šeříková"/>
    <tag k="name:de" v="Fliedergasse"/>
    <tag k="oneway" v="yes"/>
    <tag k="oneway:bicycle" v="no"/>
    <tag k="sidewalk:both" v="separate"/>
    <tag k="source" v="https://prahounakole.cz/zpravicky/v-patek-20-zari-byla-vyznacena-severni-cast-cykloobousmerky-v-serikove-ulici/"/>
    <tag k="surface" v="sett"/>
  </way>
  <way id="727211601">
    <nd ref="6815151918"/>
    <nd ref="1014526109"/>
    <nd ref="6485447499"/>
    <nd ref="172517"/>
    <tag k="cycleway:both" v="no"/>
    <tag k="highway" v="residential"/>
    <tag k="lanes" v="1"/>
    <tag k="lit" v="yes"/>
    <tag k="name" v="Šeříková"/>
    <tag k="name:de" v="Fliedergasse"/>
    <tag k="oneway" v="yes"/>
    <tag k="oneway:bicycle" v="no"/>
    <tag k="parking:both" v="separate"/>
    <tag k="sidewalk:both" v="separate"/>
    <tag k="source" v="https://prahounakole.cz/zpravicky/v-patek-20-zari-byla-vyznacena-severni-cast-cykloobousmerky-v-serikove-ulici/"/>
    <tag k="surface" v="sett"/>
  </way>
  <way id="727213478">
    <nd ref="1414449542"/>
    <nd ref="1414449544"/>
    <nd ref="472661921"/>
    <tag k="cycleway:both" v="no"/>
    <tag k="highway" v="residential"/>
    <tag k="lane_markings" v="no"/>
    <tag k="lit" v="yes"/>
    <tag k="name" v="U Radnice"/>
    <tag k="name:de" v="Rathausgasse"/>
    <tag k="name:ru" v="У Ратуши"/>
    <tag k="oneway" v="yes"/>
    <tag k="sidewalk:both" v="separate"/>
    <tag k="smoothness" v="excellent"/>
    <tag k="surface" v="asphalt"/>
  </way>
  <way id="753546547">
    <nd ref="7040618853"/>
    <nd ref="7040692500"/>
    <nd ref="25660102"/>
    <tag k="highway" v="residential"/>
    <tag k="lanes" v="2"/>
    <tag k="lit" v="yes"/>
    <tag k="maxspeed" v="20"/>
    <tag k="name" v="Dlouhá"/>
    <tag k="name:de" v="Lange Gasse"/>
    <tag k="name:etymology:wikidata" v="Q113171416"/>
    <tag k="name:ru" v="Длинная улица"/>
    <tag k="sidewalk:both" v="separate"/>
    <tag k="surface" v="sett"/>
    <tag k="wikidata" v="Q11812534"/>
    <tag k="wikipedia" v="cs:Dlouhá (Praha)"/>
  </way>
  <way id="753546548">
    <nd ref="7040618854"/>
    <nd ref="7040618860"/>
    <nd ref="25660102"/>
    <tag k="highway" v="residential"/>
    <tag k="lanes" v="1"/>
    <tag k="name" v="Rámová"/>
    <tag k="oneway" v="yes"/>
    <tag k="source:name" v="nameit/uir-adr"/>
    <tag k="surface" v="sett"/>
    <tag k="wikidata" v="Q43397009"/>
  </way>
  <way id="753546549">
    <nd ref="7040618855"/>
    <nd ref="7040618869"/>
    <nd ref="25660101"/>
    <nd ref="7040618870"/>
    <tag k="highway" v="residential"/>
    <tag k="maxspeed" v="20"/>
    <tag k="name" v="Dlouhá"/>
    <tag k="name:de" v="Lange Gasse"/>
    <tag k="name:etymology:wikidata" v="Q113171416"/>
    <tag k="name:ru" v="Длинная улица"/>
    <tag k="oneway" v="yes"/>
    <tag k="oneway:bicycle" v="no"/>
    <tag k="sidewalk:both" v="separate"/>
    <tag k="surface" v="sett"/>
    <tag k="wikidata" v="Q11812534"/>
    <tag k="wikipedia" v="cs:Dlouhá (Praha)"/>
  </way>
  <way id="754062709">
    <nd ref="297583496"/>
    <nd ref="12202055471"/>
    <nd ref="25691404"/>
    <tag k="highway" v="residential"/>
    <tag k="lit" v="yes"/>
    <tag k="maxspeed" v="30"/>
    <tag k="maxspeed:type" v="CZ:zone30"/>
    <tag k="name" v="U Písecké brány"/>
    <tag k="name:de" v="Beim Sandtor"/>
    <tag k="oneway" v="yes"/>
    <tag k="sidewalk:left" v="separate"/>
    <tag k="sidewalk:right" v="yes"/>
    <tag k="surface" v="sett"/>
    <tag k="zone:maxspeed" v="30"/>
  </way>
  <way id="805407399">
    <nd ref="7532862902"/>
    <nd ref="1014525894"/>
    <nd ref="10703811"/>
    <tag k="cycleway:right" v="soft_lane"/>
    <tag k="highway" v="residential"/>
    <tag k="horse" v="no"/>
    <tag k="lanes" v="1"/>
    <tag k="lanes:forward" v="1"/>
    <tag k="lit" v="yes"/>
    <tag k="maxspeed" v="30"/>
    <tag k="name" v="Divadelní"/>
    <tag k="name:etymology:wikidata" v="Q732697"/>
    <tag k="name:ru" v="Театральная улица"/>
    <tag k="oneway" v="yes"/>
    <tag k="surface" v="asphalt"/>
    <tag k="wikidata" v="Q22667173"/>
  </way>
  <way id="805407401">
    <nd ref="25658455"/>
    <nd ref="7532862905"/>
    <nd ref="298527937"/>
    <nd ref="10703812"/>
    <nd ref="12197773520"/>
    <nd ref="299047222"/>
    <nd ref="1030966712"/>
    <nd ref="10703813"/>
    <tag k="cycleway" v="shared_lane"/>
    <tag k="highway" v="residential"/>
    <tag k="horse" v="no"/>
    <tag k="lane_markings" v="no"/>
    <tag k="lit" v="yes"/>
    <tag k="maxspeed" v="50"/>
    <tag k="name" v="Divadelní"/>
    <tag k="name:de" v="Theatergasse"/>
    <tag k="name:etymology:wikidata" v="Q732697"/>
    <tag k="name:ru" v="Театральная улица"/>
    <tag k="oneway" v="yes"/>
    <tag k="sidewalk:both" v="separate"/>
    <tag k="surface" v="asphalt"/>
    <tag k="wikidata" v="Q22667173"/>
  </way>
  <way id="805407403">
    <nd ref="1030966567"/>
    <nd ref="9837865015"/>
    <nd ref="4700724530"/>
    <nd ref="10703814"/>
    <tag k="cycleway" v="shared_lane"/>
    <tag k="highway" v="residential"/>
    <tag k="lanes" v="1"/>
    <tag k="maxspeed" v="50"/>
    <tag k="maxspeed:type" v="CZ:urban"/>
    <tag k="name" v="Betlémská"/>
    <tag k="name:de" v="Bethlehemsgasse"/>
    <tag k="oneway" v="yes"/>
    <tag k="source:name" v="nameit/uir-adr"/>
    <tag k="surface" v="asphalt"/>
    <tag k="wikidata" v="Q21505974"/>
  </way>
  <way id="812662141">
    <nd ref="8810433"/>
    <nd ref="12157709096"/>
    <nd ref="310253512"/>
    <nd ref="12157709095"/>
    <nd ref="7532862902"/>
    <tag k="cycleway:right" v="shared_lane"/>
    <tag k="cycleway:right:lane" v="pictogram"/>
    <tag k="highway" v="residential"/>
    <tag k="horse" v="no"/>
    <tag k="lane_markings" v="no"/>
    <tag k="lit" v="yes"/>
    <tag k="maxspeed" v="30"/>
    <tag k="name" v="Divadelní"/>
    <tag k="name:de" v="Theatergasse"/>
    <tag k="name:etymology:wikidata" v="Q732697"/>
    <tag k="name:ru" v="Театральная улица"/>
    <tag k="oneway" v="yes"/>
    <tag k="surface" v="asphalt"/>
    <tag k="wikidata" v="Q22667173"/>
  </way>
  <way id="817049966">
    <nd ref="25656653"/>
    <nd ref="25656648"/>
    <tag k="cycleway:both" v="no"/>
    <tag k="highway" v="residential"/>
    <tag k="lanes" v="1"/>
    <tag k="lit" v="yes"/>
    <tag k="maxspeed" v="50"/>
    <tag k="maxspeed:type" v="CZ:urban"/>
    <tag k="name" v="Ostrovní"/>
    <tag k="name:de" v="Inselgasse"/>
    <tag k="name:ru" v="Островной переулок"/>
    <tag k="oneway" v="yes"/>
    <tag k="sidewalk:both" v="separate"/>
    <tag k="surface" v="sett"/>
  </way>
  <way id="817049968">
    <nd ref="2271360532"/>
    <nd ref="299047380"/>
    <nd ref="7630846773"/>
    <tag k="highway" v="living_street"/>
    <tag k="lanes" v="1"/>
    <tag k="lit" v="yes"/>
    <tag k="maxspeed" v="20"/>
    <tag k="name" v="Ostrovní"/>
    <tag k="name:de" v="Inselgasse"/>
    <tag k="name:ru" v="Островной переулок"/>
    <tag k="surface" v="sett"/>
  </way>
  <way id="817051829">
    <nd ref="7630846773"/>
    <nd ref="25656653"/>
    <tag k="cycleway:both" v="no"/>
    <tag k="highway" v="residential"/>
    <tag k="lanes" v="1"/>
    <tag k="lit" v="yes"/>
    <tag k="maxspeed" v="50"/>
    <tag k="maxspeed:type" v="CZ:urban"/>
    <tag k="name" v="Ostrovní"/>
    <tag k="name:de" v="Inselgasse"/>
    <tag k="name:ru" v="Островной переулок"/>
    <tag k="sidewalk:both" v="separate"/>
    <tag k="surface" v="sett"/>
  </way>
  <way id="820950562">
    <nd ref="297596688"/>
    <nd ref="297596687"/>
    <tag k="carriage" v="no"/>
    <tag k="highway" v="residential"/>
    <tag k="lanes" v="1"/>
    <tag k="maxspeed" v="50"/>
    <tag k="maxspeed:advisory" v="10"/>
    <tag k="name" v="Králodvorská"/>
    <tag k="name:de" v="Königshofgasse"/>
    <tag k="name:ru" v="Кралодворская улица"/>
    <tag k="oneway" v="yes"/>
    <tag k="sidewalk:both" v="separate"/>
    <tag k="source:maxspeed" v="CZ:urban"/>
    <tag k="source:name" v="nameit/uir-adr"/>
    <tag k="surface" v="asphalt"/>
    <tag k="wikidata" v="Q43388589"/>
  </way>
  <way id="827404598">
    <nd ref="315508611"/>
    <nd ref="7724697015"/>
    <tag k="highway" v="residential"/>
    <tag k="lane_markings" v="no"/>
    <tag k="lit" v="yes"/>
    <tag k="maxspeed" v="50"/>
    <tag k="maxspeed:type" v="CZ:urban"/>
    <tag k="name" v="Gogolova"/>
    <tag k="name:etymology:wikidata" v="Q43718"/>
    <tag k="old_name" v="Kounicova"/>
    <tag k="sidewalk:both" v="separate"/>
    <tag k="source" v="cuzk:km"/>
    <tag k="source:maxspeed" v="CZ:urban"/>
    <tag k="surface" v="sett"/>
    <tag k="wikidata" v="Q43387042"/>
    <tag k="wikimedia_commons" v="Category:Gogolova (Prague)"/>
    <tag k="wikipedia" v="cs:Gogolova (Praha)"/>
  </way>
  <way id="827404599">
    <nd ref="289552330"/>
    <nd ref="7724697016"/>
    <nd ref="7724697015"/>
    <tag k="bicycle" v="yes"/>
    <tag k="foot" v="yes"/>
    <tag k="highway" v="residential"/>
    <tag k="lane_markings" v="no"/>
    <tag k="maxspeed:type" v="CZ:urban"/>
    <tag k="motor_vehicle" v="destination"/>
    <tag k="name" v="Na Baště svatého Tomáše"/>
    <tag k="name:de" v="Bastei des Heiligen Thomas"/>
    <tag k="oneway" v="yes"/>
    <tag k="short_name" v="Na Baště sv. Tomáše"/>
    <tag k="sidewalk:both" v="separate"/>
    <tag k="surface" v="sett"/>
    <tag k="wikidata" v="Q43389075"/>
    <tag k="wikimedia_commons" v="Category:Na baště sv. Tomáše"/>
    <tag k="wikipedia" v="cs:Na baště sv. Tomáše"/>
  </way>
  <way id="827404600">
    <nd ref="13618172345"/>
    <nd ref="25691305"/>
    <tag k="bicycle" v="yes"/>
    <tag k="foot" v="yes"/>
    <tag k="highway" v="residential"/>
    <tag k="lane_markings" v="no"/>
    <tag k="lit" v="yes"/>
    <tag k="maxspeed" v="50"/>
    <tag k="maxspeed:type" v="CZ:urban"/>
    <tag k="motor_vehicle" v="destination"/>
    <tag k="name" v="Gogolova"/>
    <tag k="name:etymology:wikidata" v="Q43718"/>
    <tag k="old_name" v="Kounicova"/>
    <tag k="parking:left" v="separate"/>
    <tag k="parking:right" v="no"/>
    <tag k="sidewalk" v="separate"/>
    <tag k="source" v="cuzk:km"/>
    <tag k="surface" v="asphalt"/>
    <tag k="wikidata" v="Q43387042"/>
    <tag k="wikimedia_commons" v="Category:Gogolova (Prague)"/>
    <tag k="wikipedia" v="cs:Gogolova (Praha)"/>
  </way>
  <way id="827404601">
    <nd ref="7724694659"/>
    <nd ref="7724694658"/>
    <nd ref="7726221684"/>
    <tag k="highway" v="secondary"/>
    <tag k="lanes" v="1"/>
    <tag k="lit" v="yes"/>
    <tag k="maxspeed" v="50"/>
    <tag k="name" v="Badeniho"/>
    <tag k="name:de" v="Badenistraße"/>
    <tag k="name:etymology" v="Kasimir Felix Badeni"/>
    <tag k="name:etymology:wikidata" v="Q697799"/>
    <tag k="old_name" v="I. V. Mičurina"/>
    <tag k="oneway" v="yes"/>
    <tag k="sidewalk:left" v="no"/>
    <tag k="sidewalk:right" v="separate"/>
    <tag k="source:maxspeed" v="CZ:urban"/>
    <tag k="surface" v="asphalt"/>
    <tag k="wikidata" v="Q43386342"/>
    <tag k="wikimedia_commons" v="Category:Badeniho"/>
    <tag k="wikipedia" v="cs:Badeniho"/>
  </way>
  <way id="827587632">
    <nd ref="7726237890"/>
    <nd ref="7726237887"/>
    <nd ref="7726221679"/>
    <nd ref="7724694656"/>
    <nd ref="7724694657"/>
    <nd ref="11627985301"/>
    <nd ref="4323274512"/>
    <nd ref="7724694622"/>
    <nd ref="12529781300"/>
    <nd ref="12529781299"/>
    <nd ref="1535515880"/>
    <tag k="embedded_rails" v="tram"/>
    <tag k="highway" v="secondary"/>
    <tag k="lane_markings" v="no"/>
    <tag k="lit" v="yes"/>
    <tag k="maxspeed" v="50"/>
    <tag k="name" v="Badeniho"/>
    <tag k="name:de" v="Badenistraße"/>
    <tag k="name:etymology" v="Kasimir Felix Badeni"/>
    <tag k="name:etymology:wikidata" v="Q697799"/>
    <tag k="old_name" v="I. V. Mičurina"/>
    <tag k="oneway" v="yes"/>
    <tag k="sidewalk:left" v="no"/>
    <tag k="sidewalk:right" v="separate"/>
    <tag k="source:maxspeed" v="CZ:urban"/>
    <tag k="surface" v="asphalt"/>
    <tag k="wikidata" v="Q43386342"/>
    <tag k="wikimedia_commons" v="Category:Badeniho"/>
    <tag k="wikipedia" v="cs:Badeniho"/>
  </way>
  <way id="844207482">
    <nd ref="7874933580"/>
    <nd ref="298867576"/>
    <tag k="cycleway:right" v="lane"/>
    <tag k="cycleway:right:lane" v="exclusive"/>
    <tag k="highway" v="residential"/>
    <tag k="lanes" v="1"/>
    <tag k="lit" v="yes"/>
    <tag k="name" v="Janáčkovo nábřeží"/>
    <tag k="oneway" v="yes"/>
    <tag k="parking:condition:right" v="ticket"/>
    <tag k="parking:left" v="no"/>
    <tag k="parking:left:restriction" v="no_parking"/>
    <tag k="parking:right" v="yes"/>
    <tag k="parking:right:orientation" v="parallel"/>
    <tag k="sidewalk:both" v="separate"/>
    <tag k="surface" v="asphalt"/>
  </way>
  <way id="850501778">
    <nd ref="25685317"/>
    <nd ref="7934591995"/>
    <nd ref="1016303395"/>
    <nd ref="8810025"/>
    <tag k="highway" v="residential"/>
    <tag k="lane_markings" v="no"/>
    <tag k="lit" v="yes"/>
    <tag k="maxspeed:type" v="CZ:urban"/>
    <tag k="name" v="Dušní"/>
    <tag k="name:de" v="Geistgasse"/>
    <tag k="name:etymology:wikidata" v="Q2282608"/>
    <tag k="name:ru" v="Душни улица"/>
    <tag k="oneway" v="no"/>
    <tag k="sidewalk:left" v="separate"/>
    <tag k="sidewalk:right" v="no"/>
    <tag k="source:name" v="nameit/uir-adr"/>
    <tag k="surface" v="asphalt"/>
    <tag k="wikidata" v="Q23770370"/>
  </way>
  <way id="850638776">
    <nd ref="25657261"/>
    <nd ref="10716276656"/>
    <nd ref="552407636"/>
    <tag k="cycleway:left" v="lane"/>
    <tag k="cycleway:left:lane" v="exclusive"/>
    <tag k="cycleway:left:oneway" v="-1"/>
    <tag k="cycleway:right" v="no"/>
    <tag k="description" v="Oneway:bicycle=no since 2020"/>
    <tag k="highway" v="residential"/>
    <tag k="lanes" v="1"/>
    <tag k="lit" v="yes"/>
    <tag k="maxspeed" v="50"/>
    <tag k="name" v="Na Perštýně"/>
    <tag k="name:de" v="Bergsteingasse"/>
    <tag k="name:ru" v="улица На Перштине"/>
    <tag k="oneway" v="yes"/>
    <tag k="oneway:bicycle" v="no"/>
    <tag k="sidewalk:both" v="separate"/>
    <tag k="smoothness" v="intermediate"/>
    <tag k="source:name" v="nameit/uir-adr"/>
    <tag k="surface" v="sett"/>
  </way>
  <way id="851572763">
    <nd ref="2026316815"/>
    <nd ref="11353736968"/>
    <nd ref="25657274"/>
    <tag k="cycleway:left" v="no"/>
    <tag k="cycleway:right" v="lane"/>
    <tag k="cycleway:right:lane" v="exclusive"/>
    <tag k="highway" v="residential"/>
    <tag k="lanes" v="2"/>
    <tag k="lit" v="yes"/>
    <tag k="maxspeed" v="50"/>
    <tag k="name" v="Na Perštýně"/>
    <tag k="name:de" v="Bergsteingasse"/>
    <tag k="name:ru" v="улица На Перштине"/>
    <tag k="oneway" v="yes"/>
    <tag k="oneway:bicycle" v="no"/>
    <tag k="sidewalk:both" v="separate"/>
    <tag k="smoothness" v="good"/>
    <tag k="source:name" v="nameit/uir-adr"/>
    <tag k="surface" v="sett"/>
    <tag k="turn:lanes" v="left|through;right"/>
  </way>
  <way id="851572764">
    <nd ref="552407636"/>
    <nd ref="7942600188"/>
    <tag k="cycleway:left" v="lane"/>
    <tag k="cycleway:left:lane" v="exclusive"/>
    <tag k="cycleway:left:oneway" v="-1"/>
    <tag k="cycleway:right" v="no"/>
    <tag k="highway" v="residential"/>
    <tag k="lanes" v="1"/>
    <tag k="lit" v="yes"/>
    <tag k="maxspeed" v="50"/>
    <tag k="name" v="Na Perštýně"/>
    <tag k="name:de" v="Bergsteingasse"/>
    <tag k="name:ru" v="улица На Перштине"/>
    <tag k="oneway" v="yes"/>
    <tag k="oneway:bicycle" v="no"/>
    <tag k="sidewalk:both" v="separate"/>
    <tag k="source:name" v="nameit/uir-adr"/>
    <tag k="surface" v="sett"/>
  </way>
  <way id="852047697">
    <nd ref="7942600188"/>
    <nd ref="2026316815"/>
    <tag k="cycleway:left" v="lane"/>
    <tag k="cycleway:left:lane" v="exclusive"/>
    <tag k="cycleway:left:oneway" v="-1"/>
    <tag k="cycleway:right" v="no"/>
    <tag k="description" v="Oneway:bicycle=no since 2020"/>
    <tag k="highway" v="residential"/>
    <tag k="lanes" v="2"/>
    <tag k="lit" v="yes"/>
    <tag k="maxspeed" v="50"/>
    <tag k="name" v="Na Perštýně"/>
    <tag k="name:de" v="Bergsteingasse"/>
    <tag k="name:ru" v="улица На Перштине"/>
    <tag k="oneway" v="yes"/>
    <tag k="oneway:bicycle" v="no"/>
    <tag k="sidewalk:both" v="separate"/>
    <tag k="smoothness" v="intermediate"/>
    <tag k="source:name" v="nameit/uir-adr"/>
    <tag k="surface" v="sett"/>
  </way>
  <way id="863372626">
    <nd ref="4323841217"/>
    <nd ref="354684458"/>
    <tag k="cycleway:right" v="no"/>
    <tag k="highway" v="residential"/>
    <tag k="lanes" v="1"/>
    <tag k="lit" v="yes"/>
    <tag k="maxspeed" v="50"/>
    <tag k="name" v="Klárov"/>
    <tag k="name:etymology" v="Alois Klar"/>
    <tag k="name:etymology:wikidata" v="Q176445"/>
    <tag k="note" v="Soft lane since 10/2020"/>
    <tag k="oneway" v="yes"/>
    <tag k="parking:both" v="no"/>
    <tag k="sidewalk:left" v="no"/>
    <tag k="sidewalk:right" v="separate"/>
    <tag k="smoothness" v="bad"/>
    <tag k="source:maxspeed" v="CZ:urban"/>
    <tag k="surface" v="sett"/>
    <tag k="width" v="3"/>
    <tag k="wikidata" v="Q12029502"/>
    <tag k="wikimedia_commons" v="Category:Klárov"/>
    <tag k="wikipedia" v="cs:Klárov"/>
  </way>
  <way id="864147150">
    <nd ref="303442566"/>
    <nd ref="1302564429"/>
    <nd ref="382300097"/>
    <nd ref="8648122533"/>
    <tag k="cycleway:left" v="no"/>
    <tag k="cycleway:right" v="lane"/>
    <tag k="cycleway:right:lane" v="advisory"/>
    <tag k="highway" v="residential"/>
    <tag k="lanes" v="2"/>
    <tag k="lit" v="yes"/>
    <tag k="maxspeed" v="50"/>
    <tag k="name" v="Klárov"/>
    <tag k="name:etymology" v="Alois Klar"/>
    <tag k="name:etymology:wikidata" v="Q176445"/>
    <tag k="note" v="Soft_lane for bicycles since 10/2020"/>
    <tag k="oneway" v="yes"/>
    <tag k="parking:both" v="no"/>
    <tag k="sidewalk:left" v="no"/>
    <tag k="sidewalk:right" v="separate"/>
    <tag k="smoothness" v="bad"/>
    <tag k="source:maxspeed" v="CZ:urban"/>
    <tag k="surface" v="sett"/>
    <tag k="turn:lanes" v="left|through"/>
    <tag k="wikidata" v="Q12029502"/>
    <tag k="wikimedia_commons" v="Category:Klárov"/>
    <tag k="wikipedia" v="cs:Klárov"/>
  </way>
  <way id="864147151">
    <nd ref="8648122533"/>
    <nd ref="74185189"/>
    <nd ref="4323841209"/>
    <nd ref="4691199498"/>
    <nd ref="21711391"/>
    <tag k="cycleway:right" v="no"/>
    <tag k="highway" v="residential"/>
    <tag k="lanes" v="2"/>
    <tag k="lit" v="yes"/>
    <tag k="maxspeed" v="50"/>
    <tag k="name" v="Klárov"/>
    <tag k="name:etymology" v="Alois Klar"/>
    <tag k="name:etymology:wikidata" v="Q176445"/>
    <tag k="oneway" v="yes"/>
    <tag k="sidewalk:left" v="no"/>
    <tag k="sidewalk:right" v="separate"/>
    <tag k="smoothness" v="bad"/>
    <tag k="source:maxspeed" v="CZ:urban"/>
    <tag k="surface" v="sett"/>
    <tag k="turn:lanes" v="left|through"/>
    <tag k="wikidata" v="Q12029502"/>
    <tag k="wikimedia_commons" v="Category:Klárov"/>
    <tag k="wikipedia" v="cs:Klárov"/>
  </way>
  <way id="876526302">
    <nd ref="9187812"/>
    <nd ref="25685424"/>
    <tag k="cycleway:both" v="no"/>
    <tag k="highway" v="residential"/>
    <tag k="lane_markings" v="no"/>
    <tag k="lit" v="yes"/>
    <tag k="maxspeed" v="30"/>
    <tag k="maxspeed:type" v="sign"/>
    <tag k="name" v="Kaprova"/>
    <tag k="name:de" v="Karpfengasse"/>
    <tag k="name:etymology:wikidata" v="Q26878352"/>
    <tag k="name:ru" v="Капрова улица"/>
    <tag k="oneway" v="yes"/>
    <tag k="parking:left" v="separate"/>
    <tag k="parking:right" v="no"/>
    <tag k="sidewalk:both" v="separate"/>
    <tag k="smoothness" v="excellent"/>
    <tag k="surface" v="asphalt"/>
    <tag k="wikidata" v="Q26878349"/>
    <tag k="wikimedia_commons" v="Category:Kaprova (Prague)"/>
    <tag k="wikipedia" v="cs:Kaprova (Praha)"/>
  </way>
  <way id="896010527">
    <nd ref="345014513"/>
    <nd ref="25660118"/>
    <tag k="highway" v="residential"/>
    <tag k="lanes" v="1"/>
    <tag k="lit" v="yes"/>
    <tag k="maxspeed" v="50"/>
    <tag k="name" v="Jakubská"/>
    <tag k="name:de" v="Jakobsgasse"/>
    <tag k="parking:left" v="no"/>
    <tag k="parking:right" v="separate"/>
    <tag k="sidewalk:both" v="separate"/>
    <tag k="source:maxspeed" v="CZ:urban"/>
    <tag k="surface" v="sett"/>
    <tag k="wikidata" v="Q43387803"/>
  </way>
  <way id="904148530">
    <nd ref="8397051765"/>
    <nd ref="8397051766"/>
    <nd ref="8397051767"/>
    <nd ref="8397051768"/>
    <nd ref="8397051769"/>
    <nd ref="8397051770"/>
    <nd ref="8397051771"/>
    <nd ref="8397051772"/>
    <nd ref="8397051773"/>
    <nd ref="8397083427"/>
    <nd ref="11456243029"/>
    <nd ref="11273764987"/>
    <tag k="bicycle" v="designated"/>
    <tag k="foot" v="no"/>
    <tag k="highway" v="tertiary_link"/>
    <tag k="lanes" v="1"/>
    <tag k="lit" v="yes"/>
    <tag k="maxspeed" v="50"/>
    <tag k="motor_vehicle" v="designated"/>
    <tag k="name" v="nábřeží Edvarda Beneše"/>
    <tag k="name:etymology:wikidata" v="Q152274"/>
    <tag k="oneway" v="yes"/>
    <tag k="sidewalk" v="no"/>
    <tag k="smoothness" v="excellent"/>
    <tag k="surface" v="asphalt"/>
    <tag k="wikidata" v="Q43396282"/>
    <tag k="wikimedia_commons" v="Category:Nábřeží Edvarda Beneše"/>
    <tag k="wikipedia" v="cs:Nábřeží Edvarda Beneše"/>
  </way>
  <way id="904148535">
    <nd ref="8397083561"/>
    <nd ref="8397083506"/>
    <nd ref="8397507434"/>
    <nd ref="12312636300"/>
    <nd ref="8397083465"/>
    <tag k="cycleway:right" v="no"/>
    <tag k="foot" v="no"/>
    <tag k="highway" v="tertiary"/>
    <tag k="lane_markings" v="no"/>
    <tag k="lit" v="yes"/>
    <tag k="maxspeed" v="50"/>
    <tag k="name" v="nábřeží Edvarda Beneše"/>
    <tag k="name:etymology:wikidata" v="Q152274"/>
    <tag k="oneway" v="yes"/>
    <tag k="sidewalk" v="no"/>
    <tag k="smoothness" v="bad"/>
    <tag k="surface" v="sett"/>
    <tag k="wikidata" v="Q43396282"/>
    <tag k="wikimedia_commons" v="Category:Nábřeží Edvarda Beneše"/>
    <tag k="wikipedia" v="cs:Nábřeží Edvarda Beneše"/>
  </way>
  <way id="904148536">
    <nd ref="12287495452"/>
    <nd ref="4691199669"/>
    <tag k="cycleway:right" v="lane"/>
    <tag k="highway" v="tertiary"/>
    <tag k="lanes" v="1"/>
    <tag k="lit" v="yes"/>
    <tag k="maxspeed" v="CZ:urban"/>
    <tag k="name" v="nábřeží Edvarda Beneše"/>
    <tag k="name:etymology:wikidata" v="Q152274"/>
    <tag k="note" v="Bicycle soft_lane since 2021"/>
    <tag k="oneway" v="yes"/>
    <tag k="sidewalk" v="separate"/>
    <tag k="surface" v="asphalt"/>
    <tag k="wikidata" v="Q43396282"/>
    <tag k="wikimedia_commons" v="Category:Nábřeží Edvarda Beneše"/>
    <tag k="wikipedia" v="cs:Nábřeží Edvarda Beneše"/>
  </way>
  <way id="904148544">
    <nd ref="8397083500"/>
    <nd ref="8397083568"/>
    <tag k="bridge" v="yes"/>
    <tag k="highway" v="tertiary"/>
    <tag k="lane_markings" v="no"/>
    <tag k="lanes" v="2"/>
    <tag k="layer" v="1"/>
    <tag k="lit" v="yes"/>
    <tag k="maxspeed" v="50"/>
    <tag k="maxweight:signed" v="no"/>
    <tag k="name" v="Čechův most"/>
    <tag k="name:cs" v="Čechův most"/>
    <tag k="name:ru" v="Чехов мост"/>
    <tag k="oneway" v="yes"/>
    <tag k="sidewalk" v="no"/>
    <tag k="surface" v="sett"/>
    <tag k="turn:lanes" v="left|right"/>
  </way>
  <way id="904148545">
    <nd ref="8397083568"/>
    <nd ref="8397051782"/>
    <nd ref="4691199556"/>
    <nd ref="4691199557"/>
    <nd ref="4691199558"/>
    <nd ref="4691199559"/>
    <tag k="bridge" v="yes"/>
    <tag k="highway" v="tertiary"/>
    <tag k="lane_markings" v="no"/>
    <tag k="layer" v="1"/>
    <tag k="lit" v="yes"/>
    <tag k="maxspeed" v="50"/>
    <tag k="maxweight:signed" v="no"/>
    <tag k="name" v="Čechův most"/>
    <tag k="name:cs" v="Čechův most"/>
    <tag k="name:cy" v="Pont Tsiechwf (Čechův)"/>
    <tag k="name:ru" v="Чехов мост"/>
    <tag k="oneway" v="yes"/>
    <tag k="sidewalk:left" v="no"/>
    <tag k="sidewalk:right" v="separate"/>
    <tag k="surface" v="sett"/>
  </way>
  <way id="904148547">
    <nd ref="8397083428"/>
    <nd ref="8397083437"/>
    <nd ref="8397051775"/>
    <nd ref="8397051785"/>
    <nd ref="8397051776"/>
    <nd ref="8397051777"/>
    <tag k="bicycle" v="designated"/>
    <tag k="bridge" v="yes"/>
    <tag k="highway" v="tertiary_link"/>
    <tag k="lanes" v="1"/>
    <tag k="layer" v="1"/>
    <tag k="lit" v="yes"/>
    <tag k="maxspeed" v="50"/>
    <tag k="maxweight:signed" v="no"/>
    <tag k="motor_vehicle" v="designated"/>
    <tag k="oneway" v="yes"/>
    <tag k="sidewalk:left" v="no"/>
    <tag k="sidewalk:right" v="separate"/>
    <tag k="smoothness" v="bad"/>
    <tag k="surface" v="sett"/>
  </way>
  <way id="904197377">
    <nd ref="8397507428"/>
    <nd ref="8397507429"/>
    <nd ref="4691199625"/>
    <nd ref="8397051777"/>
    <tag k="bridge" v="yes"/>
    <tag k="foot" v="no"/>
    <tag k="highway" v="tertiary"/>
    <tag k="lane_markings" v="no"/>
    <tag k="layer" v="1"/>
    <tag k="lit" v="yes"/>
    <tag k="maxspeed" v="50"/>
    <tag k="maxweight:signed" v="no"/>
    <tag k="name" v="Čechův most"/>
    <tag k="name:cs" v="Čechův most"/>
    <tag k="name:etymology:wikidata" v="Q745363"/>
    <tag k="name:ru" v="Чехов мост"/>
    <tag k="oneway" v="yes"/>
    <tag k="sidewalk" v="no"/>
    <tag k="smoothness" v="bad"/>
    <tag k="surface" v="sett"/>
  </way>
  <way id="904197385">
    <nd ref="8397512759"/>
    <nd ref="12287495451"/>
    <nd ref="8397083440"/>
    <tag k="cycleway:right" v="shared_lane"/>
    <tag k="cycleway:right:lane" v="pictogram"/>
    <tag k="foot" v="no"/>
    <tag k="highway" v="secondary"/>
    <tag k="lanes" v="1"/>
    <tag k="lit" v="yes"/>
    <tag k="maxspeed" v="50"/>
    <tag k="name" v="nábřeží Edvarda Beneše"/>
    <tag k="name:etymology:wikidata" v="Q152274"/>
    <tag k="oneway" v="yes"/>
    <tag k="parking:both" v="no"/>
    <tag k="sidewalk" v="no"/>
    <tag k="smoothness" v="excellent"/>
    <tag k="sorting_name" v="Edvarda Beneše"/>
    <tag k="source:maxspeed" v="CZ:urban"/>
    <tag k="surface" v="asphalt"/>
    <tag k="wikidata" v="Q43396282"/>
    <tag k="wikimedia_commons" v="Category:Nábřeží Edvarda Beneše"/>
    <tag k="wikipedia" v="cs:Nábřeží Edvarda Beneše"/>
  </way>
  <way id="904197386">
    <nd ref="8397512720"/>
    <nd ref="246515766"/>
    <nd ref="8397550947"/>
    <nd ref="8397550948"/>
    <nd ref="4169136119"/>
    <nd ref="8397550949"/>
    <nd ref="8398007326"/>
    <nd ref="9216521392"/>
    <nd ref="1016303741"/>
    <tag k="destination" v="Revoluční"/>
    <tag k="highway" v="secondary"/>
    <tag k="lanes" v="1"/>
    <tag k="lit" v="yes"/>
    <tag k="maxspeed" v="50"/>
    <tag k="name" v="nábřeží Edvarda Beneše"/>
    <tag k="name:etymology:wikidata" v="Q152274"/>
    <tag k="oneway" v="yes"/>
    <tag k="sidewalk:left" v="no"/>
    <tag k="sidewalk:right" v="separate"/>
    <tag k="smoothness" v="excellent"/>
    <tag k="sorting_name" v="Edvarda Beneše"/>
    <tag k="source:maxspeed" v="CZ:urban"/>
    <tag k="surface" v="asphalt"/>
    <tag k="width" v="3"/>
    <tag k="wikidata" v="Q43396282"/>
    <tag k="wikimedia_commons" v="Category:Nábřeží Edvarda Beneše"/>
    <tag k="wikipedia" v="cs:Nábřeží Edvarda Beneše"/>
  </way>
  <way id="904197387">
    <nd ref="8397051789"/>
    <nd ref="9216521391"/>
    <nd ref="12312636284"/>
    <nd ref="8397550989"/>
    <nd ref="309292594"/>
    <nd ref="12312636259"/>
    <nd ref="12312636283"/>
    <nd ref="4691199669"/>
    <tag k="cycleway:right" v="soft_lane"/>
    <tag k="highway" v="secondary"/>
    <tag k="lanes" v="1"/>
    <tag k="lit" v="yes"/>
    <tag k="maxspeed" v="50"/>
    <tag k="name" v="nábřeží Edvarda Beneše"/>
    <tag k="name:etymology:wikidata" v="Q152274"/>
    <tag k="oneway" v="yes"/>
    <tag k="parking:both" v="no"/>
    <tag k="sorting_name" v="Edvarda Beneše"/>
    <tag k="source:maxspeed" v="CZ:urban"/>
    <tag k="surface" v="asphalt"/>
    <tag k="wikidata" v="Q43396282"/>
    <tag k="wikimedia_commons" v="Category:Nábřeží Edvarda Beneše"/>
    <tag k="wikipedia" v="cs:Nábřeží Edvarda Beneše"/>
  </way>
  <way id="904197388">
    <nd ref="4691199559"/>
    <nd ref="8397083479"/>
    <nd ref="4691199560"/>
    <nd ref="8397083481"/>
    <nd ref="8397083485"/>
    <nd ref="8397083444"/>
    <nd ref="4691199671"/>
    <tag k="highway" v="tertiary"/>
    <tag k="lanes" v="1"/>
    <tag k="lit" v="yes"/>
    <tag k="maxspeed" v="50"/>
    <tag k="name" v="nábřeží Edvarda Beneše"/>
    <tag k="name:etymology:wikidata" v="Q152274"/>
    <tag k="oneway" v="yes"/>
    <tag k="sidewalk:left" v="no"/>
    <tag k="sidewalk:right" v="separate"/>
    <tag k="surface" v="sett"/>
  </way>
  <way id="904208888">
    <nd ref="6490559355"/>
    <nd ref="8397651541"/>
    <nd ref="8397651542"/>
    <nd ref="4691199555"/>
    <nd ref="8397651543"/>
    <nd ref="1289267289"/>
    <tag k="cycleway:left" v="no"/>
    <tag k="embedded_rails" v="tram"/>
    <tag k="highway" v="residential"/>
    <tag k="lanes" v="2"/>
    <tag k="lit" v="yes"/>
    <tag k="maxspeed:type" v="CZ:urban"/>
    <tag k="name" v="náměstí Curieových"/>
    <tag k="name:etymology:wikidata" v="Q11297474"/>
    <tag k="name:ru" v="площадь Кюри"/>
    <tag k="oneway" v="yes"/>
    <tag k="oneway:psv" v="no"/>
    <tag k="short_name" v="nám. Curieových"/>
    <tag k="sidewalk" v="separate"/>
    <tag k="smoothness" v="excellent"/>
    <tag k="sorting_name" v="Curieových"/>
    <tag k="surface" v="asphalt"/>
  </way>
  <way id="904208889">
    <nd ref="8397651552"/>
    <nd ref="8398062857"/>
    <tag k="embedded_rails" v="tram"/>
    <tag k="highway" v="residential"/>
    <tag k="lanes" v="2"/>
    <tag k="lit" v="yes"/>
    <tag k="maxspeed:type" v="CZ:urban"/>
    <tag k="name" v="náměstí Curieových"/>
    <tag k="name:etymology:wikidata" v="Q11297474"/>
    <tag k="name:ru" v="площадь Кюри"/>
    <tag k="oneway" v="yes"/>
    <tag k="oneway:psv" v="no"/>
    <tag k="short_name" v="nám. Curieových"/>
    <tag k="sidewalk" v="separate"/>
    <tag k="smoothness" v="excellent"/>
    <tag k="sorting_name" v="Curieových"/>
    <tag k="surface" v="asphalt"/>
  </way>
  <way id="904208892">
    <nd ref="331954584"/>
    <nd ref="8397651556"/>
    <nd ref="6490559355"/>
    <tag k="cycleway:both" v="no"/>
    <tag k="embedded_rails" v="tram"/>
    <tag k="highway" v="residential"/>
    <tag k="lanes" v="3"/>
    <tag k="lanes:backward" v="2"/>
    <tag k="lanes:forward" v="1"/>
    <tag k="lit" v="yes"/>
    <tag k="maxspeed:type" v="CZ:urban"/>
    <tag k="name" v="17. listopadu"/>
    <tag k="name:be" v="вуліца 17 лістапада"/>
    <tag k="name:etymology:wikidata" v="Q15054219"/>
    <tag k="name:ru" v="улица 17 ноября"/>
    <tag k="overtaking" v="no"/>
    <tag k="sidewalk" v="separate"/>
    <tag k="surface" v="asphalt"/>
    <tag k="wikidata" v="Q19264027"/>
  </way>
  <way id="904256663">
    <nd ref="1016303741"/>
    <nd ref="4169136138"/>
    <nd ref="8408926638"/>
    <tag k="destination" v="Revoluční"/>
    <tag k="highway" v="secondary"/>
    <tag k="lanes" v="1"/>
    <tag k="lit" v="yes"/>
    <tag k="maxspeed" v="50"/>
    <tag k="name" v="nábřeží Edvarda Beneše"/>
    <tag k="name:etymology:wikidata" v="Q152274"/>
    <tag k="oneway" v="yes"/>
    <tag k="sorting_name" v="Edvarda Beneše"/>
    <tag k="source:maxspeed" v="CZ:urban"/>
    <tag k="surface" v="sett"/>
    <tag k="wikidata" v="Q43396282"/>
    <tag k="wikimedia_commons" v="Category:Nábřeží Edvarda Beneše"/>
    <tag k="wikipedia" v="cs:Nábřeží Edvarda Beneše"/>
  </way>
  <way id="904266277">
    <nd ref="8398062857"/>
    <nd ref="4692949902"/>
    <tag k="bus" v="no"/>
    <tag k="carriage" v="no"/>
    <tag k="cycleway:both" v="no"/>
    <tag k="embedded_rails" v="tram"/>
    <tag k="highway" v="tertiary"/>
    <tag k="lanes" v="2"/>
    <tag k="lit" v="yes"/>
    <tag k="maxspeed" v="50"/>
    <tag k="maxspeed:type" v="CZ:urban"/>
    <tag k="maxweight" v="3.5"/>
    <tag k="name" v="Čechův most"/>
    <tag k="name:cs" v="Čechův most"/>
    <tag k="name:etymology:wikidata" v="Q745363"/>
    <tag k="oneway" v="yes"/>
    <tag k="railway:lanes" v="tram|no"/>
    <tag k="sidewalk" v="separate"/>
    <tag k="smoothness" v="excellent"/>
    <tag k="surface" v="asphalt"/>
    <tag k="vehicle:lanes" v="no|yes"/>
  </way>
  <way id="904266278">
    <nd ref="8398062855"/>
    <nd ref="6490559353"/>
    <tag k="cycleway:both" v="no"/>
    <tag k="embedded_rails" v="tram"/>
    <tag k="highway" v="tertiary"/>
    <tag k="lanes" v="2"/>
    <tag k="lit" v="yes"/>
    <tag k="maxspeed" v="50"/>
    <tag k="maxspeed:type" v="CZ:urban"/>
    <tag k="name" v="Čechův most"/>
    <tag k="name:cs" v="Čechův most"/>
    <tag k="name:etymology:wikidata" v="Q745363"/>
    <tag k="name:ru" v="Чехов мост"/>
    <tag k="oneway" v="yes"/>
    <tag k="sidewalk:both" v="separate"/>
    <tag k="smoothness" v="excellent"/>
    <tag k="surface" v="asphalt"/>
    <tag k="turn:lanes" v="left|right"/>
  </way>
  <way id="904266285">
    <nd ref="8398062857"/>
    <nd ref="6490559354"/>
    <nd ref="8398062853"/>
    <nd ref="6490559353"/>
    <tag k="cycleway:both" v="no"/>
    <tag k="highway" v="tertiary"/>
    <tag k="lane_markings" v="no"/>
    <tag k="lit" v="yes"/>
    <tag k="maxspeed:type" v="CZ:urban"/>
    <tag k="name" v="Dvořákovo nábřeží"/>
    <tag k="name:etymology:wikidata" v="Q7298"/>
    <tag k="name:ru" v="набережная Дворжака"/>
    <tag k="sidewalk" v="no"/>
    <tag k="smoothness" v="intermediate"/>
    <tag k="surface" v="sett"/>
    <tag k="wikidata" v="Q24052087"/>
  </way>
  <way id="904266287">
    <nd ref="8397083465"/>
    <nd ref="12312636299"/>
    <nd ref="8397083507"/>
    <nd ref="8397507435"/>
    <nd ref="8397507428"/>
    <tag k="cycleway:right" v="no"/>
    <tag k="foot" v="no"/>
    <tag k="highway" v="tertiary"/>
    <tag k="lane_markings" v="no"/>
    <tag k="lit" v="yes"/>
    <tag k="maxspeed" v="50"/>
    <tag k="name" v="nábřeží Edvarda Beneše"/>
    <tag k="name:etymology:wikidata" v="Q152274"/>
    <tag k="oneway" v="yes"/>
    <tag k="sidewalk" v="no"/>
    <tag k="smoothness" v="bad"/>
    <tag k="surface" v="sett"/>
    <tag k="wikidata" v="Q43396282"/>
    <tag k="wikimedia_commons" v="Category:Nábřeží Edvarda Beneše"/>
    <tag k="wikipedia" v="cs:Nábřeží Edvarda Beneše"/>
  </way>
  <way id="904266288">
    <nd ref="8397083439"/>
    <nd ref="4691199564"/>
    <nd ref="8397083465"/>
    <tag k="embedded_rails" v="tram"/>
    <tag k="embedded_rails:lanes" v="tram|"/>
    <tag k="foot" v="no"/>
    <tag k="highway" v="secondary"/>
    <tag k="lanes" v="1"/>
    <tag k="lit" v="yes"/>
    <tag k="maxspeed" v="50"/>
    <tag k="name" v="nábřeží Edvarda Beneše"/>
    <tag k="name:etymology:wikidata" v="Q152274"/>
    <tag k="oneway" v="yes"/>
    <tag k="sidewalk:left" v="no"/>
    <tag k="sidewalk:right" v="separate"/>
    <tag k="smoothness" v="excellent"/>
    <tag k="sorting_name" v="Edvarda Beneše"/>
    <tag k="source:maxspeed" v="CZ:urban"/>
    <tag k="surface" v="asphalt"/>
    <tag k="wikidata" v="Q43396282"/>
    <tag k="wikimedia_commons" v="Category:Nábřeží Edvarda Beneše"/>
    <tag k="wikipedia" v="cs:Nábřeží Edvarda Beneše"/>
  </way>
  <way id="904493870">
    <nd ref="8400150272"/>
    <nd ref="303442996"/>
    <tag k="cycleway:right" v="no"/>
    <tag k="embedded_rails" v="tram"/>
    <tag k="highway" v="residential"/>
    <tag k="lanes" v="1"/>
    <tag k="lit" v="yes"/>
    <tag k="maxspeed" v="50"/>
    <tag k="name" v="Letenská"/>
    <tag k="name:etymology:wikidata" v="Q1126206"/>
    <tag k="oneway" v="yes"/>
    <tag k="oneway:railway" v="no"/>
    <tag k="sidewalk:both" v="separate"/>
    <tag k="source:maxspeed" v="CZ:urban"/>
    <tag k="surface" v="sett"/>
    <tag k="wikidata" v="Q43388703"/>
    <tag k="wikimedia_commons" v="Category:Letenská (Prague)"/>
    <tag k="wikipedia" v="cs:Letenská"/>
  </way>
  <way id="904503229">
    <nd ref="25673205"/>
    <nd ref="8399943154"/>
    <tag k="embedded_rails" v="tram"/>
    <tag k="highway" v="tertiary"/>
    <tag k="lanes" v="1"/>
    <tag k="lit" v="yes"/>
    <tag k="maxspeed" v="50"/>
    <tag k="name" v="Letenská"/>
    <tag k="name:etymology:wikidata" v="Q1126206"/>
    <tag k="oneway" v="yes"/>
    <tag k="oneway:psv" v="no"/>
    <tag k="sidewalk:both" v="separate"/>
    <tag k="smoothness" v="good"/>
    <tag k="source:maxspeed" v="CZ:urban"/>
    <tag k="surface" v="sett"/>
    <tag k="wikidata" v="Q43388703"/>
    <tag k="wikimedia_commons" v="Category:Letenská (Prague)"/>
    <tag k="wikipedia" v="cs:Letenská"/>
  </way>
  <way id="905032154">
    <nd ref="8397083462"/>
    <nd ref="8397083500"/>
    <tag k="bridge" v="yes"/>
    <tag k="highway" v="tertiary"/>
    <tag k="lane_markings" v="no"/>
    <tag k="lanes" v="2"/>
    <tag k="layer" v="1"/>
    <tag k="lit" v="yes"/>
    <tag k="maxspeed" v="50"/>
    <tag k="maxweight:signed" v="no"/>
    <tag k="name" v="Čechův most"/>
    <tag k="name:cs" v="Čechův most"/>
    <tag k="name:etymology:wikidata" v="Q745363"/>
    <tag k="oneway" v="yes"/>
    <tag k="sidewalk:left" v="no"/>
    <tag k="sidewalk:right" v="separate"/>
    <tag k="surface" v="sett"/>
    <tag k="turn:lanes" v="left|right"/>
  </way>
  <way id="905049988">
    <nd ref="335796480"/>
    <nd ref="8404987896"/>
    <nd ref="8404987893"/>
    <nd ref="8404987894"/>
    <tag k="highway" v="residential"/>
    <tag k="lanes" v="2"/>
    <tag k="maxspeed" v="50"/>
    <tag k="name" v="Řásnovka"/>
    <tag k="name:de" v="Schneckengasse"/>
    <tag k="sidewalk:both" v="separate"/>
    <tag k="source:maxspeed" v="CZ:urban"/>
    <tag k="surface" v="sett"/>
    <tag k="wikidata" v="Q29966189"/>
  </way>
  <way id="905438637">
    <nd ref="4693347240"/>
    <nd ref="4693347241"/>
    <tag k="cycleway:both" v="no"/>
    <tag k="highway" v="tertiary"/>
    <tag k="lane_markings" v="no"/>
    <tag k="lit" v="yes"/>
    <tag k="maxspeed" v="50"/>
    <tag k="name" v="Revoluční"/>
    <tag k="name:cs" v="Revoluční"/>
    <tag k="name:ru" v="Революционная улица"/>
    <tag k="sidewalk" v="no"/>
    <tag k="source:maxspeed" v="CZ:urban"/>
    <tag k="surface" v="asphalt"/>
    <tag k="turn:lanes:backward" v="left;through"/>
  </way>
  <way id="905438641">
    <nd ref="4073149377"/>
    <nd ref="8408461259"/>
    <nd ref="8408926640"/>
    <nd ref="12287495438"/>
    <nd ref="8398007318"/>
    <tag k="bicycle" v="no"/>
    <tag k="cycleway:right" v="no"/>
    <tag k="foot" v="no"/>
    <tag k="highway" v="secondary"/>
    <tag k="lanes" v="1"/>
    <tag k="lit" v="no"/>
    <tag k="maxspeed" v="50"/>
    <tag k="name" v="Letenský tunel"/>
    <tag k="name:etymology:wikidata" v="Q1126206"/>
    <tag k="oneway" v="yes"/>
    <tag k="overtaking" v="no"/>
    <tag k="parking:both" v="no"/>
    <tag k="sidewalk" v="no"/>
    <tag k="source" v="cuzk:km"/>
    <tag k="source:maxspeed" v="CZ:urban"/>
    <tag k="surface" v="asphalt"/>
    <tag k="wikidata" v="Q12033108"/>
    <tag k="wikipedia" v="cs:Letenský tunel"/>
  </way>
  <way id="905468488">
    <nd ref="8278444951"/>
    <nd ref="8408788621"/>
    <nd ref="8408788620"/>
    <nd ref="4751509317"/>
    <tag k="highway" v="living_street"/>
    <tag k="lit" v="yes"/>
    <tag k="maxspeed" v="20"/>
    <tag k="name" v="náměstí Republiky"/>
    <tag k="name:cs" v="náměstí Republiky"/>
    <tag k="name:de" v="Platz der Republik"/>
    <tag k="name:en" v="Republic Square"/>
    <tag k="name:nl" v="Plein van de Republiek"/>
    <tag k="name:ru" v="Площадь Республики"/>
    <tag k="oneway" v="yes"/>
    <tag k="source:maxspeed" v="CZ:living_street"/>
    <tag k="surface" v="sett"/>
  </way>
  <way id="905468491">
    <nd ref="8409236814"/>
    <nd ref="8408788632"/>
    <nd ref="8728349495"/>
    <nd ref="8408788633"/>
    <nd ref="8695094434"/>
    <nd ref="8408788635"/>
    <nd ref="8408788634"/>
    <tag k="highway" v="residential"/>
    <tag k="lanes" v="1"/>
    <tag k="lit" v="yes"/>
    <tag k="maxspeed" v="50"/>
    <tag k="name" v="Revoluční"/>
    <tag k="oneway" v="yes"/>
    <tag k="parking:both" v="no"/>
    <tag k="sidewalk:left" v="no"/>
    <tag k="sidewalk:right" v="separate"/>
    <tag k="smoothness" v="excellent"/>
    <tag k="surface" v="asphalt"/>
    <tag k="width" v="3"/>
  </way>
  <way id="905468492">
    <nd ref="8408788634"/>
    <nd ref="4693347230"/>
    <tag k="highway" v="residential"/>
    <tag k="lane_markings" v="no"/>
    <tag k="lit" v="yes"/>
    <tag k="maxspeed:type" v="CZ:urban"/>
    <tag k="name" v="Soukenická"/>
    <tag k="name:etymology:wikidata" v="Q47012164"/>
    <tag k="smoothness" v="good"/>
    <tag k="source:name" v="nameit/uir-adr"/>
    <tag k="surface" v="asphalt"/>
  </way>
  <way id="905468493">
    <nd ref="8408788631"/>
    <nd ref="1251663093"/>
    <tag k="cycleway:both" v="no"/>
    <tag k="highway" v="residential"/>
    <tag k="lanes" v="3"/>
    <tag k="lanes:backward" v="2"/>
    <tag k="lanes:forward" v="1"/>
    <tag k="lit" v="yes"/>
    <tag k="maxspeed" v="50"/>
    <tag k="motor_vehicle:conditional" v="destination @ (22:00-06:00)"/>
    <tag k="name" v="Dlouhá"/>
    <tag k="name:de" v="Lange Gasse"/>
    <tag k="name:etymology:wikidata" v="Q113171416"/>
    <tag k="name:ru" v="Длинная улица"/>
    <tag k="parking:both" v="no"/>
    <tag k="psv" v="yes"/>
    <tag k="sidewalk" v="both"/>
    <tag k="smoothness" v="excellent"/>
    <tag k="surface" v="asphalt"/>
    <tag k="turn:lanes:backward" v="left|right"/>
    <tag k="wikidata" v="Q11812534"/>
    <tag k="wikipedia" v="cs:Dlouhá (Praha)"/>
  </way>
  <way id="905468494">
    <nd ref="8408788639"/>
    <nd ref="8408788647"/>
    <nd ref="8718996475"/>
    <nd ref="8408788638"/>
    <nd ref="8408788637"/>
    <tag k="highway" v="residential"/>
    <tag k="lanes" v="1"/>
    <tag k="lit" v="yes"/>
    <tag k="maxspeed" v="50"/>
    <tag k="maxspeed:type" v="CZ:urban"/>
    <tag k="name" v="Revoluční"/>
    <tag k="oneway" v="yes"/>
    <tag k="parking:both" v="no"/>
    <tag k="sidewalk:left" v="no"/>
    <tag k="sidewalk:right" v="separate"/>
    <tag k="smoothness" v="intermediate"/>
    <tag k="surface" v="sett"/>
    <tag k="width" v="2.5"/>
  </way>
  <way id="905468495">
    <nd ref="8408788634"/>
    <nd ref="8408788648"/>
    <nd ref="8408788636"/>
    <nd ref="8408788639"/>
    <tag k="highway" v="residential"/>
    <tag k="lanes" v="1"/>
    <tag k="lit" v="yes"/>
    <tag k="maxspeed" v="50"/>
    <tag k="name" v="Revoluční"/>
    <tag k="oneway" v="yes"/>
    <tag k="parking:both" v="no"/>
    <tag k="sidewalk:left" v="no"/>
    <tag k="sidewalk:right" v="separate"/>
    <tag k="surface" v="asphalt"/>
  </way>
  <way id="905468496">
    <nd ref="1251663070"/>
    <nd ref="8408788643"/>
    <nd ref="8408788644"/>
    <nd ref="8408788639"/>
    <tag k="cycleway:both" v="no"/>
    <tag k="highway" v="residential"/>
    <tag k="lane_markings" v="no"/>
    <tag k="maxspeed:type" v="CZ:urban"/>
    <tag k="name" v="Klimentská"/>
    <tag k="name:de" v="Clemensgasse"/>
    <tag k="oneway" v="yes"/>
    <tag k="sidewalk:both" v="separate"/>
    <tag k="surface" v="asphalt"/>
  </way>
  <way id="905468498">
    <nd ref="4693347231"/>
    <nd ref="13725982506"/>
    <nd ref="8408788631"/>
    <tag k="highway" v="residential"/>
    <tag k="lanes" v="3"/>
    <tag k="lanes:backward" v="2"/>
    <tag k="lanes:forward" v="1"/>
    <tag k="lit" v="yes"/>
    <tag k="maxspeed" v="50"/>
    <tag k="name" v="U Prašného mostu"/>
    <tag k="sidewalk" v="both"/>
    <tag k="smoothness" v="good"/>
    <tag k="surface" v="asphalt"/>
    <tag k="turn:lanes:backward" v="left|right"/>
  </way>
  <way id="905468500">
    <nd ref="4751509318"/>
    <nd ref="8408788625"/>
    <nd ref="8408788626"/>
    <tag k="highway" v="living_street"/>
    <tag k="lit" v="yes"/>
    <tag k="maxspeed" v="20"/>
    <tag k="name" v="náměstí Republiky"/>
    <tag k="name:cs" v="náměstí Republiky"/>
    <tag k="name:de" v="Platz der Republik"/>
    <tag k="name:en" v="Republic Square"/>
    <tag k="name:nl" v="Plein van de Republiek"/>
    <tag k="name:ru" v="Площадь Республики"/>
    <tag k="oneway" v="yes"/>
    <tag k="source:maxspeed" v="CZ:living_street"/>
    <tag k="surface" v="sett"/>
  </way>
  <way id="905486577">
    <nd ref="4693347241"/>
    <nd ref="8408788637"/>
    <tag k="highway" v="tertiary"/>
    <tag k="lane_markings" v="no"/>
    <tag k="maxspeed" v="50"/>
    <tag k="name" v="Revoluční"/>
    <tag k="name:cs" v="Revoluční"/>
    <tag k="name:ru" v="Революционная улица"/>
    <tag k="source:maxspeed" v="CZ:urban"/>
    <tag k="surface" v="asphalt"/>
    <tag k="turn:lanes:backward" v="left;through"/>
  </way>
  <way id="905486579">
    <nd ref="1238413439"/>
    <nd ref="8408788646"/>
    <tag k="highway" v="residential"/>
    <tag k="lanes" v="2"/>
    <tag k="maxspeed" v="50"/>
    <tag k="maxweight" v="3.5"/>
    <tag k="name" v="Řásnovka"/>
    <tag k="name:de" v="Schneckengasse"/>
    <tag k="sidewalk" v="separate"/>
    <tag k="source:maxspeed" v="CZ:urban"/>
    <tag k="surface" v="asphalt"/>
    <tag k="turn:lanes:forward" v="right"/>
    <tag k="wikidata" v="Q29966189"/>
  </way>
  <way id="905486581">
    <nd ref="8408926635"/>
    <nd ref="8718996477"/>
    <nd ref="8718996479"/>
    <nd ref="8408788646"/>
    <tag k="highway" v="tertiary"/>
    <tag k="lanes" v="2"/>
    <tag k="lit" v="yes"/>
    <tag k="maxspeed" v="50"/>
    <tag k="maxspeed:type" v="CZ:urban"/>
    <tag k="name" v="Štefánikův most"/>
    <tag k="name:ru" v="Штефаников мост"/>
    <tag k="oneway" v="yes"/>
    <tag k="sidewalk:left" v="no"/>
    <tag k="sidewalk:right" v="separate"/>
    <tag k="smoothness" v="good"/>
    <tag k="surface" v="asphalt"/>
    <tag k="turn:lanes" v="left|through;right"/>
    <tag k="wikidata" v="Q10419743"/>
    <tag k="wikipedia" v="cs:Štefánikův most"/>
  </way>
  <way id="905486582">
    <nd ref="8408788646"/>
    <nd ref="4693347240"/>
    <tag k="cycleway:both" v="no"/>
    <tag k="highway" v="tertiary"/>
    <tag k="lane_markings" v="no"/>
    <tag k="maxspeed" v="50"/>
    <tag k="name" v="Revoluční"/>
    <tag k="sidewalk" v="no"/>
    <tag k="source:maxspeed" v="CZ:urban"/>
    <tag k="surface" v="asphalt"/>
    <tag k="turn:lanes:forward" v="right"/>
  </way>
  <way id="905486584">
    <nd ref="8408926644"/>
    <nd ref="8409341791"/>
    <tag k="bridge" v="yes"/>
    <tag k="cycleway:right" v="lane"/>
    <tag k="cycleway:right:lane" v="exclusive"/>
    <tag k="electrified" v="contact_line"/>
    <tag k="highway" v="tertiary"/>
    <tag k="lanes" v="1"/>
    <tag k="layer" v="1"/>
    <tag k="lit" v="yes"/>
    <tag k="maxspeed" v="50"/>
    <tag k="maxspeed:type" v="CZ:urban"/>
    <tag k="maxweight:signed" v="no"/>
    <tag k="name" v="Štefánikův most"/>
    <tag k="name:cy" v="Pont Siteffanikwf (Štefánikův)"/>
    <tag k="name:ru" v="Штефаников мост"/>
    <tag k="oneway" v="yes"/>
    <tag k="parking:both" v="no"/>
    <tag k="sidewalk:left" v="no"/>
    <tag k="sidewalk:right" v="separate"/>
    <tag k="smoothness" v="excellent"/>
    <tag k="surface" v="asphalt"/>
    <tag k="wikidata" v="Q10419743"/>
    <tag k="wikipedia" v="cs:Štefánikův most"/>
  </way>
  <way id="905486585">
    <nd ref="8408788637"/>
    <nd ref="8408926633"/>
    <tag k="highway" v="tertiary_link"/>
    <tag k="lanes" v="1"/>
    <tag k="lit" v="yes"/>
    <tag k="maxspeed" v="50"/>
    <tag k="maxspeed:type" v="CZ:urban"/>
    <tag k="name" v="Štefánikův most"/>
    <tag k="name:ru" v="Штефаников мост"/>
    <tag k="oneway" v="yes"/>
    <tag k="sidewalk" v="separate"/>
    <tag k="surface" v="asphalt"/>
    <tag k="wikidata" v="Q10419743"/>
    <tag k="wikipedia" v="cs:Štefánikův most"/>
  </way>
  <way id="905486589">
    <nd ref="8408926656"/>
    <nd ref="4169136152"/>
    <nd ref="8408926655"/>
    <nd ref="8408926651"/>
    <tag k="bicycle" v="no"/>
    <tag k="cycleway:right" v="no"/>
    <tag k="foot" v="no"/>
    <tag k="highway" v="secondary"/>
    <tag k="lanes" v="1"/>
    <tag k="lit" v="yes"/>
    <tag k="maxspeed" v="50"/>
    <tag k="maxspeed:type" v="CZ:urban"/>
    <tag k="name" v="nábřeží Edvarda Beneše"/>
    <tag k="name:etymology:wikidata" v="Q152274"/>
    <tag k="oneway" v="yes"/>
    <tag k="parking:both" v="no"/>
    <tag k="sidewalk" v="no"/>
    <tag k="surface" v="sett"/>
  </way>
  <way id="905486590">
    <nd ref="8408926651"/>
    <nd ref="8408926653"/>
    <nd ref="8408926650"/>
    <nd ref="4073149377"/>
    <tag k="bicycle" v="no"/>
    <tag k="cycleway:right" v="no"/>
    <tag k="foot" v="no"/>
    <tag k="highway" v="secondary"/>
    <tag k="lanes" v="1"/>
    <tag k="lit" v="no"/>
    <tag k="maxspeed" v="50"/>
    <tag k="name" v="Letenský tunel"/>
    <tag k="name:etymology:wikidata" v="Q1126206"/>
    <tag k="oneway" v="yes"/>
    <tag k="overtaking" v="no"/>
    <tag k="parking:both" v="no"/>
    <tag k="sidewalk" v="no"/>
    <tag k="source" v="cuzk:km"/>
    <tag k="source:maxspeed" v="CZ:urban"/>
    <tag k="surface" v="asphalt"/>
    <tag k="wikidata" v="Q12033108"/>
    <tag k="wikipedia" v="cs:Letenský tunel"/>
  </way>
  <way id="905486591">
    <nd ref="8408926651"/>
    <nd ref="8398007318"/>
    <tag k="cycleway:right" v="no"/>
    <tag k="foot" v="no"/>
    <tag k="highway" v="secondary"/>
    <tag k="lanes" v="2"/>
    <tag k="lit" v="yes"/>
    <tag k="maxspeed" v="50"/>
    <tag k="name" v="nábřeží Kapitána Jaroše"/>
    <tag k="name:etymology:wikidata" v="Q156070"/>
    <tag k="oneway" v="yes"/>
    <tag k="parking:both" v="no"/>
    <tag k="sidewalk" v="no"/>
    <tag k="sorting_name" v="Kapitána Jaroše"/>
    <tag k="source:maxspeed" v="CZ:urban"/>
    <tag k="surface" v="asphalt"/>
  </way>
  <way id="905486592">
    <nd ref="8408926638"/>
    <nd ref="4169136141"/>
    <tag k="cycleway:right" v="no"/>
    <tag k="foot" v="no"/>
    <tag k="highway" v="secondary"/>
    <tag k="lanes" v="1"/>
    <tag k="lit" v="yes"/>
    <tag k="maxspeed" v="50"/>
    <tag k="name" v="nábřeží Kapitána Jaroše"/>
    <tag k="name:etymology:wikidata" v="Q156070"/>
    <tag k="oneway" v="yes"/>
    <tag k="sidewalk" v="no"/>
    <tag k="sorting_name" v="Kapitána Jaroše"/>
    <tag k="source:maxspeed" v="CZ:urban"/>
    <tag k="surface" v="sett"/>
  </way>
  <way id="905525693">
    <nd ref="8408788637"/>
    <nd ref="1238413444"/>
    <tag k="highway" v="tertiary"/>
    <tag k="lanes" v="2"/>
    <tag k="maxspeed" v="50"/>
    <tag k="name" v="Lannova"/>
    <tag k="sidewalk" v="separate"/>
    <tag k="source:maxspeed" v="CZ:urban"/>
    <tag k="surface" v="asphalt"/>
    <tag k="turn:lanes:backward" v="left;through"/>
  </way>
  <way id="905525694">
    <nd ref="3426533361"/>
    <nd ref="8408926630"/>
    <nd ref="8718996476"/>
    <nd ref="1238413439"/>
    <tag k="cycleway:both" v="no"/>
    <tag k="highway" v="residential"/>
    <tag k="lanes" v="2"/>
    <tag k="maxspeed" v="50"/>
    <tag k="maxweight" v="3.5"/>
    <tag k="name" v="Řásnovka"/>
    <tag k="name:de" v="Schneckengasse"/>
    <tag k="sidewalk" v="separate"/>
    <tag k="source:maxspeed" v="CZ:urban"/>
    <tag k="surface" v="sett"/>
    <tag k="turn:lanes:forward" v="right"/>
    <tag k="wikidata" v="Q29966189"/>
  </way>
  <way id="905525695">
    <nd ref="8408926633"/>
    <nd ref="8408926644"/>
    <tag k="cycleway:right" v="lane"/>
    <tag k="cycleway:right:lane" v="exclusive"/>
    <tag k="electrified" v="contact_line"/>
    <tag k="highway" v="tertiary"/>
    <tag k="lanes" v="1"/>
    <tag k="lit" v="yes"/>
    <tag k="maxspeed" v="50"/>
    <tag k="maxspeed:type" v="CZ:urban"/>
    <tag k="name" v="Štefánikův most"/>
    <tag k="name:ru" v="Штефаников мост"/>
    <tag k="oneway" v="yes"/>
    <tag k="sidewalk:left" v="no"/>
    <tag k="sidewalk:right" v="separate"/>
    <tag k="surface" v="asphalt"/>
    <tag k="wikidata" v="Q10419743"/>
    <tag k="wikipedia" v="cs:Štefánikův most"/>
  </way>
  <way id="905525702">
    <nd ref="8408788626"/>
    <nd ref="8278444951"/>
    <tag k="highway" v="living_street"/>
    <tag k="lit" v="yes"/>
    <tag k="maxspeed" v="20"/>
    <tag k="name" v="náměstí Republiky"/>
    <tag k="name:cs" v="náměstí Republiky"/>
    <tag k="name:de" v="Platz der Republik"/>
    <tag k="name:en" v="Republic Square"/>
    <tag k="name:nl" v="Plein van de Republiek"/>
    <tag k="name:ru" v="Площадь Республики"/>
    <tag k="oneway" v="yes"/>
    <tag k="source:maxspeed" v="CZ:living_street"/>
    <tag k="surface" v="sett"/>
  </way>
  <way id="905525704">
    <nd ref="798225575"/>
    <nd ref="8409236814"/>
    <tag k="highway" v="residential"/>
    <tag k="lanes" v="1"/>
    <tag k="maxspeed" v="50"/>
    <tag k="name" v="Revoluční"/>
    <tag k="oneway" v="yes"/>
    <tag k="sidewalk:left" v="no"/>
    <tag k="sidewalk:right" v="separate"/>
    <tag k="surface" v="asphalt"/>
  </way>
  <way id="905525705">
    <nd ref="4169136147"/>
    <nd ref="8408926656"/>
    <tag k="cycleway:right" v="no"/>
    <tag k="foot" v="no"/>
    <tag k="highway" v="secondary"/>
    <tag k="lanes" v="1"/>
    <tag k="lit" v="yes"/>
    <tag k="maxspeed" v="50"/>
    <tag k="name" v="nábřeží Kapitána Jaroše"/>
    <tag k="name:etymology:wikidata" v="Q156070"/>
    <tag k="oneway" v="yes"/>
    <tag k="sidewalk" v="no"/>
    <tag k="sorting_name" v="Kapitána Jaroše"/>
    <tag k="source:maxspeed" v="CZ:urban"/>
    <tag k="surface" v="sett"/>
  </way>
  <way id="905525706">
    <nd ref="8408926643"/>
    <nd ref="8408926657"/>
    <nd ref="8408926656"/>
    <tag k="cycleway:right" v="no"/>
    <tag k="foot" v="no"/>
    <tag k="highway" v="tertiary"/>
    <tag k="lanes" v="1"/>
    <tag k="lit" v="yes"/>
    <tag k="maxspeed" v="50"/>
    <tag k="maxspeed:type" v="CZ:urban"/>
    <tag k="name" v="nábřeží Edvarda Beneše"/>
    <tag k="name:etymology:wikidata" v="Q152274"/>
    <tag k="oneway" v="yes"/>
    <tag k="sidewalk" v="no"/>
    <tag k="surface" v="sett"/>
  </way>
  <way id="905531149">
    <nd ref="8408926663"/>
    <nd ref="12652538725"/>
    <nd ref="8408926643"/>
    <tag k="bridge" v="yes"/>
    <tag k="cycleway:right" v="no"/>
    <tag k="highway" v="tertiary"/>
    <tag k="lanes" v="1"/>
    <tag k="layer" v="1"/>
    <tag k="lit" v="yes"/>
    <tag k="maxspeed" v="50"/>
    <tag k="maxspeed:type" v="CZ:urban"/>
    <tag k="maxweight:signed" v="no"/>
    <tag k="name" v="Štefánikův most"/>
    <tag k="name:ru" v="Штефаников мост"/>
    <tag k="oneway" v="yes"/>
    <tag k="surface" v="asphalt"/>
    <tag k="wikidata" v="Q10419743"/>
    <tag k="wikipedia" v="cs:Štefánikův most"/>
  </way>
  <way id="905531150">
    <nd ref="8409341791"/>
    <nd ref="12652538724"/>
    <nd ref="12287495439"/>
    <nd ref="9216521393"/>
    <nd ref="8408926663"/>
    <tag k="bridge" v="yes"/>
    <tag k="highway" v="tertiary"/>
    <tag k="lanes" v="2"/>
    <tag k="layer" v="1"/>
    <tag k="lit" v="yes"/>
    <tag k="maxspeed" v="50"/>
    <tag k="maxspeed:type" v="CZ:urban"/>
    <tag k="maxweight:signed" v="no"/>
    <tag k="name" v="Štefánikův most"/>
    <tag k="name:cy" v="Pont Siteffanikwf (Štefánikův)"/>
    <tag k="name:ru" v="Штефаников мост"/>
    <tag k="oneway" v="yes"/>
    <tag k="parking:both" v="no"/>
    <tag k="shoulder" v="no"/>
    <tag k="sidewalk:left" v="no"/>
    <tag k="sidewalk:right" v="separate"/>
    <tag k="smoothness" v="excellent"/>
    <tag k="surface" v="asphalt"/>
    <tag k="wikidata" v="Q10419743"/>
    <tag k="wikipedia" v="cs:Štefánikův most"/>
  </way>
  <way id="912947641">
    <nd ref="8480884570"/>
    <nd ref="305796263"/>
    <nd ref="2026317514"/>
    <nd ref="7630846772"/>
    <nd ref="8480884571"/>
    <nd ref="4714677261"/>
    <nd ref="25657278"/>
    <tag k="cycleway:both" v="no"/>
    <tag k="highway" v="residential"/>
    <tag k="lanes" v="1"/>
    <tag k="lit" v="yes"/>
    <tag k="maxspeed" v="50"/>
    <tag k="maxspeed:type" v="CZ:urban"/>
    <tag k="name" v="Purkyňova"/>
    <tag k="name:de" v="Purkinje-Gasse"/>
    <tag k="name:etymology:wikidata" v="Q159542"/>
    <tag k="oneway" v="yes"/>
    <tag k="sidewalk:both" v="separate"/>
    <tag k="surface" v="paving_stones"/>
  </way>
  <way id="919075370">
    <nd ref="25685117"/>
    <nd ref="9558698712"/>
    <nd ref="9558698713"/>
    <nd ref="1251663060"/>
    <tag k="highway" v="residential"/>
    <tag k="incline" v="up"/>
    <tag k="lane_markings" v="no"/>
    <tag k="lit" v="yes"/>
    <tag k="name" v="U Milosrdných"/>
    <tag k="name:de" v="Barmherzigengasse"/>
    <tag k="name:etymology:wikidata" v="Q58005623"/>
    <tag k="name:ru" v="улица У Милосердных"/>
    <tag k="oneway" v="yes"/>
    <tag k="sidewalk:left" v="no"/>
    <tag k="sidewalk:right" v="separate"/>
    <tag k="smoothness" v="bad"/>
    <tag k="source:name" v="nameit/uir-adr"/>
    <tag k="surface" v="sett"/>
    <tag k="wikidata" v="Q43399056"/>
  </way>
  <way id="926696993">
    <nd ref="4749441832"/>
    <nd ref="1016303589"/>
    <tag k="cycleway:both" v="no"/>
    <tag k="highway" v="residential"/>
    <tag k="lane_markings" v="no"/>
    <tag k="lit" v="yes"/>
    <tag k="name" v="U Radnice"/>
    <tag k="name:be" v="Ля Ратушы"/>
    <tag k="name:de" v="Rathausgasse"/>
    <tag k="name:ru" v="У Ратуши"/>
    <tag k="sidewalk:both" v="separate"/>
    <tag k="surface" v="sett"/>
  </way>
  <way id="926719644">
    <nd ref="25658229"/>
    <nd ref="1406960700"/>
    <nd ref="8599137695"/>
    <tag k="bicycle" v="yes"/>
    <tag k="highway" v="living_street"/>
    <tag k="lanes" v="2"/>
    <tag k="lit" v="yes"/>
    <tag k="lit_by_gaslight" v="yes"/>
    <tag k="maxspeed" v="20"/>
    <tag k="motor_vehicle" v="destination"/>
    <tag k="name" v="Melantrichova"/>
    <tag k="name:de" v="Melantrichgasse"/>
    <tag k="name:pl" v="Melantricha"/>
    <tag k="name:ru" v="улица Мелантрихова"/>
    <tag k="smoothness" v="intermediate"/>
    <tag k="surface" v="sett"/>
    <tag k="wikidata" v="Q43388905"/>
  </way>
  <way id="926786944">
    <nd ref="25658616"/>
    <nd ref="8599694173"/>
    <tag k="bicycle" v="yes"/>
    <tag k="foot" v="yes"/>
    <tag k="highway" v="living_street"/>
    <tag k="lanes" v="1"/>
    <tag k="lit" v="yes"/>
    <tag k="lit_by_gaslight" v="yes"/>
    <tag k="maxspeed" v="20"/>
    <tag k="motor_vehicle" v="destination"/>
    <tag k="name" v="Jilská"/>
    <tag k="name:be" v="Йільская вуліца"/>
    <tag k="name:de" v="Ägydigasse"/>
    <tag k="name:ru" v="Йилская улица"/>
    <tag k="oneway" v="yes"/>
    <tag k="oneway:bicycle" v="yes"/>
    <tag k="parking:both" v="no"/>
    <tag k="sidewalk" v="left"/>
    <tag k="source:name" v="nameit/uir-adr"/>
    <tag k="surface" v="sett"/>
    <tag k="width" v="2.5"/>
    <tag k="wikidata" v="Q43387890"/>
  </way>
  <way id="927050063">
    <nd ref="25655051"/>
    <nd ref="8601640113"/>
    <tag k="access" v="private"/>
    <tag k="bicycle" v="yes"/>
    <tag k="foot" v="yes"/>
    <tag k="highway" v="living_street"/>
    <tag k="lanes" v="1"/>
    <tag k="lit" v="yes"/>
    <tag k="lit_by_gaslight" v="yes"/>
    <tag k="maxspeed" v="50"/>
    <tag k="motor_vehicle" v="private"/>
    <tag k="name" v="Celetná"/>
    <tag k="name:be" v="Вуліца Цэлетна"/>
    <tag k="name:de" v="Zeltnergasse"/>
    <tag k="name:eo" v="Strato Celetná"/>
    <tag k="name:ru" v="Целетная улица"/>
    <tag k="name:sk" v="Celetná"/>
    <tag k="name:uk" v="Целетна вулиця"/>
    <tag k="name:zh" v="采莱特纳街"/>
    <tag k="source:maxspeed" v="CZ:urban"/>
    <tag k="surface" v="asphalt"/>
    <tag k="tourism" v="attraction"/>
    <tag k="wikidata" v="Q2452427"/>
    <tag k="wikipedia" v="cs:Celetná"/>
  </way>
  <way id="927050070">
    <nd ref="9187801"/>
    <nd ref="10636694687"/>
    <nd ref="503333220"/>
    <tag k="cycleway:both" v="no"/>
    <tag k="highway" v="residential"/>
    <tag k="lanes" v="1"/>
    <tag k="lit" v="yes"/>
    <tag k="name" v="Staroměstské náměstí"/>
    <tag k="name:de" v="Altstädter Ring"/>
    <tag k="name:en" v="Old Town Square"/>
    <tag k="name:etymology:wikidata" v="Q748211"/>
    <tag k="name:nl" v="Oude Stadsplein"/>
    <tag k="name:ru" v="Староместская площадь"/>
    <tag k="oneway" v="yes"/>
    <tag k="sidewalk" v="separate"/>
    <tag k="surface" v="sett"/>
  </way>
  <way id="927307782">
    <nd ref="25658619"/>
    <nd ref="3415578106"/>
    <nd ref="1990844670"/>
    <nd ref="1407012493"/>
    <nd ref="25656959"/>
    <tag k="highway" v="living_street"/>
    <tag k="lanes" v="1"/>
    <tag k="lit" v="yes"/>
    <tag k="lit_by_gaslight" v="yes"/>
    <tag k="maxspeed" v="20"/>
    <tag k="maxspeed:type" v="CZ:living_street"/>
    <tag k="motor_vehicle" v="destination"/>
    <tag k="name" v="Michalská"/>
    <tag k="name:de" v="Michaelsgasse"/>
    <tag k="name:ru" v="Михалская улица"/>
    <tag k="sidewalk:both" v="separate"/>
    <tag k="surface" v="sett"/>
    <tag k="wikidata" v="Q43388950"/>
  </way>
  <way id="927307783">
    <nd ref="25658620"/>
    <nd ref="26424075"/>
    <nd ref="3663352125"/>
    <tag k="bicycle" v="yes"/>
    <tag k="foot" v="yes"/>
    <tag k="highway" v="living_street"/>
    <tag k="lanes" v="1"/>
    <tag k="lit" v="yes"/>
    <tag k="lit_by_gaslight" v="yes"/>
    <tag k="maxspeed" v="20"/>
    <tag k="maxspeed:type" v="CZ:living_street"/>
    <tag k="motor_vehicle" v="destination"/>
    <tag k="name" v="Michalská"/>
    <tag k="name:de" v="Michaelsgasse"/>
    <tag k="name:ru" v="Михалская улица"/>
    <tag k="sidewalk" v="both"/>
    <tag k="sidewalk:both:surface" v="sett"/>
    <tag k="surface" v="sett"/>
    <tag k="wikidata" v="Q43388950"/>
  </way>
  <way id="927307787">
    <nd ref="8603698584"/>
    <nd ref="333347556"/>
    <nd ref="3663352128"/>
    <nd ref="25658620"/>
    <tag k="bicycle" v="yes"/>
    <tag k="foot" v="yes"/>
    <tag k="highway" v="living_street"/>
    <tag k="lanes" v="1"/>
    <tag k="lit" v="yes"/>
    <tag k="lit_by_gaslight" v="yes"/>
    <tag k="maxspeed" v="20"/>
    <tag k="motor_vehicle" v="no"/>
    <tag k="name" v="Vejvodova"/>
    <tag k="sidewalk" v="both"/>
    <tag k="surface" v="sett"/>
  </way>
  <way id="927307788">
    <nd ref="8603698583"/>
    <nd ref="8603698584"/>
    <tag k="bicycle" v="yes"/>
    <tag k="foot" v="yes"/>
    <tag k="highway" v="living_street"/>
    <tag k="lanes" v="1"/>
    <tag k="layer" v="-1"/>
    <tag k="lit" v="yes"/>
    <tag k="lit_by_gaslight" v="yes"/>
    <tag k="maxheight" v="3"/>
    <tag k="maxheight:signed" v="no"/>
    <tag k="maxspeed" v="20"/>
    <tag k="motor_vehicle" v="no"/>
    <tag k="name" v="Vejvodova"/>
    <tag k="oneway" v="no"/>
    <tag k="sidewalk" v="left"/>
    <tag k="sidewalk:left:surface" v="sett"/>
    <tag k="source:maxheight" v="ARCore"/>
    <tag k="surface" v="sett"/>
    <tag k="tunnel" v="yes"/>
  </way>
  <way id="936906389">
    <nd ref="297594945"/>
    <nd ref="3784294544"/>
    <tag k="cycleway:left" v="shared_lane"/>
    <tag k="cycleway:left:lane" v="pictogram"/>
    <tag k="cycleway:right" v="no"/>
    <tag k="description" v="Oneway:bicycle=no since 04/2021"/>
    <tag k="highway" v="residential"/>
    <tag k="lanes" v="1"/>
    <tag k="layer" v="-1"/>
    <tag k="lit" v="yes"/>
    <tag k="lit_by_gaslight" v="yes"/>
    <tag k="maxspeed" v="50"/>
    <tag k="name" v="Celetná"/>
    <tag k="name:be" v="Вуліца Цэлетна"/>
    <tag k="name:de" v="Zeltnergasse"/>
    <tag k="name:eo" v="Strato Celetná"/>
    <tag k="name:ru" v="Целетная улица"/>
    <tag k="name:sk" v="Celetná"/>
    <tag k="name:uk" v="Целетна вулиця"/>
    <tag k="name:zh" v="采莱特纳街"/>
    <tag k="oneway" v="yes"/>
    <tag k="oneway:bicycle" v="no"/>
    <tag k="parking:both" v="no"/>
    <tag k="sidewalk" v="both"/>
    <tag k="sidewalk:both:surface" v="sett"/>
    <tag k="source:maxspeed" v="CZ:urban"/>
    <tag k="surface" v="asphalt"/>
    <tag k="tourism" v="attraction"/>
    <tag k="wheelchair" v="yes"/>
    <tag k="wikidata" v="Q2452427"/>
    <tag k="wikipedia" v="cs:Celetná"/>
  </way>
  <way id="941507322">
    <nd ref="8718996478"/>
    <nd ref="8408926635"/>
    <tag k="bridge" v="yes"/>
    <tag k="cycleway:right" v="no"/>
    <tag k="electrified" v="contact_line"/>
    <tag k="highway" v="tertiary"/>
    <tag k="lanes" v="2"/>
    <tag k="layer" v="1"/>
    <tag k="lit" v="yes"/>
    <tag k="maxspeed" v="50"/>
    <tag k="maxspeed:type" v="CZ:urban"/>
    <tag k="maxweight:signed" v="no"/>
    <tag k="name" v="Štefánikův most"/>
    <tag k="name:cy" v="Pont Siteffanikwf (Štefánikův)"/>
    <tag k="name:ru" v="Штефаников мост"/>
    <tag k="oneway" v="yes"/>
    <tag k="shoulder" v="no"/>
    <tag k="sidewalk:left" v="no"/>
    <tag k="sidewalk:right" v="separate"/>
    <tag k="surface" v="asphalt"/>
    <tag k="wikidata" v="Q10419743"/>
    <tag k="wikipedia" v="cs:Štefánikův most"/>
  </way>
  <way id="944736084">
    <nd ref="8810022"/>
    <nd ref="1238413429"/>
    <tag k="cycleway:left" v="no"/>
    <tag k="cycleway:right" v="soft_lane"/>
    <tag k="description" v="V roce 2021 zúženo na 3 pruhy (ze 4)"/>
    <tag k="highway" v="tertiary"/>
    <tag k="lanes" v="3"/>
    <tag k="lanes:backward" v="2"/>
    <tag k="lanes:forward" v="1"/>
    <tag k="maxspeed" v="50"/>
    <tag k="maxweight" v="3.5"/>
    <tag k="name" v="nábřeží Ludvíka Svobody"/>
    <tag k="name:etymology:wikidata" v="Q310000"/>
    <tag k="sidewalk:both" v="separate"/>
    <tag k="surface" v="asphalt"/>
    <tag k="turn:lanes:backward" v="through|through;right"/>
  </way>
  <way id="954423497">
    <nd ref="4169136141"/>
    <nd ref="4169136147"/>
    <tag k="cycleway:right" v="no"/>
    <tag k="foot" v="no"/>
    <tag k="highway" v="secondary"/>
    <tag k="lanes" v="1"/>
    <tag k="lit" v="yes"/>
    <tag k="maxspeed" v="50"/>
    <tag k="name" v="nábřeží Kapitána Jaroše"/>
    <tag k="name:etymology:wikidata" v="Q156070"/>
    <tag k="oneway" v="yes"/>
    <tag k="parking:both" v="no"/>
    <tag k="sidewalk" v="no"/>
    <tag k="sorting_name" v="Kapitána Jaroše"/>
    <tag k="source:maxspeed" v="CZ:urban"/>
    <tag k="surface" v="sett"/>
  </way>
  <way id="983173494">
    <nd ref="4323267352"/>
    <nd ref="13987907926"/>
    <nd ref="13987907928"/>
    <nd ref="13987907925"/>
    <nd ref="13987907927"/>
    <nd ref="13987907929"/>
    <nd ref="13987907930"/>
    <nd ref="13987907924"/>
    <nd ref="7724694647"/>
    <nd ref="13987907923"/>
    <nd ref="4323267369"/>
    <nd ref="13987907922"/>
    <nd ref="4323267372"/>
    <tag k="highway" v="secondary"/>
    <tag k="lanes" v="1"/>
    <tag k="lit" v="yes"/>
    <tag k="maxspeed" v="50"/>
    <tag k="name" v="Chotkova"/>
    <tag k="name:cs" v="Chotkova"/>
    <tag k="name:de" v="Chotek-Straße"/>
    <tag k="name:etymology" v="Karel Chotek z Chotkova"/>
    <tag k="name:etymology:wikidata" v="Q872870"/>
    <tag k="oneway" v="yes"/>
    <tag k="sidewalk:left" v="no"/>
    <tag k="sidewalk:right" v="separate"/>
    <tag k="source:maxspeed" v="CZ:urban"/>
    <tag k="surface" v="asphalt"/>
    <tag k="wikidata" v="Q11727019"/>
    <tag k="wikimedia_commons" v="Category:Chotkova (Prague)"/>
    <tag k="wikipedia" v="cs:Chotkova (Praha)"/>
  </way>
  <way id="989156244">
    <nd ref="1836299194"/>
    <nd ref="354686128"/>
    <nd ref="8810024"/>
    <nd ref="354686141"/>
    <nd ref="25685118"/>
    <tag k="cycleway:both" v="no"/>
    <tag k="highway" v="tertiary"/>
    <tag k="lanes" v="4"/>
    <tag k="lit" v="yes"/>
    <tag k="maxspeed:type" v="CZ:urban"/>
    <tag k="name" v="Dvořákovo nábřeží"/>
    <tag k="name:etymology:wikidata" v="Q7298"/>
    <tag k="name:ru" v="набережная Дворжака"/>
    <tag k="sidewalk:both" v="separate"/>
    <tag k="surface" v="sett"/>
    <tag k="wikidata" v="Q24052087"/>
  </way>
  <way id="989156245">
    <nd ref="25685118"/>
    <nd ref="12667337540"/>
    <nd ref="12667337538"/>
    <nd ref="12667337539"/>
    <nd ref="354686134"/>
    <nd ref="9142554179"/>
    <tag k="cycleway:both" v="no"/>
    <tag k="highway" v="tertiary"/>
    <tag k="lanes" v="3"/>
    <tag k="lanes:backward" v="2"/>
    <tag k="lanes:forward" v="1"/>
    <tag k="lit" v="yes"/>
    <tag k="maxspeed:type" v="CZ:urban"/>
    <tag k="name" v="Dvořákovo nábřeží"/>
    <tag k="name:etymology:wikidata" v="Q7298"/>
    <tag k="name:ru" v="набережная Дворжака"/>
    <tag k="sidewalk:both" v="separate"/>
    <tag k="smoothness" v="intermediate"/>
    <tag k="surface" v="sett"/>
    <tag k="wikidata" v="Q24052087"/>
  </way>
  <way id="993326590">
    <nd ref="25658611"/>
    <nd ref="299047177"/>
    <nd ref="552444662"/>
    <nd ref="21266479"/>
    <tag k="highway" v="living_street"/>
    <tag k="lanes" v="1"/>
    <tag k="lit" v="yes"/>
    <tag k="lit_by_gaslight" v="yes"/>
    <tag k="maxspeed" v="20"/>
    <tag k="name" v="Liliová"/>
    <tag k="name:de" v="Liliengasse"/>
    <tag k="oneway" v="yes"/>
    <tag k="oneway:bicycle" v="yes"/>
    <tag k="source:name" v="nameit/uir-adr"/>
    <tag k="surface" v="sett"/>
    <tag k="wikidata" v="Q23657346"/>
    <tag k="wikipedia" v="cs:Liliová (Praha)"/>
  </way>
  <way id="993326591">
    <nd ref="25658872"/>
    <nd ref="4793932718"/>
    <nd ref="6479078001"/>
    <nd ref="25658911"/>
    <tag k="cycleway:both" v="no"/>
    <tag k="highway" v="residential"/>
    <tag k="lanes" v="1"/>
    <tag k="lit" v="yes"/>
    <tag k="name" v="Seminářská"/>
    <tag k="name:be" v="Семінарскія вуліца"/>
    <tag k="name:de" v="Seminargasse"/>
    <tag k="name:ru" v="Семинарская улица"/>
    <tag k="oneway" v="yes"/>
    <tag k="oneway:bicycle" v="yes"/>
    <tag k="sidewalk" v="both"/>
    <tag k="sidewalk:both:surface" v="sett"/>
    <tag k="smoothness" v="bad"/>
    <tag k="source:name" v="nameit/uir-adr"/>
    <tag k="surface" v="sett"/>
  </way>
  <way id="998180850">
    <nd ref="12312667913"/>
    <nd ref="4691199670"/>
    <nd ref="8397512762"/>
    <nd ref="21257811"/>
    <tag k="cycleway:right" v="separate"/>
    <tag k="highway" v="tertiary"/>
    <tag k="lanes" v="1"/>
    <tag k="lit" v="yes"/>
    <tag k="maxspeed" v="CZ:urban"/>
    <tag k="name" v="nábřeží Edvarda Beneše"/>
    <tag k="name:etymology:wikidata" v="Q152274"/>
    <tag k="oneway" v="yes"/>
    <tag k="sidewalk:left" v="no"/>
    <tag k="sidewalk:right" v="separate"/>
    <tag k="surface" v="asphalt"/>
  </way>
  <way id="998180851">
    <nd ref="8397512745"/>
    <nd ref="8397512720"/>
    <tag k="destination" v="Revoluční"/>
    <tag k="highway" v="secondary"/>
    <tag k="lanes" v="1"/>
    <tag k="lit" v="yes"/>
    <tag k="maxspeed" v="50"/>
    <tag k="name" v="nábřeží Edvarda Beneše"/>
    <tag k="name:etymology:wikidata" v="Q152274"/>
    <tag k="oneway" v="yes"/>
    <tag k="sorting_name" v="Edvarda Beneše"/>
    <tag k="source:maxspeed" v="CZ:urban"/>
    <tag k="surface" v="asphalt"/>
    <tag k="width" v="3"/>
    <tag k="wikidata" v="Q43396282"/>
    <tag k="wikimedia_commons" v="Category:Nábřeží Edvarda Beneše"/>
    <tag k="wikipedia" v="cs:Nábřeží Edvarda Beneše"/>
  </way>
  <way id="998180852">
    <nd ref="8397512722"/>
    <nd ref="8397512721"/>
    <nd ref="8397512746"/>
    <tag k="cycleway:right" v="shared_lane"/>
    <tag k="destination" v="Revoluční"/>
    <tag k="highway" v="secondary"/>
    <tag k="lanes" v="1"/>
    <tag k="lit" v="yes"/>
    <tag k="maxspeed" v="50"/>
    <tag k="name" v="nábřeží Edvarda Beneše"/>
    <tag k="name:etymology:wikidata" v="Q152274"/>
    <tag k="oneway" v="yes"/>
    <tag k="sorting_name" v="Edvarda Beneše"/>
    <tag k="source:maxspeed" v="CZ:urban"/>
    <tag k="surface" v="asphalt"/>
    <tag k="wikidata" v="Q43396282"/>
    <tag k="wikimedia_commons" v="Category:Nábřeží Edvarda Beneše"/>
    <tag k="wikipedia" v="cs:Nábřeží Edvarda Beneše"/>
  </way>
  <way id="998180853">
    <nd ref="8397512679"/>
    <nd ref="8397512757"/>
    <nd ref="8397512678"/>
    <nd ref="8397512677"/>
    <nd ref="8397512676"/>
    <nd ref="8397512675"/>
    <tag k="embedded_rails:lanes" v="|tram|tram|"/>
    <tag k="foot" v="no"/>
    <tag k="highway" v="secondary"/>
    <tag k="lanes" v="2"/>
    <tag k="lit" v="yes"/>
    <tag k="maxspeed" v="50"/>
    <tag k="name" v="nábřeží Edvarda Beneše"/>
    <tag k="name:etymology:wikidata" v="Q152274"/>
    <tag k="oneway" v="yes"/>
    <tag k="sidewalk" v="no"/>
    <tag k="smoothness" v="excellent"/>
    <tag k="sorting_name" v="Edvarda Beneše"/>
    <tag k="source:maxspeed" v="CZ:urban"/>
    <tag k="surface" v="asphalt"/>
    <tag k="wikidata" v="Q43396282"/>
    <tag k="wikimedia_commons" v="Category:Nábřeží Edvarda Beneše"/>
    <tag k="wikipedia" v="cs:Nábřeží Edvarda Beneše"/>
  </way>
  <way id="998180854">
    <nd ref="9216521396"/>
    <nd ref="8397512668"/>
    <nd ref="8397512667"/>
    <nd ref="8397512666"/>
    <nd ref="8397512665"/>
    <nd ref="8397512759"/>
    <tag k="cycleway:right" v="soft_lane"/>
    <tag k="foot" v="no"/>
    <tag k="highway" v="secondary"/>
    <tag k="lanes" v="1"/>
    <tag k="lit" v="yes"/>
    <tag k="maxspeed" v="50"/>
    <tag k="name" v="nábřeží Edvarda Beneše"/>
    <tag k="name:etymology:wikidata" v="Q152274"/>
    <tag k="note" v="Bicycle soft_lane since 2021"/>
    <tag k="oneway" v="yes"/>
    <tag k="parking:both" v="no"/>
    <tag k="sidewalk" v="no"/>
    <tag k="smoothness" v="excellent"/>
    <tag k="sorting_name" v="Edvarda Beneše"/>
    <tag k="source:maxspeed" v="CZ:urban"/>
    <tag k="surface" v="asphalt"/>
    <tag k="wikidata" v="Q43396282"/>
    <tag k="wikimedia_commons" v="Category:Nábřeží Edvarda Beneše"/>
    <tag k="wikipedia" v="cs:Nábřeží Edvarda Beneše"/>
  </way>
  <way id="998180856">
    <nd ref="8397083440"/>
    <nd ref="8397083441"/>
    <nd ref="12312667901"/>
    <nd ref="7594855075"/>
    <nd ref="4691199657"/>
    <nd ref="8397083439"/>
    <tag k="foot" v="no"/>
    <tag k="highway" v="secondary"/>
    <tag k="lanes" v="1"/>
    <tag k="lit" v="yes"/>
    <tag k="maxspeed" v="50"/>
    <tag k="name" v="nábřeží Edvarda Beneše"/>
    <tag k="name:etymology:wikidata" v="Q152274"/>
    <tag k="oneway" v="yes"/>
    <tag k="sidewalk" v="no"/>
    <tag k="smoothness" v="excellent"/>
    <tag k="sorting_name" v="Edvarda Beneše"/>
    <tag k="source:maxspeed" v="CZ:urban"/>
    <tag k="surface" v="asphalt"/>
    <tag k="traffic_calming" v="table"/>
    <tag k="wikidata" v="Q43396282"/>
    <tag k="wikimedia_commons" v="Category:Nábřeží Edvarda Beneše"/>
    <tag k="wikipedia" v="cs:Nábřeží Edvarda Beneše"/>
  </way>
  <way id="1005059191">
    <nd ref="1251663083"/>
    <nd ref="1251663069"/>
    <tag k="highway" v="residential"/>
    <tag k="lane_markings" v="no"/>
    <tag k="maxspeed:type" v="CZ:urban"/>
    <tag k="name" v="Široká"/>
    <tag k="name:etymology:wikidata" v="Q113171416"/>
    <tag k="oneway" v="yes"/>
    <tag k="sidewalk" v="separate"/>
    <tag k="surface" v="sett"/>
    <tag k="wikidata" v="Q26897280"/>
  </way>
  <way id="1005059192">
    <nd ref="25659745"/>
    <nd ref="1251663083"/>
    <tag k="highway" v="residential"/>
    <tag k="lanes" v="1"/>
    <tag k="lit" v="yes"/>
    <tag k="maxspeed:type" v="CZ:urban"/>
    <tag k="name" v="Široká"/>
    <tag k="name:de" v="Breite Gasse"/>
    <tag k="name:etymology:wikidata" v="Q113171416"/>
    <tag k="name:ru" v="Широкая улица"/>
    <tag k="oneway" v="yes"/>
    <tag k="sidewalk:both" v="separate"/>
    <tag k="surface" v="sett"/>
    <tag k="wikidata" v="Q26897280"/>
  </way>
  <way id="1005248548">
    <nd ref="25656646"/>
    <nd ref="354129434"/>
    <nd ref="9274871148"/>
    <tag k="cycleway:both" v="no"/>
    <tag k="highway" v="residential"/>
    <tag k="lane_markings" v="no"/>
    <tag k="lit" v="yes"/>
    <tag k="maxspeed" v="50"/>
    <tag k="maxspeed:type" v="CZ:urban"/>
    <tag k="name" v="V Jirchářích"/>
    <tag k="oneway" v="yes"/>
    <tag k="sidewalk" v="right"/>
    <tag k="sidewalk:right:surface" v="sett"/>
    <tag k="surface" v="sett"/>
  </way>
  <way id="1005248549">
    <nd ref="9274871148"/>
    <nd ref="9274871149"/>
    <tag k="cycleway:both" v="no"/>
    <tag k="highway" v="residential"/>
    <tag k="lane_markings" v="no"/>
    <tag k="lit" v="yes"/>
    <tag k="maxspeed" v="50"/>
    <tag k="maxspeed:type" v="CZ:urban"/>
    <tag k="name" v="V Jirchářích"/>
    <tag k="oneway" v="yes"/>
    <tag k="sidewalk" v="right"/>
    <tag k="sidewalk:right:surface" v="sett"/>
    <tag k="surface" v="sett"/>
  </way>
  <way id="1006123666">
    <nd ref="6479077994"/>
    <nd ref="25658960"/>
    <tag k="cycleway:both" v="no"/>
    <tag k="highway" v="residential"/>
    <tag k="lane_markings" v="no"/>
    <tag k="lit" v="yes"/>
    <tag k="name" v="Linhartská"/>
    <tag k="name:be" v="Лінхарцкая вуліца"/>
    <tag k="name:cs" v="Mariánské náměstí"/>
    <tag k="name:de" v="Linhartgasse"/>
    <tag k="name:ru" v="Линхартская улица"/>
    <tag k="oneway" v="no"/>
    <tag k="sidewalk:both" v="separate"/>
    <tag k="source" v="https://www.praha1.cz/dopravni-zmeny-v-okoli-marianske-namesti/"/>
    <tag k="source:name" v="nameit/uir-adr"/>
    <tag k="surface" v="sett"/>
  </way>
  <way id="1026640191">
    <nd ref="4323267358"/>
    <nd ref="11919247682"/>
    <nd ref="7724694649"/>
    <nd ref="7724694651"/>
    <nd ref="4323267348"/>
    <tag k="cycleway:right" v="no"/>
    <tag k="highway" v="secondary"/>
    <tag k="lanes" v="1"/>
    <tag k="lit" v="yes"/>
    <tag k="maxspeed" v="50"/>
    <tag k="name" v="Chotkova"/>
    <tag k="name:cs" v="Chotkova"/>
    <tag k="name:de" v="Chotek-Straße"/>
    <tag k="name:etymology" v="Karel Chotek z Chotkova"/>
    <tag k="name:etymology:wikidata" v="Q872870"/>
    <tag k="oneway" v="yes"/>
    <tag k="sidewalk:left" v="no"/>
    <tag k="sidewalk:right" v="separate"/>
    <tag k="source:maxspeed" v="CZ:urban"/>
    <tag k="surface" v="asphalt"/>
    <tag k="wikidata" v="Q11727019"/>
    <tag k="wikimedia_commons" v="Category:Chotkova (Prague)"/>
    <tag k="wikipedia" v="cs:Chotkova (Praha)"/>
  </way>
  <way id="1033961356">
    <nd ref="21257784"/>
    <nd ref="303442566"/>
    <tag k="cycleway:left" v="no"/>
    <tag k="cycleway:right" v="lane"/>
    <tag k="cycleway:right:lane" v="advisory"/>
    <tag k="highway" v="residential"/>
    <tag k="lanes" v="1"/>
    <tag k="lit" v="yes"/>
    <tag k="maxspeed" v="50"/>
    <tag k="name" v="Klárov"/>
    <tag k="name:etymology" v="Alois Klar"/>
    <tag k="name:etymology:wikidata" v="Q176445"/>
    <tag k="note" v="Soft_lane for bicycles since 10/2020"/>
    <tag k="oneway" v="yes"/>
    <tag k="sidewalk:left" v="no"/>
    <tag k="sidewalk:right" v="separate"/>
    <tag k="smoothness" v="bad"/>
    <tag k="source:maxspeed" v="CZ:urban"/>
    <tag k="surface" v="sett"/>
    <tag k="width" v="4.2"/>
    <tag k="wikidata" v="Q12029502"/>
    <tag k="wikimedia_commons" v="Category:Klárov"/>
    <tag k="wikipedia" v="cs:Klárov"/>
  </way>
  <way id="1037768096">
    <nd ref="9558698706"/>
    <nd ref="1225805140"/>
    <nd ref="25685309"/>
    <tag k="highway" v="residential"/>
    <tag k="lane_markings" v="no"/>
    <tag k="lit" v="yes"/>
    <tag k="maxspeed:type" v="CZ:urban"/>
    <tag k="name" v="Dušní"/>
    <tag k="name:de" v="Geistgasse"/>
    <tag k="name:etymology:wikidata" v="Q2282608"/>
    <tag k="name:ru" v="Душни улица"/>
    <tag k="oneway" v="yes"/>
    <tag k="oneway:bicycle" v="no"/>
    <tag k="sidewalk:both" v="separate"/>
    <tag k="source:name" v="nameit/uir-adr"/>
    <tag k="surface" v="sett"/>
    <tag k="wikidata" v="Q23770370"/>
  </way>
  <way id="1037768097">
    <nd ref="9558698707"/>
    <nd ref="25685309"/>
    <tag k="highway" v="residential"/>
    <tag k="lane_markings" v="no"/>
    <tag k="lit" v="yes"/>
    <tag k="maxspeed:type" v="CZ:urban"/>
    <tag k="name" v="U Milosrdných"/>
    <tag k="name:de" v="Barmherzigengasse"/>
    <tag k="name:etymology:wikidata" v="Q58005623"/>
    <tag k="name:ru" v="улица У Милосердных"/>
    <tag k="oneway" v="yes"/>
    <tag k="sidewalk:left" v="separate"/>
    <tag k="sidewalk:right" v="yes"/>
    <tag k="source:name" v="nameit/uir-adr"/>
    <tag k="surface" v="sett"/>
    <tag k="wikidata" v="Q43399056"/>
  </way>
  <way id="1037768098">
    <nd ref="25685309"/>
    <nd ref="11923018343"/>
    <nd ref="9558698708"/>
    <tag k="highway" v="residential"/>
    <tag k="lane_markings" v="no"/>
    <tag k="lit" v="yes"/>
    <tag k="maxspeed:type" v="CZ:urban"/>
    <tag k="name" v="Dušní"/>
    <tag k="name:de" v="Geistgasse"/>
    <tag k="name:etymology:wikidata" v="Q2282608"/>
    <tag k="name:ru" v="Душни улица"/>
    <tag k="oneway" v="yes"/>
    <tag k="sidewalk:left" v="separate"/>
    <tag k="sidewalk:right" v="yes"/>
    <tag k="source:name" v="nameit/uir-adr"/>
    <tag k="surface" v="sett"/>
    <tag k="wikidata" v="Q23770370"/>
  </way>
  <way id="1037768100">
    <nd ref="25685349"/>
    <nd ref="25685347"/>
    <nd ref="315529870"/>
    <nd ref="7040692518"/>
    <nd ref="1251663081"/>
    <tag k="highway" v="living_street"/>
    <tag k="lit" v="yes"/>
    <tag k="maxspeed" v="20"/>
    <tag k="name" v="U Obecního dvora"/>
    <tag k="name:de" v="Gemeindehofgasse"/>
    <tag k="name:etymology:wikidata" v="Q12041901"/>
    <tag k="name:ru" v="улица У Обецнего двора"/>
    <tag k="oneway" v="yes"/>
    <tag k="source:name" v="nameit/uir-adr"/>
    <tag k="surface" v="sett"/>
    <tag k="wikidata" v="Q43399080"/>
  </way>
  <way id="1039604743">
    <nd ref="9572989387"/>
    <nd ref="9572989388"/>
    <nd ref="9572989389"/>
    <nd ref="1307142655"/>
    <tag k="highway" v="living_street"/>
    <tag k="lanes" v="1"/>
    <tag k="lit" v="yes"/>
    <tag k="maxspeed" v="20"/>
    <tag k="name" v="Dražického náměstí"/>
    <tag k="surface" v="sett"/>
  </way>
  <way id="1039604745">
    <nd ref="25673518"/>
    <nd ref="25673517"/>
    <nd ref="25673516"/>
    <tag k="highway" v="residential"/>
    <tag k="lanes" v="1"/>
    <tag k="name" v="Lázeňská"/>
    <tag k="name:de" v="Badgasse"/>
    <tag k="sidewalk:both" v="separate"/>
    <tag k="surface" v="sett"/>
  </way>
  <way id="1047123111">
    <nd ref="7040618870"/>
    <nd ref="1225805142"/>
    <nd ref="25660100"/>
    <tag k="highway" v="residential"/>
    <tag k="lanes" v="1"/>
    <tag k="name" v="Dlouhá"/>
    <tag k="name:de" v="Lange Gasse"/>
    <tag k="name:etymology:wikidata" v="Q113171416"/>
    <tag k="name:ru" v="Длинная улица"/>
    <tag k="oneway" v="yes"/>
    <tag k="sidewalk:left" v="yes"/>
    <tag k="sidewalk:left:surface" v="sett"/>
    <tag k="sidewalk:right" v="separate"/>
    <tag k="surface" v="sett"/>
    <tag k="wikidata" v="Q11812534"/>
    <tag k="wikipedia" v="cs:Dlouhá (Praha)"/>
  </way>
  <way id="1062098854">
    <nd ref="9757405261"/>
    <nd ref="282761019"/>
    <tag k="cycleway:both" v="no"/>
    <tag k="highway" v="residential"/>
    <tag k="lanes" v="1"/>
    <tag k="lit" v="yes"/>
    <tag k="maxspeed" v="50"/>
    <tag k="maxspeed:type" v="CZ:urban"/>
    <tag k="name" v="Charvátova"/>
    <tag k="oneway" v="yes"/>
    <tag k="sidewalk" v="separate"/>
    <tag k="smoothness" v="excellent"/>
    <tag k="surface" v="asphalt"/>
  </way>
  <way id="1062429729">
    <nd ref="10758403473"/>
    <nd ref="9719758703"/>
    <nd ref="1417496267"/>
    <nd ref="5066391886"/>
    <nd ref="25655129"/>
    <tag k="cycleway:both" v="shared_lane"/>
    <tag k="cycleway:both:lane" v="pictogram"/>
    <tag k="highway" v="residential"/>
    <tag k="lanes" v="2"/>
    <tag k="lit" v="yes"/>
    <tag k="maxspeed" v="50"/>
    <tag k="name" v="Hybernská"/>
    <tag k="name:de" v="Hibernergasse"/>
    <tag k="name:etymology:wikidata" v="Q15906229"/>
    <tag k="note" v="obousměrnost explicitně vyznačena DZ"/>
    <tag k="oneway" v="no"/>
    <tag k="sidewalk:both" v="separate"/>
    <tag k="smoothness" v="excellent"/>
    <tag k="source:maxspeed" v="CZ:urban"/>
    <tag k="surface" v="asphalt"/>
  </way>
  <way id="1068763499">
    <nd ref="1407012525"/>
    <nd ref="12148024955"/>
    <nd ref="8810404"/>
    <tag k="cycleway:both" v="no"/>
    <tag k="highway" v="residential"/>
    <tag k="lanes" v="1"/>
    <tag k="maxspeed" v="50"/>
    <tag k="name" v="Masná"/>
    <tag k="name:de" v="Fleischmarktgasse"/>
    <tag k="name:ru" v="Мясная улица"/>
    <tag k="oneway" v="yes"/>
    <tag k="sidewalk:left" v="yes"/>
    <tag k="sidewalk:left:surface" v="sett"/>
    <tag k="sidewalk:right" v="separate"/>
    <tag k="source:maxspeed" v="CZ:urban"/>
    <tag k="surface" v="asphalt"/>
    <tag k="wikidata" v="Q43388883"/>
  </way>
  <way id="1072183643">
    <nd ref="9837878718"/>
    <nd ref="10703814"/>
    <tag k="bicycle" v="yes"/>
    <tag k="cycleway:both" v="shared_lane"/>
    <tag k="cycleway:both:lane" v="pictogram"/>
    <tag k="embedded_rails" v="tram"/>
    <tag k="highway" v="residential"/>
    <tag k="horse" v="no"/>
    <tag k="lanes" v="2"/>
    <tag k="lit" v="yes"/>
    <tag k="maxheight" v="3.3"/>
    <tag k="maxspeed" v="50"/>
    <tag k="maxspeed:type" v="CZ:urban"/>
    <tag k="name" v="Smetanovo nábřeží"/>
    <tag k="name:de" v="Franzensquai"/>
    <tag k="name:etymology:wikidata" v="Q48173"/>
    <tag k="name:ru" v="набережная Сметаны"/>
    <tag k="surface" v="asphalt"/>
    <tag k="wikidata" v="Q43397194"/>
  </way>
  <way id="1072183645">
    <nd ref="8810426"/>
    <nd ref="1548825678"/>
    <nd ref="299047207"/>
    <tag k="bicycle" v="yes"/>
    <tag k="cycleway:both" v="shared_lane"/>
    <tag k="embedded_rails" v="tram"/>
    <tag k="highway" v="residential"/>
    <tag k="horse" v="no"/>
    <tag k="lanes" v="2"/>
    <tag k="lit" v="yes"/>
    <tag k="maxheight" v="3.3"/>
    <tag k="maxspeed:type" v="CZ:urban"/>
    <tag k="maxwidth" v="2.2"/>
    <tag k="name" v="Smetanovo nábřeží"/>
    <tag k="name:de" v="Franzensquai"/>
    <tag k="name:etymology:wikidata" v="Q48173"/>
    <tag k="name:ru" v="набережная Сметаны"/>
    <tag k="parking:both" v="no"/>
    <tag k="sidewalk:both" v="separate"/>
    <tag k="surface" v="asphalt"/>
    <tag k="wikidata" v="Q43397194"/>
  </way>
  <way id="1072183646">
    <nd ref="1548825601"/>
    <nd ref="8810431"/>
    <nd ref="9837878719"/>
    <tag k="bicycle" v="yes"/>
    <tag k="cycleway:left" v="separate"/>
    <tag k="cycleway:right" v="shared_lane"/>
    <tag k="cycleway:right:lane" v="pictogram"/>
    <tag k="embedded_rails" v="tram"/>
    <tag k="highway" v="residential"/>
    <tag k="lanes" v="2"/>
    <tag k="lanes:backward" v="1"/>
    <tag k="lanes:forward" v="1"/>
    <tag k="lit" v="yes"/>
    <tag k="maxspeed:backward" v="30"/>
    <tag k="maxspeed:forward" v="50"/>
    <tag k="name" v="Masarykovo nábřeží"/>
    <tag k="name:de" v="Masaryk-Ufer"/>
    <tag k="name:etymology:wikidata" v="Q78492"/>
    <tag k="name:ru" v="набережная Масарика"/>
    <tag k="smoothness" v="excellent"/>
    <tag k="surface" v="asphalt"/>
    <tag k="wikidata" v="Q18667556"/>
    <tag k="wikipedia" v="cs:Masarykovo nábřeží"/>
  </way>
  <way id="1075607358">
    <nd ref="9864621186"/>
    <nd ref="25658468"/>
    <nd ref="32438290"/>
    <nd ref="3948265697"/>
    <nd ref="10716276660"/>
    <nd ref="13183552304"/>
    <nd ref="13183552303"/>
    <nd ref="25657174"/>
    <tag k="cycleway:both" v="no"/>
    <tag k="hgv" v="no"/>
    <tag k="highway" v="residential"/>
    <tag k="lanes" v="1"/>
    <tag k="lit" v="yes"/>
    <tag k="lit_by_gaslight" v="yes"/>
    <tag k="maxspeed" v="50"/>
    <tag k="name" v="Bartolomějská"/>
    <tag k="name:de" v="Bartholomäusgasse"/>
    <tag k="name:ru" v="Бартоломейская улица"/>
    <tag k="oneway" v="yes"/>
    <tag k="parking:left" v="no"/>
    <tag k="parking:right" v="lane"/>
    <tag k="parking:right:orientation" v="parallel"/>
    <tag k="sidewalk:both" v="separate"/>
    <tag k="surface" v="sett"/>
    <tag k="width" v="3.5"/>
  </way>
  <way id="1078298617">
    <nd ref="9885806893"/>
    <nd ref="7954731940"/>
    <nd ref="8603698583"/>
    <tag k="bicycle" v="yes"/>
    <tag k="foot" v="yes"/>
    <tag k="highway" v="living_street"/>
    <tag k="lanes" v="1"/>
    <tag k="lit" v="yes"/>
    <tag k="lit_by_gaslight" v="yes"/>
    <tag k="maxspeed" v="20"/>
    <tag k="motor_vehicle" v="destination"/>
    <tag k="name" v="Vejvodova"/>
    <tag k="oneway" v="no"/>
    <tag k="sidewalk" v="left"/>
    <tag k="sidewalk:left:surface" v="sett"/>
    <tag k="surface" v="sett"/>
  </way>
  <way id="1079076121">
    <nd ref="8810430"/>
    <nd ref="6320790963"/>
    <nd ref="1014526019"/>
    <tag k="bicycle" v="yes"/>
    <tag k="cycleway:both" v="no"/>
    <tag k="cycleway:left" v="lane"/>
    <tag k="cycleway:right" v="shared_lane"/>
    <tag k="cycleway:right:lane" v="pictogram"/>
    <tag k="embedded_rails" v="tram"/>
    <tag k="highway" v="residential"/>
    <tag k="lanes" v="2"/>
    <tag k="lanes:backward" v="1"/>
    <tag k="lanes:forward" v="1"/>
    <tag k="lit" v="yes"/>
    <tag k="maxspeed:backward" v="30"/>
    <tag k="maxspeed:forward" v="50"/>
    <tag k="name" v="Masarykovo nábřeží"/>
    <tag k="name:de" v="Masaryk-Ufer"/>
    <tag k="name:etymology:wikidata" v="Q78492"/>
    <tag k="name:ru" v="набережная Масарика"/>
    <tag k="shoulder" v="no"/>
    <tag k="sidewalk:left" v="yes"/>
    <tag k="sidewalk:left:surface" v="sett"/>
    <tag k="sidewalk:right" v="separate"/>
    <tag k="surface" v="asphalt"/>
    <tag k="turn:lanes:backward" v="through|right"/>
    <tag k="wikidata" v="Q18667556"/>
    <tag k="wikipedia" v="cs:Masarykovo nábřeží"/>
  </way>
  <way id="1082349937">
    <nd ref="1548825678"/>
    <nd ref="4700724525"/>
    <nd ref="25658605"/>
    <nd ref="12895561961"/>
    <tag k="highway" v="residential"/>
    <tag k="lane_markings" v="no"/>
    <tag k="lit" v="yes"/>
    <tag k="maxspeed:type" v="CZ:urban"/>
    <tag k="name" v="Na Zábradlí"/>
    <tag k="official_name" v="Na zábradlí"/>
    <tag k="oneway:bicycle" v="yes"/>
    <tag k="parking:both" v="no"/>
    <tag k="ref:ruian:street" v="460338"/>
    <tag k="sidewalk" v="no"/>
    <tag k="surface" v="sett"/>
  </way>
  <way id="1085838276">
    <nd ref="6586629040"/>
    <nd ref="25673519"/>
    <tag k="highway" v="living_street"/>
    <tag k="lanes" v="1"/>
    <tag k="lit" v="yes"/>
    <tag k="lit_by_gaslight" v="yes"/>
    <tag k="maxspeed" v="20"/>
    <tag k="name" v="Lázeňská"/>
    <tag k="name:de" v="Badgasse"/>
    <tag k="surface" v="sett"/>
  </way>
  <way id="1089843748">
    <nd ref="247776"/>
    <nd ref="9983242931"/>
    <tag k="cycleway:left" v="soft_lane"/>
    <tag k="cycleway:right" v="soft_lane"/>
    <tag k="highway" v="tertiary"/>
    <tag k="lanes" v="2"/>
    <tag k="lanes:backward" v="2"/>
    <tag k="lanes:forward" v="1"/>
    <tag k="maxspeed" v="50"/>
    <tag k="name" v="Dvořákovo nábřeží"/>
    <tag k="name:ru" v="набережная Дворжака"/>
    <tag k="smoothness" v="bad"/>
    <tag k="surface" v="sett"/>
    <tag k="wikidata" v="Q24052087"/>
  </way>
  <way id="1089843749">
    <nd ref="1836309233"/>
    <nd ref="292756490"/>
    <nd ref="1836299195"/>
    <nd ref="12753050455"/>
    <nd ref="1825997273"/>
    <nd ref="12753050458"/>
    <nd ref="12753050457"/>
    <nd ref="12753050456"/>
    <nd ref="292756411"/>
    <tag k="cycleway:left" v="soft_lane"/>
    <tag k="cycleway:right" v="soft_lane"/>
    <tag k="highway" v="tertiary"/>
    <tag k="lanes" v="3"/>
    <tag k="maxspeed" v="50"/>
    <tag k="maxspeed:type" v="CZ:urban"/>
    <tag k="name" v="Dvořákovo nábřeží"/>
    <tag k="name:etymology:wikidata" v="Q7298"/>
    <tag k="name:ru" v="набережная Дворжака"/>
    <tag k="surface" v="sett"/>
    <tag k="turn:lanes:forward" v="left|through"/>
    <tag k="wikidata" v="Q24052087"/>
  </way>
  <way id="1115179915">
    <nd ref="3784294544"/>
    <nd ref="297594950"/>
    <tag k="cycleway:left" v="lane"/>
    <tag k="cycleway:left:lane" v="exclusive"/>
    <tag k="cycleway:right" v="no"/>
    <tag k="description" v="Oneway:bicycle=no since 04/2021"/>
    <tag k="highway" v="residential"/>
    <tag k="lanes" v="1"/>
    <tag k="layer" v="-1"/>
    <tag k="lit" v="yes"/>
    <tag k="lit_by_gaslight" v="yes"/>
    <tag k="maxspeed" v="50"/>
    <tag k="name" v="Celetná"/>
    <tag k="name:be" v="Вуліца Цэлетна"/>
    <tag k="name:de" v="Zeltnergasse"/>
    <tag k="name:eo" v="Strato Celetná"/>
    <tag k="name:ru" v="Целетная улица"/>
    <tag k="name:sk" v="Celetná"/>
    <tag k="name:uk" v="Целетна вулиця"/>
    <tag k="name:zh" v="采莱特纳街"/>
    <tag k="oneway" v="yes"/>
    <tag k="oneway:bicycle" v="no"/>
    <tag k="parking:both" v="no"/>
    <tag k="sidewalk" v="both"/>
    <tag k="sidewalk:both:surface" v="sett"/>
    <tag k="source:maxspeed" v="CZ:urban"/>
    <tag k="surface" v="asphalt"/>
    <tag k="tourism" v="attraction"/>
    <tag k="wheelchair" v="yes"/>
    <tag k="wikidata" v="Q2452427"/>
    <tag k="wikipedia" v="cs:Celetná"/>
  </way>
  <way id="1118724581">
    <nd ref="7131844169"/>
    <nd ref="8404974420"/>
    <nd ref="9216521394"/>
    <nd ref="21713486"/>
    <nd ref="8408926651"/>
    <tag k="highway" v="secondary"/>
    <tag k="lanes" v="2"/>
    <tag k="lit" v="yes"/>
    <tag k="maxspeed" v="50"/>
    <tag k="name" v="nábřeží Kapitána Jaroše"/>
    <tag k="name:etymology:wikidata" v="Q156070"/>
    <tag k="oneway" v="yes"/>
    <tag k="sorting_name" v="Kapitána Jaroše"/>
    <tag k="source:maxspeed" v="CZ:urban"/>
    <tag k="surface" v="asphalt"/>
    <tag k="turn:lanes" v="left|through;right"/>
  </way>
  <way id="1119453063">
    <nd ref="5068616221"/>
    <nd ref="13001208198"/>
    <nd ref="25685545"/>
    <tag k="carriage" v="no"/>
    <tag k="highway" v="residential"/>
    <tag k="lane_markings" v="no"/>
    <tag k="lit" v="yes"/>
    <tag k="lit_by_gaslight" v="yes"/>
    <tag k="motor_vehicle" v="delivery"/>
    <tag k="name" v="U Lužického semináře"/>
    <tag k="name:cs" v="U Lužického semináře"/>
    <tag k="name:de" v="Zum Lausitzer Seminar"/>
    <tag k="name:etymology:wikidata" v="Q160739"/>
    <tag k="oneway" v="no"/>
    <tag k="sidewalk:both" v="separate"/>
    <tag k="smoothness" v="intermediate"/>
    <tag k="surface" v="sett"/>
  </way>
  <way id="1119453064">
    <nd ref="25685547"/>
    <nd ref="1307142657"/>
    <tag k="carriage" v="no"/>
    <tag k="highway" v="residential"/>
    <tag k="lane_markings" v="no"/>
    <tag k="lit" v="yes"/>
    <tag k="lit_by_gaslight" v="yes"/>
    <tag k="name" v="U Lužického semináře"/>
    <tag k="name:etymology:wikidata" v="Q160739"/>
    <tag k="oneway" v="no"/>
    <tag k="sidewalk" v="left"/>
    <tag k="surface" v="sett"/>
  </way>
  <way id="1119453065">
    <nd ref="1307142657"/>
    <nd ref="5068616222"/>
    <tag k="carriage" v="no"/>
    <tag k="highway" v="residential"/>
    <tag k="lane_markings" v="no"/>
    <tag k="lit" v="yes"/>
    <tag k="lit_by_gaslight" v="yes"/>
    <tag k="name" v="U Lužického semináře"/>
    <tag k="name:cs" v="U Lužického semináře"/>
    <tag k="name:de" v="Zum Lausitzer Seminar"/>
    <tag k="name:etymology:wikidata" v="Q160739"/>
    <tag k="oneway" v="no"/>
    <tag k="sidewalk:left" v="yes"/>
    <tag k="sidewalk:right" v="separate"/>
    <tag k="surface" v="sett"/>
  </way>
  <way id="1134618694">
    <nd ref="25660116"/>
    <nd ref="26517371"/>
    <tag k="highway" v="residential"/>
    <tag k="lanes" v="1"/>
    <tag k="maxspeed" v="50"/>
    <tag k="name" v="Malá Štupartská"/>
    <tag k="name:de" v="Kleine Stupartgasse"/>
    <tag k="oneway" v="yes"/>
    <tag k="sidewalk:both" v="separate"/>
    <tag k="source:maxspeed" v="CZ:urban"/>
    <tag k="surface" v="asphalt"/>
    <tag k="wikidata" v="Q43388855"/>
  </way>
  <way id="1135713529">
    <nd ref="3426533360"/>
    <nd ref="658937695"/>
    <nd ref="1016303784"/>
    <nd ref="25685118"/>
    <tag k="cycleway:both" v="no"/>
    <tag k="highway" v="residential"/>
    <tag k="incline" v="up"/>
    <tag k="lane_markings" v="no"/>
    <tag k="lit" v="yes"/>
    <tag k="maxspeed:type" v="CZ:urban"/>
    <tag k="motor_vehicle" v="no"/>
    <tag k="motor_vehicle:conditional" v="destination @ (22:00-07:00)"/>
    <tag k="name" v="Kozí"/>
    <tag k="name:de" v="Ziegengasse"/>
    <tag k="name:ru" v="Козья улица"/>
    <tag k="sidewalk:left" v="yes"/>
    <tag k="sidewalk:left:surface" v="sett"/>
    <tag k="sidewalk:right" v="separate"/>
    <tag k="smoothness" v="bad"/>
    <tag k="source:name" v="nameit/uir-adr"/>
    <tag k="surface" v="sett"/>
    <tag k="wikidata" v="Q43388439"/>
  </way>
  <way id="1138306058">
    <nd ref="10611327581"/>
    <nd ref="1245319963"/>
    <nd ref="1245319991"/>
    <tag k="highway" v="residential"/>
    <tag k="lanes" v="1"/>
    <tag k="lit" v="yes"/>
    <tag k="name" v="Maltézské náměstí"/>
    <tag k="name:de" v="Malteserplatz"/>
    <tag k="name:ru" v="Мальтийская площадь"/>
    <tag k="oneway" v="yes"/>
    <tag k="sidewalk" v="left"/>
    <tag k="sidewalk:left:surface" v="sett"/>
    <tag k="surface" v="sett"/>
  </way>
  <way id="1138306096">
    <nd ref="1245319991"/>
    <nd ref="1245320081"/>
    <tag k="highway" v="residential"/>
    <tag k="lanes" v="2"/>
    <tag k="lit" v="yes"/>
    <tag k="lit_by_gaslight" v="yes"/>
    <tag k="name" v="Maltézské náměstí"/>
    <tag k="name:de" v="Malteserplatz"/>
    <tag k="name:ru" v="Мальтийская площадь"/>
    <tag k="sidewalk" v="left"/>
    <tag k="sidewalk:left:surface" v="sett"/>
    <tag k="smoothness" v="intermediate"/>
    <tag k="surface" v="sett"/>
  </way>
  <way id="1150751895">
    <nd ref="10704775245"/>
    <nd ref="25673302"/>
    <tag k="carriage" v="no"/>
    <tag k="highway" v="living_street"/>
    <tag k="lanes" v="2"/>
    <tag k="maxspeed" v="20"/>
    <tag k="surface" v="sett"/>
  </way>
  <way id="1150751896">
    <nd ref="8810388"/>
    <nd ref="10704775247"/>
    <tag k="highway" v="living_street"/>
    <tag k="lanes" v="1"/>
    <tag k="lit" v="yes"/>
    <tag k="maxspeed" v="20"/>
    <tag k="name" v="Maiselova"/>
    <tag k="name:de" v="Maiselgasse"/>
    <tag k="name:etymology:wikidata" v="Q721293"/>
    <tag k="name:ru" v="улица Майзелова"/>
    <tag k="oneway" v="yes"/>
    <tag k="oneway:bicycle" v="no"/>
    <tag k="sidewalk" v="separate"/>
    <tag k="surface" v="sett"/>
    <tag k="traffic_calming" v="table"/>
    <tag k="vehicle" v="destination"/>
    <tag k="wikidata" v="Q26897372"/>
  </way>
  <way id="1151953423">
    <nd ref="26423671"/>
    <nd ref="333347566"/>
    <nd ref="9802672048"/>
    <nd ref="315521183"/>
    <nd ref="25657071"/>
    <tag k="highway" v="living_street"/>
    <tag k="lanes" v="1"/>
    <tag k="lit" v="yes"/>
    <tag k="maxspeed" v="20"/>
    <tag k="name" v="Martinská"/>
    <tag k="name:cs" v="Martinská"/>
    <tag k="name:de" v="Martinsgasse"/>
    <tag k="name:ru" v="Мартинская улица"/>
    <tag k="note" v="living_street (obytná zóna) since 2022 oneway:bicycle=no few months in 2020"/>
    <tag k="oneway" v="yes"/>
    <tag k="oneway:bicycle" v="yes"/>
    <tag k="removed:oneway:bicycle" v="no"/>
    <tag k="source" v="cuzk:km;local knowledge"/>
    <tag k="surface" v="asphalt"/>
  </way>
  <way id="1156890539">
    <nd ref="10758403482"/>
    <nd ref="9729026757"/>
    <nd ref="1417496265"/>
    <nd ref="9719759620"/>
    <nd ref="9729026778"/>
    <nd ref="9729026794"/>
    <nd ref="9729026777"/>
    <nd ref="9729026775"/>
    <nd ref="9729026771"/>
    <nd ref="10758403486"/>
    <nd ref="11586562841"/>
    <nd ref="10758403473"/>
    <tag k="cycleway" v="opposite_lane"/>
    <tag k="cycleway:right:lane" v="exclusive"/>
    <tag k="highway" v="residential"/>
    <tag k="lanes" v="1"/>
    <tag k="lit" v="yes"/>
    <tag k="maxspeed" v="50"/>
    <tag k="name" v="Na Příkopě"/>
    <tag k="name:de" v="Graben"/>
    <tag k="oneway" v="yes"/>
    <tag k="oneway:bicycle" v="no"/>
    <tag k="sidewalk:both" v="separate"/>
    <tag k="source:maxspeed" v="CZ:urban"/>
    <tag k="surface" v="asphalt"/>
    <tag k="tourism" v="attraction"/>
    <tag k="wikidata" v="Q1841356"/>
  </way>
  <way id="1156890542">
    <nd ref="4519609771"/>
    <nd ref="1417496269"/>
    <nd ref="9747480649"/>
    <nd ref="9729026811"/>
    <tag k="cycleway:left" v="lane"/>
    <tag k="cycleway:left:lane" v="exclusive"/>
    <tag k="cycleway:left:oneway" v="-1"/>
    <tag k="cycleway:right" v="no"/>
    <tag k="highway" v="residential"/>
    <tag k="lanes" v="1"/>
    <tag k="lit" v="yes"/>
    <tag k="maxspeed" v="50"/>
    <tag k="name" v="Celetná"/>
    <tag k="name:be" v="Вуліца Цэлетна"/>
    <tag k="name:de" v="Zeltnergasse"/>
    <tag k="name:eo" v="Strato Celetná"/>
    <tag k="name:ru" v="Целетная улица"/>
    <tag k="name:sk" v="Celetná"/>
    <tag k="name:uk" v="Целетна вулиця"/>
    <tag k="name:zh" v="采莱特纳街"/>
    <tag k="note" v="Oneway:bicycle=no since 04/2021"/>
    <tag k="oneway" v="yes"/>
    <tag k="oneway:bicycle" v="no"/>
    <tag k="parking:both" v="no"/>
    <tag k="sidewalk:both" v="separate"/>
    <tag k="source:maxspeed" v="CZ:urban"/>
    <tag k="surface" v="asphalt"/>
    <tag k="wikidata" v="Q2452427"/>
    <tag k="wikipedia" v="cs:Celetná"/>
  </way>
  <way id="1159750889">
    <nd ref="7532862904"/>
    <nd ref="25658455"/>
    <tag k="cycleway:right" v="shared_lane"/>
    <tag k="highway" v="residential"/>
    <tag k="horse" v="no"/>
    <tag k="lane_markings" v="no"/>
    <tag k="lit" v="yes"/>
    <tag k="maxspeed" v="30"/>
    <tag k="name" v="Divadelní"/>
    <tag k="name:de" v="Theatergasse"/>
    <tag k="name:etymology:wikidata" v="Q732697"/>
    <tag k="name:ru" v="Театральная улица"/>
    <tag k="oneway" v="yes"/>
    <tag k="sidewalk:both" v="separate"/>
    <tag k="surface" v="asphalt"/>
    <tag k="wikidata" v="Q22667173"/>
  </way>
  <way id="1159750890">
    <nd ref="10785278711"/>
    <nd ref="55405202"/>
    <tag k="cycleway:right" v="lane"/>
    <tag k="cycleway:right:lane" v="advisory"/>
    <tag k="highway" v="residential"/>
    <tag k="horse" v="no"/>
    <tag k="lanes" v="1"/>
    <tag k="lit" v="yes"/>
    <tag k="maxspeed" v="30"/>
    <tag k="name" v="Divadelní"/>
    <tag k="name:de" v="Theatergasse"/>
    <tag k="name:etymology:wikidata" v="Q732697"/>
    <tag k="name:ru" v="Театральная улица"/>
    <tag k="oneway" v="yes"/>
    <tag k="sidewalk" v="separate"/>
    <tag k="surface" v="asphalt"/>
    <tag k="wikidata" v="Q22667173"/>
  </way>
  <way id="1178257531">
    <nd ref="1952577482"/>
    <nd ref="10945637601"/>
    <tag k="carriage" v="no"/>
    <tag k="highway" v="living_street"/>
    <tag k="lit" v="yes"/>
    <tag k="maxspeed" v="20"/>
    <tag k="motor_vehicle" v="no"/>
    <tag k="name" v="Saská"/>
    <tag k="name:de" v="Sachsengäßchen"/>
    <tag k="name:etymology:wikidata" v="Q1202"/>
    <tag k="smoothness" v="bad"/>
    <tag k="surface" v="sett"/>
  </way>
  <way id="1186241448">
    <nd ref="8397512746"/>
    <nd ref="8397512745"/>
    <tag k="cycleway:right" v="shared_lane"/>
    <tag k="destination" v="Revoluční"/>
    <tag k="highway" v="secondary"/>
    <tag k="lanes" v="1"/>
    <tag k="lit" v="yes"/>
    <tag k="maxspeed" v="50"/>
    <tag k="name" v="nábřeží Edvarda Beneše"/>
    <tag k="name:etymology:wikidata" v="Q152274"/>
    <tag k="oneway" v="yes"/>
    <tag k="sorting_name" v="Edvarda Beneše"/>
    <tag k="source:maxspeed" v="CZ:urban"/>
    <tag k="surface" v="asphalt"/>
    <tag k="width" v="3"/>
    <tag k="wikidata" v="Q43396282"/>
    <tag k="wikimedia_commons" v="Category:Nábřeží Edvarda Beneše"/>
    <tag k="wikipedia" v="cs:Nábřeží Edvarda Beneše"/>
  </way>
  <way id="1198518039">
    <nd ref="4323841439"/>
    <nd ref="8394248641"/>
    <nd ref="21266464"/>
    <nd ref="315515859"/>
    <nd ref="21266463"/>
    <tag k="cycleway:right" v="lane"/>
    <tag k="cycleway:right:lane" v="exclusive"/>
    <tag k="highway" v="secondary"/>
    <tag k="incline" v="up"/>
    <tag k="lane_markings" v="yes"/>
    <tag k="lanes" v="1"/>
    <tag k="lit" v="yes"/>
    <tag k="maxheight" v="4.0"/>
    <tag k="maxspeed" v="50"/>
    <tag k="name" v="Chotkova"/>
    <tag k="name:cs" v="Chotkova"/>
    <tag k="name:de" v="Chotek-Straße"/>
    <tag k="name:etymology" v="Karel Chotek z Chotkova"/>
    <tag k="name:etymology:wikidata" v="Q872870"/>
    <tag k="note" v="bicycle lane since 2023"/>
    <tag k="oneway" v="yes"/>
    <tag k="sidewalk:left" v="no"/>
    <tag k="sidewalk:right" v="separate"/>
    <tag k="source:maxspeed" v="CZ:urban"/>
    <tag k="surface" v="asphalt"/>
    <tag k="wikidata" v="Q11727019"/>
    <tag k="wikimedia_commons" v="Category:Chotkova (Prague)"/>
    <tag k="wikipedia" v="cs:Chotkova (Praha)"/>
  </way>
  <way id="1198518040">
    <nd ref="1535515875"/>
    <nd ref="11618368953"/>
    <nd ref="12529874702"/>
    <nd ref="12529874703"/>
    <nd ref="12529874701"/>
    <nd ref="7724694659"/>
    <tag k="cycleway:right" v="lane"/>
    <tag k="cycleway:right:lane" v="exclusive"/>
    <tag k="highway" v="secondary"/>
    <tag k="incline" v="up"/>
    <tag k="lane_markings" v="yes"/>
    <tag k="lanes" v="1"/>
    <tag k="lit" v="yes"/>
    <tag k="maxspeed" v="50"/>
    <tag k="name" v="Badeniho"/>
    <tag k="name:de" v="Badenistraße"/>
    <tag k="name:etymology" v="Kasimir Felix Badeni"/>
    <tag k="name:etymology:wikidata" v="Q697799"/>
    <tag k="note" v="bicycle lane since 2023"/>
    <tag k="old_name" v="I. V. Mičurina"/>
    <tag k="oneway" v="yes"/>
    <tag k="sidewalk:left" v="no"/>
    <tag k="sidewalk:right" v="separate"/>
    <tag k="source:maxspeed" v="CZ:urban"/>
    <tag k="surface" v="asphalt"/>
    <tag k="wikidata" v="Q43386342"/>
    <tag k="wikimedia_commons" v="Category:Badeniho"/>
    <tag k="wikipedia" v="cs:Badeniho"/>
  </way>
  <way id="1207196511">
    <nd ref="26518407"/>
    <nd ref="8533357129"/>
    <nd ref="6490559343"/>
    <nd ref="8533357130"/>
    <nd ref="8533357131"/>
    <nd ref="8533357132"/>
    <nd ref="310161328"/>
    <nd ref="8533357133"/>
    <nd ref="8533357134"/>
    <nd ref="21266465"/>
    <tag k="cycleway:both" v="no"/>
    <tag k="highway" v="residential"/>
    <tag k="lanes" v="2"/>
    <tag k="lit" v="yes"/>
    <tag k="maxspeed:type" v="CZ:urban"/>
    <tag k="name" v="náměstí Jana Palacha"/>
    <tag k="name:be" v="плошча Яна Палаха"/>
    <tag k="name:ru" v="площадь Яна Палаха"/>
    <tag k="sidewalk:both" v="separate"/>
    <tag k="smoothness" v="intermediate"/>
    <tag k="sorting_name" v="Jana Palacha"/>
    <tag k="surface" v="sett"/>
  </way>
  <way id="1215035747">
    <nd ref="309292592"/>
    <nd ref="354693226"/>
    <nd ref="8397051790"/>
    <nd ref="8397051788"/>
    <nd ref="8397051789"/>
    <tag k="cycleway:right" v="no"/>
    <tag k="highway" v="secondary"/>
    <tag k="lanes" v="1"/>
    <tag k="lit" v="yes"/>
    <tag k="maxspeed" v="50"/>
    <tag k="name" v="nábřeží Edvarda Beneše"/>
    <tag k="name:etymology:wikidata" v="Q152274"/>
    <tag k="oneway" v="yes"/>
    <tag k="parking:left" v="no"/>
    <tag k="parking:right" v="separate"/>
    <tag k="sidewalk:both" v="separate"/>
    <tag k="sorting_name" v="Edvarda Beneše"/>
    <tag k="source:maxspeed" v="CZ:urban"/>
    <tag k="surface" v="asphalt"/>
    <tag k="wikidata" v="Q43396282"/>
    <tag k="wikimedia_commons" v="Category:Nábřeží Edvarda Beneše"/>
    <tag k="wikipedia" v="cs:Nábřeží Edvarda Beneše"/>
  </way>
  <way id="1215035748">
    <nd ref="21713481"/>
    <nd ref="8397512703"/>
    <nd ref="8397512706"/>
    <tag k="cycleway:right" v="soft_lane"/>
    <tag k="destination" v="Holešovice"/>
    <tag k="highway" v="secondary_link"/>
    <tag k="lanes" v="1"/>
    <tag k="lit" v="yes"/>
    <tag k="maxspeed" v="50"/>
    <tag k="name" v="nábřeží Edvarda Beneše"/>
    <tag k="name:etymology:wikidata" v="Q152274"/>
    <tag k="oneway" v="yes"/>
    <tag k="smoothness" v="excellent"/>
    <tag k="sorting_name" v="Edvarda Beneše"/>
    <tag k="source:maxspeed" v="CZ:urban"/>
    <tag k="surface" v="asphalt"/>
    <tag k="wikidata" v="Q43396282"/>
    <tag k="wikimedia_commons" v="Category:Nábřeží Edvarda Beneše"/>
    <tag k="wikipedia" v="cs:Nábřeží Edvarda Beneše"/>
  </way>
  <way id="1225633918">
    <nd ref="8810420"/>
    <nd ref="12394450987"/>
    <nd ref="1768454894"/>
    <nd ref="1016303170"/>
    <tag k="cycleway:right" v="soft_lane"/>
    <tag k="highway" v="residential"/>
    <tag k="lanes" v="2"/>
    <tag k="lit" v="yes"/>
    <tag k="maxspeed:type" v="CZ:urban"/>
    <tag k="name" v="Na Rejdišti"/>
    <tag k="oneway" v="yes"/>
    <tag k="sidewalk" v="separate"/>
    <tag k="smoothness" v="good"/>
    <tag k="surface" v="asphalt"/>
    <tag k="wikidata" v="Q43389313"/>
  </way>
  <way id="1228821292">
    <nd ref="25656547"/>
    <nd ref="12086868558"/>
    <tag k="check_date" v="2025-08-22"/>
    <tag k="highway" v="residential"/>
    <tag k="lane_markings" v="no"/>
    <tag k="lit" v="yes"/>
    <tag k="maxspeed" v="50"/>
    <tag k="name" v="Václavské náměstí"/>
    <tag k="name:be" v="Вацлаўская плошча"/>
    <tag k="name:de" v="Wenzelsplatz"/>
    <tag k="name:en" v="Wenceslas Square"/>
    <tag k="name:eo" v="Venceslaa Placo"/>
    <tag k="name:es" v="Plaza de Wenceslao"/>
    <tag k="name:etymology:wikidata" v="Q196527"/>
    <tag k="name:fr" v="Place Venceslas"/>
    <tag k="name:it" v="Piazza San Venceslao"/>
    <tag k="name:ja" v="ヴァーツラフ広場"/>
    <tag k="name:ko" v="바츨라프 광장"/>
    <tag k="name:mk" v="Вацлавски намести"/>
    <tag k="name:nl" v="Wenceslausplein"/>
    <tag k="name:pl" v="Plac Wacława"/>
    <tag k="name:pt" v="Praça de Venceslau"/>
    <tag k="name:ru" v="Вацлавская площадь"/>
    <tag k="name:uk" v="Вацлавська площа"/>
    <tag k="name:zh" v="瓦茨拉夫广场"/>
    <tag k="oneway" v="yes"/>
    <tag k="overtaking" v="no"/>
    <tag k="source:maxspeed" v="CZ:urban"/>
    <tag k="surface" v="sett"/>
  </way>
  <way id="1228821293">
    <nd ref="12086868558"/>
    <nd ref="13331551519"/>
    <nd ref="1413857845"/>
    <nd ref="13502694010"/>
    <nd ref="110613519"/>
    <nd ref="5215168465"/>
    <tag k="cycleway:left" v="lane"/>
    <tag k="cycleway:left:lane" v="exclusive"/>
    <tag k="cycleway:left:oneway" v="-1"/>
    <tag k="cycleway:right" v="no"/>
    <tag k="highway" v="residential"/>
    <tag k="lanes" v="1"/>
    <tag k="lit" v="yes"/>
    <tag k="maxspeed" v="50"/>
    <tag k="name" v="Opletalova"/>
    <tag k="name:de" v="Opletal-Straße (Mariengasse)"/>
    <tag k="name:etymology:wikidata" v="Q3273875"/>
    <tag k="name:ru" v="улица Оплеталова"/>
    <tag k="oneway" v="yes"/>
    <tag k="oneway:bicycle" v="no"/>
    <tag k="source:maxspeed" v="CZ:urban"/>
    <tag k="surface" v="sett"/>
  </way>
  <way id="1230955522">
    <nd ref="300520929"/>
    <nd ref="12486985805"/>
    <nd ref="25659755"/>
    <tag k="cycleway:both" v="no"/>
    <tag k="highway" v="residential"/>
    <tag k="lanes" v="1"/>
    <tag k="lit" v="yes"/>
    <tag k="maxspeed:type" v="CZ:urban"/>
    <tag k="name" v="Široká"/>
    <tag k="name:de" v="Breite Gasse"/>
    <tag k="name:etymology:wikidata" v="Q113171416"/>
    <tag k="name:ru" v="Широкая улица"/>
    <tag k="oneway" v="yes"/>
    <tag k="sidewalk:both" v="separate"/>
    <tag k="smoothness" v="bad"/>
    <tag k="surface" v="sett"/>
    <tag k="wikidata" v="Q26897280"/>
  </way>
  <way id="1234360082">
    <nd ref="8397083436"/>
    <nd ref="8397083428"/>
    <tag k="bicycle" v="designated"/>
    <tag k="highway" v="tertiary_link"/>
    <tag k="lanes" v="1"/>
    <tag k="lit" v="yes"/>
    <tag k="maxspeed" v="50"/>
    <tag k="motor_vehicle" v="designated"/>
    <tag k="name" v="nábřeží Edvarda Beneše"/>
    <tag k="name:etymology:wikidata" v="Q152274"/>
    <tag k="oneway" v="yes"/>
    <tag k="sidewalk:left" v="no"/>
    <tag k="sidewalk:right" v="separate"/>
    <tag k="smoothness" v="bad"/>
    <tag k="surface" v="sett"/>
    <tag k="wikidata" v="Q43396282"/>
    <tag k="wikimedia_commons" v="Category:Nábřeží Edvarda Beneše"/>
    <tag k="wikipedia" v="cs:Nábřeží Edvarda Beneše"/>
  </way>
  <way id="1249875184">
    <nd ref="8394248534"/>
    <nd ref="8394236203"/>
    <nd ref="1016197998"/>
    <nd ref="8394248557"/>
    <tag k="bicycle" v="yes"/>
    <tag k="foot" v="yes"/>
    <tag k="highway" v="residential"/>
    <tag k="lane_markings" v="no"/>
    <tag k="lit" v="yes"/>
    <tag k="maxspeed:type" v="CZ:urban"/>
    <tag k="motor_vehicle" v="destination"/>
    <tag k="name" v="Na Baště svatého Tomáše"/>
    <tag k="name:de" v="Bastei des Heiligen Thomas"/>
    <tag k="oneway" v="yes"/>
    <tag k="parking:both" v="no"/>
    <tag k="short_name" v="Na Baště sv. Tomáše"/>
    <tag k="sidewalk:left" v="separate"/>
    <tag k="sidewalk:right" v="no"/>
    <tag k="source" v="cuzk:km"/>
    <tag k="surface" v="asphalt"/>
    <tag k="wikidata" v="Q43389075"/>
    <tag k="wikimedia_commons" v="Category:Na baště sv. Tomáše"/>
    <tag k="wikipedia" v="cs:Na baště sv. Tomáše"/>
  </way>
  <way id="1264868256">
    <nd ref="11618368957"/>
    <nd ref="11618368954"/>
    <tag k="highway" v="secondary_link"/>
    <tag k="lane_markings" v="no"/>
    <tag k="lit" v="yes"/>
    <tag k="maxspeed" v="50"/>
    <tag k="noname" v="yes"/>
    <tag k="oneway" v="yes"/>
    <tag k="source" v="cuzk:km"/>
    <tag k="source:maxspeed" v="CZ:urban"/>
    <tag k="surface" v="sett"/>
  </way>
  <way id="1265821586">
    <nd ref="11618368957"/>
    <nd ref="4323267362"/>
    <nd ref="4323267353"/>
    <nd ref="4323267348"/>
    <tag k="highway" v="secondary"/>
    <tag k="lane_markings" v="no"/>
    <tag k="lanes" v="1"/>
    <tag k="lit" v="yes"/>
    <tag k="maxspeed" v="50"/>
    <tag k="name" v="Chotkova"/>
    <tag k="name:cs" v="Chotkova"/>
    <tag k="name:de" v="Chotek-Straße"/>
    <tag k="name:etymology" v="Karel Chotek z Chotkova"/>
    <tag k="name:etymology:wikidata" v="Q872870"/>
    <tag k="oneway" v="yes"/>
    <tag k="sidewalk" v="separate"/>
    <tag k="source:maxspeed" v="CZ:urban"/>
    <tag k="surface" v="asphalt"/>
    <tag k="wikidata" v="Q11727019"/>
    <tag k="wikimedia_commons" v="Category:Chotkova (Prague)"/>
    <tag k="wikipedia" v="cs:Chotkova (Praha)"/>
  </way>
  <way id="1265821587">
    <nd ref="11750869114"/>
    <nd ref="1535515866"/>
    <tag k="cycleway:right" v="lane"/>
    <tag k="cycleway:right:lane" v="exclusive"/>
    <tag k="highway" v="secondary"/>
    <tag k="incline" v="up"/>
    <tag k="lane_markings" v="yes"/>
    <tag k="lanes" v="1"/>
    <tag k="lit" v="yes"/>
    <tag k="maxspeed" v="50"/>
    <tag k="name" v="Badeniho"/>
    <tag k="name:de" v="Badenistraße"/>
    <tag k="name:etymology" v="Kasimir Felix Badeni"/>
    <tag k="name:etymology:wikidata" v="Q697799"/>
    <tag k="note" v="bicycle lane since 2023"/>
    <tag k="old_name" v="I. V. Mičurina"/>
    <tag k="oneway" v="yes"/>
    <tag k="sidewalk:left" v="no"/>
    <tag k="sidewalk:right" v="separate"/>
    <tag k="source:maxspeed" v="CZ:urban"/>
    <tag k="surface" v="asphalt"/>
    <tag k="wikidata" v="Q43386342"/>
    <tag k="wikimedia_commons" v="Category:Badeniho"/>
    <tag k="wikipedia" v="cs:Badeniho"/>
  </way>
  <way id="1265821588">
    <nd ref="11618368954"/>
    <nd ref="4323267376"/>
    <nd ref="12529874704"/>
    <nd ref="309291818"/>
    <nd ref="12529781290"/>
    <nd ref="11750869113"/>
    <nd ref="11750869114"/>
    <tag k="foot" v="no"/>
    <tag k="highway" v="secondary_link"/>
    <tag k="lane_markings" v="no"/>
    <tag k="lit" v="yes"/>
    <tag k="maxspeed" v="50"/>
    <tag k="noname" v="yes"/>
    <tag k="oneway" v="yes"/>
    <tag k="sidewalk" v="no"/>
    <tag k="source" v="cuzk:km"/>
    <tag k="source:maxspeed" v="CZ:urban"/>
    <tag k="surface" v="asphalt"/>
  </way>
  <way id="1265821589">
    <nd ref="11618368954"/>
    <nd ref="1174003834"/>
    <tag k="cycleway:right" v="shared_lane"/>
    <tag k="foot" v="no"/>
    <tag k="highway" v="secondary"/>
    <tag k="lane_markings" v="no"/>
    <tag k="lanes" v="1"/>
    <tag k="lit" v="yes"/>
    <tag k="maxspeed" v="50"/>
    <tag k="name" v="Chotkova"/>
    <tag k="name:cs" v="Chotkova"/>
    <tag k="name:de" v="Chotek-Straße"/>
    <tag k="name:etymology" v="Karel Chotek z Chotkova"/>
    <tag k="name:etymology:wikidata" v="Q872870"/>
    <tag k="oneway" v="yes"/>
    <tag k="sidewalk" v="no"/>
    <tag k="source:maxspeed" v="CZ:urban"/>
    <tag k="surface" v="asphalt"/>
    <tag k="wikidata" v="Q11727019"/>
    <tag k="wikimedia_commons" v="Category:Chotkova (Prague)"/>
    <tag k="wikipedia" v="cs:Chotkova (Praha)"/>
  </way>
  <way id="1282521684">
    <nd ref="11901517370"/>
    <nd ref="5262527616"/>
    <nd ref="25691320"/>
    <nd ref="12529781297"/>
    <nd ref="12529781298"/>
    <nd ref="7726221677"/>
    <nd ref="1535515880"/>
    <tag k="cycleway:left" v="shared_lane"/>
    <tag k="cycleway:left:lane" v="pictogram"/>
    <tag k="cycleway:left:oneway" v="-1"/>
    <tag k="cycleway:right" v="no"/>
    <tag k="highway" v="residential"/>
    <tag k="lit" v="yes"/>
    <tag k="maxspeed" v="30"/>
    <tag k="maxspeed:type" v="CZ:zone30"/>
    <tag k="name" v="Mickiewiczova"/>
    <tag k="name:etymology:wikidata" v="Q79822"/>
    <tag k="oneway" v="yes"/>
    <tag k="oneway:bicycle" v="no"/>
    <tag k="sidewalk:both" v="separate"/>
    <tag k="surface" v="sett"/>
    <tag k="wikidata" v="Q43388959"/>
    <tag k="wikimedia_commons" v="Category:Mickiewiczova (Prague)"/>
    <tag k="zone:maxspeed" v="30"/>
  </way>
  <way id="1287341431">
    <nd ref="4323841244"/>
    <nd ref="5024338868"/>
    <nd ref="4323841241"/>
    <nd ref="11939343807"/>
    <tag k="highway" v="secondary"/>
    <tag k="lanes" v="1"/>
    <tag k="lit" v="yes"/>
    <tag k="maxspeed" v="50"/>
    <tag k="name" v="Klárov"/>
    <tag k="name:etymology" v="Alois Klar"/>
    <tag k="name:etymology:wikidata" v="Q176445"/>
    <tag k="oneway" v="yes"/>
    <tag k="source:maxspeed" v="CZ:urban"/>
    <tag k="surface" v="sett"/>
    <tag k="wikidata" v="Q12029502"/>
    <tag k="wikimedia_commons" v="Category:Klárov"/>
    <tag k="wikipedia" v="cs:Klárov"/>
  </way>
  <way id="1301524635">
    <nd ref="25658614"/>
    <nd ref="12055266217"/>
    <tag k="highway" v="living_street"/>
    <tag k="lanes" v="1"/>
    <tag k="lit" v="yes"/>
    <tag k="maxspeed" v="20"/>
    <tag k="motor_vehicle" v="destination"/>
    <tag k="name" v="Husova"/>
    <tag k="name:be" v="Гусава вуліца"/>
    <tag k="name:de" v="Husgasse"/>
    <tag k="name:etymology:wikidata" v="Q43977"/>
    <tag k="name:ru" v="Гусова улица"/>
    <tag k="oneway" v="yes"/>
    <tag k="oneway:bicycle" v="yes"/>
    <tag k="parking:both" v="no"/>
    <tag k="sidewalk" v="right"/>
    <tag k="sidewalk:right:surface" v="sett"/>
    <tag k="smoothness" v="bad"/>
    <tag k="surface" v="sett"/>
    <tag k="width" v="2.5"/>
  </way>
  <way id="1301524798">
    <nd ref="25657937"/>
    <nd ref="431313109"/>
    <nd ref="13184534980"/>
    <nd ref="13184534982"/>
    <nd ref="25657939"/>
    <tag k="cycleway:both" v="no"/>
    <tag k="highway" v="residential"/>
    <tag k="lanes" v="1"/>
    <tag k="lit" v="yes"/>
    <tag k="lit_by_gaslight" v="yes"/>
    <tag k="maxspeed" v="50"/>
    <tag k="name" v="Betlémské náměstí"/>
    <tag k="name:be" v="Батлейская плошча"/>
    <tag k="name:de" v="Bethlehemsplatz"/>
    <tag k="name:ru" v="Вифлеемская площадь"/>
    <tag k="oneway" v="yes"/>
    <tag k="oneway:bicycle" v="yes"/>
    <tag k="parking:left" v="no"/>
    <tag k="parking:right" v="lane"/>
    <tag k="parking:right:orientation" v="parallel"/>
    <tag k="sidewalk:left" v="separate"/>
    <tag k="sidewalk:right" v="yes"/>
    <tag k="sidewalk:right:surface" v="sett"/>
    <tag k="smoothness" v="intermediate"/>
    <tag k="source:name" v="nameit/uir-adr"/>
    <tag k="surface" v="sett"/>
  </way>
  <way id="1301524799">
    <nd ref="25657939"/>
    <nd ref="13184534983"/>
    <nd ref="13184534981"/>
    <nd ref="25657942"/>
    <nd ref="13184534939"/>
    <tag k="highway" v="residential"/>
    <tag k="lanes" v="1"/>
    <tag k="lit" v="yes"/>
    <tag k="lit_by_gaslight" v="yes"/>
    <tag k="maxspeed" v="50"/>
    <tag k="name" v="Betlémské náměstí"/>
    <tag k="name:be" v="Батлейская плошча"/>
    <tag k="name:de" v="Bethlehemsplatz"/>
    <tag k="name:ru" v="Вифлеемская площадь"/>
    <tag k="oneway" v="yes"/>
    <tag k="oneway:bicycle" v="yes"/>
    <tag k="parking:both" v="no"/>
    <tag k="sidewalk:left" v="separate"/>
    <tag k="sidewalk:right" v="yes"/>
    <tag k="source:name" v="nameit/uir-adr"/>
    <tag k="surface" v="sett"/>
  </way>
  <way id="1301555301">
    <nd ref="12055495229"/>
    <nd ref="12055495230"/>
    <tag k="bicycle" v="yes"/>
    <tag k="foot" v="yes"/>
    <tag k="highway" v="living_street"/>
    <tag k="lanes" v="1"/>
    <tag k="lit" v="yes"/>
    <tag k="lit_by_gaslight" v="yes"/>
    <tag k="maxspeed" v="20"/>
    <tag k="motor_vehicle" v="destination"/>
    <tag k="name" v="Vejvodova"/>
    <tag k="oneway" v="no"/>
    <tag k="parking:both" v="no"/>
    <tag k="sidewalk" v="right"/>
    <tag k="surface" v="sett"/>
  </way>
  <way id="1301555302">
    <nd ref="12055495230"/>
    <nd ref="26424074"/>
    <nd ref="9885806893"/>
    <tag k="bicycle" v="yes"/>
    <tag k="foot" v="yes"/>
    <tag k="highway" v="living_street"/>
    <tag k="lanes" v="1"/>
    <tag k="lit" v="yes"/>
    <tag k="lit_by_gaslight" v="yes"/>
    <tag k="maxspeed" v="20"/>
    <tag k="motor_vehicle" v="destination"/>
    <tag k="name" v="Vejvodova"/>
    <tag k="oneway" v="no"/>
    <tag k="parking:both" v="no"/>
    <tag k="sidewalk" v="both"/>
    <tag k="sidewalk:both:surface" v="sett"/>
    <tag k="surface" v="sett"/>
  </way>
  <way id="1301555375">
    <nd ref="5075750426"/>
    <nd ref="4749441821"/>
    <nd ref="5076763709"/>
    <nd ref="10695630319"/>
    <nd ref="25658229"/>
    <tag k="highway" v="living_street"/>
    <tag k="lit" v="yes"/>
    <tag k="maxspeed" v="20"/>
    <tag k="motor_vehicle:conditional" v="destination @ (17:00-08:00)"/>
    <tag k="name" v="Havelská"/>
    <tag k="name:de" v="Gallusgasse"/>
    <tag k="name:etymology:wikidata" v="Q180936"/>
    <tag k="name:pl" v="Gawelska"/>
    <tag k="sidewalk:left" v="separate"/>
    <tag k="sidewalk:right" v="no"/>
    <tag k="surface" v="asphalt"/>
    <tag k="wikidata" v="Q11085427"/>
  </way>
  <way id="1305006952">
    <nd ref="12086868558"/>
    <nd ref="13502694009"/>
    <nd ref="11395861830"/>
    <tag k="bicycle" v="yes"/>
    <tag k="foot" v="yes"/>
    <tag k="highway" v="residential"/>
    <tag k="horse" v="permit"/>
    <tag k="lanes" v="1"/>
    <tag k="lit" v="yes"/>
    <tag k="maxspeed" v="50"/>
    <tag k="name" v="Václavské náměstí"/>
    <tag k="name:be" v="Вацлаўская плошча"/>
    <tag k="name:de" v="Wenzelsplatz"/>
    <tag k="name:en" v="Wenceslas Square"/>
    <tag k="name:eo" v="Venceslaa Placo"/>
    <tag k="name:es" v="Plaza de Wenceslao"/>
    <tag k="name:etymology:wikidata" v="Q196527"/>
    <tag k="name:fr" v="Place Venceslas"/>
    <tag k="name:it" v="Piazza San Venceslao"/>
    <tag k="name:ja" v="ヴァーツラフ広場"/>
    <tag k="name:ko" v="바츨라프 광장"/>
    <tag k="name:mk" v="Вацлавски намести"/>
    <tag k="name:nl" v="Wenceslausplein"/>
    <tag k="name:pl" v="Plac Wacława"/>
    <tag k="name:pt" v="Praça de Venceslau"/>
    <tag k="name:ru" v="Вацлавская площадь"/>
    <tag k="name:uk" v="Вацлавська площа"/>
    <tag k="name:zh" v="瓦茨拉夫广场"/>
    <tag k="oneway" v="yes"/>
    <tag k="psv" v="no"/>
    <tag k="source:maxspeed" v="CZ:urban"/>
    <tag k="surface" v="sett"/>
  </way>
  <way id="1305006956">
    <nd ref="25656546"/>
    <nd ref="13200388562"/>
    <nd ref="13200388563"/>
    <nd ref="25656548"/>
    <nd ref="6068060655"/>
    <nd ref="1413857812"/>
    <nd ref="12198891143"/>
    <nd ref="110613145"/>
    <tag k="bicycle" v="yes"/>
    <tag k="foot" v="yes"/>
    <tag k="highway" v="residential"/>
    <tag k="horse" v="permit"/>
    <tag k="lanes" v="2"/>
    <tag k="lit" v="yes"/>
    <tag k="maxspeed" v="30"/>
    <tag k="name" v="Václavské náměstí"/>
    <tag k="name:be" v="Вацлаўская плошча"/>
    <tag k="name:cs" v="Václavské náměstí"/>
    <tag k="name:de" v="Wenzelsplatz"/>
    <tag k="name:en" v="Wenceslas Square"/>
    <tag k="name:eo" v="Venceslaa Placo"/>
    <tag k="name:es" v="Plaza de Wenceslao"/>
    <tag k="name:etymology:wikidata" v="Q196527"/>
    <tag k="name:fr" v="Place Venceslas"/>
    <tag k="name:it" v="Piazza San Venceslao"/>
    <tag k="name:ja" v="ヴァーツラフ広場"/>
    <tag k="name:ko" v="바츨라프 광장"/>
    <tag k="name:mk" v="Вацлавски намести"/>
    <tag k="name:nl" v="Wenceslausplein"/>
    <tag k="name:pl" v="Plac Wacława"/>
    <tag k="name:pt" v="Praça de Venceslau"/>
    <tag k="name:ru" v="Вацлавская площадь"/>
    <tag k="name:uk" v="Вацлавська площа"/>
    <tag k="name:zh" v="瓦茨拉夫广场"/>
    <tag k="note" v="zobousměrněno po dobu trvání stavby TT"/>
    <tag k="oneway" v="yes"/>
    <tag k="overtaking" v="no"/>
    <tag k="parking:left" v="no"/>
    <tag k="parking:right" v="street_side"/>
    <tag k="parking:right:orientation" v="diagonal"/>
    <tag k="psv" v="no"/>
    <tag k="source:maxspeed" v="sign"/>
    <tag k="surface" v="sett"/>
  </way>
  <way id="1305016794">
    <nd ref="21672755"/>
    <nd ref="1157156589"/>
    <nd ref="4197705961"/>
    <nd ref="12086954083"/>
    <nd ref="4747985363"/>
    <tag k="embedded_rails" v="tram"/>
    <tag k="highway" v="residential"/>
    <tag k="lanes" v="2"/>
    <tag k="lit" v="yes"/>
    <tag k="maxspeed" v="50"/>
    <tag k="name" v="Jindřišská"/>
    <tag k="name:cs" v="Jindřišská"/>
    <tag k="name:de" v="Heinrichsgasse"/>
    <tag k="name:pl" v="Henrykowska"/>
    <tag k="parking:both" v="lane"/>
    <tag k="parking:both:orientation" v="parallel"/>
    <tag k="sidewalk" v="separate"/>
    <tag k="smoothness" v="good"/>
    <tag k="source:maxspeed" v="CZ:urban"/>
    <tag k="surface" v="asphalt"/>
  </way>
  <way id="1305016799">
    <nd ref="415004426"/>
    <nd ref="1265671364"/>
    <nd ref="4543001580"/>
    <nd ref="25655304"/>
    <nd ref="25655303"/>
    <tag k="embedded_rails" v="tram"/>
    <tag k="highway" v="residential"/>
    <tag k="lane_markings" v="no"/>
    <tag k="lanes" v="1"/>
    <tag k="lanes:both_ways" v="1"/>
    <tag k="lit" v="yes"/>
    <tag k="maxspeed:type" v="CZ:urban"/>
    <tag k="name" v="Vodičkova"/>
    <tag k="name:de" v="Wassergasse"/>
    <tag k="sidewalk:both" v="separate"/>
    <tag k="smoothness" v="good"/>
    <tag k="source" v="Bing,cuzk"/>
    <tag k="surface" v="asphalt"/>
  </way>
  <way id="1313487089">
    <nd ref="9837878719"/>
    <nd ref="13907262626"/>
    <nd ref="13205031230"/>
    <nd ref="12157709113"/>
    <nd ref="12157709112"/>
    <nd ref="12157709111"/>
    <nd ref="12157709110"/>
    <nd ref="12157709107"/>
    <nd ref="12157709109"/>
    <nd ref="12157709108"/>
    <nd ref="12157709097"/>
    <nd ref="12157709094"/>
    <tag k="bicycle" v="yes"/>
    <tag k="cycleway:right" v="shared_lane"/>
    <tag k="cycleway:right:lane" v="pictogram"/>
    <tag k="highway" v="residential"/>
    <tag k="lanes" v="1"/>
    <tag k="lit" v="yes"/>
    <tag k="maxspeed" v="50"/>
    <tag k="name" v="Masarykovo nábřeží"/>
    <tag k="name:de" v="Masaryk-Ufer"/>
    <tag k="name:etymology:wikidata" v="Q78492"/>
    <tag k="name:ru" v="набережная Масарика"/>
    <tag k="oneway" v="yes"/>
    <tag k="surface" v="asphalt"/>
    <tag k="wikidata" v="Q18667556"/>
    <tag k="wikipedia" v="cs:Masarykovo nábřeží"/>
  </way>
  <way id="1313487090">
    <nd ref="12157709114"/>
    <nd ref="9837878719"/>
    <tag k="bicycle" v="yes"/>
    <tag k="cycleway:left" v="no"/>
    <tag k="cycleway:right" v="separate"/>
    <tag k="embedded_rails" v="tram"/>
    <tag k="highway" v="residential"/>
    <tag k="lanes" v="1"/>
    <tag k="lit" v="yes"/>
    <tag k="maxspeed" v="30"/>
    <tag k="name" v="Masarykovo nábřeží"/>
    <tag k="name:de" v="Masaryk-Ufer"/>
    <tag k="name:etymology:wikidata" v="Q78492"/>
    <tag k="name:ru" v="набережная Масарика"/>
    <tag k="oneway" v="yes"/>
    <tag k="surface" v="asphalt"/>
    <tag k="wikidata" v="Q18667556"/>
    <tag k="wikipedia" v="cs:Masarykovo nábřeží"/>
  </way>
  <way id="1318793079">
    <nd ref="345014514"/>
    <nd ref="12205058303"/>
    <tag k="highway" v="residential"/>
    <tag k="lane_markings" v="no"/>
    <tag k="lit" v="yes"/>
    <tag k="maxspeed" v="50"/>
    <tag k="name" v="Rybná"/>
    <tag k="name:de" v="Fischmarkt"/>
    <tag k="name:ru" v="Рыбная улица"/>
    <tag k="oneway" v="yes"/>
    <tag k="parking:left" v="no"/>
    <tag k="parking:right" v="separate"/>
    <tag k="source:maxspeed" v="CZ:urban"/>
    <tag k="surface" v="asphalt"/>
    <tag k="wikidata" v="Q43396980"/>
  </way>
  <way id="1318793094">
    <nd ref="12205058303"/>
    <nd ref="25660121"/>
    <tag k="highway" v="residential"/>
    <tag k="lane_markings" v="no"/>
    <tag k="maxspeed" v="50"/>
    <tag k="name" v="Rybná"/>
    <tag k="name:de" v="Fischmarkt"/>
    <tag k="name:ru" v="Рыбная улица"/>
    <tag k="oneway" v="yes"/>
    <tag k="parking:left" v="no"/>
    <tag k="parking:right" v="separate"/>
    <tag k="source:maxspeed" v="CZ:urban"/>
    <tag k="surface" v="asphalt"/>
    <tag k="wikidata" v="Q43396980"/>
  </way>
  <way id="1323205493">
    <nd ref="26517908"/>
    <nd ref="1016303440"/>
    <nd ref="8810390"/>
    <tag k="cycleway:both" v="no"/>
    <tag k="highway" v="residential"/>
    <tag k="lanes" v="2"/>
    <tag k="lit" v="yes"/>
    <tag k="maxspeed:type" v="CZ:urban"/>
    <tag k="name" v="Pařížská"/>
    <tag k="name:be" v="Парыжская вуліца"/>
    <tag k="name:de" v="Pariser Straße"/>
    <tag k="name:etymology:wikidata" v="Q90"/>
    <tag k="name:ja" v="パジージェスカー"/>
    <tag k="name:ru" v="Парижская улица"/>
    <tag k="name:zh" v="巴黎大街"/>
    <tag k="parking:both" v="separate"/>
    <tag k="parking:right" v="street_side"/>
    <tag k="parking:right:orientation" v="diagonal"/>
    <tag k="sidewalk" v="separate"/>
    <tag k="smoothness" v="excellent"/>
    <tag k="surface" v="asphalt"/>
    <tag k="wikidata" v="Q6810086"/>
    <tag k="wikimedia_commons" v="Category:Pařížská (Prague)"/>
    <tag k="wikipedia" v="cs:Pařížská (Praha)"/>
  </way>
  <way id="1328077842">
    <nd ref="8397051777"/>
    <nd ref="12287495447"/>
    <nd ref="12287495448"/>
    <tag k="bridge" v="yes"/>
    <tag k="carriage" v="no"/>
    <tag k="cycleway:right" v="no"/>
    <tag k="embedded_rails" v="tram"/>
    <tag k="highway" v="tertiary"/>
    <tag k="lanes" v="2"/>
    <tag k="layer" v="1"/>
    <tag k="lit" v="yes"/>
    <tag k="maxspeed" v="50"/>
    <tag k="maxspeed:type" v="CZ:urban"/>
    <tag k="maxweight:signed" v="no"/>
    <tag k="name" v="Čechův most"/>
    <tag k="name:cs" v="Čechův most"/>
    <tag k="name:cy" v="Pont Tsiechwf (Čechův)"/>
    <tag k="name:etymology:wikidata" v="Q745363"/>
    <tag k="name:ru" v="Чехов мост"/>
    <tag k="oneway" v="yes"/>
    <tag k="parking:both" v="no"/>
    <tag k="shoulder" v="no"/>
    <tag k="sidewalk:left" v="no"/>
    <tag k="sidewalk:right" v="separate"/>
    <tag k="smoothness" v="excellent"/>
    <tag k="surface" v="asphalt"/>
  </way>
  <way id="1328077847">
    <nd ref="21257811"/>
    <nd ref="12287495452"/>
    <tag k="cycleway:right" v="separate"/>
    <tag k="highway" v="tertiary"/>
    <tag k="lanes" v="1"/>
    <tag k="lit" v="yes"/>
    <tag k="maxspeed" v="CZ:urban"/>
    <tag k="name" v="nábřeží Edvarda Beneše"/>
    <tag k="name:etymology:wikidata" v="Q152274"/>
    <tag k="oneway" v="yes"/>
    <tag k="sidewalk" v="separate"/>
    <tag k="surface" v="asphalt"/>
  </way>
  <way id="1330732404">
    <nd ref="8397550996"/>
    <nd ref="8397550998"/>
    <nd ref="1306660578"/>
    <tag k="cycleway:right" v="soft_lane"/>
    <tag k="highway" v="secondary_link"/>
    <tag k="lanes" v="1"/>
    <tag k="lit" v="yes"/>
    <tag k="maxspeed" v="50"/>
    <tag k="name" v="nábřeží Kapitána Jaroše"/>
    <tag k="name:etymology:wikidata" v="Q156070"/>
    <tag k="oneway" v="yes"/>
    <tag k="sorting_name" v="Kapitána Jaroše"/>
    <tag k="source:maxspeed" v="CZ:urban"/>
    <tag k="surface" v="asphalt"/>
  </way>
  <way id="1330732406">
    <nd ref="8397512706"/>
    <nd ref="1306660620"/>
    <nd ref="11257364080"/>
    <tag k="cycleway:right" v="shared_lane"/>
    <tag k="destination" v="Holešovice"/>
    <tag k="highway" v="secondary_link"/>
    <tag k="lanes" v="1"/>
    <tag k="lit" v="yes"/>
    <tag k="maxspeed" v="50"/>
    <tag k="name" v="nábřeží Edvarda Beneše"/>
    <tag k="name:etymology:wikidata" v="Q152274"/>
    <tag k="oneway" v="yes"/>
    <tag k="smoothness" v="excellent"/>
    <tag k="sorting_name" v="Edvarda Beneše"/>
    <tag k="source:maxspeed" v="CZ:urban"/>
    <tag k="surface" v="asphalt"/>
    <tag k="wikidata" v="Q43396282"/>
    <tag k="wikimedia_commons" v="Category:Nábřeží Edvarda Beneše"/>
    <tag k="wikipedia" v="cs:Nábřeží Edvarda Beneše"/>
  </way>
  <way id="1330732407">
    <nd ref="8397083447"/>
    <nd ref="12312636285"/>
    <tag k="cycleway:right" v="lane"/>
    <tag k="highway" v="secondary"/>
    <tag k="lanes" v="1"/>
    <tag k="lit" v="yes"/>
    <tag k="maxspeed" v="CZ:urban"/>
    <tag k="name" v="nábřeží Edvarda Beneše"/>
    <tag k="name:etymology:wikidata" v="Q152274"/>
    <tag k="note" v="Bicycle soft_lane since 2021"/>
    <tag k="oneway" v="yes"/>
    <tag k="parking:both" v="no"/>
    <tag k="sorting_name" v="Edvarda Beneše"/>
    <tag k="source:maxspeed" v="CZ:urban"/>
    <tag k="surface" v="asphalt"/>
    <tag k="wikidata" v="Q43396282"/>
    <tag k="wikimedia_commons" v="Category:Nábřeží Edvarda Beneše"/>
    <tag k="wikipedia" v="cs:Nábřeží Edvarda Beneše"/>
  </way>
  <way id="1330732409">
    <nd ref="8397512670"/>
    <nd ref="8397512669"/>
    <nd ref="9216521396"/>
    <tag k="cycleway:right" v="shared_lane"/>
    <tag k="cycleway:right:lane" v="pictogram"/>
    <tag k="embedded_rails:lanes" v="|tram|tram|"/>
    <tag k="foot" v="no"/>
    <tag k="highway" v="secondary"/>
    <tag k="lanes" v="2"/>
    <tag k="lit" v="yes"/>
    <tag k="maxspeed" v="50"/>
    <tag k="name" v="nábřeží Edvarda Beneše"/>
    <tag k="name:etymology:wikidata" v="Q152274"/>
    <tag k="note" v="Bicycle shared_lane since 2021"/>
    <tag k="oneway" v="yes"/>
    <tag k="parking:both" v="no"/>
    <tag k="sidewalk" v="no"/>
    <tag k="smoothness" v="excellent"/>
    <tag k="sorting_name" v="Edvarda Beneše"/>
    <tag k="source:maxspeed" v="CZ:urban"/>
    <tag k="surface" v="asphalt"/>
    <tag k="turn:lanes" v="merge_to_right|"/>
    <tag k="wikidata" v="Q43396282"/>
    <tag k="wikimedia_commons" v="Category:Nábřeží Edvarda Beneše"/>
    <tag k="wikipedia" v="cs:Nábřeží Edvarda Beneše"/>
  </way>
  <way id="1330732410">
    <nd ref="4691199669"/>
    <nd ref="8397083447"/>
    <tag k="cycleway:right" v="lane"/>
    <tag k="highway" v="secondary"/>
    <tag k="lanes" v="2"/>
    <tag k="lit" v="yes"/>
    <tag k="maxspeed" v="CZ:urban"/>
    <tag k="name" v="nábřeží Edvarda Beneše"/>
    <tag k="name:etymology:wikidata" v="Q152274"/>
    <tag k="note" v="Bicycle soft_lane since 2021"/>
    <tag k="oneway" v="yes"/>
    <tag k="parking:both" v="no"/>
    <tag k="placement" v="middle_of:1"/>
    <tag k="sorting_name" v="Edvarda Beneše"/>
    <tag k="source:maxspeed" v="CZ:urban"/>
    <tag k="surface" v="asphalt"/>
    <tag k="turn:lanes" v="|merge_to_left"/>
    <tag k="wikidata" v="Q43396282"/>
    <tag k="wikimedia_commons" v="Category:Nábřeží Edvarda Beneše"/>
    <tag k="wikipedia" v="cs:Nábřeží Edvarda Beneše"/>
  </way>
  <way id="1330732414">
    <nd ref="8397083568"/>
    <nd ref="8397083561"/>
    <tag k="bridge" v="yes"/>
    <tag k="foot" v="no"/>
    <tag k="highway" v="tertiary"/>
    <tag k="lane_markings" v="no"/>
    <tag k="layer" v="1"/>
    <tag k="lit" v="yes"/>
    <tag k="maxspeed" v="50"/>
    <tag k="maxweight:signed" v="no"/>
    <tag k="name" v="Čechův most"/>
    <tag k="name:cs" v="Čechův most"/>
    <tag k="name:cy" v="Pont Tsiechwf (Čechův)"/>
    <tag k="name:ru" v="Чехов мост"/>
    <tag k="oneway" v="yes"/>
    <tag k="sidewalk" v="no"/>
    <tag k="surface" v="sett"/>
  </way>
  <way id="1330732415">
    <nd ref="8397083465"/>
    <nd ref="4692949900"/>
    <tag k="embedded_rails" v="tram"/>
    <tag k="embedded_rails:lanes" v="tram|"/>
    <tag k="foot" v="no"/>
    <tag k="highway" v="secondary"/>
    <tag k="lanes" v="1"/>
    <tag k="lit" v="yes"/>
    <tag k="maxspeed" v="50"/>
    <tag k="name" v="nábřeží Edvarda Beneše"/>
    <tag k="name:etymology:wikidata" v="Q152274"/>
    <tag k="oneway" v="yes"/>
    <tag k="sidewalk:left" v="no"/>
    <tag k="sidewalk:right" v="separate"/>
    <tag k="smoothness" v="excellent"/>
    <tag k="sorting_name" v="Edvarda Beneše"/>
    <tag k="source:maxspeed" v="CZ:urban"/>
    <tag k="surface" v="asphalt"/>
    <tag k="wikidata" v="Q43396282"/>
    <tag k="wikimedia_commons" v="Category:Nábřeží Edvarda Beneše"/>
    <tag k="wikipedia" v="cs:Nábřeží Edvarda Beneše"/>
  </way>
  <way id="1330732417">
    <nd ref="4691199671"/>
    <nd ref="12312667913"/>
    <tag k="cycleway:right" v="lane"/>
    <tag k="highway" v="tertiary"/>
    <tag k="lanes" v="1"/>
    <tag k="lit" v="yes"/>
    <tag k="maxspeed" v="CZ:urban"/>
    <tag k="name" v="nábřeží Edvarda Beneše"/>
    <tag k="name:etymology:wikidata" v="Q152274"/>
    <tag k="oneway" v="yes"/>
    <tag k="sidewalk:left" v="no"/>
    <tag k="sidewalk:right" v="separate"/>
    <tag k="surface" v="asphalt"/>
    <tag k="wikidata" v="Q43396282"/>
    <tag k="wikimedia_commons" v="Category:Nábřeží Edvarda Beneše"/>
    <tag k="wikipedia" v="cs:Nábřeží Edvarda Beneše"/>
  </way>
  <way id="1330734369">
    <nd ref="8810417"/>
    <nd ref="12312686006"/>
    <tag k="highway" v="tertiary"/>
    <tag k="lanes" v="2"/>
    <tag k="lit" v="yes"/>
    <tag k="maxspeed" v="50"/>
    <tag k="name" v="Nové Mlýny"/>
    <tag k="name:de" v="Neumühlen"/>
    <tag k="name:ru" v="Ново-Мельничная улица"/>
    <tag k="oneway" v="yes"/>
    <tag k="sidewalk:both" v="separate"/>
    <tag k="source:maxspeed" v="CZ:urban"/>
    <tag k="surface" v="asphalt"/>
    <tag k="turn:lanes" v="left|right"/>
    <tag k="wikidata" v="Q43052145"/>
  </way>
  <way id="1330734370">
    <nd ref="12312686006"/>
    <nd ref="12858956868"/>
    <nd ref="12312686010"/>
    <nd ref="1825997272"/>
    <nd ref="8746404185"/>
    <nd ref="12312686008"/>
    <tag k="cycleway:right" v="soft_lane"/>
    <tag k="highway" v="tertiary"/>
    <tag k="lanes" v="2"/>
    <tag k="lit" v="yes"/>
    <tag k="maxspeed" v="50"/>
    <tag k="name" v="Nové Mlýny"/>
    <tag k="name:de" v="Neumühlen"/>
    <tag k="name:ru" v="Ново-Мельничная улица"/>
    <tag k="oneway" v="yes"/>
    <tag k="sidewalk:both" v="separate"/>
    <tag k="source:maxspeed" v="CZ:urban"/>
    <tag k="surface" v="asphalt"/>
    <tag k="turn:lanes" v="left|right"/>
    <tag k="wikidata" v="Q43052145"/>
  </way>
  <way id="1330734371">
    <nd ref="8810022"/>
    <nd ref="12312686012"/>
    <nd ref="1238413449"/>
    <nd ref="12312686011"/>
    <nd ref="12312686005"/>
    <nd ref="8810417"/>
    <tag k="highway" v="tertiary"/>
    <tag k="lanes" v="2"/>
    <tag k="lit" v="yes"/>
    <tag k="maxspeed" v="50"/>
    <tag k="name" v="Nové Mlýny"/>
    <tag k="name:de" v="Neumühlen"/>
    <tag k="name:ru" v="Ново-Мельничная улица"/>
    <tag k="oneway" v="yes"/>
    <tag k="sidewalk:both" v="separate"/>
    <tag k="source:maxspeed" v="CZ:urban"/>
    <tag k="surface" v="asphalt"/>
    <tag k="turn:lanes" v="left;through;right|right"/>
    <tag k="wikidata" v="Q43052145"/>
  </way>
  <way id="1335599141">
    <nd ref="12355433049"/>
    <nd ref="292756411"/>
    <tag k="highway" v="unclassified"/>
  </way>
  <way id="1338025024">
    <nd ref="25673206"/>
    <nd ref="877271837"/>
    <nd ref="9949513458"/>
    <nd ref="320231544"/>
    <nd ref="3486781111"/>
    <nd ref="8400267725"/>
    <nd ref="13201479213"/>
    <nd ref="13201479212"/>
    <nd ref="8400267723"/>
    <tag k="highway" v="living_street"/>
    <tag k="lanes" v="1"/>
    <tag k="lit" v="yes"/>
    <tag k="lit_by_gaslight" v="yes"/>
    <tag k="maxspeed" v="20"/>
    <tag k="motor_vehicle" v="destination"/>
    <tag k="name" v="Mostecká"/>
    <tag k="name:de" v="Brückengasse"/>
    <tag k="name:etymology:wikidata" v="Q204871"/>
    <tag k="oneway" v="yes"/>
    <tag k="oneway:bicycle" v="no"/>
    <tag k="sidewalk:both" v="separate"/>
    <tag k="smoothness" v="intermediate"/>
    <tag k="source:maxspeed" v="CZ:living_street"/>
    <tag k="surface" v="sett"/>
    <tag k="width" v="6"/>
    <tag k="wikidata" v="Q12038747"/>
    <tag k="wikipedia" v="cs:Mostecká (Praha)"/>
  </way>
  <way id="1347425677">
    <nd ref="12463899938"/>
    <nd ref="25685098"/>
    <tag k="cycleway:both" v="no"/>
    <tag k="highway" v="residential"/>
    <tag k="lane_markings" v="no"/>
    <tag k="lit" v="yes"/>
    <tag k="maxspeed" v="50"/>
    <tag k="name" v="Haštalská"/>
    <tag k="name:de" v="Kastalusgasse"/>
    <tag k="name:etymology:wikidata" v="Q12030733"/>
    <tag k="name:ru" v="Гашталская улица"/>
    <tag k="oneway" v="yes"/>
    <tag k="sidewalk" v="both"/>
    <tag k="source:maxspeed" v="CZ:urban"/>
    <tag k="surface" v="sett"/>
    <tag k="wikidata" v="Q20019979"/>
  </way>
  <way id="1353650580">
    <nd ref="309292588"/>
    <nd ref="8397083574"/>
    <nd ref="8397051765"/>
    <tag k="cycleway:right" v="no"/>
    <tag k="highway" v="secondary"/>
    <tag k="lanes" v="1"/>
    <tag k="lit" v="yes"/>
    <tag k="maxspeed" v="50"/>
    <tag k="name" v="nábřeží Edvarda Beneše"/>
    <tag k="name:etymology:wikidata" v="Q152274"/>
    <tag k="note" v="neintuitivní řazení k odbočení není chyba: pruh &quot;rovně&quot; pokračuje pod most, &quot;vpravo&quot; nahoru na most"/>
    <tag k="oneway" v="yes"/>
    <tag k="parking:left" v="no"/>
    <tag k="parking:right" v="separate"/>
    <tag k="sidewalk:left" v="no"/>
    <tag k="sidewalk:right" v="separate"/>
    <tag k="sorting_name" v="Edvarda Beneše"/>
    <tag k="source:maxspeed" v="CZ:urban"/>
    <tag k="surface" v="asphalt"/>
    <tag k="turn:lanes" v="right|through"/>
    <tag k="wikidata" v="Q43396282"/>
    <tag k="wikimedia_commons" v="Category:Nábřeží Edvarda Beneše"/>
    <tag k="wikipedia" v="cs:Nábřeží Edvarda Beneše"/>
  </way>
  <way id="1376087424">
    <nd ref="8810393"/>
    <nd ref="4883181738"/>
    <nd ref="8810395"/>
    <tag k="cycleway:both" v="no"/>
    <tag k="highway" v="residential"/>
    <tag k="lanes" v="1"/>
    <tag k="lit" v="yes"/>
    <tag k="lit_by_gaslight" v="yes"/>
    <tag k="maxspeed:type" v="CZ:urban"/>
    <tag k="name" v="Kostečná"/>
    <tag k="name:de" v="Würfelgasse"/>
    <tag k="name:ru" v="Костечная улица"/>
    <tag k="oneway" v="yes"/>
    <tag k="sidewalk:both" v="separate"/>
    <tag k="source:name" v="nameit/uir-adr"/>
    <tag k="surface" v="sett"/>
  </way>
  <way id="1377304383">
    <nd ref="12312686008"/>
    <nd ref="12312686009"/>
    <nd ref="8810022"/>
    <tag k="highway" v="tertiary"/>
    <tag k="lanes" v="2"/>
    <tag k="lit" v="yes"/>
    <tag k="maxspeed" v="50"/>
    <tag k="name" v="Nové Mlýny"/>
    <tag k="name:de" v="Neumühlen"/>
    <tag k="name:ru" v="Ново-Мельничная улица"/>
    <tag k="oneway" v="yes"/>
    <tag k="sidewalk:both" v="separate"/>
    <tag k="source:maxspeed" v="CZ:urban"/>
    <tag k="surface" v="asphalt"/>
    <tag k="turn:lanes" v="left|right"/>
  </way>
  <way id="1377304384">
    <nd ref="1836299194"/>
    <nd ref="12753050454"/>
    <tag k="highway" v="tertiary"/>
    <tag k="lanes" v="4"/>
    <tag k="lanes:backward" v="2"/>
    <tag k="lanes:forward" v="2"/>
    <tag k="lit" v="yes"/>
    <tag k="maxspeed:type" v="CZ:urban"/>
    <tag k="name" v="Dvořákovo nábřeží"/>
    <tag k="name:etymology:wikidata" v="Q7298"/>
    <tag k="name:ru" v="набережная Дворжака"/>
    <tag k="sidewalk:both" v="separate"/>
    <tag k="surface" v="sett"/>
    <tag k="wikidata" v="Q24052087"/>
  </way>
  <way id="1377304385">
    <nd ref="12753050458"/>
    <nd ref="12355433049"/>
    <tag k="highway" v="residential"/>
    <tag k="oneway" v="yes"/>
    <tag k="surface" v="cobblestone"/>
  </way>
  <way id="1377381899">
    <nd ref="5264758977"/>
    <nd ref="25691465"/>
    <tag k="highway" v="residential"/>
    <tag k="lit" v="yes"/>
    <tag k="maxspeed" v="30"/>
    <tag k="maxspeed:type" v="CZ:zone30"/>
    <tag k="name" v="Park Charlotty Garrigue Masarykové"/>
    <tag k="name:etymology:wikidata" v="Q3490671"/>
    <tag k="oneway" v="yes"/>
    <tag k="sidewalk:left" v="no"/>
    <tag k="sidewalk:right" v="separate"/>
    <tag k="sorting_name" v="Charlotty Garrigue Masarykové"/>
    <tag k="surface" v="asphalt"/>
    <tag k="zone:maxspeed" v="30"/>
  </way>
  <way id="1386542058">
    <nd ref="2455467933"/>
    <nd ref="10582475461"/>
    <nd ref="2455467936"/>
    <tag k="carriage" v="no"/>
    <tag k="highway" v="living_street"/>
    <tag k="lit" v="yes"/>
    <tag k="maxheight" v="4"/>
    <tag k="maxheight:signed" v="no"/>
    <tag k="maxspeed" v="20"/>
    <tag k="name" v="Saská"/>
    <tag k="name:de" v="Sachsengäßchen"/>
    <tag k="name:etymology:wikidata" v="Q1202"/>
    <tag k="smoothness" v="bad"/>
    <tag k="surface" v="sett"/>
  </way>
  <way id="1389392170">
    <nd ref="11273764987"/>
    <nd ref="8397051774"/>
    <nd ref="8397083433"/>
    <nd ref="8397083434"/>
    <nd ref="8397083435"/>
    <nd ref="8397083436"/>
    <tag k="bicycle" v="designated"/>
    <tag k="foot" v="no"/>
    <tag k="highway" v="tertiary_link"/>
    <tag k="lanes" v="1"/>
    <tag k="lit" v="yes"/>
    <tag k="maxspeed" v="50"/>
    <tag k="motor_vehicle" v="designated"/>
    <tag k="name" v="nábřeží Edvarda Beneše"/>
    <tag k="name:etymology:wikidata" v="Q152274"/>
    <tag k="oneway" v="yes"/>
    <tag k="sidewalk" v="no"/>
    <tag k="smoothness" v="excellent"/>
    <tag k="surface" v="asphalt"/>
    <tag k="wikidata" v="Q43396282"/>
    <tag k="wikimedia_commons" v="Category:Nábřeží Edvarda Beneše"/>
    <tag k="wikipedia" v="cs:Nábřeží Edvarda Beneše"/>
  </way>
  <way id="1390727394">
    <nd ref="25673346"/>
    <nd ref="25685553"/>
    <nd ref="4864226648"/>
    <nd ref="299712650"/>
    <tag k="carriage" v="no"/>
    <tag k="highway" v="living_street"/>
    <tag k="lanes" v="1"/>
    <tag k="lit" v="yes"/>
    <tag k="maxspeed" v="20"/>
    <tag k="name" v="U Lužického semináře"/>
    <tag k="name:cs" v="U Lužického semináře"/>
    <tag k="name:de" v="Zum Lausitzer Seminar"/>
    <tag k="name:etymology:wikidata" v="Q160739"/>
    <tag k="oneway" v="alternating"/>
    <tag k="sidewalk:both" v="separate"/>
    <tag k="smoothness" v="bad"/>
    <tag k="surface" v="sett"/>
    <tag k="width" v="5"/>
  </way>
  <way id="1418875021">
    <nd ref="247751"/>
    <nd ref="13038950161"/>
    <nd ref="13038950160"/>
    <nd ref="13038950159"/>
    <nd ref="13038950166"/>
    <nd ref="13038950165"/>
    <nd ref="13159611854"/>
    <nd ref="13038950164"/>
    <nd ref="13038950162"/>
    <nd ref="4700724513"/>
    <tag k="highway" v="residential"/>
    <tag k="horse" v="no"/>
    <tag k="lanes" v="1"/>
    <tag k="lit" v="yes"/>
    <tag k="maxheight" v="3.3"/>
    <tag k="maxspeed:type" v="CZ:urban"/>
    <tag k="name" v="Křižovnická"/>
    <tag k="name:de" v="Kreuzherrengasse"/>
    <tag k="name:ru" v="Кржижовницкая улица"/>
    <tag k="oneway" v="yes"/>
    <tag k="parking:both" v="no"/>
    <tag k="sidewalk:both" v="separate"/>
    <tag k="smoothness" v="excellent"/>
    <tag k="surface" v="asphalt"/>
    <tag k="turn:lanes" v="left;through"/>
    <tag k="wikidata" v="Q43388676"/>
  </way>
  <way id="1420164429">
    <nd ref="26517601"/>
    <nd ref="13049906966"/>
    <nd ref="7040618854"/>
    <tag k="highway" v="living_street"/>
    <tag k="lanes" v="1"/>
    <tag k="maxspeed" v="20"/>
    <tag k="name" v="Rámová"/>
    <tag k="oneway" v="yes"/>
    <tag k="source:name" v="nameit/uir-adr"/>
    <tag k="surface" v="sett"/>
  </way>
  <way id="1420428195">
    <nd ref="8913083638"/>
    <nd ref="13038950158"/>
    <nd ref="247751"/>
    <tag k="highway" v="residential"/>
    <tag k="horse" v="no"/>
    <tag k="lanes" v="1"/>
    <tag k="lit" v="yes"/>
    <tag k="maxheight" v="3.3"/>
    <tag k="maxspeed:type" v="CZ:urban"/>
    <tag k="name" v="Křižovnická"/>
    <tag k="name:de" v="Kreuzherrengasse"/>
    <tag k="name:ru" v="Кржижовницкая улица"/>
    <tag k="oneway" v="yes"/>
    <tag k="parking:both" v="no"/>
    <tag k="sidewalk:both" v="separate"/>
    <tag k="smoothness" v="excellent"/>
    <tag k="surface" v="asphalt"/>
    <tag k="turn:lanes" v="left;through"/>
    <tag k="wikidata" v="Q43388676"/>
  </way>
  <way id="1420726711">
    <nd ref="4700724513"/>
    <nd ref="13038950167"/>
    <nd ref="25685385"/>
    <nd ref="4691199554"/>
    <tag k="cycleway" v="soft_lane"/>
    <tag k="cycleway:right:lane" v="advisory"/>
    <tag k="highway" v="residential"/>
    <tag k="horse" v="no"/>
    <tag k="lanes" v="1"/>
    <tag k="lit" v="yes"/>
    <tag k="maxheight" v="3.3"/>
    <tag k="maxspeed:type" v="CZ:urban"/>
    <tag k="name" v="Křižovnická"/>
    <tag k="name:de" v="Kreuzherrengasse"/>
    <tag k="name:ru" v="Кржижовницкая улица"/>
    <tag k="oneway" v="yes"/>
    <tag k="parking:both" v="no"/>
    <tag k="sidewalk:both" v="separate"/>
    <tag k="smoothness" v="excellent"/>
    <tag k="surface" v="asphalt"/>
    <tag k="turn:lanes" v="left;through"/>
    <tag k="wikidata" v="Q43388676"/>
  </way>
  <way id="1420726712">
    <nd ref="12205621957"/>
    <nd ref="9572989380"/>
    <nd ref="8533351080"/>
    <nd ref="8533357144"/>
    <nd ref="12389652564"/>
    <nd ref="6490559345"/>
    <nd ref="247751"/>
    <tag k="cycleway:both" v="no"/>
    <tag k="highway" v="residential"/>
    <tag k="lane_markings" v="no"/>
    <tag k="lit" v="yes"/>
    <tag k="maxspeed:type" v="CZ:urban"/>
    <tag k="name" v="Kaprova"/>
    <tag k="name:de" v="Karpfengasse"/>
    <tag k="name:etymology:wikidata" v="Q26878352"/>
    <tag k="name:ru" v="Капрова улица"/>
    <tag k="oneway" v="yes"/>
    <tag k="parking:left" v="separate"/>
    <tag k="parking:right" v="no"/>
    <tag k="sidewalk:both" v="separate"/>
    <tag k="smoothness" v="excellent"/>
    <tag k="surface" v="asphalt"/>
    <tag k="wikidata" v="Q26878349"/>
    <tag k="wikimedia_commons" v="Category:Kaprova (Prague)"/>
    <tag k="wikipedia" v="cs:Kaprova (Praha)"/>
  </way>
  <way id="1420726713">
    <nd ref="25685424"/>
    <nd ref="13056030126"/>
    <tag k="cycleway:both" v="no"/>
    <tag k="highway" v="residential"/>
    <tag k="lane_markings" v="no"/>
    <tag k="lit" v="yes"/>
    <tag k="maxspeed:type" v="CZ:urban"/>
    <tag k="name" v="Kaprova"/>
    <tag k="name:de" v="Karpfengasse"/>
    <tag k="name:etymology:wikidata" v="Q26878352"/>
    <tag k="name:ru" v="Капрова улица"/>
    <tag k="oneway" v="yes"/>
    <tag k="parking:left" v="separate"/>
    <tag k="parking:right" v="no"/>
    <tag k="sidewalk:both" v="separate"/>
    <tag k="smoothness" v="excellent"/>
    <tag k="surface" v="asphalt"/>
    <tag k="wikidata" v="Q26878349"/>
    <tag k="wikimedia_commons" v="Category:Kaprova (Prague)"/>
    <tag k="wikipedia" v="cs:Kaprova (Praha)"/>
  </way>
  <way id="1427565301">
    <nd ref="25671871"/>
    <nd ref="5034376772"/>
    <nd ref="1942701828"/>
    <tag k="highway" v="residential"/>
    <tag k="lanes" v="1"/>
    <tag k="lit" v="yes"/>
    <tag k="name" v="Na Kampě"/>
    <tag k="name:etymology:wikidata" v="Q3501077"/>
    <tag k="sidewalk" v="no"/>
    <tag k="surface" v="sett"/>
  </way>
  <way id="1431988324">
    <nd ref="13162196642"/>
    <nd ref="13183552315"/>
    <nd ref="13162196649"/>
    <nd ref="13162196650"/>
    <nd ref="13162196651"/>
    <nd ref="13183552316"/>
    <nd ref="13162196652"/>
    <nd ref="13183552317"/>
    <nd ref="13183552311"/>
    <nd ref="13183552312"/>
    <nd ref="13183552313"/>
    <nd ref="13162196641"/>
    <nd ref="13162196655"/>
    <nd ref="13162196656"/>
    <nd ref="13162196643"/>
    <nd ref="13162196657"/>
    <nd ref="13162196658"/>
    <nd ref="13162196640"/>
    <nd ref="13162196644"/>
    <nd ref="13162196645"/>
    <nd ref="13162196646"/>
    <nd ref="13162196647"/>
    <nd ref="13162196648"/>
    <nd ref="13162196642"/>
    <tag k="highway" v="residential"/>
    <tag k="junction" v="roundabout"/>
    <tag k="lane_markings" v="no"/>
    <tag k="oneway" v="yes"/>
    <tag k="surface" v="asphalt"/>
  </way>
  <way id="1446698776">
    <nd ref="13273821356"/>
    <nd ref="7040692532"/>
    <nd ref="25685349"/>
    <tag k="highway" v="living_street"/>
    <tag k="lit" v="yes"/>
    <tag k="lit_by_gaslight" v="yes"/>
    <tag k="maxspeed" v="20"/>
    <tag k="name" v="U Milosrdných"/>
    <tag k="name:de" v="Barmherzigengasse"/>
    <tag k="name:etymology:wikidata" v="Q58005623"/>
    <tag k="name:ru" v="улица У Милосердных"/>
    <tag k="sidewalk:left" v="separate"/>
    <tag k="sidewalk:right" v="no"/>
    <tag k="source:name" v="nameit/uir-adr"/>
    <tag k="surface" v="sett"/>
  </way>
  <way id="1453676793">
    <nd ref="13200388563"/>
    <nd ref="13331551513"/>
    <tag k="bicycle" v="yes"/>
    <tag k="highway" v="residential"/>
    <tag k="horse" v="permit"/>
    <tag k="lanes" v="1"/>
    <tag k="name" v="Krakovská"/>
    <tag k="name:de" v="Krakauer Gasse"/>
    <tag k="name:etymology:wikidata" v="Q31487"/>
    <tag k="name:ru" v="Краковская улица"/>
    <tag k="oneway" v="yes"/>
  </way>
  <way id="1453676794">
    <nd ref="13331551513"/>
    <nd ref="13331542579"/>
    <nd ref="10543057658"/>
    <nd ref="13502694013"/>
    <nd ref="12198891146"/>
    <tag k="bicycle" v="yes"/>
    <tag k="highway" v="residential"/>
    <tag k="horse" v="permit"/>
    <tag k="lanes" v="1"/>
    <tag k="name" v="Krakovská"/>
    <tag k="name:de" v="Krakauer Gasse"/>
    <tag k="name:etymology:wikidata" v="Q31487"/>
    <tag k="name:pl" v="Krakowska"/>
    <tag k="name:ru" v="Краковская улица"/>
    <tag k="oneway" v="yes"/>
    <tag k="traffic_calming" v="table"/>
  </way>
  <way id="1453676795">
    <nd ref="12198891146"/>
    <nd ref="12198891145"/>
    <tag k="bicycle" v="yes"/>
    <tag k="highway" v="residential"/>
    <tag k="horse" v="permit"/>
    <tag k="lanes" v="1"/>
    <tag k="name" v="Krakovská"/>
    <tag k="name:de" v="Krakauer Gasse"/>
    <tag k="name:etymology:wikidata" v="Q31487"/>
    <tag k="name:pl" v="Krakowska"/>
    <tag k="name:ru" v="Краковская улица"/>
    <tag k="oneway" v="yes"/>
  </way>
  <way id="1457143160">
    <nd ref="300519473"/>
    <nd ref="13363672438"/>
    <nd ref="25660079"/>
    <tag k="cycleway:both" v="no"/>
    <tag k="highway" v="residential"/>
    <tag k="lanes" v="1"/>
    <tag k="lit" v="yes"/>
    <tag k="maxspeed:type" v="CZ:urban"/>
    <tag k="name" v="Maiselova"/>
    <tag k="name:de" v="Meiselgasse"/>
    <tag k="name:etymology:wikidata" v="Q721293"/>
    <tag k="name:ru" v="улица Майзелова"/>
    <tag k="oneway" v="no"/>
    <tag k="sidewalk:both" v="separate"/>
    <tag k="smoothness" v="good"/>
    <tag k="surface" v="sett"/>
    <tag k="wikidata" v="Q26897372"/>
  </way>
  <way id="1476091441">
    <nd ref="25658228"/>
    <nd ref="300524475"/>
    <tag k="highway" v="residential"/>
    <tag k="lanes" v="2"/>
    <tag k="lit" v="yes"/>
    <tag k="lit_by_gaslight" v="yes"/>
    <tag k="maxspeed" v="50"/>
    <tag k="motor_vehicle" v="no"/>
    <tag k="name" v="Rytířská"/>
    <tag k="name:be" v="Рыцарская вуліца"/>
    <tag k="name:de" v="Rittergasse"/>
    <tag k="name:pl" v="Rycerska"/>
    <tag k="name:ru" v="Рыцарская улица"/>
    <tag k="parking:both:access" v="private"/>
    <tag k="parking:both:access:conditional" v="yes @ (06:00-08:00)"/>
    <tag k="parking:both:orientation" v="parallel"/>
    <tag k="parking:both:private" v="residents = 1"/>
    <tag k="sidewalk:both" v="separate"/>
    <tag k="smoothness" v="good"/>
    <tag k="source:name" v="nameit/uir-adr"/>
    <tag k="surface" v="asphalt"/>
  </way>
  <way id="1485418084">
    <nd ref="7724697015"/>
    <nd ref="12848981402"/>
    <nd ref="12151886675"/>
    <nd ref="13618172345"/>
    <tag k="bicycle" v="yes"/>
    <tag k="foot" v="yes"/>
    <tag k="highway" v="residential"/>
    <tag k="lane_markings" v="no"/>
    <tag k="lit" v="yes"/>
    <tag k="maxspeed" v="50"/>
    <tag k="maxspeed:type" v="CZ:urban"/>
    <tag k="motor_vehicle" v="destination"/>
    <tag k="name" v="Gogolova"/>
    <tag k="name:etymology:wikidata" v="Q43718"/>
    <tag k="old_name" v="Kounicova"/>
    <tag k="parking:left" v="separate"/>
    <tag k="parking:right" v="no"/>
    <tag k="sidewalk:both" v="separate"/>
    <tag k="source" v="cuzk:km"/>
    <tag k="source:maxspeed" v="CZ:urban"/>
    <tag k="surface" v="sett"/>
    <tag k="wikidata" v="Q43387042"/>
    <tag k="wikimedia_commons" v="Category:Gogolova (Prague)"/>
    <tag k="wikipedia" v="cs:Gogolova (Praha)"/>
  </way>
  <way id="1493572324">
    <nd ref="4749438609"/>
    <nd ref="298861639"/>
    <tag k="access" v="yes"/>
    <tag k="highway" v="residential"/>
    <tag k="lane_markings" v="no"/>
    <tag k="maxspeed" v="50"/>
    <tag k="name" v="Karoliny Světlé"/>
    <tag k="name:be" v="вуліца Караліны Светлай"/>
    <tag k="name:de" v="Karolína-Světlá-Gasse"/>
    <tag k="name:etymology:wikidata" v="Q258960"/>
    <tag k="name:ru" v="улица Каролины Светлой"/>
    <tag k="oneway" v="yes"/>
    <tag k="oneway:bicycle" v="yes"/>
    <tag k="sidewalk" v="separate"/>
    <tag k="source:name" v="nameit/uir-adr"/>
    <tag k="surface" v="sett"/>
  </way>
  <way id="1509538386">
    <nd ref="1251663060"/>
    <nd ref="8535999577"/>
    <tag k="highway" v="residential"/>
    <tag k="incline" v="up"/>
    <tag k="lit" v="yes"/>
    <tag k="name" v="U Milosrdných"/>
    <tag k="name:de" v="Barmherzigengasse"/>
    <tag k="name:etymology:wikidata" v="Q58005623"/>
    <tag k="name:ru" v="улица У Милосердных"/>
    <tag k="oneway" v="yes"/>
    <tag k="sidewalk:both" v="separate"/>
    <tag k="smoothness" v="bad"/>
    <tag k="source:name" v="nameit/uir-adr"/>
    <tag k="surface" v="sett"/>
    <tag k="wikidata" v="Q43399056"/>
  </way>
  <way id="1524947048">
    <nd ref="300084249"/>
    <nd ref="12484514520"/>
    <nd ref="300084250"/>
    <nd ref="1157156586"/>
    <tag k="highway" v="residential"/>
    <tag k="lane_markings" v="no"/>
    <tag k="lit" v="yes"/>
    <tag k="maxspeed" v="50"/>
    <tag k="name" v="Jindřišská"/>
    <tag k="name:cs" v="Jindřišská"/>
    <tag k="name:de" v="Heinrichsgasse"/>
    <tag k="oneway" v="yes"/>
    <tag k="parking:left" v="separate"/>
    <tag k="parking:right" v="no"/>
    <tag k="sidewalk:both" v="separate"/>
    <tag k="source:maxspeed" v="CZ:urban"/>
    <tag k="surface" v="sett"/>
  </way>
  <way id="1524947055">
    <nd ref="1157156586"/>
    <nd ref="10159806532"/>
    <nd ref="12484514519"/>
    <nd ref="10159806533"/>
    <tag k="highway" v="residential"/>
    <tag k="lane_markings" v="no"/>
    <tag k="lit" v="yes"/>
    <tag k="maxspeed" v="50"/>
    <tag k="name" v="Jindřišská"/>
    <tag k="name:cs" v="Jindřišská"/>
    <tag k="name:de" v="Heinrichsgasse"/>
    <tag k="oneway" v="yes"/>
    <tag k="parking:left" v="no"/>
    <tag k="parking:right" v="separate"/>
    <tag k="sidewalk:both" v="separate"/>
    <tag k="source:maxspeed" v="CZ:urban"/>
    <tag k="surface" v="sett"/>
  </way>
  <way id="1524947057">
    <nd ref="25655138"/>
    <nd ref="12484514518"/>
    <nd ref="300084249"/>
    <tag k="highway" v="residential"/>
    <tag k="lane_markings" v="no"/>
    <tag k="lit" v="yes"/>
    <tag k="maxspeed" v="50"/>
    <tag k="name" v="Jindřišská"/>
    <tag k="name:cs" v="Jindřišská"/>
    <tag k="name:de" v="Heinrichsgasse"/>
    <tag k="oneway" v="yes"/>
    <tag k="parking:left" v="no"/>
    <tag k="parking:right" v="separate"/>
    <tag k="sidewalk:both" v="separate"/>
    <tag k="source:maxspeed" v="CZ:urban"/>
    <tag k="surface" v="sett"/>
  </way>
  <way id="1545678851">
    <nd ref="300700259"/>
    <nd ref="25658473"/>
    <nd ref="13686072819"/>
    <nd ref="299047196"/>
    <tag k="highway" v="residential"/>
    <tag k="lane_markings" v="no"/>
    <tag k="lit" v="yes"/>
    <tag k="maxspeed" v="50"/>
    <tag k="name" v="Náprstkova"/>
    <tag k="name:de" v="Fingerhutgasse"/>
    <tag k="oneway" v="yes"/>
    <tag k="oneway:bicycle" v="-1"/>
    <tag k="parking:left" v="separate"/>
    <tag k="parking:right" v="no"/>
    <tag k="sidewalk:left" v="separate"/>
    <tag k="sidewalk:right" v="no"/>
    <tag k="source:name" v="nameit/uir-adr"/>
    <tag k="surface" v="sett"/>
  </way>
  <way id="1546246148">
    <nd ref="14063580111"/>
    <nd ref="13502694011"/>
    <nd ref="12198891162"/>
    <nd ref="25656547"/>
    <tag k="check_date" v="2025-08-22"/>
    <tag k="highway" v="residential"/>
    <tag k="lane_markings" v="no"/>
    <tag k="lit" v="yes"/>
    <tag k="maxspeed" v="30"/>
    <tag k="maxspeed:type" v="CZ:urban"/>
    <tag k="name" v="Václavské náměstí"/>
    <tag k="name:be" v="Вацлаўская плошча"/>
    <tag k="name:de" v="Wenzelsplatz"/>
    <tag k="name:en" v="Wenceslas Square"/>
    <tag k="name:eo" v="Venceslaa Placo"/>
    <tag k="name:es" v="Plaza de Wenceslao"/>
    <tag k="name:etymology:wikidata" v="Q196527"/>
    <tag k="name:fr" v="Place Venceslas"/>
    <tag k="name:it" v="Piazza San Venceslao"/>
    <tag k="name:ja" v="ヴァーツラフ広場"/>
    <tag k="name:ko" v="바츨라프 광장"/>
    <tag k="name:mk" v="Вацлавски намести"/>
    <tag k="name:nl" v="Wenceslausplein"/>
    <tag k="name:pl" v="Plac Wacława"/>
    <tag k="name:pt" v="Praça de Venceslau"/>
    <tag k="name:ru" v="Вацлавская площадь"/>
    <tag k="name:uk" v="Вацлавська площа"/>
    <tag k="oneway" v="yes"/>
    <tag k="overtaking" v="no"/>
    <tag k="parking:left" v="no"/>
    <tag k="parking:right" v="street_side"/>
    <tag k="parking:right:orientation" v="diagonal"/>
    <tag k="source:maxspeed" v="sign"/>
    <tag k="surface" v="sett"/>
  </way>

</osm>
