<?xml version="1.0" encoding="UTF-8"?>
<osm version="0.6" generator="Overpass API 0.7.62.11 87bfad18">
<note>The data included in this document is from www.openstreetmap.org. The data is made available under ODbL.</note>
<meta osm_base="2026-08-06T22:48:18Z"/>

  <node id="287631232" lat="37.5700513" lon="126.9725490"/>
  <node id="287712142" lat="37.5740414" lon="126.9726915"/>
  <node id="287712330" lat="37.5701892" lon="126.9725486"/>
  <node id="287721181" lat="37.5762570" lon="126.9965699"/>
  <node id="287721187" lat="37.5762899" lon="126.9967582"/>
  <node id="292395181" lat="37.5733092" lon="126.9858983"/>
  <node id="292395190" lat="37.5729775" lon="126.9862331"/>
  <node id="414683338" lat="37.5701365" lon="126.9770645"/>
  <node id="414685366" lat="37.5611279" lon="126.9931877"/>
  <node id="414685871" lat="37.5662155" lon="126.9875102"/>
  <node id="414685899" lat="37.5688837" lon="126.9772199"/>
  <node id="414685942" lat="37.5756319" lon="126.9829568"/>
  <node id="414685953" lat="37.5758958" lon="126.9973226">
    <tag k="highway" v="traffic_signals"/>
    <tag k="name" v="원남동사거리"/>
    <tag k="name:en" v="Wonnamdong Crossroad"/>
    <tag k="name:ko" v="원남동사거리"/>
    <tag k="name:ko-Latn" v="Wonnamdongsageori"/>
    <tag k="traffic_signals" v="signal"/>
  </node>
  <node id="414685959" lat="37.5761203" lon="127.0021526">
    <tag k="highway" v="traffic_signals"/>
    <tag k="name" v="이화사거리"/>
    <tag k="name:en" v="Ihwa Crossroad"/>
    <tag k="name:ko" v="이화사거리"/>
    <tag k="name:ko-Latn" v="Ihwasageori"/>
    <tag k="traffic_signals" v="signal"/>
  </node>
  <node id="414686011" lat="37.5834416" lon="126.9794635">
    <tag k="highway" v="traffic_signals"/>
    <tag k="name" v="팔판동삼거리"/>
    <tag k="name:en" v="Palpandongsamgeori"/>
    <tag k="name:ko" v="팔판동삼거리"/>
    <tag k="name:ko-Latn" v="Palpandongsamgeori"/>
    <tag k="traffic_signals" v="signal"/>
  </node>
  <node id="415153889" lat="37.5676134" lon="126.9857719"/>
  <node id="436718740" lat="37.5701409" lon="126.9793380"/>
  <node id="436718742" lat="37.5702748" lon="126.9829662"/>
  <node id="436718743" lat="37.5701257" lon="126.9857504"/>
  <node id="436718744" lat="37.5701691" lon="126.9876396"/>
  <node id="436718748" lat="37.5704561" lon="126.9932769"/>
  <node id="436718750" lat="37.5706256" lon="126.9968676"/>
  <node id="436718751" lat="37.5706883" lon="126.9978185"/>
  <node id="436794097" lat="37.5757159" lon="126.9814159"/>
  <node id="436794101" lat="37.5744600" lon="126.9784809">
    <tag k="crossing" v="marked"/>
    <tag k="crossing:island" v="no"/>
    <tag k="crossing:markings" v="yes"/>
    <tag k="highway" v="crossing"/>
    <tag k="tactile_paving" v="yes"/>
  </node>
  <node id="436794102" lat="37.5748300" lon="126.9786800"/>
  <node id="436794103" lat="37.5751967" lon="126.9789995"/>
  <node id="436794104" lat="37.5755553" lon="126.9793889"/>
  <node id="436807109" lat="37.5740700" lon="126.9734373"/>
  <node id="436807125" lat="37.5758348" lon="126.9830747"/>
  <node id="436807145" lat="37.5795864" lon="126.9822523">
    <tag k="name" v="정독도서관"/>
    <tag k="name:en" v="Jeongdok Library"/>
    <tag k="name:ko" v="정독도서관"/>
    <tag k="name:ko-Latn" v="Jeongdokdoseogwan"/>
  </node>
  <node id="436830309" lat="37.5627860" lon="126.9817097"/>
  <node id="436830313" lat="37.5659053" lon="126.9825633"/>
  <node id="436830314" lat="37.5665062" lon="126.9826207"/>
  <node id="436831469" lat="37.5742633" lon="126.9762810"/>
  <node id="436831470" lat="37.5743552" lon="126.9774269"/>
  <node id="436836521" lat="37.5769000" lon="126.9861450"/>
  <node id="436836522" lat="37.5784468" lon="126.9854185"/>
  <node id="436836525" lat="37.5796162" lon="126.9850196"/>
  <node id="436836526" lat="37.5800671" lon="126.9850363"/>
  <node id="436836527" lat="37.5809683" lon="126.9850602"/>
  <node id="436836529" lat="37.5825466" lon="126.9851239"/>
  <node id="436836933" lat="37.5649976" lon="126.9928021"/>
  <node id="436836942" lat="37.5725692" lon="126.9915676"/>
  <node id="436836943" lat="37.5728200" lon="126.9914890"/>
  <node id="436836944" lat="37.5738100" lon="126.9911700"/>
  <node id="436836945" lat="37.5744966" lon="126.9909656"/>
  <node id="436836946" lat="37.5753600" lon="126.9907100"/>
  <node id="436836947" lat="37.5761937" lon="126.9904777"/>
  <node id="436836948" lat="37.5766612" lon="126.9903362"/>
  <node id="436836949" lat="37.5771257" lon="126.9902050"/>
  <node id="436839423" lat="37.5646977" lon="126.9906505"/>
  <node id="436839429" lat="37.5642568" lon="126.9960107"/>
  <node id="436839431" lat="37.5643518" lon="126.9983022">
    <tag k="crossing:signals" v="yes"/>
    <tag k="highway" v="crossing"/>
    <tag k="junction" v="yes"/>
    <tag k="name" v="중구청교차로"/>
    <tag k="tactile_paving" v="yes"/>
  </node>
  <node id="436839432" lat="37.5643900" lon="126.9989100"/>
  <node id="436842118" lat="37.5660099" lon="126.9789782"/>
  <node id="436842127" lat="37.5697342" lon="126.9793182"/>
  <node id="436844956" lat="37.5661117" lon="126.9981567"/>
  <node id="436844957" lat="37.5665733" lon="126.9981186"/>
  <node id="436844958" lat="37.5672512" lon="126.9980626"/>
  <node id="436844960" lat="37.5684632" lon="126.9979624"/>
  <node id="436844961" lat="37.5689866" lon="126.9979243"/>
  <node id="436849185" lat="37.5636815" lon="126.9820426"/>
  <node id="436849195" lat="37.5773626" lon="126.9901197">
    <tag k="highway" v="traffic_signals"/>
    <tag k="traffic_signals" v="signal"/>
  </node>
  <node id="436849197" lat="37.5774989" lon="126.9893112">
    <tag k="crossing:island" v="no"/>
    <tag k="crossing:signals" v="no"/>
    <tag k="highway" v="crossing"/>
  </node>
  <node id="436849198" lat="37.5787000" lon="126.9891800"/>
  <node id="436849199" lat="37.5789500" lon="126.9892200"/>
  <node id="436849200" lat="37.5792460" lon="126.9892828"/>
  <node id="436849201" lat="37.5793144" lon="126.9885126"/>
  <node id="436849202" lat="37.5793403" lon="126.9867211"/>
  <node id="436849203" lat="37.5792189" lon="126.9857438"/>
  <node id="436849205" lat="37.5791285" lon="126.9853734"/>
  <node id="436849207" lat="37.5792958" lon="126.9848197"/>
  <node id="436849208" lat="37.5794262" lon="126.9837057"/>
  <node id="436849210" lat="37.5795216" lon="126.9824156"/>
  <node id="436849211" lat="37.5796618" lon="126.9819805"/>
  <node id="436849212" lat="37.5797966" lon="126.9815448"/>
  <node id="436849213" lat="37.5799376" lon="126.9808062"/>
  <node id="436850150" lat="37.5756733" lon="126.9742918"/>
  <node id="436850153" lat="37.5740805" lon="126.9744778">
    <tag k="junction" v="yes"/>
    <tag k="name" v="도렴동사거리"/>
    <tag k="name:en" v="Doryeomdong Crossroad"/>
    <tag k="name:ko" v="도렴동사거리"/>
    <tag k="name:ko-Latn" v="Doryeomdongsageori"/>
  </node>
  <node id="436850158" lat="37.5758072" lon="126.9742746"/>
  <node id="436851868" lat="37.5720242" lon="126.9827660"/>
  <node id="436851869" lat="37.5721691" lon="126.9815336"/>
  <node id="436851870" lat="37.5722800" lon="126.9809500"/>
  <node id="436851872" lat="37.5724752" lon="126.9801590"/>
  <node id="436851878" lat="37.5742015" lon="126.9784667">
    <tag k="crossing" v="marked"/>
    <tag k="crossing:island" v="no"/>
    <tag k="crossing:markings" v="yes"/>
    <tag k="highway" v="crossing"/>
    <tag k="tactile_paving" v="yes"/>
  </node>
  <node id="436852113" lat="37.5683070" lon="126.9875550"/>
  <node id="436852116" lat="37.5709634" lon="126.9876103"/>
  <node id="436852118" lat="37.5725786" lon="126.9878099"/>
  <node id="436852119" lat="37.5734485" lon="126.9876647"/>
  <node id="436852120" lat="37.5751097" lon="126.9867586"/>
  <node id="436852121" lat="37.5758727" lon="126.9864687"/>
  <node id="436852186" lat="37.5759024" lon="126.9795400"/>
  <node id="436852188" lat="37.5781478" lon="126.9795613"/>
  <node id="436852189" lat="37.5800832" lon="126.9799272"/>
  <node id="436852190" lat="37.5810095" lon="126.9802626"/>
  <node id="436856092" lat="37.5649179" lon="126.9782113"/>
  <node id="436857629" lat="37.5647897" lon="126.9899629">
    <tag k="junction" v="yes"/>
    <tag k="name" v="중부경찰서앞"/>
    <tag k="name:en" v="Jungbu Police Station Front"/>
    <tag k="name:ja" v="中部警察署前"/>
    <tag k="name:ko" v="중부경찰서앞"/>
    <tag k="name:ko-Latn" v="Jungbugyeongchalseoap"/>
  </node>
  <node id="436857633" lat="37.5661829" lon="126.9897677"/>
  <node id="436857634" lat="37.5662786" lon="126.9897438"/>
  <node id="436867501" lat="37.5761000" lon="127.0015800"/>
  <node id="436867502" lat="37.5760376" lon="127.0008884"/>
  <node id="436867503" lat="37.5759400" lon="126.9998400"/>
  <node id="436867504" lat="37.5758700" lon="126.9988400"/>
  <node id="436867511" lat="37.5771809" lon="126.9937883"/>
  <node id="436867512" lat="37.5773986" lon="126.9932012"/>
  <node id="436867513" lat="37.5774726" lon="126.9929429"/>
  <node id="436867515" lat="37.5775313" lon="126.9924238"/>
  <node id="436867520" lat="37.5773414" lon="126.9877542"/>
  <node id="436867521" lat="37.5772577" lon="126.9872119"/>
  <node id="436867522" lat="37.5771453" lon="126.9868906"/>
  <node id="436867523" lat="37.5768371" lon="126.9861959">
    <tag k="highway" v="traffic_signals"/>
    <tag k="name" v="안국역사거리"/>
    <tag k="traffic_signals" v="signal"/>
  </node>
  <node id="436867527" lat="37.5759594" lon="126.9801888"/>
  <node id="436867528" lat="37.5759551" lon="126.9799148"/>
  <node id="436867766" lat="37.5662521" lon="126.9914268"/>
  <node id="436872017" lat="37.5721523" lon="126.9792495"/>
  <node id="436873999" lat="37.5713474" lon="126.9977636"/>
  <node id="436874001" lat="37.5733619" lon="126.9975895"/>
  <node id="436874009" lat="37.5768442" lon="126.9972323"/>
  <node id="436874011" lat="37.5772140" lon="126.9970965"/>
  <node id="436874013" lat="37.5785624" lon="126.9967082"/>
  <node id="436874015" lat="37.5788716" lon="126.9966364"/>
  <node id="436874018" lat="37.5803395" lon="126.9964366"/>
  <node id="436874019" lat="37.5804900" lon="126.9964200"/>
  <node id="436874020" lat="37.5809866" lon="126.9964632"/>
  <node id="436874022" lat="37.5811659" lon="126.9965665"/>
  <node id="436874025" lat="37.5822342" lon="126.9977683"/>
  <node id="436875654" lat="37.5697636" lon="127.0020214"/>
  <node id="436875655" lat="37.5697055" lon="127.0015376"/>
  <node id="436875656" lat="37.5692996" lon="126.9994090"/>
  <node id="436875657" lat="37.5690713" lon="126.9984080"/>
  <node id="436875658" lat="37.5689213" lon="126.9975480"/>
  <node id="436875660" lat="37.5686991" lon="126.9945995"/>
  <node id="436875664" lat="37.5683060" lon="126.9877648"/>
  <node id="436875670" lat="37.5690741" lon="126.9827849"/>
  <node id="436875671" lat="37.5691277" lon="126.9818907"/>
  <node id="436875672" lat="37.5692950" lon="126.9793025"/>
  <node id="436877003" lat="37.5669982" lon="126.9791977"/>
  <node id="436877016" lat="37.5697921" lon="126.9756295"/>
  <node id="436877017" lat="37.5695764" lon="126.9757102"/>
  <node id="436877018" lat="37.5694237" lon="126.9757650"/>
  <node id="436877019" lat="37.5690500" lon="126.9761300"/>
  <node id="436877020" lat="37.5690517" lon="126.9770347"/>
  <node id="436877046" lat="37.5696124" lon="126.9772141"/>
  <node id="436880039" lat="37.5725603" lon="126.9906954"/>
  <node id="436880040" lat="37.5725442" lon="126.9887084"/>
  <node id="566588290" lat="37.5658001" lon="126.9911980"/>
  <node id="871729290" lat="37.5817996" lon="126.9850864"/>
  <node id="871729311" lat="37.5804540" lon="126.9867587"/>
  <node id="871729315" lat="37.5821734" lon="126.9868287"/>
  <node id="871729318" lat="37.5824801" lon="126.9868615"/>
  <node id="871729321" lat="37.5830793" lon="126.9868582"/>
  <node id="871729323" lat="37.5830880" lon="126.9877484"/>
  <node id="871729325" lat="37.5830935" lon="126.9871405"/>
  <node id="871729327" lat="37.5831298" lon="126.9864863"/>
  <node id="871729330" lat="37.5832263" lon="126.9860646"/>
  <node id="871729376" lat="37.5679912" lon="126.9875450"/>
  <node id="871729389" lat="37.5687357" lon="126.9827654">
    <tag k="junction" v="yes"/>
    <tag k="name" v="광교사거리"/>
    <tag k="name:en" v="Gwanggyo crossroads"/>
    <tag k="name:ko" v="광교사거리"/>
  </node>
  <node id="871729552" lat="37.5680036" lon="126.9895844"/>
  <node id="871729555" lat="37.5687042" lon="126.9979425"/>
  <node id="871793709" lat="37.5694410" lon="127.0001472"/>
  <node id="871793711" lat="37.5691440" lon="127.0002389"/>
  <node id="871793721" lat="37.5691100" lon="127.0000414"/>
  <node id="871804058" lat="37.5720769" lon="126.9937766"/>
  <node id="871804257" lat="37.5642448" lon="126.9955087"/>
  <node id="871804258" lat="37.5664338" lon="126.9953073"/>
  <node id="871804259" lat="37.5684118" lon="126.9950982"/>
  <node id="871804265" lat="37.5705145" lon="126.9952829"/>
  <node id="871804276" lat="37.5687537" lon="126.9955413"/>
  <node id="892625703" lat="37.5814590" lon="126.9850747"/>
  <node id="921242922" lat="37.5694447" lon="126.9751920"/>
  <node id="1326151520" lat="37.5653878" lon="127.0003741"/>
  <node id="1326151534" lat="37.5667399" lon="127.0014784"/>
  <node id="1326151547" lat="37.5666820" lon="127.0003101"/>
  <node id="1326151549" lat="37.5662532" lon="127.0015261"/>
  <node id="1326151551" lat="37.5656923" lon="126.9996839"/>
  <node id="1326151556" lat="37.5689366" lon="126.9989784"/>
  <node id="1326151559" lat="37.5655573" lon="126.9990157"/>
  <node id="1326151567" lat="37.5658412" lon="126.9998555"/>
  <node id="1326151571" lat="37.5703843" lon="126.9894586"/>
  <node id="1326151582" lat="37.5657476" lon="126.9997804"/>
  <node id="1326151591" lat="37.5679058" lon="127.0011269"/>
  <node id="1326151602" lat="37.5647838" lon="126.9984130"/>
  <node id="1326151607" lat="37.5654661" lon="127.0015910"/>
  <node id="1326151616" lat="37.5718282" lon="126.9891013"/>
  <node id="1326151622" lat="37.5662536" lon="126.9999843"/>
  <node id="1326151624" lat="37.5656456" lon="126.9990777"/>
  <node id="1326151639" lat="37.5647329" lon="126.9982707"/>
  <node id="1326151645" lat="37.5656668" lon="126.9991743"/>
  <node id="1326151647" lat="37.5656668" lon="126.9995015"/>
  <node id="1326151648" lat="37.5657934" lon="126.9998172"/>
  <node id="1326151650" lat="37.5666706" lon="127.0000800"/>
  <node id="1326151654" lat="37.5651216" lon="126.9986967"/>
  <node id="1326151656" lat="37.5648812" lon="126.9990008"/>
  <node id="1327214727" lat="37.5650606" lon="126.9935755"/>
  <node id="1327214728" lat="37.5657533" lon="126.9941838"/>
  <node id="1327214733" lat="37.5659472" lon="126.9936220"/>
  <node id="1327214736" lat="37.5656202" lon="126.9945493"/>
  <node id="1327214743" lat="37.5659131" lon="126.9939916"/>
  <node id="1327214747" lat="37.5651844" lon="126.9933210"/>
  <node id="1327214757" lat="37.5656716" lon="126.9943606"/>
  <node id="1327214761" lat="37.5660722" lon="126.9936073"/>
  <node id="1327214763" lat="37.5650803" lon="126.9939655"/>
  <node id="1327214767" lat="37.5650091" lon="126.9942902"/>
  <node id="1327214770" lat="37.5659813" lon="126.9938864"/>
  <node id="1327214772" lat="37.5664175" lon="126.9949778"/>
  <node id="1553878346" lat="37.5702804" lon="126.9772272"/>
  <node id="1553878405" lat="37.5752810" lon="126.9771715"/>
  <node id="1688005107" lat="37.5663477" lon="126.9935717"/>
  <node id="1691642790" lat="37.5684490" lon="126.9955568"/>
  <node id="1691642792" lat="37.5684442" lon="126.9951383"/>
  <node id="1691642794" lat="37.5685475" lon="126.9951431"/>
  <node id="1691642796" lat="37.5687057" lon="126.9954983"/>
  <node id="1691642798" lat="37.5685013" lon="126.9955012"/>
  <node id="1691642802" lat="37.5687294" lon="126.9950818"/>
  <node id="1691642804" lat="37.5684914" lon="126.9951553"/>
  <node id="1691642806" lat="37.5685755" lon="126.9954736"/>
  <node id="1813560067" lat="37.5825818" lon="126.9893866"/>
  <node id="1813560128" lat="37.5805945" lon="126.9892708"/>
  <node id="1813560188" lat="37.5822476" lon="126.9894840"/>
  <node id="1813560474" lat="37.5829380" lon="126.9890197"/>
  <node id="1813560527" lat="37.5755813" lon="126.9780490"/>
  <node id="1813560541" lat="37.5829215" lon="126.9892329"/>
  <node id="1813560631" lat="37.5818926" lon="126.9894133"/>
  <node id="1813560713" lat="37.5809349" lon="126.9892868"/>
  <node id="1813560860" lat="37.5830767" lon="126.9881488"/>
  <node id="1813641425" lat="37.5662690" lon="126.9920230"/>
  <node id="1813641436" lat="37.5658413" lon="126.9920834"/>
  <node id="1813641463" lat="37.5644014" lon="126.9922196"/>
  <node id="1813641482" lat="37.5658798" lon="126.9926877"/>
  <node id="1815457770" lat="37.5726475" lon="126.9967195"/>
  <node id="1815457779" lat="37.5670067" lon="126.9963637"/>
  <node id="1815457785" lat="37.5753200" lon="126.9958645"/>
  <node id="1815457787" lat="37.5734014" lon="126.9965601"/>
  <node id="1815457804" lat="37.5664564" lon="126.9957619"/>
  <node id="1815457811" lat="37.5671650" lon="126.9963533"/>
  <node id="1815457812" lat="37.5730539" lon="126.9967149"/>
  <node id="1815457813" lat="37.5678048" lon="126.9936693"/>
  <node id="1815457851" lat="37.5754862" lon="126.9958296"/>
  <node id="1815457853" lat="37.5683136" lon="126.9964333"/>
  <node id="1815457862" lat="37.5672038" lon="126.9945772"/>
  <node id="1815457868" lat="37.5673675" lon="126.9977876"/>
  <node id="1815457872" lat="37.5672156" lon="126.9978317"/>
  <node id="1815457878" lat="37.5685161" lon="126.9963070"/>
  <node id="1815457888" lat="37.5692514" lon="126.9950276"/>
  <node id="1815457889" lat="37.5758838" lon="126.9958189"/>
  <node id="1815457899" lat="37.5674185" lon="126.9934802"/>
  <node id="1815457907" lat="37.5675260" lon="126.9977705"/>
  <node id="1815457908" lat="37.5673161" lon="126.9964143"/>
  <node id="1815457913" lat="37.5683165" lon="126.9971550"/>
  <node id="1815457914" lat="37.5682732" lon="126.9965353"/>
  <node id="1815457915" lat="37.5670784" lon="126.9933863"/>
  <node id="1815457920" lat="37.5668567" lon="126.9945371"/>
  <node id="1815457923" lat="37.5682434" lon="126.9967255"/>
  <node id="1815457927" lat="37.5682790" lon="126.9968141"/>
  <node id="1815457937" lat="37.5679862" lon="126.9974698"/>
  <node id="1815457940" lat="37.5686346" lon="126.9937252"/>
  <node id="1815457942" lat="37.5683561" lon="126.9963636"/>
  <node id="1815457943" lat="37.5680967" lon="126.9971949"/>
  <node id="1815457960" lat="37.5672601" lon="126.9963759"/>
  <node id="1815457970" lat="37.5682625" lon="126.9969454"/>
  <node id="1815457980" lat="37.5682332" lon="126.9970076"/>
  <node id="1815457991" lat="37.5692801" lon="126.9922502"/>
  <node id="1815457996" lat="37.5669588" lon="126.9933615"/>
  <node id="1815458021" lat="37.5668887" lon="126.9957110"/>
  <node id="1815458034" lat="37.5673883" lon="126.9964705"/>
  <node id="1815458038" lat="37.5756620" lon="126.9958183"/>
  <node id="1815458048" lat="37.5733620" lon="126.9966047"/>
  <node id="1815458054" lat="37.5680712" lon="126.9937431"/>
  <node id="1815458056" lat="37.5720271" lon="126.9963212"/>
  <node id="1815458057" lat="37.5723687" lon="126.9965519"/>
  <node id="1815458065" lat="37.5674146" lon="126.9964791"/>
  <node id="1815458077" lat="37.5651153" lon="126.9921521"/>
  <node id="1815458080" lat="37.5676876" lon="126.9977604"/>
  <node id="1815458084" lat="37.5702996" lon="126.9976338"/>
  <node id="1815458089" lat="37.5655409" lon="126.9910811"/>
  <node id="1815458092" lat="37.5747811" lon="126.9962007"/>
  <node id="1815458097" lat="37.5683943" lon="126.9974163"/>
  <node id="1815458098" lat="37.5684406" lon="126.9976966"/>
  <node id="1815458102" lat="37.5682942" lon="126.9937493"/>
  <node id="1815458104" lat="37.5677682" lon="126.9946150"/>
  <node id="1815458113" lat="37.5704905" lon="126.9948243"/>
  <node id="1815458126" lat="37.5678802" lon="126.9977203"/>
  <node id="1815458135" lat="37.5643745" lon="126.9934320"/>
  <node id="1906188345" lat="37.5685537" lon="126.9923753"/>
  <node id="1918614673" lat="37.5775006" lon="126.9838027"/>
  <node id="1918614694" lat="37.5775160" lon="126.9858367"/>
  <node id="1918614714" lat="37.5761783" lon="126.9848250"/>
  <node id="1936511529" lat="37.5671380" lon="126.9765408"/>
  <node id="1936511544" lat="37.5676145" lon="126.9757627"/>
  <node id="1936511546" lat="37.5681885" lon="126.9755387"/>
  <node id="1936511549" lat="37.5686050" lon="126.9757689"/>
  <node id="1936511551" lat="37.5684059" lon="126.9770423"/>
  <node id="1936511553" lat="37.5689886" lon="126.9772693"/>
  <node id="1936511559" lat="37.5692651" lon="126.9758692"/>
  <node id="1936511583" lat="37.5700768" lon="126.9744552"/>
  <node id="1936511585" lat="37.5701106" lon="126.9755109"/>
  <node id="1945254518" lat="37.5614453" lon="126.9905714"/>
  <node id="1945254521" lat="37.5620709" lon="126.9904613"/>
  <node id="1945254532" lat="37.5640537" lon="126.9901419"/>
  <node id="1945254547" lat="37.5651195" lon="126.9785327"/>
  <node id="1945254561" lat="37.5654445" lon="126.9825044"/>
  <node id="1945254595" lat="37.5658899" lon="126.9789049"/>
  <node id="1945254596" lat="37.5658898" lon="126.9820178"/>
  <node id="1945254603" lat="37.5659674" lon="126.9833916"/>
  <node id="1945254621" lat="37.5660402" lon="126.9820871"/>
  <node id="1945254624" lat="37.5660534" lon="126.9825837"/>
  <node id="1945254635" lat="37.5660899" lon="126.9835363"/>
  <node id="1945254662" lat="37.5662650" lon="126.9919700"/>
  <node id="1945254663" lat="37.5662730" lon="126.9920920"/>
  <node id="1945254665" lat="37.5662800" lon="126.9897040"/>
  <node id="1945254694" lat="37.5664290" lon="126.9926260"/>
  <node id="1945254715" lat="37.5665218" lon="126.9945100"/>
  <node id="1945254722" lat="37.5665616" lon="126.9953163"/>
  <node id="1945254733" lat="37.5665821" lon="126.9957331"/>
  <node id="1945254736" lat="37.5666701" lon="126.9975190"/>
  <node id="1945254754" lat="37.5666991" lon="126.9981082"/>
  <node id="1945254761" lat="37.5667322" lon="126.9987787"/>
  <node id="1945254765" lat="37.5667510" lon="126.9991609"/>
  <node id="1945254778" lat="37.5667957" lon="126.9896569"/>
  <node id="1945254780" lat="37.5668157" lon="127.0004729"/>
  <node id="1945254823" lat="37.5675945" lon="126.9896023"/>
  <node id="1945254831" lat="37.5696619" lon="126.9828751">
    <tag k="junction" v="yes"/>
  </node>
  <node id="1945254832" lat="37.5698336" lon="126.9827963"/>
  <node id="1945254850" lat="37.5699834" lon="126.9827105"/>
  <node id="1945254856" lat="37.5700478" lon="126.9826266"/>
  <node id="1945254874" lat="37.5701297" lon="126.9822352"/>
  <node id="1945254879" lat="37.5701487" lon="126.9829550"/>
  <node id="1945254891" lat="37.5701530" lon="126.9844491"/>
  <node id="1945254893" lat="37.5701584" lon="126.9833226"/>
  <node id="1945254901" lat="37.5702209" lon="126.9894811"/>
  <node id="1945254913" lat="37.5701855" lon="126.9719561"/>
  <node id="1945254919" lat="37.5702880" lon="126.9876379"/>
  <node id="1945254921" lat="37.5702803" lon="126.9770763"/>
  <node id="1945254934" lat="37.5702907" lon="126.9824051"/>
  <node id="1945254936" lat="37.5706959" lon="126.9830117"/>
  <node id="1945254942" lat="37.5702778" lon="126.9844161"/>
  <node id="1945254946" lat="37.5702733" lon="126.9834576"/>
  <node id="1945254962" lat="37.5703284" lon="126.9885826"/>
  <node id="1945254966" lat="37.5704069" lon="126.9832212"/>
  <node id="1945254979" lat="37.5703557" lon="126.9826747">
    <tag k="source" v="Bing"/>
  </node>
  <node id="1945254981" lat="37.5705172" lon="126.9921569">
    <tag k="junction" v="yes"/>
    <tag k="name" v="종로3가"/>
    <tag k="name:en" v="Jong-ro 3-ga"/>
    <tag k="name:ko" v="종로3가"/>
  </node>
  <node id="1945254995" lat="37.5706331" lon="126.9951386"/>
  <node id="1945255000" lat="37.5707088" lon="126.9964319"/>
  <node id="1945255006" lat="37.5707970" lon="126.9975007"/>
  <node id="1945255009" lat="37.5708274" lon="126.9978127"/>
  <node id="1945255011" lat="37.5708337" lon="126.9973863"/>
  <node id="1945255012" lat="37.5708710" lon="126.9985122"/>
  <node id="1945255019" lat="37.5708969" lon="126.9973468"/>
  <node id="1945255020" lat="37.5709659" lon="126.9973637"/>
  <node id="1945255025" lat="37.5709654" lon="126.9977948"/>
  <node id="1945255031" lat="37.5710807" lon="126.9977226"/>
  <node id="1945255032" lat="37.5711272" lon="126.9975504"/>
  <node id="1945255034" lat="37.5711385" lon="126.9976430"/>
  <node id="1945255035" lat="37.5722314" lon="126.9964641">
    <tag k="crossing" v="uncontrolled"/>
    <tag k="crossing_ref" v="zebra"/>
    <tag k="highway" v="crossing"/>
  </node>
  <node id="1949238424" lat="37.5695645" lon="126.9844468"/>
  <node id="1949238426" lat="37.5695301" lon="126.9828538"/>
  <node id="1949238427" lat="37.5695590" lon="126.9857526"/>
  <node id="1949249824" lat="37.5773717" lon="126.9893297"/>
  <node id="1949249830" lat="37.5703450" lon="126.9887982"/>
  <node id="1949249831" lat="37.5706867" lon="126.9887902"/>
  <node id="1949249833" lat="37.5710979" lon="126.9888088"/>
  <node id="1949249835" lat="37.5735175" lon="126.9876248"/>
  <node id="1949249839" lat="37.5714584" lon="126.9892168"/>
  <node id="1949249840" lat="37.5734061" lon="126.9879858"/>
  <node id="1949263627" lat="37.5733587" lon="126.9908271"/>
  <node id="1949263630" lat="37.5728605" lon="126.9890303"/>
  <node id="1949263631" lat="37.5736346" lon="126.9909373"/>
  <node id="1949263633" lat="37.5742213" lon="126.9907305"/>
  <node id="1949263638" lat="37.5762871" lon="126.9901160"/>
  <node id="1949263644" lat="37.5770743" lon="126.9902149"/>
  <node id="1949263646" lat="37.5746733" lon="126.9906184"/>
  <node id="1949263655" lat="37.5734348" lon="126.9909963"/>
  <node id="1949263656" lat="37.5770195" lon="126.9899040"/>
  <node id="1949263657" lat="37.5741661" lon="126.9890944"/>
  <node id="1949263658" lat="37.5742511" lon="126.9896308"/>
  <node id="1949263660" lat="37.5743876" lon="126.9907009"/>
  <node id="1949263662" lat="37.5744485" lon="126.9909782"/>
  <node id="1949263664" lat="37.5743110" lon="126.9902394"/>
  <node id="1949263666" lat="37.5726675" lon="126.9885717"/>
  <node id="1949263667" lat="37.5725595" lon="126.9912389"/>
  <node id="1949263668" lat="37.5730164" lon="126.9911060"/>
  <node id="1949263669" lat="37.5728038" lon="126.9888167"/>
  <node id="2064388666" lat="37.5755775" lon="126.9689014"/>
  <node id="2064414502" lat="37.5735411" lon="126.9771156">
    <tag k="highway" v="crossing"/>
  </node>
  <node id="2064414514" lat="37.5756625" lon="126.9753109"/>
  <node id="2064425695" lat="37.5750358" lon="126.9788483"/>
  <node id="2064425755" lat="37.5756287" lon="126.9783657"/>
  <node id="2064459532" lat="37.5757310" lon="126.9834764"/>
  <node id="2064459536" lat="37.5748534" lon="126.9838161"/>
  <node id="2064459541" lat="37.5758133" lon="126.9803132"/>
  <node id="2064459543" lat="37.5755183" lon="126.9826405"/>
  <node id="2064459545" lat="37.5756533" lon="126.9794732"/>
  <node id="2064459547" lat="37.5754855" lon="126.9830871"/>
  <node id="2064459549" lat="37.5759255" lon="126.9807812"/>
  <node id="2064459551" lat="37.5758556" lon="126.9792128"/>
  <node id="2064459555" lat="37.5760708" lon="126.9792317"/>
  <node id="2064459556" lat="37.5759533" lon="126.9800101"/>
  <node id="2064459558" lat="37.5757453" lon="126.9810922"/>
  <node id="2064459559" lat="37.5758037" lon="126.9806597"/>
  <node id="2064459561" lat="37.5758216" lon="126.9838771"/>
  <node id="2064459565" lat="37.5761501" lon="126.9792501"/>
  <node id="2064459566" lat="37.5757574" lon="126.9795255"/>
  <node id="2064459568" lat="37.5724226" lon="126.9792237"/>
  <node id="2064459569" lat="37.5754276" lon="126.9792250"/>
  <node id="2064459576" lat="37.5756700" lon="126.9836359"/>
  <node id="2064459577" lat="37.5726132" lon="126.9786680"/>
  <node id="2064459579" lat="37.5756482" lon="126.9826048"/>
  <node id="2064459580" lat="37.5757089" lon="126.9792122"/>
  <node id="2064459582" lat="37.5758100" lon="126.9800548"/>
  <node id="2086880554" lat="37.5704118" lon="126.9772834">
    <tag k="crossing" v="marked"/>
    <tag k="crossing:markings" v="zebra"/>
    <tag k="highway" v="crossing"/>
    <tag k="tactile_paving" v="yes"/>
  </node>
  <node id="2086910450" lat="37.5650145" lon="126.9784451"/>
  <node id="2086910454" lat="37.5649380" lon="126.9785151"/>
  <node id="2086910455" lat="37.5650335" lon="126.9785147"/>
  <node id="2086910456" lat="37.5649992" lon="126.9785101"/>
  <node id="2086910457" lat="37.5649659" lon="126.9785106"/>
  <node id="2086910458" lat="37.5649883" lon="126.9784092"/>
  <node id="2086910462" lat="37.5650711" lon="126.9785208"/>
  <node id="2086910463" lat="37.5648468" lon="126.9785610"/>
  <node id="2086910465" lat="37.5649327" lon="126.9782718"/>
  <node id="2086910471" lat="37.5649083" lon="126.9785241"/>
  <node id="2086910475" lat="37.5649656" lon="126.9783660"/>
  <node id="2086910479" lat="37.5648786" lon="126.9785389"/>
  <node id="2086910481" lat="37.5649478" lon="126.9783214"/>
  <node id="2086910496" lat="37.5650777" lon="126.9785053"/>
  <node id="2086910501" lat="37.5650437" lon="126.9784768"/>
  <node id="2087933360" lat="37.5652031" lon="126.9866478"/>
  <node id="2087933363" lat="37.5646752" lon="126.9847960"/>
  <node id="2087933365" lat="37.5636615" lon="126.9834739"/>
  <node id="2087933370" lat="37.5651477" lon="126.9865933"/>
  <node id="2087933373" lat="37.5646413" lon="126.9858172"/>
  <node id="2087933374" lat="37.5640885" lon="126.9860800"/>
  <node id="2087933375" lat="37.5659707" lon="126.9835167"/>
  <node id="2087933376" lat="37.5638495" lon="126.9851142"/>
  <node id="2087933377" lat="37.5660381" lon="126.9858922"/>
  <node id="2087933380" lat="37.5644215" lon="126.9834830"/>
  <node id="2087933383" lat="37.5637696" lon="126.9844720"/>
  <node id="2087933385" lat="37.5652926" lon="126.9864685"/>
  <node id="2087933386" lat="37.5654042" lon="126.9835397"/>
  <node id="2087933388" lat="37.5644962" lon="126.9822697"/>
  <node id="2087933390" lat="37.5650762" lon="126.9865389"/>
  <node id="2087933391" lat="37.5652526" lon="126.9867159"/>
  <node id="2087933393" lat="37.5652013" lon="126.9842380"/>
  <node id="2087933396" lat="37.5654631" lon="126.9875186"/>
  <node id="2087933399" lat="37.5646281" lon="126.9843182"/>
  <node id="2087933403" lat="37.5650171" lon="126.9824173"/>
  <node id="2087933417" lat="37.5654291" lon="126.9841893"/>
  <node id="2087933423" lat="37.5650154" lon="126.9865014"/>
  <node id="2087933440" lat="37.5649601" lon="126.9842646"/>
  <node id="2087933443" lat="37.5652664" lon="126.9859378"/>
  <node id="2087933451" lat="37.5656620" lon="126.9841329"/>
  <node id="2087933452" lat="37.5653985" lon="126.9872473"/>
  <node id="2087933456" lat="37.5644930" lon="126.9843263"/>
  <node id="2087933460" lat="37.5659860" lon="126.9840880"/>
  <node id="2087933465" lat="37.5649801" lon="126.9844668"/>
  <node id="2087933466" lat="37.5632168" lon="126.9819016"/>
  <node id="2087933467" lat="37.5649181" lon="126.9834904"/>
  <node id="2087933475" lat="37.5653577" lon="126.9868875"/>
  <node id="2135148769" lat="37.5694828" lon="127.0003584"/>
  <node id="2135148787" lat="37.5697295" lon="126.9979002"/>
  <node id="2135148793" lat="37.5707533" lon="126.9992219"/>
  <node id="2135158092" lat="37.5680147" lon="126.9866336"/>
  <node id="2135158093" lat="37.5683736" lon="126.9866038"/>
  <node id="2135158095" lat="37.5683548" lon="126.9901521"/>
  <node id="2135158096" lat="37.5680381" lon="126.9901521"/>
  <node id="2252763451" lat="37.5682877" lon="126.9888744"/>
  <node id="2252763455" lat="37.5683253" lon="126.9896122"/>
  <node id="2252763467" lat="37.5701832" lon="126.9885573"/>
  <node id="2267960095" lat="37.5732663" lon="126.9870356"/>
  <node id="2285187695" lat="37.5643789" lon="126.9928787">
    <tag k="junction" v="yes"/>
    <tag k="name" v="명보사거리"/>
    <tag k="name:en" v="Myeongbo Crossroad"/>
    <tag k="name:ko" v="명보사거리"/>
    <tag k="name:ko-Latn" v="Myeongbosageori"/>
  </node>
  <node id="2304578261" lat="37.5747658" lon="126.9704198"/>
  <node id="2309502778" lat="37.5725592" lon="126.9785790"/>
  <node id="2309502779" lat="37.5726471" lon="126.9786845"/>
  <node id="2309502780" lat="37.5726834" lon="126.9786869"/>
  <node id="2309502784" lat="37.5727157" lon="126.9784059"/>
  <node id="2309502785" lat="37.5726788" lon="126.9783951"/>
  <node id="2309502786" lat="37.5726412" lon="126.9783998"/>
  <node id="2309502787" lat="37.5725552" lon="126.9785411"/>
  <node id="2309502788" lat="37.5727218" lon="126.9772744"/>
  <node id="2309502792" lat="37.5724771" lon="126.9789028"/>
  <node id="2309502793" lat="37.5742778" lon="126.9793783"/>
  <node id="2309513942" lat="37.5751204" lon="126.9828927"/>
  <node id="2309513944" lat="37.5703014" lon="126.9810009"/>
  <node id="2309513946" lat="37.5703950" lon="126.9809987">
    <tag k="crossing:island" v="no"/>
    <tag k="crossing:markings" v="yes"/>
    <tag k="crossing:signals" v="no"/>
    <tag k="highway" v="crossing"/>
    <tag k="tactile_paving" v="yes"/>
  </node>
  <node id="2309513948" lat="37.5706533" lon="126.9810018"/>
  <node id="2309513952" lat="37.5708057" lon="126.9809955"/>
  <node id="2309513954" lat="37.5709804" lon="126.9809339"/>
  <node id="2309513956" lat="37.5717548" lon="126.9805190"/>
  <node id="2309513957" lat="37.5723790" lon="126.9804786"/>
  <node id="2309513974" lat="37.5750979" lon="126.9819183"/>
  <node id="2309513976" lat="37.5753986" lon="126.9825218"/>
  <node id="2309564045" lat="37.5730413" lon="126.9829920"/>
  <node id="2309564046" lat="37.5737285" lon="126.9829707"/>
  <node id="2309564050" lat="37.5741531" lon="126.9846443"/>
  <node id="2309564051" lat="37.5728976" lon="126.9829986"/>
  <node id="2309564056" lat="37.5738965" lon="126.9850373"/>
  <node id="2309564061" lat="37.5745353" lon="126.9867133"/>
  <node id="2309564062" lat="37.5745982" lon="126.9870015"/>
  <node id="2322098826" lat="37.5832518" lon="126.9857378"/>
  <node id="2322098827" lat="37.5833275" lon="126.9854848"/>
  <node id="2322098828" lat="37.5833384" lon="126.9851418"/>
  <node id="2323165542" lat="37.5685332" lon="126.9857346"/>
  <node id="2323213990" lat="37.5748871" lon="126.9702086"/>
  <node id="2323327984" lat="37.5733367" lon="126.9992959"/>
  <node id="2323327987" lat="37.5731844" lon="127.0004673"/>
  <node id="2323327991" lat="37.5733186" lon="127.0020377"/>
  <node id="2323328016" lat="37.5739440" lon="126.9975371"/>
  <node id="2323328017" lat="37.5740550" lon="126.9980588"/>
  <node id="2323328018" lat="37.5742887" lon="126.9987412"/>
  <node id="2323328019" lat="37.5746860" lon="126.9998500"/>
  <node id="2323328020" lat="37.5747463" lon="127.0001389"/>
  <node id="2323328021" lat="37.5748630" lon="127.0008010"/>
  <node id="2323328022" lat="37.5751435" lon="127.0021168"/>
  <node id="2374692761" lat="37.5667909" lon="126.9903432"/>
  <node id="2374692764" lat="37.5676125" lon="126.9902820"/>
  <node id="2374692765" lat="37.5668192" lon="126.9908487"/>
  <node id="2374692766" lat="37.5667609" lon="126.9896637"/>
  <node id="2374692767" lat="37.5676246" lon="126.9908809"/>
  <node id="2374692770" lat="37.5635237" lon="126.9902255"/>
  <node id="2374692771" lat="37.5631620" lon="126.9902683"/>
  <node id="2374692772" lat="37.5671760" lon="126.9883932"/>
  <node id="2374692776" lat="37.5672074" lon="126.9896280"/>
  <node id="2374692777" lat="37.5663928" lon="126.9920061"/>
  <node id="2374692779" lat="37.5674541" lon="126.9925184"/>
  <node id="2374692783" lat="37.5680767" lon="126.9909308"/>
  <node id="2374692785" lat="37.5663388" lon="126.9908884"/>
  <node id="2374692788" lat="37.5672865" lon="126.9908436"/>
  <node id="2374692792" lat="37.5669222" lon="126.9925734"/>
  <node id="2374692793" lat="37.5666631" lon="126.9874869"/>
  <node id="2374692796" lat="37.5662392" lon="126.9884165"/>
  <node id="2374692800" lat="37.5672865" lon="126.9913436"/>
  <node id="2374692802" lat="37.5667147" lon="126.9884035"/>
  <node id="2374692805" lat="37.5672143" lon="126.9903072"/>
  <node id="2374692807" lat="37.5667950" lon="126.9904370"/>
  <node id="2374692808" lat="37.5672767" lon="126.9919028"/>
  <node id="2374692809" lat="37.5668893" lon="126.9919421"/>
  <node id="2374692813" lat="37.5672628" lon="126.9908439"/>
  <node id="2376659667" lat="37.5727627" lon="126.9989595"/>
  <node id="2376659669" lat="37.5733646" lon="126.9984197"/>
  <node id="2376659672" lat="37.5723824" lon="126.9976762"/>
  <node id="2376659675" lat="37.5714778" lon="127.0000115"/>
  <node id="2376659677" lat="37.5724289" lon="126.9992413"/>
  <node id="2376659695" lat="37.5709983" lon="127.0002828"/>
  <node id="2376675570" lat="37.5667275" lon="126.9826318"/>
  <node id="2409391399" lat="37.5826457" lon="126.9984427"/>
  <node id="2419011992" lat="37.5754398" lon="126.9888158"/>
  <node id="2419011993" lat="37.5755348" lon="126.9893287"/>
  <node id="2419011994" lat="37.5756019" lon="126.9903175"/>
  <node id="2419011995" lat="37.5756569" lon="126.9906216"/>
  <node id="2419011996" lat="37.5757505" lon="126.9914156"/>
  <node id="2419011997" lat="37.5734661" lon="126.9927417"/>
  <node id="2419011998" lat="37.5740270" lon="126.9924340"/>
  <node id="2419012000" lat="37.5745818" lon="126.9919571"/>
  <node id="2419012001" lat="37.5752585" lon="126.9915725"/>
  <node id="2419012002" lat="37.5759779" lon="126.9914186"/>
  <node id="2419012004" lat="37.5765570" lon="126.9916092"/>
  <node id="2419012006" lat="37.5769046" lon="126.9917878"/>
  <node id="2419012008" lat="37.5772289" lon="126.9918602"/>
  <node id="2419012009" lat="37.5775458" lon="126.9918580"/>
  <node id="2420018288" lat="37.5660292" lon="126.9814656"/>
  <node id="2420018289" lat="37.5661070" lon="126.9844806"/>
  <node id="2420018290" lat="37.5661502" lon="126.9857462"/>
  <node id="2420018295" lat="37.5667661" lon="126.9874780"/>
  <node id="2420018296" lat="37.5668048" lon="126.9844819"/>
  <node id="2420018297" lat="37.5667900" lon="126.9857785"/>
  <node id="2420018298" lat="37.5668244" lon="126.9808330"/>
  <node id="2420018299" lat="37.5668833" lon="126.9829126"/>
  <node id="2420018300" lat="37.5669124" lon="126.9826500"/>
  <node id="2420018302" lat="37.5668776" lon="126.9797857"/>
  <node id="2420018304" lat="37.5668992" lon="126.9791959"/>
  <node id="2420018305" lat="37.5672195" lon="126.9836185"/>
  <node id="2420018306" lat="37.5671929" lon="126.9890584"/>
  <node id="2420018307" lat="37.5672196" lon="126.9815034"/>
  <node id="2420018308" lat="37.5673118" lon="126.9805828"/>
  <node id="2420018309" lat="37.5674023" lon="126.9838923"/>
  <node id="2420018310" lat="37.5675642" lon="126.9797951"/>
  <node id="2420018311" lat="37.5676425" lon="126.9845239"/>
  <node id="2420018312" lat="37.5676971" lon="126.9806489"/>
  <node id="2420018313" lat="37.5678811" lon="126.9792495"/>
  <node id="2420018314" lat="37.5678831" lon="126.9798119"/>
  <node id="2420018315" lat="37.5678901" lon="126.9813331"/>
  <node id="2420018316" lat="37.5687625" lon="126.9827679"/>
  <node id="2420018317" lat="37.5679639" lon="126.9890236"/>
  <node id="2420018318" lat="37.5679761" lon="126.9857828"/>
  <node id="2420018319" lat="37.5680142" lon="126.9821981"/>
  <node id="2420018320" lat="37.5681334" lon="126.9860210"/>
  <node id="2420018321" lat="37.5683419" lon="126.9868620"/>
  <node id="2420018322" lat="37.5683619" lon="126.9902318"/>
  <node id="2420018323" lat="37.5683966" lon="126.9906058"/>
  <node id="2420018324" lat="37.5684549" lon="126.9913370"/>
  <node id="2420018327" lat="37.5687888" lon="126.9844223"/>
  <node id="2420018328" lat="37.5686919" lon="126.9895464"/>
  <node id="2420018330" lat="37.5688559" lon="126.9839898"/>
  <node id="2420018331" lat="37.5688178" lon="126.9913188"/>
  <node id="2420018333" lat="37.5688383" lon="126.9811092"/>
  <node id="2420018335" lat="37.5688157" lon="126.9875918"/>
  <node id="2420018336" lat="37.5688374" lon="126.9868951"/>
  <node id="2420018338" lat="37.5688524" lon="126.9857361"/>
  <node id="2420018339" lat="37.5689321" lon="126.9798128"/>
  <node id="2420018342" lat="37.5689333" lon="126.9913709"/>
  <node id="2420018345" lat="37.5691634" lon="126.9886897"/>
  <node id="2420018346" lat="37.5691087" lon="126.9922650"/>
  <node id="2420018350" lat="37.5692619" lon="126.9799029"/>
  <node id="2420018351" lat="37.5691646" lon="126.9876178"/>
  <node id="2420018352" lat="37.5691743" lon="126.9869027"/>
  <node id="2420018353" lat="37.5691737" lon="126.9857549"/>
  <node id="2420018354" lat="37.5692061" lon="126.9914022"/>
  <node id="2420018355" lat="37.5692323" lon="126.9895131"/>
  <node id="2420018356" lat="37.5691915" lon="126.9844472"/>
  <node id="2420018358" lat="37.5692747" lon="126.9895079"/>
  <node id="2420018359" lat="37.5692486" lon="126.9913310"/>
  <node id="2420018362" lat="37.5693077" lon="126.9910916"/>
  <node id="2420018363" lat="37.5693110" lon="126.9886689"/>
  <node id="2420018366" lat="37.5693951" lon="126.9903265"/>
  <node id="2420018368" lat="37.5693851" lon="126.9876216"/>
  <node id="2420018369" lat="37.5693440" lon="126.9912107"/>
  <node id="2420018371" lat="37.5694536" lon="126.9911923"/>
  <node id="2420018374" lat="37.5695556" lon="126.9839800"/>
  <node id="2420018375" lat="37.5698328" lon="126.9844471"/>
  <node id="2420018376" lat="37.5695694" lon="126.9869109"/>
  <node id="2420018377" lat="37.5696154" lon="126.9876270"/>
  <node id="2420018378" lat="37.5696533" lon="126.9883056"/>
  <node id="2420018379" lat="37.5696593" lon="126.9885854"/>
  <node id="2420018381" lat="37.5696929" lon="126.9894899"/>
  <node id="2420018382" lat="37.5697482" lon="126.9869064"/>
  <node id="2420018384" lat="37.5697607" lon="126.9857522"/>
  <node id="2420018385" lat="37.5697661" lon="126.9844498"/>
  <node id="2420018386" lat="37.5698415" lon="126.9885739"/>
  <node id="2420018387" lat="37.5698609" lon="126.9894978"/>
  <node id="2420018389" lat="37.5700054" lon="126.9912165"/>
  <node id="2420018390" lat="37.5699961" lon="126.9922156"/>
  <node id="2420018395" lat="37.5700761" lon="126.9948868"/>
  <node id="2420018398" lat="37.5701639" lon="126.9839849"/>
  <node id="2420018399" lat="37.5701333" lon="126.9799401"/>
  <node id="2420018400" lat="37.5701717" lon="126.9868986"/>
  <node id="2420018401" lat="37.5702938" lon="126.9822589"/>
  <node id="2420018402" lat="37.5701937" lon="126.9732684"/>
  <node id="2420018403" lat="37.5702680" lon="126.9840780"/>
  <node id="2420018404" lat="37.5701974" lon="126.9738621"/>
  <node id="2420018405" lat="37.5702810" lon="126.9856692"/>
  <node id="2420018407" lat="37.5703507" lon="126.9911952"/>
  <node id="2420018408" lat="37.5703087" lon="126.9764814"/>
  <node id="2420018409" lat="37.5704335" lon="126.9926766"/>
  <node id="2420018411" lat="37.5704413" lon="126.9763428"/>
  <node id="2420018429" lat="37.5706267" lon="126.9761275"/>
  <node id="2420018430" lat="37.5706449" lon="126.9894269"/>
  <node id="2420018436" lat="37.5707067" lon="126.9905206"/>
  <node id="2420018440" lat="37.5707836" lon="126.9917092"/>
  <node id="2420018442" lat="37.5707877" lon="126.9917646"/>
  <node id="2420018445" lat="37.5708175" lon="126.9759260"/>
  <node id="2420018447" lat="37.5708560" lon="126.9928374"/>
  <node id="2420018457" lat="37.5710366" lon="126.9757643"/>
  <node id="2420018460" lat="37.5710945" lon="126.9830552"/>
  <node id="2420018475" lat="37.5712198" lon="126.9916600"/>
  <node id="2420018478" lat="37.5712555" lon="126.9756163"/>
  <node id="2420018494" lat="37.5714101" lon="126.9755005"/>
  <node id="2420018496" lat="37.5714973" lon="126.9806698"/>
  <node id="2420018507" lat="37.5715711" lon="126.9870865"/>
  <node id="2420018513" lat="37.5716143" lon="126.9748477"/>
  <node id="2420018515" lat="37.5716164" lon="126.9753750"/>
  <node id="2420018519" lat="37.5716453" lon="126.9830595"/>
  <node id="2420018523" lat="37.5716959" lon="126.9805531"/>
  <node id="2420018526" lat="37.5720302" lon="126.9876884"/>
  <node id="2420018529" lat="37.5718399" lon="126.9809277"/>
  <node id="2420018533" lat="37.5719431" lon="126.9810556"/>
  <node id="2420018534" lat="37.5720414" lon="126.9811265"/>
  <node id="2420018535" lat="37.5720462" lon="126.9824590"/>
  <node id="2420018536" lat="37.5720595" lon="126.9868246"/>
  <node id="2420018539" lat="37.5722281" lon="126.9812111"/>
  <node id="2420018541" lat="37.5722488" lon="126.9843990"/>
  <node id="2420018547" lat="37.5725663" lon="126.9899785"/>
  <node id="2420018551" lat="37.5725934" lon="126.9865377"/>
  <node id="2420018553" lat="37.5726301" lon="126.9854022"/>
  <node id="2420018555" lat="37.5727195" lon="126.9902982"/>
  <node id="2420018560" lat="37.5728886" lon="126.9907070"/>
  <node id="2420018562" lat="37.5729047" lon="126.9911345"/>
  <node id="2420018563" lat="37.5729706" lon="126.9910227"/>
  <node id="2420018569" lat="37.5732129" lon="126.9905858"/>
  <node id="2420018571" lat="37.5733099" lon="126.9907579"/>
  <node id="2420018574" lat="37.5734428" lon="126.9904522"/>
  <node id="2420018575" lat="37.5736025" lon="126.9903456"/>
  <node id="2420018576" lat="37.5736404" lon="126.9890389"/>
  <node id="2420018577" lat="37.5736917" lon="126.9891901"/>
  <node id="2420018578" lat="37.5737252" lon="126.9895190"/>
  <node id="2420018579" lat="37.5737340" lon="126.9903278"/>
  <node id="2420018580" lat="37.5739688" lon="126.9903100"/>
  <node id="2420018581" lat="37.5742987" lon="126.9900832"/>
  <node id="2420018582" lat="37.5745662" lon="126.9708628"/>
  <node id="2420018583" lat="37.5745230" lon="126.9898881"/>
  <node id="2420018584" lat="37.5746404" lon="126.9897992"/>
  <node id="2420018585" lat="37.5748992" lon="126.9897022"/>
  <node id="2420018587" lat="37.5751479" lon="126.9897436"/>
  <node id="2420018606" lat="37.5759507" lon="126.9895859"/>
  <node id="2420018608" lat="37.5761652" lon="126.9895865"/>
  <node id="2429209297" lat="37.5753343" lon="126.9759906"/>
  <node id="2429209298" lat="37.5752664" lon="126.9760792"/>
  <node id="2429209302" lat="37.5715987" lon="126.9773198"/>
  <node id="2429209306" lat="37.5751295" lon="126.9762985"/>
  <node id="2429209308" lat="37.5750029" lon="126.9763796"/>
  <node id="2429209311" lat="37.5704671" lon="126.9772526"/>
  <node id="2429209313" lat="37.5754200" lon="126.9758661"/>
  <node id="2429209315" lat="37.5757666" lon="126.9753366"/>
  <node id="2429209318" lat="37.5702254" lon="126.9749944"/>
  <node id="2449019598" lat="37.5789219" lon="126.9796111"/>
  <node id="2449033624" lat="37.5738803" lon="126.9829605"/>
  <node id="2449035020" lat="37.5753806" lon="126.9808617"/>
  <node id="2449035023" lat="37.5751466" lon="126.9805464"/>
  <node id="2449052340" lat="37.5742667" lon="126.9784623"/>
  <node id="2449052341" lat="37.5743027" lon="126.9783910"/>
  <node id="2449052342" lat="37.5743907" lon="126.9783971"/>
  <node id="2449052343" lat="37.5743064" lon="126.9785590"/>
  <node id="2449052344" lat="37.5742882" lon="126.9785417"/>
  <node id="2449052345" lat="37.5742674" lon="126.9784911"/>
  <node id="2449052346" lat="37.5744171" lon="126.9784460"/>
  <node id="2449052347" lat="37.5743468" lon="126.9783765"/>
  <node id="2449052348" lat="37.5743279" lon="126.9785689"/>
  <node id="2449052349" lat="37.5744202" lon="126.9784757"/>
  <node id="2449052350" lat="37.5743239" lon="126.9783795"/>
  <node id="2449052351" lat="37.5743449" lon="126.9782953">
    <tag k="crossing" v="marked"/>
    <tag k="crossing:island" v="no"/>
    <tag k="crossing:markings" v="yes"/>
    <tag k="highway" v="crossing"/>
    <tag k="tactile_paving" v="yes"/>
  </node>
  <node id="2449052352" lat="37.5743502" lon="126.9785704"/>
  <node id="2449052353" lat="37.5742748" lon="126.9785183"/>
  <node id="2449052354" lat="37.5743720" lon="126.9785638"/>
  <node id="2449052355" lat="37.5743913" lon="126.9785495"/>
  <node id="2449052356" lat="37.5742851" lon="126.9784098"/>
  <node id="2449052357" lat="37.5744066" lon="126.9785289"/>
  <node id="2449052358" lat="37.5744069" lon="126.9784190"/>
  <node id="2454980022" lat="37.5778827" lon="126.9856637"/>
  <node id="2454980023" lat="37.5779108" lon="126.9867593"/>
  <node id="2454980032" lat="37.5808907" lon="126.9867887"/>
  <node id="2463586332" lat="37.5693779" lon="126.9776101">
    <tag k="crossing" v="marked"/>
    <tag k="crossing:markings" v="zebra"/>
    <tag k="crossing:signals" v="no"/>
    <tag k="highway" v="crossing"/>
    <tag k="tactile_paving" v="yes"/>
  </node>
  <node id="2463586333" lat="37.5682893" lon="126.9812141"/>
  <node id="2463586334" lat="37.5691950" lon="126.9808082"/>
  <node id="2463587951" lat="37.5682036" lon="126.9856204"/>
  <node id="2463587952" lat="37.5687570" lon="126.9846286"/>
  <node id="2471407647" lat="37.5720284" lon="126.9889795"/>
  <node id="2471444665" lat="37.5742863" lon="126.9844481"/>
  <node id="2518221093" lat="37.5758015" lon="126.9817004"/>
  <node id="2518227064" lat="37.5810835" lon="126.9867731"/>
  <node id="2518227066" lat="37.5812267" lon="126.9867796"/>
  <node id="2518248543" lat="37.5806070" lon="126.9850565"/>
  <node id="2518254127" lat="37.5798926" lon="126.9867159"/>
  <node id="2518254130" lat="37.5793392" lon="126.9878242"/>
  <node id="2518254132" lat="37.5793358" lon="126.9876870"/>
  <node id="2523185898" lat="37.5708496" lon="126.9929178"/>
  <node id="2523185900" lat="37.5711044" lon="126.9893256"/>
  <node id="2523185903" lat="37.5712493" lon="126.9904812"/>
  <node id="2523185904" lat="37.5713083" lon="126.9907177"/>
  <node id="2523185907" lat="37.5708425" lon="126.9922151"/>
  <node id="2523185908" lat="37.5714448" lon="126.9926124"/>
  <node id="2523185909" lat="37.5715476" lon="126.9907045"/>
  <node id="2523185910" lat="37.5715615" lon="126.9891853"/>
  <node id="2523185913" lat="37.5716302" lon="126.9900889"/>
  <node id="2523185914" lat="37.5717745" lon="126.9909752"/>
  <node id="2523185915" lat="37.5718761" lon="126.9910945"/>
  <node id="2523185916" lat="37.5719506" lon="126.9914177"/>
  <node id="2523185917" lat="37.5720142" lon="126.9923296"/>
  <node id="2523185918" lat="37.5720092" lon="126.9917455"/>
  <node id="2523185920" lat="37.5721561" lon="126.9920345"/>
  <node id="2523185921" lat="37.5725572" lon="126.9895103"/>
  <node id="2523185923" lat="37.5728470" lon="126.9895365"/>
  <node id="2523185924" lat="37.5729154" lon="126.9917590"/>
  <node id="2523185925" lat="37.5733006" lon="126.9918614"/>
  <node id="2523185926" lat="37.5739724" lon="126.9916168"/>
  <node id="2523185927" lat="37.5741861" lon="126.9913423"/>
  <node id="2523185928" lat="37.5747280" lon="126.9914597"/>
  <node id="2523185929" lat="37.5752144" lon="126.9913147"/>
  <node id="2523185930" lat="37.5754823" lon="126.9911210"/>
  <node id="2523185931" lat="37.5757137" lon="126.9910556"/>
  <node id="2523185932" lat="37.5763220" lon="126.9910510"/>
  <node id="2523185935" lat="37.5769797" lon="126.9905265"/>
  <node id="2523185936" lat="37.5772403" lon="126.9908945"/>
  <node id="2523185938" lat="37.5774068" lon="126.9908094"/>
  <node id="2597444284" lat="37.5701337" lon="126.9768999">
    <tag k="crossing" v="traffic_signals"/>
    <tag k="highway" v="crossing"/>
    <tag k="tactile_paving" v="yes"/>
    <tag k="traffic_signals:sound" v="yes"/>
  </node>
  <node id="2697100721" lat="37.5692463" lon="126.9773917"/>
  <node id="2697100722" lat="37.5691613" lon="126.9774122"/>
  <node id="2697100723" lat="37.5693328" lon="126.9774145"/>
  <node id="2697100724" lat="37.5691305" lon="126.9774337"/>
  <node id="2697100725" lat="37.5692076" lon="126.9773975"/>
  <node id="2697100726" lat="37.5693022" lon="126.9774021"/>
  <node id="2697100727" lat="37.5693903" lon="126.9774714"/>
  <node id="2697100729" lat="37.5701400" lon="126.9772128"/>
  <node id="2697100730" lat="37.5713506" lon="126.9793115"/>
  <node id="2756128240" lat="37.5727874" lon="126.9785411"/>
  <node id="2756128244" lat="37.5727834" lon="126.9785031"/>
  <node id="2756128247" lat="37.5726068" lon="126.9784195"/>
  <node id="2756128249" lat="37.5725792" lon="126.9784520"/>
  <node id="2756128251" lat="37.5725614" lon="126.9784941"/>
  <node id="2756128253" lat="37.5725707" lon="126.9786144"/>
  <node id="2756128255" lat="37.5725891" lon="126.9786447"/>
  <node id="2756128257" lat="37.5727186" lon="126.9786751"/>
  <node id="2756128259" lat="37.5727491" lon="126.9786501"/>
  <node id="2756128260" lat="37.5742728" lon="126.9784343"/>
  <node id="2756128261" lat="37.5744165" lon="126.9785036"/>
  <node id="2756128262" lat="37.5743700" lon="126.9783825"/>
  <node id="2959037339" lat="37.5655229" lon="127.0023481"/>
  <node id="3063260453" lat="37.5680396" lon="126.9901753"/>
  <node id="3063260456" lat="37.5681995" lon="126.9926376"/>
  <node id="3063260462" lat="37.5684141" lon="126.9909117"/>
  <node id="3063260467" lat="37.5687670" lon="126.9845561"/>
  <node id="3063260470" lat="37.5689172" lon="126.9800590"/>
  <node id="3063260473" lat="37.5690716" lon="126.9778862"/>
  <node id="3063306852" lat="37.5683088" lon="126.9873401"/>
  <node id="3087861300" lat="37.5847487" lon="127.0006321"/>
  <node id="3087864124" lat="37.5820404" lon="126.9975597"/>
  <node id="3087865735" lat="37.5814241" lon="126.9968240"/>
  <node id="3112252730" lat="37.5702854" lon="126.9873637">
    <tag k="crossing" v="traffic_signals"/>
    <tag k="highway" v="crossing"/>
    <tag k="kerb" v="flush"/>
    <tag k="tactile_paving" v="yes"/>
  </node>
  <node id="3112252731" lat="37.5705506" lon="126.9876278">
    <tag k="highway" v="crossing"/>
  </node>
  <node id="3112252732" lat="37.5701748" lon="126.9881760">
    <tag k="crossing" v="traffic_signals"/>
    <tag k="highway" v="crossing"/>
    <tag k="tactile_paving" v="yes"/>
  </node>
  <node id="3112252733" lat="37.5701000" lon="126.9876389">
    <tag k="button_operated" v="no"/>
    <tag k="crossing:signals" v="yes"/>
    <tag k="highway" v="crossing"/>
  </node>
  <node id="3112255529" lat="37.5701667" lon="126.9873771">
    <tag k="crossing" v="traffic_signals"/>
    <tag k="highway" v="crossing"/>
    <tag k="kerb" v="flush"/>
    <tag k="tactile_paving" v="yes"/>
  </node>
  <node id="3112255629" lat="37.5703050" lon="126.9881683">
    <tag k="crossing" v="traffic_signals"/>
    <tag k="highway" v="crossing"/>
    <tag k="kerb" v="flush"/>
    <tag k="tactile_paving" v="yes"/>
  </node>
  <node id="3112732258" lat="37.5717236" lon="126.9876243"/>
  <node id="3112732259" lat="37.5718811" lon="126.9878935"/>
  <node id="3112732264" lat="37.5725514" lon="126.9884272"/>
  <node id="3199472188" lat="37.5809256" lon="126.9802423"/>
  <node id="3199472191" lat="37.5808894" lon="126.9802278"/>
  <node id="3199472196" lat="37.5802505" lon="126.9799878"/>
  <node id="3199472203" lat="37.5796962" lon="126.9818847"/>
  <node id="3199472212" lat="37.5798792" lon="126.9811345"/>
  <node id="3199632120" lat="37.5797560" lon="126.9816955"/>
  <node id="3217939748" lat="37.5650707" lon="126.9859700"/>
  <node id="3251228208" lat="37.5705833" lon="126.9937679"/>
  <node id="3269822966" lat="37.5630046" lon="126.9984135"/>
  <node id="3274370903" lat="37.5773126" lon="126.9873755"/>
  <node id="3274370904" lat="37.5773678" lon="126.9896126">
    <tag k="crossing:island" v="no"/>
    <tag k="crossing:signals" v="yes"/>
    <tag k="highway" v="crossing"/>
  </node>
  <node id="3274370915" lat="37.5773334" lon="126.9875378"/>
  <node id="3274370948" lat="37.5773172" lon="126.9868294">
    <tag k="crossing:island" v="no"/>
    <tag k="crossing:markings" v="yes"/>
    <tag k="crossing:signals" v="no"/>
    <tag k="highway" v="crossing"/>
    <tag k="kerb" v="lowered"/>
    <tag k="source" v="Bing"/>
    <tag k="tactile_paving" v="yes"/>
  </node>
  <node id="3274371179" lat="37.5776461" lon="126.9867699"/>
  <node id="3279010904" lat="37.5701612" lon="126.9978615"/>
  <node id="3279010911" lat="37.5722024" lon="126.9841007"/>
  <node id="3297761582" lat="37.5648258" lon="126.9864358"/>
  <node id="3337522188" lat="37.5658831" lon="126.9981756"/>
  <node id="3337522189" lat="37.5666317" lon="126.9992971"/>
  <node id="3337522190" lat="37.5657180" lon="126.9988600"/>
  <node id="3337522191" lat="37.5662091" lon="126.9991203"/>
  <node id="3337522192" lat="37.5659720" lon="126.9998982"/>
  <node id="3361185393" lat="37.5737219" lon="126.9897856"/>
  <node id="3361202193" lat="37.5741513" lon="126.9890530"/>
  <node id="3361202293" lat="37.5737322" lon="126.9901687"/>
  <node id="3361809853" lat="37.5706747" lon="126.9937629"/>
  <node id="3361809854" lat="37.5708870" lon="126.9937629"/>
  <node id="3361809855" lat="37.5720253" lon="126.9937623"/>
  <node id="3369577593" lat="37.5671580" lon="126.9874996"/>
  <node id="3369584193" lat="37.5722442" lon="126.9867327"/>
  <node id="3369584693" lat="37.5724644" lon="126.9850114"/>
  <node id="3369594493" lat="37.5723287" lon="126.9845659"/>
  <node id="3369594593" lat="37.5726958" lon="126.9855422"/>
  <node id="3369594793" lat="37.5731970" lon="126.9860179"/>
  <node id="3369594993" lat="37.5731572" lon="126.9860785"/>
  <node id="3369595093" lat="37.5733790" lon="126.9858163"/>
  <node id="3371297694" lat="37.5748867" lon="126.9824457"/>
  <node id="3371297993" lat="37.5746101" lon="126.9829181"/>
  <node id="3371298093" lat="37.5749752" lon="126.9829034"/>
  <node id="3431320156" lat="37.5703619" lon="126.9921827"/>
  <node id="3514085494" lat="37.5715674" lon="126.9887650"/>
  <node id="3514085495" lat="37.5704000" lon="126.9897379"/>
  <node id="3514085496" lat="37.5707612" lon="126.9913967"/>
  <node id="3514125093" lat="37.5692327" lon="126.9886766"/>
  <node id="3514138893" lat="37.5717636" lon="126.9886472"/>
  <node id="3514138894" lat="37.5704716" lon="126.9914325"/>
  <node id="3514138993" lat="37.5719302" lon="126.9883854"/>
  <node id="3514139193" lat="37.5706870" lon="126.9901281"/>
  <node id="3514139394" lat="37.5704273" lon="126.9905340"/>
  <node id="3514148193" lat="37.5705065" lon="126.9919491">
    <tag k="crossing:signals" v="yes"/>
    <tag k="highway" v="crossing"/>
    <tag k="kerb" v="lowered"/>
    <tag k="tactile_paving" v="yes"/>
  </node>
  <node id="3514148293" lat="37.5703901" lon="126.9919571">
    <tag k="crossing:signals" v="yes"/>
    <tag k="highway" v="crossing"/>
    <tag k="kerb" v="lowered"/>
    <tag k="tactile_paving" v="yes"/>
  </node>
  <node id="3514148294" lat="37.5695822" lon="126.9922355"/>
  <node id="3514148693" lat="37.5705276" lon="126.9923957">
    <tag k="crossing:signals" v="yes"/>
    <tag k="highway" v="crossing"/>
    <tag k="tactile_paving" v="yes"/>
  </node>
  <node id="3514148793" lat="37.5704220" lon="126.9924406">
    <tag k="highway" v="crossing"/>
  </node>
  <node id="3514148894" lat="37.5698519" lon="126.9922225"/>
  <node id="3546145549" lat="37.5624151" lon="126.9814945"/>
  <node id="3558848089" lat="37.5693267" lon="126.9784655"/>
  <node id="3565136893" lat="37.5743158" lon="126.9769352"/>
  <node id="3565136895" lat="37.5743063" lon="126.9768173"/>
  <node id="3612248081" lat="37.5752890" lon="126.9834422"/>
  <node id="3612318285" lat="37.5758884" lon="126.9840490"/>
  <node id="3612318605" lat="37.5746176" lon="126.9840589"/>
  <node id="3612320202" lat="37.5681216" lon="126.9792536"/>
  <node id="3612320203" lat="37.5681649" lon="126.9783089"/>
  <node id="3612320395" lat="37.5681889" lon="126.9780248"/>
  <node id="3612320598" lat="37.5675595" lon="126.9782609"/>
  <node id="3612320599" lat="37.5675337" lon="126.9792257"/>
  <node id="3612321695" lat="37.5675422" lon="126.9785439"/>
  <node id="3612391476" lat="37.5739674" lon="126.9849366"/>
  <node id="3612391600" lat="37.5738040" lon="126.9851722"/>
  <node id="3612391611" lat="37.5736896" lon="126.9853580"/>
  <node id="3612391639" lat="37.5741787" lon="126.9856022"/>
  <node id="3612391645" lat="37.5735932" lon="126.9854904"/>
  <node id="3612391648" lat="37.5742905" lon="126.9857912"/>
  <node id="3612443406" lat="37.5727617" lon="126.9864178"/>
  <node id="3612457968" lat="37.5731858" lon="126.9868119"/>
  <node id="3612466419" lat="37.5720188" lon="126.9868471"/>
  <node id="3613962203" lat="37.5714413" lon="126.9871718"/>
  <node id="3613962204" lat="37.5716062" lon="126.9876059"/>
  <node id="3613977953" lat="37.5698363" lon="126.9839818"/>
  <node id="3614168278" lat="37.5695607" lon="126.9850996"/>
  <node id="3614168279" lat="37.5691910" lon="126.9851137"/>
  <node id="3647496994" lat="37.5691989" lon="126.9828055">
    <tag k="crossing:island" v="no"/>
    <tag k="crossing:signals" v="yes"/>
    <tag k="highway" v="crossing"/>
    <tag k="tactile_paving" v="yes"/>
  </node>
  <node id="3692726667" lat="37.5651650" lon="126.9785560">
    <tag k="crossing" v="marked"/>
    <tag k="crossing:island" v="no"/>
    <tag k="highway" v="crossing"/>
    <tag k="kerb" v="flush"/>
    <tag k="tactile_paving" v="yes"/>
  </node>
  <node id="3739926268" lat="37.5795655" lon="126.9797460"/>
  <node id="3792055882" lat="37.5693501" lon="126.9907587"/>
  <node id="3792055886" lat="37.5697988" lon="126.9912213"/>
  <node id="3806620354" lat="37.5689741" lon="126.9792816"/>
  <node id="3806620358" lat="37.5692519" lon="126.9793031"/>
  <node id="3806620359" lat="37.5692947" lon="126.9791699"/>
  <node id="3818627571" lat="37.5700234" lon="126.9774062">
    <tag k="bicycle" v="yes"/>
    <tag k="crossing" v="marked"/>
    <tag k="crossing:markings" v="zebra"/>
    <tag k="highway" v="crossing"/>
    <tag k="tactile_paving" v="yes"/>
  </node>
  <node id="3818627572" lat="37.5698179" lon="126.9772097"/>
  <node id="3818627576" lat="37.5696339" lon="126.9770279"/>
  <node id="3824379475" lat="37.5725565" lon="126.9909804"/>
  <node id="3824379476" lat="37.5725576" lon="126.9910670"/>
  <node id="3824379506" lat="37.5748597" lon="126.9905414"/>
  <node id="3825649163" lat="37.5670020" lon="126.9776012"/>
  <node id="3825649172" lat="37.5673490" lon="126.9771013"/>
  <node id="3833429830" lat="37.5702889" lon="126.9921938">
    <tag k="crossing:signals" v="yes"/>
    <tag k="highway" v="crossing"/>
    <tag k="tactile_paving" v="yes"/>
  </node>
  <node id="3833429839" lat="37.5705676" lon="126.9931139"/>
  <node id="3833429841" lat="37.5707303" lon="126.9921216"/>
  <node id="3833429844" lat="37.5706456" lon="126.9928559">
    <tag k="highway" v="crossing"/>
  </node>
  <node id="3833430094" lat="37.5727019" lon="126.9915241"/>
  <node id="3833430097" lat="37.5745262" lon="126.9894049"/>
  <node id="3833430098" lat="37.5745797" lon="126.9896226"/>
  <node id="3841809508" lat="37.5725862" lon="126.9772799">
    <tag k="bicycle" v="yes"/>
    <tag k="crossing" v="marked"/>
    <tag k="crossing:markings" v="zebra"/>
    <tag k="highway" v="crossing"/>
    <tag k="tactile_paving" v="yes"/>
  </node>
  <node id="3841809548" lat="37.5750294" lon="126.9763613">
    <tag k="bicycle" v="yes"/>
    <tag k="crossing" v="marked"/>
    <tag k="crossing:markings" v="zebra"/>
    <tag k="highway" v="crossing"/>
    <tag k="tactile_paving" v="yes"/>
  </node>
  <node id="3844457870" lat="37.5759659" lon="127.0001174"/>
  <node id="3844457878" lat="37.5760516" lon="127.0010391"/>
  <node id="3844547100" lat="37.5713581" lon="127.0001332"/>
  <node id="3844547118" lat="37.5717919" lon="126.9998022"/>
  <node id="3844547119" lat="37.5718872" lon="127.0004964"/>
  <node id="3844547120" lat="37.5718248" lon="126.9999609"/>
  <node id="3844547124" lat="37.5718643" lon="127.0002619"/>
  <node id="3844547137" lat="37.5721278" lon="126.9995731"/>
  <node id="3844547139" lat="37.5721637" lon="126.9995491"/>
  <node id="3844547140" lat="37.5722159" lon="126.9994852"/>
  <node id="3844547141" lat="37.5721897" lon="126.9996006"/>
  <node id="3844547150" lat="37.5723568" lon="126.9999917"/>
  <node id="3844548460" lat="37.5724613" lon="126.9999427"/>
  <node id="3844548461" lat="37.5725128" lon="126.9999493"/>
  <node id="3844548462" lat="37.5725435" lon="126.9968840"/>
  <node id="3844548463" lat="37.5725586" lon="126.9976606"/>
  <node id="3844548465" lat="37.5726097" lon="127.0001365"/>
  <node id="3844548472" lat="37.5726977" lon="127.0003566"/>
  <node id="3844548474" lat="37.5727417" lon="127.0003416"/>
  <node id="3844548487" lat="37.5729406" lon="126.9995090"/>
  <node id="3844548489" lat="37.5729437" lon="127.0002456"/>
  <node id="3844548496" lat="37.5730032" lon="126.9996368"/>
  <node id="3844548503" lat="37.5730906" lon="127.0002118"/>
  <node id="3844548505" lat="37.5731061" lon="126.9998469"/>
  <node id="3844548510" lat="37.5732134" lon="127.0001927"/>
  <node id="3844548511" lat="37.5732551" lon="126.9998891"/>
  <node id="3844548512" lat="37.5733128" lon="126.9994697"/>
  <node id="3844548515" lat="37.5733254" lon="126.9993783"/>
  <node id="3844548516" lat="37.5733565" lon="126.9986760"/>
  <node id="3844548518" lat="37.5734440" lon="126.9987405"/>
  <node id="3844548519" lat="37.5734597" lon="126.9983336"/>
  <node id="3844548520" lat="37.5734626" lon="126.9987786"/>
  <node id="3844548522" lat="37.5735663" lon="126.9992424"/>
  <node id="3844548523" lat="37.5735796" lon="126.9992645"/>
  <node id="3844548524" lat="37.5745405" lon="126.9994570"/>
  <node id="3844548527" lat="37.5736685" lon="126.9981502"/>
  <node id="3844548529" lat="37.5737751" lon="126.9980721"/>
  <node id="3844548530" lat="37.5737803" lon="126.9991746"/>
  <node id="3844548531" lat="37.5737990" lon="126.9991267"/>
  <node id="3844548532" lat="37.5738228" lon="126.9990966"/>
  <node id="3844548534" lat="37.5741554" lon="126.9986989"/>
  <node id="3844548536" lat="37.5740861" lon="126.9963767"/>
  <node id="3844548540" lat="37.5742431" lon="126.9986028"/>
  <node id="3844548543" lat="37.5742834" lon="126.9973695"/>
  <node id="3844548544" lat="37.5743000" lon="126.9979442"/>
  <node id="3844548549" lat="37.5743097" lon="126.9974954"/>
  <node id="3844548552" lat="37.5743343" lon="126.9979065"/>
  <node id="3844548553" lat="37.5743351" lon="126.9976497"/>
  <node id="3844548669" lat="37.5746478" lon="126.9974549"/>
  <node id="3844548670" lat="37.5746629" lon="126.9976172"/>
  <node id="3844548672" lat="37.5747009" lon="126.9979107"/>
  <node id="3844548673" lat="37.5747418" lon="126.9986865"/>
  <node id="3844548674" lat="37.5747896" lon="126.9983105"/>
  <node id="3844548676" lat="37.5748527" lon="127.0007138"/>
  <node id="3844548677" lat="37.5748702" lon="126.9986197"/>
  <node id="3844548681" lat="37.5749625" lon="127.0013391"/>
  <node id="3844548682" lat="37.5749939" lon="127.0015091"/>
  <node id="3844548683" lat="37.5750211" lon="126.9960324"/>
  <node id="3844548684" lat="37.5750610" lon="126.9975731"/>
  <node id="3844548685" lat="37.5750635" lon="126.9974063"/>
  <node id="3844548686" lat="37.5750655" lon="126.9977085"/>
  <node id="3844548687" lat="37.5750968" lon="126.9978459"/>
  <node id="3844548688" lat="37.5752782" lon="126.9984072"/>
  <node id="3844548689" lat="37.5752959" lon="126.9993387"/>
  <node id="3844548694" lat="37.5755292" lon="126.9991836"/>
  <node id="3844548695" lat="37.5755401" lon="126.9992090"/>
  <node id="3844548696" lat="37.5755796" lon="126.9993007"/>
  <node id="3844548701" lat="37.5757435" lon="126.9993512"/>
  <node id="3844548703" lat="37.5751315" lon="126.9973984"/>
  <node id="3844548705" lat="37.5759065" lon="126.9993613"/>
  <node id="3844548707" lat="37.5760181" lon="126.9964487"/>
  <node id="3844548708" lat="37.5761134" lon="126.9964929"/>
  <node id="3846542640" lat="37.5643985" lon="126.9990283"/>
  <node id="3846550584" lat="37.5644810" lon="126.9988940"/>
  <node id="3846550585" lat="37.5644943" lon="126.9990290"/>
  <node id="3846550586" lat="37.5646683" lon="126.9988619"/>
  <node id="3846550587" lat="37.5648329" lon="126.9988383"/>
  <node id="3846550588" lat="37.5650148" lon="126.9988535"/>
  <node id="3846550589" lat="37.5651874" lon="126.9988940"/>
  <node id="3846550590" lat="37.5652771" lon="126.9989328"/>
  <node id="3846550594" lat="37.5660052" lon="126.9990122"/>
  <node id="3846550595" lat="37.5662145" lon="126.9999723"/>
  <node id="3846550598" lat="37.5664568" lon="126.9988845"/>
  <node id="3846550599" lat="37.5666112" lon="126.9988826"/>
  <node id="3846577499" lat="37.5632722" lon="126.9983914"/>
  <node id="3846577552" lat="37.5642595" lon="126.9953382"/>
  <node id="3846577553" lat="37.5642674" lon="126.9962306"/>
  <node id="3846577556" lat="37.5643103" lon="126.9946397"/>
  <node id="3846577559" lat="37.5643178" lon="126.9954791"/>
  <node id="3846577561" lat="37.5643380" lon="126.9953096"/>
  <node id="3846577562" lat="37.5643510" lon="126.9959941"/>
  <node id="3846577563" lat="37.5643897" lon="126.9953265"/>
  <node id="3846577564" lat="37.5643903" lon="126.9947126"/>
  <node id="3846577566" lat="37.5643500" lon="126.9940390"/>
  <node id="3846577567" lat="37.5644510" lon="126.9953603"/>
  <node id="3846577568" lat="37.5644570" lon="126.9934089"/>
  <node id="3846577569" lat="37.5645053" lon="126.9953676"/>
  <node id="3846577570" lat="37.5645072" lon="126.9947940"/>
  <node id="3846577571" lat="37.5645391" lon="126.9941044"/>
  <node id="3846577573" lat="37.5645877" lon="126.9953402"/>
  <node id="3846577574" lat="37.5646796" lon="126.9953072"/>
  <node id="3846577576" lat="37.5647281" lon="126.9948890"/>
  <node id="3846577577" lat="37.5647492" lon="126.9953168"/>
  <node id="3846577578" lat="37.5647647" lon="126.9933727"/>
  <node id="3846577580" lat="37.5648010" lon="126.9953225"/>
  <node id="3846577581" lat="37.5648264" lon="126.9949164"/>
  <node id="3846577582" lat="37.5648648" lon="126.9953499"/>
  <node id="3846577583" lat="37.5649196" lon="126.9949539"/>
  <node id="3846577584" lat="37.5649376" lon="126.9953660"/>
  <node id="3846577586" lat="37.5649784" lon="126.9949776"/>
  <node id="3846577587" lat="37.5650100" lon="126.9954233"/>
  <node id="3846577588" lat="37.5650170" lon="126.9953815"/>
  <node id="3846577589" lat="37.5650810" lon="126.9950971"/>
  <node id="3846577590" lat="37.5650965" lon="126.9950343"/>
  <node id="3846577591" lat="37.5651732" lon="126.9959033"/>
  <node id="3846577593" lat="37.5652510" lon="126.9944085"/>
  <node id="3846577594" lat="37.5653268" lon="126.9953875"/>
  <node id="3846577596" lat="37.5653734" lon="126.9953822"/>
  <node id="3846577597" lat="37.5654327" lon="126.9958747"/>
  <node id="3846577599" lat="37.5654848" lon="126.9945255"/>
  <node id="3846577600" lat="37.5655351" lon="126.9945344"/>
  <node id="3846577601" lat="37.5655378" lon="126.9953770"/>
  <node id="3846577611" lat="37.5657015" lon="126.9935457"/>
  <node id="3846577615" lat="37.5657774" lon="126.9946121"/>
  <node id="3856263381" lat="37.5722171" lon="126.9935666"/>
  <node id="3907847268" lat="37.5644090" lon="126.9900550"/>
  <node id="4141081204" lat="37.5731253" lon="126.9772581"/>
  <node id="4168537148" lat="37.5798418" lon="126.9964671"/>
  <node id="4168666897" lat="37.5720347" lon="126.9996366"/>
  <node id="4168666899" lat="37.5723352" lon="126.9999411"/>
  <node id="4168666900" lat="37.5729249" lon="126.9994605"/>
  <node id="4168666904" lat="37.5723173" lon="126.9998989"/>
  <node id="4168666905" lat="37.5727317" lon="126.9976453"/>
  <node id="4168666906" lat="37.5728767" lon="126.9988572"/>
  <node id="4168666907" lat="37.5727536" lon="126.9985723"/>
  <node id="4170039969" lat="37.5723635" lon="127.0000180"/>
  <node id="4170039971" lat="37.5722538" lon="126.9994477"/>
  <node id="4170039974" lat="37.5740416" lon="126.9979961"/>
  <node id="4170039975" lat="37.5736397" lon="126.9994633"/>
  <node id="4170039976" lat="37.5740476" lon="126.9992343"/>
  <node id="4170039977" lat="37.5740926" lon="126.9993638"/>
  <node id="4170039978" lat="37.5742730" lon="126.9992937"/>
  <node id="4170039979" lat="37.5743505" lon="126.9994974"/>
  <node id="4170039980" lat="37.5740081" lon="126.9990069"/>
  <node id="4170039981" lat="37.5740221" lon="126.9988278"/>
  <node id="4170039982" lat="37.5741778" lon="126.9984138"/>
  <node id="4170039983" lat="37.5747644" lon="126.9981968"/>
  <node id="4170039985" lat="37.5751418" lon="126.9979853"/>
  <node id="4170039986" lat="37.5752588" lon="126.9966968"/>
  <node id="4170039987" lat="37.5751235" lon="126.9968449"/>
  <node id="4170039988" lat="37.5746654" lon="126.9962300"/>
  <node id="4170040289" lat="37.5747852" lon="126.9968276"/>
  <node id="4170040290" lat="37.5744594" lon="126.9962813"/>
  <node id="4170040291" lat="37.5745384" lon="126.9967461"/>
  <node id="4170040292" lat="37.5747505" lon="126.9966943"/>
  <node id="4183258093" lat="37.5698993" lon="126.9953850"/>
  <node id="4183318092" lat="37.5685019" lon="126.9918690"/>
  <node id="4183318390" lat="37.5697687" lon="126.9949404"/>
  <node id="4197546881" lat="37.5726227" lon="126.9933421"/>
  <node id="4197546882" lat="37.5741567" lon="126.9910658"/>
  <node id="4197546883" lat="37.5742150" lon="126.9915667"/>
  <node id="4197546884" lat="37.5742903" lon="126.9922077"/>
  <node id="4197546885" lat="37.5708077" lon="126.9921130"/>
  <node id="4197560771" lat="37.5725988" lon="126.9921118"/>
  <node id="4197560772" lat="37.5725810" lon="126.9918851"/>
  <node id="4197560773" lat="37.5714403" lon="126.9922510"/>
  <node id="4197560774" lat="37.5713713" lon="126.9919479"/>
  <node id="4197560775" lat="37.5720403" lon="126.9920525"/>
  <node id="4197560776" lat="37.5721407" lon="126.9920530"/>
  <node id="4197560777" lat="37.5721989" lon="126.9922639"/>
  <node id="4197560778" lat="37.5726009" lon="126.9923615"/>
  <node id="4197560779" lat="37.5722398" lon="126.9924143"/>
  <node id="4197560780" lat="37.5718845" lon="126.9928097"/>
  <node id="4197560781" lat="37.5717262" lon="126.9924918"/>
  <node id="4197560782" lat="37.5720131" lon="126.9929560"/>
  <node id="4197560783" lat="37.5717654" lon="126.9931658"/>
  <node id="4197560784" lat="37.5708786" lon="126.9936006"/>
  <node id="4197560785" lat="37.5716207" lon="126.9932004"/>
  <node id="4197560786" lat="37.5715939" lon="126.9932222"/>
  <node id="4197560787" lat="37.5713020" lon="126.9933824"/>
  <node id="4197560788" lat="37.5710237" lon="126.9935603"/>
  <node id="4197560890" lat="37.5721990" lon="126.9924413"/>
  <node id="4197560891" lat="37.5722977" lon="126.9935033"/>
  <node id="4197560892" lat="37.5718644" lon="126.9931084"/>
  <node id="4197560895" lat="37.5715117" lon="126.9937631"/>
  <node id="4197560896" lat="37.5714623" lon="126.9932944"/>
  <node id="4197560899" lat="37.5705576" lon="126.9928637"/>
  <node id="4198108248" lat="37.5796211" lon="126.9867255"/>
  <node id="4198108249" lat="37.5781329" lon="126.9855507"/>
  <node id="4198108253" lat="37.5755238" lon="126.9892565"/>
  <node id="4198108254" lat="37.5758424" lon="126.9892844"/>
  <node id="4198108255" lat="37.5771444" lon="126.9893293"/>
  <node id="4198108256" lat="37.5770896" lon="126.9895674"/>
  <node id="4198108257" lat="37.5770248" lon="126.9897692"/>
  <node id="4198108260" lat="37.5762454" lon="126.9899221"/>
  <node id="4198108261" lat="37.5760525" lon="126.9901778"/>
  <node id="4198108262" lat="37.5759933" lon="126.9899017"/>
  <node id="4198108263" lat="37.5759353" lon="126.9896401"/>
  <node id="4198108264" lat="37.5760411" lon="126.9886841"/>
  <node id="4198108265" lat="37.5757953" lon="126.9886742"/>
  <node id="4198108266" lat="37.5754109" lon="126.9886377"/>
  <node id="4198108267" lat="37.5759677" lon="126.9886832"/>
  <node id="4198108268" lat="37.5759741" lon="126.9889116"/>
  <node id="4198108269" lat="37.5760985" lon="126.9889138"/>
  <node id="4198110667" lat="37.5819276" lon="126.9868149"/>
  <node id="4198110671" lat="37.5816383" lon="126.9868149"/>
  <node id="4198110672" lat="37.5812601" lon="126.9850709"/>
  <node id="4198110675" lat="37.5814423" lon="126.9868054"/>
  <node id="4198110682" lat="37.5829323" lon="126.9891307"/>
  <node id="4198110696" lat="37.5830926" lon="126.9870401"/>
  <node id="4198110701" lat="37.5830956" lon="126.9873614"/>
  <node id="4198110706" lat="37.5829475" lon="126.9886883"/>
  <node id="4198110707" lat="37.5830429" lon="126.9883149"/>
  <node id="4198110716" lat="37.5812689" lon="126.9893403"/>
  <node id="4198110746" lat="37.5815816" lon="126.9893564"/>
  <node id="4198110756" lat="37.5787369" lon="126.9882655"/>
  <node id="4198110757" lat="37.5787547" lon="126.9891888"/>
  <node id="4198116847" lat="37.5755617" lon="126.9897042"/>
  <node id="4198116848" lat="37.5753914" lon="126.9885177"/>
  <node id="4198116849" lat="37.5748860" lon="126.9886293"/>
  <node id="4198116850" lat="37.5749207" lon="126.9889717"/>
  <node id="4198116851" lat="37.5748023" lon="126.9890000"/>
  <node id="4198116852" lat="37.5746717" lon="126.9890129"/>
  <node id="4198116853" lat="37.5746219" lon="126.9889657"/>
  <node id="4198116854" lat="37.5746399" lon="126.9893804"/>
  <node id="4198116855" lat="37.5745953" lon="126.9891266"/>
  <node id="4198116856" lat="37.5753965" lon="126.9892978"/>
  <node id="4198116857" lat="37.5751658" lon="126.9896111"/>
  <node id="4198116859" lat="37.5752903" lon="126.9894327"/>
  <node id="4198116860" lat="37.5719998" lon="126.9889969"/>
  <node id="4198116861" lat="37.5720962" lon="126.9893080"/>
  <node id="4198116862" lat="37.5722017" lon="126.9900128"/>
  <node id="4198116863" lat="37.5723023" lon="126.9903343"/>
  <node id="4198116864" lat="37.5725629" lon="126.9903851"/>
  <node id="4198116865" lat="37.5715144" lon="126.9903950"/>
  <node id="4198116867" lat="37.5716617" lon="126.9903604"/>
  <node id="4198116868" lat="37.5711798" lon="126.9900630"/>
  <node id="4198116873" lat="37.5723780" lon="126.9913248"/>
  <node id="4198116874" lat="37.5720128" lon="126.9905493"/>
  <node id="4198116876" lat="37.5716755" lon="126.9906821"/>
  <node id="4198116877" lat="37.5716636" lon="126.9905533"/>
  <node id="4198116878" lat="37.5717755" lon="126.9905097"/>
  <node id="4198116879" lat="37.5718564" lon="126.9906504"/>
  <node id="4198116880" lat="37.5721795" lon="126.9908918"/>
  <node id="4198116882" lat="37.5719958" lon="126.9910136"/>
  <node id="4198116883" lat="37.5719406" lon="126.9905923"/>
  <node id="4198116884" lat="37.5720854" lon="126.9909624"/>
  <node id="4198116885" lat="37.5721114" lon="126.9904564"/>
  <node id="4198116887" lat="37.5722517" lon="126.9910258"/>
  <node id="4198116888" lat="37.5722272" lon="126.9901043"/>
  <node id="4198117496" lat="37.5713936" lon="126.9888211"/>
  <node id="4198117497" lat="37.5719824" lon="126.9881719"/>
  <node id="4202840417" lat="37.5672956" lon="126.9980589"/>
  <node id="4202840418" lat="37.5673157" lon="126.9986478"/>
  <node id="4202840419" lat="37.5673190" lon="126.9987779"/>
  <node id="4202840420" lat="37.5672620" lon="126.9991305"/>
  <node id="4202840421" lat="37.5672030" lon="126.9993756"/>
  <node id="4202840423" lat="37.5671281" lon="127.0001784"/>
  <node id="4202872186" lat="37.5693580" lon="127.0015053"/>
  <node id="4202879191" lat="37.5687002" lon="126.9990286"/>
  <node id="4202879194" lat="37.5680494" lon="126.9990747"/>
  <node id="4202879195" lat="37.5680211" lon="126.9979989"/>
  <node id="4202879196" lat="37.5657917" lon="127.0003648"/>
  <node id="4202879197" lat="37.5654017" lon="126.9989581"/>
  <node id="4203161537" lat="37.5626622" lon="126.9930912"/>
  <node id="4203161539" lat="37.5681812" lon="126.9924368"/>
  <node id="4203161541" lat="37.5627675" lon="126.9903161"/>
  <node id="4203161546" lat="37.5651421" lon="126.9927842"/>
  <node id="4203161556" lat="37.5633736" lon="126.9930031"/>
  <node id="4203161562" lat="37.5645077" lon="126.9959768"/>
  <node id="4203161576" lat="37.5664344" lon="126.9964900"/>
  <node id="4203161579" lat="37.5659595" lon="126.9965299"/>
  <node id="4203161581" lat="37.5650454" lon="126.9933396"/>
  <node id="4203161582" lat="37.5647288" lon="126.9941715"/>
  <node id="4203161585" lat="37.5646545" lon="126.9948573"/>
  <node id="4203227035" lat="37.5677732" lon="126.9924826"/>
  <node id="4203227039" lat="37.5682126" lon="126.9928042"/>
  <node id="4203227041" lat="37.5678953" lon="126.9937007"/>
  <node id="4203227042" lat="37.5664679" lon="126.9934151"/>
  <node id="4203227045" lat="37.5667957" lon="126.9945322"/>
  <node id="4203238478" lat="37.5665494" lon="126.9950694"/>
  <node id="4203238479" lat="37.5667653" lon="126.9950997"/>
  <node id="4203238480" lat="37.5670290" lon="126.9951610"/>
  <node id="4203238481" lat="37.5671434" lon="126.9952510"/>
  <node id="4203238482" lat="37.5665253" lon="126.9945803"/>
  <node id="4203238484" lat="37.5667723" lon="126.9951007"/>
  <node id="4203243994" lat="37.5671991" lon="126.9934196"/>
  <node id="4203244002" lat="37.5669674" lon="126.9945499"/>
  <node id="4203244003" lat="37.5684966" lon="126.9961068"/>
  <node id="4203244004" lat="37.5677243" lon="126.9962052"/>
  <node id="4203244005" lat="37.5677313" lon="126.9956365"/>
  <node id="4203244009" lat="37.5672763" lon="126.9960031"/>
  <node id="4203244010" lat="37.5671373" lon="126.9959962"/>
  <node id="4203244011" lat="37.5669449" lon="126.9960396"/>
  <node id="4203244012" lat="37.5670897" lon="126.9969334"/>
  <node id="4203244018" lat="37.5680619" lon="126.9972787"/>
  <node id="4203244019" lat="37.5675875" lon="126.9977687"/>
  <node id="4203244024" lat="37.5675962" lon="126.9980340"/>
  <node id="4203244026" lat="37.5671659" lon="126.9974774"/>
  <node id="4203278562" lat="37.5692614" lon="126.9954737"/>
  <node id="4203278570" lat="37.5696990" lon="126.9979029"/>
  <node id="4203278571" lat="37.5701501" lon="126.9953547"/>
  <node id="4203278575" lat="37.5705073" lon="126.9972888"/>
  <node id="4214923089" lat="37.5778364" lon="126.9795427"/>
  <node id="4242945767" lat="37.5690066" lon="126.9827769"/>
  <node id="4259724199" lat="37.5759563" lon="126.9799611"/>
  <node id="4259754211" lat="37.5828059" lon="126.9851304"/>
  <node id="4276255149" lat="37.5644604" lon="126.9982932">
    <tag k="crossing" v="traffic_signals"/>
    <tag k="highway" v="crossing"/>
    <tag k="tactile_paving" v="yes"/>
  </node>
  <node id="4276255151" lat="37.5641535" lon="126.9983186">
    <tag k="crossing" v="traffic_signals"/>
    <tag k="highway" v="crossing"/>
    <tag k="tactile_paving" v="yes"/>
  </node>
  <node id="4276255168" lat="37.5648101" lon="126.9875422">
    <tag k="bicycle" v="yes"/>
    <tag k="crossing" v="marked"/>
    <tag k="crossing:markings" v="zebra"/>
    <tag k="highway" v="crossing"/>
  </node>
  <node id="4311362735" lat="37.5666055" lon="126.9756615"/>
  <node id="4311362736" lat="37.5666261" lon="126.9754505"/>
  <node id="4370586892" lat="37.5782681" lon="126.9867439"/>
  <node id="4435291463" lat="37.5760575" lon="126.9797842"/>
  <node id="4435291469" lat="37.5761366" lon="126.9795775"/>
  <node id="4435291473" lat="37.5760871" lon="126.9796963">
    <tag k="bicycle" v="yes"/>
    <tag k="crossing" v="marked"/>
    <tag k="crossing:markings" v="zebra"/>
    <tag k="highway" v="crossing"/>
  </node>
  <node id="4439016710" lat="37.5734468" lon="126.9798444"/>
  <node id="4439016738" lat="37.5742945" lon="126.9793376"/>
  <node id="4439079801" lat="37.5742628" lon="126.9793435"/>
  <node id="4439079802" lat="37.5742849" lon="126.9786464"/>
  <node id="4439079861" lat="37.5759695" lon="126.9792301"/>
  <node id="4439079864" lat="37.5761076" lon="126.9791732"/>
  <node id="4439079890" lat="37.5764019" lon="126.9794829">
    <tag k="bicycle" v="yes"/>
    <tag k="crossing" v="marked"/>
    <tag k="crossing:markings" v="zebra"/>
    <tag k="highway" v="crossing"/>
  </node>
  <node id="4439079891" lat="37.5764003" lon="126.9795808">
    <tag k="bicycle" v="yes"/>
    <tag k="crossing" v="marked"/>
    <tag k="crossing:markings" v="zebra"/>
    <tag k="highway" v="crossing"/>
  </node>
  <node id="4439093129" lat="37.5739743" lon="126.9795140"/>
  <node id="4439763817" lat="37.5735588" lon="126.9797314"/>
  <node id="4439763831" lat="37.5755827" lon="126.9822796"/>
  <node id="4439827501" lat="37.5748013" lon="126.9809663">
    <tag k="fixme" v="pls expand"/>
  </node>
  <node id="4439827503" lat="37.5751046" lon="126.9805957">
    <tag k="crossing" v="uncontrolled"/>
    <tag k="highway" v="crossing"/>
  </node>
  <node id="4439827505" lat="37.5755098" lon="126.9810363"/>
  <node id="4439827508" lat="37.5756192" lon="126.9812004">
    <tag k="crossing" v="uncontrolled"/>
    <tag k="highway" v="crossing"/>
    <tag k="tactile_paving" v="yes"/>
  </node>
  <node id="4439827510" lat="37.5756329" lon="126.9811172">
    <tag k="crossing" v="uncontrolled"/>
    <tag k="highway" v="crossing"/>
    <tag k="tactile_paving" v="yes"/>
  </node>
  <node id="4439827512" lat="37.5756511" lon="126.9812482"/>
  <node id="4439827513" lat="37.5756630" lon="126.9796554">
    <tag k="crossing:markings" v="yes"/>
    <tag k="crossing:signals" v="no"/>
    <tag k="highway" v="crossing"/>
    <tag k="tactile_paving" v="yes"/>
  </node>
  <node id="4439827514" lat="37.5756591" lon="126.9811379"/>
  <node id="4439827520" lat="37.5757225" lon="126.9798016"/>
  <node id="4439827521" lat="37.5757061" lon="126.9811413"/>
  <node id="4532820273" lat="37.5756979" lon="126.9909009"/>
  <node id="4627822390" lat="37.5653475" lon="126.9995729"/>
  <node id="4633981745" lat="37.5675232" lon="126.9956487"/>
  <node id="4636374652" lat="37.5661066" lon="126.9790329"/>
  <node id="4636374653" lat="37.5661748" lon="126.9790961"/>
  <node id="4636374654" lat="37.5662463" lon="126.9791423"/>
  <node id="4636374655" lat="37.5663641" lon="126.9791478"/>
  <node id="4636388802" lat="37.5701407" lon="126.9784327"/>
  <node id="4636388803" lat="37.5693319" lon="126.9784105"/>
  <node id="4636656414" lat="37.5805906" lon="126.9867665"/>
  <node id="4655135712" lat="37.5782975" lon="126.9892104"/>
  <node id="4694626999" lat="37.5774730" lon="126.9918733"/>
  <node id="4694627004" lat="37.5763509" lon="126.9957892"/>
  <node id="4736420956" lat="37.5700279" lon="126.9831301"/>
  <node id="4791329524" lat="37.5656232" lon="126.9965614"/>
  <node id="4791329526" lat="37.5653201" lon="126.9965907"/>
  <node id="4791329527" lat="37.5649374" lon="126.9963611"/>
  <node id="4806788868" lat="37.5678993" lon="126.9772307"/>
  <node id="4876253530" lat="37.5743966" lon="126.9779962"/>
  <node id="4876253531" lat="37.5743892" lon="126.9777508"/>
  <node id="4876253532" lat="37.5744463" lon="126.9772047"/>
  <node id="4876253533" lat="37.5743890" lon="126.9772322"/>
  <node id="4876253534" lat="37.5743764" lon="126.9773055"/>
  <node id="4876253535" lat="37.5743421" lon="126.9781771"/>
  <node id="4876253536" lat="37.5742797" lon="126.9779546"/>
  <node id="4876253537" lat="37.5742723" lon="126.9775295"/>
  <node id="4876253538" lat="37.5742563" lon="126.9773095"/>
  <node id="4876253539" lat="37.5742264" lon="126.9772616"/>
  <node id="4876253540" lat="37.5741212" lon="126.9772179"/>
  <node id="4876253541" lat="37.5742699" lon="126.9756725"/>
  <node id="4876253543" lat="37.5743068" lon="126.9763399"/>
  <node id="4876253544" lat="37.5744645" lon="126.9763696"/>
  <node id="4876253552" lat="37.5741903" lon="126.9753818"/>
  <node id="4960120585" lat="37.5679833" lon="126.9820259"/>
  <node id="4960120586" lat="37.5687887" lon="126.9820499"/>
  <node id="4960162823" lat="37.5690917" lon="126.9775968"/>
  <node id="4960162824" lat="37.5687568" lon="126.9778771"/>
  <node id="4960162825" lat="37.5686768" lon="126.9780053"/>
  <node id="4960162826" lat="37.5686313" lon="126.9792631"/>
  <node id="4960162829" lat="37.5692016" lon="126.9806982"/>
  <node id="4960162830" lat="37.5695546" lon="126.9806932"/>
  <node id="4960162831" lat="37.5695641" lon="126.9799166"/>
  <node id="4960162834" lat="37.5702605" lon="126.9795450"/>
  <node id="5015675993" lat="37.5716014" lon="126.9785454"/>
  <node id="5015675996" lat="37.5720235" lon="126.9830546">
    <tag k="junction" v="yes"/>
    <tag k="name" v="조계사앞"/>
    <tag k="name:en" v="Jogyesa Front"/>
    <tag k="name:ja" v="曹渓寺前"/>
    <tag k="name:ko" v="조계사앞"/>
    <tag k="name:ko-Latn" v="Jogyesaap"/>
  </node>
  <node id="5049929454" lat="37.5790633" lon="126.9851722">
    <tag k="highway" v="crossing"/>
  </node>
  <node id="5049929455" lat="37.5792618" lon="126.9849995"/>
  <node id="5049929456" lat="37.5793822" lon="126.9850162"/>
  <node id="5053342653" lat="37.5782186" lon="126.9855060"/>
  <node id="5063378091" lat="37.5800657" lon="126.9799897"/>
  <node id="5164595708" lat="37.5723613" lon="126.9830432"/>
  <node id="5164654387" lat="37.5725856" lon="126.9771416"/>
  <node id="5172891766" lat="37.5662216" lon="126.9825964">
    <tag k="bicycle" v="yes"/>
    <tag k="crossing" v="marked"/>
    <tag k="crossing:island" v="no"/>
    <tag k="crossing:markings" v="zebra"/>
    <tag k="highway" v="crossing"/>
    <tag k="kerb" v="flush"/>
    <tag k="tactile_paving" v="yes"/>
  </node>
  <node id="5172891767" lat="37.5658809" lon="126.9825607">
    <tag k="bicycle" v="yes"/>
    <tag k="crossing" v="marked"/>
    <tag k="crossing:markings" v="zebra"/>
    <tag k="highway" v="crossing"/>
  </node>
  <node id="5172891768" lat="37.5659083" lon="126.9827499"/>
  <node id="5172891769" lat="37.5660563" lon="126.9829454">
    <tag k="bicycle" v="yes"/>
    <tag k="crossing" v="marked"/>
    <tag k="crossing:markings" v="zebra"/>
    <tag k="highway" v="crossing"/>
    <tag k="kerb" v="flush"/>
    <tag k="tactile_paving" v="yes"/>
  </node>
  <node id="5172891770" lat="37.5660414" lon="126.9822956">
    <tag k="bicycle" v="yes"/>
    <tag k="crossing" v="marked"/>
    <tag k="crossing:markings" v="zebra"/>
    <tag k="highway" v="crossing"/>
  </node>
  <node id="5172891771" lat="37.5658955" lon="126.9822991">
    <tag k="bicycle" v="yes"/>
    <tag k="crossing" v="marked"/>
    <tag k="crossing:markings" v="zebra"/>
    <tag k="highway" v="crossing"/>
    <tag k="kerb" v="flush"/>
    <tag k="tactile_paving" v="yes"/>
  </node>
  <node id="5172891772" lat="37.5661404" lon="126.9822190">
    <tag k="bicycle" v="yes"/>
    <tag k="crossing" v="marked"/>
    <tag k="crossing:markings" v="zebra"/>
    <tag k="highway" v="crossing"/>
  </node>
  <node id="5172891773" lat="37.5663832" lon="126.9830754">
    <tag k="bicycle" v="yes"/>
    <tag k="crossing" v="marked"/>
    <tag k="crossing:markings" v="zebra"/>
    <tag k="highway" v="crossing"/>
    <tag k="kerb" v="flush"/>
    <tag k="tactile_paving" v="yes"/>
  </node>
  <node id="5172891774" lat="37.5656441" lon="126.9828580">
    <tag k="bicycle" v="yes"/>
    <tag k="crossing" v="marked"/>
    <tag k="crossing:markings" v="zebra"/>
    <tag k="highway" v="crossing"/>
    <tag k="kerb" v="flush"/>
    <tag k="tactile_paving" v="yes"/>
  </node>
  <node id="5172891775" lat="37.5656324" lon="126.9822955">
    <tag k="bicycle" v="yes"/>
    <tag k="crossing" v="marked"/>
    <tag k="crossing:markings" v="zebra"/>
    <tag k="highway" v="crossing"/>
  </node>
  <node id="5194567130" lat="37.5761711" lon="126.9972919">
    <tag k="bicycle" v="yes"/>
    <tag k="crossing" v="marked"/>
    <tag k="crossing:island" v="no"/>
    <tag k="crossing:markings" v="zebra"/>
    <tag k="highway" v="crossing"/>
    <tag k="tactile_paving" v="yes"/>
  </node>
  <node id="5194567131" lat="37.5763891" lon="126.9969595">
    <tag k="bicycle" v="yes"/>
    <tag k="crossing" v="marked"/>
    <tag k="crossing:markings" v="zebra"/>
    <tag k="highway" v="crossing"/>
  </node>
  <node id="5194567132" lat="37.5765536" lon="126.9970929"/>
  <node id="5194567133" lat="37.5759420" lon="126.9970687">
    <tag k="bicycle" v="yes"/>
    <tag k="crossing" v="marked"/>
    <tag k="crossing:island" v="no"/>
    <tag k="crossing:markings" v="zebra"/>
    <tag k="highway" v="crossing"/>
    <tag k="kerb" v="flush"/>
    <tag k="tactile_paving" v="yes"/>
  </node>
  <node id="5194567134" lat="37.5755507" lon="126.9973494">
    <tag k="bicycle" v="yes"/>
    <tag k="crossing" v="marked"/>
    <tag k="crossing:island" v="no"/>
    <tag k="crossing:markings" v="zebra"/>
    <tag k="highway" v="crossing"/>
    <tag k="kerb" v="flush"/>
    <tag k="tactile_paving" v="yes"/>
  </node>
  <node id="5194567135" lat="37.5758912" lon="126.9975837">
    <tag k="bicycle" v="yes"/>
    <tag k="crossing" v="marked"/>
    <tag k="crossing:island" v="no"/>
    <tag k="crossing:markings" v="zebra"/>
    <tag k="highway" v="crossing"/>
    <tag k="kerb" v="lowered"/>
    <tag k="tactile_paving" v="yes"/>
  </node>
  <node id="5194567136" lat="37.5762416" lon="126.9964381"/>
  <node id="5194567138" lat="37.5767618" lon="126.9947906"/>
  <node id="5194567140" lat="37.5767812" lon="126.9860822">
    <tag k="bicycle" v="yes"/>
    <tag k="crossing" v="marked"/>
    <tag k="crossing:island" v="no"/>
    <tag k="crossing:markings" v="zebra"/>
    <tag k="highway" v="crossing"/>
    <tag k="tactile_paving" v="yes"/>
  </node>
  <node id="5194567141" lat="37.5770296" lon="126.9860838">
    <tag k="bicycle" v="yes"/>
    <tag k="crossing" v="marked"/>
    <tag k="crossing:island" v="no"/>
    <tag k="crossing:markings" v="zebra"/>
    <tag k="highway" v="crossing"/>
    <tag k="tactile_paving" v="yes"/>
  </node>
  <node id="5194567142" lat="37.5766816" lon="126.9862085">
    <tag k="bicycle" v="yes"/>
    <tag k="crossing" v="marked"/>
    <tag k="crossing:markings" v="zebra"/>
    <tag k="highway" v="crossing"/>
    <tag k="tactile_paving" v="yes"/>
  </node>
  <node id="5194567143" lat="37.5760223" lon="126.9844309">
    <tag k="bicycle" v="yes"/>
    <tag k="crossing" v="marked"/>
    <tag k="crossing:island" v="no"/>
    <tag k="crossing:markings" v="zebra"/>
    <tag k="highway" v="crossing"/>
    <tag k="kerb" v="lowered"/>
    <tag k="tactile_paving" v="yes"/>
  </node>
  <node id="5194567144" lat="37.5757245" lon="126.9837503"/>
  <node id="5194567145" lat="37.5757716" lon="126.9836256"/>
  <node id="5194567149" lat="37.5756394" lon="126.9830790">
    <tag k="highway" v="traffic_signals"/>
    <tag k="traffic_signals" v="signal"/>
  </node>
  <node id="5194567150" lat="37.5755813" lon="126.9834448"/>
  <node id="5194567153" lat="37.5758228" lon="126.9788782"/>
  <node id="5194567161" lat="37.5704115" lon="126.9772484">
    <tag k="bicycle" v="yes"/>
    <tag k="button_operated" v="yes"/>
    <tag k="crossing" v="traffic_signals"/>
    <tag k="highway" v="crossing"/>
    <tag k="tactile_paving" v="yes"/>
    <tag k="traffic_signals:sound" v="no"/>
    <tag k="traffic_signals:vibration" v="no"/>
  </node>
  <node id="5194567167" lat="37.5668688" lon="126.9771140">
    <tag k="bicycle" v="yes"/>
    <tag k="crossing" v="marked"/>
    <tag k="crossing:markings" v="zebra"/>
    <tag k="highway" v="crossing"/>
  </node>
  <node id="5323166907" lat="37.5792004" lon="126.9796323"/>
  <node id="5323166911" lat="37.5799528" lon="126.9798871"/>
  <node id="5334177669" lat="37.5624239" lon="126.9903663"/>
  <node id="5349498129" lat="37.5749814" lon="126.9820632"/>
  <node id="5357051581" lat="37.5730779" lon="126.9865119"/>
  <node id="5357052116" lat="37.5744430" lon="126.9862945"/>
  <node id="5357053110" lat="37.5743551" lon="126.9843672"/>
  <node id="5357053673" lat="37.5749283" lon="126.9822235"/>
  <node id="5357053891" lat="37.5735832" lon="126.9829767"/>
  <node id="5357054147" lat="37.5756180" lon="126.9820354"/>
  <node id="5357054149" lat="37.5756684" lon="126.9816748"/>
  <node id="5359230961" lat="37.5718518" lon="126.9804699"/>
  <node id="5359231190" lat="37.5712251" lon="126.9808353"/>
  <node id="5359231194" lat="37.5711900" lon="126.9802178"/>
  <node id="5359231204" lat="37.5704153" lon="126.9793361">
    <tag k="crossing:signals" v="yes"/>
    <tag k="highway" v="crossing"/>
  </node>
  <node id="5400937312" lat="37.5759937" lon="126.9843539"/>
  <node id="5542182479" lat="37.5765164" lon="126.9854890"/>
  <node id="5633956117" lat="37.5666068" lon="126.9758739"/>
  <node id="5633956118" lat="37.5666061" lon="126.9762636"/>
  <node id="5702150510" lat="37.5708010" lon="127.0000056"/>
  <node id="5702191562" lat="37.5708450" lon="126.9980614">
    <tag k="button_operated" v="no"/>
    <tag k="crossing" v="traffic_signals"/>
    <tag k="crossing:island" v="no"/>
    <tag k="highway" v="crossing"/>
    <tag k="tactile_paving" v="yes"/>
    <tag k="traffic_signals:sound" v="yes"/>
  </node>
  <node id="5702191564" lat="37.5707492" lon="126.9970744">
    <tag k="crossing" v="traffic_signals"/>
    <tag k="highway" v="crossing"/>
    <tag k="tactile_paving" v="yes"/>
  </node>
  <node id="5702191574" lat="37.5697520" lon="127.0019100"/>
  <node id="5702191575" lat="37.5704987" lon="126.9982114">
    <tag k="bicycle" v="yes"/>
    <tag k="crossing" v="marked"/>
    <tag k="crossing:markings" v="zebra"/>
    <tag k="highway" v="crossing"/>
  </node>
  <node id="5706326038" lat="37.5690905" lon="126.9775775">
    <tag k="crossing" v="marked"/>
    <tag k="crossing:markings" v="zebra"/>
    <tag k="crossing:signals" v="no"/>
    <tag k="highway" v="crossing"/>
    <tag k="tactile_paving" v="yes"/>
  </node>
  <node id="5706326042" lat="37.5700474" lon="126.9774364"/>
  <node id="5706326045" lat="37.5680402" lon="126.9773469">
    <tag k="crossing:island" v="no"/>
    <tag k="crossing:markings" v="yes"/>
    <tag k="crossing:signals" v="no"/>
    <tag k="highway" v="crossing"/>
    <tag k="tactile_paving" v="yes"/>
  </node>
  <node id="5706326060" lat="37.5704043" lon="126.9763864"/>
  <node id="5768277854" lat="37.5706919" lon="126.9980696">
    <tag k="button_operated" v="no"/>
    <tag k="crossing" v="traffic_signals"/>
    <tag k="crossing:island" v="no"/>
    <tag k="highway" v="crossing"/>
    <tag k="tactile_paving" v="yes"/>
    <tag k="traffic_signals:sound" v="yes"/>
  </node>
  <node id="5768277855" lat="37.5706779" lon="126.9982537"/>
  <node id="5768277856" lat="37.5706281" lon="126.9983027"/>
  <node id="5768277857" lat="37.5705917" lon="126.9982992"/>
  <node id="5768277858" lat="37.5705700" lon="126.9982872"/>
  <node id="5768277859" lat="37.5703875" lon="126.9980679"/>
  <node id="5768277860" lat="37.5703673" lon="126.9980353"/>
  <node id="5768277861" lat="37.5703639" lon="126.9979812"/>
  <node id="5768277862" lat="37.5703805" lon="126.9979439"/>
  <node id="5768277863" lat="37.5704087" lon="126.9979223"/>
  <node id="5768277864" lat="37.5706107" lon="126.9978999"/>
  <node id="5768277865" lat="37.5706881" lon="126.9978811"/>
  <node id="5778529295" lat="37.5770617" lon="126.9795463"/>
  <node id="5778529296" lat="37.5774769" lon="126.9795463"/>
  <node id="5778529297" lat="37.5769299" lon="126.9794685"/>
  <node id="5778529298" lat="37.5771852" lon="126.9794720"/>
  <node id="5778529299" lat="37.5774881" lon="126.9794720"/>
  <node id="5778529300" lat="37.5777826" lon="126.9794720"/>
  <node id="5778529301" lat="37.5780014" lon="126.9794720"/>
  <node id="5778529302" lat="37.5781536" lon="126.9794779"/>
  <node id="5778529303" lat="37.5786381" lon="126.9795110"/>
  <node id="5778529304" lat="37.5789859" lon="126.9795463"/>
  <node id="5778529305" lat="37.5792383" lon="126.9795888"/>
  <node id="5778529306" lat="37.5795328" lon="126.9796879"/>
  <node id="5778529307" lat="37.5800330" lon="126.9798576"/>
  <node id="5778529308" lat="37.5802514" lon="126.9799253"/>
  <node id="5778529309" lat="37.5804808" lon="126.9799790"/>
  <node id="5778529310" lat="37.5807232" lon="126.9800444"/>
  <node id="5778529311" lat="37.5809937" lon="126.9801316"/>
  <node id="5778529312" lat="37.5800936" lon="126.9798764"/>
  <node id="5781580992" lat="37.5774304" lon="126.9868122"/>
  <node id="5781580993" lat="37.5792002" lon="126.9850901"/>
  <node id="5789579390" lat="37.5793422" lon="126.9886550"/>
  <node id="5789579391" lat="37.5793541" lon="126.9892809"/>
  <node id="5789579406" lat="37.5803577" lon="126.9863382"/>
  <node id="5789579408" lat="37.5803703" lon="126.9867534"/>
  <node id="5789579410" lat="37.5801640" lon="126.9850378"/>
  <node id="5791834302" lat="37.5831870" lon="126.9862658"/>
  <node id="5791860736" lat="37.5829627" lon="126.9886289"/>
  <node id="5791990605" lat="37.5822454" lon="126.9868465"/>
  <node id="5800888046" lat="37.5782333" lon="126.9892153"/>
  <node id="5803683698" lat="37.5794679" lon="126.9832843"/>
  <node id="5803938448" lat="37.5792917" lon="126.9886317"/>
  <node id="5804596023" lat="37.5646687" lon="126.9875821"/>
  <node id="5809701432" lat="37.5758843" lon="126.9979955"/>
  <node id="5809701434" lat="37.5760555" lon="127.0010831"/>
  <node id="5842932915" lat="37.5757372" lon="126.9793997"/>
  <node id="5842932916" lat="37.5712015" lon="126.9793170"/>
  <node id="5851251263" lat="37.5672486" lon="126.9772379"/>
  <node id="5851251264" lat="37.5670025" lon="126.9772406"/>
  <node id="5851251265" lat="37.5665962" lon="126.9772302"/>
  <node id="5851251266" lat="37.5666372" lon="126.9771167"/>
  <node id="5851251267" lat="37.5671416" lon="126.9771089"/>
  <node id="5851251268" lat="37.5680140" lon="126.9772314"/>
  <node id="5851251271" lat="37.5654029" lon="126.9772274"/>
  <node id="5851251272" lat="37.5651027" lon="126.9772209"/>
  <node id="5851251273" lat="37.5652415" lon="126.9772260">
    <tag k="crossing" v="marked"/>
    <tag k="crossing:markings" v="zebra"/>
    <tag k="highway" v="crossing"/>
    <tag k="kerb" v="lowered"/>
    <tag k="tactile_paving" v="yes"/>
  </node>
  <node id="5851251274" lat="37.5652409" lon="126.9771018">
    <tag k="crossing" v="marked"/>
    <tag k="crossing:markings" v="zebra"/>
    <tag k="highway" v="crossing"/>
    <tag k="kerb" v="lowered"/>
    <tag k="tactile_paving" v="yes"/>
  </node>
  <node id="5851251276" lat="37.5649280" lon="126.9772128"/>
  <node id="5851251277" lat="37.5649238" lon="126.9770840"/>
  <node id="5852580184" lat="37.5705310" lon="126.9831179"/>
  <node id="5853280339" lat="37.5754685" lon="126.9828921"/>
  <node id="5863541380" lat="37.5689630" lon="126.9979270"/>
  <node id="5863541381" lat="37.5687390" lon="126.9979396"/>
  <node id="5863541488" lat="37.5699041" lon="126.9770858"/>
  <node id="5863541489" lat="37.5698491" lon="126.9770558"/>
  <node id="5863541495" lat="37.5690330" lon="126.9792872"/>
  <node id="5863541499" lat="37.5689674" lon="126.9772483"/>
  <node id="5863541500" lat="37.5691023" lon="126.9774622"/>
  <node id="5863541505" lat="37.5685727" lon="126.9927378"/>
  <node id="5871218814" lat="37.5700634" lon="126.9716455"/>
  <node id="5913832738" lat="37.5684280" lon="126.9953268"/>
  <node id="5920996806" lat="37.5700707" lon="126.9824693"/>
  <node id="5920996808" lat="37.5704727" lon="126.9952980"/>
  <node id="5920996812" lat="37.5701045" lon="126.9832641"/>
  <node id="5933678777" lat="37.5705072" lon="126.9951691"/>
  <node id="5973693841" lat="37.5700544" lon="126.9784302"/>
  <node id="5973693842" lat="37.5700577" lon="126.9793366"/>
  <node id="5973693844" lat="37.5700551" lon="126.9799394"/>
  <node id="5973693845" lat="37.5699188" lon="126.9827594"/>
  <node id="5973693846" lat="37.5699081" lon="126.9830355"/>
  <node id="5973693847" lat="37.5701148" lon="126.9839837"/>
  <node id="5973693848" lat="37.5701031" lon="126.9844485"/>
  <node id="5973693849" lat="37.5700935" lon="126.9857500"/>
  <node id="5973693850" lat="37.5700923" lon="126.9868966"/>
  <node id="5973693851" lat="37.5701400" lon="126.9885580"/>
  <node id="5973693853" lat="37.5702792" lon="126.9911984"/>
  <node id="5973693854" lat="37.5703256" lon="126.9921882"/>
  <node id="5973693857" lat="37.5704490" lon="126.9948305"/>
  <node id="5973693858" lat="37.5705539" lon="126.9971870"/>
  <node id="5973693859" lat="37.5705818" lon="126.9970952">
    <tag k="crossing:signals" v="no"/>
    <tag k="highway" v="crossing"/>
  </node>
  <node id="5973693860" lat="37.5706545" lon="126.9970846">
    <tag k="crossing:signals" v="yes"/>
    <tag k="highway" v="crossing"/>
  </node>
  <node id="5973693869" lat="37.5701350" lon="126.9978665">
    <tag k="bicycle" v="yes"/>
    <tag k="crossing" v="marked"/>
    <tag k="crossing:markings" v="zebra"/>
    <tag k="highway" v="crossing"/>
    <tag k="tactile_paving" v="yes"/>
  </node>
  <node id="6107335405" lat="37.5670067" lon="126.9781642"/>
  <node id="6146661392" lat="37.5680529" lon="126.9875469"/>
  <node id="6146661393" lat="37.5682407" lon="126.9875513"/>
  <node id="6146661406" lat="37.5684221" lon="126.9951032"/>
  <node id="6146661408" lat="37.5684624" lon="126.9955428"/>
  <node id="6146661409" lat="37.5686908" lon="126.9954955"/>
  <node id="6146661411" lat="37.5686554" lon="126.9950887"/>
  <node id="6278096183" lat="37.5729786" lon="126.9878597"/>
  <node id="6278096184" lat="37.5727237" lon="126.9878402"/>
  <node id="6632070607" lat="37.5684499" lon="126.9955735"/>
  <node id="6632070611" lat="37.5684433" lon="126.9954864"/>
  <node id="6632070612" lat="37.5684142" lon="126.9951779">
    <tag k="crossing:markings" v="yes"/>
    <tag k="crossing:signals" v="no"/>
    <tag k="highway" v="crossing"/>
  </node>
  <node id="6668670579" lat="37.5760107" lon="126.9864254"/>
  <node id="6687090852" lat="37.5658899" lon="126.9796831"/>
  <node id="6687090859" lat="37.5658770" lon="126.9802901"/>
  <node id="6687090862" lat="37.5658983" lon="126.9814622"/>
  <node id="6687090864" lat="37.5658448" lon="126.9820663"/>
  <node id="6687090883" lat="37.5643019" lon="126.9822141"/>
  <node id="6687146123" lat="37.5626080" lon="126.9816067"/>
  <node id="6687209861" lat="37.5624337" lon="126.9815053"/>
  <node id="6687209869" lat="37.5630819" lon="126.9818415"/>
  <node id="6687209873" lat="37.5630204" lon="126.9818141"/>
  <node id="7054563391" lat="37.5667414" lon="126.9933717"/>
  <node id="7062515348" lat="37.5790333" lon="126.9965956">
    <tag k="crossing" v="traffic_signals"/>
    <tag k="crossing:island" v="yes"/>
    <tag k="crossing:markings" v="yes"/>
    <tag k="highway" v="crossing"/>
    <tag k="tactile_paving" v="yes"/>
  </node>
  <node id="7062515349" lat="37.5790436" lon="126.9967801">
    <tag k="crossing" v="traffic_signals"/>
    <tag k="crossing:island" v="yes"/>
    <tag k="crossing:markings" v="yes"/>
    <tag k="highway" v="crossing"/>
    <tag k="tactile_paving" v="yes"/>
  </node>
  <node id="7062517395" lat="37.5841104" lon="126.9998774"/>
  <node id="7062517398" lat="37.5830835" lon="126.9987437"/>
  <node id="7062517409" lat="37.5815612" lon="126.9969810"/>
  <node id="7062517412" lat="37.5828157" lon="126.9984629"/>
  <node id="7062517421" lat="37.5782781" lon="126.9967852"/>
  <node id="7062619078" lat="37.5754675" lon="126.9973591"/>
  <node id="7062635487" lat="37.5710984" lon="126.9977814"/>
  <node id="7062635488" lat="37.5751280" lon="126.9973646"/>
  <node id="7062635489" lat="37.5743040" lon="126.9974520"/>
  <node id="7062635490" lat="37.5733609" lon="126.9975440"/>
  <node id="7062635491" lat="37.5725575" lon="126.9976058"/>
  <node id="7068765117" lat="37.5707399" lon="126.9978675"/>
  <node id="7068765389" lat="37.5707298" lon="126.9978729"/>
  <node id="7068927961" lat="37.5704357" lon="126.9921665"/>
  <node id="7068953034" lat="37.5701365" lon="126.9795444">
    <tag k="crossing" v="traffic_signals"/>
    <tag k="highway" v="crossing"/>
    <tag k="tactile_paving" v="yes"/>
  </node>
  <node id="7068953101" lat="37.5704048" lon="126.9921671"/>
  <node id="7068953102" lat="37.5702747" lon="126.9847021"/>
  <node id="7068953106" lat="37.5702703" lon="126.9837578"/>
  <node id="7121587894" lat="37.5706310" lon="126.9950804">
    <tag k="crossing" v="marked"/>
    <tag k="crossing:markings" v="yes"/>
    <tag k="highway" v="crossing"/>
    <tag k="tactile_paving" v="yes"/>
  </node>
  <node id="7121587897" lat="37.5705038" lon="126.9950838">
    <tag k="crossing" v="marked"/>
    <tag k="crossing:markings" v="yes"/>
    <tag k="highway" v="crossing"/>
    <tag k="tactile_paving" v="yes"/>
  </node>
  <node id="7166355112" lat="37.5683590" lon="126.9946470"/>
  <node id="7166355132" lat="37.5677579" lon="126.9951750"/>
  <node id="7166355133" lat="37.5683415" lon="126.9951078"/>
  <node id="7168615338" lat="37.5616612" lon="126.9931740"/>
  <node id="7171445599" lat="37.5619278" lon="126.9931670"/>
  <node id="7173863699" lat="37.5681282" lon="126.9777522"/>
  <node id="7173872279" lat="37.5639193" lon="126.9901669"/>
  <node id="7173872280" lat="37.5633441" lon="126.9902431"/>
  <node id="7173896286" lat="37.5641318" lon="126.9901221"/>
  <node id="7173896298" lat="37.5647042" lon="126.9899836"/>
  <node id="7174084461" lat="37.5771987" lon="126.9870392"/>
  <node id="7174127140" lat="37.5735793" lon="126.9887818"/>
  <node id="7174127144" lat="37.5727023" lon="126.9902622"/>
  <node id="7174127145" lat="37.5735683" lon="126.9905822"/>
  <node id="7174127146" lat="37.5736710" lon="126.9909245"/>
  <node id="7174127147" lat="37.5740998" lon="126.9907733"/>
  <node id="7174127152" lat="37.5741056" lon="126.9902082"/>
  <node id="7174221719" lat="37.5675316" lon="126.9758956"/>
  <node id="7176684827" lat="37.5666173" lon="126.9754963"/>
  <node id="7179536461" lat="37.5646750" lon="126.9961945"/>
  <node id="7179536462" lat="37.5645096" lon="126.9962134"/>
  <node id="7179536464" lat="37.5647715" lon="126.9962599"/>
  <node id="7179536468" lat="37.5655629" lon="126.9965656"/>
  <node id="7179536470" lat="37.5648906" lon="126.9963405"/>
  <node id="7179536472" lat="37.5664921" lon="126.9964820"/>
  <node id="7179539895" lat="37.5652169" lon="126.9982307"/>
  <node id="7179553035" lat="37.5655951" lon="126.9965634"/>
  <node id="7179553036" lat="37.5654157" lon="126.9965808"/>
  <node id="7184382779" lat="37.5704354" lon="126.9953073"/>
  <node id="7184471990" lat="37.5706149" lon="126.9967187"/>
  <node id="7184471991" lat="37.5697700" lon="126.9954052"/>
  <node id="7184472001" lat="37.5687768" lon="126.9962319"/>
  <node id="7184472002" lat="37.5687834" lon="126.9963666"/>
  <node id="7184472005" lat="37.5688361" lon="126.9968282"/>
  <node id="7184472006" lat="37.5688840" lon="126.9972482"/>
  <node id="7195841973" lat="37.5763907" lon="126.9956837"/>
  <node id="7199553977" lat="37.5708244" lon="126.9964199"/>
  <node id="7199553987" lat="37.5706441" lon="126.9953258"/>
  <node id="7206317684" lat="37.5621660" lon="126.9931601"/>
  <node id="7208946711" lat="37.5745812" lon="126.9841016"/>
  <node id="7208946713" lat="37.5748832" lon="126.9837940"/>
  <node id="7208986828" lat="37.5730581" lon="126.9906624"/>
  <node id="7208991758" lat="37.5725648" lon="126.9898995"/>
  <node id="7209588944" lat="37.5740736" lon="126.9902252"/>
  <node id="7209588982" lat="37.5742406" lon="126.9895645"/>
  <node id="7212675209" lat="37.5642225" lon="126.9901002"/>
  <node id="7212675215" lat="37.5643655" lon="126.9900655"/>
  <node id="7214123623" lat="37.5693634" lon="126.9778822"/>
  <node id="7215968394" lat="37.5829659" lon="126.9886154"/>
  <node id="7217350266" lat="37.5681520" lon="126.9857047"/>
  <node id="7217350267" lat="37.5681050" lon="126.9857533"/>
  <node id="7217350268" lat="37.5680376" lon="126.9857702"/>
  <node id="7217350269" lat="37.5680674" lon="126.9857642"/>
  <node id="7231338213" lat="37.5717090" lon="126.9870064"/>
  <node id="7231338236" lat="37.5716655" lon="126.9870304"/>
  <node id="7233535517" lat="37.5716871" lon="126.9870191"/>
  <node id="7233535522" lat="37.5716792" lon="126.9870232"/>
  <node id="7247641042" lat="37.5760104" lon="126.9795610"/>
  <node id="7295760482" lat="37.5628265" lon="126.9903103"/>
  <node id="7295777589" lat="37.5726455" lon="126.9901438"/>
  <node id="7295777600" lat="37.5726408" lon="126.9912197"/>
  <node id="7311080412" lat="37.5648315" lon="126.9877567">
    <tag k="bicycle" v="yes"/>
    <tag k="crossing" v="marked"/>
    <tag k="crossing:markings" v="zebra"/>
    <tag k="highway" v="crossing"/>
  </node>
  <node id="7311080413" lat="37.5654828" lon="126.9877271"/>
  <node id="7311080414" lat="37.5662184" lon="126.9877005"/>
  <node id="7311080415" lat="37.5660788" lon="126.9877052"/>
  <node id="7311080416" lat="37.5646509" lon="126.9877971"/>
  <node id="7373454664" lat="37.5758880" lon="126.9977768"/>
  <node id="7418954037" lat="37.5619513" lon="126.9931663"/>
  <node id="7442265053" lat="37.5658055" lon="126.9898152"/>
  <node id="7462031866" lat="37.5662219" lon="127.0003395"/>
  <node id="7462051131" lat="37.5616186" lon="126.9905342"/>
  <node id="7505703291" lat="37.5689850" lon="126.9791406">
    <tag k="crossing" v="marked"/>
    <tag k="crossing:markings" v="zebra"/>
    <tag k="highway" v="crossing"/>
  </node>
  <node id="7505703292" lat="37.5689617" lon="126.9794041">
    <tag k="crossing" v="marked"/>
    <tag k="crossing:markings" v="zebra"/>
    <tag k="highway" v="crossing"/>
  </node>
  <node id="7660863866" lat="37.5774176" lon="126.9834270"/>
  <node id="7694743852" lat="37.5662633" lon="126.9926514"/>
  <node id="7694743853" lat="37.5663018" lon="126.9926457"/>
  <node id="7746303713" lat="37.5694825" lon="126.9817155"/>
  <node id="7746303714" lat="37.5695186" lon="126.9811102"/>
  <node id="7816990854" lat="37.5728804" lon="126.9878602"/>
  <node id="7862172971" lat="37.5720833" lon="126.9882116"/>
  <node id="7862172972" lat="37.5722627" lon="126.9888518"/>
  <node id="8298998753" lat="37.5704676" lon="126.9941482"/>
  <node id="8298998754" lat="37.5704807" lon="126.9944860"/>
  <node id="8299072618" lat="37.5688419" lon="126.9968944"/>
  <node id="8299072619" lat="37.5699131" lon="126.9953829"/>
  <node id="8299072700" lat="37.5711683" lon="126.9980134"/>
  <node id="8299072702" lat="37.5712739" lon="127.0001757"/>
  <node id="8299072704" lat="37.5709518" lon="126.9998348"/>
  <node id="8327114509" lat="37.5744298" lon="126.9890209"/>
  <node id="8380350230" lat="37.5701446" lon="126.9775546"/>
  <node id="8380350240" lat="37.5702630" lon="126.9793377">
    <tag k="crossing" v="traffic_signals"/>
    <tag k="highway" v="crossing"/>
    <tag k="tactile_paving" v="yes"/>
  </node>
  <node id="8380350243" lat="37.5702717" lon="126.9785909"/>
  <node id="8482825464" lat="37.5690093" lon="126.9980550">
    <tag k="direction" v="anticlockwise"/>
    <tag k="highway" v="mini_roundabout"/>
  </node>
  <node id="8485884446" lat="37.5794156" lon="126.9837719"/>
  <node id="8485884447" lat="37.5789417" lon="126.9844962"/>
  <node id="8485884448" lat="37.5788628" lon="126.9844782"/>
  <node id="8485884451" lat="37.5787682" lon="126.9844811"/>
  <node id="8485884453" lat="37.5787496" lon="126.9844972"/>
  <node id="8485884454" lat="37.5787275" lon="126.9845231"/>
  <node id="8485884455" lat="37.5787113" lon="126.9845793"/>
  <node id="8485884456" lat="37.5787051" lon="126.9846726"/>
  <node id="8485884457" lat="37.5787952" lon="126.9852767"/>
  <node id="8485916657" lat="37.5773608" lon="126.9881623"/>
  <node id="8486203416" lat="37.5764715" lon="126.9862526"/>
  <node id="8486227718" lat="37.5766282" lon="126.9861070"/>
  <node id="8486227719" lat="37.5766609" lon="126.9860326"/>
  <node id="8486227720" lat="37.5766819" lon="126.9858933"/>
  <node id="8486350160" lat="37.5759274" lon="126.9866177"/>
  <node id="8486350162" lat="37.5730845" lon="126.9878393"/>
  <node id="8486350163" lat="37.5730740" lon="126.9879580"/>
  <node id="8486350164" lat="37.5680399" lon="126.9877482"/>
  <node id="8486350165" lat="37.5682360" lon="126.9877605"/>
  <node id="8486350166" lat="37.5666628" lon="126.9876406"/>
  <node id="8486350168" lat="37.5671653" lon="126.9876670"/>
  <node id="8486350170" lat="37.5691089" lon="126.9878094"/>
  <node id="8486350172" lat="37.5693584" lon="126.9878160"/>
  <node id="8486350174" lat="37.5696234" lon="126.9878245"/>
  <node id="8486350176" lat="37.5718027" lon="126.9877071"/>
  <node id="8486350178" lat="37.5735701" lon="126.9877315"/>
  <node id="8486350180" lat="37.5751383" lon="126.9869025"/>
  <node id="8486350182" lat="37.5767128" lon="126.9863364"/>
  <node id="8486350183" lat="37.5765204" lon="126.9864033"/>
  <node id="8486350185" lat="37.5748535" lon="126.9870266"/>
  <node id="8486350189" lat="37.5735102" lon="126.9877636"/>
  <node id="8486350191" lat="37.5730245" lon="126.9879669"/>
  <node id="8486350192" lat="37.5729276" lon="126.9879719"/>
  <node id="8486350193" lat="37.5728383" lon="126.9879531"/>
  <node id="8486350194" lat="37.5725723" lon="126.9878884"/>
  <node id="8486350196" lat="37.5715571" lon="126.9876678"/>
  <node id="8486350197" lat="37.5712472" lon="126.9876702"/>
  <node id="8486350199" lat="37.5706018" lon="126.9877461"/>
  <node id="8486350200" lat="37.5702966" lon="126.9878417"/>
  <node id="8486350201" lat="37.5701772" lon="126.9878443"/>
  <node id="8486474407" lat="37.5743083" lon="126.9873408"/>
  <node id="8486474408" lat="37.5742625" lon="126.9873575"/>
  <node id="8486474409" lat="37.5742126" lon="126.9873628"/>
  <node id="8486474410" lat="37.5741903" lon="126.9873615"/>
  <node id="8486474411" lat="37.5741701" lon="126.9873454"/>
  <node id="8486474412" lat="37.5741626" lon="126.9873159"/>
  <node id="8486474413" lat="37.5741690" lon="126.9872904"/>
  <node id="8486474414" lat="37.5742019" lon="126.9872462"/>
  <node id="8486474415" lat="37.5742306" lon="126.9872180"/>
  <node id="8486474416" lat="37.5742867" lon="126.9871637"/>
  <node id="8486479827" lat="37.5652352" lon="126.9877443"/>
  <node id="8486506138" lat="37.5756786" lon="126.9865635"/>
  <node id="8486506139" lat="37.5755687" lon="126.9865806"/>
  <node id="8486506140" lat="37.5757383" lon="126.9865161"/>
  <node id="8486506141" lat="37.5757159" lon="126.9865706"/>
  <node id="8486506142" lat="37.5757383" lon="126.9865942"/>
  <node id="8486506143" lat="37.5757357" lon="126.9866264"/>
  <node id="8486506144" lat="37.5757145" lon="126.9866586"/>
  <node id="8486506145" lat="37.5756783" lon="126.9866823"/>
  <node id="8486506146" lat="37.5755560" lon="126.9867547"/>
  <node id="8486506147" lat="37.5758635" lon="126.9866417"/>
  <node id="8486506148" lat="37.5758244" lon="126.9866265"/>
  <node id="8486506149" lat="37.5758021" lon="126.9866044"/>
  <node id="8486506150" lat="37.5757952" lon="126.9865782"/>
  <node id="8486506151" lat="37.5757920" lon="126.9865514"/>
  <node id="8486506152" lat="37.5758079" lon="126.9865232"/>
  <node id="8486506153" lat="37.5758286" lon="126.9865083"/>
  <node id="8488862017" lat="37.5666047" lon="126.9987514"/>
  <node id="8488862018" lat="37.5665521" lon="126.9986835"/>
  <node id="8488862019" lat="37.5663959" lon="126.9985279"/>
  <node id="8488862020" lat="37.5662720" lon="126.9983891"/>
  <node id="8488862021" lat="37.5661854" lon="126.9982792"/>
  <node id="8488864395" lat="37.5668861" lon="127.0019007"/>
  <node id="8488873733" lat="37.5667635" lon="127.0019530"/>
  <node id="8536100968" lat="37.5773590" lon="126.9896726"/>
  <node id="8536100969" lat="37.5773229" lon="126.9897820"/>
  <node id="8536100970" lat="37.5772337" lon="126.9899462"/>
  <node id="8536100971" lat="37.5771635" lon="126.9900575"/>
  <node id="8536100972" lat="37.5770949" lon="126.9901682"/>
  <node id="8536100973" lat="37.5772533" lon="126.9903452"/>
  <node id="8536100974" lat="37.5773692" lon="126.9905127"/>
  <node id="8536100975" lat="37.5773142" lon="126.9904351"/>
  <node id="8536100976" lat="37.5771818" lon="126.9902739"/>
  <node id="8552238245" lat="37.5640624" lon="126.9821482"/>
  <node id="8552238246" lat="37.5637978" lon="126.9820748"/>
  <node id="8552238248" lat="37.5635624" lon="126.9820100">
    <tag k="fixme" v="Not sure about the connectivity"/>
  </node>
  <node id="8552238249" lat="37.5631102" lon="126.9818541"/>
  <node id="8552238250" lat="37.5635033" lon="126.9819903"/>
  <node id="8573233710" lat="37.5704134" lon="126.9770880">
    <tag k="bicycle" v="yes"/>
    <tag k="button_operated" v="yes"/>
    <tag k="crossing" v="traffic_signals"/>
    <tag k="highway" v="crossing"/>
    <tag k="tactile_paving" v="yes"/>
    <tag k="traffic_signals:sound" v="no"/>
    <tag k="traffic_signals:vibration" v="no"/>
  </node>
  <node id="8573300623" lat="37.5746321" lon="126.9763659"/>
  <node id="8573300624" lat="37.5747808" lon="126.9763786"/>
  <node id="8573300628" lat="37.5752570" lon="126.9770615"/>
  <node id="8631778115" lat="37.5702790" lon="126.9767513"/>
  <node id="8737640549" lat="37.5714800" lon="126.9937631"/>
  <node id="8737640638" lat="37.5708489" lon="126.9937640"/>
  <node id="8737640639" lat="37.5708327" lon="126.9937639"/>
  <node id="8938123615" lat="37.5655638" lon="126.9958603"/>
  <node id="8943340079" lat="37.5802997" lon="126.9864854"/>
  <node id="8943340080" lat="37.5802622" lon="126.9865777"/>
  <node id="8943340081" lat="37.5802367" lon="126.9867379"/>
  <node id="8952748175" lat="37.5727763" lon="126.9786017"/>
  <node id="8952748176" lat="37.5727592" lon="126.9784384"/>
  <node id="9021656240" lat="37.5675045" lon="126.9759395"/>
  <node id="9023955269" lat="37.5679984" lon="126.9990803"/>
  <node id="9038879373" lat="37.5667652" lon="126.9994635"/>
  <node id="9038879376" lat="37.5671888" lon="126.9994823"/>
  <node id="9038879381" lat="37.5667808" lon="126.9997649"/>
  <node id="9038884527" lat="37.5671602" lon="126.9991365"/>
  <node id="9038884530" lat="37.5668584" lon="126.9991544"/>
  <node id="9038884639" lat="37.5673088" lon="126.9988764"/>
  <node id="9038884670" lat="37.5673047" lon="126.9983209"/>
  <node id="9038884672" lat="37.5673107" lon="126.9985002"/>
  <node id="9038884676" lat="37.5673143" lon="126.9986071"/>
  <node id="9038884677" lat="37.5673182" lon="126.9987480"/>
  <node id="9038884719" lat="37.5676550" lon="126.9980292"/>
  <node id="9038884739" lat="37.5679049" lon="126.9980085"/>
  <node id="9038884756" lat="37.5680367" lon="126.9985798"/>
  <node id="9038891496" lat="37.5676195" lon="126.9991093"/>
  <node id="9038891500" lat="37.5672092" lon="126.9993497"/>
  <node id="9038896911" lat="37.5678379" lon="126.9991048"/>
  <node id="9038899599" lat="37.5678773" lon="126.9996874"/>
  <node id="9038899628" lat="37.5678884" lon="127.0002278"/>
  <node id="9038899637" lat="37.5670381" lon="127.0003776"/>
  <node id="9038899638" lat="37.5668117" lon="127.0003913"/>
  <node id="9038899639" lat="37.5670945" lon="127.0002663"/>
  <node id="9038910250" lat="37.5668593" lon="127.0013583"/>
  <node id="9040149608" lat="37.5683118" lon="126.9990462"/>
  <node id="9040189338" lat="37.5681399" lon="126.9990649"/>
  <node id="9041069004" lat="37.5678593" lon="126.9991533"/>
  <node id="9041075559" lat="37.5678817" lon="126.9998996"/>
  <node id="9041090909" lat="37.5662355" lon="126.9987519"/>
  <node id="9041090910" lat="37.5661319" lon="126.9987718"/>
  <node id="9066179097" lat="37.5684466" lon="126.9990401"/>
  <node id="9066179112" lat="37.5682258" lon="126.9990556"/>
  <node id="9066194617" lat="37.5682583" lon="126.9990520"/>
  <node id="9066194675" lat="37.5683852" lon="126.9979688"/>
  <node id="9066218656" lat="37.5686173" lon="126.9951055">
    <tag k="highway" v="crossing"/>
  </node>
  <node id="9066250232" lat="37.5667490" lon="126.9976115"/>
  <node id="9066250234" lat="37.5671627" lon="126.9974543"/>
  <node id="9066250252" lat="37.5672078" lon="126.9977764"/>
  <node id="9066250253" lat="37.5669692" lon="126.9978166"/>
  <node id="9115597483" lat="37.5774630" lon="126.9910932"/>
  <node id="9213551338" lat="37.5713685" lon="126.9830729"/>
  <node id="9249769119" lat="37.5673446" lon="126.9797921"/>
  <node id="9249769120" lat="37.5673418" lon="126.9799729"/>
  <node id="9249769121" lat="37.5673231" lon="126.9804788"/>
  <node id="9249769170" lat="37.5671730" lon="126.9815025"/>
  <node id="9249769174" lat="37.5673958" lon="126.9814137"/>
  <node id="9249769181" lat="37.5674945" lon="126.9820351"/>
  <node id="9249769182" lat="37.5675031" lon="126.9826797"/>
  <node id="9249769183" lat="37.5675052" lon="126.9823885"/>
  <node id="9249769184" lat="37.5679877" lon="126.9820502"/>
  <node id="9249769185" lat="37.5671681" lon="126.9820307"/>
  <node id="9249769186" lat="37.5674938" lon="126.9820724"/>
  <node id="9249769322" lat="37.5667239" lon="126.9814943"/>
  <node id="9249769323" lat="37.5667216" lon="126.9815651"/>
  <node id="9249769354" lat="37.5668304" lon="126.9807144"/>
  <node id="9249769392" lat="37.5683099" lon="126.9798081"/>
  <node id="9249769393" lat="37.5683165" lon="126.9792579"/>
  <node id="9249769394" lat="37.5681897" lon="126.9798092"/>
  <node id="9249769491" lat="37.5665343" lon="126.9797747"/>
  <node id="9249769492" lat="37.5664671" lon="126.9797377"/>
  <node id="9249769493" lat="37.5664134" lon="126.9796638"/>
  <node id="9249769494" lat="37.5663731" lon="126.9796129"/>
  <node id="9249769495" lat="37.5663255" lon="126.9796129"/>
  <node id="9249769496" lat="37.5660111" lon="126.9796129"/>
  <node id="9249769511" lat="37.5660131" lon="126.9806230"/>
  <node id="9249769517" lat="37.5683271" lon="126.9820365"/>
  <node id="9249769637" lat="37.5671391" lon="126.9834682"/>
  <node id="9249769640" lat="37.5673104" lon="126.9837571"/>
  <node id="9269970832" lat="37.5688032" lon="126.9996735"/>
  <node id="9269970833" lat="37.5690427" lon="126.9996291"/>
  <node id="9271052085" lat="37.5668339" lon="126.9874704"/>
  <node id="9271052092" lat="37.5667743" lon="126.9861279"/>
  <node id="9271052093" lat="37.5667698" lon="126.9870246"/>
  <node id="9271052099" lat="37.5660260" lon="126.9854730"/>
  <node id="9271099944" lat="37.5652852" lon="126.9863189"/>
  <node id="9271099954" lat="37.5653703" lon="126.9869990"/>
  <node id="9271099955" lat="37.5653646" lon="126.9869482"/>
  <node id="9284853533" lat="37.5699158" lon="126.9771548"/>
  <node id="9284853536" lat="37.5702783" lon="126.9765627"/>
  <node id="9319168976" lat="37.5681093" lon="126.9951478"/>
  <node id="9319311384" lat="37.5787573" lon="126.9851348"/>
  <node id="9319402967" lat="37.5677934" lon="126.9951723"/>
  <node id="9320971797" lat="37.5650079" lon="126.9859476"/>
  <node id="9320971800" lat="37.5647323" lon="126.9858496"/>
  <node id="9320971893" lat="37.5667250" lon="126.9886846"/>
  <node id="9330763417" lat="37.5671466" lon="126.9999627"/>
  <node id="9330769332" lat="37.5669227" lon="126.9994894"/>
  <node id="9330769333" lat="37.5669529" lon="126.9993691"/>
  <node id="9330769334" lat="37.5669751" lon="126.9993305"/>
  <node id="9330769335" lat="37.5670056" lon="126.9991457"/>
  <node id="9334741516" lat="37.5708924" lon="126.9758708"/>
  <node id="9341248885" lat="37.5710753" lon="126.9974603"/>
  <node id="9341248886" lat="37.5709824" lon="126.9964069"/>
  <node id="9341248899" lat="37.5722156" lon="126.9964531"/>
  <node id="9341248912" lat="37.5721937" lon="126.9964377"/>
  <node id="9341250704" lat="37.5731952" lon="126.9976043"/>
  <node id="9341282456" lat="37.5725565" lon="126.9975546"/>
  <node id="9341282461" lat="37.5725561" lon="126.9975350"/>
  <node id="9345088630" lat="37.5654119" lon="126.9982146"/>
  <node id="9345088632" lat="37.5651844" lon="126.9987554"/>
  <node id="9345088651" lat="37.5657547" lon="126.9987149"/>
  <node id="9345088667" lat="37.5658284" lon="126.9984230"/>
  <node id="9349648102" lat="37.5720224" lon="126.9877560"/>
  <node id="9349648105" lat="37.5725457" lon="126.9885227"/>
  <node id="9357889173" lat="37.5678735" lon="126.9995248"/>
  <node id="9359393083" lat="37.5704076" lon="126.9953119"/>
  <node id="9359393092" lat="37.5705879" lon="126.9964218"/>
  <node id="9366717005" lat="37.5671826" lon="126.9995875"/>
  <node id="9366717010" lat="37.5671795" lon="126.9996137"/>
  <node id="9366717016" lat="37.5671123" lon="127.0002286"/>
  <node id="9366720017" lat="37.5671223" lon="127.0002040"/>
  <node id="9366843273" lat="37.5668634" lon="127.0003888">
    <tag k="crossing:markings" v="yes"/>
    <tag k="highway" v="crossing"/>
    <tag k="tactile_paving" v="no"/>
  </node>
  <node id="9366843276" lat="37.5668169" lon="126.9991569"/>
  <node id="9366843281" lat="37.5673007" lon="126.9982064">
    <tag k="highway" v="crossing"/>
  </node>
  <node id="9366843293" lat="37.5672413" lon="126.9979905">
    <tag k="crossing:markings" v="yes"/>
    <tag k="crossing:signals" v="no"/>
    <tag k="highway" v="crossing"/>
    <tag k="tactile_paving" v="yes"/>
  </node>
  <node id="9375696067" lat="37.5669770" lon="126.9962067"/>
  <node id="9375696074" lat="37.5670800" lon="126.9968640"/>
  <node id="9385086701" lat="37.5673164" lon="126.9986754"/>
  <node id="9680103619" lat="37.5702796" lon="126.9769011">
    <tag k="crossing" v="traffic_signals"/>
    <tag k="highway" v="crossing"/>
    <tag k="tactile_paving" v="incorrect"/>
  </node>
  <node id="9761887337" lat="37.5692859" lon="126.9794388"/>
  <node id="9837710567" lat="37.5741832" lon="126.9846000"/>
  <node id="9934757027" lat="37.5668049" lon="126.9826440"/>
  <node id="9935071269" lat="37.5757526" lon="126.9754693"/>
  <node id="9935071271" lat="37.5755793" lon="126.9758250"/>
  <node id="9935071272" lat="37.5757206" lon="126.9781723"/>
  <node id="9935071273" lat="37.5756570" lon="126.9778920"/>
  <node id="9935071274" lat="37.5755362" lon="126.9776520"/>
  <node id="9935071275" lat="37.5754115" lon="126.9774399"/>
  <node id="9935071276" lat="37.5753051" lon="126.9772365">
    <tag k="button_operated" v="yes"/>
    <tag k="crossing" v="traffic_signals"/>
    <tag k="crossing:markings" v="zebra:double"/>
    <tag k="highway" v="crossing"/>
    <tag k="tactile_paving" v="yes"/>
    <tag k="traffic_signals:sound" v="yes"/>
    <tag k="traffic_signals:vibration" v="yes"/>
  </node>
  <node id="9935071277" lat="37.5755239" lon="126.9778365"/>
  <node id="9935071278" lat="37.5754898" lon="126.9777472"/>
  <node id="9935071279" lat="37.5754366" lon="126.9776508"/>
  <node id="9935071280" lat="37.5753490" lon="126.9775140"/>
  <node id="9935071281" lat="37.5752154" lon="126.9772570"/>
  <node id="9935071282" lat="37.5751898" lon="126.9771766"/>
  <node id="9935071284" lat="37.5755466" lon="126.9759018"/>
  <node id="9935071285" lat="37.5754892" lon="126.9760048"/>
  <node id="9935071286" lat="37.5753542" lon="126.9762128"/>
  <node id="9935071287" lat="37.5752511" lon="126.9763848"/>
  <node id="9935071288" lat="37.5751722" lon="126.9766198"/>
  <node id="9935071289" lat="37.5751492" lon="126.9770055"/>
  <node id="9935071290" lat="37.5751614" lon="126.9770678"/>
  <node id="9935071291" lat="37.5756997" lon="126.9756934"/>
  <node id="9935071292" lat="37.5755828" lon="126.9759827"/>
  <node id="9935071293" lat="37.5755143" lon="126.9761115"/>
  <node id="9935071294" lat="37.5754436" lon="126.9762249"/>
  <node id="9935071295" lat="37.5753812" lon="126.9763354"/>
  <node id="9935071296" lat="37.5752665" lon="126.9766648"/>
  <node id="9935071297" lat="37.5752447" lon="126.9769176"/>
  <node id="9935071298" lat="37.5754800" lon="126.9775598"/>
  <node id="9935071299" lat="37.5755601" lon="126.9779520"/>
  <node id="9935071300" lat="37.5752958" lon="126.9772167">
    <tag k="highway" v="traffic_signals"/>
    <tag k="traffic_signals" v="signal"/>
    <tag k="traffic_signals:direction" v="forward"/>
  </node>
  <node id="9935071301" lat="37.5753670" lon="126.9773637"/>
  <node id="9935096219" lat="37.5752306" lon="126.9772927">
    <tag k="button_operated" v="yes"/>
    <tag k="crossing" v="traffic_signals"/>
    <tag k="crossing:markings" v="zebra:double"/>
    <tag k="highway" v="crossing"/>
    <tag k="tactile_paving" v="yes"/>
    <tag k="traffic_signals:sound" v="yes"/>
    <tag k="traffic_signals:vibration" v="yes"/>
  </node>
  <node id="9935096226" lat="37.5743777" lon="126.9773500">
    <tag k="crossing" v="marked"/>
    <tag k="crossing:markings" v="yes"/>
    <tag k="highway" v="crossing"/>
    <tag k="tactile_paving" v="yes"/>
  </node>
  <node id="9935096227" lat="37.5742588" lon="126.9773599">
    <tag k="crossing" v="marked"/>
    <tag k="crossing:markings" v="yes"/>
    <tag k="highway" v="crossing"/>
    <tag k="tactile_paving" v="yes"/>
  </node>
  <node id="9935096228" lat="37.5727214" lon="126.9773407">
    <tag k="crossing:island" v="no"/>
    <tag k="crossing:markings" v="yes"/>
    <tag k="crossing:signals" v="no"/>
    <tag k="highway" v="crossing"/>
    <tag k="tactile_paving" v="yes"/>
  </node>
  <node id="9937120905" lat="37.5747564" lon="126.9763774"/>
  <node id="9937120906" lat="37.5743671" lon="126.9763630"/>
  <node id="9937135027" lat="37.5741745" lon="126.9759209"/>
  <node id="9937135028" lat="37.5741573" lon="126.9761496"/>
  <node id="9937135029" lat="37.5741844" lon="126.9763199"/>
  <node id="9937135030" lat="37.5742185" lon="126.9763538"/>
  <node id="9937135031" lat="37.5741597" lon="126.9755777">
    <tag k="highway" v="crossing"/>
  </node>
  <node id="9937135033" lat="37.5700513" lon="126.9759180"/>
  <node id="9937135037" lat="37.5703331" lon="126.9773755">
    <tag k="crossing" v="uncontrolled"/>
    <tag k="crossing:markings" v="yes"/>
    <tag k="highway" v="crossing"/>
  </node>
  <node id="9937135039" lat="37.5702027" lon="126.9747154"/>
  <node id="9937135040" lat="37.5702744" lon="126.9755991"/>
  <node id="9937135041" lat="37.5714132" lon="126.9771736"/>
  <node id="9937135042" lat="37.5714389" lon="126.9773098"/>
  <node id="9937135045" lat="37.5699201" lon="126.9771210"/>
  <node id="9937135046" lat="37.5698968" lon="126.9769037"/>
  <node id="9937135047" lat="37.5698278" lon="126.9769471"/>
  <node id="9937135048" lat="37.5700158" lon="126.9765141"/>
  <node id="9937135049" lat="37.5699978" lon="126.9767242"/>
  <node id="9937135050" lat="37.5699071" lon="126.9829231"/>
  <node id="9938355998" lat="37.5716905" lon="126.9771660"/>
  <node id="9939528880" lat="37.5786657" lon="126.9891826"/>
  <node id="9939528907" lat="37.5779339" lon="126.9892379"/>
  <node id="9939546023" lat="37.5773702" lon="126.9888922"/>
  <node id="9939590022" lat="37.5783677" lon="126.9892051"/>
  <node id="9939590025" lat="37.5790708" lon="126.9867200"/>
  <node id="10211469413" lat="37.5736265" lon="126.9784970"/>
  <node id="10230484204" lat="37.5794032" lon="126.9840251"/>
  <node id="10232270038" lat="37.5666308" lon="126.9826291"/>
  <node id="10232743647" lat="37.5793398" lon="126.9864417"/>
  <node id="10232773920" lat="37.5789702" lon="126.9843259"/>
  <node id="10232773925" lat="37.5789395" lon="126.9845525"/>
  <node id="10232773927" lat="37.5793185" lon="126.9846520"/>
  <node id="10235656817" lat="37.5832933" lon="126.9856367"/>
  <node id="10235656862" lat="37.5831543" lon="126.9863972"/>
  <node id="10235890437" lat="37.5809921" lon="126.9893239"/>
  <node id="10235890438" lat="37.5828277" lon="126.9892629"/>
  <node id="10284584798" lat="37.5696136" lon="127.0010512"/>
  <node id="10284647610" lat="37.5693648" lon="126.9997492"/>
  <node id="10291960149" lat="37.5690844" lon="126.9984653"/>
  <node id="10293330549" lat="37.5691726" lon="126.9988519"/>
  <node id="10296354653" lat="37.5697493" lon="127.0018208"/>
  <node id="10296582523" lat="37.5703815" lon="126.9773061"/>
  <node id="10296582524" lat="37.5703595" lon="126.9773347"/>
  <node id="10296582834" lat="37.5688833" lon="126.9989897"/>
  <node id="10296582842" lat="37.5680248" lon="126.9981385">
    <tag k="crossing:island" v="no"/>
    <tag k="crossing:markings" v="yes"/>
    <tag k="crossing:signals" v="no"/>
    <tag k="highway" v="crossing"/>
  </node>
  <node id="10296582846" lat="37.5687266" lon="126.9980422"/>
  <node id="10300412430" lat="37.5710439" lon="126.9977496"/>
  <node id="10300412431" lat="37.5710315" lon="126.9974127"/>
  <node id="10300412432" lat="37.5709325" lon="126.9973482"/>
  <node id="10300412433" lat="37.5708627" lon="126.9973600"/>
  <node id="10300412434" lat="37.5708147" lon="126.9974186"/>
  <node id="10300412435" lat="37.5708038" lon="126.9974564"/>
  <node id="10300412436" lat="37.5709832" lon="126.9973786"/>
  <node id="10300412437" lat="37.5711126" lon="126.9975216"/>
  <node id="10300412438" lat="37.5711386" lon="126.9975956"/>
  <node id="10300412439" lat="37.5711168" lon="126.9976917"/>
  <node id="10300412440" lat="37.5704291" lon="126.9979188"/>
  <node id="10300412441" lat="37.5703935" lon="126.9979309"/>
  <node id="10300412442" lat="37.5703703" lon="126.9979612"/>
  <node id="10300412443" lat="37.5703620" lon="126.9980086"/>
  <node id="10300412444" lat="37.5703758" lon="126.9980532"/>
  <node id="10300412445" lat="37.5706098" lon="126.9983034"/>
  <node id="10300412446" lat="37.5706545" lon="126.9982931"/>
  <node id="10300412447" lat="37.5706677" lon="126.9982803"/>
  <node id="10300412448" lat="37.5706848" lon="126.9982277"/>
  <node id="10300412450" lat="37.5706869" lon="126.9981952"/>
  <node id="10300422128" lat="37.5716581" lon="126.9977064"/>
  <node id="10300422164" lat="37.5718256" lon="126.9976998"/>
  <node id="10300422176" lat="37.5723885" lon="126.9978801"/>
  <node id="10300422193" lat="37.5710605" lon="127.0002614"/>
  <node id="10300422226" lat="37.5710728" lon="126.9981723"/>
  <node id="10300433336" lat="37.5708846" lon="126.9987766"/>
  <node id="10300433339" lat="37.5708795" lon="126.9986773"/>
  <node id="10301625587" lat="37.5733620" lon="126.9966360"/>
  <node id="10301625596" lat="37.5733610" lon="126.9974410"/>
  <node id="10301631106" lat="37.5729145" lon="126.9967558"/>
  <node id="10301631107" lat="37.5726944" lon="126.9967376"/>
  <node id="10301631108" lat="37.5728445" lon="126.9967650"/>
  <node id="10301640783" lat="37.5735108" lon="126.9975761"/>
  <node id="10315989899" lat="37.5665725" lon="126.9955374"/>
  <node id="10315989900" lat="37.5664456" lon="126.9955454"/>
  <node id="10316864395" lat="37.5674059" lon="126.9960162"/>
  <node id="10316877465" lat="37.5662533" lon="127.0017953"/>
  <node id="10588603629" lat="37.5757750" lon="126.9830561">
    <tag k="crossing" v="uncontrolled"/>
    <tag k="crossing:markings" v="yes"/>
    <tag k="highway" v="crossing"/>
  </node>
  <node id="10588603636" lat="37.5758355" lon="126.9814487"/>
  <node id="10588603759" lat="37.5782758" lon="126.9795700"/>
  <node id="10588603762" lat="37.5784128" lon="126.9795783"/>
  <node id="10591128234" lat="37.5702354" lon="126.9897501"/>
  <node id="10608879128" lat="37.5775116" lon="126.9926439"/>
  <node id="10608879131" lat="37.5762022" lon="126.9957230"/>
  <node id="10608914838" lat="37.5738483" lon="126.9916622"/>
  <node id="10608914892" lat="37.5737275" lon="126.9917073"/>
  <node id="10608914896" lat="37.5737676" lon="126.9925738"/>
  <node id="10618527997" lat="37.5672917" lon="126.9963951"/>
  <node id="10628475544" lat="37.5748565" lon="126.9897183"/>
  <node id="10628475545" lat="37.5748295" lon="126.9894648"/>
  <node id="10628475546" lat="37.5747793" lon="126.9894547"/>
  <node id="10628475547" lat="37.5747720" lon="126.9893908"/>
  <node id="10665047737" lat="37.5763303" lon="126.9968624"/>
  <node id="10665047739" lat="37.5762433" lon="126.9963299"/>
  <node id="10665047787" lat="37.5762692" lon="126.9966619"/>
  <node id="10665047788" lat="37.5764407" lon="126.9970097"/>
  <node id="10665047789" lat="37.5764967" lon="126.9970538"/>
  <node id="10696279980" lat="37.5795746" lon="126.9797021"/>
  <node id="10696279981" lat="37.5799631" lon="126.9798339"/>
  <node id="10716511580" lat="37.5692306" lon="126.9991063"/>
  <node id="10911227493" lat="37.5704561" lon="126.9828246"/>
  <node id="10911227494" lat="37.5703252" lon="126.9833756"/>
  <node id="10911257064" lat="37.5701472" lon="126.9827905">
    <tag k="crossing" v="uncontrolled"/>
    <tag k="crossing:markings" v="yes"/>
    <tag k="highway" v="crossing"/>
  </node>
  <node id="10923974173" lat="37.5712809" lon="126.9873859"/>
  <node id="10923974174" lat="37.5712381" lon="126.9875946"/>
  <node id="10924059716" lat="37.5718611" lon="126.9885742"/>
  <node id="10931133793" lat="37.5764177" lon="126.9904098"/>
  <node id="10931140737" lat="37.5746364" lon="126.9914927"/>
  <node id="10931140746" lat="37.5753645" lon="126.9912171"/>
  <node id="10931140824" lat="37.5742615" lon="126.9915391"/>
  <node id="10962258467" lat="37.5743651" lon="126.9859441"/>
  <node id="10962258490" lat="37.5773677" lon="126.9886983"/>
  <node id="10962258500" lat="37.5763695" lon="126.9893166"/>
  <node id="10968556192" lat="37.5755547" lon="126.9829197">
    <tag k="junction" v="yes"/>
    <tag k="name" v="안국동사거리"/>
    <tag k="name:en" v="Angukdong Four Way Intersection"/>
    <tag k="name:ko" v="안국동사거리"/>
  </node>
  <node id="11035607176" lat="37.5751950" lon="126.9910477"/>
  <node id="11035607177" lat="37.5752462" lon="126.9912928"/>
  <node id="11035607194" lat="37.5736845" lon="126.9915068"/>
  <node id="11035607195" lat="37.5735646" lon="126.9912491"/>
  <node id="11035607196" lat="37.5736178" lon="126.9915287"/>
  <node id="11050691924" lat="37.5702774" lon="126.9776022"/>
  <node id="11059719419" lat="37.5660749" lon="126.9875210"/>
  <node id="11170069512" lat="37.5653956" lon="126.9874175"/>
  <node id="11170069513" lat="37.5654176" lon="126.9874730"/>
  <node id="11170069515" lat="37.5680524" lon="126.9858626"/>
  <node id="11170069516" lat="37.5681080" lon="126.9859448"/>
  <node id="11170069517" lat="37.5680081" lon="126.9871514"/>
  <node id="11173361239" lat="37.5679629" lon="126.9873532"/>
  <node id="11173361242" lat="37.5678184" lon="126.9878000"/>
  <node id="11173361247" lat="37.5679803" lon="126.9881089"/>
  <node id="11173361250" lat="37.5683321" lon="126.9897288"/>
  <node id="11173361255" lat="37.5678416" lon="126.9874756"/>
  <node id="11173361256" lat="37.5677333" lon="126.9875386"/>
  <node id="11173361274" lat="37.5676938" lon="126.9877165"/>
  <node id="11173361275" lat="37.5678620" lon="126.9878491"/>
  <node id="11173361277" lat="37.5679237" lon="126.9874063"/>
  <node id="11173361278" lat="37.5659050" lon="126.9875203"/>
  <node id="11173361279" lat="37.5679253" lon="126.9879404"/>
  <node id="11173792733" lat="37.5703289" lon="126.9908900"/>
  <node id="11173810840" lat="37.5703476" lon="126.9888331"/>
  <node id="11173810843" lat="37.5700897" lon="126.9748570"/>
  <node id="11173810844" lat="37.5701635" lon="126.9860462"/>
  <node id="11173810847" lat="37.5702784" lon="126.9852739"/>
  <node id="11173810849" lat="37.5702647" lon="126.9803737"/>
  <node id="11173810855" lat="37.5701673" lon="126.9840326"/>
  <node id="11175869473" lat="37.5707937" lon="126.9998854"/>
  <node id="11175869475" lat="37.5708906" lon="126.9988940"/>
  <node id="11175869483" lat="37.5758033" lon="126.9831965"/>
  <node id="11175869486" lat="37.5705642" lon="126.9960062"/>
  <node id="11175869496" lat="37.5705884" lon="126.9942755"/>
  <node id="11175869501" lat="37.5704624" lon="126.9934368"/>
  <node id="11175869509" lat="37.5707153" lon="126.9966514"/>
  <node id="11175869511" lat="37.5706868" lon="126.9974547"/>
  <node id="11189591938" lat="37.5701083" lon="126.9878445">
    <tag k="button_operated" v="no"/>
    <tag k="crossing:signals" v="yes"/>
    <tag k="highway" v="crossing"/>
  </node>
  <node id="11189591940" lat="37.5709647" lon="126.9877052">
    <tag k="highway" v="crossing"/>
  </node>
  <node id="11189591941" lat="37.5701934" lon="126.9894834">
    <tag k="crossing:signals" v="no"/>
    <tag k="highway" v="crossing"/>
  </node>
  <node id="11197048730" lat="37.5756773" lon="126.9811392"/>
  <node id="11197048735" lat="37.5731573" lon="126.9878075"/>
  <node id="11197048736" lat="37.5741746" lon="126.9873490"/>
  <node id="11197929742" lat="37.5700472" lon="126.9770580">
    <tag k="crossing" v="traffic_signals"/>
    <tag k="crossing:markings" v="yes"/>
    <tag k="highway" v="crossing"/>
    <tag k="tactile_paving" v="yes"/>
    <tag k="traffic_signals:sound" v="yes"/>
  </node>
  <node id="11197929743" lat="37.5700491" lon="126.9772083">
    <tag k="crossing" v="traffic_signals"/>
    <tag k="crossing:markings" v="yes"/>
    <tag k="highway" v="crossing"/>
    <tag k="tactile_paving" v="yes"/>
    <tag k="traffic_signals:sound" v="yes"/>
  </node>
  <node id="11197929744" lat="37.5701413" lon="126.9773592">
    <tag k="crossing" v="traffic_signals"/>
    <tag k="crossing:markings" v="yes"/>
    <tag k="highway" v="crossing"/>
    <tag k="tactile_paving" v="yes"/>
    <tag k="traffic_signals:sound" v="yes"/>
  </node>
  <node id="11197929745" lat="37.5702797" lon="126.9773713">
    <tag k="crossing" v="traffic_signals"/>
    <tag k="crossing:markings" v="yes"/>
    <tag k="highway" v="crossing"/>
    <tag k="tactile_paving" v="yes"/>
    <tag k="traffic_signals:sound" v="yes"/>
  </node>
  <node id="11197929746" lat="37.5704860" lon="126.9772537">
    <tag k="highway" v="traffic_signals"/>
    <tag k="traffic_signals" v="signal"/>
    <tag k="traffic_signals:direction" v="forward"/>
  </node>
  <node id="11197929747" lat="37.5704888" lon="126.9770945">
    <tag k="highway" v="traffic_signals"/>
    <tag k="traffic_signals" v="signal"/>
    <tag k="traffic_signals:direction" v="forward"/>
  </node>
  <node id="11197929748" lat="37.5702793" lon="126.9768386">
    <tag k="highway" v="traffic_signals"/>
    <tag k="traffic_signals" v="signal"/>
    <tag k="traffic_signals:direction" v="forward"/>
  </node>
  <node id="11197929749" lat="37.5701327" lon="126.9768397">
    <tag k="highway" v="traffic_signals"/>
    <tag k="traffic_signals" v="signal"/>
    <tag k="traffic_signals:direction" v="forward"/>
  </node>
  <node id="11197929750" lat="37.5699971" lon="126.9770543">
    <tag k="highway" v="traffic_signals"/>
    <tag k="traffic_signals" v="signal"/>
    <tag k="traffic_signals:direction" v="forward"/>
  </node>
  <node id="11197929751" lat="37.5699946" lon="126.9772087">
    <tag k="highway" v="traffic_signals"/>
    <tag k="traffic_signals" v="signal"/>
    <tag k="traffic_signals:direction" v="forward"/>
  </node>
  <node id="11197929752" lat="37.5701404" lon="126.9773030">
    <tag k="highway" v="traffic_signals"/>
    <tag k="traffic_signals" v="signal"/>
    <tag k="traffic_signals:direction" v="forward"/>
  </node>
  <node id="11197929753" lat="37.5702803" lon="126.9773074">
    <tag k="highway" v="traffic_signals"/>
    <tag k="traffic_signals" v="signal"/>
    <tag k="traffic_signals:direction" v="forward"/>
  </node>
  <node id="11197972368" lat="37.5755108" lon="126.9832114">
    <tag k="crossing" v="traffic_signals"/>
    <tag k="highway" v="crossing"/>
  </node>
  <node id="11197972369" lat="37.5756572" lon="126.9831749">
    <tag k="crossing" v="uncontrolled"/>
    <tag k="crossing:markings" v="yes"/>
    <tag k="highway" v="crossing"/>
  </node>
  <node id="11197972372" lat="37.5753219" lon="126.9828939">
    <tag k="crossing" v="uncontrolled"/>
    <tag k="crossing:markings" v="yes"/>
    <tag k="highway" v="crossing"/>
  </node>
  <node id="11197972373" lat="37.5754909" lon="126.9827788">
    <tag k="highway" v="traffic_signals"/>
    <tag k="traffic_signals" v="signal"/>
  </node>
  <node id="11197972374" lat="37.5754074" lon="126.9828970">
    <tag k="highway" v="traffic_signals"/>
    <tag k="traffic_signals" v="signal"/>
  </node>
  <node id="11198015007" lat="37.5702074" lon="126.9829626">
    <tag k="junction" v="yes"/>
    <tag k="name" v="종로1가사거리"/>
    <tag k="name:en" v="Jongno 1 Ga Four Way Intersection"/>
    <tag k="name:ko" v="종로1가사거리"/>
  </node>
  <node id="11198015009" lat="37.5702796" lon="126.9827991">
    <tag k="crossing" v="uncontrolled"/>
    <tag k="crossing:markings" v="yes"/>
    <tag k="highway" v="crossing"/>
  </node>
  <node id="11198015018" lat="37.5701531" lon="126.9831108">
    <tag k="crossing" v="uncontrolled"/>
    <tag k="crossing:markings" v="yes"/>
    <tag k="highway" v="crossing"/>
  </node>
  <node id="11198015019" lat="37.5702711" lon="126.9831513">
    <tag k="crossing" v="uncontrolled"/>
    <tag k="crossing:markings" v="yes"/>
    <tag k="highway" v="crossing"/>
  </node>
  <node id="11198015026" lat="37.5702711" lon="126.9831022">
    <tag k="highway" v="traffic_signals"/>
    <tag k="traffic_signals" v="signal"/>
  </node>
  <node id="11198015027" lat="37.5701530" lon="126.9830728">
    <tag k="highway" v="traffic_signals"/>
    <tag k="traffic_signals" v="signal"/>
  </node>
  <node id="11198015028" lat="37.5702787" lon="126.9828380">
    <tag k="highway" v="traffic_signals"/>
    <tag k="traffic_signals" v="signal"/>
  </node>
  <node id="11198015029" lat="37.5701481" lon="126.9828303">
    <tag k="highway" v="traffic_signals"/>
    <tag k="traffic_signals" v="signal"/>
  </node>
  <node id="11198026213" lat="37.5700618" lon="126.9829460">
    <tag k="crossing" v="uncontrolled"/>
    <tag k="crossing:markings" v="yes"/>
    <tag k="highway" v="crossing"/>
  </node>
  <node id="11198026214" lat="37.5704046" lon="126.9829761">
    <tag k="crossing" v="uncontrolled"/>
    <tag k="crossing:markings" v="yes"/>
    <tag k="highway" v="crossing"/>
  </node>
  <node id="11199667168" lat="37.5703536" lon="126.9770827"/>
  <node id="11202819041" lat="37.5749336" lon="126.9771850">
    <tag k="crossing" v="traffic_signals"/>
    <tag k="crossing:markings" v="zebra:double"/>
    <tag k="highway" v="crossing"/>
  </node>
  <node id="11202819042" lat="37.5749326" lon="126.9770782">
    <tag k="crossing" v="traffic_signals"/>
    <tag k="crossing:markings" v="zebra:double"/>
    <tag k="highway" v="crossing"/>
  </node>
  <node id="11202819043" lat="37.5751409" lon="126.9767729">
    <tag k="button_operated" v="no"/>
    <tag k="crossing" v="traffic_signals"/>
    <tag k="crossing:markings" v="yes"/>
    <tag k="highway" v="crossing"/>
    <tag k="tactile_paving" v="yes"/>
    <tag k="traffic_signals:sound" v="yes"/>
    <tag k="traffic_signals:vibration" v="no"/>
  </node>
  <node id="11202819044" lat="37.5752542" lon="126.9767812">
    <tag k="button_operated" v="no"/>
    <tag k="crossing" v="traffic_signals"/>
    <tag k="crossing:markings" v="yes"/>
    <tag k="highway" v="crossing"/>
    <tag k="tactile_paving" v="yes"/>
    <tag k="traffic_signals:sound" v="yes"/>
    <tag k="traffic_signals:vibration" v="no"/>
  </node>
  <node id="11202819045" lat="37.5751137" lon="126.9771778">
    <tag k="highway" v="traffic_signals"/>
    <tag k="traffic_signals" v="signal"/>
    <tag k="traffic_signals:direction" v="forward"/>
  </node>
  <node id="11202819046" lat="37.5751485" lon="126.9767326">
    <tag k="highway" v="traffic_signals"/>
    <tag k="traffic_signals" v="signal"/>
    <tag k="traffic_signals:direction" v="forward"/>
  </node>
  <node id="11202869271" lat="37.5690566" lon="126.9768408">
    <tag k="crossing" v="uncontrolled"/>
    <tag k="crossing:markings" v="yes"/>
    <tag k="highway" v="crossing"/>
  </node>
  <node id="11202894930" lat="37.5759278" lon="126.9797127">
    <tag k="crossing" v="traffic_signals"/>
    <tag k="crossing:markings" v="yes"/>
    <tag k="highway" v="crossing"/>
  </node>
  <node id="11202894931" lat="37.5757933" lon="126.9797050">
    <tag k="crossing" v="traffic_signals"/>
    <tag k="crossing:markings" v="yes"/>
    <tag k="highway" v="crossing"/>
    <tag k="tactile_paving" v="yes"/>
  </node>
  <node id="11202894932" lat="37.5759309" lon="126.9790101">
    <tag k="highway" v="traffic_signals"/>
    <tag k="traffic_signals" v="signal"/>
    <tag k="traffic_signals:direction" v="backward"/>
  </node>
  <node id="11202894933" lat="37.5759089" lon="126.9795988">
    <tag k="highway" v="traffic_signals"/>
    <tag k="traffic_signals" v="signal"/>
    <tag k="traffic_signals:direction" v="forward"/>
  </node>
  <node id="11202894934" lat="37.5759737" lon="126.9795539">
    <tag k="highway" v="traffic_signals"/>
    <tag k="traffic_signals" v="signal"/>
    <tag k="traffic_signals:direction" v="forward"/>
  </node>
  <node id="11202894935" lat="37.5757683" lon="126.9796007">
    <tag k="highway" v="traffic_signals"/>
    <tag k="traffic_signals" v="signal"/>
    <tag k="traffic_signals:direction" v="forward"/>
  </node>
  <node id="11202943790" lat="37.5756600" lon="126.9746745">
    <tag k="highway" v="traffic_signals"/>
    <tag k="traffic_signals" v="signal"/>
    <tag k="traffic_signals:direction" v="both"/>
  </node>
  <node id="11203083979" lat="37.5659702" lon="126.9875206">
    <tag k="crossing" v="traffic_signals"/>
    <tag k="crossing:markings" v="yes"/>
    <tag k="highway" v="crossing"/>
    <tag k="tactile_paving" v="yes"/>
  </node>
  <node id="11203083980" lat="37.5659750" lon="126.9877090">
    <tag k="crossing" v="traffic_signals"/>
    <tag k="crossing:markings" v="yes"/>
    <tag k="highway" v="crossing"/>
    <tag k="tactile_paving" v="yes"/>
  </node>
  <node id="11203083983" lat="37.5660709" lon="126.9873452">
    <tag k="crossing" v="traffic_signals"/>
    <tag k="crossing:markings" v="yes"/>
    <tag k="highway" v="crossing"/>
    <tag k="tactile_paving" v="yes"/>
  </node>
  <node id="11203083984" lat="37.5662092" lon="126.9873401">
    <tag k="crossing" v="traffic_signals"/>
    <tag k="crossing:markings" v="yes"/>
    <tag k="highway" v="crossing"/>
    <tag k="tactile_paving" v="yes"/>
  </node>
  <node id="11203083987" lat="37.5660852" lon="126.9878847">
    <tag k="crossing" v="traffic_signals"/>
    <tag k="highway" v="crossing"/>
    <tag k="kerb" v="lowered"/>
    <tag k="tactile_paving" v="yes"/>
  </node>
  <node id="11203083988" lat="37.5662236" lon="126.9878804">
    <tag k="crossing" v="traffic_signals"/>
    <tag k="crossing:markings" v="yes"/>
    <tag k="highway" v="crossing"/>
    <tag k="tactile_paving" v="yes"/>
  </node>
  <node id="11203083989" lat="37.5664068" lon="126.9875002">
    <tag k="highway" v="traffic_signals"/>
    <tag k="traffic_signals" v="signal"/>
    <tag k="traffic_signals:direction" v="forward"/>
  </node>
  <node id="11203083990" lat="37.5664101" lon="126.9876747">
    <tag k="highway" v="traffic_signals"/>
    <tag k="traffic_signals" v="signal"/>
    <tag k="traffic_signals:direction" v="forward"/>
  </node>
  <node id="11203083991" lat="37.5662052" lon="126.9872322">
    <tag k="highway" v="traffic_signals"/>
    <tag k="traffic_signals" v="signal"/>
    <tag k="traffic_signals:direction" v="forward"/>
  </node>
  <node id="11203083992" lat="37.5660685" lon="126.9872378">
    <tag k="highway" v="traffic_signals"/>
    <tag k="traffic_signals" v="signal"/>
    <tag k="traffic_signals:direction" v="forward"/>
  </node>
  <node id="11203083993" lat="37.5659322" lon="126.9875204">
    <tag k="highway" v="traffic_signals"/>
    <tag k="traffic_signals" v="signal"/>
    <tag k="traffic_signals:direction" v="forward"/>
  </node>
  <node id="11203083994" lat="37.5659335" lon="126.9877105">
    <tag k="highway" v="traffic_signals"/>
    <tag k="traffic_signals" v="signal"/>
    <tag k="traffic_signals:direction" v="forward"/>
  </node>
  <node id="11203083995" lat="37.5662255" lon="126.9879462">
    <tag k="highway" v="traffic_signals"/>
    <tag k="traffic_signals" v="signal"/>
    <tag k="traffic_signals:direction" v="forward"/>
  </node>
  <node id="11203083996" lat="37.5660878" lon="126.9879563">
    <tag k="highway" v="traffic_signals"/>
    <tag k="traffic_signals" v="signal"/>
    <tag k="traffic_signals:direction" v="forward"/>
  </node>
  <node id="11212130969" lat="37.5753119" lon="126.9973773"/>
  <node id="11212130970" lat="37.5707439" lon="126.9978162"/>
  <node id="11212130971" lat="37.5707509" lon="126.9978606"/>
  <node id="11232930754" lat="37.5679868" lon="126.9877429"/>
  <node id="11232930756" lat="37.5699465" lon="126.9903797"/>
  <node id="11233010320" lat="37.5691889" lon="126.9851918"/>
  <node id="11233010329" lat="37.5691897" lon="126.9847240"/>
  <node id="11233049703" lat="37.5695300" lon="126.9833772"/>
  <node id="11233049708" lat="37.5690144" lon="126.9831339"/>
  <node id="11233115438" lat="37.5690224" lon="126.9792862">
    <tag k="highway" v="crossing"/>
  </node>
  <node id="11233115446" lat="37.5691802" lon="126.9810187">
    <tag k="highway" v="crossing"/>
  </node>
  <node id="11233115449" lat="37.5691628" lon="126.9813463"/>
  <node id="11233115459" lat="37.5690977" lon="126.9775044"/>
  <node id="11233115460" lat="37.5691164" lon="126.9774480"/>
  <node id="11233115461" lat="37.5693688" lon="126.9774414"/>
  <node id="11233115462" lat="37.5694678" lon="126.9773330"/>
  <node id="11233115472" lat="37.5687079" lon="126.9779099"/>
  <node id="11233115473" lat="37.5690235" lon="126.9778848">
    <tag k="crossing:island" v="yes"/>
    <tag k="crossing:markings" v="yes"/>
    <tag k="crossing:signals" v="no"/>
    <tag k="highway" v="crossing"/>
    <tag k="tactile_paving" v="yes"/>
  </node>
  <node id="11233115477" lat="37.5675344" lon="126.9791658">
    <tag k="highway" v="crossing"/>
  </node>
  <node id="11233115478" lat="37.5681223" lon="126.9791895">
    <tag k="highway" v="crossing"/>
  </node>
  <node id="11233115479" lat="37.5686332" lon="126.9792087">
    <tag k="highway" v="crossing"/>
  </node>
  <node id="11233115484" lat="37.5688656" lon="126.9792757">
    <tag k="highway" v="crossing"/>
  </node>
  <node id="11233115485" lat="37.5688956" lon="126.9798126">
    <tag k="highway" v="crossing"/>
  </node>
  <node id="11233115502" lat="37.5680110" lon="126.9826964"/>
  <node id="11233115505" lat="37.5687628" lon="126.9824328"/>
  <node id="11233115506" lat="37.5685534" lon="126.9838200"/>
  <node id="11233115507" lat="37.5683578" lon="126.9848818"/>
  <node id="11233115525" lat="37.5687553" lon="126.9825267">
    <tag k="highway" v="crossing"/>
  </node>
  <node id="11233115532" lat="37.5688031" lon="126.9811017">
    <tag k="highway" v="crossing"/>
  </node>
  <node id="11233115533" lat="37.5687474" lon="126.9820487">
    <tag k="highway" v="crossing"/>
  </node>
  <node id="11233115540" lat="37.5686034" lon="126.9827046">
    <tag k="crossing:signals" v="yes"/>
    <tag k="highway" v="crossing"/>
  </node>
  <node id="11233115541" lat="37.5686970" lon="126.9829825">
    <tag k="highway" v="crossing"/>
  </node>
  <node id="11255952582" lat="37.5725918" lon="126.9886298"/>
  <node id="11255952583" lat="37.5731403" lon="126.9881477"/>
  <node id="11256117035" lat="37.5773684" lon="126.9891608"/>
  <node id="11256132323" lat="37.5770472" lon="126.9918317"/>
  <node id="11256354502" lat="37.5726063" lon="126.9800988"/>
  <node id="11256414968" lat="37.5712511" lon="126.9874849"/>
  <node id="11256415124" lat="37.5783065" lon="126.9892097"/>
  <node id="11256461925" lat="37.5827751" lon="126.9868691"/>
  <node id="11256513567" lat="37.5808126" lon="126.9964227"/>
  <node id="11263731534" lat="37.5718702" lon="126.9809860"/>
  <node id="11263758426" lat="37.5711900" lon="126.9806628"/>
  <node id="11268081017" lat="37.5820834" lon="126.9894579"/>
  <node id="11268081018" lat="37.5824680" lon="126.9894388"/>
  <node id="11270546887" lat="37.5694195" lon="126.9756526"/>
  <node id="11270546910" lat="37.5694469" lon="126.9744896"/>
  <node id="11277508942" lat="37.5699522" lon="126.9768338"/>
  <node id="11277508943" lat="37.5699565" lon="126.9768234">
    <tag k="crossing" v="uncontrolled"/>
    <tag k="crossing:markings" v="yes"/>
    <tag k="highway" v="crossing"/>
  </node>
  <node id="11280514298" lat="37.5728634" lon="126.9920601"/>
  <node id="11280514333" lat="37.5709736" lon="126.9916541"/>
  <node id="11280514352" lat="37.5711234" lon="126.9916440"/>
  <node id="11280514566" lat="37.5720498" lon="126.9920820"/>
  <node id="11280514585" lat="37.5725987" lon="126.9921426"/>
  <node id="11280725264" lat="37.5699967" lon="126.9909489"/>
  <node id="11280741278" lat="37.5694000" lon="126.9904285"/>
  <node id="11306481002" lat="37.5720356" lon="126.9905176"/>
  <node id="11306481053" lat="37.5723972" lon="126.9904090"/>
  <node id="11329537683" lat="37.5704627" lon="126.9876312">
    <tag k="crossing" v="uncontrolled"/>
    <tag k="crossing:markings" v="yes"/>
    <tag k="highway" v="crossing"/>
  </node>
  <node id="11329537684" lat="37.5704673" lon="126.9877591">
    <tag k="crossing" v="uncontrolled"/>
    <tag k="crossing:markings" v="yes"/>
    <tag k="highway" v="crossing"/>
  </node>
  <node id="11346791387" lat="37.5694057" lon="126.9772157">
    <tag k="highway" v="traffic_signals"/>
    <tag k="traffic_signals" v="signal"/>
  </node>
  <node id="11368092439" lat="37.5759757" lon="127.0002233"/>
  <node id="11377834287" lat="37.5742047" lon="126.9721693"/>
  <node id="11377834318" lat="37.5742852" lon="126.9718634"/>
  <node id="11391522687" lat="37.5765627" lon="126.9861858"/>
  <node id="11414286282" lat="37.5668803" lon="126.9772393"/>
  <node id="11414286297" lat="37.5670008" lon="126.9773713">
    <tag k="crossing" v="uncontrolled"/>
    <tag k="crossing:markings" v="yes"/>
    <tag k="highway" v="crossing"/>
  </node>
  <node id="11414286330" lat="37.5671358" lon="126.9769338"/>
  <node id="11414286332" lat="37.5666376" lon="126.9769246">
    <tag k="crossing" v="uncontrolled"/>
    <tag k="crossing:markings" v="yes"/>
    <tag k="highway" v="crossing"/>
  </node>
  <node id="11464448200" lat="37.5751847" lon="126.9967617"/>
  <node id="11517790101" lat="37.5746848" lon="126.9964049"/>
  <node id="11517790102" lat="37.5747111" lon="126.9964247"/>
  <node id="11727528548" lat="37.5756608" lon="126.9754010"/>
  <node id="11727528550" lat="37.5756524" lon="126.9755158"/>
  <node id="11727528551" lat="37.5756382" lon="126.9756027"/>
  <node id="11727528552" lat="37.5756183" lon="126.9756991"/>
  <node id="11727528553" lat="37.5754333" lon="126.9760957"/>
  <node id="11727528554" lat="37.5752178" lon="126.9764616"/>
  <node id="11727528557" lat="37.5751383" lon="126.9768554"/>
  <node id="11727528558" lat="37.5758180" lon="126.9798502"/>
  <node id="11727528559" lat="37.5758061" lon="126.9799435"/>
  <node id="11727528560" lat="37.5751407" lon="126.9769196"/>
  <node id="11727528561" lat="37.5757254" lon="126.9756026"/>
  <node id="11727528562" lat="37.5756635" lon="126.9758022"/>
  <node id="11727528563" lat="37.5756287" lon="126.9758905"/>
  <node id="11727528564" lat="37.5755983" lon="126.9757701"/>
  <node id="11727528565" lat="37.5753008" lon="126.9762978"/>
  <node id="11727528566" lat="37.5751934" lon="126.9765313"/>
  <node id="11727528567" lat="37.5753303" lon="126.9764412"/>
  <node id="11727528568" lat="37.5752921" lon="126.9765504"/>
  <node id="11727594869" lat="37.5752558" lon="126.9767654"/>
  <node id="11765711841" lat="37.5750983" lon="126.9769532"/>
  <node id="11765711842" lat="37.5750654" lon="126.9769966"/>
  <node id="11765711843" lat="37.5750150" lon="126.9770341"/>
  <node id="11765711845" lat="37.5748896" lon="126.9770789"/>
  <node id="11765711846" lat="37.5751234" lon="126.9769018"/>
  <node id="11784695807" lat="37.5637394" lon="126.9929578"/>
  <node id="11784695808" lat="37.5638262" lon="126.9929471"/>
  <node id="11822673693" lat="37.5680435" lon="126.9951529"/>
  <node id="11822815878" lat="37.5680801" lon="126.9956010"/>
  <node id="11863221102" lat="37.5685942" lon="126.9930801"/>
  <node id="11873936941" lat="37.5714009" lon="126.9875875"/>
  <node id="11910000990" lat="37.5684047" lon="126.9955621"/>
  <node id="11938500757" lat="37.5678254" lon="126.9965186"/>
  <node id="11938500796" lat="37.5673395" lon="126.9964374"/>
  <node id="11938951605" lat="37.5673648" lon="126.9964594"/>
  <node id="11938951611" lat="37.5681663" lon="126.9970994"/>
  <node id="11967427976" lat="37.5710834" lon="126.9974876"/>
  <node id="11967427977" lat="37.5710257" lon="126.9974212"/>
  <node id="11987095805" lat="37.5770623" lon="126.9901114"/>
  <node id="11987095806" lat="37.5770431" lon="126.9902240"/>
  <node id="11987095807" lat="37.5771132" lon="126.9902419"/>
  <node id="11987095809" lat="37.5771895" lon="126.9900163">
    <tag k="crossing:signals" v="no"/>
    <tag k="highway" v="crossing"/>
  </node>
  <node id="11987095811" lat="37.5773574" lon="126.9900424">
    <tag k="crossing:signals" v="yes"/>
    <tag k="highway" v="crossing"/>
  </node>
  <node id="11987095817" lat="37.5772126" lon="126.9903046">
    <tag k="crossing:signals" v="no"/>
    <tag k="highway" v="crossing"/>
  </node>
  <node id="11987095818" lat="37.5773374" lon="126.9902519">
    <tag k="crossing:signals" v="yes"/>
    <tag k="highway" v="crossing"/>
  </node>
  <node id="12152864479" lat="37.5821804" lon="126.9978926"/>
  <node id="12152864481" lat="37.5814858" lon="126.9971160"/>
  <node id="12152864482" lat="37.5810957" lon="126.9966976"/>
  <node id="12152864483" lat="37.5809278" lon="126.9966077"/>
  <node id="12152864484" lat="37.5804910" lon="126.9965675"/>
  <node id="12152864485" lat="37.5803521" lon="126.9965862"/>
  <node id="12152864486" lat="37.5785769" lon="126.9968504"/>
  <node id="12152864487" lat="37.5782973" lon="126.9969161"/>
  <node id="12152864488" lat="37.5772345" lon="126.9972193"/>
  <node id="12152864492" lat="37.5824946" lon="126.9980828"/>
  <node id="12152864711" lat="37.5774578" lon="126.9970298"/>
  <node id="12152864713" lat="37.5814235" lon="126.9970359"/>
  <node id="12152864720" lat="37.5824257" lon="126.9981786"/>
  <node id="12157549802" lat="37.5755819" lon="126.9900129"/>
  <node id="12192672659" lat="37.5675132" lon="126.9952053"/>
  <node id="12192672663" lat="37.5673555" lon="126.9952248"/>
  <node id="12192700294" lat="37.5681674" lon="126.9951378"/>
  <node id="12194128577" lat="37.5778365" lon="126.9969169"/>
  <node id="12194128578" lat="37.5773742" lon="126.9971976"/>
  <node id="12194128582" lat="37.5850231" lon="127.0008470"/>
  <node id="12194128583" lat="37.5841961" lon="127.0001686"/>
  <node id="12194128584" lat="37.5836378" lon="126.9995686"/>
  <node id="12194128585" lat="37.5829862" lon="126.9988410"/>
  <node id="12194128586" lat="37.5843248" lon="127.0000930"/>
  <node id="12194128587" lat="37.5837254" lon="126.9994759"/>
  <node id="12194128591" lat="37.5806146" lon="126.9965619"/>
  <node id="12194128594" lat="37.5809079" lon="126.9964372"/>
  <node id="12194128595" lat="37.5807058" lon="126.9964084"/>
  <node id="12194128596" lat="37.5796933" lon="126.9966968"/>
  <node id="12194128597" lat="37.5789645" lon="126.9967920">
    <tag k="highway" v="traffic_signals"/>
  </node>
  <node id="12194128598" lat="37.5791279" lon="126.9965780">
    <tag k="highway" v="traffic_signals"/>
  </node>
  <node id="12194128599" lat="37.5807155" lon="126.9965753"/>
  <node id="12194128600" lat="37.5810078" lon="126.9966370"/>
  <node id="12194172401" lat="37.5810578" lon="126.9964989"/>
  <node id="12194172402" lat="37.5812916" lon="126.9966732"/>
  <node id="12194172403" lat="37.5847510" lon="127.0004444"/>
  <node id="12194172405" lat="37.5850145" lon="127.0006683"/>
  <node id="12194172409" lat="37.5826158" lon="126.9982249"/>
  <node id="12197706527" lat="37.5683361" lon="126.9943402"/>
  <node id="12234253854" lat="37.5702006" lon="126.9793379"/>
  <node id="12234253856" lat="37.5702001" lon="126.9772182"/>
  <node id="12234253865" lat="37.5701969" lon="126.9770695"/>
  <node id="12234253873" lat="37.5702371" lon="126.9793378"/>
  <node id="12234253884" lat="37.5702423" lon="126.9770732"/>
  <node id="12234253885" lat="37.5702421" lon="126.9772219"/>
  <node id="12234253895" lat="37.5701313" lon="126.9812060"/>
  <node id="12234274102" lat="37.5702134" lon="126.9878435"/>
  <node id="12234274103" lat="37.5702070" lon="126.9876391"/>
  <node id="12234274109" lat="37.5704181" lon="126.9921668"/>
  <node id="12234274113" lat="37.5704713" lon="126.9921623"/>
  <node id="12234274117" lat="37.5707627" lon="126.9978154"/>
  <node id="12234274118" lat="37.5707660" lon="126.9978511"/>
  <node id="12234274123" lat="37.5707875" lon="126.9978144"/>
  <node id="12234274124" lat="37.5707895" lon="126.9978364"/>
  <node id="12234274263" lat="37.5702480" lon="126.9876385"/>
  <node id="12234274264" lat="37.5702550" lon="126.9878426"/>
  <node id="12474155477" lat="37.5672912" lon="126.9945831"/>
  <node id="12500626605" lat="37.5760682" lon="126.9795728"/>
  <node id="12752436818" lat="37.5774429" lon="126.9835415"/>
  <node id="12759982181" lat="37.5670860" lon="126.9951921"/>
  <node id="12780245743" lat="37.5679481" lon="126.9975599"/>
  <node id="12780245744" lat="37.5677371" lon="126.9974470"/>
  <node id="12780245785" lat="37.5678560" lon="126.9977425"/>
  <node id="12783735961" lat="37.5664233" lon="126.9950953"/>
  <node id="12783735962" lat="37.5664302" lon="126.9952344"/>
  <node id="12783757418" lat="37.5659416" lon="126.9947059"/>
  <node id="12783757465" lat="37.5649146" lon="126.9942535"/>
  <node id="12783757466" lat="37.5650728" lon="126.9943149"/>
  <node id="12785850981" lat="37.5682962" lon="126.9964773"/>
  <node id="12785870414" lat="37.5664455" lon="126.9992192"/>
  <node id="12785870415" lat="37.5662615" lon="126.9996005"/>
  <node id="12785870416" lat="37.5661844" lon="126.9998296"/>
  <node id="12785870417" lat="37.5661518" lon="126.9999531"/>
  <node id="12799620525" lat="37.5676257" lon="126.9964994"/>
  <node id="12799620526" lat="37.5676170" lon="126.9966776"/>
  <node id="12948826832" lat="37.5772908" lon="126.9872957"/>
  <node id="13012013146" lat="37.5694154" lon="126.9774032"/>
  <node id="13012013147" lat="37.5698973" lon="126.9771815"/>
  <node id="13012013149" lat="37.5703089" lon="126.9774318"/>
  <node id="13012013150" lat="37.5685407" lon="126.9768514">
    <tag k="crossing" v="uncontrolled"/>
    <tag k="crossing:markings" v="yes"/>
    <tag k="highway" v="crossing"/>
  </node>
  <node id="13021152332" lat="37.5744175" lon="126.9712546"/>
  <node id="13056479042" lat="37.5709571" lon="126.9758230"/>
  <node id="13095894218" lat="37.5832493" lon="126.9857694"/>
  <node id="13110838828" lat="37.5698809" lon="126.9770662"/>
  <node id="13110838829" lat="37.5698677" lon="126.9771968"/>
  <node id="13110838883" lat="37.5741636" lon="126.9760066"/>
  <node id="13110838884" lat="37.5741667" lon="126.9762676"/>
  <node id="13110838885" lat="37.5742557" lon="126.9763566"/>
  <node id="13110838887" lat="37.5741903" lon="126.9772336"/>
  <node id="13110838888" lat="37.5742438" lon="126.9772840"/>
  <node id="13110838889" lat="37.5743775" lon="126.9772600"/>
  <node id="13110838890" lat="37.5744094" lon="126.9772173"/>
  <node id="13110839011" lat="37.5754681" lon="126.9829896"/>
  <node id="13110839037" lat="37.5766793" lon="126.9859629"/>
  <node id="13110839038" lat="37.5765961" lon="126.9861541"/>
  <node id="13132533951" lat="37.5683064" lon="126.9876749"/>
  <node id="13132533956" lat="37.5683067" lon="126.9876253"/>
  <node id="13132533957" lat="37.5697302" lon="126.9876298"/>
  <node id="13133112761" lat="37.5686054" lon="126.9971158"/>
  <node id="13201892268" lat="37.5717662" lon="126.9792794"/>
  <node id="13201892271" lat="37.5715493" lon="126.9792961"/>
  <node id="13227969637" lat="37.5701000" lon="126.9751785"/>
  <node id="13227969639" lat="37.5702672" lon="126.9789743"/>
  <node id="13266675933" lat="37.5755228" lon="126.9910905"/>
  <node id="13266675934" lat="37.5755559" lon="126.9910633"/>
  <node id="13266675935" lat="37.5755932" lon="126.9910521"/>
  <node id="13325762294" lat="37.5659640" lon="126.9926797"/>
  <node id="13325762296" lat="37.5657919" lon="126.9935738"/>
  <node id="13335486279" lat="37.5686871" lon="126.9944371"/>
  <node id="13335630092" lat="37.5684702" lon="126.9963159"/>
  <node id="13335630093" lat="37.5683985" lon="126.9963372"/>
  <node id="13335630094" lat="37.5684435" lon="126.9963219"/>
  <node id="13335738007" lat="37.5687053" lon="126.9946985"/>
  <node id="13371121372" lat="37.5670672" lon="126.9960030"/>
  <node id="13371121376" lat="37.5672153" lon="126.9963585"/>
  <node id="13371121377" lat="37.5671049" lon="126.9959976"/>
  <node id="13371121378" lat="37.5670330" lon="126.9960107"/>
  <node id="13371169827" lat="37.5671250" lon="126.9959967"/>
  <node id="13372885940" lat="37.5733633" lon="126.9980241"/>
  <node id="13372885941" lat="37.5733391" lon="126.9977206"/>
  <node id="13372885942" lat="37.5733418" lon="126.9983441"/>
  <node id="13372885943" lat="37.5733398" lon="126.9979520"/>
  <node id="13372885944" lat="37.5733407" lon="126.9980915"/>
  <node id="13372915938" lat="37.5761520" lon="126.9972940"/>
  <node id="13387981759" lat="37.5704145" lon="126.9827740"/>
  <node id="13387981760" lat="37.5705012" lon="126.9828645"/>
  <node id="13387981761" lat="37.5705857" lon="126.9828967"/>
  <node id="13387981762" lat="37.5705899" lon="126.9830985"/>
  <node id="13387981763" lat="37.5703656" lon="126.9832782"/>
  <node id="13460281889" lat="37.5673172" lon="126.9918243"/>
  <node id="13460281890" lat="37.5673165" lon="126.9918613"/>
  <node id="13460281891" lat="37.5672975" lon="126.9918936"/>
  <node id="13460281892" lat="37.5673107" lon="126.9918851"/>
  <node id="13646979457" lat="37.5751763" lon="126.9762316"/>
  <node id="13646979460" lat="37.5750635" lon="126.9771798"/>
  <node id="13646979461" lat="37.5750634" lon="126.9770762"/>
  <node id="13721232740" lat="37.5680286" lon="126.9772958"/>
  <node id="13721232746" lat="37.5670016" lon="126.9773121">
    <tag k="highway" v="crossing"/>
  </node>
  <node id="13721232779" lat="37.5715989" lon="126.9774008">
    <tag k="highway" v="crossing"/>
  </node>
  <node id="13732389908" lat="37.5667899" lon="126.9827615"/>
  <node id="13732389909" lat="37.5669284" lon="126.9830636"/>
  <node id="13732389910" lat="37.5668871" lon="126.9827736"/>
  <node id="13732389911" lat="37.5655515" lon="126.9826840"/>
  <node id="13732389912" lat="37.5640544" lon="126.9822777"/>
  <node id="13732389913" lat="37.5641342" lon="126.9822970"/>
  <node id="13732389914" lat="37.5637784" lon="126.9821900">
    <tag k="fixme" v="Not sure about the connectivity"/>
  </node>
  <node id="13732389915" lat="37.5623961" lon="126.9816139"/>
  <node id="13732389919" lat="37.5686218" lon="126.9828022"/>
  <node id="13732389920" lat="37.5686277" lon="126.9827069"/>
  <node id="13732389921" lat="37.5666332" lon="126.9827520"/>
  <node id="13732389922" lat="37.5654269" lon="126.9826586"/>
  <node id="13732389928" lat="37.5686048" lon="126.9828025">
    <tag k="crossing:signals" v="yes"/>
    <tag k="highway" v="crossing"/>
  </node>
  <node id="13732389929" lat="37.5685272" lon="126.9827978"/>
  <node id="13732389930" lat="37.5679808" lon="126.9828060"/>
  <node id="13732389931" lat="37.5675005" lon="126.9827906"/>
  <node id="13732389932" lat="37.5667246" lon="126.9827563"/>
  <node id="13732389933" lat="37.5662241" lon="126.9827596">
    <tag k="bicycle" v="yes"/>
    <tag k="crossing" v="marked"/>
    <tag k="crossing:island" v="no"/>
    <tag k="crossing:markings" v="zebra"/>
    <tag k="highway" v="crossing"/>
    <tag k="kerb" v="flush"/>
    <tag k="tactile_paving" v="yes"/>
  </node>
  <node id="13732389934" lat="37.5686771" lon="126.9827576"/>
  <node id="13732389935" lat="37.5660524" lon="126.9827547"/>
  <node id="13732389936" lat="37.5658754" lon="126.9827438">
    <tag k="bicycle" v="yes"/>
    <tag k="crossing" v="marked"/>
    <tag k="crossing:markings" v="zebra"/>
    <tag k="highway" v="crossing"/>
  </node>
  <node id="13732389937" lat="37.5649887" lon="126.9825426"/>
  <node id="13732389938" lat="37.5644790" lon="126.9823988"/>
  <node id="13732389939" lat="37.5642806" lon="126.9823333"/>
  <node id="13732389940" lat="37.5636618" lon="126.9821533"/>
  <node id="13732389941" lat="37.5635532" lon="126.9821207"/>
  <node id="13732389942" lat="37.5634791" lon="126.9820969">
    <tag k="fixme" v="Not sure about the connectivity"/>
  </node>
  <node id="13732389943" lat="37.5631959" lon="126.9819978"/>
  <node id="13732389944" lat="37.5630828" lon="126.9819560">
    <tag k="fixme" v="Not sure about the connectivity"/>
  </node>
  <node id="13732389945" lat="37.5627592" lon="126.9818178"/>
  <node id="13732389946" lat="37.5625774" lon="126.9817159"/>
  <node id="13732389947" lat="37.5624318" lon="126.9816314"/>
  <node id="13735062342" lat="37.5759678" lon="126.9968609"/>
  <node id="13735062343" lat="37.5760678" lon="126.9969120"/>
  <node id="13735062344" lat="37.5775405" lon="126.9909452"/>
  <node id="13735062345" lat="37.5774051" lon="126.9902367">
    <tag k="crossing:signals" v="yes"/>
    <tag k="highway" v="crossing"/>
  </node>
  <node id="13735062346" lat="37.5773352" lon="126.9902238"/>
  <node id="13735062348" lat="37.5775099" lon="126.9907379"/>
  <node id="13735062349" lat="37.5774543" lon="126.9905390"/>
  <node id="13735062351" lat="37.5774019" lon="126.9902110"/>
  <node id="13735062353" lat="37.5772959" lon="126.9938227"/>
  <node id="13735062354" lat="37.5775153" lon="126.9932310"/>
  <node id="13735062355" lat="37.5775920" lon="126.9929632"/>
  <node id="13735062356" lat="37.5776319" lon="126.9926575"/>
  <node id="13735062357" lat="37.5776480" lon="126.9924380"/>
  <node id="13735062359" lat="37.5763518" lon="126.9960295"/>
  <node id="13735062360" lat="37.5764776" lon="126.9957460"/>
  <node id="13735062361" lat="37.5773657" lon="126.9901685"/>
  <node id="13735062364" lat="37.5759617" lon="126.9970026"/>
  <node id="13748939991" lat="37.5673669" lon="126.9980530">
    <tag k="highway" v="crossing"/>
  </node>
  <node id="13773030280" lat="37.5812220" lon="126.9801564"/>
  <node id="13773030281" lat="37.5818603" lon="126.9801701"/>
  <node id="13773030282" lat="37.5822599" lon="126.9801835"/>
  <node id="13773030283" lat="37.5823747" lon="126.9801660"/>
  <node id="13773030284" lat="37.5824427" lon="126.9801553"/>
  <node id="13773030285" lat="37.5825724" lon="126.9801111"/>
  <node id="13773030286" lat="37.5827541" lon="126.9800333"/>
  <node id="13773030287" lat="37.5828849" lon="126.9799434"/>
  <node id="13773030288" lat="37.5831176" lon="126.9797267"/>
  <node id="13773030289" lat="37.5832649" lon="126.9795728">
    <tag k="crossing" v="marked"/>
    <tag k="crossing:markings" v="zebra"/>
    <tag k="highway" v="crossing"/>
  </node>
  <node id="13773030290" lat="37.5833265" lon="126.9795192"/>
  <node id="13773030291" lat="37.5819811" lon="126.9801741"/>
  <node id="13773030293" lat="37.5812514" lon="126.9801570">
    <tag k="crossing" v="marked"/>
    <tag k="crossing:markings" v="zebra"/>
    <tag k="highway" v="crossing"/>
  </node>
  <node id="13778628971" lat="37.5741804" lon="126.9758687"/>
  <node id="13778628981" lat="37.5742875" lon="126.9763462">
    <tag k="highway" v="give_way"/>
  </node>
  <node id="13781224162" lat="37.5769065" lon="126.9863523"/>
  <node id="13931631843" lat="37.5675221" lon="126.9845597"/>
  <node id="13931631844" lat="37.5671767" lon="126.9845027"/>
  <node id="13931631845" lat="37.5676207" lon="126.9845416"/>
  <node id="13931631846" lat="37.5676614" lon="126.9844417"/>
  <node id="13931631847" lat="37.5676547" lon="126.9843937"/>
  <node id="13931631848" lat="37.5676295" lon="126.9843129"/>
  <node id="13931631849" lat="37.5675716" lon="126.9841855"/>
  <node id="13931631850" lat="37.5676582" lon="126.9844859"/>
  <node id="13931631851" lat="37.5675663" lon="126.9845644"/>
  <node id="13931631852" lat="37.5675981" lon="126.9845536"/>
  <node id="13931631853" lat="37.5679113" lon="126.9857809"/>
  <node id="13954834246" lat="37.5768392" lon="126.9909629"/>
  <node id="13954834247" lat="37.5767967" lon="126.9905799"/>
  <node id="13955245255" lat="37.5732512" lon="126.9916489"/>
  <node id="13955245256" lat="37.5763268" lon="126.9907172"/>
  <node id="13955245257" lat="37.5763652" lon="126.9910436"/>
  <node id="13955245258" lat="37.5733099" lon="126.9918580"/>
  <node id="13956618745" lat="37.5766721" lon="126.9903330"/>
  <node id="13956618746" lat="37.5767158" lon="126.9906035"/>
  <node id="13956673566" lat="37.5741992" lon="126.9873985"/>
  <node id="13956692601" lat="37.5737162" lon="126.9894302"/>
  <node id="13957512930" lat="37.5767448" lon="126.9909790"/>
  <node id="13957971694" lat="37.5774950" lon="126.9913364"/>
  <node id="13957971695" lat="37.5772232" lon="126.9918593"/>
  <node id="13964474763" lat="37.5707021" lon="126.9982607"/>
  <node id="13965175682" lat="37.5706352" lon="126.9830043"/>
  <node id="13971393083" lat="37.5756531" lon="126.9785603"/>
  <node id="13971401815" lat="37.5772446" lon="126.9901622">
    <tag k="crossing" v="traffic_signals"/>
    <tag k="crossing:island" v="no"/>
    <tag k="crossing:signals" v="yes"/>
    <tag k="highway" v="crossing"/>
  </node>
  <node id="13971409407" lat="37.5715309" lon="126.9773156">
    <tag k="crossing:signals" v="yes"/>
    <tag k="highway" v="crossing"/>
  </node>
  <node id="13971409408" lat="37.5715302" lon="126.9771704">
    <tag k="crossing:signals" v="yes"/>
    <tag k="highway" v="crossing"/>
  </node>
  <node id="13973357674" lat="37.5738031" lon="126.9908779"/>
  <node id="13973357675" lat="37.5738596" lon="126.9911551"/>
  <node id="13973382073" lat="37.5757648" lon="126.9905927">
    <tag k="highway" v="crossing"/>
  </node>
  <node id="13973382074" lat="37.5755908" lon="126.9906413">
    <tag k="highway" v="crossing"/>
  </node>
  <node id="13998649081" lat="37.5679887" lon="126.9876575"/>
  <node id="14003678900" lat="37.5725645" lon="126.9852475"/>
  <node id="14015147931" lat="37.5776241" lon="126.9914307"/>
  <node id="14015147932" lat="37.5776536" lon="126.9917582"/>
  <node id="14015147933" lat="37.5776648" lon="126.9920785"/>
  <node id="14072530454" lat="37.5674021" lon="126.9857736"/>
  <node id="14072530457" lat="37.5673909" lon="126.9845380"/>
  <way id="26268355">
    <nd ref="436874009"/>
    <nd ref="5194567132"/>
    <nd ref="10665047789"/>
    <nd ref="10665047788"/>
    <nd ref="5194567131"/>
    <nd ref="10665047737"/>
    <nd ref="287721187"/>
    <nd ref="10665047787"/>
    <nd ref="287721181"/>
    <nd ref="5194567136"/>
    <nd ref="10665047739"/>
    <tag k="highway" v="primary_link"/>
    <tag k="name" v="율곡로"/>
    <tag k="name:en" v="Yulgok-ro"/>
    <tag k="name:ko" v="율곡로"/>
    <tag k="oneway" v="yes"/>
    <tag k="surface" v="asphalt"/>
  </way>
  <way id="26299045">
    <nd ref="12152864485"/>
    <nd ref="12152864484"/>
    <nd ref="12194128591"/>
    <nd ref="12194128599"/>
    <nd ref="12152864483"/>
    <nd ref="12194128600"/>
    <nd ref="12152864482"/>
    <nd ref="12152864713"/>
    <nd ref="12152864481"/>
    <nd ref="12152864479"/>
    <nd ref="12152864720"/>
    <nd ref="2409391399"/>
    <nd ref="12194128585"/>
    <nd ref="12194128584"/>
    <nd ref="12194128583"/>
    <nd ref="3087861300"/>
    <nd ref="12194128582"/>
    <tag k="highway" v="primary"/>
    <tag k="lanes" v="3"/>
    <tag k="name" v="창경궁로"/>
    <tag k="name:en" v="Changgyeonggung-ro"/>
    <tag k="name:ja" v="昌慶宮路"/>
    <tag k="name:ko" v="창경궁로"/>
    <tag k="oneway" v="yes"/>
    <tag k="surface" v="asphalt"/>
  </way>
  <way id="26658460">
    <nd ref="2064459547"/>
    <nd ref="3612248081"/>
    <nd ref="7208946713"/>
    <nd ref="2064459536"/>
    <nd ref="3612318605"/>
    <nd ref="7208946711"/>
    <nd ref="5357053110"/>
    <nd ref="2471444665"/>
    <nd ref="9837710567"/>
    <nd ref="2309564050"/>
    <nd ref="3612391476"/>
    <nd ref="2309564056"/>
    <nd ref="3612391600"/>
    <nd ref="3612391611"/>
    <nd ref="3612391645"/>
    <nd ref="3369595093"/>
    <nd ref="292395181"/>
    <nd ref="3369594793"/>
    <nd ref="3369594993"/>
    <nd ref="292395190"/>
    <nd ref="3612443406"/>
    <nd ref="2420018551"/>
    <nd ref="3369584193"/>
    <nd ref="2420018536"/>
    <nd ref="3612466419"/>
    <nd ref="7231338213"/>
    <nd ref="7233535517"/>
    <nd ref="7233535522"/>
    <nd ref="7231338236"/>
    <nd ref="2420018507"/>
    <nd ref="3613962203"/>
    <nd ref="10923974173"/>
    <nd ref="11256414968"/>
    <nd ref="10923974174"/>
    <tag k="highway" v="residential"/>
    <tag k="name" v="인사동길"/>
    <tag k="name:en" v="Insadong-gil"/>
    <tag k="name:ja" v="仁寺洞街(インサドンキル)"/>
    <tag k="name:ko" v="인사동길"/>
    <tag k="oneway" v="yes"/>
    <tag k="sidewalk" v="both"/>
  </way>
  <way id="37397708">
    <nd ref="4439827505"/>
    <nd ref="2449035020"/>
    <nd ref="2449035023"/>
    <nd ref="2309502793"/>
    <tag k="highway" v="residential"/>
    <tag k="lanes" v="2"/>
    <tag k="name" v="율곡로2길"/>
    <tag k="name:en" v="Yulgok-ro 2-gil"/>
    <tag k="name:ko" v="율곡로2길"/>
    <tag k="sidewalk:both" v="separate"/>
  </way>
  <way id="37399752">
    <nd ref="2064388666"/>
    <nd ref="2323213990"/>
    <nd ref="2304578261"/>
    <nd ref="2420018582"/>
    <nd ref="13021152332"/>
    <nd ref="11377834318"/>
    <nd ref="11377834287"/>
    <nd ref="287712142"/>
    <nd ref="436807109"/>
    <nd ref="436850153"/>
    <nd ref="4876253552"/>
    <nd ref="436831469"/>
    <tag k="highway" v="tertiary"/>
    <tag k="lanes" v="4"/>
    <tag k="name" v="사직로8길"/>
    <tag k="name:en" v="Sajik-ro 8-gil"/>
    <tag k="name:ko" v="사직로8길"/>
    <tag k="oneway" v="no"/>
    <tag k="surface" v="asphalt"/>
  </way>
  <way id="37400684">
    <nd ref="436718751"/>
    <nd ref="3279010904"/>
    <nd ref="5973693869"/>
    <nd ref="2135148787"/>
    <nd ref="4203278570"/>
    <nd ref="436844961"/>
    <tag k="cycleway:right" v="no"/>
    <tag k="highway" v="primary"/>
    <tag k="lanes" v="3"/>
    <tag k="name" v="창경궁로"/>
    <tag k="name:en" v="Changgyeonggung-ro"/>
    <tag k="name:ja" v="昌慶宮路"/>
    <tag k="name:ko" v="창경궁로"/>
    <tag k="name:ko-Latn" v="Changgyeonggung-ro"/>
    <tag k="oneway" v="yes"/>
    <tag k="surface" v="asphalt"/>
  </way>
  <way id="37400958">
    <nd ref="1949249824"/>
    <nd ref="436849197"/>
    <nd ref="9939528907"/>
    <nd ref="5800888046"/>
    <nd ref="4655135712"/>
    <nd ref="11256415124"/>
    <nd ref="9939590022"/>
    <nd ref="9939528880"/>
    <nd ref="436849198"/>
    <nd ref="4198110757"/>
    <nd ref="436849199"/>
    <nd ref="436849200"/>
    <nd ref="5789579391"/>
    <nd ref="1813560128"/>
    <nd ref="1813560713"/>
    <nd ref="10235890437"/>
    <nd ref="4198110716"/>
    <nd ref="4198110746"/>
    <nd ref="1813560631"/>
    <nd ref="11268081017"/>
    <nd ref="1813560188"/>
    <nd ref="11268081018"/>
    <nd ref="1813560067"/>
    <nd ref="10235890438"/>
    <nd ref="1813560541"/>
    <nd ref="4198110682"/>
    <nd ref="1813560474"/>
    <nd ref="4198110706"/>
    <nd ref="5791860736"/>
    <nd ref="7215968394"/>
    <nd ref="4198110707"/>
    <nd ref="1813560860"/>
    <nd ref="871729323"/>
    <nd ref="4198110701"/>
    <nd ref="871729325"/>
    <nd ref="4198110696"/>
    <nd ref="871729321"/>
    <nd ref="871729327"/>
    <nd ref="10235656862"/>
    <nd ref="5791834302"/>
    <nd ref="871729330"/>
    <nd ref="13095894218"/>
    <nd ref="2322098826"/>
    <nd ref="10235656817"/>
    <nd ref="2322098827"/>
    <nd ref="2322098828"/>
    <tag k="highway" v="tertiary"/>
    <tag k="lane_markings" v="no"/>
    <tag k="name" v="창덕궁길"/>
    <tag k="name:en" v="Changdeokgung-gil"/>
    <tag k="name:ja" v="チャンドククン(昌徳宮)ギル"/>
    <tag k="name:ko" v="창덕궁길"/>
    <tag k="name:ko-Latn" v="Changdukkoong-gil"/>
    <tag k="surface" v="asphalt"/>
  </way>
  <way id="37401016">
    <nd ref="2064459551"/>
    <nd ref="5194567153"/>
    <nd ref="9935071272"/>
    <nd ref="9935071273"/>
    <nd ref="9935071274"/>
    <nd ref="9935071298"/>
    <nd ref="9935071275"/>
    <nd ref="9935071301"/>
    <nd ref="9935071276"/>
    <nd ref="9935071300"/>
    <nd ref="1553878405"/>
    <tag k="highway" v="primary"/>
    <tag k="name" v="사직로"/>
    <tag k="name:en" v="Sajik-ro"/>
    <tag k="name:ja" v="社稷路(サジクロ)"/>
    <tag k="name:ko" v="사직로"/>
    <tag k="name:ko-Latn" v="Sajingno"/>
    <tag k="oneway" v="yes"/>
    <tag k="ref" v="50"/>
    <tag k="surface" v="asphalt"/>
  </way>
  <way id="37401095">
    <nd ref="5015675996"/>
    <nd ref="436851868"/>
    <nd ref="2420018535"/>
    <nd ref="436851869"/>
    <nd ref="2420018539"/>
    <nd ref="436851870"/>
    <nd ref="2309513957"/>
    <nd ref="436851872"/>
    <nd ref="2064459568"/>
    <nd ref="2309502792"/>
    <nd ref="2064459577"/>
    <tag k="highway" v="residential"/>
    <tag k="lit" v="yes"/>
    <tag k="maxspeed" v="30"/>
    <tag k="maxspeed:type" v="sign"/>
    <tag k="name" v="삼봉로"/>
    <tag k="name:en" v="Sambong-ro"/>
    <tag k="name:ko" v="삼봉로"/>
  </way>
  <way id="37401122">
    <nd ref="4435291469"/>
    <nd ref="4439079891"/>
    <tag k="highway" v="tertiary"/>
    <tag k="lanes" v="3"/>
    <tag k="name" v="삼청로"/>
    <tag k="name:en" v="Samcheong-ro"/>
    <tag k="name:ja" v="三清路(サムチョンノ)"/>
    <tag k="name:ko" v="삼청로"/>
    <tag k="oneway" v="yes"/>
  </way>
  <way id="37402164">
    <nd ref="2309513942"/>
    <nd ref="3371298093"/>
    <nd ref="3371297993"/>
    <nd ref="2449033624"/>
    <nd ref="2309564046"/>
    <nd ref="5357053891"/>
    <nd ref="2309564045"/>
    <nd ref="2309564051"/>
    <nd ref="5164595708"/>
    <nd ref="5015675996"/>
    <tag k="cycleway" v="shared_lane"/>
    <tag k="highway" v="secondary"/>
    <tag k="lanes" v="6"/>
    <tag k="name" v="우정국로"/>
    <tag k="name:en" v="Ujeongguk-ro"/>
    <tag k="name:ja" v="郵征局路"/>
    <tag k="name:ko" v="우정국로"/>
    <tag k="name:ko-Latn" v="Ujeonggungno"/>
    <tag k="sidewalk" v="both"/>
    <tag k="surface" v="asphalt"/>
  </way>
  <way id="37402325">
    <nd ref="5400937312"/>
    <nd ref="5194567143"/>
    <nd ref="1918614714"/>
    <nd ref="5542182479"/>
    <nd ref="8486227720"/>
    <nd ref="5194567140"/>
    <nd ref="436867523"/>
    <tag k="cycleway" v="shared_lane"/>
    <tag k="highway" v="primary"/>
    <tag k="lanes" v="6"/>
    <tag k="lit" v="yes"/>
    <tag k="maxspeed" v="50"/>
    <tag k="maxspeed:type" v="sign"/>
    <tag k="name" v="율곡로"/>
    <tag k="name:en" v="Yulgok-ro"/>
    <tag k="name:ja" v="栗谷路"/>
    <tag k="name:ko" v="율곡로"/>
    <tag k="oneway" v="no"/>
    <tag k="ref" v="50"/>
    <tag k="sidewalk" v="both"/>
    <tag k="surface" v="asphalt"/>
  </way>
  <way id="37402820">
    <nd ref="414685953"/>
    <nd ref="5194567134"/>
    <nd ref="7062619078"/>
    <nd ref="11212130969"/>
    <nd ref="3844548703"/>
    <tag k="highway" v="primary"/>
    <tag k="lanes" v="4"/>
    <tag k="name" v="창경궁로"/>
    <tag k="name:en" v="Changgyeonggung-ro"/>
    <tag k="name:ja" v="昌慶宮路"/>
    <tag k="name:ko" v="창경궁로"/>
    <tag k="name:ko-Latn" v="Changgyeonggung-ro"/>
    <tag k="surface" v="asphalt"/>
  </way>
  <way id="37403012">
    <nd ref="436877020"/>
    <nd ref="11202869271"/>
    <nd ref="436877019"/>
    <tag k="highway" v="residential"/>
    <tag k="name" v="세종대로"/>
    <tag k="name:en" v="Sejong-daero"/>
    <tag k="name:ko" v="세종대로"/>
    <tag k="name:ko-Latn" v="Sejong-daero"/>
    <tag k="name:zh" v="世宗大路"/>
  </way>
  <way id="37403263">
    <nd ref="436836942"/>
    <nd ref="1949263667"/>
    <nd ref="3824379476"/>
    <nd ref="3824379475"/>
    <nd ref="436880039"/>
    <nd ref="4198116864"/>
    <nd ref="2420018547"/>
    <nd ref="7208991758"/>
    <nd ref="2523185921"/>
    <nd ref="436880040"/>
    <nd ref="9349648105"/>
    <tag k="highway" v="tertiary"/>
    <tag k="maxspeed" v="30"/>
    <tag k="maxspeed:type" v="sign"/>
    <tag k="name" v="돈화문로11길"/>
    <tag k="name:en" v="Donhwamun-ro 11-gil"/>
    <tag k="name:ko" v="돈화문로11길"/>
    <tag k="name:ko-Latn" v="Donhwamun-ro sipil-gil"/>
    <tag k="noref" v="yes"/>
    <tag k="surface" v="asphalt"/>
  </way>
  <way id="37930979">
    <nd ref="2697100729"/>
    <nd ref="11197929752"/>
    <nd ref="11197929744"/>
    <nd ref="8380350230"/>
    <tag k="highway" v="primary"/>
    <tag k="lanes" v="4"/>
    <tag k="maxspeed" v="60"/>
    <tag k="name" v="종로"/>
    <tag k="name:en" v="Jong-ro"/>
    <tag k="name:ja" v="鐘路"/>
    <tag k="name:ko" v="종로"/>
    <tag k="name:ko-Latn" v="Jongno"/>
    <tag k="oneway" v="yes"/>
    <tag k="ref" v="6"/>
    <tag k="surface" v="asphalt"/>
    <tag k="wikidata" v="Q491066"/>
    <tag k="wikipedia" v="ko:종로 (서울)"/>
  </way>
  <way id="73541403">
    <nd ref="5863541500"/>
    <nd ref="11233115459"/>
    <nd ref="5706326038"/>
    <nd ref="4960162823"/>
    <nd ref="3063260473"/>
    <nd ref="7505703291"/>
    <nd ref="3806620354"/>
    <nd ref="7505703292"/>
    <nd ref="2420018339"/>
    <nd ref="3063260470"/>
    <nd ref="2420018333"/>
    <nd ref="4960120586"/>
    <nd ref="11233115505"/>
    <nd ref="11233115525"/>
    <nd ref="871729389"/>
    <nd ref="11233115541"/>
    <nd ref="11233115506"/>
    <nd ref="11233115507"/>
    <tag k="bicycle" v="designated"/>
    <tag k="cycleway:left" v="track"/>
    <tag k="highway" v="primary"/>
    <tag k="horse" v="no"/>
    <tag k="lanes" v="2"/>
    <tag k="name" v="청계천로"/>
    <tag k="name:en" v="Cheonggyecheon-ro"/>
    <tag k="name:ja" v="清渓川路"/>
    <tag k="name:ko" v="청계천로"/>
    <tag k="name:ko-Latn" v="Cheonggyecheon-ro"/>
    <tag k="oneway" v="yes"/>
    <tag k="oneway:bicycle" v="yes"/>
    <tag k="surface" v="asphalt"/>
  </way>
  <way id="73550861">
    <nd ref="436836942"/>
    <nd ref="4197560772"/>
    <nd ref="4197560771"/>
    <nd ref="11280514585"/>
    <nd ref="4197560778"/>
    <nd ref="4197546881"/>
    <tag k="highway" v="residential"/>
    <tag k="maxspeed" v="30"/>
    <tag k="maxspeed:type" v="sign"/>
    <tag k="name" v="돈화문로10길"/>
    <tag k="name:en" v="Donhwamun-ro 10-gil"/>
    <tag k="name:ko" v="돈화문로10길"/>
  </way>
  <way id="73550863">
    <nd ref="871804258"/>
    <nd ref="3846577601"/>
    <nd ref="3846577596"/>
    <nd ref="3846577594"/>
    <nd ref="3846577587"/>
    <nd ref="3846577559"/>
    <nd ref="871804257"/>
    <tag k="highway" v="residential"/>
    <tag k="name" v="을지로20길"/>
    <tag k="name:en" v="Eulji-ro 20-gil"/>
    <tag k="name:ko" v="을지로20길"/>
    <tag k="oneway" v="yes"/>
  </way>
  <way id="73550864">
    <nd ref="871804276"/>
    <nd ref="4203278562"/>
    <nd ref="7184471991"/>
    <nd ref="4183258093"/>
    <nd ref="8299072619"/>
    <nd ref="4203278571"/>
    <nd ref="9359393083"/>
    <nd ref="7184382779"/>
    <tag k="highway" v="residential"/>
    <tag k="layer" v="-1"/>
    <tag k="name" v="종로28길"/>
    <tag k="name:en" v="Jong-ro 28-gil"/>
    <tag k="name:ko" v="종로28길"/>
    <tag k="tunnel" v="yes"/>
  </way>
  <way id="117784411">
    <nd ref="4202879197"/>
    <nd ref="4627822390"/>
    <nd ref="1326151520"/>
    <nd ref="1326151607"/>
    <nd ref="2959037339"/>
    <tag k="highway" v="residential"/>
    <tag k="name" v="동호로33길"/>
    <tag k="name:en" v="Dongho-ro 33-gil"/>
    <tag k="name:ko" v="동호로33길"/>
    <tag k="source:name" v="survey"/>
    <tag k="surface" v="asphalt"/>
  </way>
  <way id="117784412">
    <nd ref="1949263662"/>
    <nd ref="1949263660"/>
    <nd ref="1949263664"/>
    <nd ref="2420018581"/>
    <tag k="highway" v="residential"/>
    <tag k="name" v="삼일대로30길"/>
    <tag k="name:en" v="Samil-daero 30-gil"/>
    <tag k="name:ko" v="삼일대로30길"/>
  </way>
  <way id="117784413">
    <nd ref="4202879194"/>
    <nd ref="9040189338"/>
    <nd ref="9066179112"/>
    <nd ref="9066194617"/>
    <nd ref="9040149608"/>
    <nd ref="9066179097"/>
    <nd ref="4202879191"/>
    <nd ref="10296582834"/>
    <nd ref="1326151556"/>
    <tag k="highway" v="residential"/>
    <tag k="lanes" v="1"/>
    <tag k="name" v="을지로27길"/>
    <tag k="name:en" v="Eulji-ro 27-gil"/>
    <tag k="name:ko" v="을지로27길"/>
    <tag k="oneway" v="yes"/>
    <tag k="oneway:bicycle" v="no"/>
    <tag k="source:name" v="survey"/>
    <tag k="surface" v="asphalt"/>
  </way>
  <way id="117784417">
    <nd ref="1326151650"/>
    <nd ref="1326151622"/>
    <nd ref="3846550595"/>
    <nd ref="12785870417"/>
    <nd ref="3337522192"/>
    <nd ref="1326151567"/>
    <nd ref="1326151648"/>
    <nd ref="1326151582"/>
    <nd ref="1326151551"/>
    <nd ref="1326151647"/>
    <nd ref="1326151645"/>
    <nd ref="1326151624"/>
    <tag k="highway" v="residential"/>
    <tag k="name" v="을지로30길"/>
    <tag k="name:en" v="Eulji-ro 30-gil"/>
    <tag k="name:ko" v="을지로30길"/>
    <tag k="source:name" v="survey"/>
  </way>
  <way id="117784420">
    <nd ref="436844958"/>
    <nd ref="9066250253"/>
    <tag k="highway" v="primary_link"/>
    <tag k="oneway" v="yes"/>
    <tag k="surface" v="asphalt"/>
  </way>
  <way id="117784422">
    <nd ref="1945254761"/>
    <nd ref="436844958"/>
    <tag k="highway" v="primary_link"/>
    <tag k="lane_markings" v="yes"/>
    <tag k="lanes" v="1"/>
    <tag k="oneway" v="yes"/>
    <tag k="surface" v="asphalt"/>
  </way>
  <way id="117784423">
    <nd ref="9038896911"/>
    <nd ref="9041069004"/>
    <nd ref="9357889173"/>
    <nd ref="9038899599"/>
    <nd ref="9041075559"/>
    <nd ref="9038899628"/>
    <nd ref="1326151591"/>
    <tag k="highway" v="residential"/>
    <tag k="name" v="을지로27가길"/>
    <tag k="name:en" v="Eulji-ro 27ga-gil"/>
    <tag k="name:ko" v="을지로27가길"/>
    <tag k="oneway" v="yes"/>
  </way>
  <way id="117914840">
    <nd ref="1327214767"/>
    <nd ref="1327214763"/>
    <nd ref="1327214727"/>
    <nd ref="4203161581"/>
    <tag k="highway" v="residential"/>
    <tag k="name" v="충무로4길"/>
    <tag k="name:en" v="Chungmu-ro 4-gil"/>
    <tag k="name:ko" v="충무로4길"/>
  </way>
  <way id="117914848">
    <nd ref="1327214772"/>
    <nd ref="12783757418"/>
    <nd ref="3846577615"/>
    <nd ref="1327214736"/>
    <nd ref="3846577600"/>
    <nd ref="3846577599"/>
    <nd ref="3846577593"/>
    <nd ref="12783757466"/>
    <nd ref="1327214767"/>
    <nd ref="12783757465"/>
    <nd ref="4203161582"/>
    <nd ref="3846577571"/>
    <nd ref="3846577566"/>
    <tag k="highway" v="residential"/>
    <tag k="name" v="을지로18길"/>
    <tag k="name:en" v="Eulji-ro 18-gil"/>
    <tag k="name:ko" v="을지로18길"/>
  </way>
  <way id="141957153">
    <nd ref="436831469"/>
    <nd ref="3565136895"/>
    <nd ref="3565136893"/>
    <nd ref="436831470"/>
    <tag k="highway" v="tertiary"/>
    <tag k="layer" v="-1"/>
    <tag k="name" v="사직로8길"/>
    <tag k="name:en" v="Sajik-ro 8-gil"/>
    <tag k="name:ko" v="사직로8길"/>
    <tag k="tunnel" v="yes"/>
    <tag k="tunnel:name" v="중앙지하차도"/>
  </way>
  <way id="142077711">
    <nd ref="436831470"/>
    <nd ref="4876253535"/>
    <nd ref="2449052351"/>
    <nd ref="2449052347"/>
    <tag k="highway" v="tertiary"/>
    <tag k="lanes" v="2"/>
    <tag k="name" v="사직로8길"/>
    <tag k="name:en" v="Sajik-ro 8-gil"/>
    <tag k="name:ko" v="사직로8길"/>
    <tag k="name:ko-Latn" v="Sajik-ro 8-gil"/>
    <tag k="surface" v="asphalt"/>
  </way>
  <way id="156570776">
    <nd ref="1327214761"/>
    <nd ref="1688005107"/>
    <tag k="highway" v="residential"/>
    <tag k="name" v="을지로16길"/>
    <tag k="name:en" v="Eulji-ro 16-gil"/>
    <tag k="name:ko" v="을지로16길"/>
    <tag k="surface" v="asphalt"/>
  </way>
  <way id="156922850">
    <nd ref="6146661406"/>
    <nd ref="1691642792"/>
    <nd ref="1691642804"/>
    <nd ref="1691642794"/>
    <nd ref="9066218656"/>
    <nd ref="6146661411"/>
    <tag k="bridge" v="yes"/>
    <tag k="bridge:name" v="세운교"/>
    <tag k="highway" v="residential"/>
    <tag k="layer" v="1"/>
    <tag k="oneway" v="yes"/>
  </way>
  <way id="156922852">
    <nd ref="6146661409"/>
    <nd ref="1691642806"/>
    <nd ref="1691642798"/>
    <nd ref="6146661408"/>
    <tag k="bridge" v="yes"/>
    <tag k="bridge:name" v="세운교"/>
    <tag k="highway" v="residential"/>
    <tag k="layer" v="1"/>
    <tag k="oneway" v="yes"/>
  </way>
  <way id="170207582">
    <nd ref="566588290"/>
    <nd ref="1815458089"/>
    <nd ref="436839423"/>
    <tag k="highway" v="residential"/>
    <tag k="name" v="을지로12길"/>
    <tag k="name:en" v="Eulji-ro 12-gil"/>
    <tag k="name:ko" v="을지로12길"/>
    <tag k="oneway" v="yes"/>
  </way>
  <way id="170207585">
    <nd ref="1813641463"/>
    <nd ref="1815458077"/>
    <nd ref="1813641436"/>
    <nd ref="1813641425"/>
    <tag k="highway" v="residential"/>
    <tag k="name" v="을지로14길"/>
    <tag k="name:en" v="Eulji-ro 14-gil"/>
    <tag k="name:ko" v="을지로14길"/>
  </way>
  <way id="170207591">
    <nd ref="566588290"/>
    <nd ref="1813641436"/>
    <nd ref="1813641482"/>
    <tag k="highway" v="residential"/>
    <tag k="name" v="충무로7길"/>
    <tag k="name:en" v="Chungmu-ro 7-gil"/>
    <tag k="name:ko" v="충무로7길"/>
  </way>
  <way id="170403779">
    <nd ref="436836933"/>
    <nd ref="4203161581"/>
    <tag k="highway" v="residential"/>
    <tag k="name" v="충무로4길"/>
    <tag k="name:en" v="Chungmu-ro 4-gil"/>
    <tag k="name:ko" v="충무로4길"/>
  </way>
  <way id="170403780">
    <nd ref="1945255000"/>
    <nd ref="7199553977"/>
    <nd ref="9341248886"/>
    <nd ref="1815458056"/>
    <nd ref="9341248912"/>
    <nd ref="9341248899"/>
    <nd ref="1945255035"/>
    <tag k="highway" v="residential"/>
    <tag k="name" v="동순라길"/>
    <tag k="name:en" v="Dongsulla-gil"/>
    <tag k="name:ko" v="동순라길"/>
    <tag k="name:ko-Latn" v="Dongsulla-gil"/>
  </way>
  <way id="170403787">
    <nd ref="4203161581"/>
    <nd ref="3846577578"/>
    <nd ref="3846577568"/>
    <nd ref="1815458135"/>
    <tag k="highway" v="residential"/>
    <tag k="name" v="을지로16길"/>
    <tag k="name:en" v="Eulji-ro 16-gil"/>
    <tag k="name:ko" v="을지로16길"/>
  </way>
  <way id="170403788">
    <nd ref="9066250252"/>
    <nd ref="4203244026"/>
    <nd ref="9066250234"/>
    <nd ref="4203244012"/>
    <nd ref="9375696074"/>
    <nd ref="1815457779"/>
    <tag k="highway" v="residential"/>
    <tag k="name" v="창경궁로5길"/>
    <tag k="name:en" v="Changgyeonggung-ro 5-gil"/>
    <tag k="name:ko" v="창경궁로5길"/>
    <tag k="oneway" v="yes"/>
  </way>
  <way id="170403791">
    <nd ref="1815457779"/>
    <nd ref="1815457811"/>
    <nd ref="13371121376"/>
    <nd ref="1815457960"/>
    <nd ref="10618527997"/>
    <nd ref="1815457908"/>
    <nd ref="11938500796"/>
    <nd ref="11938951605"/>
    <nd ref="1815458034"/>
    <nd ref="1815458065"/>
    <nd ref="12799620525"/>
    <nd ref="11938500757"/>
    <nd ref="1815457914"/>
    <tag k="highway" v="residential"/>
    <tag k="name" v="창경궁로5다길"/>
    <tag k="name:en" v="Changgyeonggung-ro 5da-gil"/>
    <tag k="name:ko" v="창경궁로5다길"/>
  </way>
  <way id="170403792">
    <nd ref="1815458089"/>
    <nd ref="1815458077"/>
    <tag k="highway" v="residential"/>
    <tag k="name" v="충무로5길"/>
    <tag k="name:en" v="Chungmu-ro 5-gil"/>
    <tag k="name:ko" v="충무로5길"/>
  </way>
  <way id="170403804">
    <nd ref="1945254715"/>
    <nd ref="4203227045"/>
    <nd ref="1815457920"/>
    <nd ref="4203244002"/>
    <nd ref="1815457862"/>
    <nd ref="12474155477"/>
    <nd ref="1815458104"/>
    <tag k="highway" v="residential"/>
    <tag k="name" v="을지로17길"/>
    <tag k="name:en" v="Eulji-ro 17-gil"/>
    <tag k="name:ko" v="을지로17길"/>
  </way>
  <way id="170403805">
    <nd ref="1815457980"/>
    <nd ref="1815457913"/>
    <nd ref="1815458097"/>
    <nd ref="1815458098"/>
    <nd ref="436844960"/>
    <tag k="highway" v="residential"/>
    <tag k="name" v="창경궁로"/>
    <tag k="name:en" v="Changgyeonggung-ro"/>
    <tag k="name:ko" v="창경궁로"/>
  </way>
  <way id="170403810">
    <nd ref="1815458113"/>
    <nd ref="5973693857"/>
    <nd ref="2420018395"/>
    <nd ref="4183318390"/>
    <nd ref="1815457888"/>
    <nd ref="1691642802"/>
    <tag k="highway" v="residential"/>
    <tag k="layer" v="-1"/>
    <tag k="name" v="종로26길"/>
    <tag k="name:en" v="Jong-ro 26-gil"/>
    <tag k="name:ko" v="종로26길"/>
    <tag k="tunnel" v="yes"/>
  </way>
  <way id="170403814">
    <nd ref="436839429"/>
    <nd ref="3846577562"/>
    <nd ref="4203161562"/>
    <nd ref="3846577591"/>
    <nd ref="3846577597"/>
    <nd ref="8938123615"/>
    <nd ref="1815457804"/>
    <tag k="highway" v="residential"/>
    <tag k="name" v="을지로20길"/>
    <tag k="name:en" v="Eulji-ro 20-gil"/>
    <tag k="name:ko" v="을지로20길"/>
    <tag k="oneway" v="yes"/>
  </way>
  <way id="170403818">
    <nd ref="1815457878"/>
    <nd ref="13335630092"/>
    <nd ref="13335630094"/>
    <nd ref="13335630093"/>
    <nd ref="1815457942"/>
    <nd ref="1815457853"/>
    <nd ref="12785850981"/>
    <nd ref="1815457914"/>
    <nd ref="1815457923"/>
    <nd ref="1815457927"/>
    <nd ref="1815457970"/>
    <nd ref="1815457980"/>
    <nd ref="11938951611"/>
    <nd ref="1815457943"/>
    <nd ref="4203244018"/>
    <nd ref="1815457937"/>
    <nd ref="12780245743"/>
    <nd ref="1815458126"/>
    <nd ref="12780245785"/>
    <nd ref="1815458080"/>
    <nd ref="4203244019"/>
    <tag k="highway" v="residential"/>
    <tag k="name" v="창경궁로5가길"/>
    <tag k="name:en" v="Changgyeonggung-ro 5ga-gil"/>
    <tag k="name:ko" v="창경궁로5가길"/>
  </way>
  <way id="170403826">
    <nd ref="436718750"/>
    <nd ref="5973693859"/>
    <nd ref="5973693858"/>
    <nd ref="4203278575"/>
    <nd ref="1815458084"/>
    <nd ref="3279010904"/>
    <tag k="highway" v="primary_link"/>
    <tag k="oneway" v="yes"/>
    <tag k="sidewalk" v="right"/>
    <tag k="surface" v="asphalt"/>
  </way>
  <way id="170403831">
    <nd ref="4203227042"/>
    <nd ref="7054563391"/>
    <nd ref="1815457996"/>
    <nd ref="1815457915"/>
    <nd ref="4203243994"/>
    <nd ref="1815457899"/>
    <nd ref="1815457813"/>
    <nd ref="4203227041"/>
    <nd ref="1815458054"/>
    <nd ref="1815458102"/>
    <tag k="highway" v="residential"/>
    <tag k="name" v="을지로15길"/>
    <tag k="name:en" v="Eulji-ro 15-gil"/>
    <tag k="name:ko" v="을지로15길"/>
    <tag k="surface" v="asphalt"/>
  </way>
  <way id="170407915">
    <nd ref="436873999"/>
    <nd ref="9341248885"/>
    <nd ref="10300412431"/>
    <nd ref="5702191564"/>
    <tag k="highway" v="primary_link"/>
    <tag k="oneway" v="yes"/>
  </way>
  <way id="170407916">
    <nd ref="1945255012"/>
    <nd ref="10300422226"/>
    <nd ref="8299072700"/>
    <tag k="highway" v="primary_link"/>
    <tag k="oneway" v="yes"/>
  </way>
  <way id="180190213">
    <nd ref="436849195"/>
    <nd ref="13971401815"/>
    <nd ref="436836949"/>
    <nd ref="1949263644"/>
    <nd ref="11987095806"/>
    <nd ref="13956618745"/>
    <nd ref="436836948"/>
    <nd ref="10931133793"/>
    <nd ref="436836947"/>
    <nd ref="13973382073"/>
    <nd ref="2419011995"/>
    <nd ref="13973382074"/>
    <nd ref="436836946"/>
    <nd ref="436836945"/>
    <nd ref="1949263662"/>
    <nd ref="4197546882"/>
    <nd ref="13973357675"/>
    <nd ref="436836944"/>
    <nd ref="11035607195"/>
    <nd ref="436836943"/>
    <nd ref="3833430094"/>
    <nd ref="436836942"/>
    <tag k="highway" v="secondary"/>
    <tag k="lane_markings" v="yes"/>
    <tag k="name" v="돈화문로"/>
    <tag k="name:en" v="Donhwamun-ro"/>
    <tag k="name:ja" v="敦化門路"/>
    <tag k="name:ko" v="돈화문로"/>
    <tag k="name:ko-Latn" v="Donhwamunno"/>
    <tag k="sidewalk" v="both"/>
    <tag k="surface" v="asphalt"/>
  </way>
  <way id="180368916">
    <nd ref="436867523"/>
    <nd ref="5194567142"/>
    <nd ref="8486203416"/>
    <nd ref="6668670579"/>
    <nd ref="436852121"/>
    <nd ref="8486506140"/>
    <nd ref="8486506139"/>
    <nd ref="436852120"/>
    <nd ref="2309564062"/>
    <nd ref="8486474416"/>
    <nd ref="1949249835"/>
    <tag k="highway" v="primary"/>
    <tag k="lane_markings" v="yes"/>
    <tag k="name" v="삼일대로"/>
    <tag k="name:en" v="Samil-daero"/>
    <tag k="name:ja" v="三一大路"/>
    <tag k="name:ko" v="삼일대로"/>
    <tag k="name:ko-Latn" v="Samil-daero"/>
    <tag k="oneway" v="yes"/>
    <tag k="sidewalk" v="right"/>
    <tag k="smoothness" v="excellent"/>
    <tag k="surface" v="asphalt"/>
    <tag k="wikidata" v="Q12600302"/>
    <tag k="wikipedia" v="ko:삼일대로"/>
  </way>
  <way id="183272478">
    <nd ref="1936511551"/>
    <nd ref="13012013150"/>
    <nd ref="436877019"/>
    <tag k="highway" v="residential"/>
    <tag k="name" v="세종대로"/>
    <tag k="name:en" v="Sejong-daero"/>
    <tag k="name:ko" v="세종대로"/>
    <tag k="name:ko-Latn" v="Sejong-daero"/>
    <tag k="oneway" v="yes"/>
    <tag k="review" v="no"/>
    <tag k="source" v="Bing"/>
  </way>
  <way id="183272487">
    <nd ref="436877019"/>
    <nd ref="1936511559"/>
    <nd ref="436877018"/>
    <nd ref="436877017"/>
    <nd ref="436877016"/>
    <nd ref="1936511585"/>
    <tag k="highway" v="residential"/>
    <tag k="name" v="세종대로21길"/>
    <tag k="name:en" v="Sejong-daero 21-gil"/>
    <tag k="name:ko" v="세종대로21길"/>
    <tag k="name:ko-Latn" v="Sejong-daero isipil-gil"/>
    <tag k="oneway" v="yes"/>
    <tag k="surface" v="asphalt"/>
  </way>
  <way id="183272488">
    <nd ref="5851251267"/>
    <nd ref="11414286330"/>
    <nd ref="1936511529"/>
    <nd ref="9021656240"/>
    <nd ref="7174221719"/>
    <nd ref="1936511544"/>
    <nd ref="1936511546"/>
    <nd ref="1936511549"/>
    <nd ref="436877019"/>
    <tag k="highway" v="residential"/>
    <tag k="name" v="세종대로21길"/>
    <tag k="name:en" v="Sejong-daero 21-gil"/>
    <tag k="name:ko" v="세종대로21길"/>
    <tag k="name:ko-Latn" v="Sejong-daero isipil-gil"/>
    <tag k="oneway" v="yes"/>
  </way>
  <way id="183272596">
    <nd ref="2697100727"/>
    <nd ref="11233115461"/>
    <nd ref="2697100723"/>
    <nd ref="2697100726"/>
    <nd ref="2697100721"/>
    <nd ref="2697100725"/>
    <nd ref="2697100722"/>
    <nd ref="2697100724"/>
    <nd ref="11233115460"/>
    <nd ref="5863541500"/>
    <tag k="bicycle" v="designated"/>
    <tag k="cycleway:left" v="track"/>
    <tag k="highway" v="primary_link"/>
    <tag k="horse" v="no"/>
    <tag k="lane_markings" v="no"/>
    <tag k="oneway" v="yes"/>
    <tag k="oneway:bicycle" v="yes"/>
    <tag k="review" v="no"/>
    <tag k="source" v="Bing"/>
    <tag k="surface" v="asphalt"/>
  </way>
  <way id="184083104">
    <nd ref="871804259"/>
    <nd ref="7166355133"/>
    <nd ref="12192700294"/>
    <nd ref="9319168976"/>
    <nd ref="11822673693"/>
    <nd ref="9319402967"/>
    <nd ref="7166355132"/>
    <nd ref="12192672659"/>
    <nd ref="12192672663"/>
    <nd ref="4203238481"/>
    <nd ref="1945254722"/>
    <tag k="highway" v="residential"/>
    <tag k="layer" v="-1"/>
    <tag k="name" v="을지로19길"/>
    <tag k="name:en" v="Eulji-ro 19-gil"/>
    <tag k="name:ko" v="을지로19길"/>
    <tag k="oneway" v="yes"/>
    <tag k="tunnel" v="yes"/>
  </way>
  <way id="184083106">
    <nd ref="1815458021"/>
    <nd ref="4633981745"/>
    <nd ref="4203244005"/>
    <nd ref="11822815878"/>
    <nd ref="11910000990"/>
    <tag k="highway" v="residential"/>
    <tag k="layer" v="-1"/>
    <tag k="name" v="을지로19길"/>
    <tag k="name:en" v="Eulji-ro 19-gil"/>
    <tag k="name:ko" v="을지로19길"/>
    <tag k="oneway" v="yes"/>
    <tag k="tunnel" v="yes"/>
  </way>
  <way id="184083112">
    <nd ref="1945254936"/>
    <nd ref="13387981761"/>
    <nd ref="13387981760"/>
    <nd ref="10911227493"/>
    <nd ref="13387981759"/>
    <nd ref="1945254979"/>
    <nd ref="1945254934"/>
    <tag k="highway" v="primary_link"/>
    <tag k="lanes" v="1"/>
    <tag k="maxspeed" v="30"/>
    <tag k="oneway" v="yes"/>
    <tag k="surface" v="asphalt"/>
  </way>
  <way id="184083115">
    <nd ref="3818627572"/>
    <nd ref="3818627571"/>
    <tag k="highway" v="primary_link"/>
    <tag k="lanes" v="1"/>
    <tag k="maxspeed" v="30"/>
    <tag k="oneway" v="yes"/>
    <tag k="review" v="no"/>
    <tag k="source" v="Bing"/>
    <tag k="surface" v="asphalt"/>
  </way>
  <way id="184083117">
    <nd ref="1945254874"/>
    <nd ref="5920996806"/>
    <nd ref="1945254856"/>
    <nd ref="1945254850"/>
    <nd ref="5973693845"/>
    <nd ref="1945254832"/>
    <nd ref="1945254831"/>
    <tag k="cycleway:left" v="no"/>
    <tag k="cycleway:right" v="lane"/>
    <tag k="highway" v="primary_link"/>
    <tag k="lanes" v="1"/>
    <tag k="maxspeed" v="30"/>
    <tag k="oneway" v="yes"/>
    <tag k="review" v="no"/>
    <tag k="source" v="Bing"/>
    <tag k="surface" v="asphalt"/>
  </way>
  <way id="184083119">
    <nd ref="1945254831"/>
    <nd ref="5973693846"/>
    <nd ref="4736420956"/>
    <nd ref="5920996812"/>
    <nd ref="1945254893"/>
    <tag k="cycleway:left" v="no"/>
    <tag k="cycleway:right" v="lane"/>
    <tag k="highway" v="primary_link"/>
    <tag k="lanes" v="1"/>
    <tag k="maxspeed" v="30"/>
    <tag k="oneway" v="yes"/>
    <tag k="review" v="no"/>
    <tag k="source" v="Bing"/>
    <tag k="surface" v="asphalt"/>
  </way>
  <way id="184083122">
    <nd ref="1945254946"/>
    <nd ref="10911227494"/>
    <nd ref="13387981763"/>
    <nd ref="1945254966"/>
    <nd ref="5852580184"/>
    <nd ref="13387981762"/>
    <nd ref="1945254936"/>
    <tag k="highway" v="primary_link"/>
    <tag k="lanes" v="1"/>
    <tag k="maxspeed" v="30"/>
    <tag k="oneway" v="yes"/>
    <tag k="review" v="no"/>
    <tag k="source" v="Bing"/>
    <tag k="surface" v="asphalt"/>
  </way>
  <way id="184083127">
    <nd ref="1936511585"/>
    <nd ref="9937135033"/>
    <nd ref="9937135048"/>
    <nd ref="9937135049"/>
    <nd ref="11277508943"/>
    <nd ref="11277508942"/>
    <nd ref="9937135046"/>
    <nd ref="9937135047"/>
    <nd ref="3818627576"/>
    <tag k="cycleway:left" v="no"/>
    <tag k="cycleway:right" v="shared_lane"/>
    <tag k="highway" v="primary_link"/>
    <tag k="lanes" v="1"/>
    <tag k="maxspeed" v="30"/>
    <tag k="oneway" v="yes"/>
    <tag k="review" v="no"/>
    <tag k="source" v="Bing"/>
    <tag k="surface" v="asphalt"/>
  </way>
  <way id="184083130">
    <nd ref="1945255006"/>
    <nd ref="10300412435"/>
    <nd ref="10300412434"/>
    <nd ref="1945255011"/>
    <nd ref="10300412433"/>
    <nd ref="1945255019"/>
    <nd ref="10300412432"/>
    <nd ref="1945255020"/>
    <nd ref="10300412436"/>
    <nd ref="11967427977"/>
    <nd ref="11967427976"/>
    <nd ref="10300412437"/>
    <nd ref="1945255032"/>
    <nd ref="10300412438"/>
    <nd ref="1945255034"/>
    <nd ref="10300412439"/>
    <nd ref="1945255031"/>
    <nd ref="10300412430"/>
    <nd ref="1945255025"/>
    <tag k="highway" v="primary_link"/>
    <tag k="oneway" v="yes"/>
  </way>
  <way id="184083131">
    <nd ref="1945255035"/>
    <nd ref="1815458057"/>
    <nd ref="1815457770"/>
    <nd ref="10301631107"/>
    <nd ref="10301631108"/>
    <nd ref="10301631106"/>
    <nd ref="1815457812"/>
    <nd ref="1815458048"/>
    <tag k="highway" v="residential"/>
    <tag k="name" v="동순라길"/>
    <tag k="name:en" v="Dongsulla-gil"/>
    <tag k="name:ko" v="동순라길"/>
    <tag k="name:ko-Latn" v="Dongsulla-gil"/>
  </way>
  <way id="184083158">
    <nd ref="9937135040"/>
    <nd ref="2429209318"/>
    <nd ref="9937135039"/>
    <nd ref="2420018404"/>
    <nd ref="2420018402"/>
    <nd ref="287712330"/>
    <nd ref="1945254913"/>
    <nd ref="5871218814"/>
    <tag k="cycleway:left" v="no"/>
    <tag k="cycleway:right" v="shared_lane"/>
    <tag k="highway" v="primary"/>
    <tag k="lanes" v="4"/>
    <tag k="maxspeed" v="60"/>
    <tag k="name" v="새문안로"/>
    <tag k="name:en" v="Saemunan-ro"/>
    <tag k="name:ja" v="新門路(セムナンロ)"/>
    <tag k="name:ko" v="새문안로"/>
    <tag k="name:ko-Latn" v="Saemunan-ro"/>
    <tag k="name:zh" v="新南路"/>
    <tag k="oneway" v="yes"/>
    <tag k="ref" v="6"/>
    <tag k="review" v="no"/>
    <tag k="source" v="Bing"/>
    <tag k="surface" v="asphalt"/>
  </way>
  <way id="184083172">
    <nd ref="1945254596"/>
    <nd ref="6687090864"/>
    <nd ref="5172891775"/>
    <nd ref="1945254561"/>
    <tag k="highway" v="primary_link"/>
    <tag k="lanes" v="1"/>
    <tag k="oneway" v="yes"/>
    <tag k="surface" v="asphalt"/>
  </way>
  <way id="184083174">
    <nd ref="436830314"/>
    <nd ref="5172891772"/>
    <nd ref="1945254621"/>
    <tag k="highway" v="primary_link"/>
    <tag k="lanes" v="1"/>
    <tag k="oneway" v="yes"/>
    <tag k="surface" v="asphalt"/>
  </way>
  <way id="184083175">
    <nd ref="13732389911"/>
    <nd ref="5172891774"/>
    <nd ref="1945254603"/>
    <tag k="highway" v="primary_link"/>
    <tag k="lanes" v="1"/>
    <tag k="oneway" v="yes"/>
  </way>
  <way id="184083181">
    <nd ref="1945254736"/>
    <nd ref="1945254733"/>
    <nd ref="10315989899"/>
    <nd ref="1945254722"/>
    <nd ref="4203238478"/>
    <nd ref="4203238482"/>
    <nd ref="1945254715"/>
    <nd ref="4203227042"/>
    <nd ref="1945254694"/>
    <tag k="highway" v="primary"/>
    <tag k="lanes" v="2"/>
    <tag k="maxspeed" v="60"/>
    <tag k="name" v="을지로"/>
    <tag k="name:en" v="Eulji-ro"/>
    <tag k="name:etymology" v="을지문덕"/>
    <tag k="name:etymology:wikidata" v="Q702878"/>
    <tag k="name:etymology:wikipedia" v="ko:을지문덕"/>
    <tag k="name:ja" v="乙支路"/>
    <tag k="name:ko" v="을지로"/>
    <tag k="name:ko-Latn" v="Eulji-ro"/>
    <tag k="name:zh" v="乙支路"/>
    <tag k="oneway" v="yes"/>
    <tag k="wikidata" v="Q483304"/>
    <tag k="wikipedia" v="ko:을지로"/>
  </way>
  <way id="184083183">
    <nd ref="7694743853"/>
    <nd ref="1688005107"/>
    <nd ref="1327214772"/>
    <nd ref="12783735961"/>
    <nd ref="12783735962"/>
    <nd ref="871804258"/>
    <tag k="highway" v="primary"/>
    <tag k="lanes" v="2"/>
    <tag k="maxspeed" v="60"/>
    <tag k="name" v="을지로"/>
    <tag k="name:en" v="Eulji-ro"/>
    <tag k="name:etymology" v="을지문덕"/>
    <tag k="name:etymology:wikidata" v="Q702878"/>
    <tag k="name:etymology:wikipedia" v="ko:을지문덕"/>
    <tag k="name:ja" v="乙支路"/>
    <tag k="name:ko" v="을지로"/>
    <tag k="name:ko-Latn" v="Eulji-ro"/>
    <tag k="name:zh" v="乙支路"/>
    <tag k="oneway" v="yes"/>
    <tag k="wikidata" v="Q483304"/>
    <tag k="wikipedia" v="ko:을지로"/>
  </way>
  <way id="184083187">
    <nd ref="1945254694"/>
    <nd ref="2374692777"/>
    <nd ref="2374692785"/>
    <nd ref="436857634"/>
    <nd ref="1945254665"/>
    <nd ref="2374692796"/>
    <nd ref="11203083995"/>
    <nd ref="11203083988"/>
    <nd ref="7311080414"/>
    <nd ref="414685871"/>
    <tag k="cycleway:right" v="no"/>
    <tag k="highway" v="primary"/>
    <tag k="lanes" v="3"/>
    <tag k="lit" v="yes"/>
    <tag k="maxspeed" v="60"/>
    <tag k="name" v="을지로"/>
    <tag k="name:en" v="Eulji-ro"/>
    <tag k="name:etymology" v="을지문덕"/>
    <tag k="name:etymology:wikidata" v="Q702878"/>
    <tag k="name:etymology:wikipedia" v="ko:을지문덕"/>
    <tag k="name:ja" v="乙支路"/>
    <tag k="name:ko" v="을지로"/>
    <tag k="name:ko-Latn" v="Eulji-ro"/>
    <tag k="name:zh" v="乙支路"/>
    <tag k="oneway" v="yes"/>
    <tag k="sidewalk" v="right"/>
    <tag k="sidewalk:right:surface" v="paving_stones"/>
    <tag k="surface" v="asphalt"/>
    <tag k="wikidata" v="Q483304"/>
    <tag k="wikipedia" v="ko:을지로"/>
  </way>
  <way id="184083199">
    <nd ref="1945254919"/>
    <nd ref="3112252730"/>
    <nd ref="2420018405"/>
    <nd ref="11173810847"/>
    <nd ref="7068953102"/>
    <nd ref="1945254942"/>
    <nd ref="2420018403"/>
    <nd ref="7068953106"/>
    <nd ref="1945254946"/>
    <nd ref="11198015019"/>
    <nd ref="11198015026"/>
    <nd ref="436718742"/>
    <tag k="highway" v="primary"/>
    <tag k="lanes" v="4"/>
    <tag k="maxspeed" v="60"/>
    <tag k="name" v="종로"/>
    <tag k="name:en" v="Jong-ro"/>
    <tag k="name:ja" v="鍾路(チョンノ)"/>
    <tag k="name:ko" v="종로"/>
    <tag k="name:ko-Latn" v="Jongno"/>
    <tag k="name:zh" v="钟路"/>
    <tag k="oneway" v="yes"/>
    <tag k="ref" v="6"/>
    <tag k="surface" v="asphalt"/>
    <tag k="wikidata" v="Q491066"/>
    <tag k="wikipedia" v="ko:종로 (서울)"/>
  </way>
  <way id="184083240">
    <nd ref="1945255009"/>
    <nd ref="1945255006"/>
    <tag k="cycleway:left" v="lane"/>
    <tag k="highway" v="primary"/>
    <tag k="lanes" v="4"/>
    <tag k="maxspeed" v="60"/>
    <tag k="name" v="종로"/>
    <tag k="name:en" v="Jong-ro"/>
    <tag k="name:ja" v="鐘路"/>
    <tag k="name:ko" v="종로"/>
    <tag k="name:ko-Latn" v="Jongno"/>
    <tag k="oneway" v="yes"/>
    <tag k="ref" v="6"/>
    <tag k="review" v="no"/>
    <tag k="source" v="Bing"/>
    <tag k="surface" v="asphalt"/>
    <tag k="wikidata" v="Q491066"/>
    <tag k="wikipedia" v="ko:종로 (서울)"/>
  </way>
  <way id="184083250">
    <nd ref="8380350240"/>
    <nd ref="5359231204"/>
    <nd ref="5842932916"/>
    <nd ref="2697100730"/>
    <nd ref="13201892271"/>
    <nd ref="13201892268"/>
    <nd ref="436872017"/>
    <nd ref="2064459568"/>
    <tag k="highway" v="residential"/>
    <tag k="name" v="종로3길"/>
    <tag k="name:en" v="Jong-ro 3-gil"/>
    <tag k="name:ko" v="종로3길"/>
    <tag k="review" v="no"/>
    <tag k="sidewalk" v="both"/>
    <tag k="source" v="Bing"/>
  </way>
  <way id="184083252">
    <nd ref="436844958"/>
    <nd ref="1945254754"/>
    <tag k="cycleway:left" v="no"/>
    <tag k="cycleway:right" v="lane"/>
    <tag k="highway" v="primary"/>
    <tag k="lanes" v="4"/>
    <tag k="name" v="창경궁로"/>
    <tag k="name:en" v="Changgyeonggung-ro"/>
    <tag k="name:ja" v="昌慶宮路"/>
    <tag k="name:ko" v="창경궁로"/>
    <tag k="name:ko-Latn" v="Changgyeonggung-ro"/>
    <tag k="oneway" v="yes"/>
    <tag k="oneway:bicycle" v="yes"/>
    <tag k="surface" v="asphalt"/>
  </way>
  <way id="184443139">
    <nd ref="436877003"/>
    <nd ref="6107335405"/>
    <nd ref="3825649163"/>
    <nd ref="11414286297"/>
    <nd ref="13721232746"/>
    <nd ref="5851251264"/>
    <tag k="highway" v="secondary"/>
    <tag k="name" v="세종대로20길"/>
    <tag k="name:en" v="Sejong-daero 20-gil"/>
    <tag k="name:ko" v="세종대로20길"/>
    <tag k="name:ko-Latn" v="Sejong-daero"/>
    <tag k="oneway" v="yes"/>
  </way>
  <way id="184443140">
    <nd ref="2420018381"/>
    <nd ref="2420018379"/>
    <tag k="highway" v="residential"/>
    <tag k="name" v="수표로"/>
    <tag k="name:en" v="Supyo-ro"/>
    <tag k="name:ko" v="수표로"/>
    <tag k="oneway" v="yes"/>
  </way>
  <way id="184443141">
    <nd ref="1949238426"/>
    <nd ref="11233049703"/>
    <nd ref="2420018374"/>
    <nd ref="1949238424"/>
    <nd ref="3614168278"/>
    <nd ref="1949238427"/>
    <tag k="highway" v="residential"/>
    <tag k="name" v="우정국로2길"/>
    <tag k="name:en" v="Ujeongguk-ro 2-gil"/>
    <tag k="name:ko" v="우정국로2길"/>
  </way>
  <way id="184444067">
    <nd ref="436880040"/>
    <nd ref="7862172972"/>
    <nd ref="2471407647"/>
    <nd ref="4198116860"/>
    <nd ref="1326151616"/>
    <nd ref="2523185910"/>
    <nd ref="1949249839"/>
    <nd ref="2523185900"/>
    <nd ref="2420018430"/>
    <nd ref="1326151571"/>
    <tag k="highway" v="residential"/>
    <tag k="name" v="수표로"/>
    <tag k="name:en" v="Supyo-ro"/>
    <tag k="name:ko" v="수표로"/>
  </way>
  <way id="184444068">
    <nd ref="1949249830"/>
    <nd ref="1949249831"/>
    <nd ref="1949249833"/>
    <nd ref="4198117496"/>
    <tag k="highway" v="living_street"/>
    <tag k="name" v="종로17길"/>
    <tag k="name:en" v="Jong-ro 17-gil"/>
    <tag k="name:ko" v="종로17길"/>
  </way>
  <way id="184445043">
    <nd ref="1949263655"/>
    <nd ref="1949263627"/>
    <nd ref="2420018571"/>
    <nd ref="2420018569"/>
    <tag k="highway" v="residential"/>
    <tag k="name" v="수표로28길"/>
    <tag k="name:en" v="Supyo-ro 28-gil"/>
    <tag k="name:ko" v="수표로28길"/>
  </way>
  <way id="184445044">
    <nd ref="1949249840"/>
    <nd ref="11255952583"/>
    <nd ref="1949263666"/>
    <nd ref="11255952582"/>
    <nd ref="436880040"/>
    <tag k="highway" v="residential"/>
    <tag k="noname" v="yes"/>
  </way>
  <way id="196079104">
    <nd ref="2064459582"/>
    <nd ref="2064459541"/>
    <nd ref="2064459559"/>
    <nd ref="2064459558"/>
    <nd ref="436794097"/>
    <nd ref="5357054149"/>
    <nd ref="5357054147"/>
    <nd ref="4439763831"/>
    <nd ref="2064459543"/>
    <tag k="cycleway:left" v="no"/>
    <tag k="cycleway:right" v="shared_lane"/>
    <tag k="highway" v="primary"/>
    <tag k="lanes" v="3"/>
    <tag k="lit" v="yes"/>
    <tag k="name" v="율곡로"/>
    <tag k="name:en" v="Yulgok-ro"/>
    <tag k="name:ja" v="栗谷路(ユルゴクロ)"/>
    <tag k="name:ko" v="율곡로"/>
    <tag k="oneway" v="yes"/>
    <tag k="ref" v="50"/>
    <tag k="sidewalk:left" v="no"/>
    <tag k="sidewalk:right" v="separate"/>
    <tag k="surface" v="asphalt"/>
  </way>
  <way id="196079107">
    <nd ref="2449052349"/>
    <nd ref="436794101"/>
    <nd ref="436794102"/>
    <nd ref="2064425695"/>
    <nd ref="436794103"/>
    <nd ref="2064459569"/>
    <tag k="highway" v="residential"/>
    <tag k="lit" v="yes"/>
    <tag k="name" v="종로1길"/>
    <tag k="name:en" v="Jong-ro 1-gil"/>
    <tag k="name:ko" v="종로1길"/>
    <tag k="sidewalk" v="both"/>
    <tag k="surface" v="asphalt"/>
  </way>
  <way id="196079109">
    <nd ref="5778529311"/>
    <nd ref="5778529310"/>
    <nd ref="5778529309"/>
    <nd ref="5778529308"/>
    <nd ref="5778529312"/>
    <nd ref="5778529307"/>
    <nd ref="10696279981"/>
    <nd ref="10696279980"/>
    <nd ref="5778529306"/>
    <nd ref="5778529305"/>
    <nd ref="5778529304"/>
    <nd ref="5778529303"/>
    <nd ref="5778529302"/>
    <nd ref="5778529301"/>
    <nd ref="5778529300"/>
    <nd ref="5778529299"/>
    <nd ref="5778529298"/>
    <nd ref="5778529297"/>
    <nd ref="4439079890"/>
    <tag k="cycleway:right" v="separate"/>
    <tag k="highway" v="tertiary"/>
    <tag k="lanes" v="2"/>
    <tag k="name" v="삼청로"/>
    <tag k="name:en" v="Samcheong-ro"/>
    <tag k="name:ja" v="三清路(サムチョンノ)"/>
    <tag k="name:ko" v="삼청로"/>
    <tag k="oneway" v="yes"/>
    <tag k="sidewalk" v="right"/>
    <tag k="surface" v="asphalt"/>
  </way>
  <way id="196079110">
    <nd ref="414685942"/>
    <nd ref="2064459579"/>
    <nd ref="2518221093"/>
    <nd ref="10588603636"/>
    <nd ref="2064459549"/>
    <nd ref="436867527"/>
    <nd ref="2064459556"/>
    <nd ref="4259724199"/>
    <nd ref="436867528"/>
    <tag k="bicycle" v="designated"/>
    <tag k="cycleway:left" v="no"/>
    <tag k="cycleway:right" v="lane"/>
    <tag k="highway" v="primary"/>
    <tag k="lanes" v="3"/>
    <tag k="lit" v="yes"/>
    <tag k="name" v="율곡로"/>
    <tag k="name:en" v="Yulgok-ro"/>
    <tag k="name:ja" v="栗谷路(ユルゴクロ)"/>
    <tag k="name:ko" v="율곡로"/>
    <tag k="oneway" v="yes"/>
    <tag k="sidewalk:left" v="no"/>
    <tag k="sidewalk:right" v="separate"/>
    <tag k="surface" v="asphalt"/>
  </way>
  <way id="198564925">
    <nd ref="1945254603"/>
    <nd ref="2087933375"/>
    <nd ref="2087933460"/>
    <nd ref="9271052099"/>
    <nd ref="2087933377"/>
    <nd ref="11203083992"/>
    <nd ref="11203083983"/>
    <nd ref="11059719419"/>
    <tag k="highway" v="primary"/>
    <tag k="lanes" v="3"/>
    <tag k="maxspeed" v="60"/>
    <tag k="name" v="을지로"/>
    <tag k="name:en" v="Eulji-ro"/>
    <tag k="name:etymology" v="을지문덕"/>
    <tag k="name:etymology:wikidata" v="Q702878"/>
    <tag k="name:etymology:wikipedia" v="ko:을지문덕"/>
    <tag k="name:ja" v="乙支路"/>
    <tag k="name:ko" v="을지로"/>
    <tag k="name:ko-Latn" v="Eulji-ro"/>
    <tag k="name:zh" v="乙支路"/>
    <tag k="oneway" v="yes"/>
    <tag k="surface" v="asphalt"/>
    <tag k="wikidata" v="Q483304"/>
    <tag k="wikipedia" v="ko:을지로"/>
  </way>
  <way id="198564930">
    <nd ref="1945254547"/>
    <nd ref="3692726667"/>
    <nd ref="1945254595"/>
    <tag k="highway" v="primary"/>
    <tag k="lanes" v="3"/>
    <tag k="maxspeed" v="60"/>
    <tag k="name" v="을지로"/>
    <tag k="name:en" v="Eulji-ro"/>
    <tag k="name:etymology" v="을지문덕"/>
    <tag k="name:etymology:wikidata" v="Q702878"/>
    <tag k="name:etymology:wikipedia" v="ko:을지문덕"/>
    <tag k="name:ja" v="乙支路"/>
    <tag k="name:ko" v="을지로"/>
    <tag k="name:ko-Latn" v="Eulji-ro"/>
    <tag k="name:zh" v="乙支路"/>
    <tag k="surface" v="asphalt"/>
    <tag k="wikidata" v="Q483304"/>
    <tag k="wikipedia" v="ko:을지로"/>
  </way>
  <way id="198564931">
    <nd ref="1945254635"/>
    <nd ref="5172891773"/>
    <nd ref="13732389921"/>
    <tag k="highway" v="primary_link"/>
    <tag k="lanes" v="1"/>
    <tag k="oneway" v="yes"/>
    <tag k="surface" v="asphalt"/>
  </way>
  <way id="198564932">
    <nd ref="1945254547"/>
    <nd ref="2086910496"/>
    <nd ref="2086910501"/>
    <nd ref="2086910450"/>
    <nd ref="2086910458"/>
    <nd ref="2086910475"/>
    <nd ref="2086910481"/>
    <nd ref="2086910465"/>
    <nd ref="436856092"/>
    <tag k="cycleway:right" v="no"/>
    <tag k="highway" v="primary"/>
    <tag k="lanes" v="3"/>
    <tag k="lit" v="no"/>
    <tag k="maxspeed" v="60"/>
    <tag k="name" v="을지로"/>
    <tag k="name:en" v="Eulji-ro"/>
    <tag k="name:etymology" v="을지문덕"/>
    <tag k="name:etymology:wikidata" v="Q702878"/>
    <tag k="name:etymology:wikipedia" v="ko:을지문덕"/>
    <tag k="name:ja" v="乙支路"/>
    <tag k="name:ko" v="을지로"/>
    <tag k="name:ko-Latn" v="Eulji-ro"/>
    <tag k="name:zh" v="乙支路"/>
    <tag k="oneway" v="yes"/>
    <tag k="sidewalk" v="right"/>
    <tag k="sidewalk:right:surface" v="paving_stones"/>
    <tag k="surface" v="asphalt"/>
    <tag k="wikidata" v="Q483304"/>
    <tag k="wikipedia" v="ko:을지로"/>
  </way>
  <way id="198564933">
    <nd ref="2086910463"/>
    <nd ref="2086910479"/>
    <nd ref="2086910471"/>
    <nd ref="2086910454"/>
    <nd ref="2086910457"/>
    <nd ref="2086910456"/>
    <nd ref="2086910455"/>
    <nd ref="2086910462"/>
    <nd ref="1945254547"/>
    <tag k="cycleway:right" v="no"/>
    <tag k="highway" v="primary"/>
    <tag k="lanes" v="3"/>
    <tag k="lit" v="no"/>
    <tag k="maxspeed" v="60"/>
    <tag k="name" v="을지로"/>
    <tag k="name:en" v="Eulji-ro"/>
    <tag k="name:etymology" v="을지문덕"/>
    <tag k="name:etymology:wikidata" v="Q702878"/>
    <tag k="name:etymology:wikipedia" v="ko:을지문덕"/>
    <tag k="name:ja" v="乙支路"/>
    <tag k="name:ko" v="을지로"/>
    <tag k="name:ko-Latn" v="Eulji-ro"/>
    <tag k="name:zh" v="乙支路"/>
    <tag k="oneway" v="yes"/>
    <tag k="sidewalk" v="right"/>
    <tag k="sidewalk:right:surface" v="paving_stones"/>
    <tag k="surface" v="asphalt"/>
    <tag k="wikidata" v="Q483304"/>
    <tag k="wikipedia" v="ko:을지로"/>
  </way>
  <way id="198566325">
    <nd ref="2697100729"/>
    <nd ref="12234253856"/>
    <nd ref="12234253885"/>
    <nd ref="1553878346"/>
    <tag k="highway" v="primary"/>
    <tag k="lanes" v="3"/>
    <tag k="maxspeed" v="50"/>
    <tag k="name" v="세종대로"/>
    <tag k="name:en" v="Sejong-daero"/>
    <tag k="name:ja" v="世宗大路"/>
    <tag k="name:ko" v="세종대로"/>
    <tag k="oneway" v="yes"/>
    <tag k="ref" v="31"/>
    <tag k="surface" v="asphalt"/>
    <tag k="wikidata" v="Q623632"/>
    <tag k="wikipedia" v="ko:세종대로"/>
  </way>
  <way id="198691056">
    <nd ref="2087933393"/>
    <nd ref="2087933440"/>
    <nd ref="2087933399"/>
    <nd ref="2087933456"/>
    <nd ref="2087933383"/>
    <tag k="highway" v="residential"/>
    <tag k="name" v="명동2길"/>
    <tag k="name:en" v="Myeongdong 2-gil"/>
    <tag k="name:ja" v="明洞 2キル"/>
    <tag k="name:ko" v="명동2길"/>
    <tag k="oneway" v="yes"/>
  </way>
  <way id="198691066">
    <nd ref="2087933386"/>
    <nd ref="13732389922"/>
    <tag k="highway" v="residential"/>
    <tag k="maxspeed" v="30"/>
    <tag k="maxspeed:type" v="sign"/>
    <tag k="noname" v="yes"/>
  </way>
  <way id="198691070">
    <nd ref="3297761582"/>
    <nd ref="2087933423"/>
    <nd ref="2087933390"/>
    <nd ref="2087933370"/>
    <nd ref="2087933360"/>
    <nd ref="2087933391"/>
    <nd ref="2087933475"/>
    <tag k="highway" v="residential"/>
    <tag k="name" v="명동13길"/>
    <tag k="name:en" v="Myeongdong 13-gil"/>
    <tag k="name:ko" v="명동13길"/>
  </way>
  <way id="198691074">
    <nd ref="2087933452"/>
    <nd ref="9271099954"/>
    <nd ref="9271099955"/>
    <nd ref="2087933475"/>
    <tag k="highway" v="residential"/>
    <tag k="name" v="명동13길"/>
    <tag k="name:en" v="Myeongdong 13-gil"/>
    <tag k="name:ko" v="명동13길"/>
  </way>
  <way id="198691075">
    <nd ref="2087933443"/>
    <nd ref="9271099944"/>
    <nd ref="2087933385"/>
    <nd ref="2087933391"/>
    <tag k="highway" v="residential"/>
  </way>
  <way id="198691078">
    <nd ref="2087933460"/>
    <nd ref="2087933451"/>
    <nd ref="2087933417"/>
    <nd ref="2087933393"/>
    <nd ref="2087933465"/>
    <nd ref="2087933363"/>
    <nd ref="2087933376"/>
    <tag k="highway" v="residential"/>
    <tag k="name" v="명동9길"/>
    <tag k="name:en" v="Myeongdong 9-gil"/>
    <tag k="name:ja" v="明洞 9キル"/>
    <tag k="name:ko" v="명동9길"/>
    <tag k="oneway" v="yes"/>
  </way>
  <way id="198691079">
    <nd ref="2087933375"/>
    <nd ref="2087933386"/>
    <nd ref="2087933467"/>
    <nd ref="2087933380"/>
    <nd ref="2087933365"/>
    <tag k="highway" v="residential"/>
    <tag k="name" v="명동3길"/>
    <tag k="name:en" v="Myeongdong 3-gil"/>
    <tag k="name:ja" v="ミョンドン3(サム)ギル"/>
    <tag k="name:ko" v="명동3길"/>
    <tag k="oneway" v="yes"/>
  </way>
  <way id="198691084">
    <nd ref="2087933386"/>
    <nd ref="2087933417"/>
    <tag k="highway" v="residential"/>
    <tag k="name" v="명동9길"/>
    <tag k="name:en" v="Myeongdong 9-gil"/>
    <tag k="name:ja" v="明洞 9キル"/>
    <tag k="name:ko" v="명동9길"/>
  </way>
  <way id="198691086">
    <nd ref="2087933374"/>
    <nd ref="2087933373"/>
    <nd ref="9320971800"/>
    <nd ref="9320971797"/>
    <nd ref="3217939748"/>
    <nd ref="2087933443"/>
    <nd ref="2087933377"/>
    <tag k="highway" v="residential"/>
    <tag k="name" v="명동11길"/>
    <tag k="name:en" v="Myeongdong 11-gil"/>
    <tag k="name:ko" v="명동11길"/>
  </way>
  <way id="198691089">
    <nd ref="2087933385"/>
    <nd ref="2087933423"/>
    <tag k="highway" v="residential"/>
  </way>
  <way id="215843534">
    <nd ref="2420018379"/>
    <nd ref="2420018386"/>
    <nd ref="5973693851"/>
    <nd ref="2252763467"/>
    <tag k="highway" v="residential"/>
    <tag k="name" v="종로16길"/>
    <tag k="name:en" v="Jong-ro 16-gil"/>
    <tag k="name:ko" v="종로16길"/>
    <tag k="oneway" v="yes"/>
  </way>
  <way id="215843535">
    <nd ref="1945254901"/>
    <nd ref="11189591941"/>
    <nd ref="2420018387"/>
    <nd ref="2420018381"/>
    <nd ref="2420018358"/>
    <nd ref="2420018355"/>
    <nd ref="2420018328"/>
    <nd ref="2252763455"/>
    <tag k="highway" v="tertiary"/>
    <tag k="name" v="수표로"/>
    <tag k="name:en" v="Supyo-ro"/>
    <tag k="name:ja" v="水票路"/>
    <tag k="name:ko" v="수표로"/>
  </way>
  <way id="217514805">
    <nd ref="292395190"/>
    <nd ref="3369594593"/>
    <nd ref="2420018553"/>
    <nd ref="14003678900"/>
    <tag k="highway" v="residential"/>
    <tag k="maxspeed" v="30"/>
    <tag k="maxspeed:type" v="sign"/>
    <tag k="name" v="인사동5길"/>
    <tag k="name:en" v="Insadong 5-gil"/>
    <tag k="name:ja" v="仁寺洞5街(インサドン5(オ)ギル)"/>
    <tag k="name:ko" v="인사동5길"/>
    <tag k="name:zh" v="仁寺洞5街"/>
    <tag k="sidewalk" v="both"/>
    <tag k="smoothness" v="excellent"/>
    <tag k="surface" v="asphalt"/>
  </way>
  <way id="218769254">
    <nd ref="871729555"/>
    <nd ref="436844960"/>
    <nd ref="9066194675"/>
    <nd ref="4202879195"/>
    <nd ref="9038884739"/>
    <nd ref="9038884719"/>
    <tag k="cycleway:left" v="no"/>
    <tag k="cycleway:right" v="lane"/>
    <tag k="highway" v="primary"/>
    <tag k="lanes" v="3"/>
    <tag k="name" v="창경궁로"/>
    <tag k="name:en" v="Changgyeonggung-ro"/>
    <tag k="name:ja" v="昌慶宮路"/>
    <tag k="name:ko" v="창경궁로"/>
    <tag k="name:ko-Latn" v="Changgyeonggung-ro"/>
    <tag k="oneway" v="yes"/>
    <tag k="oneway:bicycle" v="yes"/>
    <tag k="surface" v="asphalt"/>
    <tag k="wikipedia" v="ko:창경궁로"/>
  </way>
  <way id="218769257">
    <nd ref="1945254754"/>
    <nd ref="1945254736"/>
    <tag k="highway" v="primary"/>
    <tag k="lanes" v="2"/>
    <tag k="maxspeed" v="60"/>
    <tag k="name" v="을지로"/>
    <tag k="name:en" v="Eulji-ro"/>
    <tag k="name:etymology" v="을지문덕"/>
    <tag k="name:etymology:wikidata" v="Q702878"/>
    <tag k="name:etymology:wikipedia" v="ko:을지문덕"/>
    <tag k="name:ja" v="乙支路"/>
    <tag k="name:ko" v="을지로"/>
    <tag k="name:ko-Latn" v="Eulji-ro"/>
    <tag k="oneway" v="yes"/>
    <tag k="surface" v="asphalt"/>
    <tag k="wikidata" v="Q483304"/>
    <tag k="wikipedia" v="ko:을지로"/>
  </way>
  <way id="218769267">
    <nd ref="2064459561"/>
    <nd ref="5194567145"/>
    <nd ref="2064459532"/>
    <nd ref="11197972369"/>
    <nd ref="5194567149"/>
    <nd ref="414685942"/>
    <tag k="cycleway:left" v="no"/>
    <tag k="cycleway:right" v="shared_lane"/>
    <tag k="highway" v="primary"/>
    <tag k="lanes" v="3"/>
    <tag k="lit" v="yes"/>
    <tag k="name" v="율곡로"/>
    <tag k="name:en" v="Yulgok-ro"/>
    <tag k="name:ja" v="栗谷路"/>
    <tag k="name:ko" v="율곡로"/>
    <tag k="oneway" v="yes"/>
    <tag k="surface" v="asphalt"/>
  </way>
  <way id="218835937">
    <nd ref="436718751"/>
    <nd ref="5768277865"/>
    <tag k="cycleway:right" v="lane"/>
    <tag k="highway" v="primary"/>
    <tag k="lanes" v="4"/>
    <tag k="maxspeed" v="60"/>
    <tag k="name" v="종로"/>
    <tag k="name:en" v="Jong-ro"/>
    <tag k="name:ja" v="鐘路"/>
    <tag k="name:ko" v="종로"/>
    <tag k="name:ko-Latn" v="Jongno"/>
    <tag k="oneway" v="yes"/>
    <tag k="ref" v="6"/>
    <tag k="surface" v="asphalt"/>
    <tag k="wikidata" v="Q491066"/>
    <tag k="wikipedia" v="ko:종로 (서울)"/>
  </way>
  <way id="218919060">
    <nd ref="1945254893"/>
    <nd ref="2420018398"/>
    <nd ref="11173810855"/>
    <nd ref="1945254891"/>
    <nd ref="436718743"/>
    <nd ref="11173810844"/>
    <nd ref="2420018400"/>
    <nd ref="3112255529"/>
    <nd ref="436718744"/>
    <tag k="cycleway:left" v="no"/>
    <tag k="cycleway:right" v="lane"/>
    <tag k="highway" v="primary"/>
    <tag k="lanes" v="4"/>
    <tag k="maxspeed" v="60"/>
    <tag k="name" v="종로"/>
    <tag k="name:en" v="Jong-ro"/>
    <tag k="name:ja" v="鍾路(チョンノ)"/>
    <tag k="name:ko" v="종로"/>
    <tag k="name:ko-Latn" v="Jongno"/>
    <tag k="oneway" v="yes"/>
    <tag k="ref" v="6"/>
    <tag k="sidewalk" v="right"/>
    <tag k="surface" v="asphalt"/>
    <tag k="wikidata" v="Q491066"/>
    <tag k="wikipedia" v="ko:종로 (서울)"/>
  </way>
  <way id="218923156">
    <nd ref="13732389934"/>
    <nd ref="871729389"/>
    <nd ref="2420018316"/>
    <tag k="highway" v="secondary"/>
    <tag k="lanes" v="8"/>
    <tag k="lanes:backward" v="3"/>
    <tag k="lanes:forward" v="5"/>
    <tag k="name" v="남대문로"/>
    <tag k="name:en" v="Namdaemun-ro"/>
    <tag k="name:ja" v="南大門路"/>
    <tag k="name:ko" v="남대문로"/>
    <tag k="surface" v="asphalt"/>
  </way>
  <way id="218923160">
    <nd ref="1945254595"/>
    <nd ref="6687090852"/>
    <nd ref="6687090859"/>
    <nd ref="6687090862"/>
    <nd ref="1945254596"/>
    <nd ref="5172891771"/>
    <nd ref="436830313"/>
    <tag k="highway" v="primary"/>
    <tag k="lanes" v="3"/>
    <tag k="maxspeed" v="60"/>
    <tag k="name" v="을지로"/>
    <tag k="name:en" v="Eulji-ro"/>
    <tag k="name:etymology" v="을지문덕"/>
    <tag k="name:etymology:wikidata" v="Q702878"/>
    <tag k="name:etymology:wikipedia" v="ko:을지문덕"/>
    <tag k="name:ja" v="乙支路"/>
    <tag k="name:ko" v="을지로"/>
    <tag k="name:ko-Kana" v="ウルチロ"/>
    <tag k="name:zh" v="乙支路"/>
    <tag k="oneway" v="yes"/>
    <tag k="sidewalk:left" v="no"/>
    <tag k="sidewalk:right" v="separate"/>
    <tag k="wikidata" v="Q483304"/>
    <tag k="wikipedia" v="ko:을지로"/>
  </way>
  <way id="218923184">
    <nd ref="436844957"/>
    <nd ref="8488862017"/>
    <tag k="highway" v="primary"/>
    <tag k="lanes" v="3"/>
    <tag k="maxspeed" v="60"/>
    <tag k="name" v="을지로"/>
    <tag k="name:en" v="Eulji-ro"/>
    <tag k="name:etymology" v="을지문덕"/>
    <tag k="name:etymology:wikidata" v="Q702878"/>
    <tag k="name:etymology:wikipedia" v="ko:을지문덕"/>
    <tag k="name:ja" v="乙支路"/>
    <tag k="name:ko" v="을지로"/>
    <tag k="name:ko-Latn" v="Eulji-ro"/>
    <tag k="oneway" v="yes"/>
    <tag k="surface" v="asphalt"/>
    <tag k="wikidata" v="Q483304"/>
    <tag k="wikipedia" v="ko:을지로"/>
  </way>
  <way id="218923188">
    <nd ref="1945254624"/>
    <nd ref="5172891770"/>
    <nd ref="1945254621"/>
    <nd ref="2420018288"/>
    <nd ref="9249769511"/>
    <nd ref="9249769496"/>
    <nd ref="436842118"/>
    <tag k="highway" v="primary"/>
    <tag k="lanes" v="3"/>
    <tag k="maxspeed" v="60"/>
    <tag k="name" v="을지로"/>
    <tag k="name:en" v="Eulji-ro"/>
    <tag k="name:etymology" v="을지문덕"/>
    <tag k="name:etymology:wikidata" v="Q702878"/>
    <tag k="name:etymology:wikipedia" v="ko:을지문덕"/>
    <tag k="name:ja" v="乙支路"/>
    <tag k="name:ko" v="을지로"/>
    <tag k="name:ko-Kana" v="ウルチロ"/>
    <tag k="name:zh" v="乙支路"/>
    <tag k="oneway" v="yes"/>
    <tag k="wikidata" v="Q483304"/>
    <tag k="wikipedia" v="ko:을지로"/>
  </way>
  <way id="218924602">
    <nd ref="4203161539"/>
    <nd ref="3063260456"/>
    <nd ref="4203227039"/>
    <nd ref="1815458102"/>
    <nd ref="12197706527"/>
    <nd ref="7166355112"/>
    <nd ref="871804259"/>
    <nd ref="6632070612"/>
    <nd ref="5913832738"/>
    <nd ref="6632070611"/>
    <nd ref="1691642790"/>
    <nd ref="6632070607"/>
    <nd ref="4203244003"/>
    <nd ref="1815457878"/>
    <nd ref="13133112761"/>
    <nd ref="871729555"/>
    <tag k="bicycle" v="designated"/>
    <tag k="cycleway:left" v="track"/>
    <tag k="highway" v="primary"/>
    <tag k="lanes" v="2"/>
    <tag k="name" v="청계천로"/>
    <tag k="name:en" v="Cheonggyecheon-ro"/>
    <tag k="name:ja" v="清渓川路"/>
    <tag k="name:ko" v="청계천로"/>
    <tag k="name:ko-Latn" v="Cheonggyecheon-ro"/>
    <tag k="name:zh" v="清溪川路"/>
    <tag k="oneway" v="yes"/>
    <tag k="oneway:bicycle" v="yes"/>
    <tag k="surface" v="asphalt"/>
  </way>
  <way id="218974501">
    <nd ref="11059719419"/>
    <nd ref="7311080415"/>
    <tag k="highway" v="primary"/>
    <tag k="lanes" v="3"/>
    <tag k="maxspeed" v="60"/>
    <tag k="name" v="을지로"/>
    <tag k="name:en" v="Eulji-ro"/>
    <tag k="name:etymology" v="을지문덕"/>
    <tag k="name:etymology:wikidata" v="Q702878"/>
    <tag k="name:etymology:wikipedia" v="ko:을지문덕"/>
    <tag k="name:ja" v="乙支路"/>
    <tag k="name:ko" v="을지로"/>
    <tag k="name:ko-Latn" v="Eulji-ro"/>
    <tag k="name:zh" v="乙支路"/>
    <tag k="oneway" v="yes"/>
    <tag k="surface" v="asphalt"/>
    <tag k="wikidata" v="Q483304"/>
    <tag k="wikipedia" v="ko:을지로"/>
  </way>
  <way id="218974504">
    <nd ref="414685871"/>
    <nd ref="11203083984"/>
    <nd ref="11203083991"/>
    <nd ref="2420018290"/>
    <nd ref="2420018289"/>
    <nd ref="1945254635"/>
    <nd ref="5172891769"/>
    <nd ref="13732389935"/>
    <tag k="highway" v="primary"/>
    <tag k="lanes" v="3"/>
    <tag k="maxspeed" v="60"/>
    <tag k="name" v="을지로"/>
    <tag k="name:en" v="Eulji-ro"/>
    <tag k="name:etymology" v="을지문덕"/>
    <tag k="name:etymology:wikidata" v="Q702878"/>
    <tag k="name:etymology:wikipedia" v="ko:을지문덕"/>
    <tag k="name:ja" v="乙支路"/>
    <tag k="name:ko" v="을지로"/>
    <tag k="name:ko-Latn" v="Eulji-ro"/>
    <tag k="name:zh" v="乙支路"/>
    <tag k="oneway" v="yes"/>
    <tag k="surface" v="asphalt"/>
    <tag k="wikidata" v="Q483304"/>
    <tag k="wikipedia" v="ko:을지로"/>
  </way>
  <way id="219053199">
    <nd ref="13965175682"/>
    <nd ref="1945254936"/>
    <nd ref="2420018460"/>
    <nd ref="9213551338"/>
    <nd ref="2420018519"/>
    <nd ref="5015675996"/>
    <tag k="cycleway" v="shared_lane"/>
    <tag k="highway" v="secondary"/>
    <tag k="maxspeed" v="50"/>
    <tag k="maxspeed:type" v="sign"/>
    <tag k="name" v="우정국로"/>
    <tag k="name:en" v="Ujeongguk-ro"/>
    <tag k="name:ja" v="郵征局路(ウジョングクロ)"/>
    <tag k="name:ko" v="우정국로"/>
    <tag k="name:ko-Latn" v="Ujeonggungno"/>
    <tag k="sidewalk" v="both"/>
    <tag k="surface" v="asphalt"/>
  </way>
  <way id="219053200">
    <nd ref="1945254921"/>
    <nd ref="12234253884"/>
    <nd ref="12234253865"/>
    <nd ref="414683338"/>
    <tag k="highway" v="primary"/>
    <tag k="lanes" v="4"/>
    <tag k="lit" v="yes"/>
    <tag k="maxspeed" v="50"/>
    <tag k="name" v="세종대로"/>
    <tag k="name:en" v="Sejong-daero"/>
    <tag k="name:ko" v="세종대로"/>
    <tag k="name:ko-Latn" v="Sejong-daero"/>
    <tag k="oneway" v="yes"/>
    <tag k="ref" v="31"/>
    <tag k="surface" v="asphalt"/>
    <tag k="wikidata" v="Q623632"/>
    <tag k="wikipedia" v="ko:세종대로"/>
  </way>
  <way id="219053201">
    <nd ref="1553878346"/>
    <nd ref="1945254921"/>
    <tag k="highway" v="primary"/>
    <tag k="lanes" v="4"/>
    <tag k="maxspeed" v="60"/>
    <tag k="name" v="새문안로"/>
    <tag k="name:en" v="Saemunan-ro"/>
    <tag k="name:ko" v="새문안로"/>
    <tag k="name:ko-Latn" v="Saemunan-ro"/>
    <tag k="oneway" v="yes"/>
    <tag k="ref" v="6"/>
    <tag k="review" v="no"/>
    <tag k="source" v="Bing"/>
    <tag k="surface" v="asphalt"/>
  </way>
  <way id="219096264">
    <nd ref="5172891768"/>
    <nd ref="1945254603"/>
    <tag k="highway" v="primary"/>
    <tag k="lanes" v="3"/>
    <tag k="maxspeed" v="60"/>
    <tag k="name" v="을지로"/>
    <tag k="name:en" v="Eulji-ro"/>
    <tag k="name:etymology" v="을지문덕"/>
    <tag k="name:etymology:wikidata" v="Q702878"/>
    <tag k="name:etymology:wikipedia" v="ko:을지문덕"/>
    <tag k="name:ja" v="乙支路"/>
    <tag k="name:ko" v="을지로"/>
    <tag k="name:ko-Latn" v="Eulji-ro"/>
    <tag k="name:zh" v="乙支路"/>
    <tag k="oneway" v="yes"/>
    <tag k="surface" v="asphalt"/>
    <tag k="wikidata" v="Q483304"/>
    <tag k="wikipedia" v="ko:을지로"/>
  </way>
  <way id="219096265">
    <nd ref="436830313"/>
    <nd ref="5172891767"/>
    <nd ref="1945254561"/>
    <tag k="highway" v="secondary"/>
    <tag k="lane_markings" v="yes"/>
    <tag k="lanes" v="4"/>
    <tag k="name" v="남대문로"/>
    <tag k="name:en" v="Namdaemun-ro"/>
    <tag k="name:ko" v="남대문로"/>
    <tag k="oneway" v="yes"/>
    <tag k="surface" v="asphalt"/>
  </way>
  <way id="219126035">
    <nd ref="1945254754"/>
    <nd ref="436844957"/>
    <tag k="cycleway:left" v="no"/>
    <tag k="cycleway:right" v="lane"/>
    <tag k="highway" v="primary"/>
    <tag k="lane_markings" v="yes"/>
    <tag k="name" v="창경궁로"/>
    <tag k="name:en" v="Changgyeonggung-ro"/>
    <tag k="name:ja" v="昌慶宮路"/>
    <tag k="name:ko" v="창경궁로"/>
    <tag k="name:ko-Latn" v="Changgyeonggung-ro"/>
    <tag k="oneway" v="yes"/>
    <tag k="oneway:bicycle" v="yes"/>
    <tag k="surface" v="asphalt"/>
  </way>
  <way id="219696192">
    <nd ref="414685366"/>
    <nd ref="7168615338"/>
    <nd ref="7171445599"/>
    <nd ref="7418954037"/>
    <nd ref="7206317684"/>
    <nd ref="4203161537"/>
    <nd ref="4203161556"/>
    <nd ref="11784695807"/>
    <nd ref="11784695808"/>
    <nd ref="2285187695"/>
    <nd ref="436836933"/>
    <nd ref="4203161546"/>
    <nd ref="1813641482"/>
    <tag k="highway" v="secondary"/>
    <tag k="lane_markings" v="yes"/>
    <tag k="name" v="충무로"/>
    <tag k="name:en" v="Chungmu-ro"/>
    <tag k="name:ja" v="忠武路"/>
    <tag k="name:ja-Hira" v="チュンムロ"/>
    <tag k="name:ko" v="충무로"/>
    <tag k="oneway" v="yes"/>
    <tag k="surface" v="asphalt"/>
  </way>
  <way id="219745508">
    <nd ref="1945255009"/>
    <nd ref="12234274123"/>
    <nd ref="12234274117"/>
    <nd ref="11212130970"/>
    <tag k="highway" v="primary"/>
    <tag k="lanes" v="4"/>
    <tag k="name" v="창경궁로"/>
    <tag k="name:en" v="Changgyeonggung-ro"/>
    <tag k="name:ja" v="昌慶宮路"/>
    <tag k="name:ko" v="창경궁로"/>
    <tag k="name:ko-Latn" v="Changgyeonggung-ro"/>
    <tag k="oneway" v="yes"/>
    <tag k="surface" v="asphalt"/>
  </way>
  <way id="219747865">
    <nd ref="1553878346"/>
    <nd ref="5194567161"/>
    <nd ref="2429209311"/>
    <tag k="bicycle" v="designated"/>
    <tag k="cycleway:right" v="shared_lane"/>
    <tag k="highway" v="primary"/>
    <tag k="lanes" v="3"/>
    <tag k="maxspeed" v="50"/>
    <tag k="name" v="세종대로"/>
    <tag k="name:en" v="Sejong-daero"/>
    <tag k="name:ja" v="世宗大路"/>
    <tag k="name:ko" v="세종대로"/>
    <tag k="name:zh" v="世宗大路"/>
    <tag k="oneway" v="yes"/>
    <tag k="ref" v="48;31"/>
    <tag k="surface" v="asphalt"/>
    <tag k="wikidata" v="Q623632"/>
    <tag k="wikipedia" v="ko:세종대로"/>
  </way>
  <way id="219747866">
    <nd ref="11050691924"/>
    <nd ref="11197929745"/>
    <nd ref="11197929753"/>
    <nd ref="1553878346"/>
    <tag k="highway" v="primary"/>
    <tag k="lanes" v="4"/>
    <tag k="maxspeed" v="60"/>
    <tag k="name" v="종로"/>
    <tag k="name:en" v="Jong-ro"/>
    <tag k="name:ja" v="鐘路"/>
    <tag k="name:ko" v="종로"/>
    <tag k="name:ko-Latn" v="Jongno"/>
    <tag k="oneway" v="yes"/>
    <tag k="ref" v="6"/>
    <tag k="surface" v="asphalt"/>
    <tag k="wikidata" v="Q491066"/>
    <tag k="wikipedia" v="ko:종로 (서울)"/>
  </way>
  <way id="220027347">
    <nd ref="7068953101"/>
    <nd ref="3514148793"/>
    <nd ref="2420018409"/>
    <nd ref="436718748"/>
    <nd ref="11175869501"/>
    <nd ref="8298998753"/>
    <nd ref="8298998754"/>
    <nd ref="1815458113"/>
    <tag k="cycleway:left" v="no"/>
    <tag k="cycleway:right" v="lane"/>
    <tag k="highway" v="primary"/>
    <tag k="lanes" v="4"/>
    <tag k="maxspeed" v="60"/>
    <tag k="name" v="종로"/>
    <tag k="name:en" v="Jong-ro"/>
    <tag k="name:ja" v="鍾路"/>
    <tag k="name:ko" v="종로"/>
    <tag k="name:ko-Latn" v="Jongno"/>
    <tag k="oneway" v="yes"/>
    <tag k="ref" v="6"/>
    <tag k="sidewalk:left" v="no"/>
    <tag k="sidewalk:right" v="separate"/>
    <tag k="surface" v="asphalt"/>
    <tag k="wikidata" v="Q491066"/>
    <tag k="wikipedia" v="ko:종로 (서울)"/>
  </way>
  <way id="220058587">
    <nd ref="414683338"/>
    <nd ref="2697100729"/>
    <tag k="highway" v="primary"/>
    <tag k="lanes" v="4"/>
    <tag k="maxspeed" v="60"/>
    <tag k="name" v="새문안로"/>
    <tag k="name:en" v="Saemunan-ro"/>
    <tag k="name:ko" v="새문안로"/>
    <tag k="name:ko-Latn" v="Saemunan-ro"/>
    <tag k="oneway" v="yes"/>
    <tag k="ref" v="6"/>
    <tag k="surface" v="asphalt"/>
  </way>
  <way id="221974027">
    <nd ref="2756128240"/>
    <nd ref="10211469413"/>
    <nd ref="436851878"/>
    <nd ref="2449052340"/>
    <tag k="highway" v="residential"/>
    <tag k="lit" v="yes"/>
    <tag k="name" v="종로1길"/>
    <tag k="name:en" v="Jong-ro 1-gil"/>
    <tag k="name:ko" v="종로1길"/>
  </way>
  <way id="221974028">
    <nd ref="2309502779"/>
    <nd ref="2309502780"/>
    <nd ref="2756128257"/>
    <nd ref="2756128259"/>
    <nd ref="8952748175"/>
    <nd ref="2756128240"/>
    <nd ref="2756128244"/>
    <nd ref="8952748176"/>
    <nd ref="2309502784"/>
    <nd ref="2309502785"/>
    <nd ref="2309502786"/>
    <nd ref="2756128247"/>
    <nd ref="2756128249"/>
    <nd ref="2756128251"/>
    <nd ref="2309502787"/>
    <nd ref="2309502778"/>
    <nd ref="2756128253"/>
    <nd ref="2756128255"/>
    <nd ref="2064459577"/>
    <nd ref="2309502779"/>
    <tag k="highway" v="residential"/>
    <tag k="name" v="삼봉로"/>
    <tag k="name:en" v="Sambong-ro"/>
    <tag k="name:ko" v="삼봉로"/>
    <tag k="oneway" v="yes"/>
  </way>
  <way id="221974029">
    <nd ref="2309502788"/>
    <nd ref="9935096228"/>
    <nd ref="2309502784"/>
    <tag k="highway" v="residential"/>
    <tag k="maxspeed" v="30"/>
    <tag k="maxspeed:type" v="sign"/>
    <tag k="name" v="삼봉로"/>
    <tag k="name:en" v="Sambong-ro"/>
    <tag k="name:ko" v="삼봉로"/>
    <tag k="sidewalk" v="both"/>
    <tag k="smoothness" v="excellent"/>
    <tag k="surface" v="asphalt"/>
  </way>
  <way id="221974031">
    <nd ref="436851872"/>
    <nd ref="11256354502"/>
    <nd ref="4439016710"/>
    <nd ref="4439763817"/>
    <nd ref="4439093129"/>
    <nd ref="2309502793"/>
    <tag k="highway" v="residential"/>
    <tag k="name" v="종로5길"/>
    <tag k="name:en" v="Jong-ro 5-gil"/>
    <tag k="name:ko" v="종로5길"/>
  </way>
  <way id="221974032">
    <nd ref="2309502793"/>
    <nd ref="4439016738"/>
    <nd ref="2449052348"/>
    <tag k="highway" v="tertiary_link"/>
    <tag k="lanes" v="1"/>
    <tag k="name" v="종로5길"/>
    <tag k="name:en" v="Jong-ro 5-gil"/>
    <tag k="name:ko" v="종로5길"/>
    <tag k="oneway" v="yes"/>
    <tag k="surface" v="asphalt"/>
  </way>
  <way id="221975141">
    <nd ref="4439763831"/>
    <nd ref="2309513976"/>
    <nd ref="2309513942"/>
    <tag k="highway" v="secondary_link"/>
    <tag k="name" v="우정국로"/>
    <tag k="name:en" v="Ujeongguk-ro"/>
    <tag k="name:ja" v="郵征局路"/>
    <tag k="name:ko" v="우정국로"/>
    <tag k="oneway" v="yes"/>
    <tag k="surface" v="asphalt"/>
  </way>
  <way id="221975143">
    <nd ref="2309513944"/>
    <nd ref="2309513946"/>
    <nd ref="2309513948"/>
    <nd ref="2309513952"/>
    <nd ref="2309513954"/>
    <nd ref="5359231190"/>
    <nd ref="2420018496"/>
    <nd ref="2420018523"/>
    <nd ref="2309513956"/>
    <nd ref="5359230961"/>
    <nd ref="436851872"/>
    <tag k="highway" v="residential"/>
    <tag k="name" v="종로5길"/>
    <tag k="name:en" v="Jong-ro 5-gil"/>
    <tag k="name:ko" v="종로5길"/>
  </way>
  <way id="221977892">
    <nd ref="2309564056"/>
    <nd ref="3612391639"/>
    <nd ref="3612391648"/>
    <nd ref="10962258467"/>
    <nd ref="5357052116"/>
    <nd ref="2309564061"/>
    <nd ref="2309564062"/>
    <tag k="highway" v="residential"/>
    <tag k="maxspeed" v="30"/>
    <tag k="maxspeed:type" v="sign"/>
    <tag k="name" v="인사동10길"/>
    <tag k="name:en" v="Insadong 10-gil"/>
    <tag k="name:ja" v="仁寺洞 10キル"/>
    <tag k="name:ko" v="인사동10길"/>
    <tag k="source:name" v="survey"/>
  </way>
  <way id="223435053">
    <nd ref="1815458048"/>
    <nd ref="10301625587"/>
    <nd ref="10301625596"/>
    <nd ref="7062635490"/>
    <nd ref="436874001"/>
    <tag k="highway" v="tertiary"/>
    <tag k="name" v="김상옥로"/>
    <tag k="name:en" v="Gimsangok-ro"/>
    <tag k="name:ko" v="김상옥로"/>
  </way>
  <way id="223435055">
    <nd ref="2323328016"/>
    <nd ref="4170039974"/>
    <nd ref="2323328017"/>
    <nd ref="4170039982"/>
    <nd ref="3844548540"/>
    <nd ref="2323328018"/>
    <nd ref="3844548524"/>
    <nd ref="2323328019"/>
    <nd ref="2323328020"/>
    <nd ref="3844548676"/>
    <nd ref="2323328021"/>
    <nd ref="3844548681"/>
    <nd ref="3844548682"/>
    <nd ref="2323328022"/>
    <tag k="highway" v="residential"/>
    <tag k="name" v="창경궁로16길"/>
    <tag k="name:en" v="Changgyeonggung-ro 16-gil"/>
    <tag k="name:ko" v="창경궁로16길"/>
  </way>
  <way id="228795467">
    <nd ref="8486350166"/>
    <nd ref="2374692802"/>
    <nd ref="9320971893"/>
    <nd ref="2374692766"/>
    <tag k="highway" v="residential"/>
    <tag k="name" v="삼일대로12길"/>
    <tag k="name:en" v="Samil-daero 12-gil"/>
    <tag k="name:ko" v="삼일대로12길"/>
  </way>
  <way id="228795468">
    <nd ref="2374692785"/>
    <nd ref="2374692765"/>
    <nd ref="2374692813"/>
    <nd ref="2374692788"/>
    <nd ref="2374692767"/>
    <nd ref="2374692783"/>
    <tag k="highway" v="residential"/>
    <tag k="maxspeed" v="30"/>
    <tag k="maxspeed:type" v="sign"/>
    <tag k="name" v="을지로11길"/>
    <tag k="name:en" v="Eulji-ro 11-gil"/>
    <tag k="name:ko" v="을지로11길"/>
  </way>
  <way id="228795475">
    <nd ref="2374692813"/>
    <nd ref="2374692800"/>
    <nd ref="13460281889"/>
    <nd ref="13460281890"/>
    <nd ref="13460281892"/>
    <nd ref="13460281891"/>
    <nd ref="2374692808"/>
    <tag k="highway" v="residential"/>
    <tag k="name" v="충무로11길"/>
    <tag k="name:en" v="Chungmu-ro 11-gil"/>
    <tag k="name:ko" v="충무로11길"/>
  </way>
  <way id="228795478">
    <nd ref="2374692776"/>
    <nd ref="2420018306"/>
    <nd ref="2374692772"/>
    <nd ref="8486350168"/>
    <tag k="highway" v="residential"/>
    <tag k="name" v="을지로9길"/>
    <tag k="name:en" v="Eulji-ro 9-gil"/>
    <tag k="name:ko" v="을지로9길"/>
  </way>
  <way id="228795480">
    <nd ref="2374692761"/>
    <nd ref="2374692805"/>
    <nd ref="2374692764"/>
    <tag k="highway" v="residential"/>
    <tag k="name" v="충무로9길"/>
    <tag k="name:en" v="Chungmu-ro 9-gil"/>
    <tag k="name:ko" v="충무로9길"/>
  </way>
  <way id="228795481">
    <nd ref="2374692808"/>
    <nd ref="2374692809"/>
    <nd ref="2374692777"/>
    <tag k="highway" v="residential"/>
    <tag k="name" v="을지로13길"/>
    <tag k="name:en" v="Eulji-ro 13-gil"/>
    <tag k="name:ko" v="을지로13길"/>
  </way>
  <way id="228795483">
    <nd ref="566588290"/>
    <nd ref="436867766"/>
    <tag k="highway" v="residential"/>
    <tag k="name" v="을지로12길"/>
    <tag k="name:en" v="Eulji-ro 12-gil"/>
    <tag k="name:ko" v="을지로12길"/>
  </way>
  <way id="228795484">
    <nd ref="1945254823"/>
    <nd ref="2374692764"/>
    <nd ref="2374692767"/>
    <tag k="highway" v="residential"/>
    <tag k="name" v="수표로"/>
    <tag k="name:en" v="Supyo-ro"/>
    <tag k="name:ko" v="수표로"/>
  </way>
  <way id="229026909">
    <nd ref="2376659677"/>
    <nd ref="10300422176"/>
    <nd ref="2376659672"/>
    <tag k="highway" v="residential"/>
    <tag k="name" v="창경궁로"/>
    <tag k="name:en" v="Changgyeonggung-ro"/>
    <tag k="name:ko" v="창경궁로"/>
    <tag k="surface" v="asphalt"/>
  </way>
  <way id="229026912">
    <nd ref="2376659695"/>
    <nd ref="10300422193"/>
    <nd ref="8299072702"/>
    <nd ref="3844547100"/>
    <nd ref="2376659675"/>
    <nd ref="3844547118"/>
    <nd ref="4168666897"/>
    <nd ref="3844547137"/>
    <nd ref="3844547139"/>
    <nd ref="3844547140"/>
    <nd ref="4170039971"/>
    <nd ref="2376659677"/>
    <nd ref="2376659667"/>
    <nd ref="4168666906"/>
    <nd ref="2376659669"/>
    <tag k="highway" v="residential"/>
    <tag k="name" v="종로31길"/>
    <tag k="name:en" v="Jong-ro 31-gil"/>
    <tag k="name:ko" v="종로31길"/>
  </way>
  <way id="233526453">
    <nd ref="8486350180"/>
    <nd ref="4198116848"/>
    <nd ref="4198108266"/>
    <nd ref="2419011992"/>
    <nd ref="4198108253"/>
    <nd ref="2419011993"/>
    <nd ref="4198116847"/>
    <nd ref="12157549802"/>
    <nd ref="2419011994"/>
    <nd ref="2419011995"/>
    <tag k="highway" v="residential"/>
    <tag k="name" v="삼일대로32길"/>
    <tag k="name:en" v="Samil-daero 32-gil"/>
    <tag k="name:ko" v="삼일대로32길"/>
  </way>
  <way id="233526454">
    <nd ref="4197546881"/>
    <nd ref="2419011997"/>
    <nd ref="10608914896"/>
    <nd ref="2419011998"/>
    <nd ref="4197546884"/>
    <nd ref="2419012000"/>
    <nd ref="2419012001"/>
    <nd ref="2419011996"/>
    <nd ref="2419012002"/>
    <nd ref="2419012004"/>
    <nd ref="2419012006"/>
    <nd ref="11256132323"/>
    <nd ref="13957971695"/>
    <nd ref="2419012008"/>
    <nd ref="4694626999"/>
    <nd ref="2419012009"/>
    <tag k="highway" v="residential"/>
    <tag k="name" v="서순라길"/>
    <tag k="name:en" v="Seosulla-gil"/>
    <tag k="name:ja" v="西巡邏ギル"/>
    <tag k="name:ko" v="서순라길"/>
  </way>
  <way id="233651263">
    <nd ref="2420018407"/>
    <nd ref="5973693853"/>
    <nd ref="2420018389"/>
    <tag k="highway" v="residential"/>
    <tag k="noname" v="yes"/>
  </way>
  <way id="233651264">
    <nd ref="1949249840"/>
    <nd ref="7174127140"/>
    <nd ref="2420018576"/>
    <nd ref="2420018577"/>
    <tag k="highway" v="residential"/>
    <tag k="name" v="삼일대로28길"/>
    <tag k="name:en" v="Samil-daero 28-gil"/>
    <tag k="name:ko" v="삼일대로28길"/>
  </way>
  <way id="233651265">
    <nd ref="2420018562"/>
    <nd ref="2420018563"/>
    <tag k="highway" v="residential"/>
    <tag k="name" v="돈화문로11나길"/>
    <tag k="name:en" v="Donhwamun-ro 11na-gil"/>
    <tag k="name:ko" v="돈화문로11나길"/>
  </way>
  <way id="233651269">
    <nd ref="2420018312"/>
    <nd ref="2420018308"/>
    <tag k="highway" v="residential"/>
    <tag k="name" v="다동길"/>
    <tag k="name:en" v="Dadong-gil"/>
    <tag k="name:ko" v="다동길"/>
  </way>
  <way id="233651270">
    <nd ref="2420018399"/>
    <nd ref="5973693844"/>
    <nd ref="4960162831"/>
    <nd ref="2420018350"/>
    <tag k="highway" v="residential"/>
    <tag k="lanes" v="2"/>
    <tag k="maxspeed" v="30"/>
    <tag k="maxspeed:type" v="sign"/>
    <tag k="name" v="종로"/>
    <tag k="name:en" v="Jong-ro"/>
    <tag k="name:ko" v="종로"/>
    <tag k="surface" v="asphalt"/>
  </way>
  <way id="233651273">
    <nd ref="2420018359"/>
    <nd ref="1815457991"/>
    <tag k="cycleway:both" v="no"/>
    <tag k="highway" v="residential"/>
    <tag k="name" v="돈화문로"/>
    <tag k="name:en" v="Donhwamun-ro"/>
    <tag k="name:ko" v="돈화문로"/>
    <tag k="sidewalk" v="no"/>
    <tag k="surface" v="asphalt"/>
  </way>
  <way id="233651275">
    <nd ref="2420018317"/>
    <nd ref="2420018306"/>
    <tag k="highway" v="residential"/>
    <tag k="name" v="청계천로"/>
    <tag k="name:en" v="Cheonggyecheon-ro"/>
    <tag k="name:ko" v="청계천로"/>
  </way>
  <way id="233651280">
    <nd ref="2420018318"/>
    <nd ref="13931631853"/>
    <nd ref="415153889"/>
    <nd ref="14072530454"/>
    <nd ref="2420018297"/>
    <nd ref="2420018290"/>
    <tag k="highway" v="residential"/>
    <tag k="maxspeed" v="30"/>
    <tag k="maxspeed:type" v="sign"/>
    <tag k="name" v="을지로7길"/>
    <tag k="name:en" v="Eulji-ro 7-gil"/>
    <tag k="name:ja" v="乙支路 7キル"/>
    <tag k="name:ko" v="을지로7길"/>
  </way>
  <way id="233651284">
    <nd ref="2420018289"/>
    <nd ref="2420018296"/>
    <nd ref="13931631844"/>
    <nd ref="14072530457"/>
    <nd ref="13931631843"/>
    <nd ref="13931631851"/>
    <nd ref="13931631852"/>
    <nd ref="13931631845"/>
    <nd ref="2420018311"/>
    <tag k="highway" v="residential"/>
    <tag k="maxspeed" v="30"/>
    <tag k="maxspeed:type" v="sign"/>
    <tag k="name" v="을지로5길"/>
    <tag k="name:en" v="Eulji-ro 5-gil"/>
    <tag k="name:ja" v="乙支路 5キル"/>
    <tag k="name:ko" v="을지로5길"/>
  </way>
  <way id="233651288">
    <nd ref="2420018296"/>
    <nd ref="2420018297"/>
    <nd ref="9271052092"/>
    <tag k="highway" v="residential"/>
    <tag k="maxspeed" v="30"/>
    <tag k="maxspeed:type" v="sign"/>
    <tag k="name" v="삼일대로13길"/>
    <tag k="name:en" v="Samil-daero 13-gil"/>
    <tag k="name:ko" v="삼일대로13길"/>
  </way>
  <way id="233651289">
    <nd ref="2420018338"/>
    <nd ref="2420018336"/>
    <nd ref="2420018335"/>
    <tag k="highway" v="residential"/>
    <tag k="name" v="삼일대로15길"/>
    <tag k="name:en" v="Samil-daero 15-gil"/>
    <tag k="name:ko" v="삼일대로15길"/>
  </way>
  <way id="233651294">
    <nd ref="2420018442"/>
    <nd ref="11280514333"/>
    <nd ref="11280514352"/>
    <nd ref="2420018475"/>
    <nd ref="2523185916"/>
    <nd ref="4198116873"/>
    <nd ref="1949263667"/>
    <tag k="highway" v="residential"/>
    <tag k="name" v="돈화문로5가길"/>
    <tag k="name:en" v="Donhwamun-ro 5ga-gil"/>
    <tag k="name:ja" v="敦化門路 5カ-キル"/>
    <tag k="name:ko" v="돈화문로5가길"/>
  </way>
  <way id="233651296">
    <nd ref="2420018398"/>
    <nd ref="5973693847"/>
    <nd ref="3613977953"/>
    <nd ref="2420018374"/>
    <tag k="highway" v="residential"/>
    <tag k="name" v="종로8길"/>
    <tag k="name:en" v="Jong-ro 8-gil"/>
    <tag k="name:ko" v="종로8길"/>
    <tag k="surface" v="asphalt"/>
  </way>
  <way id="233651300">
    <nd ref="2420018356"/>
    <nd ref="11233010329"/>
    <nd ref="3614168279"/>
    <nd ref="11233010320"/>
    <nd ref="2420018353"/>
    <nd ref="2420018352"/>
    <nd ref="2420018351"/>
    <tag k="highway" v="residential"/>
    <tag k="name" v="삼일대로17길"/>
    <tag k="name:en" v="Samil-daero 17-gil"/>
    <tag k="name:ko" v="삼일대로17길"/>
  </way>
  <way id="233651310">
    <nd ref="2420018547"/>
    <nd ref="7295777589"/>
    <nd ref="7174127144"/>
    <nd ref="2420018555"/>
    <nd ref="2420018560"/>
    <nd ref="2420018563"/>
    <tag k="highway" v="residential"/>
    <tag k="name" v="돈화문로11다길"/>
    <tag k="name:en" v="Donhwamun-ro 11da-gil"/>
    <tag k="name:ko" v="돈화문로11다길"/>
    <tag k="surface" v="asphalt"/>
  </way>
  <way id="233651313">
    <nd ref="2420018523"/>
    <nd ref="2420018529"/>
    <nd ref="11263731534"/>
    <nd ref="2420018533"/>
    <nd ref="2420018534"/>
    <nd ref="2420018539"/>
    <tag k="highway" v="residential"/>
    <tag k="name" v="종로5길"/>
    <tag k="name:en" v="Jong-ro 5-gil"/>
    <tag k="name:ko" v="종로5길"/>
  </way>
  <way id="233651317">
    <nd ref="2420018302"/>
    <nd ref="9249769119"/>
    <nd ref="2420018310"/>
    <nd ref="2420018314"/>
    <nd ref="9249769394"/>
    <nd ref="9249769392"/>
    <nd ref="11233115485"/>
    <nd ref="2420018339"/>
    <tag k="highway" v="residential"/>
    <tag k="name" v="을지로1길"/>
    <tag k="name:en" v="Eulji-ro 1-gil"/>
    <tag k="name:ja" v="乙支路 1キル"/>
    <tag k="name:ko" v="을지로1길"/>
  </way>
  <way id="233651324">
    <nd ref="2420018313"/>
    <nd ref="2420018314"/>
    <nd ref="2420018312"/>
    <nd ref="2420018315"/>
    <nd ref="4960120585"/>
    <nd ref="9249769184"/>
    <nd ref="2420018319"/>
    <nd ref="11233115502"/>
    <tag k="highway" v="residential"/>
    <tag k="name" v="다동길"/>
    <tag k="name:en" v="Dadong-gil"/>
    <tag k="name:ko" v="다동길"/>
  </way>
  <way id="233651326">
    <nd ref="13732389910"/>
    <nd ref="2420018299"/>
    <nd ref="13732389909"/>
    <nd ref="9249769637"/>
    <nd ref="2420018305"/>
    <nd ref="9249769640"/>
    <nd ref="2420018309"/>
    <nd ref="13931631849"/>
    <nd ref="13931631848"/>
    <nd ref="13931631847"/>
    <nd ref="13931631846"/>
    <nd ref="13931631850"/>
    <nd ref="2420018311"/>
    <tag k="highway" v="residential"/>
    <tag k="maxspeed" v="30"/>
    <tag k="maxspeed:type" v="sign"/>
    <tag k="name" v="남대문로10길"/>
    <tag k="name:en" v="Namdaemun-ro 10-gil"/>
    <tag k="name:ja" v="南大門路 10キル"/>
    <tag k="name:ko" v="남대문로10길"/>
  </way>
  <way id="233651327">
    <nd ref="2420018333"/>
    <nd ref="11233115532"/>
    <nd ref="2463586333"/>
    <nd ref="2420018315"/>
    <nd ref="9249769174"/>
    <nd ref="2420018307"/>
    <nd ref="9249769170"/>
    <nd ref="9249769323"/>
    <tag k="highway" v="residential"/>
    <tag k="name" v="을지로3길"/>
    <tag k="name:en" v="Eulji-ro 3-gil"/>
    <tag k="name:ja" v="乙支路 3キル"/>
    <tag k="name:ko" v="을지로3길"/>
  </way>
  <way id="233651328">
    <nd ref="2420018355"/>
    <nd ref="2420018366"/>
    <nd ref="11280741278"/>
    <nd ref="3792055882"/>
    <nd ref="2420018362"/>
    <nd ref="2420018369"/>
    <tag k="highway" v="residential"/>
    <tag k="name" v="수표로18길"/>
    <tag k="name:en" v="Supyo-ro 18-gil"/>
    <tag k="name:ko" v="수표로18길"/>
  </way>
  <way id="233651332">
    <nd ref="2420018430"/>
    <nd ref="3514139193"/>
    <nd ref="2420018436"/>
    <nd ref="3514085496"/>
    <nd ref="2420018440"/>
    <nd ref="2420018442"/>
    <nd ref="4197546885"/>
    <tag k="highway" v="residential"/>
    <tag k="name" v="돈화문로5길"/>
    <tag k="name:en" v="Donhwamun-ro 5-gil"/>
    <tag k="name:ja" v="敦化門路 5キル"/>
    <tag k="name:ko" v="돈화문로5길"/>
  </way>
  <way id="233651333">
    <nd ref="2420018400"/>
    <nd ref="5973693850"/>
    <nd ref="2420018382"/>
    <nd ref="2420018376"/>
    <nd ref="2420018352"/>
    <nd ref="2420018336"/>
    <nd ref="2420018321"/>
    <tag k="highway" v="residential"/>
    <tag k="maxspeed" v="30"/>
    <tag k="maxspeed:type" v="sign"/>
    <tag k="name" v="종로14길"/>
    <tag k="name:en" v="Jong-ro 14-gil"/>
    <tag k="name:ko" v="종로14길"/>
  </way>
  <way id="233651338">
    <nd ref="2420018304"/>
    <nd ref="2420018302"/>
    <nd ref="9249769354"/>
    <nd ref="2420018298"/>
    <nd ref="9249769322"/>
    <tag k="highway" v="residential"/>
    <tag k="name" v="남대문로9길"/>
    <tag k="name:en" v="Namdaemun-ro 9-gil"/>
    <tag k="name:ja" v="南大門路9ギル"/>
    <tag k="name:ko" v="남대문로9길"/>
    <tag k="name:ko-Kana" v="ナンデムンロ9ギル"/>
  </way>
  <way id="233651340">
    <nd ref="9284853536"/>
    <nd ref="2420018408"/>
    <nd ref="5706326060"/>
    <nd ref="2420018411"/>
    <nd ref="2420018429"/>
    <nd ref="2420018445"/>
    <nd ref="9334741516"/>
    <nd ref="13056479042"/>
    <nd ref="2420018457"/>
    <nd ref="2420018478"/>
    <nd ref="2420018494"/>
    <nd ref="2420018515"/>
    <tag k="highway" v="residential"/>
    <tag k="name" v="새문안로9길"/>
    <tag k="name:en" v="Saemunan-ro 9-gil"/>
    <tag k="name:ko" v="새문안로9길"/>
    <tag k="oneway" v="yes"/>
    <tag k="sidewalk" v="no"/>
  </way>
  <way id="233652295">
    <nd ref="1949238427"/>
    <nd ref="2420018353"/>
    <nd ref="2420018338"/>
    <nd ref="2323165542"/>
    <tag k="highway" v="residential"/>
    <tag k="name" v="종로12길"/>
    <tag k="name:en" v="Jong-ro 12-gil"/>
    <tag k="name:ko" v="종로12길"/>
  </way>
  <way id="233652296">
    <nd ref="2420018384"/>
    <nd ref="5973693849"/>
    <nd ref="436718743"/>
    <tag k="highway" v="residential"/>
    <tag k="name" v="종로12길"/>
    <tag k="name:en" v="Jong-ro 12-gil"/>
    <tag k="name:ko" v="종로12길"/>
    <tag k="surface" v="asphalt"/>
  </way>
  <way id="236945321">
    <nd ref="2449052346"/>
    <nd ref="2449052358"/>
    <nd ref="2449052342"/>
    <nd ref="2756128262"/>
    <nd ref="2449052347"/>
    <nd ref="2449052350"/>
    <nd ref="2449052341"/>
    <nd ref="2449052356"/>
    <nd ref="2756128260"/>
    <nd ref="2449052340"/>
    <nd ref="2449052345"/>
    <nd ref="2449052353"/>
    <nd ref="2449052344"/>
    <nd ref="2449052343"/>
    <nd ref="2449052348"/>
    <nd ref="2449052352"/>
    <nd ref="2449052354"/>
    <nd ref="2449052355"/>
    <nd ref="2449052357"/>
    <nd ref="2756128261"/>
    <nd ref="2449052349"/>
    <nd ref="2449052346"/>
    <tag k="highway" v="tertiary"/>
    <tag k="junction" v="roundabout"/>
    <tag k="name" v="종로1길"/>
    <tag k="name:en" v="Jong-ro 1-gil"/>
    <tag k="name:ko" v="종로1길"/>
    <tag k="oneway" v="yes"/>
  </way>
  <way id="239352450">
    <nd ref="436807125"/>
    <nd ref="11175869483"/>
    <nd ref="2064459532"/>
    <tag k="highway" v="residential"/>
    <tag k="name" v="율곡로"/>
    <tag k="oneway" v="-1"/>
    <tag k="sidewalk" v="both"/>
    <tag k="surface" v="asphalt"/>
  </way>
  <way id="243251327">
    <nd ref="871729321"/>
    <nd ref="11256461925"/>
    <nd ref="871729318"/>
    <nd ref="5791990605"/>
    <nd ref="871729315"/>
    <nd ref="4198110667"/>
    <nd ref="4198110671"/>
    <nd ref="4198110675"/>
    <nd ref="2518227066"/>
    <nd ref="2518227064"/>
    <nd ref="2454980032"/>
    <nd ref="4636656414"/>
    <nd ref="871729311"/>
    <nd ref="5789579408"/>
    <nd ref="8943340081"/>
    <nd ref="2518254127"/>
    <nd ref="4198108248"/>
    <nd ref="436849202"/>
    <tag k="highway" v="residential"/>
    <tag k="lanes" v="1"/>
    <tag k="maxspeed" v="30"/>
    <tag k="name" v="계동길"/>
    <tag k="name:en" v="Gyedong-gil"/>
    <tag k="name:ko" v="계동길"/>
    <tag k="oneway" v="yes"/>
    <tag k="surface" v="asphalt"/>
  </way>
  <way id="243251328">
    <nd ref="436849202"/>
    <nd ref="10232743647"/>
    <nd ref="436849203"/>
    <nd ref="436849205"/>
    <nd ref="5049929454"/>
    <tag k="cycleway:both" v="no"/>
    <tag k="highway" v="tertiary"/>
    <tag k="lanes" v="2"/>
    <tag k="name" v="북촌로4길"/>
    <tag k="name:en" v="Bukchon-ro 4-gil"/>
    <tag k="name:ja" v="プクチョンロ(北村路) 4キル"/>
    <tag k="name:ko" v="북촌로4길"/>
    <tag k="name:ko-Latn" v="Bukchonro sa-gil"/>
    <tag k="surface" v="asphalt"/>
  </way>
  <way id="243251330">
    <nd ref="5049929455"/>
    <nd ref="436849207"/>
    <nd ref="10232773927"/>
    <nd ref="10230484204"/>
    <nd ref="8485884446"/>
    <nd ref="436849208"/>
    <tag k="highway" v="residential"/>
    <tag k="lit" v="yes"/>
    <tag k="maxspeed" v="30"/>
    <tag k="maxspeed:type" v="sign"/>
    <tag k="name" v="북촌로5길"/>
    <tag k="name:en" v="Bukchon-ro 5-gil"/>
    <tag k="name:ja" v="プクチョンロ5(オ)ギル"/>
    <tag k="name:ko" v="북촌로5길"/>
    <tag k="name:ko-Latn" v="Bukchonro 5-gil"/>
    <tag k="sidewalk" v="both"/>
    <tag k="sidewalk:both:surface" v="paving_stones"/>
    <tag k="surface" v="asphalt"/>
  </way>
  <way id="243251563">
    <nd ref="436849201"/>
    <nd ref="5803938448"/>
    <nd ref="436849200"/>
    <tag k="highway" v="tertiary"/>
    <tag k="name" v="창덕궁1길"/>
    <tag k="name:en" v="Changdeokgung 1-gil"/>
    <tag k="name:ja" v="チャンドククン(昌徳宮)1(イル)ギル"/>
    <tag k="name:ko" v="창덕궁1길"/>
    <tag k="name:ko-Latn" v="Changdukkoong il-gil"/>
    <tag k="oneway" v="yes"/>
  </way>
  <way id="244506576">
    <nd ref="436807125"/>
    <nd ref="10588603629"/>
    <nd ref="414685942"/>
    <tag k="highway" v="residential"/>
    <tag k="surface" v="asphalt"/>
  </way>
  <way id="245063565">
    <nd ref="2523185938"/>
    <nd ref="2523185936"/>
    <nd ref="13954834246"/>
    <nd ref="13957512930"/>
    <nd ref="13955245257"/>
    <nd ref="2523185932"/>
    <nd ref="2523185931"/>
    <nd ref="13266675935"/>
    <nd ref="13266675934"/>
    <nd ref="13266675933"/>
    <nd ref="2523185930"/>
    <nd ref="10931140746"/>
    <nd ref="11035607177"/>
    <nd ref="2523185929"/>
    <nd ref="2523185928"/>
    <nd ref="10931140737"/>
    <nd ref="10931140824"/>
    <nd ref="4197546883"/>
    <nd ref="2523185926"/>
    <nd ref="10608914838"/>
    <nd ref="10608914892"/>
    <nd ref="13955245258"/>
    <nd ref="2523185925"/>
    <nd ref="11280514298"/>
    <nd ref="4197560771"/>
    <tag k="highway" v="residential"/>
    <tag k="name" v="율곡로10길"/>
    <tag k="name:en" v="Yulgok-ro 10-gil"/>
    <tag k="name:ko" v="율곡로10길"/>
    <tag k="source" v="Bing"/>
  </way>
  <way id="245063636">
    <nd ref="2523185900"/>
    <nd ref="4198116868"/>
    <nd ref="2523185903"/>
    <nd ref="2523185904"/>
    <nd ref="2523185909"/>
    <nd ref="4198116876"/>
    <tag k="highway" v="residential"/>
    <tag k="name" v="수표로22길"/>
    <tag k="name:en" v="Supyo-ro 22-gil"/>
    <tag k="name:ko" v="수표로22길"/>
  </way>
  <way id="245063646">
    <nd ref="2523185910"/>
    <nd ref="2523185913"/>
    <tag k="highway" v="residential"/>
    <tag k="name" v="돈화문로9길"/>
    <tag k="name:en" v="Donhwamun-ro 9-gil"/>
    <tag k="name:ja" v="敦化門路 9キル"/>
    <tag k="name:ko" v="돈화문로9길"/>
  </way>
  <way id="261995708">
    <nd ref="4439079891"/>
    <nd ref="5778529295"/>
    <nd ref="5778529296"/>
    <nd ref="4214923089"/>
    <nd ref="436852188"/>
    <nd ref="10588603759"/>
    <nd ref="10588603762"/>
    <nd ref="2449019598"/>
    <nd ref="5323166907"/>
    <nd ref="3739926268"/>
    <nd ref="5323166911"/>
    <nd ref="436852189"/>
    <nd ref="3199472196"/>
    <nd ref="3199472191"/>
    <nd ref="3199472188"/>
    <nd ref="436852190"/>
    <tag k="cycleway:right" v="separate"/>
    <tag k="highway" v="tertiary"/>
    <tag k="name" v="삼청로"/>
    <tag k="name:en" v="Samcheong-ro"/>
    <tag k="name:ja" v="サムチョンロ(三清路)"/>
    <tag k="name:ko" v="삼청로"/>
    <tag k="oneway" v="yes"/>
    <tag k="sidewalk" v="right"/>
    <tag k="surface" v="asphalt"/>
  </way>
  <way id="264034746">
    <nd ref="414683338"/>
    <nd ref="11197929742"/>
    <nd ref="11197929750"/>
    <nd ref="3818627576"/>
    <tag k="highway" v="primary"/>
    <tag k="lanes" v="4"/>
    <tag k="maxspeed" v="50"/>
    <tag k="name" v="세종대로"/>
    <tag k="name:en" v="Sejong-daero"/>
    <tag k="name:ja" v="世宗大路"/>
    <tag k="name:ko" v="세종대로"/>
    <tag k="oneway" v="yes"/>
    <tag k="ref" v="31"/>
    <tag k="surface" v="asphalt"/>
    <tag k="wikidata" v="Q623632"/>
    <tag k="wikipedia" v="ko:세종대로"/>
  </way>
  <way id="306384116">
    <nd ref="8486350176"/>
    <nd ref="3112732259"/>
    <nd ref="4198117497"/>
    <tag k="highway" v="residential"/>
    <tag k="name" v="삼일대로"/>
    <tag k="name:en" v="Samil-daero"/>
    <tag k="name:ko" v="삼일대로"/>
    <tag k="source" v="survey"/>
  </way>
  <way id="318750942">
    <nd ref="871804058"/>
    <nd ref="3361809855"/>
    <nd ref="4197560895"/>
    <nd ref="8737640549"/>
    <nd ref="3361809854"/>
    <nd ref="8737640638"/>
    <nd ref="8737640639"/>
    <nd ref="3361809853"/>
    <nd ref="3251228208"/>
    <tag k="highway" v="residential"/>
    <tag k="name" v="서순라길"/>
    <tag k="name:en" v="Seosulla-gil"/>
    <tag k="name:ko" v="서순라길"/>
  </way>
  <way id="327040894">
    <nd ref="1326151624"/>
    <nd ref="3337522190"/>
    <nd ref="9345088651"/>
    <nd ref="9345088667"/>
    <tag k="highway" v="residential"/>
    <tag k="name" v="창경궁로"/>
    <tag k="name:en" v="Changgyeonggung-ro"/>
    <tag k="name:ko" v="창경궁로"/>
    <tag k="source:name" v="survey"/>
  </way>
  <way id="327040895">
    <nd ref="3337522189"/>
    <nd ref="12785870414"/>
    <tag k="highway" v="residential"/>
    <tag k="name" v="을지로28길"/>
    <tag k="name:en" v="Eulji-ro 28-gil"/>
    <tag k="name:ko" v="을지로28길"/>
    <tag k="source:name" v="survey"/>
    <tag k="surface" v="asphalt"/>
  </way>
  <way id="327040896">
    <nd ref="3337522191"/>
    <nd ref="3337522192"/>
    <tag k="highway" v="residential"/>
    <tag k="name" v="을지로30길"/>
    <tag k="name:en" v="Eulji-ro 30-gil"/>
    <tag k="name:ko" v="을지로30길"/>
    <tag k="narrow" v="yes"/>
  </way>
  <way id="329261473">
    <nd ref="2420018563"/>
    <nd ref="2420018571"/>
    <nd ref="7174127145"/>
    <nd ref="2420018580"/>
    <nd ref="7209588944"/>
    <nd ref="7174127152"/>
    <nd ref="2420018581"/>
    <tag k="highway" v="residential"/>
    <tag k="name" v="돈화문로11나길"/>
    <tag k="name:en" v="Donhwamun-ro 11na-gil"/>
    <tag k="name:ja" v="敦化門路 11ナ-キル"/>
    <tag k="name:ko" v="돈화문로11나길"/>
  </way>
  <way id="329261487">
    <nd ref="2420018569"/>
    <nd ref="7208986828"/>
    <nd ref="2420018560"/>
    <tag k="highway" v="residential"/>
    <tag k="name" v="돈화문로11다길"/>
    <tag k="name:en" v="Donhwamun-ro 11da-gil"/>
    <tag k="name:ja" v="敦化門路 11タ-キル"/>
    <tag k="name:ko" v="돈화문로11다길"/>
  </way>
  <way id="329261489">
    <nd ref="2420018577"/>
    <nd ref="13956692601"/>
    <nd ref="2420018578"/>
    <nd ref="3361185393"/>
    <nd ref="3361202293"/>
    <nd ref="2420018579"/>
    <nd ref="2420018575"/>
    <nd ref="2420018574"/>
    <nd ref="2420018569"/>
    <tag k="highway" v="residential"/>
    <tag k="name" v="돈화문로11다길"/>
    <tag k="name:en" v="Donhwamun-ro 11da-gil"/>
    <tag k="name:ja" v="敦化門路 11タ-キル"/>
    <tag k="name:ko" v="돈화문로11다길"/>
  </way>
  <way id="329261504">
    <nd ref="2420018581"/>
    <nd ref="1949263658"/>
    <nd ref="7209588982"/>
    <nd ref="1949263657"/>
    <nd ref="3361202193"/>
    <nd ref="8486350178"/>
    <nd ref="1949249835"/>
    <tag k="highway" v="residential"/>
    <tag k="name" v="삼일대로30길"/>
    <tag k="name:en" v="Samil-daero 30-gil"/>
    <tag k="name:ko" v="삼일대로30길"/>
  </way>
  <way id="329261507">
    <nd ref="2420018581"/>
    <nd ref="2420018583"/>
    <nd ref="2420018584"/>
    <nd ref="10628475544"/>
    <nd ref="2420018585"/>
    <nd ref="2420018587"/>
    <tag k="highway" v="residential"/>
    <tag k="name" v="돈화문로11나길"/>
    <tag k="name:en" v="Donhwamun-ro 11na-gil"/>
    <tag k="name:ko" v="돈화문로11나길"/>
  </way>
  <way id="329261513">
    <nd ref="2523185923"/>
    <nd ref="1949263630"/>
    <nd ref="1949263669"/>
    <nd ref="1949263666"/>
    <tag k="highway" v="residential"/>
    <tag k="name" v="수표로28길"/>
    <tag k="name:en" v="Supyo-ro 28-gil"/>
    <tag k="name:ko" v="수표로28길"/>
  </way>
  <way id="329263761">
    <nd ref="2420018577"/>
    <nd ref="3361202193"/>
    <tag k="highway" v="residential"/>
    <tag k="name" v="삼일대로28길"/>
    <tag k="name:en" v="Samil-daero 28-gil"/>
    <tag k="name:ko" v="삼일대로28길"/>
    <tag k="source" v="survey"/>
  </way>
  <way id="329995227">
    <nd ref="2374692761"/>
    <nd ref="2374692807"/>
    <nd ref="2374692765"/>
    <nd ref="2374692809"/>
    <nd ref="2374692792"/>
    <tag k="highway" v="residential"/>
    <tag k="maxspeed" v="30"/>
    <tag k="maxspeed:type" v="sign"/>
    <tag k="name" v="충무로9길"/>
    <tag k="name:en" v="Chungmu-ro 9-gil"/>
    <tag k="name:ko" v="충무로9길"/>
  </way>
  <way id="329995230">
    <nd ref="2374692766"/>
    <nd ref="1945254778"/>
    <nd ref="2374692776"/>
    <nd ref="1945254823"/>
    <nd ref="871729552"/>
    <tag k="highway" v="tertiary"/>
    <tag k="maxspeed" v="30"/>
    <tag k="maxspeed:type" v="sign"/>
    <tag k="name" v="수표로"/>
    <tag k="name:en" v="Supyo-ro"/>
    <tag k="name:ko" v="수표로"/>
    <tag k="name:ko-Latn" v="Supyo-ro"/>
  </way>
  <way id="329995231">
    <nd ref="2374692772"/>
    <nd ref="2374692802"/>
    <nd ref="2374692796"/>
    <tag k="highway" v="residential"/>
    <tag k="maxspeed" v="30"/>
    <tag k="maxspeed:type" v="sign"/>
    <tag k="name" v="을지로9길"/>
    <tag k="name:en" v="Eulji-ro 9-gil"/>
    <tag k="name:ja" v="乙支路 9キル"/>
    <tag k="name:ko" v="을지로9길"/>
  </way>
  <way id="330177113">
    <nd ref="2309513974"/>
    <nd ref="5349498129"/>
    <nd ref="5357053673"/>
    <nd ref="3371297694"/>
    <tag k="highway" v="residential"/>
    <tag k="name" v="율곡로4길"/>
    <tag k="name:en" v="Yulgok-ro 4-gil"/>
    <tag k="name:ko" v="율곡로4길"/>
    <tag k="source" v="survey"/>
  </way>
  <way id="333555370">
    <nd ref="436844957"/>
    <nd ref="436844956"/>
    <tag k="cycleway:left" v="no"/>
    <tag k="cycleway:right" v="lane"/>
    <tag k="highway" v="primary"/>
    <tag k="lanes" v="2"/>
    <tag k="name" v="창경궁로"/>
    <tag k="name:en" v="Changgyeonggung-ro"/>
    <tag k="name:ja" v="昌慶宮路"/>
    <tag k="name:ko" v="창경궁로"/>
    <tag k="name:ko-Latn" v="Changgyeonggung-ro"/>
    <tag k="oneway" v="yes"/>
    <tag k="oneway:bicycle" v="yes"/>
    <tag k="sidewalk" v="right"/>
    <tag k="surface" v="asphalt"/>
  </way>
  <way id="333725870">
    <nd ref="2420018316"/>
    <nd ref="4242945767"/>
    <tag k="bridge" v="yes"/>
    <tag k="bridge:name" v="광교"/>
    <tag k="bridge:name:ko" v="광교"/>
    <tag k="bridge:structure" v="beam"/>
    <tag k="highway" v="secondary"/>
    <tag k="layer" v="1"/>
    <tag k="maxweight:signed" v="no"/>
    <tag k="name:en" v="Gwang Bridge"/>
    <tag k="name:ko-Latn" v="Gwanggyo"/>
    <tag k="source:bridge" v="mp2osm"/>
  </way>
  <way id="344663874">
    <nd ref="3514125093"/>
    <nd ref="2420018358"/>
    <tag k="highway" v="residential"/>
    <tag k="name" v="수표로"/>
    <tag k="name:en" v="Supyo-ro"/>
    <tag k="name:ko" v="수표로"/>
  </way>
  <way id="344663885">
    <nd ref="1945254919"/>
    <nd ref="12234274263"/>
    <nd ref="12234274103"/>
    <nd ref="436718744"/>
    <tag k="highway" v="primary"/>
    <tag k="lane_markings" v="yes"/>
    <tag k="lanes" v="3"/>
    <tag k="name" v="삼일대로"/>
    <tag k="name:en" v="Samil-daero"/>
    <tag k="name:ja" v="三一大路"/>
    <tag k="name:ko" v="삼일대로"/>
    <tag k="name:ko-Latn" v="Samil-daero"/>
    <tag k="oneway" v="yes"/>
    <tag k="surface" v="asphalt"/>
    <tag k="wikidata" v="Q12600302"/>
    <tag k="wikipedia" v="ko:삼일대로"/>
  </way>
  <way id="344663892">
    <nd ref="2420018377"/>
    <nd ref="2420018376"/>
    <nd ref="1949238427"/>
    <tag k="highway" v="residential"/>
    <tag k="lane_markings" v="no"/>
    <tag k="name" v="삼일대로19길"/>
    <tag k="name:en" v="Samil-daero 19-gil"/>
    <tag k="name:ko" v="삼일대로19길"/>
    <tag k="surface" v="paving_stones"/>
  </way>
  <way id="344663895">
    <nd ref="2420018379"/>
    <nd ref="2420018378"/>
    <nd ref="8486350174"/>
    <tag k="cycleway:both" v="no"/>
    <tag k="highway" v="residential"/>
    <tag k="name" v="삼일대로"/>
    <tag k="name:en" v="Samil-daero"/>
    <tag k="name:ko" v="삼일대로"/>
    <tag k="oneway" v="yes"/>
    <tag k="sidewalk" v="no"/>
    <tag k="surface" v="asphalt"/>
  </way>
  <way id="344663901">
    <nd ref="2420018379"/>
    <nd ref="2420018363"/>
    <nd ref="3514125093"/>
    <nd ref="2420018345"/>
    <nd ref="2252763451"/>
    <tag k="highway" v="residential"/>
    <tag k="name" v="종로16길"/>
    <tag k="name:en" v="Jong-ro 16-gil"/>
    <tag k="name:ko" v="종로16길"/>
  </way>
  <way id="344663909">
    <nd ref="2420018389"/>
    <nd ref="3792055886"/>
    <nd ref="2420018371"/>
    <nd ref="2420018369"/>
    <nd ref="2420018359"/>
    <nd ref="2420018354"/>
    <nd ref="2420018342"/>
    <nd ref="2420018331"/>
    <nd ref="2420018324"/>
    <tag k="cycleway:both" v="no"/>
    <tag k="highway" v="residential"/>
    <tag k="name" v="종로18길"/>
    <tag k="name:en" v="Jong-ro 18-gil"/>
    <tag k="name:ko" v="종로18길"/>
    <tag k="sidewalk" v="no"/>
    <tag k="surface" v="asphalt"/>
  </way>
  <way id="344663937">
    <nd ref="2420018387"/>
    <nd ref="11232930756"/>
    <nd ref="11280725264"/>
    <nd ref="2420018389"/>
    <tag k="highway" v="residential"/>
    <tag k="name" v="수표로20길"/>
    <tag k="name:en" v="Supyo-ro 20-gil"/>
    <tag k="name:ko" v="수표로20길"/>
  </way>
  <way id="344665758">
    <nd ref="4198117496"/>
    <nd ref="3514085494"/>
    <nd ref="3514138893"/>
    <nd ref="10924059716"/>
    <nd ref="3514138993"/>
    <nd ref="4198117497"/>
    <tag k="highway" v="residential"/>
    <tag k="name" v="종로17길"/>
    <tag k="name:en" v="Jong-ro 17-gil"/>
    <tag k="name:ko" v="종로17길"/>
  </way>
  <way id="345046975">
    <nd ref="414685871"/>
    <nd ref="11059719419"/>
    <tag k="highway" v="primary"/>
    <tag k="lanes" v="3"/>
    <tag k="name" v="삼일대로"/>
    <tag k="name:en" v="Samil-daero"/>
    <tag k="name:ko" v="삼일대로"/>
    <tag k="name:ko-Latn" v="Samil-daero"/>
    <tag k="oneway" v="yes"/>
    <tag k="surface" v="asphalt"/>
    <tag k="wikidata" v="Q12600302"/>
    <tag k="wikipedia" v="ko:삼일대로"/>
  </way>
  <way id="350127794">
    <nd ref="436875670"/>
    <nd ref="436875671"/>
    <nd ref="11233115449"/>
    <nd ref="11233115446"/>
    <nd ref="2463586334"/>
    <nd ref="4960162829"/>
    <nd ref="2420018350"/>
    <nd ref="9761887337"/>
    <nd ref="436875672"/>
    <nd ref="3806620359"/>
    <nd ref="3558848089"/>
    <nd ref="4636388803"/>
    <nd ref="7214123623"/>
    <nd ref="2463586332"/>
    <nd ref="2697100727"/>
    <tag k="bicycle" v="designated"/>
    <tag k="cycleway:left" v="track"/>
    <tag k="highway" v="primary"/>
    <tag k="horse" v="no"/>
    <tag k="lanes" v="2"/>
    <tag k="name" v="청계천로"/>
    <tag k="name:en" v="Cheonggyecheon-ro"/>
    <tag k="name:ja" v="清渓川路"/>
    <tag k="name:ko" v="청계천로"/>
    <tag k="name:ko-Latn" v="Cheonggyecheon-ro"/>
    <tag k="oneway" v="yes"/>
    <tag k="oneway:bicycle" v="yes"/>
    <tag k="surface" v="asphalt"/>
  </way>
  <way id="355655430">
    <nd ref="3612320202"/>
    <nd ref="11233115478"/>
    <nd ref="3612320203"/>
    <nd ref="3612320395"/>
    <nd ref="7173863699"/>
    <nd ref="5706326045"/>
    <nd ref="13721232740"/>
    <nd ref="5851251268"/>
    <tag k="highway" v="tertiary"/>
    <tag k="name" v="세종대로22길"/>
    <tag k="name:en" v="Sejong-daero 22-gil"/>
    <tag k="name:ja" v="世宗大路 22キル"/>
    <tag k="name:ko" v="세종대로22길"/>
    <tag k="source" v="survey"/>
  </way>
  <way id="355655439">
    <nd ref="3612320598"/>
    <nd ref="3612321695"/>
    <nd ref="11233115477"/>
    <nd ref="3612320599"/>
    <tag k="highway" v="tertiary"/>
    <tag k="name" v="무교로"/>
    <tag k="name:en" v="Mugyo-ro"/>
    <tag k="name:ko" v="무교로"/>
    <tag k="source" v="survey"/>
  </way>
  <way id="360113078">
    <nd ref="1949238424"/>
    <nd ref="2420018356"/>
    <nd ref="2420018327"/>
    <tag k="highway" v="residential"/>
    <tag k="name" v="종로10길"/>
    <tag k="name:en" v="Jong-ro 10-gil"/>
    <tag k="name:ko" v="종로10길"/>
  </way>
  <way id="360113080">
    <nd ref="2420018374"/>
    <nd ref="2420018330"/>
    <tag k="highway" v="residential"/>
    <tag k="name" v="종로8길"/>
    <tag k="name:en" v="Jong-ro 8-gil"/>
    <tag k="name:ko" v="종로8길"/>
  </way>
  <way id="360113081">
    <nd ref="1945254891"/>
    <nd ref="5973693848"/>
    <nd ref="2420018375"/>
    <nd ref="2420018385"/>
    <nd ref="1949238424"/>
    <tag k="highway" v="residential"/>
    <tag k="name" v="종로10길"/>
    <tag k="name:en" v="Jong-ro 10-gil"/>
    <tag k="name:ko" v="종로10길"/>
  </way>
  <way id="377289801">
    <nd ref="3806620354"/>
    <nd ref="11233115438"/>
    <nd ref="5863541495"/>
    <tag k="highway" v="secondary"/>
    <tag k="horse" v="no"/>
    <tag k="name" v="무교로"/>
    <tag k="name:en" v="Mugyo-ro"/>
    <tag k="name:ko" v="무교로"/>
    <tag k="oneway" v="yes"/>
    <tag k="surface" v="asphalt"/>
  </way>
  <way id="377289802">
    <nd ref="3806620358"/>
    <nd ref="436875672"/>
    <nd ref="436842127"/>
    <nd ref="5973693842"/>
    <nd ref="436718740"/>
    <nd ref="12234253854"/>
    <nd ref="12234253873"/>
    <nd ref="8380350240"/>
    <tag k="highway" v="secondary"/>
    <tag k="horse" v="no"/>
    <tag k="lanes" v="2"/>
    <tag k="name" v="무교로"/>
    <tag k="name:en" v="Mugyo-ro"/>
    <tag k="name:ja" v="武橋路"/>
    <tag k="name:ko" v="무교로"/>
    <tag k="name:ko-Latn" v="Mugyo-ro"/>
    <tag k="oneway" v="yes"/>
    <tag k="sidewalk" v="both"/>
    <tag k="surface" v="asphalt"/>
  </way>
  <way id="378453707">
    <nd ref="5851251276"/>
    <nd ref="5851251272"/>
    <nd ref="5851251273"/>
    <nd ref="5851251271"/>
    <nd ref="5851251265"/>
    <nd ref="11414286282"/>
    <nd ref="5851251264"/>
    <nd ref="5851251263"/>
    <nd ref="4806788868"/>
    <nd ref="5851251268"/>
    <nd ref="414685899"/>
    <nd ref="11346791387"/>
    <nd ref="436877046"/>
    <nd ref="3818627572"/>
    <tag k="bicycle" v="designated"/>
    <tag k="highway" v="primary"/>
    <tag k="lanes" v="8"/>
    <tag k="lit" v="yes"/>
    <tag k="maxspeed" v="60"/>
    <tag k="name" v="세종대로"/>
    <tag k="name:en" v="Sejong-daero"/>
    <tag k="name:ja" v="世宗大路"/>
    <tag k="name:ko" v="세종대로"/>
    <tag k="name:zh" v="世宗大路"/>
    <tag k="oneway" v="yes"/>
    <tag k="parking:both" v="no"/>
    <tag k="ref" v="31"/>
    <tag k="sidewalk" v="right"/>
    <tag k="surface" v="asphalt"/>
    <tag k="wikidata" v="Q623632"/>
    <tag k="wikipedia" v="ko:세종대로"/>
  </way>
  <way id="379076085">
    <nd ref="3833430097"/>
    <nd ref="3833430098"/>
    <nd ref="2420018584"/>
    <nd ref="3824379506"/>
    <tag k="highway" v="residential"/>
    <tag k="name" v="삼일대로32가길"/>
    <tag k="name:en" v="Samil-daero 32ga-gil"/>
    <tag k="name:ko" v="삼일대로32가길"/>
  </way>
  <way id="381218080">
    <nd ref="3844548685"/>
    <nd ref="3844548684"/>
    <nd ref="3844548686"/>
    <nd ref="3844548687"/>
    <nd ref="4170039985"/>
    <nd ref="3844548688"/>
    <nd ref="3844548694"/>
    <nd ref="3844548695"/>
    <nd ref="3844548696"/>
    <nd ref="3844548701"/>
    <nd ref="3844548705"/>
    <tag k="highway" v="residential"/>
    <tag k="name" v="창경궁로20길"/>
    <tag k="name:en" v="Changgyeonggung-ro 20-gil"/>
    <tag k="name:ko" v="창경궁로20길"/>
  </way>
  <way id="381218081">
    <nd ref="3844547139"/>
    <nd ref="3844547141"/>
    <nd ref="4168666904"/>
    <nd ref="4168666899"/>
    <nd ref="3844547150"/>
    <nd ref="4170039969"/>
    <tag k="highway" v="residential"/>
    <tag k="name" v="종로31길"/>
    <tag k="name:en" v="Jong-ro 31-gil"/>
    <tag k="name:ko" v="종로31길"/>
  </way>
  <way id="381218083">
    <nd ref="3844547118"/>
    <nd ref="3844547120"/>
    <nd ref="3844547124"/>
    <nd ref="3844547119"/>
    <tag k="highway" v="residential"/>
    <tag k="name" v="대학로1길"/>
    <tag k="name:en" v="Daehak-ro 1-gil"/>
    <tag k="name:ko" v="대학로1길"/>
  </way>
  <way id="381218084">
    <nd ref="3844548540"/>
    <nd ref="3844548534"/>
    <nd ref="4170039981"/>
    <tag k="highway" v="residential"/>
    <tag k="name" v="창경궁로16길"/>
    <tag k="name:en" v="Changgyeonggung-ro 16-gil"/>
    <tag k="name:ko" v="창경궁로16길"/>
  </way>
  <way id="381218090">
    <nd ref="3844548462"/>
    <nd ref="9341282461"/>
    <nd ref="9341282456"/>
    <nd ref="7062635491"/>
    <nd ref="3844548463"/>
    <tag k="highway" v="residential"/>
    <tag k="noname" v="yes"/>
    <tag k="surface" v="asphalt"/>
  </way>
  <way id="381218091">
    <nd ref="1815458048"/>
    <nd ref="1815457787"/>
    <nd ref="3844548536"/>
    <nd ref="4170040290"/>
    <nd ref="4170039988"/>
    <nd ref="1815458092"/>
    <nd ref="3844548683"/>
    <nd ref="1815457785"/>
    <nd ref="1815457851"/>
    <nd ref="1815458038"/>
    <nd ref="1815457889"/>
    <nd ref="3844548707"/>
    <tag k="highway" v="residential"/>
    <tag k="name" v="동순라길"/>
    <tag k="name:en" v="Dongsulla-gil"/>
    <tag k="name:ko" v="동순라길"/>
    <tag k="name:ko-Latn" v="Dongsulla-gil"/>
  </way>
  <way id="381218096">
    <nd ref="3844548689"/>
    <nd ref="3844548695"/>
    <tag k="highway" v="residential"/>
    <tag k="name" v="창경궁로20길"/>
    <tag k="name:en" v="Changgyeonggung-ro 20-gil"/>
    <tag k="name:ko" v="창경궁로20길"/>
  </way>
  <way id="381218102">
    <nd ref="3844548536"/>
    <nd ref="3844548543"/>
    <nd ref="7062635489"/>
    <nd ref="3844548549"/>
    <tag k="highway" v="residential"/>
    <tag k="name" v="동순라길"/>
    <tag k="name:en" v="Dongsulla-gil"/>
    <tag k="name:ko" v="동순라길"/>
  </way>
  <way id="381218103">
    <nd ref="3844548703"/>
    <nd ref="7062635488"/>
    <nd ref="4170039987"/>
    <nd ref="11464448200"/>
    <nd ref="4170039986"/>
    <nd ref="3844548707"/>
    <nd ref="3844548708"/>
    <tag k="highway" v="residential"/>
    <tag k="name" v="창경궁로21길"/>
    <tag k="name:en" v="Changgyeonggung-ro 21-gil"/>
    <tag k="name:ko" v="창경궁로21길"/>
  </way>
  <way id="381218104">
    <nd ref="3844548688"/>
    <nd ref="3844548677"/>
    <nd ref="3844548673"/>
    <tag k="highway" v="residential"/>
    <tag k="name" v="창경궁로18길"/>
    <tag k="name:en" v="Changgyeonggung-ro 18-gil"/>
    <tag k="name:ko" v="창경궁로18길"/>
  </way>
  <way id="381218110">
    <nd ref="3844548669"/>
    <nd ref="3844548670"/>
    <nd ref="3844548672"/>
    <nd ref="4170039983"/>
    <nd ref="3844548674"/>
    <nd ref="3844548677"/>
    <tag k="highway" v="residential"/>
    <tag k="name" v="창경궁로18길"/>
    <tag k="name:en" v="Changgyeonggung-ro 18-gil"/>
    <tag k="name:ko" v="창경궁로18길"/>
  </way>
  <way id="381218112">
    <nd ref="2376659667"/>
    <nd ref="4168666900"/>
    <nd ref="3844548487"/>
    <nd ref="3844548496"/>
    <nd ref="3844548505"/>
    <nd ref="3844548511"/>
    <tag k="highway" v="residential"/>
    <tag k="name" v="종로31길"/>
    <tag k="name:en" v="Jong-ro 31-gil"/>
    <tag k="name:ko" v="종로31길"/>
  </way>
  <way id="381218119">
    <nd ref="3844548523"/>
    <nd ref="3844548530"/>
    <nd ref="3844548531"/>
    <nd ref="3844548532"/>
    <nd ref="4170039980"/>
    <nd ref="4170039981"/>
    <tag k="highway" v="residential"/>
    <tag k="name" v="창경궁로16가길"/>
    <tag k="name:en" v="Changgyeonggung-ro 16ga-gil"/>
    <tag k="name:ko" v="창경궁로16가길"/>
  </way>
  <way id="381218122">
    <nd ref="3844548524"/>
    <nd ref="4170039979"/>
    <nd ref="4170039978"/>
    <nd ref="4170039977"/>
    <nd ref="4170039976"/>
    <nd ref="4170039975"/>
    <nd ref="3844548523"/>
    <nd ref="3844548522"/>
    <nd ref="3844548520"/>
    <nd ref="3844548518"/>
    <nd ref="3844548516"/>
    <tag k="highway" v="residential"/>
    <tag k="name" v="창경궁로16가길"/>
    <tag k="name:en" v="Changgyeonggung-ro 16ga-gil"/>
    <tag k="name:ko" v="창경궁로16가길"/>
  </way>
  <way id="381218127">
    <nd ref="4170039969"/>
    <nd ref="3844548460"/>
    <nd ref="3844548461"/>
    <nd ref="3844548465"/>
    <nd ref="3844548472"/>
    <nd ref="3844548474"/>
    <nd ref="3844548489"/>
    <nd ref="3844548503"/>
    <nd ref="3844548510"/>
    <tag k="highway" v="residential"/>
    <tag k="name" v="종로31가길"/>
    <tag k="name:en" v="Jong-ro 31ga-gil"/>
    <tag k="name:ko" v="종로31가길"/>
  </way>
  <way id="381218128">
    <nd ref="3844548549"/>
    <nd ref="3844548553"/>
    <nd ref="3844548552"/>
    <nd ref="3844548544"/>
    <nd ref="4170039974"/>
    <tag k="highway" v="residential"/>
    <tag k="lane_markings" v="no"/>
    <tag k="name" v="창경궁로"/>
    <tag k="name:en" v="Changgyeonggung-ro"/>
    <tag k="name:ko" v="창경궁로"/>
    <tag k="surface" v="asphalt"/>
  </way>
  <way id="381453798">
    <nd ref="3846550594"/>
    <nd ref="9041090910"/>
    <nd ref="9041090909"/>
    <nd ref="3846550598"/>
    <nd ref="3846550599"/>
    <tag k="highway" v="residential"/>
    <tag k="name" v="을지로"/>
    <tag k="name:en" v="Eulji-ro"/>
    <tag k="name:etymology" v="을지문덕"/>
    <tag k="name:etymology:wikidata" v="Q702878"/>
    <tag k="name:etymology:wikipedia" v="ko:을지문덕"/>
    <tag k="name:ko" v="을지로"/>
    <tag k="wikidata" v="Q483304"/>
    <tag k="wikipedia" v="ko:을지로"/>
  </way>
  <way id="381453800">
    <nd ref="436839432"/>
    <nd ref="3846550584"/>
    <nd ref="3846550586"/>
    <nd ref="3846550587"/>
    <nd ref="3846550588"/>
    <nd ref="3846550589"/>
    <nd ref="3846550590"/>
    <nd ref="4202879197"/>
    <tag k="highway" v="residential"/>
    <tag k="name" v="마른내로"/>
    <tag k="name:en" v="Mareunnae-ro"/>
    <tag k="name:ko" v="마른내로"/>
  </way>
  <way id="381456419">
    <nd ref="3846577588"/>
    <nd ref="3846577584"/>
    <nd ref="3846577582"/>
    <nd ref="3846577580"/>
    <nd ref="3846577577"/>
    <nd ref="3846577574"/>
    <nd ref="3846577573"/>
    <nd ref="3846577569"/>
    <nd ref="3846577567"/>
    <nd ref="3846577563"/>
    <nd ref="3846577561"/>
    <nd ref="3846577552"/>
    <tag k="highway" v="residential"/>
    <tag k="name" v="마른내로"/>
    <tag k="name:en" v="Mareunnae-ro"/>
    <tag k="name:ko" v="마른내로"/>
  </way>
  <way id="381456432">
    <nd ref="3846577600"/>
    <nd ref="3846577594"/>
    <tag k="highway" v="residential"/>
    <tag k="name" v="을지로20길"/>
    <tag k="name:en" v="Eulji-ro 20-gil"/>
    <tag k="name:ko" v="을지로20길"/>
  </way>
  <way id="381456453">
    <nd ref="3846577593"/>
    <nd ref="3846577590"/>
    <nd ref="3846577589"/>
    <nd ref="3846577588"/>
    <nd ref="3846577587"/>
    <tag k="highway" v="residential"/>
    <tag k="name" v="을지로20길"/>
    <tag k="name:en" v="Eulji-ro 20-gil"/>
    <tag k="name:ko" v="을지로20길"/>
  </way>
  <way id="381456469">
    <nd ref="3846577590"/>
    <nd ref="3846577586"/>
    <nd ref="3846577583"/>
    <nd ref="3846577581"/>
    <nd ref="3846577576"/>
    <nd ref="4203161585"/>
    <nd ref="3846577570"/>
    <nd ref="3846577564"/>
    <nd ref="3846577556"/>
    <tag k="highway" v="residential"/>
    <tag k="name" v="마른내로"/>
    <tag k="name:en" v="Mareunnae-ro"/>
    <tag k="name:ko" v="마른내로"/>
  </way>
  <way id="395564622">
    <nd ref="1326151624"/>
    <nd ref="1326151559"/>
    <nd ref="4202879197"/>
    <nd ref="1326151656"/>
    <nd ref="3846550585"/>
    <nd ref="3846542640"/>
    <tag k="highway" v="residential"/>
    <tag k="name" v="을지로30길"/>
    <tag k="name:en" v="Eulji-ro 30-gil"/>
    <tag k="name:ko" v="을지로30길"/>
  </way>
  <way id="415962764">
    <nd ref="4168666905"/>
    <nd ref="4168666907"/>
    <nd ref="4168666906"/>
    <tag k="highway" v="residential"/>
    <tag k="lane_markings" v="no"/>
    <tag k="name" v="창경궁로"/>
    <tag k="name:en" v="Changgyeonggung-ro"/>
    <tag k="name:ko" v="창경궁로"/>
    <tag k="surface" v="asphalt"/>
  </way>
  <way id="416172056">
    <nd ref="4170039974"/>
    <nd ref="3844548529"/>
    <nd ref="3844548527"/>
    <nd ref="3844548519"/>
    <nd ref="2376659669"/>
    <tag k="highway" v="residential"/>
    <tag k="name" v="창경궁로16길"/>
    <tag k="name:en" v="Changgyeonggung-ro 16-gil"/>
    <tag k="name:ko" v="창경궁로16길"/>
  </way>
  <way id="416172059">
    <nd ref="4170039982"/>
    <nd ref="4170039983"/>
    <tag k="highway" v="residential"/>
    <tag k="name" v="창경궁로16길"/>
    <tag k="name:en" v="Changgyeonggung-ro 16-gil"/>
    <tag k="name:ko" v="창경궁로16길"/>
  </way>
  <way id="416172062">
    <nd ref="4170039988"/>
    <nd ref="11517790101"/>
    <nd ref="11517790102"/>
    <nd ref="4170040292"/>
    <nd ref="4170040289"/>
    <nd ref="4170039987"/>
    <tag k="highway" v="residential"/>
    <tag k="name" v="창경궁로21길"/>
    <tag k="name:en" v="Changgyeonggung-ro 21-gil"/>
    <tag k="name:ko" v="창경궁로21길"/>
  </way>
  <way id="416172064">
    <nd ref="4170040290"/>
    <nd ref="4170040291"/>
    <nd ref="4170040292"/>
    <tag k="highway" v="residential"/>
    <tag k="name" v="동순라길"/>
    <tag k="name:en" v="Dongsulla-gil"/>
    <tag k="name:ko" v="동순라길"/>
  </way>
  <way id="419750456">
    <nd ref="4197546881"/>
    <nd ref="4197560891"/>
    <nd ref="3856263381"/>
    <nd ref="871804058"/>
    <tag k="highway" v="residential"/>
    <tag k="name" v="서순라길"/>
    <tag k="name:en" v="Seosulla-gil"/>
    <tag k="name:ko" v="서순라길"/>
  </way>
  <way id="419750457">
    <nd ref="2523185931"/>
    <nd ref="2419011996"/>
    <tag k="highway" v="residential"/>
    <tag k="name" v="서순라길"/>
    <tag k="name:en" v="Seosulla-gil"/>
    <tag k="name:ko" v="서순라길"/>
  </way>
  <way id="419750458">
    <nd ref="2419011995"/>
    <nd ref="4532820273"/>
    <nd ref="2523185931"/>
    <tag k="highway" v="residential"/>
    <tag k="name" v="돈화문로"/>
    <tag k="name:en" v="Donhwamun-ro"/>
    <tag k="name:ko" v="돈화문로"/>
  </way>
  <way id="419750459">
    <nd ref="4197546882"/>
    <nd ref="2523185927"/>
    <nd ref="4197546883"/>
    <tag k="highway" v="residential"/>
    <tag k="name" v="돈화문로"/>
    <tag k="name:en" v="Donhwamun-ro"/>
    <tag k="name:ko" v="돈화문로"/>
  </way>
  <way id="419750460">
    <nd ref="4197546883"/>
    <nd ref="4197546884"/>
    <tag k="highway" v="residential"/>
    <tag k="name" v="서순라길"/>
    <tag k="name:en" v="Seosulla-gil"/>
    <tag k="name:ko" v="서순라길"/>
  </way>
  <way id="419750461">
    <nd ref="4197546885"/>
    <nd ref="2523185907"/>
    <nd ref="2420018447"/>
    <nd ref="2523185898"/>
    <nd ref="4197560784"/>
    <nd ref="3361809854"/>
    <tag k="highway" v="residential"/>
    <tag k="name" v="돈화문로6길"/>
    <tag k="name:en" v="Donhwamun-ro 6-gil"/>
    <tag k="name:ja" v="敦化門路 6キル"/>
    <tag k="name:ko" v="돈화문로6길"/>
  </way>
  <way id="419752056">
    <nd ref="11280514585"/>
    <nd ref="4197560777"/>
    <nd ref="2523185917"/>
    <nd ref="4197560781"/>
    <nd ref="2523185908"/>
    <nd ref="2523185898"/>
    <tag k="highway" v="residential"/>
    <tag k="name" v="돈화문로6가길"/>
    <tag k="name:en" v="Donhwamun-ro 6ga-gil"/>
    <tag k="name:ko" v="돈화문로6가길"/>
    <tag k="source" v="Bing"/>
  </way>
  <way id="419752057">
    <nd ref="4197560772"/>
    <nd ref="2523185924"/>
    <nd ref="13955245255"/>
    <nd ref="11035607196"/>
    <nd ref="11035607194"/>
    <nd ref="2523185927"/>
    <nd ref="11035607176"/>
    <nd ref="4532820273"/>
    <nd ref="13955245256"/>
    <nd ref="13956618746"/>
    <nd ref="13954834247"/>
    <nd ref="2523185935"/>
    <nd ref="8536100975"/>
    <tag k="highway" v="residential"/>
    <tag k="name" v="율곡로8길"/>
    <tag k="name:en" v="Yulgok-ro 8-gil"/>
    <tag k="name:ko" v="율곡로8길"/>
  </way>
  <way id="419752058">
    <nd ref="4197560774"/>
    <nd ref="4197560773"/>
    <nd ref="4197560775"/>
    <nd ref="11280514566"/>
    <nd ref="4197560776"/>
    <nd ref="2523185920"/>
    <nd ref="4197560772"/>
    <tag k="highway" v="residential"/>
    <tag k="name" v="돈화문로8길"/>
    <tag k="name:en" v="Donhwamun-ro 8-gil"/>
    <tag k="name:ko" v="돈화문로8길"/>
  </way>
  <way id="419752060">
    <nd ref="4197560776"/>
    <nd ref="4197560777"/>
    <tag k="highway" v="residential"/>
    <tag k="name" v="돈화문로8길"/>
    <tag k="name:en" v="Donhwamun-ro 8-gil"/>
    <tag k="name:ko" v="돈화문로8길"/>
  </way>
  <way id="419752063">
    <nd ref="4197560781"/>
    <nd ref="4197560780"/>
    <tag k="highway" v="residential"/>
    <tag k="name" v="돈화문로6가길"/>
    <tag k="name:en" v="Donhwamun-ro 6ga-gil"/>
    <tag k="name:ko" v="돈화문로6가길"/>
  </way>
  <way id="419752064">
    <nd ref="4197560778"/>
    <nd ref="4197560779"/>
    <nd ref="4197560890"/>
    <nd ref="4197560780"/>
    <nd ref="4197560782"/>
    <nd ref="4197560892"/>
    <nd ref="4197560783"/>
    <nd ref="4197560785"/>
    <nd ref="4197560786"/>
    <nd ref="4197560896"/>
    <nd ref="4197560787"/>
    <nd ref="4197560788"/>
    <nd ref="4197560784"/>
    <tag k="highway" v="residential"/>
    <tag k="name" v="돈화문로6나길"/>
    <tag k="name:en" v="Donhwamun-ro 6na-gil"/>
    <tag k="name:ko" v="돈화문로6나길"/>
  </way>
  <way id="419752069">
    <nd ref="2420018447"/>
    <nd ref="3833429844"/>
    <nd ref="4197560899"/>
    <tag k="highway" v="residential"/>
    <tag k="noname" v="yes"/>
  </way>
  <way id="419812102">
    <nd ref="4198110756"/>
    <nd ref="4198110757"/>
    <tag k="highway" v="residential"/>
    <tag k="name" v="창덕궁길"/>
    <tag k="name:en" v="Changdeokgung-gil"/>
    <tag k="name:ko" v="창덕궁길"/>
  </way>
  <way id="419812285">
    <nd ref="4198108253"/>
    <nd ref="4198108254"/>
    <nd ref="10962258500"/>
    <nd ref="4198108255"/>
    <nd ref="1949249824"/>
    <tag k="highway" v="residential"/>
    <tag k="name" v="율곡로6길"/>
    <tag k="name:en" v="Yulgok-ro 6-gil"/>
    <tag k="name:ko" v="율곡로6길"/>
  </way>
  <way id="419812286">
    <nd ref="1949263656"/>
    <nd ref="1949263638"/>
    <nd ref="4198108261"/>
    <nd ref="2419011994"/>
    <nd ref="3824379506"/>
    <nd ref="1949263646"/>
    <nd ref="1949263660"/>
    <nd ref="1949263633"/>
    <nd ref="7174127147"/>
    <nd ref="13973357674"/>
    <nd ref="7174127146"/>
    <nd ref="1949263631"/>
    <nd ref="1949263655"/>
    <nd ref="1949263668"/>
    <nd ref="2420018562"/>
    <nd ref="7295777600"/>
    <nd ref="1949263667"/>
    <tag k="highway" v="residential"/>
    <tag k="name" v="돈화문로11가길"/>
    <tag k="name:en" v="Donhwamun-ro 11ga-gil"/>
    <tag k="name:ja" v="敦化門路 11カ-キル"/>
    <tag k="name:ko" v="돈화문로11가길"/>
    <tag k="surface" v="asphalt"/>
  </way>
  <way id="419812287">
    <nd ref="4198108255"/>
    <nd ref="4198108256"/>
    <nd ref="4198108257"/>
    <nd ref="1949263656"/>
    <nd ref="11987095805"/>
    <nd ref="8536100972"/>
    <tag k="highway" v="residential"/>
    <tag k="name" v="돈화문로11가길"/>
    <tag k="name:en" v="Donhwamun-ro 11ga-gil"/>
    <tag k="name:ko" v="돈화문로11가길"/>
  </way>
  <way id="419812288">
    <nd ref="1949263638"/>
    <nd ref="4198108260"/>
    <tag k="highway" v="residential"/>
    <tag k="name" v="돈화문로11가길"/>
    <tag k="name:en" v="Donhwamun-ro 11ga-gil"/>
    <tag k="name:ko" v="돈화문로11가길"/>
  </way>
  <way id="419812289">
    <nd ref="4198108261"/>
    <nd ref="4198108262"/>
    <nd ref="4198108263"/>
    <tag k="highway" v="residential"/>
    <tag k="name" v="돈화문로11가길"/>
    <tag k="name:en" v="Donhwamun-ro 11ga-gil"/>
    <tag k="name:ko" v="돈화문로11가길"/>
  </way>
  <way id="419812290">
    <nd ref="4198108264"/>
    <nd ref="4198108267"/>
    <nd ref="4198108265"/>
    <nd ref="4198108266"/>
    <tag k="highway" v="residential"/>
    <tag k="name" v="삼일대로32길"/>
    <tag k="name:en" v="Samil-daero 32-gil"/>
    <tag k="name:ko" v="삼일대로32길"/>
  </way>
  <way id="419812291">
    <nd ref="4198108267"/>
    <nd ref="4198108268"/>
    <nd ref="4198108269"/>
    <tag k="highway" v="residential"/>
    <tag k="name" v="율곡로6길"/>
    <tag k="name:en" v="Yulgok-ro 6-gil"/>
    <tag k="name:ko" v="율곡로6길"/>
  </way>
  <way id="419812886">
    <nd ref="4198116847"/>
    <nd ref="4198108263"/>
    <nd ref="2420018606"/>
    <nd ref="2420018608"/>
    <tag k="highway" v="residential"/>
    <tag k="name" v="삼일대로32길"/>
    <tag k="name:en" v="Samil-daero 32-gil"/>
    <tag k="name:ko" v="삼일대로32길"/>
  </way>
  <way id="419812887">
    <nd ref="4198116848"/>
    <nd ref="4198116849"/>
    <nd ref="4198116850"/>
    <nd ref="4198116851"/>
    <nd ref="4198116852"/>
    <nd ref="4198116853"/>
    <nd ref="4198116855"/>
    <nd ref="4198116854"/>
    <nd ref="3833430097"/>
    <tag k="highway" v="residential"/>
    <tag k="name" v="삼일대로32가길"/>
    <tag k="name:en" v="Samil-daero 32ga-gil"/>
    <tag k="name:ko" v="삼일대로32가길"/>
    <tag k="surface" v="asphalt"/>
  </way>
  <way id="419812888">
    <nd ref="4198108253"/>
    <nd ref="4198116856"/>
    <nd ref="4198116859"/>
    <nd ref="4198116857"/>
    <nd ref="2420018587"/>
    <tag k="highway" v="residential"/>
    <tag k="name" v="돈화문로11나길"/>
    <tag k="name:en" v="Donhwamun-ro 11na-gil"/>
    <tag k="name:ko" v="돈화문로11나길"/>
  </way>
  <way id="419812889">
    <nd ref="4198116860"/>
    <nd ref="4198116861"/>
    <nd ref="4198116862"/>
    <nd ref="4198116888"/>
    <nd ref="4198116863"/>
    <nd ref="11306481053"/>
    <nd ref="4198116864"/>
    <tag k="highway" v="residential"/>
    <tag k="name" v="수표로26길"/>
    <tag k="name:en" v="Supyo-ro 26-gil"/>
    <tag k="name:ko" v="수표로26길"/>
  </way>
  <way id="419812890">
    <nd ref="4198116876"/>
    <nd ref="2523185914"/>
    <nd ref="2523185915"/>
    <nd ref="2523185916"/>
    <nd ref="2523185918"/>
    <tag k="highway" v="residential"/>
    <tag k="name" v="돈화문로9길"/>
    <tag k="name:en" v="Donhwamun-ro 9-gil"/>
    <tag k="name:ja" v="敦化門路 9キル"/>
    <tag k="name:ko" v="돈화문로9길"/>
  </way>
  <way id="419812891">
    <nd ref="2523185903"/>
    <nd ref="4198116865"/>
    <nd ref="4198116867"/>
    <nd ref="2523185913"/>
    <tag k="highway" v="residential"/>
    <tag k="name" v="돈화문로9길"/>
    <tag k="name:en" v="Donhwamun-ro 9-gil"/>
    <tag k="name:ko" v="돈화문로9길"/>
  </way>
  <way id="419812894">
    <nd ref="4198116873"/>
    <nd ref="4198116887"/>
    <nd ref="4198116880"/>
    <nd ref="4198116874"/>
    <tag k="highway" v="residential"/>
    <tag k="name" v="돈화문로9가길"/>
    <tag k="name:en" v="Donhwamun-ro 9ga-gil"/>
    <tag k="name:ko" v="돈화문로9가길"/>
  </way>
  <way id="419812895">
    <nd ref="4198116863"/>
    <nd ref="4198116885"/>
    <nd ref="11306481002"/>
    <nd ref="4198116874"/>
    <nd ref="4198116883"/>
    <nd ref="4198116879"/>
    <nd ref="4198116878"/>
    <nd ref="4198116877"/>
    <nd ref="4198116876"/>
    <tag k="highway" v="residential"/>
    <tag k="name" v="돈화문로9가길"/>
    <tag k="name:en" v="Donhwamun-ro 9ga-gil"/>
    <tag k="name:ko" v="돈화문로9가길"/>
  </way>
  <way id="419812896">
    <nd ref="4198116880"/>
    <nd ref="4198116884"/>
    <nd ref="4198116882"/>
    <tag k="highway" v="residential"/>
    <tag k="name" v="돈화문로9가길"/>
    <tag k="name:en" v="Donhwamun-ro 9ga-gil"/>
    <tag k="name:ko" v="돈화문로9가길"/>
  </way>
  <way id="419812904">
    <nd ref="4198117496"/>
    <nd ref="1949249839"/>
    <tag k="highway" v="living_street"/>
    <tag k="name" v="수표로"/>
    <tag k="name:en" v="Supyo-ro"/>
    <tag k="name:ko" v="수표로"/>
  </way>
  <way id="419812905">
    <nd ref="4198117497"/>
    <nd ref="7862172971"/>
    <nd ref="3112732264"/>
    <tag k="highway" v="residential"/>
    <tag k="name" v="종로17길"/>
    <tag k="name:en" v="Jong-ro 17-gil"/>
    <tag k="name:ko" v="종로17길"/>
    <tag k="source" v="survey"/>
  </way>
  <way id="420348552">
    <nd ref="9038884756"/>
    <nd ref="10296582842"/>
    <nd ref="4202879195"/>
    <tag k="highway" v="residential"/>
    <tag k="lanes" v="1"/>
    <tag k="name" v="창경궁로"/>
    <tag k="name:en" v="Changgyeonggung-ro"/>
    <tag k="name:ko" v="창경궁로"/>
    <tag k="oneway" v="no"/>
    <tag k="surface" v="asphalt"/>
  </way>
  <way id="420348553">
    <nd ref="4202879196"/>
    <nd ref="1326151648"/>
    <tag k="highway" v="residential"/>
    <tag k="name" v="을지로30길"/>
    <tag k="name:en" v="Eulji-ro 30-gil"/>
    <tag k="name:ko" v="을지로30길"/>
  </way>
  <way id="420348555">
    <nd ref="4202879197"/>
    <nd ref="9345088632"/>
    <nd ref="1326151654"/>
    <nd ref="1326151602"/>
    <nd ref="1326151639"/>
    <tag k="highway" v="residential"/>
    <tag k="name" v="창경궁로"/>
    <tag k="name:en" v="Changgyeonggung-ro"/>
    <tag k="name:ko" v="창경궁로"/>
    <tag k="surface" v="asphalt"/>
  </way>
  <way id="420383141">
    <nd ref="1945254694"/>
    <nd ref="2374692792"/>
    <nd ref="2374692779"/>
    <nd ref="4203227035"/>
    <nd ref="4203161539"/>
    <tag k="highway" v="secondary"/>
    <tag k="maxspeed" v="50"/>
    <tag k="maxspeed:type" v="sign"/>
    <tag k="name" v="충무로"/>
    <tag k="name:en" v="Chungmu-ro"/>
    <tag k="name:ja" v="忠武路"/>
    <tag k="name:ja-Hira" v="チュンムロ"/>
    <tag k="name:ko" v="충무로"/>
    <tag k="oneway" v="yes"/>
    <tag k="sidewalk" v="both"/>
    <tag k="surface" v="asphalt"/>
  </way>
  <way id="420383147">
    <nd ref="1815458077"/>
    <nd ref="4203161546"/>
    <tag k="highway" v="residential"/>
    <tag k="name" v="충무로5길"/>
    <tag k="name:en" v="Chungmu-ro 5-gil"/>
    <tag k="name:ko" v="충무로5길"/>
  </way>
  <way id="420383159">
    <nd ref="4203161581"/>
    <nd ref="1327214747"/>
    <nd ref="3846577611"/>
    <nd ref="13325762296"/>
    <nd ref="1327214733"/>
    <nd ref="1327214761"/>
    <nd ref="1327214770"/>
    <nd ref="1327214743"/>
    <nd ref="1327214728"/>
    <nd ref="1327214757"/>
    <nd ref="1327214736"/>
    <tag k="highway" v="residential"/>
    <tag k="name" v="을지로16길"/>
    <tag k="name:en" v="Eulji-ro 16-gil"/>
    <tag k="name:ko" v="을지로16길"/>
  </way>
  <way id="420391187">
    <nd ref="4203238478"/>
    <nd ref="4203238479"/>
    <nd ref="4203238484"/>
    <nd ref="4203238480"/>
    <nd ref="12759982181"/>
    <nd ref="4203238481"/>
    <tag k="highway" v="residential"/>
    <tag k="name" v="을지로"/>
    <tag k="name:en" v="Eulji-ro"/>
    <tag k="name:etymology" v="을지문덕"/>
    <tag k="name:etymology:wikidata" v="Q702878"/>
    <tag k="name:etymology:wikipedia" v="ko:을지문덕"/>
    <tag k="name:ko" v="을지로"/>
    <tag k="wikidata" v="Q483304"/>
    <tag k="wikipedia" v="ko:을지로"/>
  </way>
  <way id="420391195">
    <nd ref="4203244003"/>
    <nd ref="4203244004"/>
    <tag k="highway" v="residential"/>
    <tag k="name" v="청계천로"/>
    <tag k="name:en" v="Cheonggyecheon-ro"/>
    <tag k="name:ko" v="청계천로"/>
  </way>
  <way id="420391197">
    <nd ref="10316864395"/>
    <nd ref="4203244009"/>
    <nd ref="4203244010"/>
    <nd ref="13371169827"/>
    <nd ref="13371121377"/>
    <nd ref="13371121372"/>
    <nd ref="13371121378"/>
    <nd ref="4203244011"/>
    <tag k="access" v="no"/>
    <tag k="foot" v="yes"/>
    <tag k="highway" v="residential"/>
    <tag k="name" v="창경궁로5길"/>
    <tag k="name:en" v="Changgyeonggung-ro 5-gil"/>
    <tag k="name:ko" v="창경궁로5길"/>
  </way>
  <way id="424940172">
    <nd ref="4242945767"/>
    <nd ref="436875670"/>
    <tag k="highway" v="secondary"/>
    <tag k="lanes" v="8"/>
    <tag k="lanes:backward" v="3"/>
    <tag k="lanes:forward" v="5"/>
    <tag k="name" v="남대문로"/>
    <tag k="name:en" v="Namdaemun-ro"/>
    <tag k="name:ja" v="南大門路"/>
    <tag k="name:ko" v="남대문로"/>
    <tag k="surface" v="asphalt"/>
  </way>
  <way id="431903253">
    <nd ref="5851251266"/>
    <nd ref="11414286332"/>
    <nd ref="5633956118"/>
    <nd ref="5633956117"/>
    <nd ref="4311362735"/>
    <nd ref="7176684827"/>
    <nd ref="4311362736"/>
    <tag k="highway" v="residential"/>
    <tag k="name" v="세종대로19길"/>
    <tag k="name:en" v="Sejong-daero 19-gil"/>
    <tag k="name:ko" v="세종대로19길"/>
  </way>
  <way id="446200290">
    <nd ref="436867528"/>
    <nd ref="4435291463"/>
    <nd ref="4435291473"/>
    <nd ref="4435291469"/>
    <tag k="highway" v="tertiary_link"/>
    <tag k="name" v="삼청로"/>
    <tag k="name:en" v="Samcheong-ro"/>
    <tag k="name:ja" v="三清路(サムチョンノ)"/>
    <tag k="name:ko" v="삼청로"/>
    <tag k="oneway" v="yes"/>
  </way>
  <way id="446672458">
    <nd ref="2449052343"/>
    <nd ref="4439079802"/>
    <nd ref="4439079801"/>
    <nd ref="2309502793"/>
    <tag k="highway" v="tertiary_link"/>
    <tag k="lanes" v="1"/>
    <tag k="name" v="종로5길"/>
    <tag k="name:en" v="Jong-ro 5-gil"/>
    <tag k="name:ko" v="종로5길"/>
    <tag k="oneway" v="yes"/>
    <tag k="surface" v="asphalt"/>
  </way>
  <way id="446743583">
    <nd ref="2064459569"/>
    <nd ref="436794104"/>
    <nd ref="2064459545"/>
    <nd ref="2064459566"/>
    <tag k="highway" v="tertiary_link"/>
    <tag k="lanes" v="2"/>
    <tag k="name" v="종로1길"/>
    <tag k="name:en" v="Jong-ro 1-gil"/>
    <tag k="name:ko" v="종로1길"/>
    <tag k="oneway" v="yes"/>
    <tag k="surface" v="asphalt"/>
  </way>
  <way id="446743584">
    <nd ref="2064459566"/>
    <nd ref="436852186"/>
    <tag k="highway" v="tertiary_link"/>
    <tag k="lanes" v="2"/>
    <tag k="name" v="종로1길"/>
    <tag k="name:en" v="Jong-ro 1-gil"/>
    <tag k="name:ko" v="종로1길"/>
    <tag k="oneway" v="yes"/>
  </way>
  <way id="446743586">
    <nd ref="2449035023"/>
    <nd ref="4439827503"/>
    <nd ref="4439827501"/>
    <tag k="highway" v="residential"/>
    <tag k="lanes" v="1"/>
    <tag k="noname" v="yes"/>
  </way>
  <way id="446743587">
    <nd ref="436794104"/>
    <nd ref="4439827513"/>
    <nd ref="4439827520"/>
    <nd ref="2064459582"/>
    <tag k="highway" v="tertiary_link"/>
    <tag k="lanes" v="1"/>
    <tag k="oneway" v="yes"/>
    <tag k="surface" v="asphalt"/>
  </way>
  <way id="446743590">
    <nd ref="4439827505"/>
    <nd ref="4439827508"/>
    <nd ref="4439827512"/>
    <nd ref="436794097"/>
    <tag k="highway" v="tertiary_link"/>
    <tag k="lanes" v="1"/>
    <tag k="name" v="율곡로2길"/>
    <tag k="name:en" v="Yulgok-ro 2-gil"/>
    <tag k="name:ko" v="율곡로2길"/>
    <tag k="oneway" v="yes"/>
    <tag k="surface" v="asphalt"/>
  </way>
  <way id="446743591">
    <nd ref="2064459558"/>
    <nd ref="4439827521"/>
    <nd ref="11197048730"/>
    <nd ref="4439827514"/>
    <nd ref="4439827510"/>
    <nd ref="4439827505"/>
    <tag k="highway" v="residential"/>
    <tag k="lanes" v="1"/>
    <tag k="name" v="율곡로2길"/>
    <tag k="name:en" v="Yulgok-ro 2-gil"/>
    <tag k="name:ko" v="율곡로2길"/>
    <tag k="oneway" v="yes"/>
    <tag k="surface" v="asphalt"/>
  </way>
  <way id="446744652">
    <nd ref="436852186"/>
    <nd ref="11202894934"/>
    <nd ref="7247641042"/>
    <nd ref="12500626605"/>
    <nd ref="4435291469"/>
    <tag k="highway" v="tertiary"/>
    <tag k="lanes" v="3"/>
    <tag k="name" v="삼청로"/>
    <tag k="name:en" v="Samcheong-ro"/>
    <tag k="name:ja" v="三清路(サムチョンノ)"/>
    <tag k="name:ko" v="삼청로"/>
    <tag k="oneway" v="yes"/>
  </way>
  <way id="469260694">
    <nd ref="436842118"/>
    <nd ref="4636374652"/>
    <nd ref="4636374653"/>
    <nd ref="4636374654"/>
    <nd ref="4636374655"/>
    <nd ref="2420018304"/>
    <nd ref="436877003"/>
    <nd ref="3612320599"/>
    <nd ref="2420018313"/>
    <nd ref="3612320202"/>
    <nd ref="9249769393"/>
    <nd ref="4960162826"/>
    <nd ref="11233115484"/>
    <nd ref="3806620354"/>
    <tag k="highway" v="secondary"/>
    <tag k="horse" v="no"/>
    <tag k="lanes" v="2"/>
    <tag k="name" v="무교로"/>
    <tag k="name:en" v="Mugyo-ro"/>
    <tag k="name:ja" v="武橋路"/>
    <tag k="name:ko" v="무교로"/>
    <tag k="name:ko-Kana" v="ムギョロ"/>
    <tag k="oneway" v="yes"/>
    <tag k="surface" v="asphalt"/>
  </way>
  <way id="469265198">
    <nd ref="4636388802"/>
    <nd ref="5973693841"/>
    <nd ref="4636388803"/>
    <tag k="highway" v="residential"/>
    <tag k="lanes" v="2"/>
    <tag k="maxspeed" v="30"/>
    <tag k="maxspeed:type" v="sign"/>
    <tag k="name" v="종로"/>
    <tag k="name:en" v="Jong-ro"/>
    <tag k="name:ko" v="종로"/>
    <tag k="oneway" v="yes"/>
    <tag k="surface" v="paving_stones"/>
  </way>
  <way id="474532059">
    <nd ref="8380350230"/>
    <nd ref="4636388802"/>
    <nd ref="436718740"/>
    <nd ref="7068953034"/>
    <nd ref="2420018399"/>
    <nd ref="12234253895"/>
    <nd ref="1945254874"/>
    <tag k="cycleway:left" v="no"/>
    <tag k="cycleway:right" v="lane"/>
    <tag k="highway" v="primary"/>
    <tag k="lanes" v="4"/>
    <tag k="maxspeed" v="60"/>
    <tag k="name" v="종로"/>
    <tag k="name:en" v="Jong-ro"/>
    <tag k="name:ja" v="鍾路(チョンノ)"/>
    <tag k="name:ko" v="종로"/>
    <tag k="name:ko-Latn" v="Jongno"/>
    <tag k="name:zh" v="钟路"/>
    <tag k="oneway" v="yes"/>
    <tag k="ref" v="6"/>
    <tag k="surface" v="asphalt"/>
    <tag k="wikidata" v="Q491066"/>
    <tag k="wikipedia" v="ko:종로 (서울)"/>
  </way>
  <way id="480618375">
    <nd ref="13781224162"/>
    <nd ref="436867522"/>
    <nd ref="7174084461"/>
    <nd ref="436867521"/>
    <nd ref="12948826832"/>
    <nd ref="3274370903"/>
    <nd ref="3274370915"/>
    <nd ref="436867520"/>
    <nd ref="8485916657"/>
    <nd ref="10962258490"/>
    <nd ref="9939546023"/>
    <nd ref="11256117035"/>
    <nd ref="1949249824"/>
    <nd ref="3274370904"/>
    <nd ref="8536100968"/>
    <nd ref="11987095811"/>
    <nd ref="436849195"/>
    <tag k="highway" v="primary"/>
    <tag k="lit" v="yes"/>
    <tag k="name" v="율곡로"/>
    <tag k="name:en" v="Yulgok-ro"/>
    <tag k="name:ja" v="栗谷路"/>
    <tag k="name:ko" v="율곡로"/>
    <tag k="name:ko-Latn" v="Yulgok-ro"/>
    <tag k="oneway" v="no"/>
    <tag k="ref" v="50"/>
    <tag k="sidewalk" v="both"/>
    <tag k="surface" v="asphalt"/>
  </way>
  <way id="495905369">
    <nd ref="4876253535"/>
    <nd ref="4876253530"/>
    <nd ref="4876253531"/>
    <nd ref="9935096226"/>
    <nd ref="4876253534"/>
    <nd ref="13110838889"/>
    <nd ref="4876253533"/>
    <nd ref="13110838890"/>
    <nd ref="4876253532"/>
    <tag k="highway" v="primary_link"/>
    <tag k="lanes" v="1"/>
    <tag k="name" v="세종대로"/>
    <tag k="name:en" v="Sejong-daero"/>
    <tag k="name:ja" v="世宗大路(セジョンデロ)"/>
    <tag k="name:ko" v="세종대로"/>
    <tag k="oneway" v="yes"/>
    <tag k="source" v="DigitalGlobe Standard"/>
    <tag k="surface" v="asphalt"/>
  </way>
  <way id="495905370">
    <nd ref="4876253540"/>
    <nd ref="13110838887"/>
    <nd ref="4876253539"/>
    <nd ref="13110838888"/>
    <nd ref="4876253538"/>
    <nd ref="9935096227"/>
    <nd ref="4876253537"/>
    <nd ref="4876253536"/>
    <nd ref="4876253535"/>
    <tag k="highway" v="tertiary_link"/>
    <tag k="lanes" v="1"/>
    <tag k="name" v="사직로8길"/>
    <tag k="name:en" v="Sajik-ro 8-gil"/>
    <tag k="name:ko" v="사직로8길"/>
    <tag k="oneway" v="yes"/>
    <tag k="source" v="DigitalGlobe Standard"/>
    <tag k="surface" v="asphalt"/>
  </way>
  <way id="495905371">
    <nd ref="4876253543"/>
    <nd ref="4876253541"/>
    <nd ref="4876253552"/>
    <tag k="highway" v="tertiary_link"/>
    <tag k="oneway" v="yes"/>
    <tag k="source" v="DigitalGlobe Standard"/>
    <tag k="surface" v="asphalt"/>
  </way>
  <way id="506162633">
    <nd ref="1906188345"/>
    <nd ref="4203161539"/>
    <tag k="bridge" v="yes"/>
    <tag k="bridge:name" v="관수교"/>
    <tag k="bridge:name:ko" v="관수교"/>
    <tag k="highway" v="secondary"/>
    <tag k="layer" v="1"/>
    <tag k="name:en" v="Gwansugyo Bridge"/>
  </way>
  <way id="506246961">
    <nd ref="4960120586"/>
    <nd ref="11233115533"/>
    <nd ref="9249769517"/>
    <nd ref="4960120585"/>
    <tag k="highway" v="residential"/>
    <tag k="noname" v="yes"/>
  </way>
  <way id="506252728">
    <nd ref="3063260473"/>
    <nd ref="11233115473"/>
    <nd ref="4960162824"/>
    <nd ref="11233115472"/>
    <nd ref="4960162825"/>
    <nd ref="11233115479"/>
    <nd ref="4960162826"/>
    <tag k="highway" v="residential"/>
    <tag k="noname" v="yes"/>
    <tag k="surface" v="asphalt"/>
  </way>
  <way id="506252730">
    <nd ref="4960162829"/>
    <nd ref="4960162830"/>
    <nd ref="4960162831"/>
    <tag k="highway" v="residential"/>
    <tag k="noname" v="yes"/>
    <tag k="oneway" v="yes"/>
  </way>
  <way id="512990324">
    <nd ref="2429209302"/>
    <nd ref="13721232779"/>
    <nd ref="5015675993"/>
    <tag k="highway" v="residential"/>
    <tag k="noname" v="yes"/>
  </way>
  <way id="516417601">
    <nd ref="9935071290"/>
    <nd ref="13646979461"/>
    <nd ref="11202819042"/>
    <nd ref="11765711845"/>
    <nd ref="2064414502"/>
    <nd ref="5164654387"/>
    <nd ref="9938355998"/>
    <nd ref="13971409408"/>
    <nd ref="9937135041"/>
    <tag k="bicycle" v="designated"/>
    <tag k="cycleway:right" v="shared_lane"/>
    <tag k="highway" v="primary"/>
    <tag k="lanes" v="3"/>
    <tag k="lit" v="yes"/>
    <tag k="maxspeed" v="50"/>
    <tag k="name" v="세종대로"/>
    <tag k="name:en" v="Sejong-daero"/>
    <tag k="name:ja" v="世宗大路(セジョンデロ)"/>
    <tag k="name:ko" v="세종대로"/>
    <tag k="name:ko-Latn" v="Sejong-daero"/>
    <tag k="name:zh" v="世宗大路"/>
    <tag k="oneway" v="yes"/>
    <tag k="ref" v="48;31"/>
    <tag k="sidewalk:left" v="no"/>
    <tag k="sidewalk:right" v="separate"/>
    <tag k="surface" v="asphalt"/>
    <tag k="wikidata" v="Q623632"/>
    <tag k="wikipedia" v="ko:세종대로"/>
  </way>
  <way id="517318140">
    <nd ref="6278096184"/>
    <nd ref="436852118"/>
    <nd ref="2420018526"/>
    <tag k="covered" v="yes"/>
    <tag k="highway" v="primary"/>
    <tag k="layer" v="-1"/>
    <tag k="name" v="삼일대로"/>
    <tag k="name:en" v="Samil-daero"/>
    <tag k="name:ja" v="三一大路"/>
    <tag k="name:ko" v="삼일대로"/>
    <tag k="name:ko-Latn" v="Samil-daero"/>
    <tag k="oneway" v="yes"/>
    <tag k="tunnel" v="yes"/>
    <tag k="wikidata" v="Q12600302"/>
    <tag k="wikipedia" v="ko:삼일대로"/>
  </way>
  <way id="517583989">
    <nd ref="3844548463"/>
    <nd ref="2376659672"/>
    <tag k="highway" v="primary"/>
    <tag k="lanes" v="4"/>
    <tag k="name" v="창경궁로"/>
    <tag k="name:en" v="Changgyeonggung-ro"/>
    <tag k="name:ja" v="昌慶宮路"/>
    <tag k="name:ko" v="창경궁로"/>
    <tag k="name:ko-Latn" v="Changgyeonggung-ro"/>
    <tag k="surface" v="asphalt"/>
  </way>
  <way id="517641003">
    <nd ref="436874009"/>
    <nd ref="5194567130"/>
    <nd ref="13372915938"/>
    <tag k="highway" v="primary"/>
    <tag k="lanes" v="6"/>
    <tag k="name" v="창경궁로"/>
    <tag k="name:en" v="Changgyeonggung-ro"/>
    <tag k="name:ja" v="昌慶宮路"/>
    <tag k="name:ko" v="창경궁로"/>
    <tag k="name:ko-Latn" v="Changgyeonggung-ro"/>
    <tag k="surface" v="asphalt"/>
  </way>
  <way id="517641007">
    <nd ref="436873999"/>
    <nd ref="7062635487"/>
    <nd ref="1945255025"/>
    <tag k="cycleway:both" v="no"/>
    <tag k="highway" v="primary"/>
    <tag k="lanes" v="4"/>
    <tag k="name" v="창경궁로"/>
    <tag k="name:en" v="Changgyeonggung-ro"/>
    <tag k="name:ja" v="昌慶宮路"/>
    <tag k="name:ko" v="창경궁로"/>
    <tag k="name:ko-Latn" v="Changgyeonggung-ro"/>
    <tag k="smoothness" v="good"/>
    <tag k="surface" v="asphalt"/>
  </way>
  <way id="517641011">
    <nd ref="5702191564"/>
    <nd ref="11175869509"/>
    <nd ref="1945255000"/>
    <nd ref="7199553987"/>
    <nd ref="1945254995"/>
    <nd ref="7121587894"/>
    <nd ref="11175869496"/>
    <nd ref="3251228208"/>
    <nd ref="3833429839"/>
    <nd ref="4197560899"/>
    <nd ref="3514148693"/>
    <nd ref="1945254981"/>
    <tag k="highway" v="primary"/>
    <tag k="lanes" v="4"/>
    <tag k="maxspeed" v="60"/>
    <tag k="name" v="종로"/>
    <tag k="name:en" v="Jong-ro"/>
    <tag k="name:ja" v="鐘路"/>
    <tag k="name:ko" v="종로"/>
    <tag k="name:ko-Latn" v="Jongno"/>
    <tag k="oneway" v="yes"/>
    <tag k="ref" v="6"/>
    <tag k="review" v="no"/>
    <tag k="source" v="Bing"/>
    <tag k="surface" v="asphalt"/>
    <tag k="wikidata" v="Q491066"/>
    <tag k="wikipedia" v="ko:종로 (서울)"/>
  </way>
  <way id="517641017">
    <nd ref="1945254981"/>
    <nd ref="3514148193"/>
    <nd ref="3514138894"/>
    <nd ref="3514139394"/>
    <nd ref="3514085495"/>
    <nd ref="1326151571"/>
    <nd ref="11173810840"/>
    <nd ref="1949249830"/>
    <nd ref="1945254962"/>
    <nd ref="3112255629"/>
    <nd ref="8486350200"/>
    <nd ref="1945254919"/>
    <tag k="cycleway:left" v="lane"/>
    <tag k="highway" v="primary"/>
    <tag k="lanes" v="4"/>
    <tag k="maxspeed" v="60"/>
    <tag k="name" v="종로"/>
    <tag k="name:en" v="Jong-ro"/>
    <tag k="name:ja" v="鍾路"/>
    <tag k="name:ko" v="종로"/>
    <tag k="name:ko-Latn" v="Jongno"/>
    <tag k="oneway" v="yes"/>
    <tag k="ref" v="6"/>
    <tag k="sidewalk" v="right"/>
    <tag k="surface" v="asphalt"/>
    <tag k="wikidata" v="Q491066"/>
    <tag k="wikipedia" v="ko:종로 (서울)"/>
  </way>
  <way id="517641026">
    <nd ref="1906188345"/>
    <nd ref="2420018346"/>
    <nd ref="1815457991"/>
    <nd ref="3514148294"/>
    <nd ref="3514148894"/>
    <nd ref="2420018390"/>
    <nd ref="3833429830"/>
    <nd ref="5973693854"/>
    <nd ref="3431320156"/>
    <nd ref="7068953101"/>
    <tag k="highway" v="secondary"/>
    <tag k="name" v="돈화문로"/>
    <tag k="name:en" v="Donhwamun-ro"/>
    <tag k="name:ja" v="敦化門路"/>
    <tag k="name:ko" v="돈화문로"/>
    <tag k="name:ko-Latn" v="Donhwamunno"/>
    <tag k="oneway" v="yes"/>
  </way>
  <way id="517641034">
    <nd ref="436874018"/>
    <nd ref="4168537148"/>
    <nd ref="12194128598"/>
    <nd ref="7062515348"/>
    <nd ref="436874015"/>
    <nd ref="436874013"/>
    <nd ref="7062517421"/>
    <tag k="highway" v="primary"/>
    <tag k="lanes" v="3"/>
    <tag k="lanes:psv" v="1"/>
    <tag k="name" v="창경궁로"/>
    <tag k="name:en" v="Changgyeonggung-ro"/>
    <tag k="name:ja" v="昌慶宮路"/>
    <tag k="name:ko" v="창경궁로"/>
    <tag k="name:ko-Latn" v="Changgyeonggung-ro"/>
    <tag k="oneway" v="yes"/>
    <tag k="psv" v="lane"/>
    <tag k="surface" v="asphalt"/>
  </way>
  <way id="517706841">
    <nd ref="436718744"/>
    <nd ref="3112252733"/>
    <nd ref="13132533957"/>
    <nd ref="2420018377"/>
    <nd ref="2420018368"/>
    <nd ref="2420018351"/>
    <nd ref="2420018335"/>
    <nd ref="436852113"/>
    <tag k="highway" v="primary"/>
    <tag k="maxspeed" v="50"/>
    <tag k="maxspeed:type" v="sign"/>
    <tag k="name" v="삼일대로"/>
    <tag k="name:en" v="Samil-daero"/>
    <tag k="name:ja" v="三一大路"/>
    <tag k="name:ko" v="삼일대로"/>
    <tag k="name:ko-Latn" v="Samil-daero"/>
    <tag k="oneway" v="yes"/>
    <tag k="sidewalk" v="right"/>
    <tag k="surface" v="asphalt"/>
    <tag k="wikidata" v="Q12600302"/>
    <tag k="wikipedia" v="ko:삼일대로"/>
  </way>
  <way id="520484567">
    <nd ref="1945254624"/>
    <nd ref="436830313"/>
    <tag k="highway" v="secondary"/>
    <tag k="lane_markings" v="yes"/>
    <tag k="lanes" v="3"/>
    <tag k="name" v="남대문로"/>
    <tag k="name:en" v="Namdaemun-ro"/>
    <tag k="name:ko" v="남대문로"/>
    <tag k="oneway" v="yes"/>
    <tag k="surface" v="asphalt"/>
  </way>
  <way id="536153616">
    <nd ref="2064414514"/>
    <nd ref="2429209313"/>
    <nd ref="2429209297"/>
    <nd ref="2429209298"/>
    <nd ref="13646979457"/>
    <nd ref="2429209306"/>
    <nd ref="3841809548"/>
    <nd ref="2429209308"/>
    <tag k="cycleway:right" v="no"/>
    <tag k="highway" v="tertiary_link"/>
    <tag k="lanes" v="5"/>
    <tag k="lit" v="yes"/>
    <tag k="maxspeed" v="40"/>
    <tag k="maxspeed:type" v="sign"/>
    <tag k="oneway" v="yes"/>
    <tag k="sidewalk" v="right"/>
    <tag k="sidewalk:right:surface" v="paving_stones"/>
    <tag k="surface" v="asphalt"/>
  </way>
  <way id="536153617">
    <nd ref="11050691924"/>
    <nd ref="13012013149"/>
    <nd ref="9937135037"/>
    <nd ref="10296582524"/>
    <nd ref="10296582523"/>
    <nd ref="2086880554"/>
    <nd ref="2429209311"/>
    <tag k="highway" v="primary_link"/>
    <tag k="lanes" v="1"/>
    <tag k="maxspeed" v="30"/>
    <tag k="name" v="세종대로"/>
    <tag k="name:en" v="Sejong-daero"/>
    <tag k="name:ja" v="世宗大路(セジョンデロ)"/>
    <tag k="name:ko" v="세종대로"/>
    <tag k="oneway" v="yes"/>
    <tag k="review" v="no"/>
    <tag k="source" v="Bing"/>
    <tag k="surface" v="asphalt"/>
  </way>
  <way id="536153619">
    <nd ref="3818627571"/>
    <nd ref="5706326042"/>
    <nd ref="8380350230"/>
    <tag k="cycleway:left" v="no"/>
    <tag k="cycleway:right" v="lane"/>
    <tag k="highway" v="primary_link"/>
    <tag k="lanes" v="1"/>
    <tag k="maxspeed" v="30"/>
    <tag k="oneway" v="yes"/>
    <tag k="review" v="no"/>
    <tag k="source" v="Bing"/>
    <tag k="surface" v="asphalt"/>
  </way>
  <way id="555478018">
    <nd ref="5842932916"/>
    <nd ref="5359231194"/>
    <nd ref="11263758426"/>
    <nd ref="5359231190"/>
    <tag k="highway" v="residential"/>
    <tag k="lit" v="yes"/>
    <tag k="name" v="종로3길"/>
    <tag k="name:en" v="Jong-ro 3-gil"/>
    <tag k="name:ko" v="종로3길"/>
    <tag k="sidewalk" v="both"/>
    <tag k="surface" v="asphalt"/>
  </way>
  <way id="608946830">
    <nd ref="5768277854"/>
    <nd ref="10300412450"/>
    <nd ref="10300412448"/>
    <nd ref="5768277855"/>
    <nd ref="10300412447"/>
    <nd ref="10300412446"/>
    <nd ref="5768277856"/>
    <nd ref="10300412445"/>
    <nd ref="5768277857"/>
    <nd ref="5768277858"/>
    <nd ref="5702191575"/>
    <nd ref="5768277859"/>
    <nd ref="10300412444"/>
    <nd ref="5768277860"/>
    <nd ref="10300412443"/>
    <nd ref="5768277861"/>
    <nd ref="10300412442"/>
    <nd ref="5768277862"/>
    <nd ref="10300412441"/>
    <nd ref="5768277863"/>
    <nd ref="10300412440"/>
    <nd ref="5768277864"/>
    <nd ref="5768277865"/>
    <tag k="highway" v="primary_link"/>
    <tag k="oneway" v="yes"/>
  </way>
  <way id="609878159">
    <nd ref="2064459565"/>
    <nd ref="2064459555"/>
    <nd ref="4439079861"/>
    <nd ref="2064459551"/>
    <tag k="highway" v="tertiary_link"/>
    <tag k="lanes" v="2"/>
    <tag k="name" v="율곡로"/>
    <tag k="name:en" v="Yulgok-ro"/>
    <tag k="name:ja" v="栗谷路(ユルゴクロ)"/>
    <tag k="name:ko" v="율곡로"/>
    <tag k="oneway" v="yes"/>
    <tag k="surface" v="asphalt"/>
  </way>
  <way id="611541489">
    <nd ref="436849202"/>
    <nd ref="2518254132"/>
    <nd ref="2518254130"/>
    <nd ref="436849201"/>
    <tag k="highway" v="tertiary"/>
    <tag k="name" v="창덕궁1길"/>
    <tag k="name:en" v="Changdeokgung 1-gil"/>
    <tag k="name:ja" v="チャンドククン(昌徳宮)1(イル)ギル"/>
    <tag k="name:ko" v="창덕궁1길"/>
    <tag k="name:ko-Latn" v="Changdukkoong il-gil"/>
  </way>
  <way id="611541490">
    <nd ref="5789579391"/>
    <nd ref="5789579390"/>
    <nd ref="436849201"/>
    <tag k="highway" v="tertiary"/>
    <tag k="name" v="창덕궁1길"/>
    <tag k="name:en" v="Changdeokgung 1-gil"/>
    <tag k="name:ja" v="チャンドククン(昌徳宮)1(イル)ギル"/>
    <tag k="name:ko" v="창덕궁1길"/>
    <tag k="name:ko-Latn" v="Changdukkoong il-gil"/>
    <tag k="oneway" v="yes"/>
  </way>
  <way id="611541492">
    <nd ref="436849208"/>
    <nd ref="5803683698"/>
    <nd ref="436849210"/>
    <nd ref="436807145"/>
    <nd ref="436849211"/>
    <nd ref="3199472203"/>
    <nd ref="3199632120"/>
    <nd ref="436849212"/>
    <nd ref="3199472212"/>
    <nd ref="436849213"/>
    <nd ref="5063378091"/>
    <nd ref="436852189"/>
    <nd ref="5778529312"/>
    <tag k="cycleway:both" v="no"/>
    <tag k="highway" v="residential"/>
    <tag k="lanes" v="2"/>
    <tag k="lit" v="yes"/>
    <tag k="name" v="북촌로5길"/>
    <tag k="name:en" v="Bukchon-ro 5-gil"/>
    <tag k="name:ja" v="プクチョンロ5(オ)ギル"/>
    <tag k="name:ko" v="북촌로5길"/>
    <tag k="name:ko-Latn" v="Bukchonro 5-gil"/>
    <tag k="sidewalk" v="both"/>
    <tag k="sidewalk:both:surface" v="paving_stones"/>
    <tag k="smoothness" v="good"/>
    <tag k="surface" v="asphalt"/>
  </way>
  <way id="613477341">
    <nd ref="11059719419"/>
    <nd ref="11203083979"/>
    <nd ref="11203083993"/>
    <nd ref="11173361278"/>
    <nd ref="2087933396"/>
    <nd ref="4276255168"/>
    <nd ref="5804596023"/>
    <tag k="highway" v="primary"/>
    <tag k="lanes" v="3"/>
    <tag k="name" v="삼일대로"/>
    <tag k="name:en" v="Samil-daero"/>
    <tag k="name:ja" v="三一大路"/>
    <tag k="name:ko" v="삼일대로"/>
    <tag k="name:ko-Latn" v="Samil-daero"/>
    <tag k="oneway" v="yes"/>
    <tag k="surface" v="asphalt"/>
    <tag k="wikidata" v="Q12600302"/>
    <tag k="wikipedia" v="ko:삼일대로"/>
  </way>
  <way id="616037663">
    <nd ref="3818627572"/>
    <nd ref="11197929751"/>
    <nd ref="11197929743"/>
    <nd ref="2697100729"/>
    <tag k="highway" v="primary"/>
    <tag k="lanes" v="3"/>
    <tag k="maxspeed" v="50"/>
    <tag k="name" v="세종대로"/>
    <tag k="name:en" v="Sejong-daero"/>
    <tag k="name:ja" v="世宗大路"/>
    <tag k="name:ko" v="세종대로"/>
    <tag k="oneway" v="yes"/>
    <tag k="ref" v="31"/>
    <tag k="surface" v="asphalt"/>
    <tag k="wikidata" v="Q623632"/>
    <tag k="wikipedia" v="ko:세종대로"/>
  </way>
  <way id="616037664">
    <nd ref="2429209302"/>
    <nd ref="3841809508"/>
    <nd ref="2309502788"/>
    <nd ref="4141081204"/>
    <nd ref="4876253540"/>
    <nd ref="4876253532"/>
    <nd ref="11202819041"/>
    <nd ref="13646979460"/>
    <nd ref="11202819045"/>
    <nd ref="9935071282"/>
    <tag k="bicycle" v="designated"/>
    <tag k="cycleway:right" v="shared_lane"/>
    <tag k="highway" v="primary"/>
    <tag k="lanes" v="4"/>
    <tag k="lit" v="yes"/>
    <tag k="maxspeed" v="50"/>
    <tag k="name" v="세종대로"/>
    <tag k="name:en" v="Sejong-daero"/>
    <tag k="name:ja" v="世宗大路(セジョンデロ)"/>
    <tag k="name:ko" v="세종대로"/>
    <tag k="name:zh" v="世宗大路"/>
    <tag k="oneway" v="yes"/>
    <tag k="ref" v="48;31"/>
    <tag k="sidewalk:left" v="no"/>
    <tag k="sidewalk:right" v="separate"/>
    <tag k="surface" v="asphalt"/>
    <tag k="wikidata" v="Q623632"/>
    <tag k="wikipedia" v="ko:세종대로"/>
  </way>
  <way id="618124288">
    <nd ref="2064459565"/>
    <nd ref="4439079864"/>
    <nd ref="11202894932"/>
    <nd ref="5194567153"/>
    <tag k="highway" v="tertiary_link"/>
    <tag k="lanes" v="2"/>
    <tag k="name" v="사직로"/>
    <tag k="name:en" v="Sajik-ro"/>
    <tag k="name:ja" v="社稷路(サジクロ)"/>
    <tag k="name:ko" v="사직로"/>
    <tag k="oneway" v="yes"/>
    <tag k="surface" v="asphalt"/>
  </way>
  <way id="619392625">
    <nd ref="5853280339"/>
    <nd ref="13110839011"/>
    <nd ref="2064459547"/>
    <tag k="cycleway:left" v="no"/>
    <tag k="cycleway:right" v="lane"/>
    <tag k="highway" v="primary"/>
    <tag k="lane_markings" v="yes"/>
    <tag k="maxspeed" v="50"/>
    <tag k="maxspeed:type" v="sign"/>
    <tag k="name" v="율곡로"/>
    <tag k="name:en" v="Yulgok-ro"/>
    <tag k="name:ja" v="栗谷路"/>
    <tag k="name:ko" v="율곡로"/>
    <tag k="oneway" v="yes"/>
    <tag k="surface" v="asphalt"/>
  </way>
  <way id="620604518">
    <nd ref="1936511585"/>
    <nd ref="11197929749"/>
    <nd ref="2597444284"/>
    <nd ref="414683338"/>
    <tag k="highway" v="primary"/>
    <tag k="lanes" v="3"/>
    <tag k="layer" v="1"/>
    <tag k="maxspeed" v="60"/>
    <tag k="name" v="새문안로"/>
    <tag k="name:en" v="Saemunan-ro"/>
    <tag k="name:ja" v="新門路(セムナンロ)"/>
    <tag k="name:ko" v="새문안로"/>
    <tag k="name:ko-Latn" v="Saemunan-ro"/>
    <tag k="oneway" v="yes"/>
    <tag k="ref" v="6"/>
    <tag k="surface" v="asphalt"/>
  </way>
  <way id="620634300">
    <nd ref="5863541380"/>
    <nd ref="5863541381"/>
    <tag k="bridge" v="yes"/>
    <tag k="bridge:structure" v="beam"/>
    <tag k="cycleway:left" v="no"/>
    <tag k="cycleway:right" v="lane"/>
    <tag k="highway" v="primary"/>
    <tag k="lane_markings" v="yes"/>
    <tag k="layer" v="1"/>
    <tag k="name" v="배오개다리"/>
    <tag k="name:ko" v="배오개다리"/>
    <tag k="oneway" v="yes"/>
    <tag k="oneway:bicycle" v="yes"/>
    <tag k="surface" v="asphalt"/>
  </way>
  <way id="620634302">
    <nd ref="3818627572"/>
    <nd ref="13110838829"/>
    <nd ref="13012013147"/>
    <nd ref="9284853533"/>
    <nd ref="9937135045"/>
    <nd ref="5863541488"/>
    <nd ref="13110838828"/>
    <nd ref="5863541489"/>
    <nd ref="3818627576"/>
    <tag k="highway" v="primary_link"/>
    <tag k="oneway" v="yes"/>
    <tag k="surface" v="asphalt"/>
  </way>
  <way id="620634303">
    <nd ref="3818627576"/>
    <nd ref="436877020"/>
    <nd ref="1936511551"/>
    <nd ref="3825649172"/>
    <nd ref="5851251267"/>
    <tag k="highway" v="primary"/>
    <tag k="lanes" v="8"/>
    <tag k="maxspeed" v="60"/>
    <tag k="name" v="세종대로"/>
    <tag k="name:en" v="Sejong-daero"/>
    <tag k="name:ja" v="世宗大路"/>
    <tag k="name:ko" v="세종대로"/>
    <tag k="name:zh" v="世宗大路"/>
    <tag k="oneway" v="yes"/>
    <tag k="parking:both" v="no"/>
    <tag k="ref" v="31"/>
    <tag k="surface" v="asphalt"/>
    <tag k="wikidata" v="Q623632"/>
    <tag k="wikipedia" v="ko:세종대로"/>
  </way>
  <way id="620634305">
    <nd ref="5863541495"/>
    <nd ref="3806620358"/>
    <tag k="bridge" v="yes"/>
    <tag k="bridge:name" v="모전교"/>
    <tag k="bridge:name:ko" v="모전교"/>
    <tag k="highway" v="secondary"/>
    <tag k="horse" v="no"/>
    <tag k="lanes" v="2"/>
    <tag k="layer" v="1"/>
    <tag k="name:en" v="Mojeongyo (Bridge)"/>
    <tag k="oneway" v="yes"/>
    <tag k="surface" v="asphalt"/>
  </way>
  <way id="620634306">
    <nd ref="436842118"/>
    <nd ref="1945254595"/>
    <tag k="highway" v="primary"/>
    <tag k="lanes" v="3"/>
    <tag k="maxspeed" v="60"/>
    <tag k="name" v="을지로"/>
    <tag k="name:en" v="Eulji-ro"/>
    <tag k="name:etymology" v="을지문덕"/>
    <tag k="name:etymology:wikidata" v="Q702878"/>
    <tag k="name:etymology:wikipedia" v="ko:을지문덕"/>
    <tag k="name:ja" v="乙支路"/>
    <tag k="name:ko" v="을지로"/>
    <tag k="name:zh" v="乙支路"/>
    <tag k="surface" v="asphalt"/>
    <tag k="wikidata" v="Q483304"/>
    <tag k="wikipedia" v="ko:을지로"/>
  </way>
  <way id="634096163">
    <nd ref="2087933452"/>
    <nd ref="11170069512"/>
    <nd ref="11170069513"/>
    <nd ref="2087933396"/>
    <tag k="highway" v="residential"/>
    <tag k="name" v="명동13길"/>
    <tag k="name:en" v="Myeongdong 13-gil"/>
    <tag k="name:ko" v="명동13길"/>
    <tag k="surface" v="asphalt"/>
  </way>
  <way id="651229500">
    <nd ref="3612320598"/>
    <nd ref="6107335405"/>
    <tag k="highway" v="residential"/>
    <tag k="name" v="세종대로20길"/>
    <tag k="name:en" v="Sejong-daero 20-gil"/>
    <tag k="name:ko" v="세종대로20길"/>
  </way>
  <way id="656122980">
    <nd ref="6146661393"/>
    <nd ref="6146661392"/>
    <tag k="bridge" v="yes"/>
    <tag k="highway" v="primary"/>
    <tag k="layer" v="1"/>
    <tag k="name" v="삼일대로"/>
    <tag k="name:en" v="Samil-daero"/>
    <tag k="name:ja" v="三一大路"/>
    <tag k="name:ko" v="삼일대로"/>
    <tag k="name:ko-Latn" v="Samil-daero"/>
    <tag k="oneway" v="yes"/>
    <tag k="surface" v="asphalt"/>
    <tag k="wikidata" v="Q12600302"/>
    <tag k="wikipedia" v="ko:삼일대로"/>
  </way>
  <way id="656122981">
    <nd ref="6146661392"/>
    <nd ref="871729376"/>
    <nd ref="11173361256"/>
    <nd ref="3369577593"/>
    <nd ref="9271052085"/>
    <nd ref="2420018295"/>
    <nd ref="2374692793"/>
    <nd ref="11203083989"/>
    <nd ref="414685871"/>
    <tag k="highway" v="primary"/>
    <tag k="lanes" v="3"/>
    <tag k="maxspeed" v="50"/>
    <tag k="maxspeed:type" v="sign"/>
    <tag k="name" v="삼일대로"/>
    <tag k="name:en" v="Samil-daero"/>
    <tag k="name:ja" v="三一大路"/>
    <tag k="name:ko" v="삼일대로"/>
    <tag k="name:ko-Latn" v="Samil-daero"/>
    <tag k="oneway" v="yes"/>
    <tag k="surface" v="asphalt"/>
    <tag k="wikidata" v="Q12600302"/>
    <tag k="wikipedia" v="ko:삼일대로"/>
  </way>
  <way id="656122988">
    <nd ref="6146661411"/>
    <nd ref="1691642802"/>
    <tag k="highway" v="residential"/>
    <tag k="oneway" v="yes"/>
  </way>
  <way id="656122990">
    <nd ref="1691642796"/>
    <nd ref="6146661409"/>
    <tag k="highway" v="residential"/>
    <tag k="oneway" v="yes"/>
  </way>
  <way id="656122991">
    <nd ref="6146661408"/>
    <nd ref="1691642790"/>
    <tag k="highway" v="residential"/>
    <tag k="oneway" v="yes"/>
  </way>
  <way id="656122993">
    <nd ref="871804259"/>
    <nd ref="6146661406"/>
    <tag k="highway" v="residential"/>
    <tag k="oneway" v="yes"/>
  </way>
  <way id="670402099">
    <nd ref="6278096183"/>
    <nd ref="7816990854"/>
    <nd ref="6278096184"/>
    <tag k="covered" v="yes"/>
    <tag k="highway" v="primary"/>
    <tag k="layer" v="-1"/>
    <tag k="name" v="삼일대로"/>
    <tag k="name:en" v="Samil-daero"/>
    <tag k="name:ja" v="三一大路"/>
    <tag k="name:ko" v="삼일대로"/>
    <tag k="name:ko-Latn" v="Samil-daero"/>
    <tag k="oneway" v="yes"/>
    <tag k="tunnel" v="yes"/>
    <tag k="wikidata" v="Q12600302"/>
    <tag k="wikipedia" v="ko:삼일대로"/>
  </way>
  <way id="670402100">
    <nd ref="1949249835"/>
    <nd ref="436852119"/>
    <tag k="highway" v="primary"/>
    <tag k="name" v="삼일대로"/>
    <tag k="name:en" v="Samil-daero"/>
    <tag k="name:ja" v="三一大路"/>
    <tag k="name:ko" v="삼일대로"/>
    <tag k="name:ko-Latn" v="Samil-daero"/>
    <tag k="oneway" v="yes"/>
    <tag k="wikidata" v="Q12600302"/>
    <tag k="wikipedia" v="ko:삼일대로"/>
  </way>
  <way id="708672701">
    <nd ref="1945254561"/>
    <nd ref="2087933403"/>
    <nd ref="2087933388"/>
    <nd ref="6687090883"/>
    <nd ref="8552238245"/>
    <nd ref="8552238246"/>
    <nd ref="436849185"/>
    <nd ref="8552238248"/>
    <nd ref="8552238250"/>
    <nd ref="2087933466"/>
    <nd ref="8552238249"/>
    <nd ref="6687209869"/>
    <nd ref="6687209873"/>
    <nd ref="436830309"/>
    <nd ref="6687146123"/>
    <nd ref="6687209861"/>
    <nd ref="3546145549"/>
    <tag k="highway" v="secondary"/>
    <tag k="lane_markings" v="yes"/>
    <tag k="lanes" v="4"/>
    <tag k="maxspeed" v="50"/>
    <tag k="name" v="남대문로"/>
    <tag k="name:en" v="Namdaemun-ro"/>
    <tag k="name:ja" v="南大門路"/>
    <tag k="name:ko" v="남대문로"/>
    <tag k="oneway" v="yes"/>
    <tag k="surface" v="asphalt"/>
  </way>
  <way id="717851360">
    <nd ref="2420018526"/>
    <nd ref="3112732258"/>
    <nd ref="3613962204"/>
    <nd ref="11873936941"/>
    <nd ref="10923974174"/>
    <nd ref="436852116"/>
    <nd ref="3112252731"/>
    <nd ref="11329537683"/>
    <nd ref="1945254919"/>
    <tag k="highway" v="primary"/>
    <tag k="lane_markings" v="yes"/>
    <tag k="name" v="삼일대로"/>
    <tag k="name:en" v="Samil-daero"/>
    <tag k="name:ja" v="三一大路"/>
    <tag k="name:ko" v="삼일대로"/>
    <tag k="name:ko-Latn" v="Samil-daero"/>
    <tag k="oneway" v="yes"/>
    <tag k="surface" v="asphalt"/>
    <tag k="wikidata" v="Q12600302"/>
    <tag k="wikipedia" v="ko:삼일대로"/>
  </way>
  <way id="717851361">
    <nd ref="436852119"/>
    <nd ref="11197048735"/>
    <nd ref="8486350162"/>
    <nd ref="6278096183"/>
    <tag k="covered" v="yes"/>
    <tag k="highway" v="primary"/>
    <tag k="layer" v="-1"/>
    <tag k="name" v="삼일대로"/>
    <tag k="name:en" v="Samil-daero"/>
    <tag k="name:ja" v="三一大路"/>
    <tag k="name:ko" v="삼일대로"/>
    <tag k="name:ko-Latn" v="Samil-daero"/>
    <tag k="oneway" v="yes"/>
    <tag k="tunnel" v="yes"/>
    <tag k="wikidata" v="Q12600302"/>
    <tag k="wikipedia" v="ko:삼일대로"/>
  </way>
  <way id="732213462">
    <nd ref="436844961"/>
    <nd ref="5863541380"/>
    <tag k="highway" v="primary"/>
    <tag k="lanes" v="4"/>
    <tag k="name" v="창경궁로"/>
    <tag k="name:en" v="Changgyeonggung-ro"/>
    <tag k="name:ja" v="昌慶宮路"/>
    <tag k="name:ko" v="창경궁로"/>
    <tag k="name:ko-Latn" v="Changgyeonggung-ro"/>
    <tag k="oneway" v="yes"/>
    <tag k="surface" v="asphalt"/>
  </way>
  <way id="732213463">
    <nd ref="436844961"/>
    <nd ref="436875658"/>
    <nd ref="7184472006"/>
    <nd ref="8299072618"/>
    <nd ref="7184472005"/>
    <nd ref="7184472002"/>
    <nd ref="7184472001"/>
    <nd ref="871804276"/>
    <nd ref="1691642802"/>
    <nd ref="13335738007"/>
    <nd ref="436875660"/>
    <nd ref="13335486279"/>
    <nd ref="1815457940"/>
    <nd ref="11863221102"/>
    <nd ref="5863541505"/>
    <nd ref="1906188345"/>
    <tag k="bicycle" v="designated"/>
    <tag k="cycleway:left" v="track"/>
    <tag k="highway" v="primary"/>
    <tag k="lanes" v="2"/>
    <tag k="name" v="청계천로"/>
    <tag k="name:en" v="Cheonggyecheon-ro"/>
    <tag k="name:ja" v="清渓川路"/>
    <tag k="name:ko" v="청계천로"/>
    <tag k="name:ko-Latn" v="Cheonggyecheon-ro"/>
    <tag k="oneway" v="yes"/>
    <tag k="oneway:bicycle" v="yes"/>
    <tag k="surface" v="asphalt"/>
  </way>
  <way id="769110715">
    <nd ref="4203161576"/>
    <nd ref="4203161579"/>
    <nd ref="4791329524"/>
    <nd ref="7179553035"/>
    <nd ref="7179536468"/>
    <nd ref="7179553036"/>
    <nd ref="4791329526"/>
    <nd ref="4791329527"/>
    <nd ref="7179536470"/>
    <nd ref="7179536464"/>
    <nd ref="7179536461"/>
    <nd ref="7179536462"/>
    <nd ref="3846577553"/>
    <tag k="highway" v="residential"/>
    <tag k="name" v="을지로24길"/>
    <tag k="name:en" v="Eulji-ro 24-gil"/>
    <tag k="name:ko" v="을지로24길"/>
  </way>
  <way id="769110722">
    <nd ref="7179536472"/>
    <nd ref="4203161576"/>
    <tag k="highway" v="residential"/>
  </way>
  <way id="769668045">
    <nd ref="7184382779"/>
    <nd ref="5920996808"/>
    <nd ref="871804265"/>
    <tag k="highway" v="residential"/>
    <tag k="lane_markings" v="no"/>
    <tag k="name" v="종로28길"/>
    <tag k="name:en" v="Jong-ro 28-gil"/>
    <tag k="name:ko" v="종로28길"/>
    <tag k="surface" v="asphalt"/>
  </way>
  <way id="770899736">
    <nd ref="7195841973"/>
    <nd ref="4694627004"/>
    <nd ref="3844548708"/>
    <nd ref="13735062342"/>
    <nd ref="13735062364"/>
    <tag k="highway" v="primary"/>
    <tag k="lanes" v="7"/>
    <tag k="lanes:backward" v="2"/>
    <tag k="lanes:forward" v="5"/>
    <tag k="lit" v="yes"/>
    <tag k="maxspeed" v="50"/>
    <tag k="maxspeed:type" v="sign"/>
    <tag k="name" v="율곡로"/>
    <tag k="name:en" v="Yulgok-ro"/>
    <tag k="name:ja" v="栗谷路"/>
    <tag k="name:ko" v="율곡로"/>
    <tag k="name:ko-Latn" v="Yulgok-ro"/>
    <tag k="oneway" v="yes"/>
    <tag k="ref" v="50"/>
    <tag k="sidewalk" v="right"/>
    <tag k="surface" v="asphalt"/>
  </way>
  <way id="770899737">
    <nd ref="436867515"/>
    <nd ref="10608879128"/>
    <nd ref="436867513"/>
    <nd ref="436867512"/>
    <nd ref="436867511"/>
    <nd ref="5194567138"/>
    <nd ref="7195841973"/>
    <tag k="highway" v="primary"/>
    <tag k="layer" v="-1"/>
    <tag k="lit" v="yes"/>
    <tag k="maxspeed" v="50"/>
    <tag k="maxspeed:type" v="sign"/>
    <tag k="name" v="율곡로"/>
    <tag k="name:en" v="Yulgok-ro"/>
    <tag k="name:ja" v="栗谷路"/>
    <tag k="name:ko" v="율곡로"/>
    <tag k="name:ko-Latn" v="Yulgok-ro"/>
    <tag k="oneway" v="yes"/>
    <tag k="surface" v="asphalt"/>
    <tag k="tunnel" v="yes"/>
    <tag k="tunnel:name" v="율곡터널"/>
  </way>
  <way id="773003427">
    <nd ref="2463587951"/>
    <nd ref="7217350266"/>
    <nd ref="7217350267"/>
    <nd ref="7217350269"/>
    <nd ref="7217350268"/>
    <nd ref="2420018318"/>
    <tag k="highway" v="residential"/>
    <tag k="oneway" v="yes"/>
  </way>
  <way id="773060737">
    <nd ref="9935071282"/>
    <nd ref="9935071281"/>
    <nd ref="9935096219"/>
    <nd ref="9935071280"/>
    <nd ref="9935071279"/>
    <nd ref="9935071278"/>
    <nd ref="9935071277"/>
    <nd ref="9935071299"/>
    <nd ref="1813560527"/>
    <nd ref="2064425755"/>
    <nd ref="13971393083"/>
    <nd ref="2064459580"/>
    <nd ref="5842932915"/>
    <nd ref="2064459566"/>
    <tag k="highway" v="primary"/>
    <tag k="lanes" v="3"/>
    <tag k="name" v="사직로"/>
    <tag k="name:en" v="Sajik-ro"/>
    <tag k="name:ja" v="社稷路(サジクロ)"/>
    <tag k="name:ko" v="사직로"/>
    <tag k="name:zh" v="社稷路"/>
    <tag k="oneway" v="yes"/>
    <tag k="ref" v="50"/>
    <tag k="sidewalk:left" v="no"/>
    <tag k="sidewalk:right" v="separate"/>
    <tag k="surface" v="asphalt"/>
  </way>
  <way id="773060739">
    <nd ref="2064459547"/>
    <nd ref="11197972368"/>
    <nd ref="5194567150"/>
    <nd ref="2064459576"/>
    <nd ref="5194567144"/>
    <nd ref="2064459561"/>
    <tag k="cycleway:left" v="no"/>
    <tag k="cycleway:right" v="shared_lane"/>
    <tag k="highway" v="primary"/>
    <tag k="lanes" v="3"/>
    <tag k="lit" v="yes"/>
    <tag k="maxspeed" v="50"/>
    <tag k="maxspeed:type" v="sign"/>
    <tag k="name" v="율곡로"/>
    <tag k="name:en" v="Yulgok-ro"/>
    <tag k="name:ja" v="栗谷路"/>
    <tag k="name:ko" v="율곡로"/>
    <tag k="oneway" v="yes"/>
    <tag k="ref" v="50"/>
    <tag k="sidewalk" v="right"/>
    <tag k="surface" v="asphalt"/>
  </way>
  <way id="782892487">
    <nd ref="8486350189"/>
    <nd ref="8486350178"/>
    <nd ref="13956673566"/>
    <nd ref="8486474407"/>
    <nd ref="8486350185"/>
    <nd ref="8486350180"/>
    <nd ref="8486506146"/>
    <nd ref="8486506147"/>
    <nd ref="8486350160"/>
    <nd ref="8486350183"/>
    <nd ref="8486350182"/>
    <nd ref="436867523"/>
    <tag k="highway" v="primary"/>
    <tag k="name" v="삼일대로"/>
    <tag k="name:en" v="Samil-daero"/>
    <tag k="name:ja" v="三一大路"/>
    <tag k="name:ko" v="삼일대로"/>
    <tag k="name:ko-Latn" v="Samil-daero"/>
    <tag k="oneway" v="yes"/>
    <tag k="sidewalk" v="right"/>
    <tag k="surface" v="asphalt"/>
    <tag k="wikidata" v="Q12600302"/>
    <tag k="wikipedia" v="ko:삼일대로"/>
  </way>
  <way id="782892488">
    <nd ref="7311080415"/>
    <nd ref="11203083987"/>
    <nd ref="11203083996"/>
    <nd ref="436857633"/>
    <nd ref="436867766"/>
    <nd ref="1945254662"/>
    <nd ref="1813641425"/>
    <nd ref="1945254663"/>
    <nd ref="7694743853"/>
    <tag k="cycleway:right" v="no"/>
    <tag k="highway" v="primary"/>
    <tag k="lanes" v="3"/>
    <tag k="lit" v="yes"/>
    <tag k="maxspeed" v="60"/>
    <tag k="name" v="을지로"/>
    <tag k="name:en" v="Eulji-ro"/>
    <tag k="name:etymology" v="을지문덕"/>
    <tag k="name:etymology:wikidata" v="Q702878"/>
    <tag k="name:etymology:wikipedia" v="ko:을지문덕"/>
    <tag k="name:ja" v="乙支路"/>
    <tag k="name:ko" v="을지로"/>
    <tag k="name:ko-Latn" v="Eulji-ro"/>
    <tag k="name:zh" v="乙支路"/>
    <tag k="oneway" v="yes"/>
    <tag k="sidewalk" v="right"/>
    <tag k="sidewalk:right:surface" v="paving_stones"/>
    <tag k="smoothness" v="good"/>
    <tag k="surface" v="asphalt"/>
    <tag k="wikidata" v="Q483304"/>
    <tag k="wikipedia" v="ko:을지로"/>
  </way>
  <way id="788411950">
    <nd ref="3612320203"/>
    <nd ref="3612320598"/>
    <tag k="highway" v="tertiary"/>
    <tag k="name" v="세종대로20길"/>
    <tag k="name:en" v="Sejong-daero 20-gil"/>
    <tag k="name:ko" v="세종대로20길"/>
    <tag k="source" v="survey"/>
  </way>
  <way id="788674830">
    <nd ref="2420018587"/>
    <nd ref="4198116847"/>
    <tag k="highway" v="residential"/>
    <tag k="name" v="삼일대로32길"/>
    <tag k="name:en" v="Samil-daero 32-gil"/>
    <tag k="name:ko" v="삼일대로32길"/>
  </way>
  <way id="788674831">
    <nd ref="4198116882"/>
    <nd ref="2523185915"/>
    <tag k="highway" v="residential"/>
    <tag k="name" v="돈화문로9길"/>
    <tag k="name:en" v="Donhwamun-ro 9-gil"/>
    <tag k="name:ko" v="돈화문로9길"/>
  </way>
  <way id="788674832">
    <nd ref="3514139394"/>
    <nd ref="2420018436"/>
    <tag k="highway" v="residential"/>
    <tag k="lit" v="no"/>
    <tag k="noname" v="yes"/>
    <tag k="sidewalk" v="no"/>
    <tag k="surface" v="paving_stones"/>
  </way>
  <way id="788674833">
    <nd ref="4197560779"/>
    <nd ref="4197560777"/>
    <tag k="highway" v="residential"/>
    <tag k="name" v="돈화문로6가길"/>
    <tag k="name:en" v="Donhwamun-ro 6ga-gil"/>
    <tag k="name:ko" v="돈화문로6가길"/>
  </way>
  <way id="788674835">
    <nd ref="4694627004"/>
    <nd ref="10608879131"/>
    <nd ref="1815457889"/>
    <tag k="highway" v="residential"/>
    <tag k="noname" v="yes"/>
  </way>
  <way id="788674838">
    <nd ref="3844548515"/>
    <nd ref="3844548523"/>
    <tag k="highway" v="residential"/>
    <tag k="noname" v="yes"/>
  </way>
  <way id="824132484">
    <nd ref="1813641482"/>
    <nd ref="13325762294"/>
    <nd ref="7694743852"/>
    <tag k="highway" v="secondary"/>
    <tag k="lane_markings" v="yes"/>
    <tag k="name" v="충무로"/>
    <tag k="name:en" v="Chungmu-ro"/>
    <tag k="name:ja" v="忠武路"/>
    <tag k="name:ja-Hira" v="チュンムロ"/>
    <tag k="name:ko" v="충무로"/>
    <tag k="oneway" v="yes"/>
    <tag k="surface" v="asphalt"/>
  </way>
  <way id="824132486">
    <nd ref="7694743852"/>
    <nd ref="7694743853"/>
    <tag k="highway" v="secondary"/>
    <tag k="name" v="충무로"/>
    <tag k="name:en" v="Chungmu-ro"/>
    <tag k="name:ja" v="忠武路"/>
    <tag k="name:ja-Hira" v="チュンムロ"/>
    <tag k="name:ko" v="충무로"/>
    <tag k="surface" v="asphalt"/>
  </way>
  <way id="825346360">
    <nd ref="2064414514"/>
    <nd ref="11727528548"/>
    <nd ref="11727528550"/>
    <nd ref="11727528551"/>
    <nd ref="11727528552"/>
    <nd ref="11727528564"/>
    <nd ref="9935071271"/>
    <nd ref="9935071284"/>
    <nd ref="9935071285"/>
    <nd ref="11727528553"/>
    <nd ref="9935071286"/>
    <nd ref="11727528565"/>
    <nd ref="9935071287"/>
    <nd ref="11727528554"/>
    <nd ref="11727528566"/>
    <nd ref="9935071288"/>
    <nd ref="11202819046"/>
    <nd ref="11202819043"/>
    <nd ref="11727528557"/>
    <tag k="cycleway:right" v="no"/>
    <tag k="foot" v="no"/>
    <tag k="highway" v="primary"/>
    <tag k="lanes" v="3"/>
    <tag k="lit" v="no"/>
    <tag k="maxspeed" v="40"/>
    <tag k="maxspeed:type" v="sign"/>
    <tag k="name" v="사직로"/>
    <tag k="name:en" v="Sajik-ro"/>
    <tag k="name:ja" v="社稷路(サジクロ)"/>
    <tag k="name:ko" v="사직로"/>
    <tag k="name:ko-Latn" v="Sajingno"/>
    <tag k="name:zh" v="社稷路"/>
    <tag k="oneway" v="yes"/>
    <tag k="ref" v="48"/>
    <tag k="sidewalk" v="no"/>
    <tag k="surface" v="asphalt"/>
  </way>
  <way id="829964067">
    <nd ref="436875671"/>
    <nd ref="7746303713"/>
    <nd ref="7746303714"/>
    <tag k="highway" v="residential"/>
  </way>
  <way id="895829949">
    <nd ref="4198116853"/>
    <nd ref="8327114509"/>
    <nd ref="3361202193"/>
    <tag k="highway" v="residential"/>
  </way>
  <way id="895829950">
    <nd ref="2374692761"/>
    <nd ref="2374692766"/>
    <tag k="highway" v="residential"/>
    <tag k="name" v="충무로9길"/>
    <tag k="name:en" v="Chungmu-ro 9-gil"/>
    <tag k="name:ko" v="충무로9길"/>
    <tag k="oneway" v="yes"/>
  </way>
  <way id="908585158">
    <nd ref="7694743853"/>
    <nd ref="1945254694"/>
    <tag k="highway" v="secondary"/>
    <tag k="name" v="충무로"/>
    <tag k="name:en" v="Chungmu-ro"/>
    <tag k="name:ja" v="忠武路"/>
    <tag k="name:ja-Hira" v="チュンムロ"/>
    <tag k="name:ko" v="충무로"/>
    <tag k="oneway" v="yes"/>
    <tag k="surface" v="asphalt"/>
  </way>
  <way id="908592698">
    <nd ref="1945254981"/>
    <nd ref="12234274113"/>
    <nd ref="7068927961"/>
    <nd ref="12234274109"/>
    <nd ref="7068953101"/>
    <tag k="highway" v="secondary"/>
    <tag k="name" v="돈화문로"/>
    <tag k="name:en" v="Donhwamun-ro"/>
    <tag k="name:ja" v="敦化門路"/>
    <tag k="name:ko" v="돈화문로"/>
    <tag k="name:ko-Latn" v="Donhwamunno"/>
  </way>
  <way id="908603619">
    <nd ref="8573300628"/>
    <nd ref="9935071297"/>
    <nd ref="11202819044"/>
    <nd ref="11727594869"/>
    <nd ref="9935071296"/>
    <nd ref="11727528568"/>
    <nd ref="11727528567"/>
    <nd ref="9935071295"/>
    <nd ref="9935071294"/>
    <nd ref="9935071293"/>
    <nd ref="9935071292"/>
    <nd ref="11727528563"/>
    <nd ref="11727528562"/>
    <nd ref="9935071291"/>
    <nd ref="11727528561"/>
    <nd ref="9935071269"/>
    <nd ref="2429209315"/>
    <nd ref="436850158"/>
    <tag k="cycleway:right" v="lane"/>
    <tag k="cycleway:right:lane" v="exclusive"/>
    <tag k="highway" v="primary"/>
    <tag k="lanes" v="3"/>
    <tag k="maxspeed" v="40"/>
    <tag k="maxspeed:type" v="sign"/>
    <tag k="name" v="사직로"/>
    <tag k="name:en" v="Sajik-ro"/>
    <tag k="name:ja" v="社稷路(サジクロ)"/>
    <tag k="name:ko" v="사직로"/>
    <tag k="name:ko-Latn" v="Sajingno"/>
    <tag k="name:zh" v="社稷路"/>
    <tag k="oneway" v="yes"/>
    <tag k="ref" v="48;50"/>
    <tag k="sidewalk:left" v="no"/>
    <tag k="sidewalk:right" v="separate"/>
    <tag k="surface" v="asphalt"/>
  </way>
  <way id="908646367">
    <nd ref="13998649081"/>
    <nd ref="11232930754"/>
    <nd ref="11173361247"/>
    <nd ref="2420018317"/>
    <nd ref="871729552"/>
    <nd ref="2135158096"/>
    <nd ref="3063260453"/>
    <nd ref="2374692783"/>
    <nd ref="4203161539"/>
    <tag k="bicycle" v="designated"/>
    <tag k="cycleway:left" v="track"/>
    <tag k="highway" v="primary"/>
    <tag k="lanes" v="2"/>
    <tag k="maxspeed" v="30"/>
    <tag k="maxspeed:type" v="sign"/>
    <tag k="name" v="청계천로"/>
    <tag k="name:en" v="Cheonggyecheon-ro"/>
    <tag k="name:ja" v="清渓川路"/>
    <tag k="name:ko" v="청계천로"/>
    <tag k="name:ko-Latn" v="Cheonggyecheon-ro"/>
    <tag k="name:zh" v="清溪川路"/>
    <tag k="oneway" v="yes"/>
    <tag k="oneway:bicycle" v="yes"/>
    <tag k="smoothness" v="good"/>
    <tag k="surface" v="asphalt"/>
  </way>
  <way id="908694578">
    <nd ref="436852113"/>
    <nd ref="3063306852"/>
    <nd ref="2420018321"/>
    <nd ref="2135158093"/>
    <nd ref="2323165542"/>
    <nd ref="2463587952"/>
    <nd ref="3063260467"/>
    <nd ref="2420018327"/>
    <nd ref="2420018330"/>
    <nd ref="11233049708"/>
    <nd ref="436875670"/>
    <tag k="bicycle" v="designated"/>
    <tag k="cycleway:left" v="track"/>
    <tag k="highway" v="primary"/>
    <tag k="lanes" v="2"/>
    <tag k="name" v="청계천로"/>
    <tag k="name:en" v="Cheonggyecheon-ro"/>
    <tag k="name:ja" v="清渓川路"/>
    <tag k="name:ko" v="청계천로"/>
    <tag k="name:ko-Latn" v="Cheonggyecheon-ro"/>
    <tag k="oneway" v="yes"/>
    <tag k="oneway:bicycle" v="yes"/>
    <tag k="surface" v="asphalt"/>
  </way>
  <way id="908694579">
    <nd ref="436852113"/>
    <nd ref="6146661393"/>
    <tag k="highway" v="primary"/>
    <tag k="name" v="삼일대로"/>
    <tag k="name:en" v="Samil-daero"/>
    <tag k="name:ja" v="三一大路"/>
    <tag k="name:ko" v="삼일대로"/>
    <tag k="name:ko-Latn" v="Samil-daero"/>
    <tag k="oneway" v="yes"/>
    <tag k="surface" v="asphalt"/>
    <tag k="wikidata" v="Q12600302"/>
    <tag k="wikipedia" v="ko:삼일대로"/>
  </way>
  <way id="913503534">
    <nd ref="8485884457"/>
    <nd ref="9319311384"/>
    <nd ref="8485884456"/>
    <nd ref="8485884455"/>
    <nd ref="8485884454"/>
    <nd ref="8485884453"/>
    <nd ref="8485884451"/>
    <nd ref="8485884448"/>
    <nd ref="8485884447"/>
    <nd ref="10232773920"/>
    <nd ref="8485884446"/>
    <tag k="highway" v="residential"/>
  </way>
  <way id="913546029">
    <nd ref="8486227720"/>
    <nd ref="13110839037"/>
    <nd ref="8486227719"/>
    <nd ref="8486227718"/>
    <nd ref="13110839038"/>
    <nd ref="11391522687"/>
    <nd ref="8486203416"/>
    <tag k="highway" v="primary_link"/>
    <tag k="oneway" v="yes"/>
    <tag k="sidewalk" v="both"/>
    <tag k="surface" v="asphalt"/>
  </way>
  <way id="913565823">
    <nd ref="8486350164"/>
    <nd ref="8486350165"/>
    <tag k="bridge" v="yes"/>
    <tag k="highway" v="primary"/>
    <tag k="layer" v="1"/>
    <tag k="name" v="삼일대로"/>
    <tag k="name:en" v="Samil-daero"/>
    <tag k="name:ja" v="三一大路"/>
    <tag k="name:ko" v="삼일대로"/>
    <tag k="name:ko-Latn" v="Samil-daero"/>
    <tag k="oneway" v="yes"/>
    <tag k="surface" v="asphalt"/>
    <tag k="wikidata" v="Q12600302"/>
    <tag k="wikipedia" v="ko:삼일대로"/>
  </way>
  <way id="913565824">
    <nd ref="7311080416"/>
    <nd ref="7311080412"/>
    <nd ref="8486479827"/>
    <nd ref="7311080413"/>
    <nd ref="11203083994"/>
    <nd ref="11203083980"/>
    <nd ref="7311080415"/>
    <nd ref="7311080414"/>
    <nd ref="11203083990"/>
    <nd ref="8486350166"/>
    <nd ref="8486350168"/>
    <nd ref="11173361274"/>
    <nd ref="11232930754"/>
    <nd ref="8486350164"/>
    <tag k="highway" v="primary"/>
    <tag k="lane_markings" v="yes"/>
    <tag k="name" v="삼일대로"/>
    <tag k="name:en" v="Samil-daero"/>
    <tag k="name:ja" v="三一大路"/>
    <tag k="name:ko" v="삼일대로"/>
    <tag k="name:ko-Latn" v="Samil-daero"/>
    <tag k="oneway" v="yes"/>
    <tag k="surface" v="asphalt"/>
    <tag k="wikidata" v="Q12600302"/>
    <tag k="wikipedia" v="ko:삼일대로"/>
  </way>
  <way id="913576967">
    <nd ref="8486506146"/>
    <nd ref="8486506145"/>
    <nd ref="8486506144"/>
    <nd ref="8486506143"/>
    <nd ref="8486506142"/>
    <nd ref="8486506141"/>
    <nd ref="8486506138"/>
    <nd ref="8486506139"/>
    <tag k="cycleway:right" v="no"/>
    <tag k="highway" v="primary_link"/>
    <tag k="lanes" v="1"/>
    <tag k="oneway" v="yes"/>
    <tag k="smoothness" v="excellent"/>
    <tag k="surface" v="asphalt"/>
  </way>
  <way id="913576968">
    <nd ref="436852121"/>
    <nd ref="8486506153"/>
    <nd ref="8486506152"/>
    <nd ref="8486506151"/>
    <nd ref="8486506150"/>
    <nd ref="8486506149"/>
    <nd ref="8486506148"/>
    <nd ref="8486506147"/>
    <tag k="cycleway:right" v="no"/>
    <tag k="highway" v="primary_link"/>
    <tag k="lanes" v="1"/>
    <tag k="oneway" v="yes"/>
    <tag k="smoothness" v="excellent"/>
    <tag k="surface" v="asphalt"/>
  </way>
  <way id="913577542">
    <nd ref="8486474416"/>
    <nd ref="8486474415"/>
    <nd ref="8486474414"/>
    <nd ref="8486474413"/>
    <nd ref="8486474412"/>
    <nd ref="8486474411"/>
    <nd ref="11197048736"/>
    <nd ref="8486474410"/>
    <nd ref="8486474409"/>
    <nd ref="8486474408"/>
    <nd ref="8486474407"/>
    <tag k="highway" v="primary_link"/>
    <tag k="oneway" v="yes"/>
    <tag k="surface" v="asphalt"/>
  </way>
  <way id="913833410">
    <nd ref="436844956"/>
    <nd ref="8488862021"/>
    <nd ref="8488862020"/>
    <nd ref="8488862019"/>
    <nd ref="8488862018"/>
    <nd ref="8488862017"/>
    <tag k="highway" v="primary_link"/>
    <tag k="surface" v="asphalt"/>
  </way>
  <way id="919083787">
    <nd ref="8536100968"/>
    <nd ref="8536100969"/>
    <nd ref="8536100970"/>
    <nd ref="11987095809"/>
    <nd ref="8536100971"/>
    <nd ref="8536100972"/>
    <nd ref="11987095806"/>
    <tag k="highway" v="primary_link"/>
    <tag k="oneway" v="yes"/>
  </way>
  <way id="919083788">
    <nd ref="11987095806"/>
    <nd ref="11987095807"/>
    <nd ref="8536100976"/>
    <nd ref="11987095817"/>
    <nd ref="8536100973"/>
    <nd ref="8536100975"/>
    <nd ref="8536100974"/>
    <tag k="highway" v="primary_link"/>
    <tag k="oneway" v="yes"/>
  </way>
  <way id="919117820">
    <nd ref="436718744"/>
    <nd ref="8486350201"/>
    <tag k="cycleway:left" v="no"/>
    <tag k="cycleway:right" v="lane"/>
    <tag k="highway" v="primary"/>
    <tag k="lanes" v="4"/>
    <tag k="maxspeed" v="60"/>
    <tag k="name" v="종로"/>
    <tag k="name:en" v="Jong-ro"/>
    <tag k="name:ja" v="鐘路"/>
    <tag k="name:ko" v="종로"/>
    <tag k="name:ko-Latn" v="Jongno"/>
    <tag k="oneway" v="yes"/>
    <tag k="ref" v="6"/>
    <tag k="surface" v="asphalt"/>
    <tag k="wikidata" v="Q491066"/>
    <tag k="wikipedia" v="ko:종로 (서울)"/>
  </way>
  <way id="919117821">
    <nd ref="8486350201"/>
    <nd ref="12234274102"/>
    <nd ref="12234274264"/>
    <nd ref="8486350200"/>
    <tag k="highway" v="primary"/>
    <tag k="lane_markings" v="yes"/>
    <tag k="lanes" v="3"/>
    <tag k="name" v="삼일대로"/>
    <tag k="name:en" v="Samil-daero"/>
    <tag k="name:ja" v="三一大路"/>
    <tag k="name:ko" v="삼일대로"/>
    <tag k="name:ko-Latn" v="Samil-daero"/>
    <tag k="oneway" v="yes"/>
    <tag k="surface" v="asphalt"/>
    <tag k="wikidata" v="Q12600302"/>
    <tag k="wikipedia" v="ko:삼일대로"/>
  </way>
  <way id="919117822">
    <nd ref="8486350165"/>
    <nd ref="436875664"/>
    <nd ref="8486350170"/>
    <nd ref="8486350172"/>
    <nd ref="8486350174"/>
    <nd ref="11189591938"/>
    <nd ref="8486350201"/>
    <tag k="highway" v="primary"/>
    <tag k="name" v="삼일대로"/>
    <tag k="name:en" v="Samil-daero"/>
    <tag k="name:ja" v="三一大路"/>
    <tag k="name:ko" v="삼일대로"/>
    <tag k="name:ko-Latn" v="Samil-daero"/>
    <tag k="oneway" v="yes"/>
    <tag k="surface" v="asphalt"/>
    <tag k="wikidata" v="Q12600302"/>
    <tag k="wikipedia" v="ko:삼일대로"/>
  </way>
  <way id="919261680">
    <nd ref="2420018318"/>
    <nd ref="11170069515"/>
    <nd ref="11170069516"/>
    <nd ref="2420018320"/>
    <tag k="highway" v="residential"/>
    <tag k="name" v="남대문로10길"/>
    <tag k="name:en" v="Namdaemun-ro 10-gil"/>
    <tag k="name:ja" v="南大門路 10キル"/>
    <tag k="name:ko" v="남대문로10길"/>
    <tag k="oneway" v="yes"/>
  </way>
  <way id="919985574">
    <nd ref="287631232"/>
    <nd ref="1936511583"/>
    <nd ref="11173810843"/>
    <nd ref="13227969637"/>
    <nd ref="1936511585"/>
    <tag k="cycleway:left" v="no"/>
    <tag k="cycleway:right" v="shared_lane"/>
    <tag k="highway" v="primary"/>
    <tag k="lanes" v="4"/>
    <tag k="layer" v="1"/>
    <tag k="maxspeed" v="60"/>
    <tag k="name" v="새문안로"/>
    <tag k="name:en" v="Saemunan-ro"/>
    <tag k="name:ja" v="新門路(セムナンロ)"/>
    <tag k="name:ko" v="새문안로"/>
    <tag k="name:ko-Latn" v="Saemunan-ro"/>
    <tag k="name:zh" v="新南路"/>
    <tag k="oneway" v="yes"/>
    <tag k="ref" v="6"/>
    <tag k="surface" v="asphalt"/>
  </way>
  <way id="921796625">
    <nd ref="13732389908"/>
    <nd ref="2420018296"/>
    <tag k="highway" v="residential"/>
  </way>
  <way id="964947798">
    <nd ref="436849202"/>
    <nd ref="9939590025"/>
    <nd ref="4370586892"/>
    <nd ref="2454980023"/>
    <nd ref="3274371179"/>
    <tag k="highway" v="residential"/>
    <tag k="lanes" v="1"/>
    <tag k="maxspeed" v="30"/>
    <tag k="surface" v="asphalt"/>
  </way>
  <way id="966389589">
    <nd ref="3274371179"/>
    <nd ref="5781580992"/>
    <nd ref="3274370948"/>
    <nd ref="436867522"/>
    <tag k="highway" v="residential"/>
    <tag k="lanes" v="1"/>
    <tag k="maxspeed" v="30"/>
    <tag k="name" v="계동길"/>
    <tag k="name:en" v="Gyedong-gil"/>
    <tag k="name:ko" v="계동길"/>
    <tag k="oneway" v="no"/>
    <tag k="sidewalk" v="both"/>
    <tag k="surface" v="asphalt"/>
  </way>
  <way id="966657239">
    <nd ref="5789579406"/>
    <nd ref="8943340079"/>
    <nd ref="8943340080"/>
    <nd ref="8943340081"/>
    <tag k="highway" v="residential"/>
    <tag k="oneway" v="yes"/>
  </way>
  <way id="1002205265">
    <nd ref="9249769119"/>
    <nd ref="9249769120"/>
    <nd ref="9249769121"/>
    <tag k="highway" v="residential"/>
  </way>
  <way id="1002205277">
    <nd ref="9249769182"/>
    <nd ref="9249769183"/>
    <nd ref="9249769186"/>
    <nd ref="9249769181"/>
    <tag k="highway" v="residential"/>
  </way>
  <way id="1002205278">
    <nd ref="9249769181"/>
    <nd ref="9249769184"/>
    <tag k="highway" v="residential"/>
  </way>
  <way id="1002205279">
    <nd ref="9249769181"/>
    <nd ref="9249769185"/>
    <tag k="highway" v="residential"/>
  </way>
  <way id="1002205302">
    <nd ref="9249769322"/>
    <nd ref="2420018288"/>
    <tag k="highway" v="residential"/>
    <tag k="name" v="을지로3길"/>
    <tag k="name:en" v="Eulji-ro 3-gil"/>
    <tag k="name:ja" v="乙支路 3キル"/>
    <tag k="name:ko" v="을지로3길"/>
  </way>
  <way id="1002205303">
    <nd ref="9249769322"/>
    <nd ref="9249769323"/>
    <nd ref="2376675570"/>
    <tag k="highway" v="residential"/>
    <tag k="name" v="남대문로9길"/>
    <tag k="name:en" v="Namdaemun-ro 9-gil"/>
    <tag k="name:ja" v="南大門路 9キル"/>
    <tag k="name:ko" v="남대문로9길"/>
  </way>
  <way id="1002205312">
    <nd ref="9249769392"/>
    <nd ref="9249769393"/>
    <tag k="highway" v="residential"/>
  </way>
  <way id="1002205328">
    <nd ref="2420018302"/>
    <nd ref="9249769491"/>
    <nd ref="9249769492"/>
    <nd ref="9249769493"/>
    <nd ref="9249769494"/>
    <nd ref="9249769495"/>
    <nd ref="9249769496"/>
    <tag k="highway" v="residential"/>
    <tag k="name" v="을지로1길"/>
    <tag k="name:en" v="Eulji-ro 1-gil"/>
    <tag k="name:ja" v="乙支路1ギル"/>
    <tag k="name:ko" v="을지로1길"/>
    <tag k="name:ko-Kana" v="ウルチロ1ギル"/>
  </way>
  <way id="1004718837">
    <nd ref="9269970832"/>
    <nd ref="9269970833"/>
    <tag k="highway" v="living_street"/>
    <tag k="layer" v="-1"/>
    <tag k="motor_vehicle" v="no"/>
    <tag k="name" v="청계천로"/>
    <tag k="tunnel" v="yes"/>
  </way>
  <way id="1004836024">
    <nd ref="9271052093"/>
    <nd ref="2420018295"/>
    <tag k="highway" v="residential"/>
    <tag k="name" v="삼일대로13길"/>
    <tag k="name:en" v="Samil-daero 13-gil"/>
    <tag k="name:ko" v="삼일대로13길"/>
  </way>
  <way id="1004836025">
    <nd ref="9271052092"/>
    <nd ref="9271052093"/>
    <tag k="highway" v="residential"/>
    <tag k="layer" v="-1"/>
    <tag k="name" v="삼일대로13길"/>
    <tag k="name:en" v="Samil-daero 13-gil"/>
    <tag k="name:ko" v="삼일대로13길"/>
    <tag k="tunnel" v="yes"/>
  </way>
  <way id="1006350108">
    <nd ref="1945254921"/>
    <nd ref="9680103619"/>
    <nd ref="11197929748"/>
    <nd ref="8631778115"/>
    <tag k="highway" v="primary"/>
    <tag k="lanes" v="4"/>
    <tag k="maxspeed" v="60"/>
    <tag k="name" v="새문안로"/>
    <tag k="name:en" v="Saemunan-ro"/>
    <tag k="name:ja" v="新門路(セムナンロ)"/>
    <tag k="name:ko" v="새문안로"/>
    <tag k="name:ko-Latn" v="Saemunan-ro"/>
    <tag k="name:zh" v="新南路"/>
    <tag k="oneway" v="yes"/>
    <tag k="ref" v="6"/>
    <tag k="review" v="no"/>
    <tag k="source" v="Bing"/>
    <tag k="surface" v="asphalt"/>
  </way>
  <way id="1011332782">
    <nd ref="9330769332"/>
    <nd ref="9330769333"/>
    <nd ref="9330769334"/>
    <nd ref="9330769335"/>
    <tag k="access" v="no"/>
    <tag k="foot" v="yes"/>
    <tag k="highway" v="unclassified"/>
  </way>
  <way id="1013396414">
    <nd ref="8486350200"/>
    <nd ref="11329537684"/>
    <nd ref="8486350199"/>
    <nd ref="11189591940"/>
    <nd ref="8486350197"/>
    <nd ref="8486350196"/>
    <nd ref="8486350176"/>
    <nd ref="9349648102"/>
    <tag k="highway" v="primary"/>
    <tag k="lane_markings" v="yes"/>
    <tag k="name" v="삼일대로"/>
    <tag k="name:en" v="Samil-daero"/>
    <tag k="name:ja" v="三一大路"/>
    <tag k="name:ko" v="삼일대로"/>
    <tag k="name:ko-Latn" v="Samil-daero"/>
    <tag k="oneway" v="yes"/>
    <tag k="surface" v="asphalt"/>
    <tag k="wikidata" v="Q12600302"/>
    <tag k="wikipedia" v="ko:삼일대로"/>
  </way>
  <way id="1013396415">
    <nd ref="9349648102"/>
    <nd ref="8486350194"/>
    <nd ref="8486350193"/>
    <nd ref="8486350192"/>
    <nd ref="8486350191"/>
    <nd ref="8486350163"/>
    <nd ref="8486350189"/>
    <tag k="highway" v="primary"/>
    <tag k="layer" v="-1"/>
    <tag k="name" v="삼일대로"/>
    <tag k="name:en" v="Samil-daero"/>
    <tag k="name:ja" v="三一大路"/>
    <tag k="name:ko" v="삼일대로"/>
    <tag k="name:ko-Latn" v="Samil-daero"/>
    <tag k="oneway" v="yes"/>
    <tag k="tunnel" v="yes"/>
    <tag k="wikidata" v="Q12600302"/>
    <tag k="wikipedia" v="ko:삼일대로"/>
  </way>
  <way id="1013396417">
    <nd ref="9349648105"/>
    <nd ref="3112732264"/>
    <nd ref="8486350194"/>
    <nd ref="436852118"/>
    <tag k="highway" v="tertiary"/>
    <tag k="layer" v="-1"/>
    <tag k="name" v="돈화문로11길"/>
    <tag k="name:en" v="Donhwamun-ro 11-gil"/>
    <tag k="name:ko" v="돈화문로11길"/>
    <tag k="name:ko-Latn" v="Donhwamun-ro sipil-gil"/>
    <tag k="noref" v="yes"/>
    <tag k="tunnel" v="yes"/>
  </way>
  <way id="1016508136">
    <nd ref="1815458021"/>
    <nd ref="4203244011"/>
    <nd ref="9375696067"/>
    <nd ref="1815457779"/>
    <tag k="highway" v="residential"/>
    <tag k="name" v="창경궁로5길"/>
    <tag k="name:en" v="Changgyeonggung-ro 5-gil"/>
    <tag k="name:ko" v="창경궁로5길"/>
  </way>
  <way id="1069861704">
    <nd ref="7062517421"/>
    <nd ref="12194128577"/>
    <nd ref="12152864711"/>
    <nd ref="436874011"/>
    <nd ref="436874009"/>
    <tag k="access:lanes" v="no|yes|yes"/>
    <tag k="bus:lanes" v="designated|yes|yes"/>
    <tag k="highway" v="primary"/>
    <tag k="lanes" v="3"/>
    <tag k="lanes:bus" v="1"/>
    <tag k="name" v="창경궁로"/>
    <tag k="name:en" v="Changgyeonggung-ro"/>
    <tag k="name:ja" v="チャンギョングンノ(昌慶宮路)"/>
    <tag k="name:ko" v="창경궁로"/>
    <tag k="name:ko-Latn" v="Changgyeonggung-ro"/>
    <tag k="oneway" v="yes"/>
    <tag k="surface" v="asphalt"/>
  </way>
  <way id="1084173181">
    <nd ref="1553878405"/>
    <nd ref="8573300628"/>
    <tag k="highway" v="primary"/>
    <tag k="lanes" v="3"/>
    <tag k="oneway" v="yes"/>
    <tag k="ref" v="48;50"/>
    <tag k="surface" v="asphalt"/>
  </way>
  <way id="1084173182">
    <nd ref="9935071290"/>
    <nd ref="9935071282"/>
    <tag k="highway" v="primary"/>
    <tag k="lanes" v="3"/>
    <tag k="oneway" v="yes"/>
    <tag k="ref" v="50"/>
    <tag k="surface" v="asphalt"/>
  </way>
  <way id="1084408271">
    <nd ref="4876253552"/>
    <nd ref="9937135031"/>
    <nd ref="13778628971"/>
    <nd ref="9937135027"/>
    <nd ref="13110838883"/>
    <nd ref="9937135028"/>
    <nd ref="13110838884"/>
    <nd ref="9937135029"/>
    <nd ref="9937135030"/>
    <nd ref="13110838885"/>
    <nd ref="13778628981"/>
    <nd ref="4876253543"/>
    <tag k="highway" v="tertiary_link"/>
    <tag k="oneway" v="yes"/>
  </way>
  <way id="1084408272">
    <nd ref="2420018515"/>
    <nd ref="2420018513"/>
    <tag k="highway" v="residential"/>
    <tag k="name" v="세종대로23길"/>
    <tag k="name:en" v="Sejong-daero 23-gil"/>
    <tag k="name:ko" v="세종대로23길"/>
    <tag k="oneway" v="yes"/>
    <tag k="sidewalk" v="both"/>
  </way>
  <way id="1084408276">
    <nd ref="436875670"/>
    <nd ref="3647496994"/>
    <nd ref="1949238426"/>
    <nd ref="1945254831"/>
    <tag k="cycleway" v="lane"/>
    <tag k="highway" v="secondary"/>
    <tag k="lane_markings" v="yes"/>
    <tag k="name" v="우정국로"/>
    <tag k="name:en" v="Ujeongguk-ro"/>
    <tag k="name:ja" v="郵征局路(ウジョングクロ)"/>
    <tag k="name:ko" v="우정국로"/>
    <tag k="name:ko-Latn" v="Ujeonggungno"/>
    <tag k="surface" v="asphalt"/>
  </way>
  <way id="1084408277">
    <nd ref="9284853536"/>
    <nd ref="9937135040"/>
    <tag k="cycleway:left" v="no"/>
    <tag k="cycleway:right" v="shared_lane"/>
    <tag k="highway" v="primary"/>
    <tag k="lanes" v="4"/>
    <tag k="maxspeed" v="60"/>
    <tag k="name" v="새문안로"/>
    <tag k="name:en" v="Saemunan-ro"/>
    <tag k="name:ja" v="新門路(セムナンロ)"/>
    <tag k="name:ko" v="새문안로"/>
    <tag k="name:ko-Latn" v="Saemunan-ro"/>
    <tag k="name:zh" v="新南路"/>
    <tag k="oneway" v="yes"/>
    <tag k="ref" v="6"/>
    <tag k="review" v="no"/>
    <tag k="source" v="Bing"/>
    <tag k="surface" v="asphalt"/>
  </way>
  <way id="1084408278">
    <nd ref="2429209311"/>
    <nd ref="11197929746"/>
    <nd ref="9937135042"/>
    <tag k="bicycle" v="designated"/>
    <tag k="cycleway:left" v="no"/>
    <tag k="cycleway:right" v="separate"/>
    <tag k="highway" v="primary"/>
    <tag k="lanes" v="3"/>
    <tag k="maxspeed" v="50"/>
    <tag k="name" v="세종대로"/>
    <tag k="name:en" v="Sejong-daero"/>
    <tag k="name:ja" v="世宗大路(セジョンデロ)"/>
    <tag k="name:ko" v="세종대로"/>
    <tag k="name:zh" v="世宗大路"/>
    <tag k="oneway" v="yes"/>
    <tag k="ref" v="48;31"/>
    <tag k="surface" v="asphalt"/>
    <tag k="wikidata" v="Q623632"/>
    <tag k="wikipedia" v="ko:세종대로"/>
  </way>
  <way id="1084408279">
    <nd ref="9937135042"/>
    <nd ref="13971409407"/>
    <nd ref="2429209302"/>
    <tag k="bicycle" v="designated"/>
    <tag k="cycleway:right" v="shared_lane"/>
    <tag k="highway" v="primary"/>
    <tag k="lanes" v="3"/>
    <tag k="maxspeed" v="50"/>
    <tag k="name" v="세종대로"/>
    <tag k="name:en" v="Sejong-daero"/>
    <tag k="name:ja" v="世宗大路(セジョンデロ)"/>
    <tag k="name:ko" v="세종대로"/>
    <tag k="name:zh" v="世宗大路"/>
    <tag k="oneway" v="yes"/>
    <tag k="ref" v="48;31"/>
    <tag k="surface" v="asphalt"/>
    <tag k="wikidata" v="Q623632"/>
    <tag k="wikipedia" v="ko:세종대로"/>
  </way>
  <way id="1084408281">
    <nd ref="1945254879"/>
    <nd ref="11198015007"/>
    <nd ref="436718742"/>
    <tag k="highway" v="secondary"/>
    <tag k="lane_markings" v="yes"/>
    <tag k="name" v="우정국로"/>
    <tag k="name:en" v="Ujeongguk-ro"/>
    <tag k="name:ja" v="郵征局路(ウジョングクロ)"/>
    <tag k="name:ko" v="우정국로"/>
    <tag k="name:ko-Latn" v="Ujeonggungno"/>
    <tag k="surface" v="asphalt"/>
  </way>
  <way id="1084408282">
    <nd ref="9937135041"/>
    <nd ref="11197929747"/>
    <nd ref="8573233710"/>
    <nd ref="11199667168"/>
    <nd ref="1945254921"/>
    <tag k="bicycle" v="designated"/>
    <tag k="cycleway:right" v="shared_lane"/>
    <tag k="highway" v="primary"/>
    <tag k="lanes" v="3"/>
    <tag k="lit" v="yes"/>
    <tag k="maxspeed" v="50"/>
    <tag k="name" v="세종대로"/>
    <tag k="name:en" v="Sejong-daero"/>
    <tag k="name:ja" v="世宗大路(セジョンデロ)"/>
    <tag k="name:ko" v="세종대로"/>
    <tag k="name:ko-Latn" v="Sejong-daero"/>
    <tag k="name:zh" v="世宗大路"/>
    <tag k="oneway" v="yes"/>
    <tag k="ref" v="48;31"/>
    <tag k="surface" v="asphalt"/>
    <tag k="wikidata" v="Q623632"/>
    <tag k="wikipedia" v="ko:세종대로"/>
  </way>
  <way id="1084408283">
    <nd ref="5851251267"/>
    <nd ref="5194567167"/>
    <nd ref="5851251266"/>
    <nd ref="5851251274"/>
    <nd ref="5851251277"/>
    <tag k="highway" v="primary"/>
    <tag k="lanes" v="8"/>
    <tag k="maxspeed" v="60"/>
    <tag k="name" v="세종대로"/>
    <tag k="name:en" v="Sejong-daero"/>
    <tag k="name:ja" v="世宗大路"/>
    <tag k="name:ko" v="세종대로"/>
    <tag k="name:zh" v="世宗大路"/>
    <tag k="oneway" v="yes"/>
    <tag k="parking:both" v="no"/>
    <tag k="ref" v="31"/>
    <tag k="surface" v="asphalt"/>
    <tag k="wikidata" v="Q623632"/>
    <tag k="wikipedia" v="ko:세종대로"/>
  </way>
  <way id="1084539516">
    <nd ref="2429209308"/>
    <nd ref="8573300624"/>
    <nd ref="9937120905"/>
    <nd ref="8573300623"/>
    <nd ref="4876253544"/>
    <nd ref="9937120906"/>
    <nd ref="4876253543"/>
    <tag k="highway" v="tertiary_link"/>
    <tag k="oneway" v="yes"/>
    <tag k="source" v="DigitalGlobe Standard"/>
    <tag k="surface" v="asphalt"/>
  </way>
  <way id="1118864183">
    <nd ref="8485884447"/>
    <nd ref="10232773925"/>
    <tag k="highway" v="residential"/>
  </way>
  <way id="1126054382">
    <nd ref="9038884670"/>
    <nd ref="9366843281"/>
    <nd ref="4202840417"/>
    <tag k="highway" v="residential"/>
    <tag k="name" v="을지로33길"/>
    <tag k="name:en" v="Eulji-ro 33-gil"/>
    <tag k="name:ko" v="을지로33길"/>
    <tag k="oneway" v="yes"/>
    <tag k="surface" v="asphalt"/>
  </way>
  <way id="1126465629">
    <nd ref="8299072700"/>
    <nd ref="436873999"/>
    <tag k="cycleway:right" v="no"/>
    <tag k="highway" v="primary_link"/>
    <tag k="lanes" v="1"/>
    <tag k="oneway" v="yes"/>
    <tag k="smoothness" v="excellent"/>
    <tag k="surface" v="asphalt"/>
  </way>
  <way id="1140705591">
    <nd ref="10628475544"/>
    <nd ref="10628475545"/>
    <nd ref="10628475546"/>
    <nd ref="10628475547"/>
    <nd ref="4198116854"/>
    <tag k="highway" v="residential"/>
    <tag k="name" v="삼일대로32가길"/>
  </way>
  <way id="1149812447">
    <nd ref="436867523"/>
    <nd ref="436836521"/>
    <nd ref="5194567141"/>
    <nd ref="1918614694"/>
    <nd ref="2454980022"/>
    <nd ref="4198108249"/>
    <nd ref="5053342653"/>
    <nd ref="436836522"/>
    <nd ref="8485884457"/>
    <nd ref="5049929454"/>
    <nd ref="5781580993"/>
    <nd ref="5049929455"/>
    <nd ref="5049929456"/>
    <nd ref="436836525"/>
    <nd ref="436836526"/>
    <nd ref="5789579410"/>
    <nd ref="2518248543"/>
    <nd ref="436836527"/>
    <nd ref="4198110672"/>
    <nd ref="892625703"/>
    <nd ref="871729290"/>
    <nd ref="436836529"/>
    <nd ref="4259754211"/>
    <nd ref="2322098828"/>
    <tag k="highway" v="tertiary"/>
    <tag k="name" v="북촌로"/>
    <tag k="name:en" v="Bukchon-ro"/>
    <tag k="name:ja" v="プクチョンロ(北村路)"/>
    <tag k="name:ko" v="북촌로"/>
    <tag k="name:ko-Latn" v="Buckchonro"/>
    <tag k="sidewalk" v="both"/>
  </way>
  <way id="1149812450">
    <nd ref="436852186"/>
    <nd ref="2064459551"/>
    <tag k="highway" v="primary"/>
    <tag k="name" v="사직로"/>
    <tag k="name:en" v="Sajik-ro"/>
    <tag k="name:ja" v="社稷路(サジクロ)"/>
    <tag k="name:ko" v="사직로"/>
    <tag k="name:ko-Latn" v="Sajingno"/>
    <tag k="oneway" v="yes"/>
    <tag k="ref" v="50"/>
    <tag k="surface" v="asphalt"/>
  </way>
  <way id="1149812451">
    <nd ref="2064459551"/>
    <nd ref="2064459580"/>
    <tag k="highway" v="tertiary_link"/>
    <tag k="lanes" v="2"/>
    <tag k="name" v="율곡로"/>
    <tag k="name:en" v="Yulgok-ro"/>
    <tag k="name:ja" v="栗谷路(ユルゴクロ)"/>
    <tag k="name:ko" v="율곡로"/>
    <tag k="oneway" v="yes"/>
    <tag k="surface" v="asphalt"/>
  </way>
  <way id="1149812452">
    <nd ref="2064459580"/>
    <nd ref="2064459569"/>
    <tag k="highway" v="tertiary_link"/>
    <tag k="lanes" v="2"/>
    <tag k="name" v="종로1길"/>
    <tag k="name:en" v="Jong-ro 1-gil"/>
    <tag k="name:ko" v="종로1길"/>
    <tag k="oneway" v="yes"/>
    <tag k="sidewalk" v="right"/>
    <tag k="surface" v="asphalt"/>
  </way>
  <way id="1153283291">
    <nd ref="414685953"/>
    <nd ref="5194567135"/>
    <tag k="highway" v="primary"/>
    <tag k="lanes" v="6"/>
    <tag k="lit" v="yes"/>
    <tag k="name" v="율곡로"/>
    <tag k="name:en" v="Yulgok-ro"/>
    <tag k="name:ja" v="ユルゴクロ(栗谷路)"/>
    <tag k="name:ko" v="율곡로"/>
    <tag k="name:ko-Latn" v="Yulgok-ro"/>
    <tag k="oneway" v="no"/>
    <tag k="ref" v="50"/>
    <tag k="sidewalk" v="both"/>
    <tag k="surface" v="asphalt"/>
  </way>
  <way id="1153283292">
    <nd ref="13735062361"/>
    <nd ref="13735062346"/>
    <nd ref="11987095818"/>
    <nd ref="8536100974"/>
    <nd ref="2523185938"/>
    <nd ref="9115597483"/>
    <nd ref="13957971694"/>
    <nd ref="2419012009"/>
    <nd ref="436867515"/>
    <tag k="highway" v="primary"/>
    <tag k="lit" v="yes"/>
    <tag k="name" v="율곡로"/>
    <tag k="name:en" v="Yulgok-ro"/>
    <tag k="name:ja" v="栗谷路"/>
    <tag k="name:ko" v="율곡로"/>
    <tag k="name:ko-Latn" v="Yulgok-ro"/>
    <tag k="oneway" v="yes"/>
    <tag k="ref" v="50"/>
    <tag k="sidewalk" v="right"/>
    <tag k="surface" v="asphalt"/>
  </way>
  <way id="1153283293">
    <nd ref="414685942"/>
    <nd ref="10968556192"/>
    <nd ref="5853280339"/>
    <tag k="highway" v="secondary"/>
    <tag k="name" v="우정국로"/>
    <tag k="name:en" v="Ujeongguk-ro"/>
    <tag k="name:ja" v="郵征局路"/>
    <tag k="name:ko" v="우정국로"/>
    <tag k="name:ko-Latn" v="Ujeonggungno"/>
    <tag k="surface" v="asphalt"/>
  </way>
  <way id="1153283294">
    <nd ref="2064459543"/>
    <nd ref="11197972373"/>
    <nd ref="5853280339"/>
    <tag k="cycleway:left" v="no"/>
    <tag k="cycleway:right" v="shared_lane"/>
    <tag k="highway" v="primary"/>
    <tag k="name" v="율곡로"/>
    <tag k="name:en" v="Yulgok-ro"/>
    <tag k="name:ja" v="栗谷路"/>
    <tag k="name:ko" v="율곡로"/>
    <tag k="oneway" v="yes"/>
    <tag k="surface" v="asphalt"/>
  </way>
  <way id="1153283295">
    <nd ref="8573300628"/>
    <nd ref="9935071290"/>
    <tag k="bicycle" v="designated"/>
    <tag k="cycleway:right" v="shared_lane"/>
    <tag k="highway" v="primary"/>
    <tag k="lanes" v="3"/>
    <tag k="lit" v="yes"/>
    <tag k="maxspeed" v="50"/>
    <tag k="name" v="세종대로"/>
    <tag k="name:en" v="Sejong-daero"/>
    <tag k="name:ja" v="世宗大路(セジョンデロ)"/>
    <tag k="name:ko" v="세종대로"/>
    <tag k="name:ko-Latn" v="Sejong-daero"/>
    <tag k="name:zh" v="世宗大路"/>
    <tag k="oneway" v="yes"/>
    <tag k="ref" v="31"/>
    <tag k="surface" v="asphalt"/>
    <tag k="wikidata" v="Q623632"/>
    <tag k="wikipedia" v="ko:세종대로"/>
  </way>
  <way id="1153283297">
    <nd ref="436850150"/>
    <nd ref="11202943790"/>
    <nd ref="2064414514"/>
    <tag k="cycleway:right" v="no"/>
    <tag k="highway" v="primary"/>
    <tag k="lanes" v="3"/>
    <tag k="lit" v="yes"/>
    <tag k="maxspeed" v="40"/>
    <tag k="maxspeed:type" v="sign"/>
    <tag k="name" v="사직로"/>
    <tag k="name:en" v="Sajik-ro"/>
    <tag k="name:ja" v="社稷路(サジクロ)"/>
    <tag k="name:ko" v="사직로"/>
    <tag k="name:ko-Latn" v="Sajingno"/>
    <tag k="name:zh" v="社稷路"/>
    <tag k="oneway" v="yes"/>
    <tag k="ref" v="48"/>
    <tag k="sidewalk" v="right"/>
    <tag k="sidewalk:right:surface" v="paving_stones"/>
    <tag k="surface" v="asphalt"/>
  </way>
  <way id="1199229108">
    <nd ref="414685899"/>
    <nd ref="5863541499"/>
    <nd ref="1936511553"/>
    <nd ref="5863541500"/>
    <tag k="bicycle" v="designated"/>
    <tag k="highway" v="primary"/>
    <tag k="horse" v="no"/>
    <tag k="lanes" v="2"/>
    <tag k="name" v="청계천로"/>
    <tag k="name:en" v="Cheonggyecheon-ro"/>
    <tag k="name:ja" v="清渓川路"/>
    <tag k="name:ko" v="청계천로"/>
    <tag k="name:ko-Latn" v="Cheonggyecheon-ro"/>
    <tag k="oneway" v="yes"/>
    <tag k="surface" v="asphalt"/>
  </way>
  <way id="1199229109">
    <nd ref="2697100727"/>
    <nd ref="13012013146"/>
    <nd ref="11233115462"/>
    <nd ref="436877046"/>
    <tag k="bicycle" v="designated"/>
    <tag k="highway" v="primary"/>
    <tag k="horse" v="no"/>
    <tag k="lanes" v="2"/>
    <tag k="name" v="청계천로"/>
    <tag k="name:en" v="Cheonggyecheon-ro"/>
    <tag k="name:ja" v="清渓川路"/>
    <tag k="name:ko" v="청계천로"/>
    <tag k="name:ko-Latn" v="Cheonggyecheon-ro"/>
    <tag k="oneway" v="yes"/>
    <tag k="surface" v="asphalt"/>
  </way>
  <way id="1205679413">
    <nd ref="11170069517"/>
    <nd ref="11173361239"/>
    <nd ref="11173361277"/>
    <nd ref="11173361255"/>
    <nd ref="11173361256"/>
    <tag k="highway" v="primary_link"/>
    <tag k="oneway" v="yes"/>
    <tag k="surface" v="asphalt"/>
  </way>
  <way id="1205679415">
    <nd ref="11173361274"/>
    <nd ref="11173361242"/>
    <nd ref="11173361275"/>
    <nd ref="11173361279"/>
    <nd ref="11173361247"/>
    <tag k="highway" v="tertiary_link"/>
    <tag k="oneway" v="yes"/>
    <tag k="surface" v="asphalt"/>
  </way>
  <way id="1205679418">
    <nd ref="1945254518"/>
    <nd ref="7462051131"/>
    <nd ref="1945254521"/>
    <nd ref="5334177669"/>
    <nd ref="4203161541"/>
    <nd ref="7295760482"/>
    <nd ref="2374692771"/>
    <nd ref="7173872280"/>
    <nd ref="2374692770"/>
    <nd ref="7173872279"/>
    <nd ref="1945254532"/>
    <nd ref="7173896286"/>
    <nd ref="7212675209"/>
    <nd ref="7212675215"/>
    <nd ref="3907847268"/>
    <nd ref="7173896298"/>
    <nd ref="436857629"/>
    <nd ref="7442265053"/>
    <nd ref="436857633"/>
    <nd ref="436857634"/>
    <nd ref="2374692766"/>
    <tag k="highway" v="tertiary"/>
    <tag k="name" v="수표로"/>
    <tag k="name:en" v="Supyo-ro"/>
    <tag k="name:ko" v="수표로"/>
    <tag k="name:ko-Latn" v="Supyo-ro"/>
    <tag k="surface" v="asphalt"/>
  </way>
  <way id="1207199730">
    <nd ref="1815458113"/>
    <nd ref="7121587897"/>
    <nd ref="5933678777"/>
    <nd ref="871804265"/>
    <nd ref="11175869486"/>
    <nd ref="9359393092"/>
    <tag k="cycleway:right" v="shared_lane"/>
    <tag k="highway" v="primary"/>
    <tag k="lanes" v="4"/>
    <tag k="maxspeed" v="60"/>
    <tag k="name" v="종로"/>
    <tag k="name:en" v="Jong-ro"/>
    <tag k="name:ja" v="鍾路"/>
    <tag k="name:ko" v="종로"/>
    <tag k="name:ko-Latn" v="Jongno"/>
    <tag k="oneway" v="yes"/>
    <tag k="ref" v="6"/>
    <tag k="surface" v="asphalt"/>
    <tag k="wikidata" v="Q491066"/>
    <tag k="wikipedia" v="ko:종로 (서울)"/>
  </way>
  <way id="1207199731">
    <nd ref="9359393092"/>
    <nd ref="7184471990"/>
    <nd ref="436718750"/>
    <nd ref="5973693860"/>
    <nd ref="11175869511"/>
    <tag k="cycleway:left" v="no"/>
    <tag k="cycleway:right" v="lane"/>
    <tag k="highway" v="primary"/>
    <tag k="lanes" v="4"/>
    <tag k="maxspeed" v="60"/>
    <tag k="name" v="종로"/>
    <tag k="name:en" v="Jong-ro"/>
    <tag k="name:ja" v="鍾路"/>
    <tag k="name:ko" v="종로"/>
    <tag k="name:ko-Latn" v="Jongno"/>
    <tag k="oneway" v="yes"/>
    <tag k="ref" v="6"/>
    <tag k="surface" v="asphalt"/>
    <tag k="wikidata" v="Q491066"/>
    <tag k="wikipedia" v="ko:종로 (서울)"/>
  </way>
  <way id="1207481551">
    <nd ref="1945254874"/>
    <nd ref="10911257064"/>
    <nd ref="11198015029"/>
    <nd ref="1945254879"/>
    <tag k="cycleway:left" v="no"/>
    <tag k="cycleway:right" v="lane"/>
    <tag k="highway" v="primary"/>
    <tag k="lanes" v="4"/>
    <tag k="maxspeed" v="60"/>
    <tag k="name" v="종로"/>
    <tag k="name:en" v="Jong-ro"/>
    <tag k="name:ja" v="鍾路(チョンノ)"/>
    <tag k="name:ko" v="종로"/>
    <tag k="name:ko-Latn" v="Jongno"/>
    <tag k="name:zh" v="钟路"/>
    <tag k="oneway" v="yes"/>
    <tag k="ref" v="6"/>
    <tag k="surface" v="asphalt"/>
    <tag k="wikidata" v="Q491066"/>
    <tag k="wikipedia" v="ko:종로 (서울)"/>
  </way>
  <way id="1207481552">
    <nd ref="1945254879"/>
    <nd ref="11198015027"/>
    <nd ref="11198015018"/>
    <nd ref="1945254893"/>
    <tag k="cycleway:left" v="no"/>
    <tag k="cycleway:right" v="lane"/>
    <tag k="highway" v="primary"/>
    <tag k="lanes" v="4"/>
    <tag k="maxspeed" v="60"/>
    <tag k="name" v="종로"/>
    <tag k="name:en" v="Jong-ro"/>
    <tag k="name:ja" v="鍾路(チョンノ)"/>
    <tag k="name:ko" v="종로"/>
    <tag k="name:ko-Latn" v="Jongno"/>
    <tag k="oneway" v="yes"/>
    <tag k="ref" v="6"/>
    <tag k="surface" v="asphalt"/>
    <tag k="wikidata" v="Q491066"/>
    <tag k="wikipedia" v="ko:종로 (서울)"/>
  </way>
  <way id="1208411212">
    <nd ref="2064459561"/>
    <nd ref="3612318285"/>
    <nd ref="5400937312"/>
    <tag k="cycleway" v="shared_lane"/>
    <tag k="highway" v="primary"/>
    <tag k="lanes" v="6"/>
    <tag k="lit" v="yes"/>
    <tag k="name" v="율곡로"/>
    <tag k="name:en" v="Yulgok-ro"/>
    <tag k="name:ja" v="栗谷路"/>
    <tag k="name:ko" v="율곡로"/>
    <tag k="oneway" v="no"/>
    <tag k="ref" v="50"/>
    <tag k="sidewalk" v="both"/>
    <tag k="surface" v="asphalt"/>
  </way>
  <way id="1212424780">
    <nd ref="4439079890"/>
    <nd ref="2064459565"/>
    <tag k="highway" v="tertiary"/>
    <tag k="lanes" v="2"/>
    <tag k="name" v="삼청로"/>
    <tag k="name:en" v="Samcheong-ro"/>
    <tag k="name:ja" v="三清路(サムチョンノ)"/>
    <tag k="name:ko" v="삼청로"/>
    <tag k="oneway" v="yes"/>
    <tag k="surface" v="asphalt"/>
  </way>
  <way id="1212424783">
    <nd ref="871729555"/>
    <nd ref="10296582846"/>
    <nd ref="1326151556"/>
    <nd ref="9269970833"/>
    <nd ref="871793721"/>
    <nd ref="871793711"/>
    <nd ref="4202872186"/>
    <tag k="bicycle" v="designated"/>
    <tag k="cycleway:left" v="track"/>
    <tag k="highway" v="primary"/>
    <tag k="lanes" v="2"/>
    <tag k="name" v="청계천로"/>
    <tag k="name:en" v="Cheonggyecheon-ro"/>
    <tag k="name:ja" v="清渓川路"/>
    <tag k="name:ko" v="청계천로"/>
    <tag k="name:ko-Latn" v="Cheonggyecheon-ro"/>
    <tag k="name:zh" v="清溪川路"/>
    <tag k="oneway" v="yes"/>
    <tag k="oneway:bicycle" v="yes"/>
    <tag k="surface" v="asphalt"/>
  </way>
  <way id="1212424784">
    <nd ref="5863541381"/>
    <nd ref="871729555"/>
    <tag k="cycleway:left" v="no"/>
    <tag k="cycleway:right" v="lane"/>
    <tag k="highway" v="primary"/>
    <tag k="lanes" v="3"/>
    <tag k="name" v="창경궁로"/>
    <tag k="name:en" v="Changgyeonggung-ro"/>
    <tag k="name:ja" v="昌慶宮路"/>
    <tag k="name:ko" v="창경궁로"/>
    <tag k="name:ko-Latn" v="Changgyeonggung-ro"/>
    <tag k="oneway" v="yes"/>
    <tag k="oneway:bicycle" v="yes"/>
    <tag k="surface" v="asphalt"/>
    <tag k="wikipedia" v="ko:창경궁로"/>
  </way>
  <way id="1212424785">
    <nd ref="436875654"/>
    <nd ref="5702191574"/>
    <nd ref="10296354653"/>
    <nd ref="436875655"/>
    <nd ref="10284584798"/>
    <nd ref="2135148769"/>
    <nd ref="871793709"/>
    <nd ref="10284647610"/>
    <nd ref="436875656"/>
    <nd ref="10716511580"/>
    <nd ref="10293330549"/>
    <nd ref="10291960149"/>
    <nd ref="436875657"/>
    <nd ref="8482825464"/>
    <nd ref="436844961"/>
    <tag k="bicycle" v="designated"/>
    <tag k="cycleway:left" v="track"/>
    <tag k="highway" v="primary"/>
    <tag k="lanes" v="2"/>
    <tag k="maxspeed" v="30"/>
    <tag k="maxspeed:type" v="sign"/>
    <tag k="name" v="청계천로"/>
    <tag k="name:en" v="Cheonggyecheon-ro"/>
    <tag k="name:ja" v="清渓川路"/>
    <tag k="name:ko" v="청계천로"/>
    <tag k="name:ko-Latn" v="Cheonggyecheon-ro"/>
    <tag k="oneway" v="yes"/>
    <tag k="oneway:bicycle" v="yes"/>
    <tag k="surface" v="asphalt"/>
  </way>
  <way id="1212424791">
    <nd ref="1906188345"/>
    <nd ref="4183318092"/>
    <nd ref="2420018324"/>
    <nd ref="3063260462"/>
    <nd ref="2420018323"/>
    <nd ref="2420018322"/>
    <nd ref="2135158095"/>
    <nd ref="11173361250"/>
    <nd ref="2252763455"/>
    <nd ref="2252763451"/>
    <nd ref="436875664"/>
    <nd ref="13132533951"/>
    <nd ref="13132533956"/>
    <nd ref="436852113"/>
    <tag k="bicycle" v="designated"/>
    <tag k="cycleway:left" v="track"/>
    <tag k="highway" v="primary"/>
    <tag k="lanes" v="2"/>
    <tag k="name" v="청계천로"/>
    <tag k="name:en" v="Cheonggyecheon-ro"/>
    <tag k="name:ja" v="清渓川路"/>
    <tag k="name:ko" v="청계천로"/>
    <tag k="name:ko-Latn" v="Cheonggyecheon-ro"/>
    <tag k="oneway" v="yes"/>
    <tag k="oneway:bicycle" v="yes"/>
    <tag k="surface" v="asphalt"/>
  </way>
  <way id="1212435161">
    <nd ref="1949238427"/>
    <nd ref="2420018384"/>
    <tag k="highway" v="residential"/>
    <tag k="lane_markings" v="no"/>
    <tag k="name" v="종로12길"/>
    <tag k="name:en" v="Jong-ro 12-gil"/>
    <tag k="name:ko" v="종로12길"/>
    <tag k="surface" v="paving_stones"/>
  </way>
  <way id="1216351383">
    <nd ref="11270546910"/>
    <nd ref="921242922"/>
    <nd ref="11270546887"/>
    <nd ref="436877018"/>
    <tag k="highway" v="residential"/>
    <tag k="maxspeed" v="30"/>
    <tag k="maxspeed:type" v="sign"/>
    <tag k="name" v="새문안로2길"/>
    <tag k="name:en" v="Saemunan-ro 2-gil"/>
    <tag k="name:ko" v="새문안로2길"/>
    <tag k="name:ko-Latn" v="Saemunan-ro i-gil"/>
    <tag k="surface" v="asphalt"/>
  </way>
  <way id="1266736989">
    <nd ref="11727528557"/>
    <nd ref="11765711846"/>
    <nd ref="11765711841"/>
    <nd ref="11765711842"/>
    <nd ref="11765711843"/>
    <nd ref="11202819042"/>
    <tag k="highway" v="primary_link"/>
    <tag k="lanes" v="1"/>
    <tag k="oneway" v="yes"/>
    <tag k="surface" v="asphalt"/>
  </way>
  <way id="1266736990">
    <nd ref="9935071282"/>
    <nd ref="1553878405"/>
    <tag k="bicycle" v="designated"/>
    <tag k="cycleway:right" v="shared_lane"/>
    <tag k="highway" v="primary"/>
    <tag k="lanes" v="4"/>
    <tag k="lit" v="yes"/>
    <tag k="maxspeed" v="50"/>
    <tag k="name" v="세종대로"/>
    <tag k="name:en" v="Sejong-daero"/>
    <tag k="name:ja" v="世宗大路(セジョンデロ)"/>
    <tag k="name:ko" v="세종대로"/>
    <tag k="name:zh" v="世宗大路"/>
    <tag k="oneway" v="yes"/>
    <tag k="ref" v="48;31"/>
    <tag k="surface" v="asphalt"/>
    <tag k="wikidata" v="Q623632"/>
    <tag k="wikipedia" v="ko:세종대로"/>
  </way>
  <way id="1266736991">
    <nd ref="11727528557"/>
    <nd ref="11727528560"/>
    <nd ref="9935071289"/>
    <nd ref="9935071290"/>
    <tag k="highway" v="primary"/>
    <tag k="lanes" v="3"/>
    <tag k="name" v="사직로"/>
    <tag k="name:en" v="Sajik-ro"/>
    <tag k="name:ja" v="社稷路(サジクロ)"/>
    <tag k="name:ko" v="사직로"/>
    <tag k="name:ko-Latn" v="Sajingno"/>
    <tag k="name:zh" v="社稷路"/>
    <tag k="oneway" v="yes"/>
    <tag k="ref" v="48"/>
    <tag k="surface" v="asphalt"/>
  </way>
  <way id="1283637455">
    <nd ref="436844958"/>
    <nd ref="9366843293"/>
    <tag k="highway" v="residential"/>
    <tag k="name" v="창경궁로5길"/>
    <tag k="name:en" v="Changgyeonggung-ro 5-gil"/>
    <tag k="name:ko" v="창경궁로5길"/>
    <tag k="oneway" v="yes"/>
  </way>
  <way id="1283637456">
    <nd ref="11910000990"/>
    <nd ref="1691642790"/>
    <tag k="highway" v="residential"/>
    <tag k="layer" v="-1"/>
    <tag k="name" v="을지로19길"/>
    <tag k="name:en" v="Eulji-ro 19-gil"/>
    <tag k="name:ko" v="을지로19길"/>
    <tag k="oneway" v="yes"/>
    <tag k="tunnel" v="yes"/>
  </way>
  <way id="1283637457">
    <nd ref="1945254733"/>
    <nd ref="1815458021"/>
    <tag k="highway" v="residential"/>
    <tag k="layer" v="-1"/>
    <tag k="name" v="을지로19길"/>
    <tag k="name:en" v="Eulji-ro 19-gil"/>
    <tag k="name:ko" v="을지로19길"/>
    <tag k="oneway" v="yes"/>
    <tag k="tunnel" v="yes"/>
  </way>
  <way id="1283637467">
    <nd ref="4202879194"/>
    <nd ref="9038884756"/>
    <tag k="highway" v="residential"/>
    <tag k="lanes" v="1"/>
    <tag k="name" v="창경궁로"/>
    <tag k="name:en" v="Changgyeonggung-ro"/>
    <tag k="name:ko" v="창경궁로"/>
    <tag k="oneway" v="no"/>
    <tag k="surface" v="asphalt"/>
  </way>
  <way id="1283637468">
    <nd ref="9038896911"/>
    <nd ref="9023955269"/>
    <nd ref="4202879194"/>
    <tag k="highway" v="residential"/>
    <tag k="lanes" v="1"/>
    <tag k="name" v="을지로27길"/>
    <tag k="name:en" v="Eulji-ro 27-gil"/>
    <tag k="name:ko" v="을지로27길"/>
    <tag k="oneway" v="yes"/>
    <tag k="oneway:bicycle" v="no"/>
    <tag k="source:name" v="survey"/>
    <tag k="surface" v="asphalt"/>
  </way>
  <way id="1283637469">
    <nd ref="1945254765"/>
    <nd ref="9366843276"/>
    <nd ref="9038884530"/>
    <nd ref="9330769335"/>
    <nd ref="9038884527"/>
    <nd ref="4202840420"/>
    <nd ref="9038891496"/>
    <nd ref="9038896911"/>
    <tag k="highway" v="residential"/>
    <tag k="lanes" v="1"/>
    <tag k="name" v="을지로27길"/>
    <tag k="name:en" v="Eulji-ro 27-gil"/>
    <tag k="name:ko" v="을지로27길"/>
    <tag k="oneway" v="yes"/>
    <tag k="oneway:bicycle" v="no"/>
    <tag k="source:name" v="survey"/>
    <tag k="surface" v="asphalt"/>
  </way>
  <way id="1377225049">
    <nd ref="1918614673"/>
    <nd ref="12752436818"/>
    <nd ref="7660863866"/>
    <tag k="highway" v="residential"/>
    <tag k="name" v="윤보선길"/>
    <tag k="name:en" v="Yunboseon-gil"/>
    <tag k="name:ko" v="윤보선길"/>
  </way>
  <way id="1380482780">
    <nd ref="12780245743"/>
    <nd ref="12780245744"/>
    <tag k="highway" v="residential"/>
    <tag k="motor_vehicle" v="no"/>
  </way>
  <way id="1381133418">
    <nd ref="12785870414"/>
    <nd ref="12785870415"/>
    <nd ref="12785870416"/>
    <nd ref="12785870417"/>
    <tag k="highway" v="residential"/>
    <tag k="motor_vehicle" v="no"/>
  </way>
  <way id="1382479380">
    <nd ref="12799620525"/>
    <nd ref="12799620526"/>
    <tag k="access" v="no"/>
    <tag k="bicycle" v="yes"/>
    <tag k="foot" v="yes"/>
    <tag k="highway" v="residential"/>
    <tag k="motor_vehicle" v="yes"/>
  </way>
  <way id="1455524947">
    <nd ref="10316877465"/>
    <nd ref="1326151549"/>
    <nd ref="7462031866"/>
    <nd ref="3846550595"/>
    <tag k="highway" v="residential"/>
    <tag k="name" v="동호로35길"/>
    <tag k="name:en" v="Dongho-ro 35-gil"/>
    <tag k="name:ko" v="동호로35길"/>
  </way>
  <way id="1455524951">
    <nd ref="8488864395"/>
    <nd ref="9038910250"/>
    <nd ref="1945254780"/>
    <nd ref="9038899638"/>
    <nd ref="9038879381"/>
    <nd ref="9038879373"/>
    <nd ref="1945254765"/>
    <nd ref="1945254761"/>
    <nd ref="1945254754"/>
    <tag k="highway" v="primary"/>
    <tag k="lanes" v="3"/>
    <tag k="maxspeed" v="60"/>
    <tag k="name" v="을지로"/>
    <tag k="name:en" v="Eulji-ro"/>
    <tag k="name:etymology" v="을지문덕"/>
    <tag k="name:etymology:wikidata" v="Q702878"/>
    <tag k="name:etymology:wikipedia" v="ko:을지문덕"/>
    <tag k="name:ja" v="乙支路"/>
    <tag k="name:ko" v="을지로"/>
    <tag k="name:ko-Latn" v="Eulji-ro"/>
    <tag k="oneway" v="yes"/>
    <tag k="wikidata" v="Q483304"/>
    <tag k="wikipedia" v="ko:을지로"/>
  </way>
  <way id="1455527231">
    <nd ref="2376659695"/>
    <nd ref="8299072704"/>
    <nd ref="11175869475"/>
    <nd ref="10300433336"/>
    <nd ref="10300433339"/>
    <nd ref="1945255012"/>
    <nd ref="5702191562"/>
    <nd ref="1945255009"/>
    <tag k="highway" v="primary"/>
    <tag k="lanes" v="4"/>
    <tag k="maxspeed" v="60"/>
    <tag k="name" v="종로"/>
    <tag k="name:en" v="Jong-ro"/>
    <tag k="name:ja" v="鐘路"/>
    <tag k="name:ko" v="종로"/>
    <tag k="name:ko-Latn" v="Jongno"/>
    <tag k="oneway" v="yes"/>
    <tag k="ref" v="6"/>
    <tag k="review" v="no"/>
    <tag k="sidewalk:left" v="no"/>
    <tag k="sidewalk:right" v="separate"/>
    <tag k="source" v="Bing"/>
    <tag k="surface" v="asphalt"/>
    <tag k="wikidata" v="Q491066"/>
    <tag k="wikipedia" v="ko:종로 (서울)"/>
  </way>
  <way id="1455534439">
    <nd ref="12194172405"/>
    <nd ref="12194172403"/>
    <nd ref="12194128586"/>
    <nd ref="7062517395"/>
    <nd ref="12194128587"/>
    <nd ref="7062517398"/>
    <nd ref="7062517412"/>
    <nd ref="12194172409"/>
    <nd ref="12152864492"/>
    <nd ref="436874025"/>
    <nd ref="3087864124"/>
    <nd ref="7062517409"/>
    <nd ref="3087865735"/>
    <nd ref="12194172402"/>
    <nd ref="436874022"/>
    <nd ref="12194172401"/>
    <nd ref="436874020"/>
    <nd ref="12194128594"/>
    <nd ref="11256513567"/>
    <nd ref="12194128595"/>
    <nd ref="436874019"/>
    <nd ref="436874018"/>
    <tag k="highway" v="primary"/>
    <tag k="lanes" v="3"/>
    <tag k="lanes:psv" v="1"/>
    <tag k="name" v="창경궁로"/>
    <tag k="name:en" v="Changgyeonggung-ro"/>
    <tag k="name:ja" v="昌慶宮路"/>
    <tag k="name:ko" v="창경궁로"/>
    <tag k="name:ko-Latn" v="Changgyeonggung-ro"/>
    <tag k="oneway" v="yes"/>
    <tag k="psv" v="lane"/>
    <tag k="surface" v="asphalt"/>
  </way>
  <way id="1456115789">
    <nd ref="4202840417"/>
    <nd ref="436844958"/>
    <tag k="cycleway:left" v="no"/>
    <tag k="cycleway:right" v="lane"/>
    <tag k="highway" v="primary"/>
    <tag k="lanes" v="3"/>
    <tag k="name" v="창경궁로"/>
    <tag k="name:en" v="Changgyeonggung-ro"/>
    <tag k="name:ja" v="昌慶宮路"/>
    <tag k="name:ko" v="창경궁로"/>
    <tag k="name:ko-Latn" v="Changgyeonggung-ro"/>
    <tag k="oneway" v="yes"/>
    <tag k="oneway:bicycle" v="yes"/>
    <tag k="surface" v="asphalt"/>
    <tag k="wikipedia" v="ko:창경궁로"/>
  </way>
  <way id="1456115790">
    <nd ref="9038899638"/>
    <nd ref="9366843273"/>
    <nd ref="9038899637"/>
    <nd ref="9038899639"/>
    <nd ref="9366717016"/>
    <nd ref="9366720017"/>
    <nd ref="4202840423"/>
    <nd ref="9330763417"/>
    <nd ref="9366717010"/>
    <nd ref="9366717005"/>
    <nd ref="9038879376"/>
    <nd ref="4202840421"/>
    <nd ref="9038891500"/>
    <nd ref="4202840420"/>
    <nd ref="9038884639"/>
    <nd ref="4202840419"/>
    <nd ref="9038884677"/>
    <nd ref="9385086701"/>
    <nd ref="4202840418"/>
    <nd ref="9038884676"/>
    <tag k="highway" v="residential"/>
    <tag k="name" v="을지로33길"/>
    <tag k="name:en" v="Eulji-ro 33-gil"/>
    <tag k="name:ko" v="을지로33길"/>
    <tag k="oneway" v="yes"/>
    <tag k="surface" v="asphalt"/>
  </way>
  <way id="1456115791">
    <nd ref="9038884676"/>
    <nd ref="9038884672"/>
    <tag k="highway" v="residential"/>
    <tag k="name" v="을지로33길"/>
    <tag k="name:en" v="Eulji-ro 33-gil"/>
    <tag k="name:ko" v="을지로33길"/>
    <tag k="oneway" v="yes"/>
    <tag k="surface" v="asphalt"/>
  </way>
  <way id="1456115792">
    <nd ref="9038884672"/>
    <nd ref="9038884670"/>
    <tag k="highway" v="residential"/>
    <tag k="name" v="을지로33길"/>
    <tag k="name:en" v="Eulji-ro 33-gil"/>
    <tag k="name:ko" v="을지로33길"/>
    <tag k="oneway" v="yes"/>
    <tag k="surface" v="asphalt"/>
  </way>
  <way id="1456115793">
    <nd ref="9366843293"/>
    <nd ref="1815457872"/>
    <tag k="highway" v="residential"/>
    <tag k="name" v="창경궁로5길"/>
    <tag k="name:en" v="Changgyeonggung-ro 5-gil"/>
    <tag k="name:ko" v="창경궁로5길"/>
    <tag k="oneway" v="yes"/>
    <tag k="surface" v="asphalt"/>
  </way>
  <way id="1456115794">
    <nd ref="4203244019"/>
    <nd ref="1815457907"/>
    <nd ref="1815457868"/>
    <nd ref="1815457872"/>
    <tag k="highway" v="residential"/>
    <tag k="name" v="창경궁로5가길"/>
    <tag k="name:en" v="Changgyeonggung-ro 5ga-gil"/>
    <tag k="name:ko" v="창경궁로5가길"/>
    <tag k="surface" v="asphalt"/>
  </way>
  <way id="1456115796">
    <nd ref="1815457872"/>
    <nd ref="9066250252"/>
    <tag k="highway" v="residential"/>
    <tag k="name" v="창경궁로5길"/>
    <tag k="name:en" v="Changgyeonggung-ro 5-gil"/>
    <tag k="name:ko" v="창경궁로5길"/>
    <tag k="oneway" v="yes"/>
    <tag k="surface" v="asphalt"/>
  </way>
  <way id="1456115797">
    <nd ref="4203244024"/>
    <nd ref="13748939991"/>
    <nd ref="4202840417"/>
    <tag k="cycleway:left" v="no"/>
    <tag k="cycleway:right" v="lane"/>
    <tag k="highway" v="primary"/>
    <tag k="lanes" v="3"/>
    <tag k="name" v="창경궁로"/>
    <tag k="name:en" v="Changgyeonggung-ro"/>
    <tag k="name:ja" v="昌慶宮路"/>
    <tag k="name:ko" v="창경궁로"/>
    <tag k="name:ko-Latn" v="Changgyeonggung-ro"/>
    <tag k="oneway" v="yes"/>
    <tag k="oneway:bicycle" v="yes"/>
    <tag k="surface" v="asphalt"/>
    <tag k="wikipedia" v="ko:창경궁로"/>
  </way>
  <way id="1456115798">
    <nd ref="9038884719"/>
    <nd ref="4203244024"/>
    <tag k="cycleway:left" v="no"/>
    <tag k="cycleway:right" v="lane"/>
    <tag k="highway" v="primary"/>
    <tag k="lanes" v="3"/>
    <tag k="name" v="창경궁로"/>
    <tag k="name:en" v="Changgyeonggung-ro"/>
    <tag k="name:ja" v="昌慶宮路"/>
    <tag k="name:ko" v="창경궁로"/>
    <tag k="name:ko-Latn" v="Changgyeonggung-ro"/>
    <tag k="oneway" v="yes"/>
    <tag k="oneway:bicycle" v="yes"/>
    <tag k="surface" v="asphalt"/>
    <tag k="wikipedia" v="ko:창경궁로"/>
  </way>
  <way id="1456115799">
    <nd ref="9066250253"/>
    <nd ref="9066250232"/>
    <nd ref="1945254736"/>
    <tag k="highway" v="primary_link"/>
    <tag k="oneway" v="yes"/>
    <tag k="surface" v="asphalt"/>
  </way>
  <way id="1456115800">
    <nd ref="436844956"/>
    <nd ref="3337522188"/>
    <tag k="cycleway:left" v="no"/>
    <tag k="cycleway:right" v="lane"/>
    <tag k="highway" v="primary"/>
    <tag k="lanes" v="2"/>
    <tag k="name" v="창경궁로"/>
    <tag k="name:en" v="Changgyeonggung-ro"/>
    <tag k="name:ja" v="昌慶宮路"/>
    <tag k="name:ko" v="창경궁로"/>
    <tag k="name:ko-Latn" v="Changgyeonggung-ro"/>
    <tag k="oneway" v="yes"/>
    <tag k="oneway:bicycle" v="yes"/>
    <tag k="sidewalk" v="both"/>
    <tag k="surface" v="asphalt"/>
  </way>
  <way id="1456115801">
    <nd ref="3337522188"/>
    <nd ref="9345088630"/>
    <nd ref="7179539895"/>
    <nd ref="1326151639"/>
    <nd ref="4276255149"/>
    <nd ref="436839431"/>
    <nd ref="4276255151"/>
    <nd ref="3846577499"/>
    <nd ref="3269822966"/>
    <tag k="cycleway:left" v="no"/>
    <tag k="cycleway:right" v="lane"/>
    <tag k="highway" v="primary"/>
    <tag k="lanes" v="2"/>
    <tag k="name" v="창경궁로"/>
    <tag k="name:en" v="Changgyeonggung-ro"/>
    <tag k="name:ja" v="昌慶宮路"/>
    <tag k="name:ko" v="창경궁로"/>
    <tag k="name:ko-Latn" v="Changgyeonggung-ro"/>
    <tag k="oneway" v="yes"/>
    <tag k="oneway:bicycle" v="yes"/>
    <tag k="sidewalk" v="both"/>
    <tag k="surface" v="asphalt"/>
  </way>
  <way id="1456115802">
    <nd ref="9345088667"/>
    <nd ref="3337522188"/>
    <tag k="highway" v="residential"/>
    <tag k="name" v="창경궁로"/>
    <tag k="name:en" v="Changgyeonggung-ro"/>
    <tag k="name:ko" v="창경궁로"/>
    <tag k="source:name" v="survey"/>
    <tag k="surface" v="asphalt"/>
  </way>
  <way id="1456115803">
    <nd ref="8488862017"/>
    <nd ref="3846550599"/>
    <tag k="highway" v="primary"/>
    <tag k="lanes" v="3"/>
    <tag k="maxspeed" v="60"/>
    <tag k="name" v="을지로"/>
    <tag k="name:en" v="Eulji-ro"/>
    <tag k="name:etymology" v="을지문덕"/>
    <tag k="name:etymology:wikidata" v="Q702878"/>
    <tag k="name:etymology:wikipedia" v="ko:을지문덕"/>
    <tag k="name:ja" v="乙支路"/>
    <tag k="name:ko" v="을지로"/>
    <tag k="name:ko-Latn" v="Eulji-ro"/>
    <tag k="oneway" v="yes"/>
    <tag k="surface" v="asphalt"/>
    <tag k="wikidata" v="Q483304"/>
    <tag k="wikipedia" v="ko:을지로"/>
  </way>
  <way id="1456115804">
    <nd ref="3337522189"/>
    <nd ref="1326151650"/>
    <nd ref="1326151547"/>
    <nd ref="1326151534"/>
    <nd ref="8488873733"/>
    <tag k="highway" v="primary"/>
    <tag k="lanes" v="3"/>
    <tag k="maxspeed" v="60"/>
    <tag k="name" v="을지로"/>
    <tag k="name:en" v="Eulji-ro"/>
    <tag k="name:etymology" v="을지문덕"/>
    <tag k="name:etymology:wikidata" v="Q702878"/>
    <tag k="name:etymology:wikipedia" v="ko:을지문덕"/>
    <tag k="name:ja" v="乙支路"/>
    <tag k="name:ko" v="을지로"/>
    <tag k="name:ko-Latn" v="Eulji-ro"/>
    <tag k="oneway" v="yes"/>
    <tag k="wikidata" v="Q483304"/>
    <tag k="wikipedia" v="ko:을지로"/>
  </way>
  <way id="1456115805">
    <nd ref="3846550599"/>
    <nd ref="3337522189"/>
    <tag k="highway" v="primary"/>
    <tag k="lanes" v="3"/>
    <tag k="maxspeed" v="60"/>
    <tag k="name" v="을지로"/>
    <tag k="name:en" v="Eulji-ro"/>
    <tag k="name:etymology" v="을지문덕"/>
    <tag k="name:etymology:wikidata" v="Q702878"/>
    <tag k="name:etymology:wikipedia" v="ko:을지문덕"/>
    <tag k="name:ja" v="乙支路"/>
    <tag k="name:ko" v="을지로"/>
    <tag k="name:ko-Latn" v="Eulji-ro"/>
    <tag k="oneway" v="yes"/>
    <tag k="surface" v="asphalt"/>
    <tag k="wikidata" v="Q483304"/>
    <tag k="wikipedia" v="ko:을지로"/>
  </way>
  <way id="1456115806">
    <nd ref="12785870414"/>
    <nd ref="3337522191"/>
    <nd ref="3846550594"/>
    <nd ref="3337522190"/>
    <tag k="highway" v="residential"/>
    <tag k="name" v="을지로28길"/>
    <tag k="name:en" v="Eulji-ro 28-gil"/>
    <tag k="name:ko" v="을지로28길"/>
    <tag k="source:name" v="survey"/>
  </way>
  <way id="1458158597">
    <nd ref="1945255025"/>
    <nd ref="1945255009"/>
    <tag k="cycleway:both" v="no"/>
    <tag k="highway" v="primary"/>
    <tag k="lanes" v="4"/>
    <tag k="name" v="창경궁로"/>
    <tag k="name:en" v="Changgyeonggung-ro"/>
    <tag k="name:ja" v="昌慶宮路"/>
    <tag k="name:ko" v="창경궁로"/>
    <tag k="name:ko-Latn" v="Changgyeonggung-ro"/>
    <tag k="smoothness" v="good"/>
    <tag k="surface" v="asphalt"/>
  </way>
  <way id="1458158598">
    <nd ref="11212130971"/>
    <nd ref="12234274118"/>
    <nd ref="12234274124"/>
    <nd ref="1945255009"/>
    <tag k="highway" v="primary_link"/>
    <tag k="oneway" v="yes"/>
    <tag k="surface" v="asphalt"/>
  </way>
  <way id="1458158600">
    <nd ref="5768277865"/>
    <nd ref="7068765389"/>
    <nd ref="7068765117"/>
    <nd ref="11212130971"/>
    <tag k="highway" v="primary_link"/>
    <tag k="oneway" v="yes"/>
    <tag k="surface" v="asphalt"/>
  </way>
  <way id="1458158601">
    <nd ref="5768277865"/>
    <nd ref="5768277854"/>
    <tag k="cycleway:right" v="lane"/>
    <tag k="highway" v="primary"/>
    <tag k="lanes" v="4"/>
    <tag k="maxspeed" v="60"/>
    <tag k="name" v="종로"/>
    <tag k="name:en" v="Jong-ro"/>
    <tag k="name:ja" v="鐘路"/>
    <tag k="name:ko" v="종로"/>
    <tag k="name:ko-Latn" v="Jongno"/>
    <tag k="oneway" v="yes"/>
    <tag k="ref" v="6"/>
    <tag k="surface" v="asphalt"/>
    <tag k="wikidata" v="Q491066"/>
    <tag k="wikipedia" v="ko:종로 (서울)"/>
  </way>
  <way id="1458158602">
    <nd ref="11212130970"/>
    <nd ref="436718751"/>
    <tag k="highway" v="primary"/>
    <tag k="lanes" v="4"/>
    <tag k="name" v="창경궁로"/>
    <tag k="name:en" v="Changgyeonggung-ro"/>
    <tag k="name:ja" v="昌慶宮路"/>
    <tag k="name:ko" v="창경궁로"/>
    <tag k="name:ko-Latn" v="Changgyeonggung-ro"/>
    <tag k="oneway" v="yes"/>
    <tag k="surface" v="asphalt"/>
  </way>
  <way id="1458158604">
    <nd ref="2135148793"/>
    <nd ref="11175869473"/>
    <nd ref="5702150510"/>
    <tag k="cycleway:right" v="lane"/>
    <tag k="highway" v="primary"/>
    <tag k="lanes" v="4"/>
    <tag k="maxspeed" v="60"/>
    <tag k="name" v="종로"/>
    <tag k="name:en" v="Jong-ro"/>
    <tag k="name:ja" v="鐘路"/>
    <tag k="name:ko" v="종로"/>
    <tag k="name:ko-Latn" v="Jongno"/>
    <tag k="oneway" v="yes"/>
    <tag k="ref" v="6"/>
    <tag k="sidewalk:left" v="no"/>
    <tag k="sidewalk:right" v="separate"/>
    <tag k="surface" v="asphalt"/>
    <tag k="wikidata" v="Q491066"/>
    <tag k="wikipedia" v="ko:종로 (서울)"/>
  </way>
  <way id="1458158605">
    <nd ref="11175869511"/>
    <nd ref="436718751"/>
    <tag k="cycleway:right" v="lane"/>
    <tag k="highway" v="primary"/>
    <tag k="lanes" v="4"/>
    <tag k="maxspeed" v="60"/>
    <tag k="name" v="종로"/>
    <tag k="name:en" v="Jong-ro"/>
    <tag k="name:ja" v="鍾路"/>
    <tag k="name:ko" v="종로"/>
    <tag k="name:ko-Latn" v="Jongno"/>
    <tag k="oneway" v="yes"/>
    <tag k="ref" v="6"/>
    <tag k="sidewalk" v="no"/>
    <tag k="surface" v="asphalt"/>
    <tag k="wikidata" v="Q491066"/>
    <tag k="wikipedia" v="ko:종로 (서울)"/>
  </way>
  <way id="1458158606">
    <nd ref="1945255006"/>
    <nd ref="5702191564"/>
    <tag k="cycleway:left" v="lane"/>
    <tag k="highway" v="primary"/>
    <tag k="lanes" v="4"/>
    <tag k="maxspeed" v="60"/>
    <tag k="name" v="종로"/>
    <tag k="name:en" v="Jong-ro"/>
    <tag k="name:ja" v="鐘路"/>
    <tag k="name:ko" v="종로"/>
    <tag k="name:ko-Latn" v="Jongno"/>
    <tag k="oneway" v="yes"/>
    <tag k="ref" v="6"/>
    <tag k="review" v="no"/>
    <tag k="source" v="Bing"/>
    <tag k="surface" v="asphalt"/>
    <tag k="wikidata" v="Q491066"/>
    <tag k="wikipedia" v="ko:종로 (서울)"/>
  </way>
  <way id="1458158607">
    <nd ref="10300422128"/>
    <nd ref="436873999"/>
    <tag k="highway" v="primary"/>
    <tag k="lanes" v="4"/>
    <tag k="name" v="창경궁로"/>
    <tag k="name:en" v="Changgyeonggung-ro"/>
    <tag k="name:ja" v="昌慶宮路"/>
    <tag k="name:ko" v="창경궁로"/>
    <tag k="name:ko-Latn" v="Changgyeonggung-ro"/>
    <tag k="surface" v="asphalt"/>
  </way>
  <way id="1458158608">
    <nd ref="10300422164"/>
    <nd ref="10300422128"/>
    <tag k="highway" v="primary"/>
    <tag k="lanes" v="4"/>
    <tag k="name" v="창경궁로"/>
    <tag k="name:en" v="Changgyeonggung-ro"/>
    <tag k="name:ja" v="昌慶宮路"/>
    <tag k="name:ko" v="창경궁로"/>
    <tag k="name:ko-Latn" v="Changgyeonggung-ro"/>
    <tag k="surface" v="asphalt"/>
  </way>
  <way id="1458158609">
    <nd ref="2376659672"/>
    <nd ref="10300422164"/>
    <tag k="highway" v="primary"/>
    <tag k="lanes" v="4"/>
    <tag k="name" v="창경궁로"/>
    <tag k="name:en" v="Changgyeonggung-ro"/>
    <tag k="name:ja" v="昌慶宮路"/>
    <tag k="name:ko" v="창경궁로"/>
    <tag k="name:ko-Latn" v="Changgyeonggung-ro"/>
    <tag k="surface" v="asphalt"/>
  </way>
  <way id="1458158610">
    <nd ref="4168666905"/>
    <nd ref="3844548463"/>
    <tag k="highway" v="primary"/>
    <tag k="lanes" v="4"/>
    <tag k="name" v="창경궁로"/>
    <tag k="name:en" v="Changgyeonggung-ro"/>
    <tag k="name:ja" v="昌慶宮路"/>
    <tag k="name:ko" v="창경궁로"/>
    <tag k="name:ko-Latn" v="Changgyeonggung-ro"/>
    <tag k="surface" v="asphalt"/>
  </way>
  <way id="1458158611">
    <nd ref="9341250704"/>
    <nd ref="4168666905"/>
    <tag k="highway" v="primary"/>
    <tag k="lanes" v="4"/>
    <tag k="name" v="창경궁로"/>
    <tag k="name:en" v="Changgyeonggung-ro"/>
    <tag k="name:ja" v="昌慶宮路"/>
    <tag k="name:ko" v="창경궁로"/>
    <tag k="name:ko-Latn" v="Changgyeonggung-ro"/>
    <tag k="surface" v="asphalt"/>
  </way>
  <way id="1458158612">
    <nd ref="436874001"/>
    <nd ref="9341250704"/>
    <tag k="highway" v="primary"/>
    <tag k="lanes" v="4"/>
    <tag k="name" v="창경궁로"/>
    <tag k="name:en" v="Changgyeonggung-ro"/>
    <tag k="name:ja" v="昌慶宮路"/>
    <tag k="name:ko" v="창경궁로"/>
    <tag k="name:ko-Latn" v="Changgyeonggung-ro"/>
    <tag k="surface" v="asphalt"/>
  </way>
  <way id="1458158613">
    <nd ref="2376659669"/>
    <nd ref="3844548516"/>
    <nd ref="2323327984"/>
    <nd ref="3844548515"/>
    <nd ref="3844548512"/>
    <nd ref="3844548511"/>
    <nd ref="3844548510"/>
    <nd ref="2323327987"/>
    <nd ref="2323327991"/>
    <tag k="highway" v="tertiary"/>
    <tag k="name" v="김상옥로"/>
    <tag k="name:en" v="Gimsangok-ro"/>
    <tag k="name:ko" v="김상옥로"/>
    <tag k="oneway" v="no"/>
  </way>
  <way id="1458158614">
    <nd ref="10301640783"/>
    <nd ref="436874001"/>
    <tag k="highway" v="primary"/>
    <tag k="lanes" v="4"/>
    <tag k="name" v="창경궁로"/>
    <tag k="name:en" v="Changgyeonggung-ro"/>
    <tag k="name:ja" v="昌慶宮路"/>
    <tag k="name:ko" v="창경궁로"/>
    <tag k="name:ko-Latn" v="Changgyeonggung-ro"/>
    <tag k="surface" v="asphalt"/>
  </way>
  <way id="1458158615">
    <nd ref="436874001"/>
    <nd ref="13372885941"/>
    <nd ref="13372885943"/>
    <nd ref="13372885940"/>
    <nd ref="13372885944"/>
    <nd ref="13372885942"/>
    <nd ref="2376659669"/>
    <tag k="highway" v="tertiary"/>
    <tag k="oneway" v="yes"/>
  </way>
  <way id="1458158616">
    <nd ref="2376659669"/>
    <nd ref="13372885940"/>
    <nd ref="436874001"/>
    <tag k="highway" v="tertiary"/>
    <tag k="name" v="김상옥로"/>
    <tag k="name:en" v="Gimsangok-ro"/>
    <tag k="name:ko" v="김상옥로"/>
    <tag k="oneway" v="yes"/>
  </way>
  <way id="1458160293">
    <nd ref="2323328016"/>
    <nd ref="10301640783"/>
    <tag k="highway" v="primary"/>
    <tag k="lanes" v="4"/>
    <tag k="name" v="창경궁로"/>
    <tag k="name:en" v="Changgyeonggung-ro"/>
    <tag k="name:ja" v="昌慶宮路"/>
    <tag k="name:ko" v="창경궁로"/>
    <tag k="name:ko-Latn" v="Changgyeonggung-ro"/>
    <tag k="surface" v="asphalt"/>
  </way>
  <way id="1458160294">
    <nd ref="3844548549"/>
    <nd ref="2323328016"/>
    <tag k="highway" v="primary"/>
    <tag k="lanes" v="4"/>
    <tag k="name" v="창경궁로"/>
    <tag k="name:en" v="Changgyeonggung-ro"/>
    <tag k="name:ja" v="昌慶宮路"/>
    <tag k="name:ko" v="창경궁로"/>
    <tag k="name:ko-Latn" v="Changgyeonggung-ro"/>
    <tag k="surface" v="asphalt"/>
  </way>
  <way id="1458160295">
    <nd ref="3844548669"/>
    <nd ref="3844548549"/>
    <tag k="highway" v="primary"/>
    <tag k="lanes" v="4"/>
    <tag k="name" v="창경궁로"/>
    <tag k="name:en" v="Changgyeonggung-ro"/>
    <tag k="name:ja" v="昌慶宮路"/>
    <tag k="name:ko" v="창경궁로"/>
    <tag k="name:ko-Latn" v="Changgyeonggung-ro"/>
    <tag k="surface" v="asphalt"/>
  </way>
  <way id="1458160296">
    <nd ref="3844548685"/>
    <nd ref="3844548669"/>
    <tag k="highway" v="primary"/>
    <tag k="lanes" v="4"/>
    <tag k="name" v="창경궁로"/>
    <tag k="name:en" v="Changgyeonggung-ro"/>
    <tag k="name:ja" v="昌慶宮路"/>
    <tag k="name:ko" v="창경궁로"/>
    <tag k="name:ko-Latn" v="Changgyeonggung-ro"/>
    <tag k="surface" v="asphalt"/>
  </way>
  <way id="1458160297">
    <nd ref="3844548703"/>
    <nd ref="3844548685"/>
    <tag k="highway" v="primary"/>
    <tag k="lanes" v="4"/>
    <tag k="name" v="창경궁로"/>
    <tag k="name:en" v="Changgyeonggung-ro"/>
    <tag k="name:ja" v="昌慶宮路"/>
    <tag k="name:ko" v="창경궁로"/>
    <tag k="name:ko-Latn" v="Changgyeonggung-ro"/>
    <tag k="surface" v="asphalt"/>
  </way>
  <way id="1458160298">
    <nd ref="5194567135"/>
    <nd ref="13372915938"/>
    <tag k="highway" v="primary"/>
    <tag k="oneway" v="yes"/>
  </way>
  <way id="1458160299">
    <nd ref="5194567135"/>
    <nd ref="7373454664"/>
    <tag k="highway" v="primary"/>
    <tag k="lanes" v="6"/>
    <tag k="lit" v="yes"/>
    <tag k="name" v="율곡로"/>
    <tag k="name:en" v="Yulgok-ro"/>
    <tag k="name:ja" v="ユルゴクロ(栗谷路)"/>
    <tag k="name:ko" v="율곡로"/>
    <tag k="name:ko-Latn" v="Yulgok-ro"/>
    <tag k="oneway" v="no"/>
    <tag k="ref" v="50"/>
    <tag k="sidewalk" v="both"/>
    <tag k="surface" v="asphalt"/>
  </way>
  <way id="1458160300">
    <nd ref="7373454664"/>
    <nd ref="5809701432"/>
    <nd ref="436867504"/>
    <nd ref="3844548705"/>
    <nd ref="436867503"/>
    <nd ref="3844457870"/>
    <nd ref="11368092439"/>
    <nd ref="436867502"/>
    <nd ref="3844457878"/>
    <nd ref="5809701434"/>
    <nd ref="436867501"/>
    <nd ref="414685959"/>
    <tag k="highway" v="primary"/>
    <tag k="lanes" v="6"/>
    <tag k="lit" v="yes"/>
    <tag k="name" v="율곡로"/>
    <tag k="name:en" v="Yulgok-ro"/>
    <tag k="name:ja" v="ユルゴクロ(栗谷路)"/>
    <tag k="name:ko" v="율곡로"/>
    <tag k="name:ko-Latn" v="Yulgok-ro"/>
    <tag k="oneway" v="no"/>
    <tag k="ref" v="50"/>
    <tag k="sidewalk" v="both"/>
    <tag k="surface" v="asphalt"/>
  </way>
  <way id="1458160301">
    <nd ref="13372915938"/>
    <nd ref="414685953"/>
    <tag k="highway" v="primary"/>
    <tag k="lanes" v="6"/>
    <tag k="name" v="창경궁로"/>
    <tag k="name:en" v="Changgyeonggung-ro"/>
    <tag k="name:ja" v="昌慶宮路"/>
    <tag k="name:ko" v="창경궁로"/>
    <tag k="name:ko-Latn" v="Changgyeonggung-ro"/>
    <tag k="surface" v="asphalt"/>
  </way>
  <way id="1482114515">
    <nd ref="1945254831"/>
    <nd ref="9937135050"/>
    <nd ref="11198026213"/>
    <nd ref="1945254879"/>
    <tag k="highway" v="secondary"/>
    <tag k="lane_markings" v="yes"/>
    <tag k="name" v="우정국로"/>
    <tag k="name:en" v="Ujeongguk-ro"/>
    <tag k="name:ja" v="郵征局路(ウジョングクロ)"/>
    <tag k="name:ko" v="우정국로"/>
    <tag k="name:ko-Latn" v="Ujeonggungno"/>
    <tag k="surface" v="asphalt"/>
  </way>
  <way id="1482114516">
    <nd ref="436718742"/>
    <nd ref="11198015028"/>
    <nd ref="11198015009"/>
    <nd ref="1945254934"/>
    <tag k="highway" v="primary"/>
    <tag k="lanes" v="4"/>
    <tag k="maxspeed" v="60"/>
    <tag k="name" v="종로"/>
    <tag k="name:en" v="Jong-ro"/>
    <tag k="name:ja" v="鍾路(チョンノ)"/>
    <tag k="name:ko" v="종로"/>
    <tag k="name:ko-Latn" v="Jongno"/>
    <tag k="name:zh" v="钟路"/>
    <tag k="oneway" v="yes"/>
    <tag k="ref" v="6"/>
    <tag k="surface" v="asphalt"/>
    <tag k="wikidata" v="Q491066"/>
    <tag k="wikipedia" v="ko:종로 (서울)"/>
  </way>
  <way id="1482114517">
    <nd ref="1945254934"/>
    <nd ref="2420018401"/>
    <nd ref="2309513944"/>
    <nd ref="11173810849"/>
    <nd ref="4960162834"/>
    <nd ref="8380350240"/>
    <nd ref="13227969639"/>
    <nd ref="8380350243"/>
    <nd ref="11050691924"/>
    <tag k="highway" v="primary"/>
    <tag k="lanes" v="4"/>
    <tag k="maxspeed" v="60"/>
    <tag k="name" v="종로"/>
    <tag k="name:en" v="Jong-ro"/>
    <tag k="name:ja" v="鍾路(チョンノ)"/>
    <tag k="name:ko" v="종로"/>
    <tag k="name:ko-Latn" v="Jongno"/>
    <tag k="name:zh" v="钟路"/>
    <tag k="oneway" v="yes"/>
    <tag k="ref" v="6"/>
    <tag k="surface" v="asphalt"/>
    <tag k="wikidata" v="Q491066"/>
    <tag k="wikipedia" v="ko:종로 (서울)"/>
  </way>
  <way id="1499619435">
    <nd ref="436830313"/>
    <nd ref="5172891768"/>
    <tag k="highway" v="primary"/>
    <tag k="lanes" v="3"/>
    <tag k="maxspeed" v="60"/>
    <tag k="name" v="을지로"/>
    <tag k="name:en" v="Eulji-ro"/>
    <tag k="name:etymology" v="을지문덕"/>
    <tag k="name:etymology:wikidata" v="Q702878"/>
    <tag k="name:etymology:wikipedia" v="ko:을지문덕"/>
    <tag k="name:ja" v="乙支路"/>
    <tag k="name:ko" v="을지로"/>
    <tag k="name:ko-Latn" v="Eulji-ro"/>
    <tag k="name:zh" v="乙支路"/>
    <tag k="oneway" v="yes"/>
    <tag k="surface" v="asphalt"/>
    <tag k="wikidata" v="Q483304"/>
    <tag k="wikipedia" v="ko:을지로"/>
  </way>
  <way id="1499619436">
    <nd ref="13732389935"/>
    <nd ref="1945254624"/>
    <tag k="highway" v="primary"/>
    <tag k="lanes" v="3"/>
    <tag k="maxspeed" v="60"/>
    <tag k="name" v="을지로"/>
    <tag k="name:en" v="Eulji-ro"/>
    <tag k="name:etymology" v="을지문덕"/>
    <tag k="name:etymology:wikidata" v="Q702878"/>
    <tag k="name:etymology:wikipedia" v="ko:을지문덕"/>
    <tag k="name:ja" v="乙支路"/>
    <tag k="name:ko" v="을지로"/>
    <tag k="name:ko-Latn" v="Eulji-ro"/>
    <tag k="name:zh" v="乙支路"/>
    <tag k="oneway" v="yes"/>
    <tag k="surface" v="asphalt"/>
    <tag k="wikidata" v="Q483304"/>
    <tag k="wikipedia" v="ko:을지로"/>
  </way>
  <way id="1499619437">
    <nd ref="13732389922"/>
    <nd ref="13732389911"/>
    <tag k="highway" v="secondary"/>
    <tag k="lane_markings" v="yes"/>
    <tag k="lanes" v="4"/>
    <tag k="name" v="남대문로"/>
    <tag k="name:en" v="Namdaemun-ro"/>
    <tag k="name:ko" v="남대문로"/>
    <tag k="oneway" v="yes"/>
    <tag k="surface" v="asphalt"/>
  </way>
  <way id="1499619439">
    <nd ref="13732389935"/>
    <nd ref="13732389933"/>
    <nd ref="13732389921"/>
    <nd ref="13732389932"/>
    <nd ref="13732389908"/>
    <nd ref="13732389910"/>
    <nd ref="13732389931"/>
    <nd ref="13732389930"/>
    <nd ref="13732389929"/>
    <nd ref="13732389928"/>
    <nd ref="13732389919"/>
    <nd ref="13732389934"/>
    <tag k="highway" v="secondary"/>
    <tag k="lanes" v="3"/>
    <tag k="name" v="남대문로"/>
    <tag k="name:en" v="Namdaemun-ro"/>
    <tag k="name:ja" v="南大門路"/>
    <tag k="name:ko" v="남대문로"/>
    <tag k="oneway" v="yes"/>
    <tag k="surface" v="asphalt"/>
  </way>
  <way id="1499619440">
    <nd ref="13732389934"/>
    <nd ref="13732389920"/>
    <nd ref="11233115540"/>
    <nd ref="11233115502"/>
    <nd ref="9249769182"/>
    <nd ref="2420018300"/>
    <nd ref="9934757027"/>
    <nd ref="2376675570"/>
    <nd ref="10232270038"/>
    <nd ref="436830314"/>
    <nd ref="5172891766"/>
    <nd ref="1945254624"/>
    <tag k="highway" v="secondary"/>
    <tag k="lanes" v="5"/>
    <tag k="name" v="남대문로"/>
    <tag k="name:en" v="Namdaemun-ro"/>
    <tag k="name:ja" v="南大門路"/>
    <tag k="name:ko" v="남대문로"/>
    <tag k="oneway" v="yes"/>
    <tag k="surface" v="asphalt"/>
  </way>
  <way id="1499619441">
    <nd ref="5172891768"/>
    <nd ref="13732389935"/>
    <tag k="highway" v="secondary"/>
    <tag k="lane_markings" v="yes"/>
    <tag k="lanes" v="3"/>
    <tag k="name" v="남대문로"/>
    <tag k="name:en" v="Namdaemun-ro"/>
    <tag k="name:ko" v="남대문로"/>
    <tag k="oneway" v="yes"/>
    <tag k="surface" v="asphalt"/>
  </way>
  <way id="1499619442">
    <nd ref="13732389911"/>
    <nd ref="13732389936"/>
    <nd ref="5172891768"/>
    <tag k="highway" v="secondary"/>
    <tag k="lane_markings" v="yes"/>
    <tag k="lanes" v="4"/>
    <tag k="name" v="남대문로"/>
    <tag k="name:en" v="Namdaemun-ro"/>
    <tag k="name:ko" v="남대문로"/>
    <tag k="oneway" v="yes"/>
    <tag k="surface" v="asphalt"/>
  </way>
  <way id="1499619443">
    <nd ref="13732389915"/>
    <nd ref="13732389947"/>
    <nd ref="13732389946"/>
    <nd ref="13732389945"/>
    <nd ref="13732389944"/>
    <nd ref="13732389943"/>
    <nd ref="13732389942"/>
    <nd ref="13732389941"/>
    <nd ref="13732389940"/>
    <nd ref="13732389914"/>
    <nd ref="13732389912"/>
    <nd ref="13732389913"/>
    <nd ref="13732389939"/>
    <nd ref="13732389938"/>
    <nd ref="13732389937"/>
    <nd ref="13732389922"/>
    <tag k="highway" v="secondary"/>
    <tag k="lane_markings" v="yes"/>
    <tag k="lanes" v="4"/>
    <tag k="maxspeed" v="50"/>
    <tag k="name" v="남대문로"/>
    <tag k="name:en" v="Namdaemun-ro"/>
    <tag k="name:ja" v="南大門路"/>
    <tag k="name:ko" v="남대문로"/>
    <tag k="oneway" v="yes"/>
    <tag k="surface" v="asphalt"/>
  </way>
  <way id="1499936622">
    <nd ref="436849195"/>
    <nd ref="13735062361"/>
    <tag k="highway" v="primary"/>
    <tag k="lit" v="yes"/>
    <tag k="name" v="율곡로"/>
    <tag k="name:en" v="Yulgok-ro"/>
    <tag k="name:ja" v="栗谷路"/>
    <tag k="name:ko" v="율곡로"/>
    <tag k="name:ko-Latn" v="Yulgok-ro"/>
    <tag k="oneway" v="no"/>
    <tag k="ref" v="50"/>
    <tag k="sidewalk" v="both"/>
    <tag k="surface" v="asphalt"/>
  </way>
  <way id="1499936623">
    <nd ref="13735062357"/>
    <nd ref="14015147933"/>
    <nd ref="14015147932"/>
    <nd ref="14015147931"/>
    <nd ref="13735062344"/>
    <nd ref="13735062348"/>
    <nd ref="13735062349"/>
    <nd ref="13735062345"/>
    <nd ref="13735062351"/>
    <nd ref="13735062361"/>
    <tag k="highway" v="primary"/>
    <tag k="lit" v="yes"/>
    <tag k="name" v="율곡로"/>
    <tag k="name:en" v="Yulgok-ro"/>
    <tag k="name:ja" v="栗谷路"/>
    <tag k="name:ko" v="율곡로"/>
    <tag k="name:ko-Latn" v="Yulgok-ro"/>
    <tag k="oneway" v="yes"/>
    <tag k="ref" v="50"/>
    <tag k="sidewalk" v="right"/>
    <tag k="surface" v="asphalt"/>
  </way>
  <way id="1499936624">
    <nd ref="13735062360"/>
    <nd ref="13735062353"/>
    <nd ref="13735062354"/>
    <nd ref="13735062355"/>
    <nd ref="13735062356"/>
    <nd ref="13735062357"/>
    <tag k="highway" v="primary"/>
    <tag k="layer" v="-1"/>
    <tag k="lit" v="yes"/>
    <tag k="maxspeed" v="50"/>
    <tag k="maxspeed:type" v="sign"/>
    <tag k="name" v="율곡로"/>
    <tag k="name:en" v="Yulgok-ro"/>
    <tag k="name:ja" v="栗谷路"/>
    <tag k="name:ko" v="율곡로"/>
    <tag k="name:ko-Latn" v="Yulgok-ro"/>
    <tag k="oneway" v="yes"/>
    <tag k="surface" v="asphalt"/>
    <tag k="tunnel" v="yes"/>
    <tag k="tunnel:name" v="율곡터널"/>
  </way>
  <way id="1499936625">
    <nd ref="13735062364"/>
    <nd ref="13735062343"/>
    <nd ref="10665047739"/>
    <nd ref="13735062359"/>
    <nd ref="13735062360"/>
    <tag k="highway" v="primary"/>
    <tag k="lanes" v="7"/>
    <tag k="lanes:backward" v="2"/>
    <tag k="lanes:forward" v="5"/>
    <tag k="lit" v="yes"/>
    <tag k="maxspeed" v="50"/>
    <tag k="maxspeed:type" v="sign"/>
    <tag k="name" v="율곡로"/>
    <tag k="name:en" v="Yulgok-ro"/>
    <tag k="name:ja" v="栗谷路"/>
    <tag k="name:ko" v="율곡로"/>
    <tag k="name:ko-Latn" v="Yulgok-ro"/>
    <tag k="oneway" v="yes"/>
    <tag k="ref" v="50"/>
    <tag k="surface" v="asphalt"/>
  </way>
  <way id="1499936626">
    <nd ref="13735062364"/>
    <nd ref="5194567133"/>
    <nd ref="414685953"/>
    <tag k="highway" v="primary"/>
    <tag k="lanes" v="7"/>
    <tag k="lanes:backward" v="2"/>
    <tag k="lanes:forward" v="5"/>
    <tag k="lit" v="yes"/>
    <tag k="name" v="율곡로"/>
    <tag k="name:en" v="Yulgok-ro"/>
    <tag k="name:ja" v="栗谷路"/>
    <tag k="name:ko" v="율곡로"/>
    <tag k="name:ko-Latn" v="Yulgok-ro"/>
    <tag k="oneway" v="no"/>
    <tag k="ref" v="50"/>
    <tag k="sidewalk" v="both"/>
    <tag k="surface" v="asphalt"/>
  </way>
  <way id="1505423769">
    <nd ref="414686011"/>
    <nd ref="13773030290"/>
    <nd ref="13773030289"/>
    <nd ref="13773030288"/>
    <nd ref="13773030287"/>
    <nd ref="13773030286"/>
    <nd ref="13773030285"/>
    <nd ref="13773030284"/>
    <nd ref="13773030283"/>
    <nd ref="13773030282"/>
    <nd ref="13773030291"/>
    <nd ref="13773030281"/>
    <nd ref="13773030293"/>
    <nd ref="13773030280"/>
    <nd ref="5778529311"/>
    <tag k="cycleway:both:lane" v="exclusive"/>
    <tag k="cycleway:left" v="lane"/>
    <tag k="cycleway:right" v="separate"/>
    <tag k="highway" v="tertiary"/>
    <tag k="lanes" v="2"/>
    <tag k="name" v="청와대로"/>
    <tag k="name:en" v="Cheongwadae-ro"/>
    <tag k="name:ja" v="青瓦台路"/>
    <tag k="name:ko" v="청와대로"/>
    <tag k="name:zh" v="青瓦台路"/>
    <tag k="oneway" v="yes"/>
    <tag k="surface" v="asphalt"/>
  </way>
  <way id="1506928764">
    <nd ref="2064459566"/>
    <nd ref="11202894935"/>
    <nd ref="11202894931"/>
    <nd ref="11727528558"/>
    <nd ref="11727528559"/>
    <nd ref="2064459582"/>
    <tag k="highway" v="primary"/>
    <tag k="lanes" v="3"/>
    <tag k="lit" v="yes"/>
    <tag k="name" v="율곡로"/>
    <tag k="name:en" v="Yulgok-ro"/>
    <tag k="name:ja" v="栗谷路(ユルゴクロ)"/>
    <tag k="name:ko" v="율곡로"/>
    <tag k="oneway" v="yes"/>
    <tag k="ref" v="50"/>
    <tag k="surface" v="asphalt"/>
  </way>
  <way id="1506928765">
    <nd ref="436867523"/>
    <nd ref="13781224162"/>
    <tag k="cycleway" v="shared_lane"/>
    <tag k="highway" v="primary"/>
    <tag k="lit" v="yes"/>
    <tag k="name" v="율곡로"/>
    <tag k="name:en" v="Yulgok-ro"/>
    <tag k="name:ja" v="栗谷路"/>
    <tag k="name:ko" v="율곡로"/>
    <tag k="name:ko-Latn" v="Yulgok-ro"/>
    <tag k="oneway" v="no"/>
    <tag k="ref" v="50"/>
    <tag k="sidewalk" v="both"/>
    <tag k="surface" v="asphalt"/>
  </way>
  <way id="1507371408">
    <nd ref="8631778115"/>
    <nd ref="9284853536"/>
    <tag k="highway" v="primary"/>
    <tag k="lanes" v="4"/>
    <tag k="maxspeed" v="60"/>
    <tag k="name" v="새문안로"/>
    <tag k="name:en" v="Saemunan-ro"/>
    <tag k="name:ja" v="新門路(セムナンロ)"/>
    <tag k="name:ko" v="새문안로"/>
    <tag k="name:ko-Latn" v="Saemunan-ro"/>
    <tag k="name:zh" v="新南路"/>
    <tag k="oneway" v="yes"/>
    <tag k="ref" v="6"/>
    <tag k="review" v="no"/>
    <tag k="source" v="Bing"/>
    <tag k="surface" v="asphalt"/>
  </way>
  <way id="1509413419">
    <nd ref="5853280339"/>
    <nd ref="11197972374"/>
    <nd ref="11197972372"/>
    <nd ref="2309513942"/>
    <tag k="highway" v="secondary"/>
    <tag k="lanes" v="6"/>
    <tag k="name" v="우정국로"/>
    <tag k="name:en" v="Ujeongguk-ro"/>
    <tag k="name:ja" v="郵征局路"/>
    <tag k="name:ko" v="우정국로"/>
    <tag k="name:ko-Latn" v="Ujeonggungno"/>
    <tag k="surface" v="asphalt"/>
  </way>
  <way id="1528832678">
    <nd ref="2420018311"/>
    <nd ref="13931631853"/>
    <tag k="highway" v="residential"/>
    <tag k="motor_vehicle" v="no"/>
    <tag k="name" v="남대문로10길"/>
    <tag k="name:en" v="Namdaemun-ro 10-gil"/>
    <tag k="name:ja" v="南大門路 10キル"/>
    <tag k="name:ko" v="남대문로10길"/>
  </way>
  <way id="1532230198">
    <nd ref="5768277854"/>
    <nd ref="13964474763"/>
    <tag k="cycleway:right" v="lane"/>
    <tag k="highway" v="primary"/>
    <tag k="lanes" v="4"/>
    <tag k="maxspeed" v="60"/>
    <tag k="name" v="종로"/>
    <tag k="name:en" v="Jong-ro"/>
    <tag k="name:ja" v="鐘路"/>
    <tag k="name:ko" v="종로"/>
    <tag k="name:ko-Latn" v="Jongno"/>
    <tag k="oneway" v="yes"/>
    <tag k="ref" v="6"/>
    <tag k="surface" v="asphalt"/>
    <tag k="wikidata" v="Q491066"/>
    <tag k="wikipedia" v="ko:종로 (서울)"/>
  </way>
  <way id="1532245564">
    <nd ref="13964474763"/>
    <nd ref="2135148793"/>
    <tag k="cycleway:right" v="lane"/>
    <tag k="highway" v="primary"/>
    <tag k="lanes" v="4"/>
    <tag k="maxspeed" v="60"/>
    <tag k="name" v="종로"/>
    <tag k="name:en" v="Jong-ro"/>
    <tag k="name:ja" v="鐘路"/>
    <tag k="name:ko" v="종로"/>
    <tag k="name:ko-Latn" v="Jongno"/>
    <tag k="oneway" v="yes"/>
    <tag k="ref" v="6"/>
    <tag k="sidewalk" v="right"/>
    <tag k="surface" v="asphalt"/>
    <tag k="wikidata" v="Q491066"/>
    <tag k="wikipedia" v="ko:종로 (서울)"/>
  </way>
  <way id="1532246175">
    <nd ref="436836942"/>
    <nd ref="2523185918"/>
    <nd ref="4197560774"/>
    <nd ref="4197546885"/>
    <nd ref="3833429841"/>
    <nd ref="1945254981"/>
    <tag k="highway" v="secondary"/>
    <tag k="lane_markings" v="yes"/>
    <tag k="name" v="돈화문로"/>
    <tag k="name:en" v="Donhwamun-ro"/>
    <tag k="name:ja" v="敦化門路"/>
    <tag k="name:ko" v="돈화문로"/>
    <tag k="name:ko-Latn" v="Donhwamunno"/>
    <tag k="surface" v="asphalt"/>
  </way>
  <way id="1532307039">
    <nd ref="436718742"/>
    <nd ref="11198026214"/>
    <nd ref="13965175682"/>
    <tag k="cycleway" v="shared_lane"/>
    <tag k="highway" v="secondary"/>
    <tag k="name" v="우정국로"/>
    <tag k="name:en" v="Ujeongguk-ro"/>
    <tag k="name:ja" v="郵征局路(ウジョングクロ)"/>
    <tag k="name:ko" v="우정국로"/>
    <tag k="name:ko-Latn" v="Ujeonggungno"/>
    <tag k="surface" v="asphalt"/>
  </way>
  <way id="1532896484">
    <nd ref="436867528"/>
    <nd ref="11202894930"/>
    <nd ref="11202894933"/>
    <nd ref="436852186"/>
    <tag k="bicycle" v="designated"/>
    <tag k="cycleway:left" v="no"/>
    <tag k="cycleway:right" v="lane"/>
    <tag k="highway" v="primary"/>
    <tag k="lanes" v="3"/>
    <tag k="lit" v="yes"/>
    <tag k="name" v="율곡로"/>
    <tag k="name:en" v="Yulgok-ro"/>
    <tag k="name:ja" v="栗谷路(ユルゴクロ)"/>
    <tag k="name:ko" v="율곡로"/>
    <tag k="oneway" v="yes"/>
    <tag k="surface" v="asphalt"/>
  </way>
  <way id="1533106749">
    <nd ref="8486350201"/>
    <nd ref="3112252732"/>
    <nd ref="2252763467"/>
    <tag k="cycleway:left" v="no"/>
    <tag k="cycleway:right" v="lane"/>
    <tag k="highway" v="primary"/>
    <tag k="lanes" v="4"/>
    <tag k="maxspeed" v="60"/>
    <tag k="name" v="종로"/>
    <tag k="name:en" v="Jong-ro"/>
    <tag k="name:ja" v="鍾路"/>
    <tag k="name:ko" v="종로"/>
    <tag k="name:ko-Latn" v="Jongno"/>
    <tag k="oneway" v="yes"/>
    <tag k="ref" v="6"/>
    <tag k="sidewalk:left" v="no"/>
    <tag k="sidewalk:right" v="separate"/>
    <tag k="surface" v="asphalt"/>
    <tag k="wikidata" v="Q491066"/>
    <tag k="wikipedia" v="ko:종로 (서울)"/>
  </way>
  <way id="1533106754">
    <nd ref="2252763467"/>
    <nd ref="1945254901"/>
    <nd ref="10591128234"/>
    <nd ref="11173792733"/>
    <nd ref="2420018407"/>
    <nd ref="3514148293"/>
    <nd ref="7068953101"/>
    <tag k="cycleway:left" v="no"/>
    <tag k="cycleway:right" v="lane"/>
    <tag k="highway" v="primary"/>
    <tag k="lanes" v="4"/>
    <tag k="maxspeed" v="60"/>
    <tag k="name" v="종로"/>
    <tag k="name:en" v="Jong-ro"/>
    <tag k="name:ja" v="鍾路"/>
    <tag k="name:ko" v="종로"/>
    <tag k="name:ko-Latn" v="Jongno"/>
    <tag k="oneway" v="yes"/>
    <tag k="ref" v="6"/>
    <tag k="sidewalk" v="right"/>
    <tag k="surface" v="asphalt"/>
    <tag k="wikidata" v="Q491066"/>
    <tag k="wikipedia" v="ko:종로 (서울)"/>
  </way>
  <way id="1536478055">
    <nd ref="871804258"/>
    <nd ref="10315989900"/>
    <nd ref="1815457804"/>
    <nd ref="7179536472"/>
    <nd ref="436844957"/>
    <tag k="highway" v="primary"/>
    <tag k="lanes" v="2"/>
    <tag k="maxspeed" v="60"/>
    <tag k="name" v="을지로"/>
    <tag k="name:en" v="Eulji-ro"/>
    <tag k="name:etymology" v="을지문덕"/>
    <tag k="name:etymology:wikidata" v="Q702878"/>
    <tag k="name:etymology:wikipedia" v="ko:을지문덕"/>
    <tag k="name:ja" v="乙支路"/>
    <tag k="name:ko" v="을지로"/>
    <tag k="name:ko-Latn" v="Eulji-ro"/>
    <tag k="name:zh" v="乙支路"/>
    <tag k="oneway" v="yes"/>
    <tag k="wikidata" v="Q483304"/>
    <tag k="wikipedia" v="ko:을지로"/>
  </way>
  <way id="1536659790">
    <nd ref="11233115507"/>
    <nd ref="2463587951"/>
    <nd ref="2420018320"/>
    <nd ref="2135158092"/>
    <nd ref="11170069517"/>
    <nd ref="871729376"/>
    <nd ref="13998649081"/>
    <tag k="bicycle" v="designated"/>
    <tag k="cycleway:left" v="track"/>
    <tag k="highway" v="primary"/>
    <tag k="lanes" v="2"/>
    <tag k="name" v="청계천로"/>
    <tag k="name:en" v="Cheonggyecheon-ro"/>
    <tag k="name:ja" v="清渓川路"/>
    <tag k="name:ko" v="청계천로"/>
    <tag k="name:ko-Latn" v="Cheonggyecheon-ro"/>
    <tag k="name:zh" v="清溪川路"/>
    <tag k="oneway" v="yes"/>
    <tag k="oneway:bicycle" v="yes"/>
    <tag k="smoothness" v="good"/>
    <tag k="surface" v="asphalt"/>
  </way>
  <way id="1537149807">
    <nd ref="1949249835"/>
    <nd ref="2267960095"/>
    <nd ref="3612457968"/>
    <nd ref="5357051581"/>
    <nd ref="292395190"/>
    <tag k="highway" v="residential"/>
    <tag k="name" v="인사동5길"/>
    <tag k="name:en" v="Insadong 5-gil"/>
    <tag k="name:ja" v="仁寺洞5街(インサドン5(オ)ギル)"/>
    <tag k="name:ko" v="인사동5길"/>
    <tag k="name:zh" v="仁寺洞5街"/>
  </way>
  <way id="1537342062">
    <nd ref="2420018541"/>
    <nd ref="3279010911"/>
    <nd ref="5015675996"/>
    <tag k="highway" v="residential"/>
    <tag k="maxspeed" v="30"/>
    <tag k="maxspeed:type" v="sign"/>
    <tag k="name" v="인사동5길"/>
    <tag k="name:en" v="Insadong 5-gil"/>
    <tag k="name:ja" v="仁寺洞5街(インサドン5(オ)ギル)"/>
    <tag k="name:ko" v="인사동5길"/>
    <tag k="name:zh" v="仁寺洞5街"/>
  </way>
  <way id="1537342293">
    <nd ref="14003678900"/>
    <nd ref="3369584693"/>
    <nd ref="3369594493"/>
    <nd ref="2420018541"/>
    <tag k="highway" v="residential"/>
    <tag k="maxspeed" v="30"/>
    <tag k="maxspeed:type" v="sign"/>
    <tag k="name" v="인사동5길"/>
    <tag k="name:en" v="Insadong 5-gil"/>
    <tag k="name:ja" v="仁寺洞5街(インサドン5(オ)ギル)"/>
    <tag k="name:ko" v="인사동5길"/>
    <tag k="name:zh" v="仁寺洞5街"/>
    <tag k="sidewalk" v="both"/>
    <tag k="smoothness" v="intermediate"/>
    <tag k="surface" v="paving_stones"/>
  </way>
  <way id="1539122308">
    <nd ref="436874009"/>
    <nd ref="12152864488"/>
    <nd ref="12194128578"/>
    <nd ref="12152864487"/>
    <nd ref="12152864486"/>
    <nd ref="12194128597"/>
    <nd ref="7062515349"/>
    <nd ref="12194128596"/>
    <nd ref="12152864485"/>
    <tag k="highway" v="primary"/>
    <tag k="lanes" v="3"/>
    <tag k="name" v="창경궁로"/>
    <tag k="name:en" v="Changgyeonggung-ro"/>
    <tag k="name:ja" v="昌慶宮路"/>
    <tag k="name:ko" v="창경궁로"/>
    <tag k="oneway" v="yes"/>
    <tag k="surface" v="asphalt"/>
  </way>

</osm>
