<?xml version="1.0" encoding="UTF-8"?>
<osm version="0.6" generator="Overpass API 0.7.62.11 87bfad18">
<note>The data included in this document is from www.openstreetmap.org. The data is made available under ODbL.</note>
<meta osm_base="2026-08-06T22:48:18Z"/>

  <node id="158030410" lat="35.6903262" lon="139.7044482"/>
  <node id="158030430" lat="35.6929078" lon="139.7060519"/>
  <node id="158030491" lat="35.6979039" lon="139.7074388">
    <tag k="junction" v="yes"/>
    <tag k="name" v="新宿七丁目"/>
    <tag k="name:en" v="Shinjuku 7"/>
    <tag k="name:ja" v="新宿七丁目"/>
    <tag k="name:ja-Hira" v="しんじゅくななちょうめ"/>
    <tag k="name:ja_rm" v="Shinjuku nanachōme"/>
  </node>
  <node id="191499365" lat="35.6958598" lon="139.6884285">
    <tag k="highway" v="traffic_signals"/>
    <tag k="name" v="成子坂下"/>
    <tag k="name:en" v="Narukozakashita"/>
    <tag k="name:ja" v="成子坂下"/>
  </node>
  <node id="191500702" lat="35.6877417" lon="139.6965518">
    <tag k="highway" v="traffic_signals"/>
  </node>
  <node id="191504250" lat="35.6936998" lon="139.6990983">
    <tag k="junction" v="yes"/>
    <tag k="name" v="新宿大ガード西"/>
    <tag k="name:en" v="Shinjuku O Gard West"/>
    <tag k="name:ko" v="신쥬쿠 오가드 니시"/>
    <tag k="name:zh" v="新宿大GARD 西"/>
  </node>
  <node id="191504251" lat="35.6937390" lon="139.7009880"/>
  <node id="191504252" lat="35.6931411" lon="139.7034817">
    <tag k="highway" v="traffic_signals"/>
    <tag k="name" v="新宿区役所前"/>
    <tag k="name:en" v="Shinjuku City Office"/>
    <tag k="name:ja" v="新宿区役所前"/>
    <tag k="name:ko" v="신쥬쿠 구청 잎"/>
    <tag k="name:zh" v="新宿区役所前"/>
    <tag k="traffic_signals" v="signal"/>
  </node>
  <node id="191504258" lat="35.6912002" lon="139.7172073"/>
  <node id="191504259" lat="35.6922402" lon="139.7213264">
    <tag k="junction" v="yes"/>
    <tag k="name" v="住吉町"/>
    <tag k="name:en" v="Sumiyoshicho"/>
    <tag k="name:ja" v="住吉町"/>
  </node>
  <node id="197004349" lat="35.6888244" lon="139.6993775"/>
  <node id="255996127" lat="35.6842885" lon="139.7055815"/>
  <node id="260567674" lat="35.6931306" lon="139.6969955">
    <tag k="junction" v="yes"/>
    <tag k="name" v="新都心歩道橋下"/>
    <tag k="name:en" v="Shintoshin Footbridge"/>
    <tag k="name:ja" v="新都心歩道橋下"/>
    <tag k="ref" v="436-25"/>
  </node>
  <node id="260905633" lat="35.6872271" lon="139.7148242"/>
  <node id="260905634" lat="35.6870807" lon="139.7131032"/>
  <node id="260905739" lat="35.6894037" lon="139.7061259"/>
  <node id="260905744" lat="35.6880110" lon="139.7089324"/>
  <node id="260905745" lat="35.6877501" lon="139.7096366"/>
  <node id="260905748" lat="35.6875165" lon="139.7105157"/>
  <node id="260905749" lat="35.6871981" lon="139.7119250"/>
  <node id="260906093" lat="35.6913667" lon="139.7150218"/>
  <node id="263085936" lat="35.6932262" lon="139.6969832">
    <tag k="highway" v="traffic_signals"/>
    <tag k="ref" v="436-25"/>
    <tag k="traffic_signals" v="signal"/>
    <tag k="traffic_signals:direction" v="forward"/>
  </node>
  <node id="267805270" lat="35.6837210" lon="139.6903075"/>
  <node id="267805271" lat="35.6835207" lon="139.6911618"/>
  <node id="267805272" lat="35.6833751" lon="139.6913032"/>
  <node id="267805273" lat="35.6824663" lon="139.6919476"/>
  <node id="267805274" lat="35.6810925" lon="139.6928917"/>
  <node id="267805275" lat="35.6802092" lon="139.6935075"/>
  <node id="267805276" lat="35.6797673" lon="139.6941718"/>
  <node id="267805277" lat="35.6797633" lon="139.6947368"/>
  <node id="267805278" lat="35.6799355" lon="139.6956402"/>
  <node id="267805279" lat="35.6801119" lon="139.6961204"/>
  <node id="267810145" lat="35.6796798" lon="139.6946619"/>
  <node id="267810146" lat="35.6801681" lon="139.6934353"/>
  <node id="267810149" lat="35.6833665" lon="139.6910690"/>
  <node id="267810151" lat="35.6835844" lon="139.6902528"/>
  <node id="267810152" lat="35.6835230" lon="139.6900052"/>
  <node id="281366424" lat="35.6840232" lon="139.6991131"/>
  <node id="281490128" lat="35.6814662" lon="139.6928343">
    <tag k="highway" v="traffic_signals"/>
    <tag k="name" v="代々木地域安全センター前"/>
    <tag k="name:en" v="Yoyogi-Chiikianzen Center"/>
    <tag k="name:ja" v="代々木地域安全センター前"/>
  </node>
  <node id="281490130" lat="35.6818975" lon="139.6941334">
    <tag k="highway" v="traffic_signals"/>
    <tag k="name" v="代々木三丁目"/>
    <tag k="name:en" v="Yoyogi 3-chome"/>
    <tag k="name:ja" v="代々木三丁目"/>
    <tag k="name:ja_rm" v="Yoyogi 3-chome"/>
  </node>
  <node id="281491575" lat="35.6825017" lon="139.6921242"/>
  <node id="281491576" lat="35.6833378" lon="139.6916156"/>
  <node id="281491577" lat="35.6841213" lon="139.6909721">
    <tag k="junction" v="yes"/>
    <tag k="name" v="西参道口"/>
    <tag k="name:en" v="Nishisandoguchi"/>
    <tag k="name:ja" v="西参道口"/>
    <tag k="source" v="image,2013-03;Bing"/>
  </node>
  <node id="281491578" lat="35.6842512" lon="139.6907969">
    <tag k="junction" v="yes"/>
    <tag k="name" v="西参道口"/>
    <tag k="name:en" v="Nishisandoguchi"/>
    <tag k="name:ja" v="西参道口"/>
    <tag k="source" v="image,2013-03;Bing"/>
  </node>
  <node id="281518278" lat="35.6827539" lon="139.7017750">
    <tag k="highway" v="traffic_signals"/>
    <tag k="name" v="代々木駅"/>
  </node>
  <node id="281518524" lat="35.6813282" lon="139.7022524"/>
  <node id="281518529" lat="35.6832826" lon="139.7016580">
    <tag k="button_operated" v="no"/>
    <tag k="crossing" v="traffic_signals"/>
    <tag k="crossing:island" v="no"/>
    <tag k="highway" v="crossing"/>
    <tag k="source" v="Bing"/>
    <tag k="tactile_paving" v="yes"/>
  </node>
  <node id="295393488" lat="35.6827815" lon="139.6887155">
    <tag k="highway" v="motorway_junction"/>
    <tag k="name" v="新宿出口"/>
    <tag k="name:en" v="Shinjuku"/>
    <tag k="name:es" v="Shinjuku"/>
    <tag k="name:ja" v="新宿出口"/>
    <tag k="name:ja_rm" v="Shinjuku"/>
    <tag k="ref" v="404"/>
  </node>
  <node id="295393490" lat="35.6827909" lon="139.6917274"/>
  <node id="295393493" lat="35.6837432" lon="139.6912183"/>
  <node id="295403161" lat="35.6815971" lon="139.7045291"/>
  <node id="295403163" lat="35.6827191" lon="139.7045383"/>
  <node id="295403164" lat="35.6830958" lon="139.7044831"/>
  <node id="295403168" lat="35.6832767" lon="139.7044418"/>
  <node id="295403169" lat="35.6835553" lon="139.7043343"/>
  <node id="295403171" lat="35.6838484" lon="139.7041727"/>
  <node id="295403184" lat="35.6844532" lon="139.7037941">
    <tag k="highway" v="traffic_signals"/>
    <tag k="name" v="千駄ヶ谷五丁目"/>
    <tag k="name:en" v="Sendagaya 5"/>
    <tag k="name:ja" v="千駄ヶ谷五丁目"/>
    <tag k="traffic_signals" v="signal"/>
  </node>
  <node id="295403185" lat="35.6846829" lon="139.7037228"/>
  <node id="295403211" lat="35.6875885" lon="139.7029006"/>
  <node id="295403271" lat="35.6879813" lon="139.7028580"/>
  <node id="295403272" lat="35.6880340" lon="139.7028859">
    <tag k="crossing" v="traffic_signals"/>
    <tag k="crossing:markings" v="zebra"/>
    <tag k="highway" v="crossing"/>
  </node>
  <node id="295403278" lat="35.6898250" lon="139.7041258">
    <tag k="junction" v="yes"/>
    <tag k="name" v="新宿四丁目"/>
    <tag k="name:en" v="Shinjuku 4"/>
    <tag k="name:ja" v="新宿四丁目"/>
  </node>
  <node id="295403279" lat="35.6897636" lon="139.7055712"/>
  <node id="295403282" lat="35.6894807" lon="139.7062011"/>
  <node id="295403284" lat="35.6887448" lon="139.7077412"/>
  <node id="295403286" lat="35.6875692" lon="139.7159426">
    <tag k="junction" v="yes"/>
    <tag k="name" v="四谷四丁目"/>
    <tag k="name:en" v="Yotsuya 4-chome"/>
    <tag k="name:es" v="Yotsuya 4-chome"/>
    <tag k="name:ja" v="四谷四丁目"/>
  </node>
  <node id="295403289" lat="35.6873896" lon="139.7131589"/>
  <node id="295403294" lat="35.6896912" lon="139.7054371"/>
  <node id="295403316" lat="35.6897029" lon="139.7040462">
    <tag k="junction" v="yes"/>
    <tag k="name" v="新宿四丁目"/>
    <tag k="name:en" v="Shinjuku 4"/>
    <tag k="name:ja" v="新宿四丁目"/>
  </node>
  <node id="295405274" lat="35.6873865" lon="139.6957286">
    <tag k="highway" v="traffic_signals"/>
    <tag k="name" v="西新宿二丁目"/>
    <tag k="name:en" v="Nishi-Shinjuku 2"/>
  </node>
  <node id="295405281" lat="35.6866240" lon="139.6941897"/>
  <node id="295405291" lat="35.6848550" lon="139.6920178">
    <tag k="junction" v="yes"/>
    <tag k="name" v="西新宿3丁目"/>
    <tag k="name:en" v="Nishishinjuku 3-chome"/>
    <tag k="source" v="image,2013-03;Bing"/>
  </node>
  <node id="295405292" lat="35.6842813" lon="139.6911824">
    <tag k="highway" v="traffic_signals"/>
    <tag k="traffic_signals:direction" v="forward"/>
  </node>
  <node id="295406736" lat="35.6911956" lon="139.7166689">
    <tag k="junction" v="yes"/>
    <tag k="name" v="富久町"/>
    <tag k="name:en" v="Tomihisacho"/>
    <tag k="name:ja" v="富久町"/>
  </node>
  <node id="295406737" lat="35.6912842" lon="139.7146227">
    <tag k="junction" v="yes"/>
    <tag k="name" v="富久町西"/>
    <tag k="name:en" v="Tomihisacho -W."/>
    <tag k="name:ja" v="富久町西"/>
    <tag k="source" v="bing"/>
  </node>
  <node id="295406745" lat="35.6883168" lon="139.7156448"/>
  <node id="295416366" lat="35.6893398" lon="139.6964399">
    <tag k="highway" v="traffic_signals"/>
  </node>
  <node id="295416369" lat="35.6900239" lon="139.6963859">
    <tag k="highway" v="traffic_signals"/>
    <tag k="name" v="新宿郵便局前"/>
    <tag k="name:ja" v="新宿郵便局前"/>
  </node>
  <node id="295416420" lat="35.6926501" lon="139.6943522">
    <tag k="highway" v="traffic_signals"/>
    <tag k="name" v="新宿警察署裏"/>
  </node>
  <node id="295416423" lat="35.6937579" lon="139.6951221">
    <tag k="junction" v="yes"/>
    <tag k="name" v="新宿警察署前"/>
    <tag k="name:en" v="Shinjuku Police Station"/>
  </node>
  <node id="295416458" lat="35.6926242" lon="139.6944787">
    <tag k="highway" v="traffic_signals"/>
    <tag k="name" v="新宿警察署裏"/>
  </node>
  <node id="295416486" lat="35.6910062" lon="139.6948473">
    <tag k="highway" v="traffic_signals"/>
    <tag k="name" v="中央通り東"/>
    <tag k="name:en" v="Chuo dori E"/>
    <tag k="name:es" v="Chuo dori E"/>
    <tag k="name:ja" v="中央通り東"/>
  </node>
  <node id="295416542" lat="35.6911592" lon="139.6963143"/>
  <node id="295416603" lat="35.6873130" lon="139.6943036">
    <tag k="crossing" v="traffic_signals"/>
    <tag k="crossing:markings" v="zebra"/>
    <tag k="crossing:signals" v="yes"/>
    <tag k="highway" v="crossing"/>
  </node>
  <node id="295416620" lat="35.6871898" lon="139.6958653"/>
  <node id="295416628" lat="35.6874253" lon="139.6942318">
    <tag k="highway" v="traffic_signals"/>
    <tag k="name" v="議事堂南"/>
    <tag k="name:en" v="Tokyo Metropolitan Assembly-S."/>
    <tag k="name:ja" v="議事堂南"/>
  </node>
  <node id="295416651" lat="35.6892112" lon="139.6937672"/>
  <node id="295416696" lat="35.6908836" lon="139.6933578"/>
  <node id="295416719" lat="35.6924485" lon="139.6930892">
    <tag k="highway" v="traffic_signals"/>
    <tag k="name" v="議事堂北"/>
    <tag k="name:en" v="Met. Assembly N"/>
    <tag k="name:ko" v="의사당 북쪽"/>
    <tag k="name:zh" v="议事堂北"/>
  </node>
  <node id="295416727" lat="35.6917356" lon="139.6888084"/>
  <node id="295416806" lat="35.6919759" lon="139.6965816"/>
  <node id="295422430" lat="35.6849628" lon="139.6919233">
    <tag k="junction" v="yes"/>
    <tag k="name" v="西新宿3丁目"/>
    <tag k="name:en" v="Nishishinjuku 3-chome"/>
    <tag k="source" v="image,2013-03;Bing"/>
  </node>
  <node id="295422447" lat="35.6853019" lon="139.6918100"/>
  <node id="295422454" lat="35.6857721" lon="139.6916859"/>
  <node id="295422471" lat="35.6869345" lon="139.6914082"/>
  <node id="295422479" lat="35.6872890" lon="139.6913596"/>
  <node id="295422490" lat="35.6869457" lon="139.6914834"/>
  <node id="295422511" lat="35.6886335" lon="139.6910330">
    <tag k="highway" v="traffic_signals"/>
    <tag k="name" v="新宿中央公園南"/>
    <tag k="name:en" v="Shinjuku Chuo Park-S."/>
    <tag k="name:ko" v="신주쿠 쥬오우 공원 앞 남쪽"/>
    <tag k="name:zh" v="新宿中央公园前南"/>
  </node>
  <node id="295422538" lat="35.6938540" lon="139.6898469"/>
  <node id="295422544" lat="35.6941101" lon="139.6898999"/>
  <node id="295422553" lat="35.6945296" lon="139.6900703"/>
  <node id="295422578" lat="35.6951030" lon="139.6905533">
    <tag k="junction" v="yes"/>
    <tag k="name" v="成子天神下"/>
    <tag k="name:en" v="Naruko Tenjin Shrine"/>
  </node>
  <node id="295422606" lat="35.6943551" lon="139.6901530"/>
  <node id="295422618" lat="35.6939820" lon="139.6900281"/>
  <node id="295422628" lat="35.6937835" lon="139.6900055"/>
  <node id="295422678" lat="35.6903264" lon="139.6907984">
    <tag k="highway" v="traffic_signals"/>
    <tag k="name" v="新宿中央公園前"/>
    <tag k="name:en" v="Shinjuku Chuo Park"/>
    <tag k="name:es" v="Parque central Shinjuku"/>
    <tag k="name:ko" v="신주쿠 쥬오우 공원 앞"/>
    <tag k="name:zh" v="新宿中央公园前"/>
  </node>
  <node id="295422692" lat="35.6886609" lon="139.6912033">
    <tag k="highway" v="traffic_signals"/>
    <tag k="name" v="新宿中央公園南"/>
    <tag k="name:en" v="Shinjuku Chuo Park-S."/>
    <tag k="name:ko" v="신주쿠 쥬오우 공원 앞 남쪽"/>
    <tag k="name:zh" v="新宿中央公园前南"/>
  </node>
  <node id="295422724" lat="35.6869718" lon="139.6916447"/>
  <node id="295422733" lat="35.6849708" lon="139.6920766"/>
  <node id="295422739" lat="35.6853934" lon="139.6920384"/>
  <node id="295422743" lat="35.6853113" lon="139.6924046"/>
  <node id="295422757" lat="35.6913494" lon="139.6982439"/>
  <node id="295422762" lat="35.6902460" lon="139.6908179">
    <tag k="highway" v="traffic_signals"/>
    <tag k="name" v="新宿中央公園前"/>
    <tag k="name:en" v="Shinjuku Chuo Park"/>
    <tag k="name:es" v="Parque central Shinjuku"/>
    <tag k="name:ko" v="신주쿠 쥬오우 공원 앞"/>
    <tag k="name:zh" v="新宿中央公园前"/>
  </node>
  <node id="295422914" lat="35.6883013" lon="139.6889727">
    <tag k="highway" v="traffic_signals"/>
    <tag k="name" v="新宿中央公園西"/>
    <tag k="name:en" v="Shinjuku Chuo Park-W."/>
  </node>
  <node id="295422943" lat="35.6861907" lon="139.6894209">
    <tag k="highway" v="traffic_signals"/>
    <tag k="name" v="角筈区民センター前"/>
    <tag k="name:en" v="Tsunohazu Civic Center"/>
    <tag k="name:ja" v="角筈区民センター前"/>
  </node>
  <node id="295422944" lat="35.6852593" lon="139.6898741"/>
  <node id="295422991" lat="35.6892833" lon="139.6951450">
    <tag k="highway" v="traffic_signals"/>
    <tag k="traffic_signals" v="signal"/>
  </node>
  <node id="295422996" lat="35.6885248" lon="139.6910593">
    <tag k="highway" v="traffic_signals"/>
    <tag k="name" v="新宿中央公園南"/>
    <tag k="name:en" v="Shinjuku Chuo Park-S."/>
    <tag k="name:ko" v="신주쿠 쥬오우 공원 앞 남쪽"/>
    <tag k="name:zh" v="新宿中央公园前南"/>
  </node>
  <node id="295423004" lat="35.6885523" lon="139.6912297">
    <tag k="highway" v="traffic_signals"/>
    <tag k="name" v="新宿中央公園南"/>
    <tag k="name:en" v="Shinjuku Chuo Park-S."/>
    <tag k="name:ko" v="신주쿠 쥬오우 공원 앞 남쪽"/>
    <tag k="name:zh" v="新宿中央公园前南"/>
  </node>
  <node id="295423016" lat="35.6891814" lon="139.6951751">
    <tag k="highway" v="traffic_signals"/>
    <tag k="traffic_signals" v="signal"/>
  </node>
  <node id="295429192" lat="35.6837613" lon="139.6903963"/>
  <node id="295429211" lat="35.6832792" lon="139.6897263"/>
  <node id="295429219" lat="35.6825363" lon="139.6886413"/>
  <node id="297164254" lat="35.7012185" lon="139.6954933"/>
  <node id="297164257" lat="35.6973926" lon="139.6977226"/>
  <node id="297164258" lat="35.6962875" lon="139.6981333">
    <tag k="highway" v="traffic_signals"/>
    <tag k="name" v="西新宿保健センター"/>
    <tag k="name:en" v="Nishishinjuku Health Center"/>
    <tag k="name:ja" v="西新宿保健センター"/>
    <tag k="name:ko" v="니시 신쥬쿠 보건센터"/>
    <tag k="name:zh" v="西新宿保険中心"/>
  </node>
  <node id="302318504" lat="35.6836937" lon="139.6910377"/>
  <node id="304609775" lat="35.6857044" lon="139.7007038">
    <tag k="name" v="新宿1号"/>
    <tag k="railway" v="level_crossing"/>
  </node>
  <node id="304610049" lat="35.6886520" lon="139.6989409">
    <tag k="junction" v="yes"/>
    <tag k="name" v="西新宿一丁目"/>
    <tag k="name:en" v="Nishishinjuku 1"/>
    <tag k="name:ja" v="西新宿一丁目"/>
    <tag k="name:ko" v="니시신주쿠 1초메"/>
  </node>
  <node id="304610052" lat="35.6848459" lon="139.7012360"/>
  <node id="304610053" lat="35.6853061" lon="139.7010868"/>
  <node id="304610072" lat="35.6901294" lon="139.6986312"/>
  <node id="304610250" lat="35.6902683" lon="139.6984067"/>
  <node id="304610252" lat="35.6903129" lon="139.6983316"/>
  <node id="304610253" lat="35.6904120" lon="139.6982928"/>
  <node id="304610254" lat="35.6910422" lon="139.6982367"/>
  <node id="304610256" lat="35.6922211" lon="139.6983867">
    <tag k="highway" v="traffic_signals"/>
    <tag k="name" v="新宿西口ロータリー入口"/>
    <tag k="name:en" v="Shinjuku nishiguchi Rotary Ent."/>
    <tag k="name:ko" v="신쥬쿠 서쪽 출구 로터리 임구"/>
    <tag k="traffic_signals" v="signal"/>
    <tag k="traffic_signals:direction" v="backward"/>
  </node>
  <node id="304610258" lat="35.6921297" lon="139.6992076"/>
  <node id="304610276" lat="35.6901775" lon="139.6986055"/>
  <node id="304610378" lat="35.6907548" lon="139.6986822"/>
  <node id="304610417" lat="35.6903729" lon="139.6986886"/>
  <node id="304610418" lat="35.6904545" lon="139.6987207"/>
  <node id="304611116" lat="35.6885407" lon="139.6989878">
    <tag k="image" v="https://photos.app.goo.gl/bvCoHGLZtvz4Ew3Z7"/>
    <tag k="junction" v="yes"/>
    <tag k="name" v="西新宿一丁目"/>
    <tag k="name:en" v="Nishishinjuku 1"/>
    <tag k="name:ja" v="西新宿一丁目"/>
    <tag k="name:ko" v="니시신주쿠 1초메"/>
  </node>
  <node id="305444277" lat="35.6836187" lon="139.7083729"/>
  <node id="317859824" lat="35.6836491" lon="139.6909360"/>
  <node id="317859831" lat="35.6843631" lon="139.6910545"/>
  <node id="317859834" lat="35.6847068" lon="139.6916089"/>
  <node id="317859837" lat="35.6850304" lon="139.6918264"/>
  <node id="317859840" lat="35.6851993" lon="139.6918624"/>
  <node id="317859843" lat="35.6853790" lon="139.6918563"/>
  <node id="317859846" lat="35.6855946" lon="139.6918158"/>
  <node id="317859849" lat="35.6839313" lon="139.6909769"/>
  <node id="317859852" lat="35.6845203" lon="139.6913122"/>
  <node id="317859856" lat="35.6852829" lon="139.6918630"/>
  <node id="317859863" lat="35.6855650" lon="139.6919134"/>
  <node id="317859867" lat="35.6853332" lon="139.6919661"/>
  <node id="317859872" lat="35.6850434" lon="139.6919570"/>
  <node id="317859876" lat="35.6849454" lon="139.6919221"/>
  <node id="317859879" lat="35.6847233" lon="139.6917579"/>
  <node id="317859883" lat="35.6844027" lon="139.6913695"/>
  <node id="317859887" lat="35.6859172" lon="139.6919115"/>
  <node id="317859914" lat="35.6910430" lon="139.6983373"/>
  <node id="317859917" lat="35.6910963" lon="139.6982686"/>
  <node id="317859921" lat="35.6911274" lon="139.6982127"/>
  <node id="317859925" lat="35.6911491" lon="139.6980802"/>
  <node id="318826601" lat="35.6823476" lon="139.6883631">
    <tag k="junction" v="yes"/>
    <tag k="name" v="初台"/>
    <tag k="name:en" v="Hatsudai"/>
    <tag k="name:ja" v="初台"/>
    <tag k="name:ja-Latn" v="Hatsudai"/>
  </node>
  <node id="318826606" lat="35.6825536" lon="139.6881865">
    <tag k="junction" v="yes"/>
    <tag k="name" v="初台"/>
    <tag k="name:en" v="Hatsudai"/>
    <tag k="name:ja" v="初台"/>
    <tag k="name:ja-Latn" v="Hatsudai"/>
  </node>
  <node id="348216485" lat="35.6802927" lon="139.6933472"/>
  <node id="348216525" lat="35.6798792" lon="139.6937091"/>
  <node id="348216526" lat="35.6800675" lon="139.6935127"/>
  <node id="348216653" lat="35.6797414" lon="139.6944196"/>
  <node id="348216656" lat="35.6797430" lon="139.6945015"/>
  <node id="348216657" lat="35.6799060" lon="139.6955034"/>
  <node id="348216813" lat="35.6803256" lon="139.6934243"/>
  <node id="348216814" lat="35.6800442" lon="139.6936479"/>
  <node id="348216815" lat="35.6798422" lon="139.6939367"/>
  <node id="348216816" lat="35.6797877" lon="139.6940866"/>
  <node id="348216844" lat="35.6796988" lon="139.6947966"/>
  <node id="348216849" lat="35.6796730" lon="139.6942615"/>
  <node id="348216850" lat="35.6796869" lon="139.6941637"/>
  <node id="348216851" lat="35.6797300" lon="139.6939944"/>
  <node id="348216853" lat="35.6797577" lon="139.6939219"/>
  <node id="366906327" lat="35.6970485" lon="139.7107910"/>
  <node id="366906328" lat="35.6969256" lon="139.7106103"/>
  <node id="366906330" lat="35.6963059" lon="139.7101936"/>
  <node id="366906332" lat="35.6960378" lon="139.7098554">
    <tag k="highway" v="traffic_signals"/>
  </node>
  <node id="366906334" lat="35.6949822" lon="139.7079582"/>
  <node id="366916349" lat="35.6977782" lon="139.7137166"/>
  <node id="366924640" lat="35.7014085" lon="139.7140226">
    <tag k="highway" v="traffic_signals"/>
    <tag k="name" v="総務省統計局角"/>
    <tag k="name:en" v="Statistics Bureau, MIC"/>
    <tag k="name:ja" v="総務省統計局角"/>
  </node>
  <node id="366932918" lat="35.6938880" lon="139.7068989"/>
  <node id="366932920" lat="35.6930670" lon="139.7068207"/>
  <node id="366932922" lat="35.6912953" lon="139.7070013"/>
  <node id="380493223" lat="35.6824761" lon="139.6973550">
    <tag k="crossing:barrier" v="full"/>
    <tag k="name" v="南新宿3号"/>
    <tag k="railway" v="level_crossing"/>
  </node>
  <node id="380517766" lat="35.6829811" lon="139.6979240">
    <tag k="name" v="南新宿2号"/>
    <tag k="railway" v="level_crossing"/>
  </node>
  <node id="380520456" lat="35.6822755" lon="139.6998677">
    <tag k="highway" v="traffic_signals"/>
    <tag k="name" v="千代通り入口"/>
    <tag k="name:en" v="Chiyodori iriguchi"/>
    <tag k="name:ja" v="千代通り入口"/>
  </node>
  <node id="380542634" lat="35.6830383" lon="139.7027850">
    <tag k="crossing:barrier" v="double_half"/>
    <tag k="crossing:bell" v="yes"/>
    <tag k="crossing:light" v="yes"/>
    <tag k="description" v="山手貨物線南行"/>
    <tag k="distance" v="9.883"/>
    <tag k="maxheight" v="4.5"/>
    <tag k="name" v="厩道踏切"/>
    <tag k="note" v="山手貨物線"/>
    <tag k="railway" v="level_crossing"/>
    <tag k="source" v="survey"/>
    <tag k="width" v="8.3"/>
  </node>
  <node id="380542635" lat="35.6831268" lon="139.7029271"/>
  <node id="380542636" lat="35.6834725" lon="139.7028756"/>
  <node id="380542637" lat="35.6836232" lon="139.7028987">
    <tag k="direction" v="forward"/>
    <tag k="road_marking" v="solid_stop_line"/>
  </node>
  <node id="430168808" lat="35.6869626" lon="139.6915814"/>
  <node id="430170096" lat="35.6889496" lon="139.6924376"/>
  <node id="430170101" lat="35.6922184" lon="139.6916475">
    <tag k="highway" v="traffic_signals"/>
    <tag k="name" v="都庁北"/>
    <tag k="name:en" v="Met. Government N"/>
    <tag k="name:ko" v="도청 북쪽"/>
    <tag k="name:zh" v="都厅北"/>
  </node>
  <node id="471970153" lat="35.6904257" lon="139.6934699"/>
  <node id="471978681" lat="35.6844401" lon="139.6896017"/>
  <node id="472359843" lat="35.6883964" lon="139.6902632"/>
  <node id="472359968" lat="35.6899620" lon="139.6951061"/>
  <node id="472359970" lat="35.6900976" lon="139.6980778"/>
  <node id="472359971" lat="35.6894142" lon="139.6981208"/>
  <node id="472359973" lat="35.6894332" lon="139.6987305"/>
  <node id="472359974" lat="35.6891471" lon="139.6987713"/>
  <node id="472359976" lat="35.6883066" lon="139.6965213"/>
  <node id="472359977" lat="35.6879892" lon="139.6956769"/>
  <node id="472359983" lat="35.6900529" lon="139.6969979"/>
  <node id="472359984" lat="35.6900747" lon="139.6974810"/>
  <node id="472359993" lat="35.6884860" lon="139.6985254"/>
  <node id="472359994" lat="35.6882412" lon="139.6978604"/>
  <node id="472359995" lat="35.6900881" lon="139.6973795"/>
  <node id="472359997" lat="35.6910852" lon="139.6972931"/>
  <node id="472359998" lat="35.6908841" lon="139.7048359">
    <tag k="highway" v="traffic_signals"/>
    <tag k="name" v="新宿三丁目"/>
    <tag k="name:en" v="Shinjuku 3-chome"/>
    <tag k="name:ja" v="新宿三丁目"/>
  </node>
  <node id="472360072" lat="35.6942275" lon="139.6899261"/>
  <node id="472360083" lat="35.6936315" lon="139.6898437"/>
  <node id="472360085" lat="35.6929677" lon="139.6899840"/>
  <node id="472360088" lat="35.6934963" lon="139.6900263"/>
  <node id="472360090" lat="35.6941532" lon="139.6900700"/>
  <node id="472360091" lat="35.6926097" lon="139.6902433"/>
  <node id="472360093" lat="35.6932859" lon="139.6907310"/>
  <node id="472360095" lat="35.6926772" lon="139.6921859"/>
  <node id="472360098" lat="35.6923177" lon="139.6922696"/>
  <node id="472360112" lat="35.6979118" lon="139.6975269">
    <tag k="highway" v="traffic_signals"/>
    <tag k="name" v="北新宿百人町"/>
    <tag k="name:en" v="Kitashinjuku Hyakunincho"/>
    <tag k="name:ja" v="北新宿百人町"/>
  </node>
  <node id="472360127" lat="35.6968641" lon="139.6904933">
    <tag k="highway" v="traffic_signals"/>
  </node>
  <node id="472360134" lat="35.6980866" lon="139.6908080"/>
  <node id="472360137" lat="35.6984316" lon="139.6910846"/>
  <node id="472360139" lat="35.6997205" lon="139.6913800"/>
  <node id="472360142" lat="35.6978066" lon="139.6906771"/>
  <node id="472360146" lat="35.6977676" lon="139.6904310"/>
  <node id="472360150" lat="35.6998857" lon="139.6893677"/>
  <node id="472360152" lat="35.7011831" lon="139.6885166"/>
  <node id="472360153" lat="35.7014163" lon="139.6883506"/>
  <node id="472360158" lat="35.6970057" lon="139.6969409"/>
  <node id="472360159" lat="35.6966107" lon="139.6976286"/>
  <node id="472360160" lat="35.6954987" lon="139.6984240"/>
  <node id="472360161" lat="35.6936828" lon="139.6969688"/>
  <node id="472360163" lat="35.6933896" lon="139.6970306"/>
  <node id="472360165" lat="35.6948198" lon="139.6986920"/>
  <node id="472360166" lat="35.6948223" lon="139.6985668"/>
  <node id="472360168" lat="35.6937462" lon="139.6976470"/>
  <node id="472360170" lat="35.6936065" lon="139.6977296"/>
  <node id="472360172" lat="35.6941886" lon="139.6989254"/>
  <node id="472360174" lat="35.6936651" lon="139.6985739"/>
  <node id="472360175" lat="35.6939926" lon="139.6986552"/>
  <node id="472360177" lat="35.6942892" lon="139.6981167"/>
  <node id="472360179" lat="35.6945433" lon="139.6976589"/>
  <node id="472360180" lat="35.6951004" lon="139.6966380"/>
  <node id="472360182" lat="35.6940484" lon="139.6972593"/>
  <node id="472360183" lat="35.6945411" lon="139.6962712"/>
  <node id="472360185" lat="35.6948905" lon="139.6979423"/>
  <node id="472360186" lat="35.6954700" lon="139.6968804"/>
  <node id="472360188" lat="35.6957797" lon="139.6961798"/>
  <node id="472360189" lat="35.6956188" lon="139.6975788"/>
  <node id="472360191" lat="35.6958567" lon="139.6971341"/>
  <node id="472360192" lat="35.6960023" lon="139.6978793"/>
  <node id="472360193" lat="35.6962503" lon="139.6973922"/>
  <node id="472360194" lat="35.6952588" lon="139.6982304"/>
  <node id="472360196" lat="35.6949286" lon="139.6991294"/>
  <node id="472360199" lat="35.6954802" lon="139.6990869"/>
  <node id="472360200" lat="35.6957490" lon="139.6991216"/>
  <node id="472360202" lat="35.6962853" lon="139.6991776"/>
  <node id="472360204" lat="35.6962536" lon="139.6981444"/>
  <node id="472360206" lat="35.6955678" lon="139.6983991"/>
  <node id="472360208" lat="35.6956743" lon="139.6988067"/>
  <node id="472360209" lat="35.6962891" lon="139.6986757"/>
  <node id="472360211" lat="35.6939781" lon="139.6972020"/>
  <node id="472360214" lat="35.6944075" lon="139.6965439"/>
  <node id="472360216" lat="35.6949691" lon="139.6968978"/>
  <node id="472360218" lat="35.6949116" lon="139.6970130"/>
  <node id="472360220" lat="35.6952377" lon="139.6972842"/>
  <node id="472360222" lat="35.6950894" lon="139.6975446"/>
  <node id="472360223" lat="35.6947481" lon="139.6972914"/>
  <node id="472360225" lat="35.6954765" lon="139.6978436"/>
  <node id="472360227" lat="35.6959311" lon="139.6982578"/>
  <node id="472360229" lat="35.6956758" lon="139.6963870"/>
  <node id="472360231" lat="35.6968672" lon="139.6972016"/>
  <node id="472360234" lat="35.6964607" lon="139.6969075"/>
  <node id="472360236" lat="35.6965573" lon="139.6966625"/>
  <node id="472360238" lat="35.6948544" lon="139.6964766"/>
  <node id="472360240" lat="35.6951524" lon="139.6957905"/>
  <node id="472360242" lat="35.6948435" lon="139.6955987"/>
  <node id="472360248" lat="35.6971054" lon="139.6967794"/>
  <node id="472360253" lat="35.6977919" lon="139.6968609"/>
  <node id="472360255" lat="35.6975012" lon="139.6961703"/>
  <node id="472360258" lat="35.6975244" lon="139.6952754"/>
  <node id="472360260" lat="35.6974349" lon="139.6947493"/>
  <node id="472360263" lat="35.6964825" lon="139.6947674"/>
  <node id="472360267" lat="35.6951759" lon="139.6947742"/>
  <node id="472360268" lat="35.6948123" lon="139.6945489"/>
  <node id="472360279" lat="35.6962824" lon="139.6913552"/>
  <node id="472360283" lat="35.6973493" lon="139.6942811"/>
  <node id="472360299" lat="35.6967503" lon="139.6920938"/>
  <node id="472360303" lat="35.6971509" lon="139.6928188">
    <tag k="highway" v="traffic_signals"/>
    <tag k="traffic_signals" v="signal"/>
  </node>
  <node id="472360304" lat="35.6965828" lon="139.6926656"/>
  <node id="472360310" lat="35.6971971" lon="139.6932094"/>
  <node id="472360311" lat="35.6972388" lon="139.6935577"/>
  <node id="472360318" lat="35.6960637" lon="139.6918667"/>
  <node id="472360326" lat="35.6950854" lon="139.6939499"/>
  <node id="472360330" lat="35.6970771" lon="139.6913360"/>
  <node id="472360339" lat="35.6966711" lon="139.6904184"/>
  <node id="472360347" lat="35.6980035" lon="139.6974865">
    <tag k="highway" v="traffic_signals"/>
    <tag k="name" v="北新宿百人町"/>
    <tag k="name:en" v="Kitashinjuku Hyakunincho"/>
    <tag k="name:ja" v="北新宿百人町"/>
  </node>
  <node id="472360349" lat="35.6981791" lon="139.7033009"/>
  <node id="472360350" lat="35.6982495" lon="139.7046471"/>
  <node id="472360354" lat="35.6976677" lon="139.7101280">
    <tag k="highway" v="traffic_signals"/>
  </node>
  <node id="472360356" lat="35.6977693" lon="139.6943675"/>
  <node id="472360363" lat="35.7013038" lon="139.6883960"/>
  <node id="472360369" lat="35.7010125" lon="139.6886155"/>
  <node id="472360382" lat="35.7005249" lon="139.6887942"/>
  <node id="472360389" lat="35.6996633" lon="139.6894351"/>
  <node id="472360390" lat="35.7002598" lon="139.6888731"/>
  <node id="472360394" lat="35.6999037" lon="139.6892874"/>
  <node id="472360408" lat="35.6969804" lon="139.6905174">
    <tag k="highway" v="traffic_signals"/>
  </node>
  <node id="472360409" lat="35.6971587" lon="139.6898573"/>
  <node id="472360412" lat="35.6985283" lon="139.6897980"/>
  <node id="472360415" lat="35.6980325" lon="139.6888927"/>
  <node id="472360416" lat="35.6981711" lon="139.6893148"/>
  <node id="472360442" lat="35.6989093" lon="139.6896490"/>
  <node id="472360443" lat="35.6991686" lon="139.6895781"/>
  <node id="472360449" lat="35.6992210" lon="139.6895615"/>
  <node id="472360453" lat="35.6987198" lon="139.6897126"/>
  <node id="472360455" lat="35.6986545" lon="139.6900847"/>
  <node id="472360456" lat="35.6981479" lon="139.6900970"/>
  <node id="472360458" lat="35.6989930" lon="139.6896303"/>
  <node id="472360462" lat="35.6991333" lon="139.6911739"/>
  <node id="472360467" lat="35.6995659" lon="139.6912583"/>
  <node id="472360479" lat="35.6983399" lon="139.6938509"/>
  <node id="472360480" lat="35.6984305" lon="139.6944205"/>
  <node id="472360481" lat="35.6981446" lon="139.6949462"/>
  <node id="472360482" lat="35.6978153" lon="139.6939778"/>
  <node id="472360484" lat="35.6976493" lon="139.6959907">
    <tag k="highway" v="traffic_signals"/>
  </node>
  <node id="472360485" lat="35.6985367" lon="139.6956292"/>
  <node id="472360486" lat="35.6987520" lon="139.6953954"/>
  <node id="472360487" lat="35.7007772" lon="139.6942036"/>
  <node id="472360488" lat="35.7016752" lon="139.6934466"/>
  <node id="472360489" lat="35.7019421" lon="139.6933712">
    <tag k="highway" v="traffic_signals"/>
  </node>
  <node id="472360490" lat="35.6995999" lon="139.6949252"/>
  <node id="472360491" lat="35.7000619" lon="139.6961991"/>
  <node id="472360492" lat="35.7000912" lon="139.6946489"/>
  <node id="472360493" lat="35.7005158" lon="139.6959132"/>
  <node id="472360494" lat="35.7004825" lon="139.6944400"/>
  <node id="472360495" lat="35.7008089" lon="139.6957283">
    <tag k="highway" v="traffic_signals"/>
  </node>
  <node id="472360499" lat="35.7013522" lon="139.6937076"/>
  <node id="472360501" lat="35.6986375" lon="139.6960971"/>
  <node id="472360502" lat="35.6988252" lon="139.6969679"/>
  <node id="472360503" lat="35.6989889" lon="139.6968658"/>
  <node id="472360504" lat="35.6988841" lon="139.6963359"/>
  <node id="472360505" lat="35.6987004" lon="139.6963888"/>
  <node id="472360506" lat="35.6987256" lon="139.6965058"/>
  <node id="472360508" lat="35.6982379" lon="139.6957476"/>
  <node id="472360509" lat="35.6982835" lon="139.6961993"/>
  <node id="472360510" lat="35.6983407" lon="139.6966213"/>
  <node id="472360511" lat="35.6983687" lon="139.6968500"/>
  <node id="472360512" lat="35.6984492" lon="139.6972024"/>
  <node id="472360513" lat="35.6980648" lon="139.6921387"/>
  <node id="472360518" lat="35.6979183" lon="139.6913070"/>
  <node id="472360519" lat="35.6980922" lon="139.6921913"/>
  <node id="472360520" lat="35.6983427" lon="139.6910352"/>
  <node id="472360521" lat="35.6989581" lon="139.6911751"/>
  <node id="472360522" lat="35.6988358" lon="139.6914561"/>
  <node id="472360523" lat="35.6985387" lon="139.6917510"/>
  <node id="472360524" lat="35.6986188" lon="139.6919639"/>
  <node id="472360525" lat="35.6985549" lon="139.6921144"/>
  <node id="472360526" lat="35.6980995" lon="139.6923971"/>
  <node id="472360528" lat="35.7003454" lon="139.6923225"/>
  <node id="472360529" lat="35.6986388" lon="139.6943355"/>
  <node id="472360531" lat="35.6995609" lon="139.6936728"/>
  <node id="472360532" lat="35.6993019" lon="139.6931233"/>
  <node id="472360536" lat="35.7006185" lon="139.6928873"/>
  <node id="472360552" lat="35.7002306" lon="139.6931743"/>
  <node id="472360560" lat="35.6995189" lon="139.6937106"/>
  <node id="472360563" lat="35.6999177" lon="139.6933987"/>
  <node id="472360564" lat="35.6990986" lon="139.6952113"/>
  <node id="472360567" lat="35.6986842" lon="139.6949859"/>
  <node id="472360568" lat="35.6986772" lon="139.6949148"/>
  <node id="472360570" lat="35.6972760" lon="139.6979982"/>
  <node id="472360571" lat="35.6972140" lon="139.6977986"/>
  <node id="472382613" lat="35.6930165" lon="139.6992181"/>
  <node id="472382614" lat="35.6926885" lon="139.6992699">
    <tag k="highway" v="traffic_signals"/>
  </node>
  <node id="472382617" lat="35.6928113" lon="139.6985046"/>
  <node id="472382618" lat="35.6931223" lon="139.6985676"/>
  <node id="472382625" lat="35.7017492" lon="139.6964826">
    <tag k="highway" v="traffic_signals"/>
    <tag k="traffic_signals" v="signal"/>
  </node>
  <node id="472382626" lat="35.7013075" lon="139.6968388"/>
  <node id="472382627" lat="35.7008572" lon="139.6971443"/>
  <node id="472382628" lat="35.7003848" lon="139.6974278"/>
  <node id="472382629" lat="35.6997697" lon="139.6977940"/>
  <node id="472382631" lat="35.6993210" lon="139.6980830"/>
  <node id="472382632" lat="35.6989724" lon="139.6982609"/>
  <node id="472382633" lat="35.6980912" lon="139.6985237"/>
  <node id="472382635" lat="35.6980755" lon="139.6979672"/>
  <node id="472382637" lat="35.6983297" lon="139.6972792"/>
  <node id="472382639" lat="35.6995371" lon="139.6972064"/>
  <node id="472382641" lat="35.7001825" lon="139.6975471"/>
  <node id="472382644" lat="35.6993172" lon="139.6966633"/>
  <node id="472382646" lat="35.6997862" lon="139.6963700">
    <tag k="highway" v="traffic_signals"/>
  </node>
  <node id="472382653" lat="35.6893011" lon="139.6952695">
    <tag k="highway" v="traffic_signals"/>
    <tag k="traffic_signals" v="signal"/>
  </node>
  <node id="472382654" lat="35.6893273" lon="139.6960638"/>
  <node id="472382655" lat="35.6900104" lon="139.6960138"/>
  <node id="472382669" lat="35.6995937" lon="139.7021989"/>
  <node id="472382686" lat="35.6996383" lon="139.7014743"/>
  <node id="472382691" lat="35.6990782" lon="139.7013761"/>
  <node id="472382716" lat="35.6981191" lon="139.7026477">
    <tag k="highway" v="traffic_signals"/>
  </node>
  <node id="472382721" lat="35.6992980" lon="139.7040088"/>
  <node id="472382723" lat="35.6997075" lon="139.7040841"/>
  <node id="472382731" lat="35.6982094" lon="139.7050852">
    <tag k="highway" v="traffic_signals"/>
    <tag k="name" v="鬼王神社前"/>
  </node>
  <node id="472382732" lat="35.6996387" lon="139.7077671"/>
  <node id="472382733" lat="35.6998686" lon="139.7054324"/>
  <node id="472382760" lat="35.6989082" lon="139.7056318"/>
  <node id="472382761" lat="35.6989769" lon="139.7052530"/>
  <node id="472382762" lat="35.6993620" lon="139.7053342"/>
  <node id="472382770" lat="35.6999641" lon="139.7054550"/>
  <node id="472382773" lat="35.6994653" lon="139.7046256"/>
  <node id="472382775" lat="35.6988674" lon="139.7044481"/>
  <node id="472382777" lat="35.6970339" lon="139.7030807"/>
  <node id="472382778" lat="35.6955583" lon="139.7026812"/>
  <node id="472382779" lat="35.6962436" lon="139.7017592"/>
  <node id="472382780" lat="35.6960781" lon="139.7028425"/>
  <node id="472382781" lat="35.6956948" lon="139.7051373"/>
  <node id="472382782" lat="35.6966589" lon="139.7047187"/>
  <node id="472382784" lat="35.6971935" lon="139.7018677"/>
  <node id="472382786" lat="35.6972977" lon="139.7003403"/>
  <node id="472382787" lat="35.6963119" lon="139.7002754">
    <tag k="junction" v="yes"/>
    <tag k="ref" v="436-69"/>
  </node>
  <node id="472382788" lat="35.6960281" lon="139.7017240"/>
  <node id="472382789" lat="35.6957913" lon="139.7021997"/>
  <node id="472382790" lat="35.6952609" lon="139.7031287"/>
  <node id="472382792" lat="35.6950979" lon="139.7036871"/>
  <node id="472382793" lat="35.6949726" lon="139.7043103">
    <tag k="highway" v="traffic_signals"/>
    <tag k="name" v="新宿区役所通り"/>
    <tag k="name:en" v="Shinjuku Kuyakusho-dori"/>
    <tag k="name:ko" v="가부키쵸 구청길"/>
    <tag k="name:zh" v="新宿区役所大街"/>
  </node>
  <node id="472382795" lat="35.6949140" lon="139.7055191">
    <tag k="highway" v="traffic_signals"/>
    <tag k="traffic_signals" v="signal"/>
  </node>
  <node id="472382797" lat="35.6952304" lon="139.7068732"/>
  <node id="472382798" lat="35.6955816" lon="139.7063272"/>
  <node id="472382799" lat="35.6960524" lon="139.7057754"/>
  <node id="472382802" lat="35.6982544" lon="139.7040708">
    <tag k="highway" v="traffic_signals"/>
  </node>
  <node id="472382803" lat="35.6968830" lon="139.7037845"/>
  <node id="472382804" lat="35.6959607" lon="139.7035705"/>
  <node id="472382805" lat="35.6951832" lon="139.7033643"/>
  <node id="472382806" lat="35.6970558" lon="139.7048019">
    <tag k="highway" v="traffic_signals"/>
  </node>
  <node id="472382807" lat="35.6958224" lon="139.7045340"/>
  <node id="472382808" lat="35.6980621" lon="139.7061962"/>
  <node id="472382811" lat="35.6948259" lon="139.7054742">
    <tag k="crossing" v="zebra"/>
    <tag k="highway" v="crossing"/>
    <tag k="tactile_paving" v="no"/>
  </node>
  <node id="472382813" lat="35.6936726" lon="139.7049334"/>
  <node id="472382814" lat="35.6928371" lon="139.7045880">
    <tag k="junction" v="yes"/>
  </node>
  <node id="472382815" lat="35.6943653" lon="139.7033242"/>
  <node id="472382816" lat="35.6933343" lon="139.7028035">
    <tag k="junction" v="yes"/>
  </node>
  <node id="472382818" lat="35.6945961" lon="139.7028526"/>
  <node id="472382820" lat="35.6934469" lon="139.7022976">
    <tag k="highway" v="traffic_signals"/>
    <tag k="traffic_signals" v="signal"/>
    <tag k="traffic_signals:direction" v="both"/>
  </node>
  <node id="472382821" lat="35.6956227" lon="139.7025905"/>
  <node id="472382823" lat="35.6947824" lon="139.7022368"/>
  <node id="472382824" lat="35.6944696" lon="139.7033758"/>
  <node id="472382828" lat="35.6961683" lon="139.7011535"/>
  <node id="472382829" lat="35.6955378" lon="139.7002047"/>
  <node id="472382832" lat="35.6938021" lon="139.7005735">
    <tag k="junction" v="yes"/>
    <tag k="name" v="新宿大ガード東"/>
    <tag k="name:en" v="Shinjuku O Gard East"/>
    <tag k="name:ko" v="신쥬쿠 오가드 히가시"/>
    <tag k="name:zh" v="新宿大GARD 东"/>
  </node>
  <node id="472382835" lat="35.6959851" lon="139.7018278"/>
  <node id="472382836" lat="35.6955340" lon="139.7009394">
    <tag k="crossing" v="informal"/>
  </node>
  <node id="472382837" lat="35.6953792" lon="139.7016000"/>
  <node id="472382838" lat="35.6957234" lon="139.7010032"/>
  <node id="472382839" lat="35.6955602" lon="139.7016711"/>
  <node id="472382840" lat="35.6945460" lon="139.7012850"/>
  <node id="472382841" lat="35.6941781" lon="139.7026470"/>
  <node id="472382842" lat="35.6940539" lon="139.7031603"/>
  <node id="472382844" lat="35.6934617" lon="139.7036294"/>
  <node id="472382845" lat="35.6936458" lon="139.7029526"/>
  <node id="472382846" lat="35.6938912" lon="139.7025089"/>
  <node id="472382847" lat="35.6940923" lon="139.7016639"/>
  <node id="472382848" lat="35.6947214" lon="139.7023341"/>
  <node id="472382849" lat="35.6942942" lon="139.7021758"/>
  <node id="472382850" lat="35.6948526" lon="139.7019359"/>
  <node id="472382851" lat="35.6943943" lon="139.7017694"/>
  <node id="472382852" lat="35.6936241" lon="139.7014891">
    <tag k="highway" v="traffic_signals"/>
    <tag k="name" v="歌舞伎町"/>
    <tag k="name:en" v="Kabukicho"/>
    <tag k="name:ja" v="歌舞伎町"/>
    <tag k="name:ko" v="가부키쵸"/>
    <tag k="name:zh" v="歌舞伎町"/>
    <tag k="traffic_signals" v="signal"/>
  </node>
  <node id="472382854" lat="35.6930627" lon="139.7054725"/>
  <node id="472382855" lat="35.6927805" lon="139.7065932"/>
  <node id="472382857" lat="35.6948913" lon="139.7067952">
    <tag k="highway" v="traffic_signals"/>
    <tag k="name" v="新宿六丁目"/>
    <tag k="name:en" v="Shinjuku 6"/>
    <tag k="name:ko" v="신쥬쿠 6초메"/>
    <tag k="name:zh" v="新宿六丁目"/>
  </node>
  <node id="472382858" lat="35.6979640" lon="139.7070166"/>
  <node id="472382860" lat="35.6971024" lon="139.7068537"/>
  <node id="472382861" lat="35.6949596" lon="139.7049859"/>
  <node id="472382862" lat="35.6965442" lon="139.7053111"/>
  <node id="472382863" lat="35.6959341" lon="139.7051863"/>
  <node id="472382864" lat="35.6958496" lon="139.7057329"/>
  <node id="472382868" lat="35.6958445" lon="139.7042018"/>
  <node id="472382869" lat="35.6950379" lon="139.7039435"/>
  <node id="472382870" lat="35.6974178" lon="139.7039040"/>
  <node id="472382871" lat="35.6975150" lon="139.7031700"/>
  <node id="472382872" lat="35.6976089" lon="139.7019135"/>
  <node id="472382873" lat="35.6975945" lon="139.7007903"/>
  <node id="472382880" lat="35.6972657" lon="139.7007678"/>
  <node id="472382882" lat="35.6962346" lon="139.7007544"/>
  <node id="472382883" lat="35.6980571" lon="139.7019338"/>
  <node id="472382885" lat="35.6961557" lon="139.7023220"/>
  <node id="472382886" lat="35.6970992" lon="139.7025147"/>
  <node id="472382887" lat="35.6975640" lon="139.7025821"/>
  <node id="472382889" lat="35.6967244" lon="139.7018238"/>
  <node id="472382890" lat="35.6966378" lon="139.7024572"/>
  <node id="472382891" lat="35.6967656" lon="139.7024731"/>
  <node id="472382892" lat="35.6966836" lon="139.7029897"/>
  <node id="472382893" lat="35.6965616" lon="139.7037099"/>
  <node id="472382895" lat="35.6974665" lon="139.7060695"/>
  <node id="472382896" lat="35.6974667" lon="139.7054955"/>
  <node id="472382897" lat="35.6975364" lon="139.7049205"/>
  <node id="472382898" lat="35.6968825" lon="139.7059406"/>
  <node id="472382899" lat="35.6969606" lon="139.7054274"/>
  <node id="472382900" lat="35.7010817" lon="139.7056822">
    <tag k="highway" v="traffic_signals"/>
    <tag k="traffic_signals" v="signal"/>
  </node>
  <node id="472382903" lat="35.6978585" lon="139.7043272"/>
  <node id="472382904" lat="35.6977646" lon="139.7049637"/>
  <node id="472382906" lat="35.6981410" lon="139.7055930"/>
  <node id="472382909" lat="35.6973231" lon="139.7060434"/>
  <node id="472382910" lat="35.6972233" lon="139.7066923"/>
  <node id="472382911" lat="35.6972921" lon="139.7062912"/>
  <node id="472382913" lat="35.6964627" lon="139.7046775"/>
  <node id="472382916" lat="35.6963575" lon="139.7052729"/>
  <node id="472382917" lat="35.6957669" lon="139.7027707"/>
  <node id="472382918" lat="35.6956403" lon="139.7034960"/>
  <node id="472382919" lat="35.6955330" lon="139.7041075"/>
  <node id="472382920" lat="35.6953582" lon="139.7056354"/>
  <node id="472382922" lat="35.6948565" lon="139.7064361"/>
  <node id="472382923" lat="35.6967014" lon="139.7059079"/>
  <node id="472382924" lat="35.6966047" lon="139.7065379"/>
  <node id="472382925" lat="35.6965125" lon="139.7071590"/>
  <node id="472382926" lat="35.6965253" lon="139.7076445"/>
  <node id="472382928" lat="35.6978650" lon="139.7077508">
    <tag k="highway" v="traffic_signals"/>
    <tag k="name" v="新宿七丁目"/>
    <tag k="name:en" v="Shinjuku 7"/>
    <tag k="name:ja" v="新宿七丁目"/>
    <tag k="name:ja-Hira" v="しんじゅくななちょうめ"/>
    <tag k="name:ja_rm" v="Shinjuku nanachōme"/>
    <tag k="traffic_signals" v="signal"/>
  </node>
  <node id="472382932" lat="35.6949501" lon="139.7074053"/>
  <node id="472382933" lat="35.6967536" lon="139.7104478"/>
  <node id="472382935" lat="35.6952413" lon="139.7062435"/>
  <node id="472382936" lat="35.6948445" lon="139.7061565"/>
  <node id="472382938" lat="35.6936861" lon="139.7067565">
    <tag k="highway" v="traffic_signals"/>
    <tag k="name" v="新宿五丁目北"/>
    <tag k="name:en" v="Shinjuku 5 -N."/>
    <tag k="name:ja" v="新宿五丁目北"/>
  </node>
  <node id="472382939" lat="35.6951656" lon="139.7034066"/>
  <node id="472382940" lat="35.6945207" lon="139.7031644"/>
  <node id="472382941" lat="35.6940955" lon="139.7029909"/>
  <node id="472382943" lat="35.6941974" lon="139.7039619"/>
  <node id="472382945" lat="35.6938974" lon="139.7038321"/>
  <node id="472382948" lat="35.6946689" lon="139.7025514"/>
  <node id="472382949" lat="35.6954242" lon="139.7028536"/>
  <node id="472382952" lat="35.6954927" lon="139.7005388"/>
  <node id="472382956" lat="35.6947659" lon="139.7006762"/>
  <node id="472382957" lat="35.6945855" lon="139.7012997"/>
  <node id="472382958" lat="35.6947187" lon="139.7008757"/>
  <node id="472382961" lat="35.6944877" lon="139.7007945"/>
  <node id="472382962" lat="35.6945491" lon="139.7004080"/>
  <node id="472382963" lat="35.6949037" lon="139.7003094"/>
  <node id="472382971" lat="35.6943989" lon="139.7045957"/>
  <node id="472382980" lat="35.6938049" lon="139.7049880"/>
  <node id="472382984" lat="35.6938983" lon="139.7050265"/>
  <node id="472382987" lat="35.6939924" lon="139.7050651"/>
  <node id="472382988" lat="35.6942122" lon="139.7051686"/>
  <node id="472382993" lat="35.6917972" lon="139.7012867"/>
  <node id="472382994" lat="35.6918410" lon="139.7015544"/>
  <node id="472382995" lat="35.6922507" lon="139.7017709">
    <tag k="highway" v="traffic_signals"/>
    <tag k="name" v="新宿駅東口"/>
    <tag k="name:en" v="Shinjuku Sta. -E."/>
  </node>
  <node id="472382997" lat="35.6921409" lon="139.7020403"/>
  <node id="472383007" lat="35.6918657" lon="139.7026530">
    <tag k="highway" v="traffic_signals"/>
    <tag k="noname" v="yes"/>
  </node>
  <node id="472383009" lat="35.6912365" lon="139.7024116"/>
  <node id="472383013" lat="35.6895880" lon="139.7020977"/>
  <node id="472383017" lat="35.6879707" lon="139.7026867">
    <tag k="highway" v="traffic_signals"/>
    <tag k="name" v="新宿四丁目南"/>
    <tag k="name:en" v="Shinjuku 4 S."/>
    <tag k="name:ja" v="新宿四丁目南"/>
    <tag k="traffic_signals" v="signal"/>
    <tag k="traffic_signals:direction" v="forward"/>
  </node>
  <node id="472383019" lat="35.6897999" lon="139.7018814"/>
  <node id="472383021" lat="35.6907213" lon="139.7014871"/>
  <node id="472383025" lat="35.6906645" lon="139.7011688"/>
  <node id="472383028" lat="35.6906859" lon="139.7011776"/>
  <node id="472383031" lat="35.6907909" lon="139.7016300"/>
  <node id="472383033" lat="35.6913578" lon="139.7016132"/>
  <node id="472383034" lat="35.6907268" lon="139.7022914"/>
  <node id="472383036" lat="35.6906542" lon="139.7033046"/>
  <node id="472383038" lat="35.6905004" lon="139.7045708"/>
  <node id="472383039" lat="35.6910625" lon="139.7033853"/>
  <node id="472383044" lat="35.6902105" lon="139.7032002"/>
  <node id="472383046" lat="35.6918720" lon="139.7054399"/>
  <node id="472383048" lat="35.6921177" lon="139.7049116"/>
  <node id="472383050" lat="35.6922782" lon="139.7042890">
    <tag k="junction" v="yes"/>
  </node>
  <node id="472383052" lat="35.6927052" lon="139.7030387">
    <tag k="junction" v="yes"/>
  </node>
  <node id="472383054" lat="35.6925264" lon="139.7035478">
    <tag k="junction" v="yes"/>
  </node>
  <node id="472383057" lat="35.6921618" lon="139.7033670"/>
  <node id="472383059" lat="35.6918395" lon="139.7040302"/>
  <node id="472383062" lat="35.6920009" lon="139.7036846"/>
  <node id="472383066" lat="35.6924667" lon="139.7028905">
    <tag k="junction" v="yes"/>
  </node>
  <node id="472383068" lat="35.6926810" lon="139.7023643">
    <tag k="junction" v="yes"/>
  </node>
  <node id="472383070" lat="35.6928468" lon="139.7019467">
    <tag k="junction" v="yes"/>
  </node>
  <node id="472383072" lat="35.6930286" lon="139.7011114">
    <tag k="junction" v="yes"/>
  </node>
  <node id="472383080" lat="35.6916612" lon="139.7069909"/>
  <node id="472383093" lat="35.6904044" lon="139.7068342"/>
  <node id="472383095" lat="35.6908903" lon="139.7069725">
    <tag k="highway" v="traffic_signals"/>
    <tag k="name" v="新宿柳通り"/>
  </node>
  <node id="472383120" lat="35.6929599" lon="139.7014248">
    <tag k="junction" v="yes"/>
  </node>
  <node id="472383127" lat="35.6926273" lon="139.7005239"/>
  <node id="472383129" lat="35.6932282" lon="139.7003152">
    <tag k="direction" v="forward"/>
    <tag k="road_marking" v="solid_stop_line"/>
  </node>
  <node id="472383131" lat="35.6928766" lon="139.7004046"/>
  <node id="472383132" lat="35.6929290" lon="139.7025133">
    <tag k="junction" v="yes"/>
  </node>
  <node id="472383133" lat="35.6915378" lon="139.7033821"/>
  <node id="472383135" lat="35.6913762" lon="139.7037427">
    <tag k="highway" v="traffic_signals"/>
    <tag k="name" v="新宿三丁目西"/>
    <tag k="name:en" v="Shinjuku 3 W."/>
  </node>
  <node id="472383137" lat="35.6914293" lon="139.7036245">
    <tag k="highway" v="traffic_signals"/>
    <tag k="name" v="新宿三丁目西"/>
    <tag k="name:en" v="Shinjuku 3 W."/>
  </node>
  <node id="472383138" lat="35.6911457" lon="139.7030281"/>
  <node id="472383139" lat="35.6906835" lon="139.7029242"/>
  <node id="472383141" lat="35.6902364" lon="139.7028565"/>
  <node id="472383142" lat="35.6902451" lon="139.7027032"/>
  <node id="472383144" lat="35.6890053" lon="139.7027648"/>
  <node id="472383145" lat="35.6882987" lon="139.7030708"/>
  <node id="472383146" lat="35.6902765" lon="139.7021951"/>
  <node id="472383147" lat="35.6913148" lon="139.7018956"/>
  <node id="472383148" lat="35.6916540" lon="139.7020863"/>
  <node id="472446987" lat="35.6973871" lon="139.7114567">
    <tag k="highway" v="traffic_signals"/>
  </node>
  <node id="472446988" lat="35.6959128" lon="139.7104063"/>
  <node id="472446989" lat="35.6933325" lon="139.7101314"/>
  <node id="472446991" lat="35.6966392" lon="139.7103802"/>
  <node id="472446993" lat="35.6965357" lon="139.7108394"/>
  <node id="472446994" lat="35.6934586" lon="139.7069444"/>
  <node id="472446995" lat="35.6934780" lon="139.7080657"/>
  <node id="472446997" lat="35.6933918" lon="139.7092751"/>
  <node id="472446998" lat="35.6932895" lon="139.7106793"/>
  <node id="472447001" lat="35.6927589" lon="139.7133595"/>
  <node id="472447002" lat="35.6926424" lon="139.7148535"/>
  <node id="472447004" lat="35.6925185" lon="139.7152684"/>
  <node id="472447006" lat="35.6915902" lon="139.7162897"/>
  <node id="472447007" lat="35.6911797" lon="139.7170761"/>
  <node id="472447008" lat="35.6913003" lon="139.7176438"/>
  <node id="472447011" lat="35.6926155" lon="139.7149870"/>
  <node id="472447014" lat="35.6933614" lon="139.7135045"/>
  <node id="472447015" lat="35.6944479" lon="139.7137812"/>
  <node id="472447018" lat="35.6926761" lon="139.7142093"/>
  <node id="472447020" lat="35.6916674" lon="139.7089402">
    <tag k="junction" v="yes"/>
    <tag k="name" v="新宿二丁目北"/>
    <tag k="name:en" v="Shinjuku 2 -N."/>
    <tag k="name:ja" v="新宿二丁目北"/>
  </node>
  <node id="472447021" lat="35.6934275" lon="139.7088369"/>
  <node id="472447023" lat="35.6934386" lon="139.7087061"/>
  <node id="472447024" lat="35.6937567" lon="139.7087564"/>
  <node id="472447025" lat="35.6940303" lon="139.7088540"/>
  <node id="472447026" lat="35.6917547" lon="139.7081539"/>
  <node id="472447027" lat="35.6942578" lon="139.7080127"/>
  <node id="472447028" lat="35.6942354" lon="139.7068809"/>
  <node id="472447029" lat="35.6942470" lon="139.7074655"/>
  <node id="472447031" lat="35.6934686" lon="139.7075196"/>
  <node id="472447032" lat="35.6880926" lon="139.7098943">
    <tag k="highway" v="traffic_signals"/>
    <tag k="name" v="新宿一丁目南"/>
    <tag k="name:en" v="Shinjuku 1 S."/>
    <tag k="name:ja" v="新宿一丁目南"/>
    <tag k="note" v="夜間点滅式"/>
  </node>
  <node id="472447035" lat="35.6945867" lon="139.7104008"/>
  <node id="472447036" lat="35.6915341" lon="139.7101596">
    <tag k="junction" v="yes"/>
    <tag k="name" v="新宿一丁目北"/>
    <tag k="name:en" v="Shinjuku 1 -N."/>
    <tag k="name:ja" v="新宿一丁目北"/>
  </node>
  <node id="472447038" lat="35.6902883" lon="139.7100093">
    <tag k="highway" v="traffic_signals"/>
    <tag k="source" v="bing"/>
  </node>
  <node id="472447039" lat="35.6912518" lon="139.7125390">
    <tag k="junction" v="yes"/>
    <tag k="name" v="四谷電話局前"/>
    <tag k="name:en" v="Yotsuya Telephone Office"/>
    <tag k="name:ja" v="四谷電話局前"/>
    <tag k="source" v="bing"/>
  </node>
  <node id="472447040" lat="35.6911653" lon="139.7137719"/>
  <node id="472447041" lat="35.6897973" lon="139.7134474"/>
  <node id="472447043" lat="35.6899625" lon="139.7123487"/>
  <node id="472447044" lat="35.6877619" lon="139.7116210"/>
  <node id="472447045" lat="35.6873942" lon="139.7137690"/>
  <node id="472447048" lat="35.6896222" lon="139.7145539">
    <tag k="junction" v="yes"/>
    <tag k="name" v="花園小学校東"/>
    <tag k="name:en" v="Hanazono Shogakko Higashi"/>
    <tag k="source" v="bing"/>
    <tag k="traffic_signals" v="crossing"/>
  </node>
  <node id="472447049" lat="35.6901139" lon="139.7112177"/>
  <node id="472447051" lat="35.6904075" lon="139.7091833"/>
  <node id="472447053" lat="35.6910038" lon="139.7069873"/>
  <node id="472447056" lat="35.6888778" lon="139.7070340"/>
  <node id="472447061" lat="35.6904390" lon="139.7147731"/>
  <node id="472447063" lat="35.6906166" lon="139.7136423"/>
  <node id="472447064" lat="35.6907926" lon="139.7124888"/>
  <node id="472447066" lat="35.6910702" lon="139.7100927"/>
  <node id="472447068" lat="35.6892343" lon="139.7110114"/>
  <node id="472447071" lat="35.6879759" lon="139.7105068"/>
  <node id="472447073" lat="35.6882557" lon="139.7141638"/>
  <node id="472447074" lat="35.6887255" lon="139.7119388"/>
  <node id="472447075" lat="35.6890363" lon="139.7120541"/>
  <node id="472447076" lat="35.6901169" lon="139.7153430">
    <tag k="highway" v="traffic_signals"/>
    <tag k="name" v="大木戸坂下"/>
    <tag k="name:en" v="Okido-Saka Shita"/>
    <tag k="source" v="bing"/>
  </node>
  <node id="472447077" lat="35.6906702" lon="139.7160548"/>
  <node id="472447078" lat="35.6909282" lon="139.7154609"/>
  <node id="472447079" lat="35.6910643" lon="139.7149946"/>
  <node id="472447084" lat="35.6902113" lon="139.7135467"/>
  <node id="472447085" lat="35.6903859" lon="139.7124200"/>
  <node id="472447087" lat="35.6905477" lon="139.7112859"/>
  <node id="472447089" lat="35.6901883" lon="139.7106916"/>
  <node id="472447090" lat="35.6893071" lon="139.7106281"/>
  <node id="472447093" lat="35.6894331" lon="139.7099647"/>
  <node id="472447094" lat="35.6888016" lon="139.7119712"/>
  <node id="472447095" lat="35.6890228" lon="139.7109481"/>
  <node id="472447097" lat="35.6891372" lon="139.7099495"/>
  <node id="472447098" lat="35.6889311" lon="139.7109197"/>
  <node id="472447099" lat="35.6888153" lon="139.7131270"/>
  <node id="472447100" lat="35.6885018" lon="139.7129980"/>
  <node id="472447103" lat="35.6874800" lon="139.7127085"/>
  <node id="472447104" lat="35.6880253" lon="139.7117118"/>
  <node id="472447105" lat="35.6877915" lon="139.7128060"/>
  <node id="472447107" lat="35.6882609" lon="139.7106033"/>
  <node id="472447108" lat="35.6884073" lon="139.7099107"/>
  <node id="472447110" lat="35.6892554" lon="139.7099561"/>
  <node id="472447111" lat="35.6892668" lon="139.7095285"/>
  <node id="472447113" lat="35.6895382" lon="139.7086665"/>
  <node id="472447114" lat="35.6899108" lon="139.7078704"/>
  <node id="472447116" lat="35.6900418" lon="139.7089836"/>
  <node id="472447117" lat="35.6904045" lon="139.7081896"/>
  <node id="472447118" lat="35.6906567" lon="139.7076337"/>
  <node id="472447119" lat="35.6897978" lon="139.7088391"/>
  <node id="472447121" lat="35.6901688" lon="139.7080348"/>
  <node id="472447125" lat="35.6904202" lon="139.7074743"/>
  <node id="472447126" lat="35.6901724" lon="139.7073129"/>
  <node id="472447128" lat="35.6910202" lon="139.7085944"/>
  <node id="472447131" lat="35.6911840" lon="139.7079350"/>
  <node id="472447132" lat="35.6909627" lon="139.7078501"/>
  <node id="472447134" lat="35.6908135" lon="139.7084575"/>
  <node id="472447135" lat="35.6909689" lon="139.7085606"/>
  <node id="472447136" lat="35.6907715" lon="139.7095920"/>
  <node id="472447137" lat="35.6903555" lon="139.7095482"/>
  <node id="472447138" lat="35.6908600" lon="139.7091131"/>
  <node id="472447141" lat="35.6911808" lon="139.7086999"/>
  <node id="472447143" lat="35.6917227" lon="139.7084433"/>
  <node id="472447145" lat="35.6912910" lon="139.7087684"/>
  <node id="472447146" lat="35.6913271" lon="139.7085973"/>
  <node id="472447152" lat="35.6892623" lon="139.7096904"/>
  <node id="472447154" lat="35.6892412" lon="139.7074069"/>
  <node id="472447155" lat="35.6887818" lon="139.7085312"/>
  <node id="472447156" lat="35.6885440" lon="139.7083805"/>
  <node id="472447158" lat="35.6883755" lon="139.7089070"/>
  <node id="472447159" lat="35.6885978" lon="139.7090219"/>
  <node id="472447160" lat="35.6896787" lon="139.7111198"/>
  <node id="472447162" lat="35.6894823" lon="139.7121972"/>
  <node id="472447165" lat="35.6904500" lon="139.7119707"/>
  <node id="472447166" lat="35.6900199" lon="139.7118951"/>
  <node id="472447167" lat="35.6896009" lon="139.7115461"/>
  <node id="472447170" lat="35.6900524" lon="139.7116512"/>
  <node id="472447175" lat="35.6898980" lon="139.7127674"/>
  <node id="472447176" lat="35.6903158" lon="139.7128660"/>
  <node id="472447180" lat="35.6898461" lon="139.7130916"/>
  <node id="472447182" lat="35.6888728" lon="139.7128480"/>
  <node id="472447183" lat="35.6896977" lon="139.7140662"/>
  <node id="472447185" lat="35.6886769" lon="139.7137993"/>
  <node id="472447188" lat="35.6893213" lon="139.7130005"/>
  <node id="472447191" lat="35.6892740" lon="139.7153438"/>
  <node id="472447192" lat="35.6889755" lon="139.7152938"/>
  <node id="472447195" lat="35.6891443" lon="139.7144234"/>
  <node id="472447197" lat="35.6899557" lon="139.7151411"/>
  <node id="472447198" lat="35.6893545" lon="139.7149591"/>
  <node id="472447200" lat="35.6890584" lon="139.7148731"/>
  <node id="472447202" lat="35.6884953" lon="139.7147081"/>
  <node id="472447205" lat="35.6905398" lon="139.7141397"/>
  <node id="472447208" lat="35.6912176" lon="139.7142927"/>
  <node id="472447209" lat="35.6932619" lon="139.7108047"/>
  <node id="472447214" lat="35.6930492" lon="139.7117555"/>
  <node id="472447218" lat="35.6929219" lon="139.7123535"/>
  <node id="472447220" lat="35.6928181" lon="139.7128457"/>
  <node id="472447223" lat="35.6927235" lon="139.7137220"/>
  <node id="472447231" lat="35.6926630" lon="139.7146487"/>
  <node id="472447238" lat="35.6923637" lon="139.7154944"/>
  <node id="472447248" lat="35.6934583" lon="139.7084469"/>
  <node id="472447249" lat="35.6931187" lon="139.7080871"/>
  <node id="472447254" lat="35.6946912" lon="139.7097692"/>
  <node id="472447255" lat="35.6947550" lon="139.7093740"/>
  <node id="472447258" lat="35.6946685" lon="139.7091200"/>
  <node id="472447259" lat="35.6945054" lon="139.7089643"/>
  <node id="472447260" lat="35.6944648" lon="139.7080009"/>
  <node id="472447263" lat="35.6944859" lon="139.7084582"/>
  <node id="472447265" lat="35.6934517" lon="139.7085302"/>
  <node id="472447266" lat="35.6940187" lon="139.7084881"/>
  <node id="472447268" lat="35.6940039" lon="139.7080267"/>
  <node id="472447270" lat="35.6941899" lon="139.7089165"/>
  <node id="472447273" lat="35.6933725" lon="139.7094792"/>
  <node id="472447274" lat="35.6933612" lon="139.7096618"/>
  <node id="472447276" lat="35.6946591" lon="139.7099681"/>
  <node id="472447277" lat="35.6946244" lon="139.7101832"/>
  <node id="472447278" lat="35.6933445" lon="139.7098595"/>
  <node id="473169335" lat="35.6873412" lon="139.7154415"/>
  <node id="473169350" lat="35.6847142" lon="139.7146542">
    <tag k="noexit" v="yes"/>
  </node>
  <node id="473169357" lat="35.6846034" lon="139.7150723"/>
  <node id="473169360" lat="35.6867381" lon="139.7147980"/>
  <node id="473169361" lat="35.6867128" lon="139.7151351"/>
  <node id="473169363" lat="35.6866797" lon="139.7154222"/>
  <node id="473173554" lat="35.6898448" lon="139.7052417"/>
  <node id="473173555" lat="35.6902694" lon="139.7050698"/>
  <node id="473173557" lat="35.6894706" lon="139.7063660">
    <tag k="junction" v="yes"/>
  </node>
  <node id="473173558" lat="35.6882362" lon="139.7047080"/>
  <node id="473173559" lat="35.6897446" lon="139.7045332"/>
  <node id="473173560" lat="35.6882207" lon="139.7049004"/>
  <node id="473173561" lat="35.6882002" lon="139.7042417"/>
  <node id="473173562" lat="35.6881184" lon="139.7042036"/>
  <node id="473173564" lat="35.6882071" lon="139.7039058"/>
  <node id="473173565" lat="35.6881295" lon="139.7029559"/>
  <node id="473173566" lat="35.6881782" lon="139.7036369"/>
  <node id="473173568" lat="35.6877645" lon="139.7038146"/>
  <node id="473173569" lat="35.6851913" lon="139.7045639"/>
  <node id="473173571" lat="35.6870844" lon="139.7040157"/>
  <node id="473173572" lat="35.6869016" lon="139.7030882"/>
  <node id="473173573" lat="35.6859988" lon="139.7043348"/>
  <node id="473173578" lat="35.6869830" lon="139.7035172"/>
  <node id="473173579" lat="35.6864066" lon="139.7040964"/>
  <node id="473173580" lat="35.6865434" lon="139.7036384"/>
  <node id="473173582" lat="35.6862276" lon="139.7037439"/>
  <node id="473173583" lat="35.6860722" lon="139.7033346"/>
  <node id="473173585" lat="35.6851435" lon="139.7042867"/>
  <node id="473173586" lat="35.6849705" lon="139.7043757"/>
  <node id="473173587" lat="35.6855239" lon="139.7041635"/>
  <node id="473173588" lat="35.6855797" lon="139.7044470"/>
  <node id="473173589" lat="35.6852217" lon="139.7030238"/>
  <node id="473173590" lat="35.6853295" lon="139.7035468"/>
  <node id="475109873" lat="35.6910559" lon="139.7165609"/>
  <node id="475109924" lat="35.6904828" lon="139.7158204"/>
  <node id="475109993" lat="35.6919773" lon="139.7203610"/>
  <node id="475368441" lat="35.6983558" lon="139.7103590"/>
  <node id="475368444" lat="35.6983190" lon="139.7109137"/>
  <node id="475368445" lat="35.6983019" lon="139.7111097"/>
  <node id="475368447" lat="35.6981517" lon="139.7113776"/>
  <node id="475368448" lat="35.6980365" lon="139.7115158"/>
  <node id="475368449" lat="35.6979533" lon="139.7117514"/>
  <node id="475368450" lat="35.6979596" lon="139.7120490"/>
  <node id="475368452" lat="35.6997287" lon="139.7138824"/>
  <node id="475368454" lat="35.6977983" lon="139.7142938"/>
  <node id="475368456" lat="35.6997064" lon="139.7144693"/>
  <node id="475368457" lat="35.6984401" lon="139.7103663"/>
  <node id="475368459" lat="35.6987048" lon="139.7103123"/>
  <node id="475368460" lat="35.6990388" lon="139.7103724"/>
  <node id="475368506" lat="35.6979858" lon="139.7151122"/>
  <node id="475368533" lat="35.6949199" lon="139.7173254"/>
  <node id="475368534" lat="35.6941500" lon="139.7181331"/>
  <node id="475368537" lat="35.6928306" lon="139.7206523"/>
  <node id="475368539" lat="35.6925514" lon="139.7211862"/>
  <node id="475368541" lat="35.6923145" lon="139.7213000">
    <tag k="junction" v="yes"/>
    <tag k="name" v="住吉町"/>
    <tag k="name:en" v="Sumiyoshicho"/>
    <tag k="name:ja" v="住吉町"/>
  </node>
  <node id="475368580" lat="35.6981335" lon="139.7160577"/>
  <node id="475368584" lat="35.6976728" lon="139.7154790"/>
  <node id="475368586" lat="35.6970762" lon="139.7147132"/>
  <node id="475368600" lat="35.6986172" lon="139.7164061"/>
  <node id="475368614" lat="35.6945214" lon="139.7163135"/>
  <node id="475368615" lat="35.6937245" lon="139.7143177"/>
  <node id="475368617" lat="35.6938212" lon="139.7145598"/>
  <node id="475368619" lat="35.6936507" lon="139.7146217"/>
  <node id="475368621" lat="35.6946205" lon="139.7141882"/>
  <node id="475368622" lat="35.6948584" lon="139.7147613"/>
  <node id="475368771" lat="35.6949548" lon="139.7074854"/>
  <node id="475368773" lat="35.6942482" lon="139.7075296"/>
  <node id="475368775" lat="35.6945038" lon="139.7108352"/>
  <node id="475368777" lat="35.6944294" lon="139.7112833"/>
  <node id="475368779" lat="35.6943830" lon="139.7115821"/>
  <node id="475368780" lat="35.6942698" lon="139.7116780"/>
  <node id="475368781" lat="35.6941413" lon="139.7123515"/>
  <node id="475368782" lat="35.6940746" lon="139.7126854"/>
  <node id="475368783" lat="35.6940070" lon="139.7130435"/>
  <node id="475368784" lat="35.6934158" lon="139.7129669"/>
  <node id="475368785" lat="35.6933308" lon="139.7134942"/>
  <node id="475368786" lat="35.6932305" lon="139.7129205"/>
  <node id="475368787" lat="35.6931497" lon="139.7134499"/>
  <node id="475368788" lat="35.6931223" lon="139.7114430"/>
  <node id="475368790" lat="35.6944277" lon="139.7112314"/>
  <node id="475368794" lat="35.6942403" lon="139.7103144"/>
  <node id="475368795" lat="35.6946293" lon="139.7124378"/>
  <node id="475368796" lat="35.6954115" lon="139.7126900"/>
  <node id="475368797" lat="35.6960662" lon="139.7129090"/>
  <node id="475368798" lat="35.6973277" lon="139.7133206"/>
  <node id="475368804" lat="35.6964337" lon="139.7130209"/>
  <node id="475368805" lat="35.6960764" lon="139.7136590"/>
  <node id="475368806" lat="35.6955741" lon="139.7144937"/>
  <node id="475368807" lat="35.6952252" lon="139.7150345"/>
  <node id="475368808" lat="35.6950620" lon="139.7152338"/>
  <node id="475368809" lat="35.6942795" lon="139.7157076"/>
  <node id="475368811" lat="35.6940849" lon="139.7152203"/>
  <node id="475368812" lat="35.6953460" lon="139.7129946"/>
  <node id="475368813" lat="35.6951348" lon="139.7139775"/>
  <node id="475368814" lat="35.6948917" lon="139.7145112"/>
  <node id="475368815" lat="35.6948056" lon="139.7146380"/>
  <node id="475368818" lat="35.6952589" lon="139.7134002"/>
  <node id="475368820" lat="35.6959083" lon="139.7128499"/>
  <node id="475368835" lat="35.6955516" lon="139.7127359"/>
  <node id="475368839" lat="35.6952841" lon="139.7126382"/>
  <node id="475368842" lat="35.6947791" lon="139.7124682"/>
  <node id="475368845" lat="35.6952121" lon="139.7136178"/>
  <node id="475368847" lat="35.6943769" lon="139.7127522"/>
  <node id="475368848" lat="35.6942262" lon="139.7137053"/>
  <node id="475368849" lat="35.6943232" lon="139.7142204"/>
  <node id="475368850" lat="35.6946018" lon="139.7149120"/>
  <node id="475368851" lat="35.6946666" lon="139.7148751"/>
  <node id="475368861" lat="35.6933718" lon="139.7195193"/>
  <node id="475368863" lat="35.6934766" lon="139.7193082"/>
  <node id="475368881" lat="35.6922948" lon="139.7155784"/>
  <node id="475368901" lat="35.6955152" lon="139.7162794"/>
  <node id="475368943" lat="35.6953157" lon="139.7166340"/>
  <node id="475368945" lat="35.6930619" lon="139.7201498"/>
  <node id="475368958" lat="35.6934480" lon="139.7141687"/>
  <node id="475368959" lat="35.6945281" lon="139.7141916"/>
  <node id="475368960" lat="35.6945694" lon="139.7149328"/>
  <node id="475368965" lat="35.6943870" lon="139.7150410"/>
  <node id="475368970" lat="35.6942915" lon="139.7150977"/>
  <node id="475368973" lat="35.6943510" lon="139.7150624"/>
  <node id="475368974" lat="35.6944205" lon="139.7144719"/>
  <node id="475368976" lat="35.6941420" lon="139.7145091"/>
  <node id="475368978" lat="35.6959564" lon="139.7155233"/>
  <node id="475368979" lat="35.6954904" lon="139.7146151"/>
  <node id="475368980" lat="35.6961475" lon="139.7152115"/>
  <node id="475368982" lat="35.6958060" lon="139.7148925"/>
  <node id="475368988" lat="35.6967176" lon="139.7099572"/>
  <node id="475368993" lat="35.6974504" lon="139.7100526"/>
  <node id="475369030" lat="35.6983380" lon="139.7158260"/>
  <node id="475369284" lat="35.6982975" lon="139.7094539"/>
  <node id="475369285" lat="35.6981481" lon="139.7100180"/>
  <node id="475369287" lat="35.6976981" lon="139.7089351"/>
  <node id="475369309" lat="35.6989108" lon="139.7103460"/>
  <node id="475369316" lat="35.6983817" lon="139.7127199"/>
  <node id="475369319" lat="35.6989373" lon="139.7126953"/>
  <node id="475369320" lat="35.6990988" lon="139.7127101"/>
  <node id="475369331" lat="35.7001498" lon="139.7139130"/>
  <node id="475369333" lat="35.7005141" lon="139.7139541"/>
  <node id="475369337" lat="35.6988131" lon="139.7127091"/>
  <node id="475369338" lat="35.6987525" lon="139.7138034"/>
  <node id="475369339" lat="35.6987791" lon="139.7134441"/>
  <node id="475369340" lat="35.6977700" lon="139.7133614"/>
  <node id="475757532" lat="35.6869262" lon="139.6968594"/>
  <node id="475757606" lat="35.6867962" lon="139.6970552"/>
  <node id="475757703" lat="35.6859497" lon="139.6988243"/>
  <node id="475757778" lat="35.6852338" lon="139.6994911"/>
  <node id="475757834" lat="35.6843105" lon="139.7005413"/>
  <node id="475757886" lat="35.6847080" lon="139.6984650"/>
  <node id="475757947" lat="35.6852389" lon="139.6970020"/>
  <node id="475758010" lat="35.6866695" lon="139.6973584"/>
  <node id="475758058" lat="35.6856429" lon="139.6968970"/>
  <node id="475758097" lat="35.6852384" lon="139.6968340"/>
  <node id="475758152" lat="35.6847942" lon="139.6967661"/>
  <node id="475758180" lat="35.6846173" lon="139.6967019"/>
  <node id="475758202" lat="35.6836342" lon="139.6968362"/>
  <node id="475758237" lat="35.6829364" lon="139.6970523"/>
  <node id="475758291" lat="35.6821601" lon="139.6975951"/>
  <node id="475758341" lat="35.6826927" lon="139.6972113"/>
  <node id="475758638" lat="35.6827475" lon="139.6964518"/>
  <node id="475758763" lat="35.6830731" lon="139.6940268"/>
  <node id="475758977" lat="35.6844185" lon="139.6937640"/>
  <node id="475759032" lat="35.6842711" lon="139.6937834"/>
  <node id="475759090" lat="35.6841827" lon="139.6934510"/>
  <node id="475759123" lat="35.6842245" lon="139.6935149"/>
  <node id="475759174" lat="35.6836657" lon="139.6931102"/>
  <node id="475759244" lat="35.6835036" lon="139.6957128"/>
  <node id="475759282" lat="35.6835425" lon="139.6962215"/>
  <node id="475759450" lat="35.6833746" lon="139.6951871"/>
  <node id="475760072" lat="35.6816863" lon="139.7006282"/>
  <node id="475760146" lat="35.6826079" lon="139.7012205"/>
  <node id="475760320" lat="35.6816363" lon="139.7100368"/>
  <node id="475760355" lat="35.6816907" lon="139.7097698"/>
  <node id="475760524" lat="35.6836348" lon="139.7042968"/>
  <node id="475760572" lat="35.6830759" lon="139.7036974"/>
  <node id="475760618" lat="35.6834185" lon="139.6939562"/>
  <node id="475760753" lat="35.6837164" lon="139.6951138"/>
  <node id="475762521" lat="35.6823446" lon="139.6940966"/>
  <node id="475762598" lat="35.6825201" lon="139.6955311"/>
  <node id="475762635" lat="35.6830116" lon="139.6963465"/>
  <node id="475762671" lat="35.6832653" lon="139.6962851"/>
  <node id="475762704" lat="35.6839284" lon="139.6961590"/>
  <node id="475762758" lat="35.6846140" lon="139.6960583"/>
  <node id="475762777" lat="35.6849718" lon="139.6959822"/>
  <node id="475762840" lat="35.6852300" lon="139.6959111"/>
  <node id="475762875" lat="35.6869349" lon="139.6964406"/>
  <node id="475762888" lat="35.6868833" lon="139.6961267"/>
  <node id="475762927" lat="35.6867183" lon="139.6954732"/>
  <node id="475763030" lat="35.6859666" lon="139.6961717"/>
  <node id="475763086" lat="35.6861631" lon="139.6961719"/>
  <node id="475763173" lat="35.6860974" lon="139.6964627"/>
  <node id="475763218" lat="35.6865871" lon="139.6966656"/>
  <node id="475763257" lat="35.6867368" lon="139.6965226"/>
  <node id="475763314" lat="35.6858536" lon="139.6966598"/>
  <node id="475763358" lat="35.6861516" lon="139.6967848"/>
  <node id="475763403" lat="35.6862303" lon="139.6965193"/>
  <node id="475763437" lat="35.6858068" lon="139.6967095"/>
  <node id="475763519" lat="35.6849038" lon="139.6979576"/>
  <node id="475763573" lat="35.6845634" lon="139.6977594"/>
  <node id="475763662" lat="35.6849844" lon="139.6967952"/>
  <node id="475763685" lat="35.6848103" lon="139.6972914">
    <tag k="source" v="Bing"/>
  </node>
  <node id="475763832" lat="35.6849323" lon="139.6967872"/>
  <node id="475763880" lat="35.6849868" lon="139.6963759"/>
  <node id="475763897" lat="35.6838462" lon="139.6956482"/>
  <node id="475763941" lat="35.6846068" lon="139.6954988"/>
  <node id="475764048" lat="35.6852382" lon="139.6963770"/>
  <node id="475764080" lat="35.6841779" lon="139.6955797"/>
  <node id="475764128" lat="35.6842469" lon="139.6961134"/>
  <node id="475764146" lat="35.6840904" lon="139.6961363"/>
  <node id="475764201" lat="35.6841765" lon="139.6967497"/>
  <node id="475764282" lat="35.6850346" lon="139.6959639"/>
  <node id="475764299" lat="35.6848601" lon="139.6953798"/>
  <node id="475764329" lat="35.6855238" lon="139.6929389"/>
  <node id="475764574" lat="35.6836568" lon="139.6939144"/>
  <node id="475764764" lat="35.6831468" lon="139.6969650"/>
  <node id="475764816" lat="35.6833850" lon="139.6968964"/>
  <node id="475764888" lat="35.6836291" lon="139.6972907"/>
  <node id="475764992" lat="35.6831774" lon="139.6976390"/>
  <node id="475765039" lat="35.6832118" lon="139.6977228"/>
  <node id="475765087" lat="35.6824288" lon="139.6984000"/>
  <node id="475765141" lat="35.6821567" lon="139.6977258"/>
  <node id="475765192" lat="35.6822603" lon="139.6977232"/>
  <node id="475765250" lat="35.6825490" lon="139.6986722"/>
  <node id="475765290" lat="35.6826668" lon="139.6987900"/>
  <node id="475765340" lat="35.6829021" lon="139.6988714"/>
  <node id="475765386" lat="35.6839179" lon="139.6979335"/>
  <node id="475765461" lat="35.6835934" lon="139.6973166"/>
  <node id="475765547" lat="35.6837112" lon="139.6975357"/>
  <node id="475765840" lat="35.6837564" lon="139.6968167"/>
  <node id="475765916" lat="35.6833655" lon="139.6974819"/>
  <node id="475765986" lat="35.6837081" lon="139.6980899"/>
  <node id="475766029" lat="35.6829538" lon="139.6987869"/>
  <node id="475766086" lat="35.6826608" lon="139.6982210"/>
  <node id="475766146" lat="35.6830432" lon="139.6991904"/>
  <node id="475766272" lat="35.6831360" lon="139.6994334"/>
  <node id="475766349" lat="35.6840859" lon="139.7007883"/>
  <node id="475766403" lat="35.6834072" lon="139.6998650"/>
  <node id="475766481" lat="35.6843786" lon="139.6988853"/>
  <node id="475766520" lat="35.6849409" lon="139.6998331"/>
  <node id="475766602" lat="35.6808661" lon="139.7011546"/>
  <node id="475766648" lat="35.6809201" lon="139.7007554"/>
  <node id="475766686" lat="35.6810040" lon="139.7005232"/>
  <node id="475766764" lat="35.6811655" lon="139.7003202"/>
  <node id="475766812" lat="35.6815776" lon="139.6999508"/>
  <node id="475766858" lat="35.6818024" lon="139.6998202"/>
  <node id="475766862" lat="35.6822044" lon="139.6995773"/>
  <node id="475767026" lat="35.6842799" lon="139.6983243"/>
  <node id="475767070" lat="35.6844307" lon="139.6983973"/>
  <node id="475767130" lat="35.6845957" lon="139.6983194"/>
  <node id="475767267" lat="35.6853168" lon="139.6983410"/>
  <node id="475767338" lat="35.6847316" lon="139.6985603"/>
  <node id="475767429" lat="35.6831900" lon="139.6995285"/>
  <node id="475767464" lat="35.6825711" lon="139.6998618"/>
  <node id="475767501" lat="35.6823248" lon="139.7000571"/>
  <node id="475767534" lat="35.6814884" lon="139.7013852"/>
  <node id="475767570" lat="35.6819735" lon="139.7003394"/>
  <node id="475767669" lat="35.6829579" lon="139.6989893"/>
  <node id="475768282" lat="35.6813975" lon="139.7018366"/>
  <node id="475768471" lat="35.6808755" lon="139.7009646"/>
  <node id="475768938" lat="35.6838718" lon="139.6997244"/>
  <node id="475768964" lat="35.6835810" lon="139.7000834"/>
  <node id="475769008" lat="35.6829656" lon="139.7007415"/>
  <node id="475769049" lat="35.6835599" lon="139.7013668"/>
  <node id="475769093" lat="35.6826990" lon="139.7004457"/>
  <node id="475769229" lat="35.6831759" lon="139.7016828"/>
  <node id="475769279" lat="35.6828135" lon="139.7013387"/>
  <node id="475769323" lat="35.6831167" lon="139.7008987"/>
  <node id="475769337" lat="35.6834701" lon="139.7007887"/>
  <node id="475769371" lat="35.6837502" lon="139.7011574"/>
  <node id="475769399" lat="35.6846485" lon="139.7001752"/>
  <node id="475769426" lat="35.6853417" lon="139.6989527"/>
  <node id="475769464" lat="35.6850535" lon="139.6991547"/>
  <node id="475769486" lat="35.6838191" lon="139.6938704"/>
  <node id="475769536" lat="35.6836915" lon="139.6932280"/>
  <node id="475769565" lat="35.6834109" lon="139.6922004"/>
  <node id="475769614" lat="35.6832261" lon="139.6916849"/>
  <node id="475769782" lat="35.6826941" lon="139.6926680"/>
  <node id="475769932" lat="35.6877078" lon="139.6993143"/>
  <node id="475769972" lat="35.6871491" lon="139.6978714"/>
  <node id="475770310" lat="35.6874945" lon="139.6965056"/>
  <node id="475770351" lat="35.6871707" lon="139.6959757"/>
  <node id="475770391" lat="35.6865753" lon="139.6998027"/>
  <node id="475770407" lat="35.6867166" lon="139.7001952">
    <tag k="highway" v="turning_circle"/>
  </node>
  <node id="475770554" lat="35.6811868" lon="139.7028719"/>
  <node id="475770602" lat="35.6812589" lon="139.7026054"/>
  <node id="475770638" lat="35.6844484" lon="139.7050385"/>
  <node id="475770654" lat="35.6836996" lon="139.7029407"/>
  <node id="475770701" lat="35.6821249" lon="139.7049446"/>
  <node id="475770728" lat="35.6835696" lon="139.7061316"/>
  <node id="475770777" lat="35.6834280" lon="139.7063559"/>
  <node id="475770815" lat="35.6822419" lon="139.7054200"/>
  <node id="475770849" lat="35.6826142" lon="139.7042787"/>
  <node id="475770933" lat="35.6828355" lon="139.7039864"/>
  <node id="475771011" lat="35.6832315" lon="139.7034843"/>
  <node id="475771053" lat="35.6828279" lon="139.7030015"/>
  <node id="475771083" lat="35.6830145" lon="139.7032299"/>
  <node id="475771132" lat="35.6828621" lon="139.7034362"/>
  <node id="475771166" lat="35.6837751" lon="139.7058743"/>
  <node id="475771231" lat="35.6830628" lon="139.7052015"/>
  <node id="475771287" lat="35.6835901" lon="139.7048843"/>
  <node id="475771337" lat="35.6838019" lon="139.7044626"/>
  <node id="475771382" lat="35.6832181" lon="139.7053637"/>
  <node id="475771390" lat="35.6829975" lon="139.7056434"/>
  <node id="475771411" lat="35.6828486" lon="139.7058825"/>
  <node id="475771431" lat="35.6834284" lon="139.7050933"/>
  <node id="475771470" lat="35.6839800" lon="139.7056112"/>
  <node id="475771531" lat="35.6837872" lon="139.7054194"/>
  <node id="475771568" lat="35.6818929" lon="139.7060587"/>
  <node id="475771637" lat="35.6826675" lon="139.7077849"/>
  <node id="475771703" lat="35.6830730" lon="139.7070026"/>
  <node id="475771735" lat="35.6822244" lon="139.7063194"/>
  <node id="475771853" lat="35.6822260" lon="139.7086738"/>
  <node id="563777514" lat="35.6962044" lon="139.6870798"/>
  <node id="573382869" lat="35.6837965" lon="139.7003883"/>
  <node id="573382871" lat="35.6838958" lon="139.7002739"/>
  <node id="573383987" lat="35.6830609" lon="139.7028710"/>
  <node id="576807437" lat="35.6896101" lon="139.7032044"/>
  <node id="576807440" lat="35.6897020" lon="139.7031844"/>
  <node id="581799311" lat="35.6956936" lon="139.6885440">
    <tag k="bicycle" v="designated"/>
    <tag k="highway" v="crossing"/>
    <tag k="source" v="Bing 2010"/>
  </node>
  <node id="581805155" lat="35.6964685" lon="139.6879710"/>
  <node id="581806668" lat="35.6964819" lon="139.6869765"/>
  <node id="581808512" lat="35.6964979" lon="139.6874050"/>
  <node id="582802725" lat="35.6903111" lon="139.6921086"/>
  <node id="582802726" lat="35.6906700" lon="139.6920218"/>
  <node id="582802728" lat="35.6908738" lon="139.6948799">
    <tag k="highway" v="traffic_signals"/>
    <tag k="name" v="中央通り東"/>
    <tag k="name:en" v="Chuo dori E"/>
    <tag k="name:es" v="Chuo dori E"/>
    <tag k="name:ja" v="中央通り東"/>
  </node>
  <node id="582802730" lat="35.6910229" lon="139.6963108"/>
  <node id="582844285" lat="35.6886559" lon="139.6925086"/>
  <node id="582844286" lat="35.6875926" lon="139.6942730">
    <tag k="crossing" v="traffic_signals"/>
    <tag k="crossing:markings" v="zebra"/>
    <tag k="crossing:signals" v="yes"/>
    <tag k="highway" v="crossing"/>
  </node>
  <node id="582844287" lat="35.6875765" lon="139.6941673">
    <tag k="crossing" v="traffic_signals"/>
    <tag k="crossing:markings" v="zebra"/>
    <tag k="crossing:signals" v="yes"/>
    <tag k="highway" v="crossing"/>
  </node>
  <node id="582844288" lat="35.6888033" lon="139.6938670"/>
  <node id="582844289" lat="35.6888188" lon="139.6939741"/>
  <node id="582844290" lat="35.6909011" lon="139.6934664"/>
  <node id="582844291" lat="35.6904413" lon="139.6935785"/>
  <node id="582844292" lat="35.6892272" lon="139.6938745"/>
  <node id="589929864" lat="35.6834845" lon="139.6908798"/>
  <node id="589929865" lat="35.6835860" lon="139.6905417"/>
  <node id="589929866" lat="35.6838005" lon="139.6909995"/>
  <node id="589929867" lat="35.6842577" lon="139.6910790"/>
  <node id="589929868" lat="35.6843360" lon="139.6911404"/>
  <node id="600035330" lat="35.6960554" lon="139.6874944"/>
  <node id="672693054" lat="35.6852517" lon="139.7023768">
    <tag k="direction" v="backward"/>
    <tag k="road_marking" v="solid_stop_line"/>
  </node>
  <node id="672693055" lat="35.6861507" lon="139.7021674"/>
  <node id="681579017" lat="35.6868840" lon="139.6908742">
    <tag k="highway" v="crossing"/>
  </node>
  <node id="733235014" lat="35.6944734" lon="139.7179359"/>
  <node id="733235015" lat="35.6942061" lon="139.7181925"/>
  <node id="733235022" lat="35.6940420" lon="139.7183893"/>
  <node id="733235024" lat="35.6939096" lon="139.7185897"/>
  <node id="733235025" lat="35.6923442" lon="139.7214032">
    <tag k="junction" v="yes"/>
    <tag k="name" v="住吉町"/>
    <tag k="name:en" v="Sumiyoshicho"/>
    <tag k="name:ja" v="住吉町"/>
  </node>
  <node id="733235027" lat="35.6926436" lon="139.7212453"/>
  <node id="733235028" lat="35.6931363" lon="139.7202127"/>
  <node id="733235031" lat="35.6926872" lon="139.7211685"/>
  <node id="733235033" lat="35.6935291" lon="139.7193472"/>
  <node id="733235034" lat="35.6934599" lon="139.7194851"/>
  <node id="733235035" lat="35.6933072" lon="139.7198162"/>
  <node id="733235038" lat="35.6937166" lon="139.7189664"/>
  <node id="733235048" lat="35.6970728" lon="139.7138608"/>
  <node id="733235049" lat="35.6967814" lon="139.7143255"/>
  <node id="733235050" lat="35.6964197" lon="139.7149006"/>
  <node id="733235052" lat="35.6962813" lon="139.7151248"/>
  <node id="733235054" lat="35.6954262" lon="139.7165613"/>
  <node id="733235057" lat="35.6950270" lon="139.7172833"/>
  <node id="733235059" lat="35.6947274" lon="139.7176906"/>
  <node id="733235061" lat="35.6975686" lon="139.7131719"/>
  <node id="735990734" lat="35.6898579" lon="139.7070921"/>
  <node id="735990749" lat="35.6904548" lon="139.7057696">
    <tag k="highway" v="traffic_signals"/>
    <tag k="name" v="新宿三丁目東"/>
    <tag k="name:en" v="Shinjuku 3 E."/>
    <tag k="traffic_signals" v="signal"/>
  </node>
  <node id="735990754" lat="35.6903042" lon="139.7060978"/>
  <node id="735990758" lat="35.6900319" lon="139.7066928">
    <tag k="junction" v="yes"/>
    <tag k="name" v="新宿二丁目"/>
    <tag k="name:en" v="Shinjuku 2-chome"/>
    <tag k="name:ja" v="新宿二丁目"/>
    <tag k="name:ja-Hira" v="しんじゅく2ちょうめ"/>
    <tag k="name:ja-Latn" v="Shinjuku 2-chome"/>
  </node>
  <node id="735990780" lat="35.6895970" lon="139.7076608">
    <tag k="junction" v="yes"/>
    <tag k="name" v="新宿二丁目東"/>
    <tag k="name:en" v="Shinjuku 2 East"/>
    <tag k="name:ja" v="新宿二丁目東"/>
    <tag k="name:ja-Hira" v="しんじゅくにちょうめひがし"/>
    <tag k="name:ja-Latn" v="Shinjuku 2-chome Higashi"/>
  </node>
  <node id="735990782" lat="35.6891074" lon="139.7087306"/>
  <node id="735990783" lat="35.6888690" lon="139.7093915"/>
  <node id="735990788" lat="35.6887603" lon="139.7099309">
    <tag k="junction" v="yes"/>
    <tag k="name" v="新宿一丁目西"/>
    <tag k="name:en" v="Shinjuku 1 West"/>
    <tag k="name:ja" v="新宿一丁目西"/>
    <tag k="name:ja-Hira" v="しんじゅく1ちょうめにし"/>
    <tag k="name:ja-Latn" v="Shinjuku 1-chome Nishi"/>
  </node>
  <node id="735990789" lat="35.6885894" lon="139.7107031"/>
  <node id="735990791" lat="35.6883523" lon="139.7118230">
    <tag k="highway" v="traffic_signals"/>
    <tag k="name" v="新宿御苑駅前"/>
    <tag k="name:en" v="Shinjukugyoen Sta."/>
    <tag k="name:ja" v="新宿御苑駅前"/>
    <tag k="traffic_signals" v="signal"/>
  </node>
  <node id="735990792" lat="35.6881234" lon="139.7129089"/>
  <node id="735990793" lat="35.6878799" lon="139.7140647">
    <tag k="highway" v="traffic_signals"/>
    <tag k="name" v="新宿一丁目"/>
    <tag k="name:en" v="Shinjuku 1"/>
    <tag k="name:ja" v="新宿一丁目"/>
    <tag k="traffic_signals" v="signal"/>
  </node>
  <node id="735990794" lat="35.6878249" lon="139.7145171"/>
  <node id="735990796" lat="35.6905305" lon="139.7056113"/>
  <node id="735990801" lat="35.6937266" lon="139.6994827"/>
  <node id="735991530" lat="35.6881052" lon="139.7089867"/>
  <node id="735991531" lat="35.6878409" lon="139.7097311"/>
  <node id="735991532" lat="35.6876030" lon="139.7106427"/>
  <node id="735991534" lat="35.6873079" lon="139.7119639"/>
  <node id="735991535" lat="35.6871885" lon="139.7130346"/>
  <node id="755804489" lat="35.6898872" lon="139.7053844"/>
  <node id="755804491" lat="35.6892987" lon="139.7061491"/>
  <node id="755804496" lat="35.6899259" lon="139.7051840"/>
  <node id="755804498" lat="35.6895652" lon="139.7062272">
    <tag k="highway" v="traffic_signals"/>
    <tag k="traffic_signals" v="signal"/>
    <tag k="traffic_signals:direction" v="forward"/>
  </node>
  <node id="760157609" lat="35.6887027" lon="139.6914624"/>
  <node id="760157612" lat="35.6885944" lon="139.6914912"/>
  <node id="760157613" lat="35.6888987" lon="139.6926780"/>
  <node id="760157616" lat="35.6887897" lon="139.6927022"/>
  <node id="760157619" lat="35.6918548" lon="139.6893698"/>
  <node id="760157620" lat="35.6914909" lon="139.6881456"/>
  <node id="978985090" lat="35.6822425" lon="139.6897345"/>
  <node id="978985174" lat="35.6835332" lon="139.6914962"/>
  <node id="1045564174" lat="35.6858990" lon="139.6895148"/>
  <node id="1067810036" lat="35.6889514" lon="139.7072134"/>
  <node id="1093489452" lat="35.6975617" lon="139.7130836"/>
  <node id="1093489453" lat="35.6977513" lon="139.7131255">
    <tag k="highway" v="traffic_signals"/>
    <tag k="name" v="抜弁天"/>
    <tag k="name:en" v="Nukebenten"/>
    <tag k="name:es" v="Nukebenten"/>
    <tag k="name:ja" v="抜弁天"/>
    <tag k="name:ja-Hira" v="ぬけべんてん"/>
    <tag k="name:ja_rm" v="Nukebenten"/>
  </node>
  <node id="1093489454" lat="35.6978614" lon="139.7124003">
    <tag k="highway" v="crossing"/>
    <tag k="source" v="Bing 2010"/>
  </node>
  <node id="1093685704" lat="35.6950501" lon="139.7069801">
    <tag k="bicycle" v="designated"/>
    <tag k="button_operated" v="yes"/>
    <tag k="crossing" v="traffic_signals"/>
    <tag k="crossing:markings" v="zebra"/>
    <tag k="highway" v="crossing"/>
    <tag k="source" v="Bing 2010"/>
    <tag k="tactile_paving" v="yes"/>
    <tag k="traffic_signals:sound" v="yes"/>
    <tag k="traffic_signals:vibration" v="yes"/>
  </node>
  <node id="1093685711" lat="35.6945762" lon="139.7068948"/>
  <node id="1093685732" lat="35.6949116" lon="139.7069568">
    <tag k="highway" v="traffic_signals"/>
    <tag k="name" v="新宿六丁目"/>
    <tag k="name:en" v="Shinjuku 6"/>
    <tag k="name:ko" v="신쥬쿠 6초메"/>
    <tag k="name:zh" v="新宿六丁目"/>
  </node>
  <node id="1093685734" lat="35.6954069" lon="139.7070534"/>
  <node id="1093685738" lat="35.6965655" lon="139.7072852">
    <tag k="highway" v="traffic_signals"/>
  </node>
  <node id="1093685757" lat="35.6911877" lon="139.7051102"/>
  <node id="1093685776" lat="35.6929091" lon="139.7061336"/>
  <node id="1093685786" lat="35.6918317" lon="139.7055029"/>
  <node id="1093685828" lat="35.6978893" lon="139.7075594">
    <tag k="junction" v="yes"/>
    <tag k="name" v="新宿七丁目"/>
    <tag k="name:en" v="Shinjuku 7"/>
    <tag k="name:ja" v="新宿七丁目"/>
    <tag k="name:ja-Hira" v="しんじゅくななちょうめ"/>
    <tag k="name:ja_rm" v="Shinjuku nanachōme"/>
  </node>
  <node id="1094262614" lat="35.6981506" lon="139.7099758"/>
  <node id="1094453602" lat="35.6960267" lon="139.6991799"/>
  <node id="1094547056" lat="35.7007573" lon="139.7006575"/>
  <node id="1094547207" lat="35.7018425" lon="139.6952499">
    <tag k="highway" v="traffic_signals"/>
    <tag k="name" v="北新宿一丁目"/>
    <tag k="traffic_signals" v="signal"/>
  </node>
  <node id="1094547212" lat="35.7008936" lon="139.7080084">
    <tag k="junction" v="yes"/>
    <tag k="name" v="大久保二丁目"/>
    <tag k="name:en" v="Okubo 2"/>
    <tag k="name:ja" v="大久保二丁目"/>
  </node>
  <node id="1094547343" lat="35.7000030" lon="139.7005793"/>
  <node id="1094547357" lat="35.7017078" lon="139.6883534">
    <tag k="button_operated" v="no"/>
    <tag k="crossing:signals" v="yes"/>
    <tag k="highway" v="crossing"/>
    <tag k="name" v="北新宿三丁目"/>
    <tag k="tactile_paving" v="yes"/>
    <tag k="traffic_signals:sound" v="no"/>
  </node>
  <node id="1094547405" lat="35.7008920" lon="139.7081251">
    <tag k="junction" v="yes"/>
    <tag k="name" v="大久保二丁目"/>
    <tag k="name:en" v="Okubo 2"/>
    <tag k="name:ja" v="大久保二丁目"/>
  </node>
  <node id="1094547567" lat="35.7018183" lon="139.6933766"/>
  <node id="1094547572" lat="35.7016530" lon="139.6883388">
    <tag k="highway" v="traffic_signals"/>
    <tag k="name" v="北新宿三丁目"/>
  </node>
  <node id="1094607075" lat="35.7011823" lon="139.7044110"/>
  <node id="1110269628" lat="35.6933620" lon="139.6941095"/>
  <node id="1110269638" lat="35.6926770" lon="139.6903653"/>
  <node id="1110269699" lat="35.6931562" lon="139.6946522"/>
  <node id="1110269706" lat="35.6935042" lon="139.6937348"/>
  <node id="1111613983" lat="35.6869523" lon="139.6912886"/>
  <node id="1111613987" lat="35.6919906" lon="139.6902204">
    <tag k="highway" v="traffic_signals"/>
    <tag k="name" v="新宿中央公園北"/>
    <tag k="name:en" v="Shinjuku Central Park -N."/>
    <tag k="name:es" v="Parque central Shinjuku norte"/>
  </node>
  <node id="1111613997" lat="35.6868543" lon="139.6907528">
    <tag k="highway" v="traffic_signals"/>
  </node>
  <node id="1111613998" lat="35.6920172" lon="139.6903873">
    <tag k="highway" v="traffic_signals"/>
    <tag k="name" v="新宿中央公園北"/>
    <tag k="name:en" v="Shinjuku Central Park -N."/>
    <tag k="name:es" v="Parque central Shinjuku norte"/>
  </node>
  <node id="1139149650" lat="35.6971417" lon="139.6927133">
    <tag k="crossing" v="traffic_signals"/>
    <tag k="highway" v="crossing"/>
  </node>
  <node id="1139149660" lat="35.6972487" lon="139.6928279">
    <tag k="highway" v="traffic_signals"/>
  </node>
  <node id="1139149798" lat="35.6973426" lon="139.6936148"/>
  <node id="1139149819" lat="35.6971981" lon="139.6923582"/>
  <node id="1142124381" lat="35.6979857" lon="139.6979760"/>
  <node id="1142124383" lat="35.6981380" lon="139.6980361"/>
  <node id="1142124392" lat="35.6979505" lon="139.6983942"/>
  <node id="1142124450" lat="35.6998373" lon="139.6977564"/>
  <node id="1142142924" lat="35.6977314" lon="139.6958946">
    <tag k="highway" v="traffic_signals"/>
  </node>
  <node id="1142397072" lat="35.6953497" lon="139.6897286"/>
  <node id="1142397217" lat="35.6955617" lon="139.6889956"/>
  <node id="1160435116" lat="35.7019089" lon="139.6933620">
    <tag k="crossing:markings" v="no"/>
    <tag k="crossing:signals" v="no"/>
    <tag k="highway" v="crossing"/>
    <tag k="tactile_paving" v="yes"/>
  </node>
  <node id="1189983629" lat="35.6931185" lon="139.6996711"/>
  <node id="1189983640" lat="35.6934108" lon="139.6991571">
    <tag k="crossing" v="marked"/>
    <tag k="crossing:markings" v="yes"/>
    <tag k="highway" v="crossing"/>
    <tag k="tactile_paving" v="yes"/>
  </node>
  <node id="1189983680" lat="35.6936873" lon="139.6989303">
    <tag k="bicycle" v="designated"/>
    <tag k="crossing" v="marked"/>
    <tag k="crossing:markings" v="yes"/>
    <tag k="highway" v="crossing"/>
    <tag k="source" v="Bing 2010"/>
    <tag k="tactile_paving" v="yes"/>
  </node>
  <node id="1189983697" lat="35.6926102" lon="139.6997734"/>
  <node id="1189983702" lat="35.6938396" lon="139.6990536">
    <tag k="bicycle" v="designated"/>
    <tag k="crossing" v="marked"/>
    <tag k="crossing:island" v="no"/>
    <tag k="crossing:markings" v="yes"/>
    <tag k="highway" v="crossing"/>
    <tag k="source" v="Bing 2010"/>
    <tag k="tactile_paving" v="yes"/>
  </node>
  <node id="1189983741" lat="35.6925814" lon="139.7005581"/>
  <node id="1189983754" lat="35.6934207" lon="139.6995944">
    <tag k="highway" v="crossing"/>
    <tag k="source" v="Bing 2010"/>
  </node>
  <node id="1189983769" lat="35.6927051" lon="139.7004798"/>
  <node id="1189983771" lat="35.6924611" lon="139.7008316">
    <tag k="highway" v="traffic_signals"/>
  </node>
  <node id="1189983795" lat="35.6926405" lon="139.6995888"/>
  <node id="1189983829" lat="35.6937179" lon="139.6993609">
    <tag k="bicycle" v="designated"/>
    <tag k="crossing" v="marked"/>
    <tag k="crossing:markings" v="yes"/>
    <tag k="highway" v="crossing"/>
    <tag k="source" v="Bing 2010"/>
  </node>
  <node id="1192630108" lat="35.6982358" lon="139.7020400"/>
  <node id="1192630109" lat="35.6991005" lon="139.7021495"/>
  <node id="1237503107" lat="35.6841655" lon="139.6938037"/>
  <node id="1237503112" lat="35.6840782" lon="139.6934408"/>
  <node id="1237503148" lat="35.6826489" lon="139.6924974"/>
  <node id="1237503149" lat="35.6819382" lon="139.6925018"/>
  <node id="1237503170" lat="35.6843055" lon="139.6943632"/>
  <node id="1237503174" lat="35.6839547" lon="139.6930129"/>
  <node id="1237503181" lat="35.6830334" lon="139.6940265"/>
  <node id="1237503191" lat="35.6828774" lon="139.6933830"/>
  <node id="1237503200" lat="35.6835145" lon="139.6925161"/>
  <node id="1237984799" lat="35.6835106" lon="139.6982180"/>
  <node id="1237984803" lat="35.6810578" lon="139.6928134">
    <tag k="highway" v="motorway_junction"/>
    <tag k="name" v="新宿出口"/>
    <tag k="name:en" v="Shinjuku"/>
    <tag k="name:ja" v="新宿出口"/>
    <tag k="name:ja_rm" v="Shinjuku"/>
    <tag k="ref" v="405"/>
  </node>
  <node id="1237984807" lat="35.6852121" lon="139.6959160"/>
  <node id="1237984811" lat="35.6835736" lon="139.6906211"/>
  <node id="1237984815" lat="35.6823207" lon="139.6980932"/>
  <node id="1237984819" lat="35.6852172" lon="139.6959483"/>
  <node id="1237984821" lat="35.6834541" lon="139.6909378"/>
  <node id="1237984830" lat="35.6820882" lon="139.6921092"/>
  <node id="1237984831" lat="35.6834356" lon="139.6968834"/>
  <node id="1237984837" lat="35.6848665" lon="139.6954185"/>
  <node id="1237984839" lat="35.6835654" lon="139.6898563"/>
  <node id="1237984845" lat="35.6796651" lon="139.6943982"/>
  <node id="1237984851" lat="35.6829913" lon="139.6913848"/>
  <node id="1237984859" lat="35.6837329" lon="139.6905289"/>
  <node id="1237984861" lat="35.6825967" lon="139.6916551"/>
  <node id="1237984869" lat="35.6835461" lon="139.6960444"/>
  <node id="1237984871" lat="35.6832688" lon="139.6911725"/>
  <node id="1237984873" lat="35.6820572" lon="139.6920289"/>
  <node id="1237984876" lat="35.6800501" lon="139.6961693"/>
  <node id="1237984880" lat="35.6836367" lon="139.6899906"/>
  <node id="1314077089" lat="35.6914685" lon="139.6985261"/>
  <node id="1315058826" lat="35.6889941" lon="139.7022626"/>
  <node id="1315058842" lat="35.6897417" lon="139.7013285"/>
  <node id="1315058846" lat="35.6903806" lon="139.7011632"/>
  <node id="1315058857" lat="35.6908164" lon="139.7014223"/>
  <node id="1318940828" lat="35.6830645" lon="139.7046181"/>
  <node id="1318940830" lat="35.6879131" lon="139.7029381"/>
  <node id="1318940835" lat="35.6902914" lon="139.7045297"/>
  <node id="1318940843" lat="35.6879558" lon="139.7029522"/>
  <node id="1318940844" lat="35.6815980" lon="139.7046145"/>
  <node id="1318940854" lat="35.6822176" lon="139.7046268"/>
  <node id="1318940895" lat="35.6825226" lon="139.7046295"/>
  <node id="1318940913" lat="35.6856018" lon="139.7036330">
    <tag k="highway" v="traffic_signals"/>
    <tag k="traffic_signals" v="signal"/>
  </node>
  <node id="1318940944" lat="35.6848760" lon="139.7038733"/>
  <node id="1318940946" lat="35.6818058" lon="139.7046159"/>
  <node id="1318940960" lat="35.6833776" lon="139.7046161"/>
  <node id="1318940990" lat="35.6836310" lon="139.7045392"/>
  <node id="1318940992" lat="35.6835590" lon="139.7045671"/>
  <node id="1318940997" lat="35.6886417" lon="139.7034233"/>
  <node id="1501318552" lat="35.6890151" lon="139.6999293"/>
  <node id="1501318554" lat="35.6878710" lon="139.7028379"/>
  <node id="1501318558" lat="35.6898835" lon="139.7031964"/>
  <node id="1502259298" lat="35.6862069" lon="139.7021708"/>
  <node id="1502259309" lat="35.6862495" lon="139.7021830"/>
  <node id="1502259338" lat="35.6863654" lon="139.7022583"/>
  <node id="1502259390" lat="35.6870601" lon="139.7027994"/>
  <node id="1502259396" lat="35.6870865" lon="139.6967619"/>
  <node id="1502259407" lat="35.6871360" lon="139.6995202"/>
  <node id="1502259410" lat="35.6870959" lon="139.7028883"/>
  <node id="1502259424" lat="35.6871573" lon="139.6969546"/>
  <node id="1502259453" lat="35.6874715" lon="139.6975949"/>
  <node id="1502259470" lat="35.6876110" lon="139.6988774"/>
  <node id="1502259482" lat="35.6875928" lon="139.6978350"/>
  <node id="1502259503" lat="35.6879040" lon="139.6984631"/>
  <node id="1502259521" lat="35.6881791" lon="139.6991317"/>
  <node id="1502259625" lat="35.6888835" lon="139.6989478">
    <tag k="highway" v="traffic_signals"/>
    <tag k="traffic_signals:direction" v="forward"/>
  </node>
  <node id="1502259734" lat="35.6898020" lon="139.7039234">
    <tag k="highway" v="traffic_signals"/>
    <tag k="traffic_signals" v="signal"/>
    <tag k="traffic_signals:direction" v="forward"/>
  </node>
  <node id="1502259735" lat="35.6897663" lon="139.7036414"/>
  <node id="1502259747" lat="35.6901120" lon="139.6981241"/>
  <node id="1502259749" lat="35.6901977" lon="139.6985809"/>
  <node id="1502259750" lat="35.6902672" lon="139.6984899"/>
  <node id="1502259751" lat="35.6902603" lon="139.7038723"/>
  <node id="1502259752" lat="35.6902879" lon="139.6983656"/>
  <node id="1502259753" lat="35.6903086" lon="139.6986347"/>
  <node id="1502259754" lat="35.6905122" lon="139.7039534"/>
  <node id="1502259755" lat="35.6918072" lon="139.7016778">
    <tag k="crossing" v="uncontrolled"/>
    <tag k="crossing:markings" v="zebra"/>
    <tag k="footway" v="crossing"/>
    <tag k="highway" v="crossing"/>
    <tag k="tactile_paving" v="no"/>
  </node>
  <node id="1503953149" lat="35.6874439" lon="139.7138827"/>
  <node id="1503953150" lat="35.6865372" lon="139.6943193"/>
  <node id="1503953156" lat="35.6874758" lon="139.7139163"/>
  <node id="1504865028" lat="35.6828833" lon="139.6953849"/>
  <node id="1504865037" lat="35.6831003" lon="139.6952975"/>
  <node id="1504865042" lat="35.6831839" lon="139.6963048"/>
  <node id="1504865070" lat="35.6842459" lon="139.6989585"/>
  <node id="1504865083" lat="35.6843360" lon="139.6987495"/>
  <node id="1504865089" lat="35.6845758" lon="139.7039792">
    <tag k="highway" v="traffic_signals"/>
    <tag k="name" v="千駄ヶ谷五丁目"/>
    <tag k="name:en" v="Sendagaya 5"/>
    <tag k="name:ja" v="千駄ヶ谷五丁目"/>
    <tag k="traffic_signals" v="signal"/>
  </node>
  <node id="1504865096" lat="35.6847948" lon="139.7026050"/>
  <node id="1504865097" lat="35.6849811" lon="139.7043359"/>
  <node id="1504865109" lat="35.6850376" lon="139.7038162"/>
  <node id="1504865112" lat="35.6851458" lon="139.7045520"/>
  <node id="1504865150" lat="35.6858527" lon="139.7040575"/>
  <node id="1504865192" lat="35.6861572" lon="139.7034028"/>
  <node id="1504865278" lat="35.6869302" lon="139.7031828"/>
  <node id="1504865298" lat="35.6876051" lon="139.7029816"/>
  <node id="1504865303" lat="35.6881046" lon="139.7030560"/>
  <node id="1504865304" lat="35.6881069" lon="139.7031840"/>
  <node id="1504865344" lat="35.6886732" lon="139.7046669"/>
  <node id="1504865352" lat="35.6887846" lon="139.7046844"/>
  <node id="1504865390" lat="35.6895534" lon="139.7024261"/>
  <node id="1504865393" lat="35.6897183" lon="139.7014991"/>
  <node id="1504865397" lat="35.6897077" lon="139.7026262"/>
  <node id="1504865400" lat="35.6897110" lon="139.7041519">
    <tag k="junction" v="yes"/>
    <tag k="name" v="新宿四丁目"/>
    <tag k="name:en" v="Shinjuku 4"/>
    <tag k="name:ja" v="新宿四丁目"/>
  </node>
  <node id="1504865420" lat="35.6897607" lon="139.7017512"/>
  <node id="1504865431" lat="35.6898637" lon="139.7044786"/>
  <node id="1504865494" lat="35.6904654" lon="139.7046501"/>
  <node id="1518943021" lat="35.6871923" lon="139.6997767">
    <tag k="barrier" v="gate"/>
    <tag k="source" v="survey"/>
  </node>
  <node id="1542765400" lat="35.6857227" lon="139.6929715"/>
  <node id="1542765403" lat="35.6871669" lon="139.6959334"/>
  <node id="1542765405" lat="35.6871707" lon="139.6958958"/>
  <node id="1543871752" lat="35.6892001" lon="139.6953001">
    <tag k="highway" v="traffic_signals"/>
    <tag k="traffic_signals" v="signal"/>
  </node>
  <node id="1543871753" lat="35.6892385" lon="139.6964479">
    <tag k="highway" v="traffic_signals"/>
    <tag k="traffic_signals" v="signal"/>
  </node>
  <node id="1576790958" lat="35.6896332" lon="139.6964167"/>
  <node id="1580294934" lat="35.6870945" lon="139.7030384"/>
  <node id="1582702923" lat="35.6815993" lon="139.7047089"/>
  <node id="1582702924" lat="35.6816062" lon="139.7047445"/>
  <node id="1582702926" lat="35.6816218" lon="139.7047801"/>
  <node id="1582702927" lat="35.6816560" lon="139.7006691"/>
  <node id="1582702928" lat="35.6816798" lon="139.7048578"/>
  <node id="1582702930" lat="35.6817684" lon="139.7005291"/>
  <node id="1582702932" lat="35.6818378" lon="139.7004644"/>
  <node id="1582702934" lat="35.6820422" lon="139.7052324"/>
  <node id="1582702939" lat="35.6823444" lon="139.7046300">
    <tag k="highway" v="traffic_signals"/>
    <tag k="name" v="鳩森小学校西"/>
    <tag k="name:en" v="Hatomori Elem. Sch. W."/>
    <tag k="name:ja" v="鳩森小学校西"/>
    <tag k="name:ja-Hira" v="はともりしょうがっこうにし"/>
  </node>
  <node id="1582702940" lat="35.6824206" lon="139.7045337">
    <tag k="highway" v="traffic_signals"/>
    <tag k="name" v="鳩森小学校西"/>
    <tag k="name:en" v="Hatomori Elem. Sch. W."/>
    <tag k="name:ja" v="鳩森小学校西"/>
    <tag k="name:ja-Hira" v="はともりしょうがっこうにし"/>
  </node>
  <node id="1582702941" lat="35.6824543" lon="139.6994377"/>
  <node id="1582702942" lat="35.6824673" lon="139.6997318"/>
  <node id="1582702947" lat="35.6827581" lon="139.6992986"/>
  <node id="1582702948" lat="35.6827932" lon="139.6995672"/>
  <node id="1582702951" lat="35.6830783" lon="139.7036786"/>
  <node id="1582702952" lat="35.6832335" lon="139.7029332"/>
  <node id="1582702953" lat="35.6832538" lon="139.7004056"/>
  <node id="1582702954" lat="35.6832758" lon="139.7010643"/>
  <node id="1582702955" lat="35.6833693" lon="139.7011506"/>
  <node id="1582702956" lat="35.6833797" lon="139.7002666"/>
  <node id="1582702958" lat="35.6834222" lon="139.7016240"/>
  <node id="1582702959" lat="35.6834618" lon="139.7014746"/>
  <node id="1582702960" lat="35.6835704" lon="139.6988221"/>
  <node id="1582702962" lat="35.6836736" lon="139.6995128"/>
  <node id="1582702963" lat="35.6837036" lon="139.6987248"/>
  <node id="1582702964" lat="35.6837473" lon="139.7028854"/>
  <node id="1582702965" lat="35.6838468" lon="139.6989371"/>
  <node id="1582702966" lat="35.6838809" lon="139.7044981"/>
  <node id="1582702967" lat="35.6839215" lon="139.6992274"/>
  <node id="1582702969" lat="35.6841431" lon="139.7014521"/>
  <node id="1582702974" lat="35.6844615" lon="139.6967042"/>
  <node id="1582702975" lat="35.6844932" lon="139.6986993"/>
  <node id="1582702976" lat="35.6846630" lon="139.6976327"/>
  <node id="1582702977" lat="35.6846837" lon="139.6976063"/>
  <node id="1582702978" lat="35.6846890" lon="139.6994570"/>
  <node id="1582702979" lat="35.6847090" lon="139.6985060"/>
  <node id="1582702980" lat="35.6847417" lon="139.6985807"/>
  <node id="1582702981" lat="35.6850322" lon="139.6976389"/>
  <node id="1582702982" lat="35.6851415" lon="139.6973247"/>
  <node id="1582702983" lat="35.6852607" lon="139.6968375"/>
  <node id="1582702984" lat="35.6852844" lon="139.6965254"/>
  <node id="1582702985" lat="35.6853107" lon="139.6994021"/>
  <node id="1582702987" lat="35.6854057" lon="139.6992939"/>
  <node id="1582702988" lat="35.6855255" lon="139.6991793"/>
  <node id="1582702989" lat="35.6860886" lon="139.6986520"/>
  <node id="1582702990" lat="35.6862199" lon="139.6983956"/>
  <node id="1582702991" lat="35.6863424" lon="139.6999782"/>
  <node id="1582702992" lat="35.6864225" lon="139.6979495"/>
  <node id="1582702995" lat="35.6866734" lon="139.6967010"/>
  <node id="1582702997" lat="35.6868439" lon="139.6969773"/>
  <node id="1582702998" lat="35.6868983" lon="139.6968941"/>
  <node id="1582702999" lat="35.6869432" lon="139.6968382"/>
  <node id="1582703000" lat="35.6871477" lon="139.6967264"/>
  <node id="1582703001" lat="35.6873534" lon="139.6963037"/>
  <node id="1582703004" lat="35.6897353" lon="139.7034220"/>
  <node id="1582703008" lat="35.6902562" lon="139.7032255"/>
  <node id="1582703015" lat="35.6905188" lon="139.7032554"/>
  <node id="1582703017" lat="35.6914739" lon="139.6964028"/>
  <node id="1582703020" lat="35.6921311" lon="139.6916686">
    <tag k="highway" v="traffic_signals"/>
    <tag k="name" v="都庁北"/>
    <tag k="name:en" v="Met. Government N"/>
    <tag k="name:ko" v="도청 북쪽"/>
    <tag k="name:zh" v="都厅北"/>
  </node>
  <node id="1582703025" lat="35.6925494" lon="139.6944960">
    <tag k="highway" v="traffic_signals"/>
    <tag k="name" v="新宿警察署裏"/>
  </node>
  <node id="1582703026" lat="35.6925626" lon="139.6943668">
    <tag k="highway" v="traffic_signals"/>
    <tag k="name" v="新宿警察署裏"/>
  </node>
  <node id="1582703027" lat="35.6925615" lon="139.7008535">
    <tag k="crossing" v="uncontrolled"/>
    <tag k="crossing:markings" v="zebra"/>
    <tag k="highway" v="crossing"/>
    <tag k="tactile_paving" v="no"/>
  </node>
  <node id="1582703028" lat="35.6926771" lon="139.6997831"/>
  <node id="1582703036" lat="35.6933262" lon="139.7022464">
    <tag k="highway" v="traffic_signals"/>
    <tag k="traffic_signals" v="signal"/>
    <tag k="traffic_signals:direction" v="both"/>
  </node>
  <node id="1582703040" lat="35.6935448" lon="139.6977801"/>
  <node id="1582703041" lat="35.6935172" lon="139.6981272"/>
  <node id="1582703042" lat="35.6935177" lon="139.7013791">
    <tag k="highway" v="traffic_signals"/>
    <tag k="junction" v="yes"/>
    <tag k="name" v="歌舞伎町"/>
    <tag k="name:en" v="Kabukicho"/>
    <tag k="name:ja" v="歌舞伎町"/>
    <tag k="name:ko" v="가부키쵸"/>
    <tag k="name:zh" v="歌舞伎町"/>
    <tag k="traffic_signals" v="signal"/>
  </node>
  <node id="1582703044" lat="35.6935353" lon="139.6985048"/>
  <node id="1582703045" lat="35.6935730" lon="139.6991302">
    <tag k="junction" v="yes"/>
    <tag k="name" v="新宿大ガード西"/>
    <tag k="name:en" v="Shinjuku O Gard West"/>
    <tag k="name:ko" v="신쥬쿠 오가드 니시"/>
    <tag k="name:zh" v="新宿大GARD 西"/>
  </node>
  <node id="1582703047" lat="35.6936192" lon="139.7006689"/>
  <node id="1582703048" lat="35.6936092" lon="139.7009037">
    <tag k="button_operated" v="no"/>
    <tag k="crossing" v="traffic_signals"/>
    <tag k="crossing:markings" v="zebra"/>
    <tag k="highway" v="crossing"/>
    <tag k="tactile_paving" v="no"/>
    <tag k="traffic_signals:sound" v="yes"/>
    <tag k="traffic_signals:vibration" v="no"/>
  </node>
  <node id="1582703049" lat="35.6936239" lon="139.7007133"/>
  <node id="1582703051" lat="35.6936343" lon="139.6980881"/>
  <node id="1582703052" lat="35.6937951" lon="139.6984898"/>
  <node id="1582762160" lat="35.6922896" lon="139.6993252"/>
  <node id="1582762168" lat="35.6929216" lon="139.6977756">
    <tag k="direction" v="forward"/>
    <tag k="highway" v="stop"/>
  </node>
  <node id="1582762177" lat="35.6935348" lon="139.7048766"/>
  <node id="1582762182" lat="35.6935537" lon="139.7004054">
    <tag k="junction" v="yes"/>
    <tag k="name" v="新宿大ガード東"/>
    <tag k="name:en" v="Shinjuku O Gard East"/>
    <tag k="name:ko" v="신쥬쿠 오가드 히가시"/>
    <tag k="name:zh" v="新宿大GARD 东"/>
  </node>
  <node id="1582762186" lat="35.6937423" lon="139.7042199"/>
  <node id="1582762188" lat="35.6937972" lon="139.7042188"/>
  <node id="1582762193" lat="35.6941354" lon="139.7006768"/>
  <node id="1582762199" lat="35.6945145" lon="139.7031901"/>
  <node id="1582762204" lat="35.6947373" lon="139.7022686"/>
  <node id="1582762206" lat="35.6949262" lon="139.7014116"/>
  <node id="1582762208" lat="35.6949709" lon="139.7014565"/>
  <node id="1582762219" lat="35.6957849" lon="139.7045250"/>
  <node id="1582762220" lat="35.6969393" lon="139.7048590">
    <tag k="crossing" v="traffic_signals"/>
    <tag k="highway" v="crossing"/>
    <tag k="source" v="Bing 2010"/>
    <tag k="tactile_paving" v="yes"/>
  </node>
  <node id="1582773145" lat="35.6918382" lon="139.6965312">
    <tag k="crossing" v="traffic_signals"/>
    <tag k="highway" v="crossing"/>
  </node>
  <node id="1604625942" lat="35.6951400" lon="139.7004099"/>
  <node id="1604625946" lat="35.6950522" lon="139.7007772"/>
  <node id="1604625948" lat="35.6954027" lon="139.7008956"/>
  <node id="1604625950" lat="35.6951602" lon="139.7002421"/>
  <node id="1604625951" lat="35.6949692" lon="139.7011244"/>
  <node id="1625445407" lat="35.6873314" lon="139.7148405"/>
  <node id="1625445408" lat="35.6885822" lon="139.7142589"/>
  <node id="1625445409" lat="35.6898384" lon="139.7042333">
    <tag k="junction" v="yes"/>
    <tag k="name" v="新宿四丁目"/>
    <tag k="name:en" v="Shinjuku 4"/>
    <tag k="name:ja" v="新宿四丁目"/>
  </node>
  <node id="1625445413" lat="35.6906307" lon="139.7083377">
    <tag k="highway" v="traffic_signals"/>
    <tag k="name" v="仲通り"/>
    <tag k="name:ja" v="仲通り"/>
  </node>
  <node id="1625445415" lat="35.6908052" lon="139.7077186"/>
  <node id="1625445416" lat="35.6908512" lon="139.7049077">
    <tag k="highway" v="traffic_signals"/>
    <tag k="name" v="新宿三丁目"/>
    <tag k="name:en" v="Shinjuku 3-chome"/>
    <tag k="name:ja" v="新宿三丁目"/>
  </node>
  <node id="1625445458" lat="35.6914557" lon="139.7080392"/>
  <node id="1625445464" lat="35.6921902" lon="139.7064965"/>
  <node id="1626142055" lat="35.6850897" lon="139.6920999">
    <tag k="junction" v="yes"/>
    <tag k="name" v="西新宿3丁目"/>
    <tag k="name:en" v="Nishishinjuku 3-chome"/>
    <tag k="source" v="image,2013-03;Bing"/>
  </node>
  <node id="1626142076" lat="35.6889223" lon="139.7091895"/>
  <node id="1626142085" lat="35.6893616" lon="139.7065185">
    <tag k="junction" v="yes"/>
  </node>
  <node id="1626142093" lat="35.6895879" lon="139.7066757"/>
  <node id="1626142101" lat="35.6899682" lon="139.7068502">
    <tag k="junction" v="yes"/>
    <tag k="name" v="新宿二丁目"/>
    <tag k="name:en" v="Shinjuku 2-chome"/>
    <tag k="name:ja" v="新宿二丁目"/>
    <tag k="name:ja-Hira" v="しんじゅく2ちょうめ"/>
    <tag k="name:ja-Latn" v="Shinjuku 2-chome"/>
  </node>
  <node id="1626142102" lat="35.6903326" lon="139.7069686"/>
  <node id="1626142103" lat="35.6906121" lon="139.7070452"/>
  <node id="1626142105" lat="35.6909326" lon="139.7071033">
    <tag k="highway" v="traffic_signals"/>
    <tag k="name" v="新宿柳通り"/>
  </node>
  <node id="1626142106" lat="35.6912830" lon="139.7071350"/>
  <node id="1626142108" lat="35.6916656" lon="139.7071342"/>
  <node id="1626142115" lat="35.6935872" lon="139.7067698">
    <tag k="highway" v="traffic_signals"/>
    <tag k="name" v="新宿五丁目北"/>
    <tag k="name:en" v="Shinjuku 5 -N."/>
    <tag k="name:ja" v="新宿五丁目北"/>
  </node>
  <node id="1626860583" lat="35.6970679" lon="139.6905356">
    <tag k="crossing" v="traffic_signals"/>
    <tag k="highway" v="crossing"/>
  </node>
  <node id="1626860584" lat="35.6979540" lon="139.6907316"/>
  <node id="1626860585" lat="35.6986962" lon="139.6911516"/>
  <node id="1664033567" lat="35.6885659" lon="139.7108149"/>
  <node id="1664033573" lat="35.6892337" lon="139.7084474"/>
  <node id="1664033575" lat="35.6894471" lon="139.7145113"/>
  <node id="1664033576" lat="35.6895663" lon="139.7146377">
    <tag k="junction" v="yes"/>
    <tag k="name" v="花園小学校東"/>
    <tag k="name:en" v="Hanazono Shogakko Higashi"/>
    <tag k="source" v="bing"/>
    <tag k="traffic_signals" v="crossing"/>
  </node>
  <node id="1664033582" lat="35.6896139" lon="139.7087169"/>
  <node id="1664033586" lat="35.6903275" lon="139.7097420"/>
  <node id="1664033590" lat="35.6904941" lon="139.7116616"/>
  <node id="1664033592" lat="35.6906534" lon="139.7148574">
    <tag k="highway" v="crossing"/>
    <tag k="source" v="bing"/>
  </node>
  <node id="1664033601" lat="35.6907873" lon="139.7077828"/>
  <node id="1664033605" lat="35.6909147" lon="139.7088253"/>
  <node id="1664033629" lat="35.6911627" lon="139.7133952"/>
  <node id="1664033636" lat="35.6912410" lon="139.7138251"/>
  <node id="1664033639" lat="35.6912525" lon="139.7169466"/>
  <node id="1664033641" lat="35.6912647" lon="139.7166814">
    <tag k="junction" v="yes"/>
    <tag k="name" v="富久町"/>
    <tag k="name:en" v="Tomihisacho"/>
    <tag k="name:ja" v="富久町"/>
  </node>
  <node id="1664033643" lat="35.6912566" lon="139.7132646"/>
  <node id="1664033648" lat="35.6912764" lon="139.7171770"/>
  <node id="1664033652" lat="35.6912824" lon="139.7141635"/>
  <node id="1664033660" lat="35.6913476" lon="139.7158615"/>
  <node id="1664033663" lat="35.6913472" lon="139.7125195">
    <tag k="junction" v="yes"/>
    <tag k="name" v="四谷電話局前"/>
    <tag k="name:en" v="Yotsuya Telephone Office"/>
    <tag k="name:ja" v="四谷電話局前"/>
    <tag k="source" v="bing"/>
  </node>
  <node id="1664033666" lat="35.6913587" lon="139.7145986">
    <tag k="junction" v="yes"/>
    <tag k="name" v="富久町西"/>
    <tag k="name:en" v="Tomihisacho -W."/>
    <tag k="name:ja" v="富久町西"/>
    <tag k="source" v="bing"/>
  </node>
  <node id="1664033671" lat="35.6913684" lon="139.7175936"/>
  <node id="1664033681" lat="35.6913830" lon="139.7114191"/>
  <node id="1664033683" lat="35.6913807" lon="139.7156219"/>
  <node id="1664033686" lat="35.6913740" lon="139.7166003"/>
  <node id="1664033695" lat="35.6914127" lon="139.7119837"/>
  <node id="1664033700" lat="35.6914178" lon="139.7158658"/>
  <node id="1664033703" lat="35.6914389" lon="139.7117678"/>
  <node id="1664033708" lat="35.6914669" lon="139.7153035"/>
  <node id="1664033715" lat="35.6914784" lon="139.7114422"/>
  <node id="1664033725" lat="35.6915323" lon="139.7089240">
    <tag k="highway" v="traffic_signals"/>
    <tag k="traffic_signals:direction" v="forward"/>
  </node>
  <node id="1664033728" lat="35.6915683" lon="139.7107092"/>
  <node id="1664033731" lat="35.6915897" lon="139.7089378">
    <tag k="button_operated" v="no"/>
    <tag k="crossing:signals" v="yes"/>
    <tag k="highway" v="crossing"/>
    <tag k="source" v="Bing 2010"/>
    <tag k="tactile_paving" v="yes"/>
    <tag k="traffic_signals:sound" v="no"/>
    <tag k="traffic_signals:vibration" v="no"/>
  </node>
  <node id="1664033733" lat="35.6916165" lon="139.7189230"/>
  <node id="1664033735" lat="35.6916251" lon="139.7101862">
    <tag k="junction" v="yes"/>
    <tag k="name" v="新宿一丁目北"/>
    <tag k="name:en" v="Shinjuku 1 -N."/>
    <tag k="name:ja" v="新宿一丁目北"/>
  </node>
  <node id="1664033740" lat="35.6916643" lon="139.7098090"/>
  <node id="1664033742" lat="35.6916807" lon="139.7191730"/>
  <node id="1664033746" lat="35.6917202" lon="139.7093836"/>
  <node id="1664033747" lat="35.6917557" lon="139.7151069"/>
  <node id="1664033752" lat="35.6917718" lon="139.7089434">
    <tag k="junction" v="yes"/>
    <tag k="name" v="新宿二丁目北"/>
    <tag k="name:en" v="Shinjuku 2 -N."/>
    <tag k="name:ja" v="新宿二丁目北"/>
  </node>
  <node id="1664033757" lat="35.6918164" lon="139.7085617"/>
  <node id="1664033768" lat="35.6918608" lon="139.7081823"/>
  <node id="1664033781" lat="35.6919229" lon="139.7079330"/>
  <node id="1664033806" lat="35.6924321" lon="139.7093410"/>
  <node id="1664033820" lat="35.6924547" lon="139.7097477"/>
  <node id="1664033823" lat="35.6924646" lon="139.7102247"/>
  <node id="1664033827" lat="35.6924632" lon="139.7212543"/>
  <node id="1664033836" lat="35.6926640" lon="139.7102266"/>
  <node id="1664033844" lat="35.6931200" lon="139.7101804"/>
  <node id="1664033850" lat="35.6934467" lon="139.7101264"/>
  <node id="1664033852" lat="35.6934712" lon="139.7048503"/>
  <node id="1664033858" lat="35.6935856" lon="139.7047160"/>
  <node id="1664033860" lat="35.6936246" lon="139.7045923"/>
  <node id="1664033862" lat="35.6936525" lon="139.7143287"/>
  <node id="1664033864" lat="35.6936644" lon="139.7044665"/>
  <node id="1664033866" lat="35.6937032" lon="139.7043437"/>
  <node id="1664033903" lat="35.6945940" lon="139.7090259"/>
  <node id="1664033904" lat="35.6947714" lon="139.7092723"/>
  <node id="1664033913" lat="35.6948628" lon="139.7035706"/>
  <node id="1664033933" lat="35.6949685" lon="139.7036230"/>
  <node id="1664033935" lat="35.6950112" lon="139.7040583"/>
  <node id="1665929601" lat="35.6876119" lon="139.7121881"/>
  <node id="1665929602" lat="35.6879074" lon="139.7122838"/>
  <node id="1665929603" lat="35.6882131" lon="139.7094332"/>
  <node id="1665929604" lat="35.6882330" lon="139.7123876"/>
  <node id="1665929631" lat="35.6905531" lon="139.7140535"/>
  <node id="1665929674" lat="35.6916097" lon="139.7185502"/>
  <node id="1665929680" lat="35.6917226" lon="139.7189973"/>
  <node id="1665929713" lat="35.6927469" lon="139.7208236"/>
  <node id="1665929744" lat="35.6935467" lon="139.7135492"/>
  <node id="1665929750" lat="35.6935668" lon="139.7065684"/>
  <node id="1665929756" lat="35.6936931" lon="139.7143225"/>
  <node id="1665929761" lat="35.6937650" lon="139.7136036"/>
  <node id="1665929764" lat="35.6938986" lon="139.7142754"/>
  <node id="1665929768" lat="35.6939977" lon="139.7136507"/>
  <node id="1665929773" lat="35.6941092" lon="139.7142468"/>
  <node id="1665929774" lat="35.6941329" lon="139.7153406"/>
  <node id="1665929794" lat="35.6944767" lon="139.7149878"/>
  <node id="1665929808" lat="35.6946810" lon="139.7176369"/>
  <node id="1665929811" lat="35.6947597" lon="139.7148199"/>
  <node id="1665929814" lat="35.6948310" lon="139.7058308"/>
  <node id="1665929815" lat="35.6948417" lon="139.7057552"/>
  <node id="1665929824" lat="35.6948809" lon="139.7174957"/>
  <node id="1665929829" lat="35.6949432" lon="139.7054660"/>
  <node id="1665929835" lat="35.6949861" lon="139.7084240"/>
  <node id="1665929838" lat="35.6950353" lon="139.7142632"/>
  <node id="1665929844" lat="35.6950550" lon="139.7152440"/>
  <node id="1665929846" lat="35.6951052" lon="139.7083534"/>
  <node id="1665929847" lat="35.6951012" lon="139.7141341"/>
  <node id="1665929849" lat="35.6951547" lon="139.7151430"/>
  <node id="1665929882" lat="35.6958307" lon="139.7128251"/>
  <node id="1665929894" lat="35.6960689" lon="139.7105238"/>
  <node id="1665929898" lat="35.6964637" lon="139.7130273"/>
  <node id="1665929924" lat="35.6971907" lon="139.7132376"/>
  <node id="1665929931" lat="35.6974377" lon="139.7131768"/>
  <node id="1665929943" lat="35.6979185" lon="139.7149708"/>
  <node id="1665978170" lat="35.6951578" lon="139.7103112"/>
  <node id="1665978171" lat="35.6960945" lon="139.7099858"/>
  <node id="1665978172" lat="35.6961848" lon="139.7100867"/>
  <node id="1665978174" lat="35.6971650" lon="139.7109770"/>
  <node id="1665978177" lat="35.6973401" lon="139.7113289"/>
  <node id="1665978179" lat="35.6975735" lon="139.7120023"/>
  <node id="1665978181" lat="35.6977951" lon="139.7116926"/>
  <node id="1665978183" lat="35.6978317" lon="139.7101987">
    <tag k="highway" v="crossing"/>
    <tag k="source" v="bing"/>
  </node>
  <node id="1665978184" lat="35.6978970" lon="139.7123583"/>
  <node id="1665978185" lat="35.6979878" lon="139.7116013"/>
  <node id="1665978188" lat="35.6981975" lon="139.7100952"/>
  <node id="1665978191" lat="35.6982413" lon="139.7112435"/>
  <node id="1665978192" lat="35.6982760" lon="139.7103365"/>
  <node id="1665978193" lat="35.6982672" lon="139.7096473"/>
  <node id="1666084347" lat="35.6941672" lon="139.6988191"/>
  <node id="1666084355" lat="35.6951843" lon="139.6990837"/>
  <node id="1666084359" lat="35.6954386" lon="139.6968598"/>
  <node id="1666084366" lat="35.6958665" lon="139.7059305"/>
  <node id="1666084367" lat="35.6958693" lon="139.6981444"/>
  <node id="1666084369" lat="35.6963275" lon="139.6979959"/>
  <node id="1666084371" lat="35.6964688" lon="139.6991753"/>
  <node id="1666084379" lat="35.6969348" lon="139.6990822"/>
  <node id="1666084381" lat="35.6971269" lon="139.7066773"/>
  <node id="1666084382" lat="35.6972314" lon="139.6965029"/>
  <node id="1666084384" lat="35.6972810" lon="139.6938729"/>
  <node id="1666084396" lat="35.6974134" lon="139.6940739"/>
  <node id="1666084398" lat="35.6974361" lon="139.6989395"/>
  <node id="1666084399" lat="35.6974815" lon="139.6944422"/>
  <node id="1666084401" lat="35.6975746" lon="139.6949872"/>
  <node id="1666084403" lat="35.6976707" lon="139.7094343"/>
  <node id="1666084404" lat="35.6977116" lon="139.7129181">
    <tag k="crossing" v="traffic_signals"/>
    <tag k="crossing_ref" v="zebra"/>
    <tag k="highway" v="crossing"/>
    <tag k="source" v="Bing 2010"/>
  </node>
  <node id="1666084423" lat="35.6977418" lon="139.7104058"/>
  <node id="1666084424" lat="35.6977530" lon="139.7101649">
    <tag k="highway" v="traffic_signals"/>
  </node>
  <node id="1666084426" lat="35.6977635" lon="139.7094961"/>
  <node id="1666084427" lat="35.6977753" lon="139.7091010"/>
  <node id="1666084428" lat="35.6977772" lon="139.7124772"/>
  <node id="1666084429" lat="35.6977886" lon="139.7126577"/>
  <node id="1666084430" lat="35.6977984" lon="139.7129145">
    <tag k="crossing" v="traffic_signals"/>
    <tag k="crossing_ref" v="zebra"/>
    <tag k="highway" v="crossing"/>
    <tag k="source" v="Bing 2010"/>
  </node>
  <node id="1666084431" lat="35.6977944" lon="139.7089081"/>
  <node id="1666084432" lat="35.6977974" lon="139.6963096"/>
  <node id="1666084433" lat="35.6978625" lon="139.7084237"/>
  <node id="1666084445" lat="35.6978710" lon="139.6967280"/>
  <node id="1666084447" lat="35.6979507" lon="139.6984756"/>
  <node id="1666084450" lat="35.6979577" lon="139.6987624"/>
  <node id="1666084451" lat="35.6979611" lon="139.6977431"/>
  <node id="1666084452" lat="35.6979773" lon="139.7002674"/>
  <node id="1666084455" lat="35.6980632" lon="139.7068899"/>
  <node id="1666084456" lat="35.6980733" lon="139.6978630"/>
  <node id="1666084458" lat="35.6981471" lon="139.6982386"/>
  <node id="1666084472" lat="35.6981407" lon="139.7012744"/>
  <node id="1666084473" lat="35.6981440" lon="139.6986878"/>
  <node id="1666084475" lat="35.6981519" lon="139.6990354"/>
  <node id="1666084477" lat="35.6981596" lon="139.6993300"/>
  <node id="1666084479" lat="35.6981657" lon="139.6995561"/>
  <node id="1666084480" lat="35.6981669" lon="139.6996822"/>
  <node id="1666084493" lat="35.6981751" lon="139.6979529"/>
  <node id="1666084494" lat="35.6981749" lon="139.7002274">
    <tag k="highway" v="traffic_signals"/>
    <tag k="note" v="黄色点滅で進行"/>
    <tag k="traffic_signals" v="signal"/>
    <tag k="traffic_signals:direction" v="forward"/>
  </node>
  <node id="1666084495" lat="35.6981996" lon="139.7026554">
    <tag k="highway" v="traffic_signals"/>
  </node>
  <node id="1666084496" lat="35.6982571" lon="139.7033006"/>
  <node id="1666084497" lat="35.6982641" lon="139.7043427"/>
  <node id="1666084498" lat="35.6982794" lon="139.7035465"/>
  <node id="1666084499" lat="35.6982890" lon="139.7051156">
    <tag k="highway" v="traffic_signals"/>
    <tag k="name" v="鬼王神社前"/>
  </node>
  <node id="1666084500" lat="35.6983026" lon="139.7038280"/>
  <node id="1666084502" lat="35.6983262" lon="139.7040833">
    <tag k="highway" v="traffic_signals"/>
  </node>
  <node id="1666084504" lat="35.6983263" lon="139.7047137"/>
  <node id="1666084515" lat="35.6983352" lon="139.7043639"/>
  <node id="1666084516" lat="35.6984278" lon="139.6985474"/>
  <node id="1666084517" lat="35.6986402" lon="139.6980335"/>
  <node id="1666084518" lat="35.6986321" lon="139.7020954"/>
  <node id="1666084519" lat="35.6986427" lon="139.6955847"/>
  <node id="1666084522" lat="35.6987828" lon="139.6983432"/>
  <node id="1666084526" lat="35.6990475" lon="139.6980488"/>
  <node id="1666084530" lat="35.6991536" lon="139.6981960"/>
  <node id="1666084540" lat="35.6992734" lon="139.6976670"/>
  <node id="1666084541" lat="35.7003800" lon="139.7005722"/>
  <node id="1666084545" lat="35.7003458" lon="139.6973996"/>
  <node id="1666084547" lat="35.6979824" lon="139.7075750">
    <tag k="junction" v="yes"/>
    <tag k="name" v="新宿七丁目"/>
    <tag k="name:en" v="Shinjuku 7"/>
    <tag k="name:ja" v="新宿七丁目"/>
    <tag k="name:ja-Hira" v="しんじゅくななちょうめ"/>
    <tag k="name:ja_rm" v="Shinjuku nanachōme"/>
  </node>
  <node id="1667171631" lat="35.6976537" lon="139.7115015"/>
  <node id="1667171635" lat="35.6977710" lon="139.7123689"/>
  <node id="1674562720" lat="35.6939803" lon="139.7050603"/>
  <node id="1674563141" lat="35.6952571" lon="139.7067727"/>
  <node id="1674563162" lat="35.6953692" lon="139.7065719"/>
  <node id="1676355647" lat="35.6909626" lon="139.7016575"/>
  <node id="1676355660" lat="35.6911849" lon="139.7013813">
    <tag k="crossing" v="marked"/>
    <tag k="crossing:markings" v="zebra"/>
    <tag k="highway" v="crossing"/>
    <tag k="tactile_paving" v="no"/>
  </node>
  <node id="1676355663" lat="35.6912061" lon="139.7016361">
    <tag k="crossing" v="marked"/>
    <tag k="crossing:markings" v="zebra"/>
    <tag k="highway" v="crossing"/>
    <tag k="tactile_paving" v="no"/>
  </node>
  <node id="1676355716" lat="35.6913437" lon="139.7017052">
    <tag k="crossing" v="uncontrolled"/>
    <tag k="crossing:markings" v="zebra"/>
    <tag k="highway" v="crossing"/>
    <tag k="tactile_paving" v="no"/>
  </node>
  <node id="1676356348" lat="35.6978920" lon="139.7003847">
    <tag k="highway" v="crossing"/>
    <tag k="source" v="survey"/>
  </node>
  <node id="1676478643" lat="35.6889509" lon="139.7001174"/>
  <node id="1676478645" lat="35.6890526" lon="139.7000896"/>
  <node id="1676478653" lat="35.6894681" lon="139.7024700"/>
  <node id="1676478748" lat="35.6899311" lon="139.7031892"/>
  <node id="1676478776" lat="35.6900526" lon="139.7031945"/>
  <node id="1676478787" lat="35.6900786" lon="139.7031843"/>
  <node id="1676478865" lat="35.6903528" lon="139.7032378"/>
  <node id="1676478874" lat="35.6903981" lon="139.7032497"/>
  <node id="1676478885" lat="35.6904523" lon="139.7032418"/>
  <node id="1676478917" lat="35.6906970" lon="139.7013949"/>
  <node id="1676478931" lat="35.6908169" lon="139.7016636"/>
  <node id="1676478938" lat="35.6908384" lon="139.7016724"/>
  <node id="1676478996" lat="35.6921725" lon="139.7033571"/>
  <node id="1676478997" lat="35.6921943" lon="139.7033550"/>
  <node id="1676478999" lat="35.6922208" lon="139.7033631"/>
  <node id="1676479011" lat="35.6925339" lon="139.7051598">
    <tag k="source" v="Bing 2010"/>
  </node>
  <node id="1676479016" lat="35.6924724" lon="139.7007190"/>
  <node id="1676479020" lat="35.6925443" lon="139.7005962"/>
  <node id="1676479023" lat="35.6925623" lon="139.7006858"/>
  <node id="1676479025" lat="35.6926120" lon="139.7006293"/>
  <node id="1676479032" lat="35.6926447" lon="139.7006001"/>
  <node id="1676479036" lat="35.6926806" lon="139.7005771"/>
  <node id="1676479040" lat="35.6927581" lon="139.7005393"/>
  <node id="1676479043" lat="35.6928977" lon="139.7004776"/>
  <node id="1676479048" lat="35.6929559" lon="139.7004602"/>
  <node id="1676479060" lat="35.6931856" lon="139.7004018"/>
  <node id="1676479062" lat="35.6932046" lon="139.6970566">
    <tag k="junction" v="yes"/>
    <tag k="name" v="新都心歩道橋下"/>
    <tag k="name:en" v="Shintoshin Footbridge"/>
    <tag k="name:ja" v="新都心歩道橋下"/>
    <tag k="ref" v="436-25"/>
  </node>
  <node id="1676479073" lat="35.6934002" lon="139.7001634"/>
  <node id="1676479099" lat="35.6936021" lon="139.7003020"/>
  <node id="1676479100" lat="35.6936004" lon="139.7005871">
    <tag k="direction" v="forward"/>
    <tag k="road_marking" v="solid_stop_line"/>
  </node>
  <node id="1676479103" lat="35.6936048" lon="139.7002505">
    <tag k="direction" v="forward"/>
    <tag k="road_marking" v="solid_stop_line"/>
  </node>
  <node id="1676479109" lat="35.6936236" lon="139.7007985"/>
  <node id="1676479117" lat="35.6938029" lon="139.7006678"/>
  <node id="1676479121" lat="35.6958745" lon="139.7070271"/>
  <node id="1676479125" lat="35.6959862" lon="139.7058204"/>
  <node id="1676479126" lat="35.6961120" lon="139.7057535"/>
  <node id="1676479128" lat="35.6973888" lon="139.7055301">
    <tag k="direction" v="forward"/>
    <tag k="highway" v="stop"/>
  </node>
  <node id="1676479130" lat="35.6974519" lon="139.7054185"/>
  <node id="1676479132" lat="35.6974867" lon="139.7055888"/>
  <node id="1676479134" lat="35.6975368" lon="139.7054643"/>
  <node id="1676538644" lat="35.6983945" lon="139.6973863"/>
  <node id="1676538645" lat="35.6989329" lon="139.6970498"/>
  <node id="1676538648" lat="35.6997381" lon="139.6977711"/>
  <node id="1676538664" lat="35.7010863" lon="139.6969994"/>
  <node id="1676749746" lat="35.6830223" lon="139.7027099">
    <tag k="crossing:barrier" v="double_half"/>
    <tag k="crossing:bell" v="yes"/>
    <tag k="crossing:light" v="yes"/>
    <tag k="description" v="山手貨物線北行"/>
    <tag k="distance" v="9.883"/>
    <tag k="maxheight" v="4.5"/>
    <tag k="name" v="厩道踏切"/>
    <tag k="note" v="山手貨物線"/>
    <tag k="railway" v="level_crossing"/>
    <tag k="source" v="survey"/>
    <tag k="width" v="8.3"/>
  </node>
  <node id="1676749748" lat="35.6830266" lon="139.7027299">
    <tag k="crossing:barrier" v="double_half"/>
    <tag k="crossing:bell" v="yes"/>
    <tag k="crossing:light" v="yes"/>
    <tag k="distance" v="9.883"/>
    <tag k="maxheight" v="4.5"/>
    <tag k="name" v="厩道踏切"/>
    <tag k="note" v="山手貨物線"/>
    <tag k="railway" v="level_crossing"/>
    <tag k="source" v="survey"/>
    <tag k="width" v="8.3"/>
  </node>
  <node id="1676749749" lat="35.6830473" lon="139.7028273"/>
  <node id="1676749750" lat="35.6830820" lon="139.7029016"/>
  <node id="1676749751" lat="35.6831593" lon="139.7029365"/>
  <node id="1676749754" lat="35.6834284" lon="139.7028803"/>
  <node id="1676749755" lat="35.6835386" lon="139.7028783"/>
  <node id="1676750137" lat="35.6979707" lon="139.6993550"/>
  <node id="1676869180" lat="35.6907265" lon="139.7040524"/>
  <node id="1678008832" lat="35.6886300" lon="139.6964984"/>
  <node id="1678008833" lat="35.6884836" lon="139.6955230"/>
  <node id="1678344884" lat="35.6937512" lon="139.7009321">
    <tag k="button_operated" v="no"/>
    <tag k="crossing" v="traffic_signals"/>
    <tag k="crossing:markings" v="zebra"/>
    <tag k="highway" v="crossing"/>
    <tag k="tactile_paving" v="no"/>
    <tag k="traffic_signals:sound" v="yes"/>
    <tag k="traffic_signals:vibration" v="no"/>
  </node>
  <node id="1681472657" lat="35.6871056" lon="139.7136926"/>
  <node id="1681472672" lat="35.6871113" lon="139.7125516"/>
  <node id="1681472681" lat="35.6872067" lon="139.7135889"/>
  <node id="1681472685" lat="35.6872262" lon="139.7125182"/>
  <node id="1681472716" lat="35.6874544" lon="139.7154811">
    <tag k="highway" v="traffic_signals"/>
    <tag k="traffic_signals:direction" v="forward"/>
  </node>
  <node id="1681472823" lat="35.6889393" lon="139.7070762"/>
  <node id="1681472825" lat="35.6893066" lon="139.7065953">
    <tag k="crossing" v="traffic_signals"/>
    <tag k="crossing:markings" v="zebra"/>
    <tag k="highway" v="crossing"/>
    <tag k="source" v="Bing 2010"/>
  </node>
  <node id="1681472878" lat="35.6895204" lon="139.7059099"/>
  <node id="1681472884" lat="35.6895516" lon="139.7064255">
    <tag k="bicycle" v="designated"/>
    <tag k="crossing" v="traffic_signals"/>
    <tag k="crossing:markings" v="zebra"/>
    <tag k="highway" v="crossing"/>
    <tag k="source" v="Bing 2010"/>
  </node>
  <node id="1681472890" lat="35.6896084" lon="139.7059542"/>
  <node id="1681472894" lat="35.6896511" lon="139.7055792"/>
  <node id="1681472897" lat="35.6896496" lon="139.7028787"/>
  <node id="1681472915" lat="35.6896960" lon="139.7057570"/>
  <node id="1681472921" lat="35.6897413" lon="139.7051782">
    <tag k="highway" v="traffic_signals"/>
    <tag k="traffic_signals" v="traffic_lights"/>
  </node>
  <node id="1681472939" lat="35.6897979" lon="139.7067950">
    <tag k="bicycle" v="designated"/>
    <tag k="button_operated" v="no"/>
    <tag k="crossing" v="traffic_signals"/>
    <tag k="crossing:markings" v="zebra"/>
    <tag k="highway" v="crossing"/>
    <tag k="source" v="Bing 2010"/>
    <tag k="tactile_paving" v="yes"/>
    <tag k="traffic_signals:sound" v="yes"/>
    <tag k="traffic_signals:vibration" v="no"/>
  </node>
  <node id="1681472941" lat="35.6898106" lon="139.7054099"/>
  <node id="1681472947" lat="35.6898654" lon="139.7066273">
    <tag k="bicycle" v="designated"/>
    <tag k="crossing" v="traffic_signals"/>
    <tag k="crossing:markings" v="zebra"/>
    <tag k="highway" v="crossing"/>
    <tag k="source" v="Bing 2010"/>
  </node>
  <node id="1681472956" lat="35.6898664" lon="139.7050735"/>
  <node id="1681472958" lat="35.6898745" lon="139.7047125"/>
  <node id="1681472987" lat="35.6899211" lon="139.7047954"/>
  <node id="1681473017" lat="35.6902081" lon="139.7067673"/>
  <node id="1681473091" lat="35.6906551" lon="139.7069111"/>
  <node id="1681473106" lat="35.6907856" lon="139.7070871"/>
  <node id="1681473148" lat="35.6910807" lon="139.7071187"/>
  <node id="1682839148" lat="35.6960757" lon="139.6877804"/>
  <node id="1696208649" lat="35.6943359" lon="139.7142550"/>
  <node id="1699185470" lat="35.6864638" lon="139.6978508"/>
  <node id="1699185525" lat="35.6872284" lon="139.6980440"/>
  <node id="1699223050" lat="35.6855787" lon="139.6969016"/>
  <node id="1699223053" lat="35.6856796" lon="139.6968782"/>
  <node id="1699223108" lat="35.6861162" lon="139.6985981"/>
  <node id="1699223154" lat="35.6862966" lon="139.6982266"/>
  <node id="1699223221" lat="35.6864147" lon="139.6979666"/>
  <node id="1699312329" lat="35.6856099" lon="139.6958149"/>
  <node id="1699312350" lat="35.6859267" lon="139.6932419"/>
  <node id="1701041429" lat="35.6891113" lon="139.6909174"/>
  <node id="1701041430" lat="35.6912320" lon="139.6904041"/>
  <node id="1701041432" lat="35.6902196" lon="139.6906491">
    <tag k="highway" v="traffic_signals"/>
    <tag k="name" v="新宿中央公園前"/>
    <tag k="name:en" v="Shinjuku Chuo Park"/>
    <tag k="name:es" v="Parque central Shinjuku"/>
    <tag k="name:ko" v="신주쿠 쥬오우 공원 앞"/>
    <tag k="name:zh" v="新宿中央公园前"/>
  </node>
  <node id="1701041435" lat="35.6902993" lon="139.6906298">
    <tag k="highway" v="traffic_signals"/>
    <tag k="name" v="新宿中央公園前"/>
    <tag k="name:en" v="Shinjuku Chuo Park"/>
    <tag k="name:es" v="Parque central Shinjuku"/>
    <tag k="name:ko" v="신주쿠 쥬오우 공원 앞"/>
    <tag k="name:zh" v="新宿中央公园前"/>
  </node>
  <node id="1701041438" lat="35.6951463" lon="139.6904008">
    <tag k="junction" v="yes"/>
    <tag k="name" v="成子天神下"/>
    <tag k="name:en" v="Naruko Tenjin Shrine"/>
  </node>
  <node id="1706684140" lat="35.6981106" lon="139.6926460"/>
  <node id="1706684207" lat="35.6983341" lon="139.6938031"/>
  <node id="1706684239" lat="35.6984347" lon="139.6922790"/>
  <node id="1706684314" lat="35.6986106" lon="139.6918775"/>
  <node id="1706684354" lat="35.6987455" lon="139.6914870"/>
  <node id="1706684561" lat="35.6990768" lon="139.6932915"/>
  <node id="1706684673" lat="35.6992117" lon="139.6939537"/>
  <node id="1706684773" lat="35.6993308" lon="139.6930980"/>
  <node id="1706685046" lat="35.6998235" lon="139.6927247"/>
  <node id="1706685076" lat="35.6998727" lon="139.6947705"/>
  <node id="1706685203" lat="35.6999574" lon="139.6933641"/>
  <node id="1706685470" lat="35.7001216" lon="139.6932405"/>
  <node id="1706685806" lat="35.7003857" lon="139.6944913"/>
  <node id="1709327163" lat="35.6948962" lon="139.6978835"/>
  <node id="1709335190" lat="35.6921634" lon="139.6913031"/>
  <node id="1709335214" lat="35.6927853" lon="139.6919098"/>
  <node id="1715874856" lat="35.6889659" lon="139.6925522"/>
  <node id="1715874857" lat="35.6886764" lon="139.6926228"/>
  <node id="1715874859" lat="35.6890890" lon="139.6924040"/>
  <node id="1715874860" lat="35.6903294" lon="139.6922200"/>
  <node id="1715874861" lat="35.6900959" lon="139.6921606"/>
  <node id="1715874862" lat="35.6891046" lon="139.6925184"/>
  <node id="1715874863" lat="35.6901685" lon="139.6921430"/>
  <node id="1715874864" lat="35.6890176" lon="139.6924212"/>
  <node id="1715874865" lat="35.6922356" lon="139.6917551">
    <tag k="highway" v="traffic_signals"/>
    <tag k="name" v="都庁北"/>
    <tag k="name:en" v="Met. Government N"/>
    <tag k="name:ko" v="도청 북쪽"/>
    <tag k="name:zh" v="都厅北"/>
  </node>
  <node id="1715874866" lat="35.6890348" lon="139.6925355"/>
  <node id="1715874868" lat="35.6906889" lon="139.6921324"/>
  <node id="1715874869" lat="35.6872236" lon="139.6929768">
    <tag k="highway" v="traffic_signals"/>
    <tag k="name" v="都庁南"/>
    <tag k="name:en" v="Tokyo Metropolitan Government-S."/>
    <tag k="name:ja" v="都庁南"/>
    <tag k="traffic_signals" v="signal"/>
  </node>
  <node id="1715874870" lat="35.6901892" lon="139.6922542"/>
  <node id="1715874872" lat="35.6901135" lon="139.6922726"/>
  <node id="1715877597" lat="35.6924309" lon="139.6929790">
    <tag k="highway" v="traffic_signals"/>
    <tag k="name" v="議事堂北"/>
    <tag k="name:en" v="Met. Assembly N"/>
    <tag k="name:ko" v="의사당 북쪽"/>
    <tag k="name:zh" v="议事堂北"/>
  </node>
  <node id="1715877598" lat="35.6923617" lon="139.6931103">
    <tag k="highway" v="traffic_signals"/>
    <tag k="name" v="議事堂北"/>
    <tag k="name:en" v="Met. Assembly N"/>
    <tag k="name:ko" v="의사당 북쪽"/>
    <tag k="name:zh" v="议事堂北"/>
  </node>
  <node id="1715877599" lat="35.6923441" lon="139.6930003">
    <tag k="highway" v="traffic_signals"/>
    <tag k="name" v="議事堂北"/>
    <tag k="name:en" v="Met. Assembly N"/>
    <tag k="name:ko" v="의사당 북쪽"/>
    <tag k="name:zh" v="议事堂北"/>
  </node>
  <node id="1715900545" lat="35.6874465" lon="139.6943367">
    <tag k="highway" v="traffic_signals"/>
    <tag k="name" v="議事堂南"/>
    <tag k="name:en" v="Tokyo Metropolitan Assembly-S."/>
    <tag k="name:ja" v="議事堂南"/>
  </node>
  <node id="1716064635" lat="35.6909274" lon="139.6947369">
    <tag k="highway" v="traffic_signals"/>
    <tag k="name" v="中央通り東"/>
    <tag k="name:en" v="Chuo dori E"/>
    <tag k="name:es" v="Chuo dori E"/>
    <tag k="name:ja" v="中央通り東"/>
  </node>
  <node id="1805702250" lat="35.6904544" lon="139.7070045"/>
  <node id="1805702251" lat="35.6905299" lon="139.7068724"/>
  <node id="1805702399" lat="35.6915146" lon="139.7071399"/>
  <node id="1805702425" lat="35.6922711" lon="139.7062063"/>
  <node id="1805702426" lat="35.6923187" lon="139.7065182"/>
  <node id="1805702437" lat="35.6925694" lon="139.7066058"/>
  <node id="1805702440" lat="35.6926019" lon="139.7068713"/>
  <node id="1805702479" lat="35.6934625" lon="139.7067866"/>
  <node id="1805702485" lat="35.6935339" lon="139.7064973"/>
  <node id="1805702531" lat="35.6923712" lon="139.7058226">
    <tag k="highway" v="traffic_signals"/>
    <tag k="name" v="新宿五丁目"/>
    <tag k="name:en" v="Shinjuku 5"/>
    <tag k="name:ja" v="新宿五丁目"/>
    <tag k="name:ko" v="신쥬쿠 5초메"/>
    <tag k="name:zh" v="新宿五丁目"/>
    <tag k="traffic_signals" v="signal"/>
  </node>
  <node id="1805702532" lat="35.6923881" lon="139.7057469">
    <tag k="highway" v="traffic_signals"/>
    <tag k="name" v="新宿五丁目"/>
    <tag k="name:en" v="Shinjuku 5"/>
    <tag k="name:ja" v="新宿五丁目"/>
    <tag k="name:ko" v="신쥬쿠 5초메"/>
    <tag k="name:zh" v="新宿五丁目"/>
    <tag k="traffic_signals" v="signal"/>
  </node>
  <node id="1805702534" lat="35.6924904" lon="139.7058922">
    <tag k="highway" v="traffic_signals"/>
    <tag k="name" v="新宿五丁目"/>
    <tag k="name:en" v="Shinjuku 5"/>
    <tag k="name:ja" v="新宿五丁目"/>
    <tag k="name:ko" v="신쥬쿠 5초메"/>
    <tag k="name:zh" v="新宿五丁目"/>
    <tag k="traffic_signals" v="signal"/>
  </node>
  <node id="1805702535" lat="35.6925102" lon="139.7058178">
    <tag k="highway" v="traffic_signals"/>
    <tag k="name" v="新宿五丁目"/>
    <tag k="name:en" v="Shinjuku 5"/>
    <tag k="name:ja" v="新宿五丁目"/>
    <tag k="name:ko" v="신쥬쿠 5초메"/>
    <tag k="name:zh" v="新宿五丁目"/>
    <tag k="traffic_signals" v="signal"/>
  </node>
  <node id="1805702536" lat="35.6920275" lon="139.7070988">
    <tag k="junction" v="yes"/>
    <tag k="name" v="新宿五丁目東"/>
    <tag k="name:en" v="Shinjuku 5 -E."/>
    <tag k="name:ja" v="新宿五丁目東"/>
    <tag k="name:ko" v="신쥬쿠 5초메 히가시"/>
    <tag k="name:zh" v="新宿五丁目东"/>
    <tag k="source" v="Bing 2010"/>
  </node>
  <node id="1805702537" lat="35.6920671" lon="139.7069430">
    <tag k="junction" v="yes"/>
    <tag k="name" v="新宿五丁目東"/>
    <tag k="name:en" v="Shinjuku 5 -E."/>
    <tag k="name:ja" v="新宿五丁目東"/>
    <tag k="name:ko" v="신주쿠5초메히가시"/>
    <tag k="name:zh" v="新宿五丁目东"/>
    <tag k="source" v="Bing 2010"/>
  </node>
  <node id="1805702538" lat="35.6921549" lon="139.7070860">
    <tag k="junction" v="yes"/>
    <tag k="name" v="新宿五丁目東"/>
    <tag k="name:en" v="Shinjuku 5 -E."/>
    <tag k="name:ja" v="新宿五丁目東"/>
    <tag k="name:ko" v="신주쿠5초메히가시"/>
    <tag k="name:zh" v="新宿五丁目东"/>
    <tag k="source" v="Bing 2010"/>
  </node>
  <node id="1805702539" lat="35.6922017" lon="139.7069246">
    <tag k="junction" v="yes"/>
    <tag k="name" v="新宿五丁目東"/>
    <tag k="name:en" v="Shinjuku 5 -E."/>
    <tag k="name:ja" v="新宿五丁目東"/>
    <tag k="name:ko" v="신주쿠5초메히가시"/>
    <tag k="name:zh" v="新宿五丁目东"/>
    <tag k="source" v="Bing 2010"/>
  </node>
  <node id="1813858050" lat="35.6868174" lon="139.6944830">
    <tag k="button_operated" v="no"/>
    <tag k="crossing" v="traffic_signals"/>
    <tag k="crossing:markings" v="zebra"/>
    <tag k="crossing:signals" v="yes"/>
    <tag k="highway" v="crossing"/>
    <tag k="tactile_paving" v="no"/>
    <tag k="traffic_signals:sound" v="yes"/>
    <tag k="traffic_signals:vibration" v="no"/>
  </node>
  <node id="1813858060" lat="35.6871182" lon="139.6944550"/>
  <node id="1813858063" lat="35.6871827" lon="139.6952517"/>
  <node id="1813858066" lat="35.6871947" lon="139.7034578">
    <tag k="noexit" v="yes"/>
  </node>
  <node id="1813858069" lat="35.6873721" lon="139.6963204"/>
  <node id="1813858087" lat="35.6874010" lon="139.6963337"/>
  <node id="1813858088" lat="35.6875519" lon="139.6964872">
    <tag k="highway" v="traffic_signals"/>
  </node>
  <node id="1813858089" lat="35.6877318" lon="139.6969042"/>
  <node id="1813858091" lat="35.6878738" lon="139.6975925"/>
  <node id="1813858095" lat="35.6878667" lon="139.6965510">
    <tag k="button_operated" v="no"/>
    <tag k="crossing" v="traffic_signals"/>
    <tag k="crossing:island" v="no"/>
    <tag k="highway" v="crossing"/>
    <tag k="tactile_paving" v="no"/>
    <tag k="traffic_signals:sound" v="yes"/>
    <tag k="traffic_signals:vibration" v="no"/>
  </node>
  <node id="1813858097" lat="35.6879746" lon="139.6975298"/>
  <node id="1813858180" lat="35.6882196" lon="139.7047465"/>
  <node id="1813858438" lat="35.6893321" lon="139.7021703"/>
  <node id="1813858451" lat="35.6894355" lon="139.7027127">
    <tag k="crossing" v="marked"/>
    <tag k="crossing:markings" v="yes"/>
    <tag k="highway" v="crossing"/>
  </node>
  <node id="1813858454" lat="35.6894641" lon="139.7038791"/>
  <node id="1813858505" lat="35.6895004" lon="139.7030805"/>
  <node id="1813858555" lat="35.6895443" lon="139.7038469"/>
  <node id="1813858558" lat="35.6895655" lon="139.7035644"/>
  <node id="1813858682" lat="35.6921820" lon="139.6981200">
    <tag k="highway" v="traffic_signals"/>
    <tag k="name" v="新宿西口ロータリー入口"/>
    <tag k="name:en" v="Shinjuku nishiguchi Rotary Ent."/>
    <tag k="name:ko" v="신쥬쿠 서쪽 출구 로터리 임구"/>
    <tag k="traffic_signals:direction" v="forward"/>
  </node>
  <node id="1813858689" lat="35.6922679" lon="139.6981055">
    <tag k="crossing" v="traffic_signals"/>
    <tag k="highway" v="crossing"/>
    <tag k="name" v="新宿西口ロータリー入口"/>
    <tag k="name:en" v="Shinjuku nishiguchi Rotary Ent."/>
    <tag k="name:ko" v="신쥬쿠 서쪽 출구 로터리 임구"/>
  </node>
  <node id="1813858800" lat="35.6927093" lon="139.6921787"/>
  <node id="1813858845" lat="35.6928699" lon="139.6975513"/>
  <node id="1813858862" lat="35.6929287" lon="139.6976359"/>
  <node id="1813858883" lat="35.6929332" lon="139.6976765">
    <tag k="crossing" v="marked"/>
    <tag k="crossing:markings" v="yes"/>
    <tag k="highway" v="crossing"/>
  </node>
  <node id="1813858900" lat="35.6929582" lon="139.6974946"/>
  <node id="1813858916" lat="35.6930030" lon="139.6946859"/>
  <node id="1813858970" lat="35.6930342" lon="139.6974645"/>
  <node id="1813858988" lat="35.6930892" lon="139.6974582"/>
  <node id="1813859031" lat="35.6931164" lon="139.6974614"/>
  <node id="1813859093" lat="35.6931707" lon="139.6974805"/>
  <node id="1813859130" lat="35.6932012" lon="139.6975012"/>
  <node id="1813859176" lat="35.6932316" lon="139.6975371"/>
  <node id="1813859184" lat="35.6932483" lon="139.6977633"/>
  <node id="1813859265" lat="35.6932683" lon="139.6976120"/>
  <node id="1813859337" lat="35.6933792" lon="139.6969954"/>
  <node id="1813859339" lat="35.6933311" lon="139.6967160"/>
  <node id="1813859341" lat="35.6933513" lon="139.6977793"/>
  <node id="1813859423" lat="35.6933501" lon="139.6965828"/>
  <node id="1813859476" lat="35.6934629" lon="139.6978968"/>
  <node id="1813859589" lat="35.6936049" lon="139.6956571"/>
  <node id="1813859766" lat="35.6937597" lon="139.6948155">
    <tag k="bicycle" v="designated"/>
    <tag k="crossing" v="traffic_signals"/>
    <tag k="highway" v="crossing"/>
    <tag k="source" v="Bing 2010"/>
    <tag k="tactile_paving" v="yes"/>
  </node>
  <node id="1813859987" lat="35.6938716" lon="139.6944057"/>
  <node id="1813860081" lat="35.6939581" lon="139.6944040"/>
  <node id="1813860084" lat="35.6939345" lon="139.6911206"/>
  <node id="1813860097" lat="35.6939825" lon="139.6940143"/>
  <node id="1813860230" lat="35.6940768" lon="139.6940059"/>
  <node id="1813860406" lat="35.6941732" lon="139.6931064">
    <tag k="bicycle" v="designated"/>
    <tag k="crossing" v="traffic_signals"/>
    <tag k="highway" v="crossing"/>
    <tag k="source" v="Bing 2010"/>
  </node>
  <node id="1813860490" lat="35.6942139" lon="139.6935795"/>
  <node id="1813860839" lat="35.6943009" lon="139.7116494"/>
  <node id="1813860886" lat="35.6942871" lon="139.6913361"/>
  <node id="1813860912" lat="35.6943264" lon="139.6913698"/>
  <node id="1813861044" lat="35.6944782" lon="139.6927867"/>
  <node id="1813861280" lat="35.6945911" lon="139.6924644"/>
  <node id="1813861516" lat="35.6946988" lon="139.6921534"/>
  <node id="1813861635" lat="35.6947489" lon="139.6916846"/>
  <node id="1813861666" lat="35.6948095" lon="139.6918291"/>
  <node id="1813861778" lat="35.6949979" lon="139.6912657"/>
  <node id="1813863737" lat="35.6957510" lon="139.6883761">
    <tag k="highway" v="traffic_signals"/>
    <tag k="name" v="成子坂下"/>
    <tag k="name:en" v="Narukozakashita"/>
    <tag k="name:ja" v="成子坂下"/>
  </node>
  <node id="1813863738" lat="35.6952485" lon="139.6904549">
    <tag k="junction" v="yes"/>
    <tag k="name" v="成子天神下"/>
    <tag k="name:en" v="Naruko Tenjin Shrine"/>
  </node>
  <node id="1813863739" lat="35.6936841" lon="139.6950797">
    <tag k="junction" v="yes"/>
    <tag k="name" v="新宿警察署前"/>
    <tag k="name:en" v="Shinjuku Police Station"/>
  </node>
  <node id="1813863740" lat="35.6937236" lon="139.6949474">
    <tag k="junction" v="yes"/>
    <tag k="name" v="新宿警察署前"/>
    <tag k="name:en" v="Shinjuku Police Station"/>
  </node>
  <node id="1813863741" lat="35.6938038" lon="139.6949609">
    <tag k="junction" v="yes"/>
    <tag k="name" v="新宿警察署前"/>
    <tag k="name:en" v="Shinjuku Police Station"/>
  </node>
  <node id="1813863743" lat="35.6931606" lon="139.6971701">
    <tag k="junction" v="yes"/>
    <tag k="name" v="新都心歩道橋下"/>
    <tag k="ref" v="436-25"/>
  </node>
  <node id="1813863762" lat="35.6942425" lon="139.6931478">
    <tag k="highway" v="traffic_signals"/>
    <tag k="name" v="東京医大病院前"/>
    <tag k="name:en" v="Tokyo Medical University Hospital"/>
  </node>
  <node id="1813863763" lat="35.6943718" lon="139.6930875">
    <tag k="highway" v="traffic_signals"/>
    <tag k="name" v="東京医大病院前"/>
    <tag k="name:en" v="Tokyo Medical University Hospital"/>
  </node>
  <node id="1813863764" lat="35.6867766" lon="139.6947206">
    <tag k="junction" v="yes"/>
    <tag k="name" v="西新宿"/>
    <tag k="name:en" v="Nishi-Shinjuku"/>
    <tag k="name:ja" v="西新宿"/>
  </node>
  <node id="1813863769" lat="35.6868948" lon="139.6946287">
    <tag k="junction" v="yes"/>
    <tag k="name" v="西新宿"/>
    <tag k="name:en" v="Nishi-Shinjuku"/>
    <tag k="name:ja" v="西新宿"/>
  </node>
  <node id="1813863772" lat="35.6869402" lon="139.6947209">
    <tag k="junction" v="yes"/>
    <tag k="name" v="西新宿"/>
    <tag k="name:en" v="Nishi-Shinjuku"/>
    <tag k="name:ja" v="西新宿"/>
  </node>
  <node id="1813863775" lat="35.6872580" lon="139.6958117">
    <tag k="highway" v="traffic_signals"/>
    <tag k="name" v="西新宿二丁目"/>
    <tag k="name:en" v="Nishi-Shinjuku 2"/>
  </node>
  <node id="1813863777" lat="35.6874382" lon="139.6958483">
    <tag k="highway" v="traffic_signals"/>
    <tag k="name" v="西新宿二丁目"/>
    <tag k="name:en" v="Nishi-Shinjuku 2"/>
  </node>
  <node id="1814190049" lat="35.6875918" lon="139.7156758"/>
  <node id="1814193792" lat="35.6912574" lon="139.7139907"/>
  <node id="1928487278" lat="35.6840763" lon="139.6905282">
    <tag k="highway" v="traffic_signals"/>
    <tag k="traffic_signals:direction" v="forward"/>
  </node>
  <node id="1928487279" lat="35.6836443" lon="139.6898516"/>
  <node id="1928487281" lat="35.6838512" lon="139.6901923"/>
  <node id="1928487283" lat="35.6833074" lon="139.6893420"/>
  <node id="1943752298" lat="35.6845910" lon="139.7151129"/>
  <node id="1943752299" lat="35.6848297" lon="139.7151159"/>
  <node id="1943752300" lat="35.6848738" lon="139.7149178"/>
  <node id="1943752301" lat="35.6848957" lon="139.7148958"/>
  <node id="1943752302" lat="35.6851673" lon="139.7149050"/>
  <node id="1943752303" lat="35.6853369" lon="139.7159010"/>
  <node id="1943752304" lat="35.6853779" lon="139.7154448"/>
  <node id="1943752305" lat="35.6854353" lon="139.7149071"/>
  <node id="1943752322" lat="35.6874476" lon="139.7151573"/>
  <node id="1943752323" lat="35.6874978" lon="139.7154002"/>
  <node id="1943752324" lat="35.6875142" lon="139.7157485"/>
  <node id="1943752325" lat="35.6875419" lon="139.7154208"/>
  <node id="1943752330" lat="35.6875628" lon="139.7154100"/>
  <node id="1943752342" lat="35.6875802" lon="139.7153856"/>
  <node id="1943752343" lat="35.6876032" lon="139.7155843">
    <tag k="bicycle" v="designated"/>
    <tag k="crossing" v="traffic_signals"/>
    <tag k="highway" v="crossing"/>
    <tag k="source" v="Bing 2010"/>
  </node>
  <node id="1943752380" lat="35.6877405" lon="139.7149376"/>
  <node id="1943752406" lat="35.6881149" lon="139.7150507"/>
  <node id="1943752415" lat="35.6884124" lon="139.7151325"/>
  <node id="1943752451" lat="35.6889320" lon="139.7152863"/>
  <node id="1943752452" lat="35.6889479" lon="139.7154258"/>
  <node id="1943752504" lat="35.6894793" lon="139.7145312">
    <tag k="highway" v="traffic_signals"/>
    <tag k="name" v="花園小学校東"/>
    <tag k="name:en" v="Hanazono Shogakko Higashi"/>
    <tag k="source" v="bing"/>
    <tag k="traffic_signals" v="traffic_lights"/>
    <tag k="traffic_signals:direction" v="backward"/>
  </node>
  <node id="1943752514" lat="35.6896238" lon="139.7150422"/>
  <node id="1943752549" lat="35.6905219" lon="139.7147965"/>
  <node id="1973313089" lat="35.6799312" lon="139.6936450"/>
  <node id="1973313092" lat="35.6836841" lon="139.6901244"/>
  <node id="1973313093" lat="35.6845970" lon="139.6914747"/>
  <node id="1973313099" lat="35.6843383" lon="139.6913027"/>
  <node id="1973313102" lat="35.6873176" lon="139.6915294"/>
  <node id="1973313103" lat="35.6841020" lon="139.6911758"/>
  <node id="1973313107" lat="35.6839403" lon="139.6911675"/>
  <node id="1973313108" lat="35.6840210" lon="139.6911654"/>
  <node id="1973313110" lat="35.6844688" lon="139.6912965"/>
  <node id="1973313112" lat="35.6841101" lon="139.6910038"/>
  <node id="1973313114" lat="35.6834627" lon="139.6898708"/>
  <node id="1973313115" lat="35.6798077" lon="139.6938169"/>
  <node id="1973313116" lat="35.6840272" lon="139.6909843"/>
  <node id="1973313118" lat="35.6842655" lon="139.6912465">
    <tag k="barrier" v="toll_booth"/>
    <tag k="currency:JPY" v="yes"/>
    <tag k="payment:ETC" v="yes"/>
  </node>
  <node id="1973313119" lat="35.6841787" lon="139.6911991"/>
  <node id="1973313120" lat="35.6837293" lon="139.6906001"/>
  <node id="1973313122" lat="35.6848575" lon="139.6917426"/>
  <node id="1973313124" lat="35.6847910" lon="139.6918228"/>
  <node id="1973313125" lat="35.6849381" lon="139.6917880"/>
  <node id="1973313127" lat="35.6841729" lon="139.6910299"/>
  <node id="1973313128" lat="35.6847776" lon="139.6916828"/>
  <node id="1973314247" lat="35.6799423" lon="139.6937620"/>
  <node id="1973314248" lat="35.6835542" lon="139.6911096"/>
  <node id="2039169322" lat="35.7003697" lon="139.6960070"/>
  <node id="2039169329" lat="35.7008859" lon="139.6956810"/>
  <node id="2039169335" lat="35.7010780" lon="139.6955632"/>
  <node id="2039169353" lat="35.7015953" lon="139.6966137"/>
  <node id="2039181071" lat="35.6981076" lon="139.6891288"/>
  <node id="2039181085" lat="35.6993408" lon="139.6911922"/>
  <node id="2039181094" lat="35.6994775" lon="139.6894795"/>
  <node id="2039181125" lat="35.6996359" lon="139.6913058"/>
  <node id="2039181151" lat="35.7000200" lon="139.6889585"/>
  <node id="2087226082" lat="35.7011972" lon="139.7007626"/>
  <node id="2091191715" lat="35.6871439" lon="139.7141127"/>
  <node id="2091237287" lat="35.6889729" lon="139.7071690"/>
  <node id="2197384239" lat="35.6926699" lon="139.6993916">
    <tag k="crossing" v="traffic_signals"/>
    <tag k="crossing:island" v="no"/>
    <tag k="highway" v="crossing"/>
    <tag k="tactile_paving" v="yes"/>
  </node>
  <node id="2199448596" lat="35.6850961" lon="139.6929399"/>
  <node id="2199448607" lat="35.6852804" lon="139.6927552"/>
  <node id="2199448613" lat="35.6853415" lon="139.6926940"/>
  <node id="2199448635" lat="35.6854446" lon="139.6929994"/>
  <node id="2199562418" lat="35.6838963" lon="139.6901509">
    <tag k="crossing" v="unmarked"/>
    <tag k="crossing:island" v="no"/>
    <tag k="highway" v="crossing"/>
  </node>
  <node id="2199562496" lat="35.6867463" lon="139.6908302">
    <tag k="highway" v="crossing"/>
  </node>
  <node id="2209725237" lat="35.6851240" lon="139.6932383"/>
  <node id="2237586095" lat="35.6882706" lon="139.6964252"/>
  <node id="2237586096" lat="35.6886143" lon="139.6963956"/>
  <node id="2237996743" lat="35.6858010" lon="139.6928992">
    <tag k="crossing" v="unmarked"/>
    <tag k="crossing:island" v="no"/>
    <tag k="crossing:markings" v="no"/>
    <tag k="crossing:signals" v="no"/>
    <tag k="highway" v="crossing"/>
    <tag k="tactile_paving" v="no"/>
  </node>
  <node id="2238010893" lat="35.6857626" lon="139.6916164">
    <tag k="crossing" v="marked"/>
    <tag k="crossing:island" v="no"/>
    <tag k="highway" v="crossing"/>
    <tag k="tactile_paving" v="yes"/>
  </node>
  <node id="2239360589" lat="35.6843411" lon="139.6907034">
    <tag k="button_operated" v="no"/>
    <tag k="crossing" v="traffic_signals"/>
    <tag k="crossing:island" v="no"/>
    <tag k="highway" v="crossing"/>
    <tag k="tactile_paving" v="no"/>
    <tag k="traffic_signals:sound" v="no"/>
    <tag k="traffic_signals:vibration" v="no"/>
  </node>
  <node id="2239360592" lat="35.6845708" lon="139.6913318"/>
  <node id="2239360597" lat="35.6848029" lon="139.6916841">
    <tag k="highway" v="traffic_signals"/>
    <tag k="name" v="西新宿3丁目"/>
    <tag k="name:en" v="Nishishinjuku 3-chome"/>
    <tag k="traffic_signals" v="signal"/>
  </node>
  <node id="2253637550" lat="35.6890630" lon="139.6952116">
    <tag k="crossing" v="traffic_signals"/>
    <tag k="crossing:markings" v="zebra"/>
    <tag k="crossing:signals" v="yes"/>
    <tag k="highway" v="crossing"/>
    <tag k="source" v="Bing"/>
    <tag k="tactile_paving" v="yes"/>
  </node>
  <node id="2253637553" lat="35.6890744" lon="139.6953392">
    <tag k="crossing" v="traffic_signals"/>
    <tag k="crossing:markings" v="zebra"/>
    <tag k="crossing:signals" v="yes"/>
    <tag k="highway" v="crossing"/>
    <tag k="source" v="Bing"/>
    <tag k="tactile_paving" v="yes"/>
  </node>
  <node id="2253637555" lat="35.6891551" lon="139.6950093">
    <tag k="crossing" v="traffic_signals"/>
    <tag k="crossing:markings" v="zebra"/>
    <tag k="crossing:signals" v="yes"/>
    <tag k="highway" v="crossing"/>
    <tag k="source" v="Bing"/>
    <tag k="tactile_paving" v="yes"/>
  </node>
  <node id="2253637556" lat="35.6892056" lon="139.6954652">
    <tag k="crossing" v="traffic_signals"/>
    <tag k="crossing:markings" v="zebra"/>
    <tag k="crossing:signals" v="yes"/>
    <tag k="highway" v="crossing"/>
    <tag k="source" v="Bing"/>
    <tag k="tactile_paving" v="yes"/>
  </node>
  <node id="2253637566" lat="35.6893066" lon="139.6954355">
    <tag k="crossing" v="traffic_signals"/>
    <tag k="crossing:markings" v="zebra"/>
    <tag k="crossing:signals" v="yes"/>
    <tag k="highway" v="crossing"/>
    <tag k="source" v="Bing"/>
    <tag k="tactile_paving" v="yes"/>
  </node>
  <node id="2253637569" lat="35.6894087" lon="139.6951137">
    <tag k="crossing" v="traffic_signals"/>
    <tag k="crossing:markings" v="zebra"/>
    <tag k="crossing:signals" v="yes"/>
    <tag k="highway" v="crossing"/>
    <tag k="source" v="Bing"/>
    <tag k="tactile_paving" v="yes"/>
  </node>
  <node id="2253637572" lat="35.6894276" lon="139.6952382">
    <tag k="crossing" v="traffic_signals"/>
    <tag k="crossing:markings" v="zebra"/>
    <tag k="crossing:signals" v="yes"/>
    <tag k="highway" v="crossing"/>
    <tag k="source" v="Bing"/>
    <tag k="tactile_paving" v="yes"/>
  </node>
  <node id="2255060407" lat="35.6885052" lon="139.6902374"/>
  <node id="2255060413" lat="35.6881924" lon="139.6889977">
    <tag k="highway" v="traffic_signals"/>
    <tag k="name" v="新宿中央公園西"/>
    <tag k="name:en" v="Shinjuku Chuo Park-W."/>
    <tag k="traffic_signals" v="signal"/>
  </node>
  <node id="2256072424" lat="35.6904746" lon="139.6949794">
    <tag k="bus" v="yes"/>
    <tag k="name" v="京王プラザホテル"/>
    <tag k="operator" v="京王バス東"/>
    <tag k="public_transport" v="stop_position"/>
  </node>
  <node id="2256072426" lat="35.6901416" lon="139.6949310">
    <tag k="bus" v="yes"/>
    <tag k="name" v="京王プラザホテル"/>
    <tag k="operator" v="京王バス東"/>
    <tag k="public_transport" v="stop_position"/>
  </node>
  <node id="2256140246" lat="35.6901744" lon="139.6987598">
    <tag k="bus" v="yes"/>
    <tag k="name" v="新宿駅西口"/>
    <tag k="operator" v="東京空港交通"/>
    <tag k="public_transport" v="stop_position"/>
  </node>
  <node id="2256347583" lat="35.6888930" lon="139.6933543">
    <tag k="bus" v="yes"/>
    <tag k="name" v="新宿NSビル"/>
    <tag k="name:en" v="Shinjuku NS Building"/>
    <tag k="operator" v="京王バス東"/>
    <tag k="public_transport" v="stop_position"/>
  </node>
  <node id="2256347603" lat="35.6887932" lon="139.6920240">
    <tag k="bus" v="yes"/>
    <tag k="name" v="都庁第二本庁舎"/>
    <tag k="name:en" v="Tocho-daini-honchosha"/>
    <tag k="operator" v="東京都交通局"/>
    <tag k="public_transport" v="stop_position"/>
  </node>
  <node id="2256347610" lat="35.6890955" lon="139.6939405">
    <tag k="bus" v="yes"/>
    <tag k="name" v="新宿NSビル"/>
    <tag k="operator" v="京王バス東"/>
    <tag k="public_transport" v="stop_position"/>
  </node>
  <node id="2258182894" lat="35.6905919" lon="139.6987031"/>
  <node id="2262160512" lat="35.6907082" lon="139.7048130">
    <tag k="button_operated" v="no"/>
    <tag k="crossing" v="traffic_signals"/>
    <tag k="crossing:markings" v="zebra"/>
    <tag k="highway" v="crossing"/>
    <tag k="tactile_paving" v="yes"/>
    <tag k="traffic_signals:sound" v="yes"/>
  </node>
  <node id="2262160513" lat="35.6907405" lon="139.7047438">
    <tag k="crossing" v="traffic_signals"/>
    <tag k="crossing:markings" v="zebra"/>
    <tag k="highway" v="crossing"/>
    <tag k="tactile_paving" v="yes"/>
    <tag k="traffic_signals:sound" v="yes"/>
  </node>
  <node id="2262160514" lat="35.6907866" lon="139.7050482">
    <tag k="button_operated" v="no"/>
    <tag k="crossing" v="traffic_signals"/>
    <tag k="crossing:island" v="no"/>
    <tag k="crossing:markings" v="zebra"/>
    <tag k="highway" v="crossing"/>
    <tag k="tactile_paving" v="yes"/>
    <tag k="traffic_signals:sound" v="yes"/>
    <tag k="traffic_signals:vibration" v="no"/>
  </node>
  <node id="2262160515" lat="35.6909532" lon="139.7046884">
    <tag k="crossing" v="traffic_signals"/>
    <tag k="crossing:markings" v="zebra"/>
    <tag k="highway" v="crossing"/>
    <tag k="tactile_paving" v="yes"/>
    <tag k="traffic_signals:sound" v="yes"/>
  </node>
  <node id="2262160516" lat="35.6910238" lon="139.7050143">
    <tag k="crossing" v="traffic_signals"/>
    <tag k="crossing:markings" v="zebra"/>
    <tag k="highway" v="crossing"/>
    <tag k="tactile_paving" v="yes"/>
    <tag k="traffic_signals:sound" v="yes"/>
  </node>
  <node id="2262160517" lat="35.6910523" lon="139.7049426">
    <tag k="button_operated" v="no"/>
    <tag k="crossing" v="traffic_signals"/>
    <tag k="crossing:markings" v="zebra"/>
    <tag k="highway" v="crossing"/>
    <tag k="tactile_paving" v="yes"/>
    <tag k="traffic_signals:sound" v="yes"/>
    <tag k="traffic_signals:vibration" v="no"/>
  </node>
  <node id="2263979125" lat="35.6922208" lon="139.7057348">
    <tag k="crossing" v="traffic_signals"/>
    <tag k="crossing:markings" v="zebra"/>
    <tag k="highway" v="crossing"/>
    <tag k="tactile_paving" v="yes"/>
  </node>
  <node id="2263979127" lat="35.6922450" lon="139.7056631">
    <tag k="crossing" v="traffic_signals"/>
    <tag k="crossing:markings" v="zebra"/>
    <tag k="highway" v="crossing"/>
    <tag k="tactile_paving" v="yes"/>
  </node>
  <node id="2263979129" lat="35.6923382" lon="139.7059623">
    <tag k="button_operated" v="no"/>
    <tag k="crossing" v="traffic_signals"/>
    <tag k="crossing:markings" v="zebra"/>
    <tag k="highway" v="crossing"/>
    <tag k="tactile_paving" v="yes"/>
    <tag k="traffic_signals:sound" v="yes"/>
    <tag k="traffic_signals:vibration" v="no"/>
  </node>
  <node id="2263979131" lat="35.6924411" lon="139.7055161">
    <tag k="crossing" v="traffic_signals"/>
    <tag k="crossing:markings" v="zebra"/>
    <tag k="highway" v="crossing"/>
    <tag k="tactile_paving" v="yes"/>
  </node>
  <node id="2263979134" lat="35.6924606" lon="139.7060187">
    <tag k="button_operated" v="no"/>
    <tag k="crossing" v="traffic_signals"/>
    <tag k="crossing:markings" v="zebra"/>
    <tag k="highway" v="crossing"/>
    <tag k="tactile_paving" v="yes"/>
    <tag k="traffic_signals:sound" v="yes"/>
  </node>
  <node id="2263979137" lat="35.6925768" lon="139.7055671">
    <tag k="crossing" v="traffic_signals"/>
    <tag k="crossing:markings" v="zebra"/>
    <tag k="highway" v="crossing"/>
    <tag k="tactile_paving" v="yes"/>
  </node>
  <node id="2263979139" lat="35.6926305" lon="139.7059741">
    <tag k="button_operated" v="no"/>
    <tag k="crossing" v="traffic_signals"/>
    <tag k="crossing:markings" v="zebra"/>
    <tag k="highway" v="crossing"/>
    <tag k="tactile_paving" v="yes"/>
    <tag k="traffic_signals:sound" v="yes"/>
    <tag k="traffic_signals:vibration" v="no"/>
  </node>
  <node id="2263979140" lat="35.6926575" lon="139.7059045">
    <tag k="button_operated" v="no"/>
    <tag k="crossing" v="traffic_signals"/>
    <tag k="crossing:markings" v="zebra"/>
    <tag k="highway" v="crossing"/>
    <tag k="tactile_paving" v="yes"/>
    <tag k="traffic_signals:sound" v="yes"/>
    <tag k="traffic_signals:vibration" v="no"/>
  </node>
  <node id="2264064226" lat="35.6926257" lon="139.7070433"/>
  <node id="2298275316" lat="35.6858670" lon="139.6919230"/>
  <node id="2298275317" lat="35.6858965" lon="139.6920105"/>
  <node id="2298275318" lat="35.6861749" lon="139.6925665"/>
  <node id="2298275319" lat="35.6860186" lon="139.6926973"/>
  <node id="2321447925" lat="35.6816101" lon="139.7101186"/>
  <node id="2321447933" lat="35.6825726" lon="139.7053175"/>
  <node id="2327217324" lat="35.6861789" lon="139.6912304"/>
  <node id="2327217331" lat="35.6868371" lon="139.6906880">
    <tag k="highway" v="crossing"/>
  </node>
  <node id="2327217336" lat="35.6869586" lon="139.6906722">
    <tag k="highway" v="crossing"/>
  </node>
  <node id="2327217339" lat="35.6871214" lon="139.6905777"/>
  <node id="2388380494" lat="35.6821121" lon="139.7089070"/>
  <node id="2389061788" lat="35.6908815" lon="139.6963177">
    <tag k="highway" v="crossing"/>
    <tag k="source" v="Bing"/>
  </node>
  <node id="2389061789" lat="35.6910028" lon="139.6961184">
    <tag k="highway" v="crossing"/>
    <tag k="source" v="Bing"/>
  </node>
  <node id="2389061790" lat="35.6910501" lon="139.6966392">
    <tag k="highway" v="crossing"/>
    <tag k="source" v="Bing"/>
  </node>
  <node id="2389061797" lat="35.6911430" lon="139.6960943">
    <tag k="highway" v="crossing"/>
    <tag k="source" v="Bing"/>
  </node>
  <node id="2389061798" lat="35.6911819" lon="139.6966280">
    <tag k="highway" v="crossing"/>
    <tag k="source" v="Bing"/>
  </node>
  <node id="2389061799" lat="35.6912670" lon="139.6963462">
    <tag k="crossing" v="traffic_signals"/>
    <tag k="highway" v="crossing"/>
    <tag k="source" v="Bing"/>
  </node>
  <node id="2389062089" lat="35.6908537" lon="139.6946482"/>
  <node id="2389062090" lat="35.6909307" lon="139.6946230"/>
  <node id="2389073380" lat="35.6912473" lon="139.6980625"/>
  <node id="2390547544" lat="35.6936725" lon="139.6957014">
    <tag k="crossing" v="uncontrolled"/>
    <tag k="crossing:markings" v="yes"/>
    <tag k="highway" v="crossing"/>
    <tag k="source" v="Bing 2010"/>
  </node>
  <node id="2390973850" lat="35.6938634" lon="139.6949903">
    <tag k="button_operated" v="no"/>
    <tag k="crossing" v="traffic_signals"/>
    <tag k="highway" v="crossing"/>
    <tag k="source" v="Bing 2010"/>
    <tag k="tactile_paving" v="no"/>
    <tag k="traffic_signals:sound" v="no"/>
    <tag k="traffic_signals:vibration" v="no"/>
  </node>
  <node id="2390973854" lat="35.6941181" lon="139.6940933">
    <tag k="crossing" v="informal"/>
  </node>
  <node id="2390973865" lat="35.6942860" lon="139.6935592">
    <tag k="crossing" v="uncontrolled"/>
    <tag k="crossing:markings" v="yes"/>
    <tag k="crossing:signals" v="no"/>
    <tag k="highway" v="crossing"/>
    <tag k="tactile_paving" v="no"/>
  </node>
  <node id="2390973872" lat="35.6944387" lon="139.6931235">
    <tag k="crossing" v="uncontrolled"/>
    <tag k="crossing:markings" v="yes"/>
    <tag k="highway" v="crossing"/>
  </node>
  <node id="2391072319" lat="35.6950628" lon="139.6912995">
    <tag k="crossing" v="zebra"/>
    <tag k="crossing:island" v="no"/>
    <tag k="highway" v="crossing"/>
    <tag k="tactile_paving" v="no"/>
  </node>
  <node id="2391072322" lat="35.6955961" lon="139.6896422">
    <tag k="crossing" v="uncontrolled"/>
    <tag k="crossing:markings" v="no"/>
    <tag k="highway" v="crossing"/>
  </node>
  <node id="2393522938" lat="35.6838873" lon="139.7044033"/>
  <node id="2393522940" lat="35.6838766" lon="139.7044752">
    <tag k="bicycle" v="designated"/>
    <tag k="crossing" v="uncontrolled"/>
    <tag k="highway" v="crossing"/>
    <tag k="source" v="Bing 2010"/>
  </node>
  <node id="2393522941" lat="35.6837547" lon="139.7042325"/>
  <node id="2393522945" lat="35.6836134" lon="139.7042592">
    <tag k="crossing" v="uncontrolled"/>
    <tag k="crossing:markings" v="zebra"/>
    <tag k="highway" v="crossing"/>
    <tag k="source" v="Bing 2010"/>
  </node>
  <node id="2393522947" lat="35.6837721" lon="139.7044734"/>
  <node id="2393558944" lat="35.6918101" lon="139.7054024">
    <tag k="crossing" v="traffic_signals"/>
    <tag k="crossing:markings" v="zebra"/>
    <tag k="highway" v="crossing"/>
    <tag k="tactile_paving" v="no"/>
  </node>
  <node id="2393558945" lat="35.6919150" lon="139.7053728">
    <tag k="crossing" v="uncontrolled"/>
    <tag k="crossing:markings" v="zebra"/>
    <tag k="highway" v="crossing"/>
    <tag k="source" v="Bing 2010"/>
    <tag k="tactile_paving" v="yes"/>
  </node>
  <node id="2393558946" lat="35.6845564" lon="139.7037617">
    <tag k="crossing" v="traffic_signals"/>
    <tag k="highway" v="crossing"/>
    <tag k="source" v="Bing 2010"/>
  </node>
  <node id="2393558948" lat="35.6921008" lon="139.7072761">
    <tag k="bicycle" v="designated"/>
    <tag k="button_operated" v="no"/>
    <tag k="crossing" v="marked"/>
    <tag k="crossing:markings" v="zebra"/>
    <tag k="highway" v="crossing"/>
    <tag k="source" v="Bing 2010"/>
    <tag k="tactile_paving" v="yes"/>
    <tag k="traffic_signals:sound" v="no"/>
  </node>
  <node id="2393558949" lat="35.6895988" lon="139.7040762">
    <tag k="bicycle" v="designated"/>
    <tag k="crossing" v="traffic_signals"/>
    <tag k="crossing:markings" v="zebra"/>
    <tag k="highway" v="crossing"/>
    <tag k="source" v="Bing 2010"/>
    <tag k="tactile_paving" v="yes"/>
  </node>
  <node id="2393558950" lat="35.6900013" lon="139.7043345">
    <tag k="bicycle" v="designated"/>
    <tag k="crossing" v="traffic_signals"/>
    <tag k="crossing:markings" v="zebra"/>
    <tag k="highway" v="crossing"/>
    <tag k="source" v="Bing 2010"/>
  </node>
  <node id="2393558951" lat="35.6932261" lon="139.7068084"/>
  <node id="2393558952" lat="35.6910557" lon="139.7069919">
    <tag k="crossing" v="traffic_signals"/>
    <tag k="crossing:markings" v="zebra"/>
    <tag k="highway" v="crossing"/>
    <tag k="source" v="Bing 2010"/>
  </node>
  <node id="2393558953" lat="35.6899057" lon="139.7069872">
    <tag k="bicycle" v="designated"/>
    <tag k="crossing" v="traffic_signals"/>
    <tag k="crossing:markings" v="zebra"/>
    <tag k="highway" v="crossing"/>
    <tag k="source" v="Bing 2010"/>
  </node>
  <node id="2393558955" lat="35.6878045" lon="139.7028444"/>
  <node id="2393558956" lat="35.6917694" lon="139.7054652">
    <tag k="crossing" v="traffic_signals"/>
    <tag k="crossing:markings" v="zebra"/>
    <tag k="highway" v="crossing"/>
    <tag k="tactile_paving" v="no"/>
  </node>
  <node id="2393558957" lat="35.6918870" lon="139.7071119">
    <tag k="bicycle" v="designated"/>
    <tag k="crossing" v="marked"/>
    <tag k="crossing:markings" v="zebra"/>
    <tag k="highway" v="crossing"/>
    <tag k="source" v="Bing 2010"/>
    <tag k="tactile_paving" v="yes"/>
  </node>
  <node id="2393558958" lat="35.6901835" lon="139.7067573">
    <tag k="bicycle" v="designated"/>
    <tag k="crossing" v="traffic_signals"/>
    <tag k="crossing:markings" v="zebra"/>
    <tag k="highway" v="crossing"/>
    <tag k="source" v="Bing 2010"/>
  </node>
  <node id="2393558959" lat="35.6862766" lon="139.7032740"/>
  <node id="2393558960" lat="35.6846290" lon="139.7040167">
    <tag k="crossing" v="traffic_signals"/>
    <tag k="crossing:markings" v="zebra"/>
    <tag k="highway" v="crossing"/>
    <tag k="source" v="Bing 2010"/>
  </node>
  <node id="2393558961" lat="35.6902854" lon="139.7070763">
    <tag k="highway" v="crossing"/>
    <tag k="source" v="Bing 2010"/>
  </node>
  <node id="2393558962" lat="35.6922775" lon="139.7070730">
    <tag k="bicycle" v="designated"/>
    <tag k="crossing" v="marked"/>
    <tag k="crossing:markings" v="zebra"/>
    <tag k="highway" v="crossing"/>
    <tag k="source" v="Bing 2010"/>
    <tag k="tactile_paving" v="yes"/>
  </node>
  <node id="2393558963" lat="35.6897246" lon="139.7042972">
    <tag k="bicycle" v="designated"/>
    <tag k="crossing" v="traffic_signals"/>
    <tag k="crossing:markings" v="zebra"/>
    <tag k="highway" v="crossing"/>
    <tag k="source" v="Bing 2010"/>
  </node>
  <node id="2393558965" lat="35.6899817" lon="139.7042226">
    <tag k="crossing" v="traffic_signals"/>
    <tag k="crossing:markings" v="zebra"/>
    <tag k="highway" v="crossing"/>
    <tag k="source" v="Bing 2010"/>
  </node>
  <node id="2393558966" lat="35.6918997" lon="139.7069681">
    <tag k="bicycle" v="designated"/>
    <tag k="crossing" v="marked"/>
    <tag k="crossing:markings" v="zebra"/>
    <tag k="highway" v="crossing"/>
    <tag k="source" v="Bing 2010"/>
    <tag k="tactile_paving" v="yes"/>
  </node>
  <node id="2393558968" lat="35.6907661" lon="139.7070826">
    <tag k="crossing" v="traffic_signals"/>
    <tag k="crossing:markings" v="zebra"/>
    <tag k="highway" v="crossing"/>
    <tag k="source" v="Bing 2010"/>
  </node>
  <node id="2393558970" lat="35.6844166" lon="139.7037476">
    <tag k="crossing" v="traffic_signals"/>
    <tag k="crossing:markings" v="zebra"/>
    <tag k="highway" v="crossing"/>
    <tag k="source" v="Bing 2010"/>
  </node>
  <node id="2393558972" lat="35.6846284" lon="139.7039526">
    <tag k="crossing" v="traffic_signals"/>
    <tag k="highway" v="crossing"/>
    <tag k="source" v="Bing 2010"/>
  </node>
  <node id="2393558973" lat="35.6921170" lon="139.7067588">
    <tag k="crossing" v="marked"/>
    <tag k="crossing:markings" v="zebra"/>
    <tag k="highway" v="crossing"/>
    <tag k="source" v="Bing 2010"/>
    <tag k="tactile_paving" v="no"/>
  </node>
  <node id="2393558974" lat="35.6878689" lon="139.7029328"/>
  <node id="2393558975" lat="35.6900935" lon="139.7065656">
    <tag k="bicycle" v="designated"/>
    <tag k="button_operated" v="no"/>
    <tag k="crossing" v="traffic_signals"/>
    <tag k="crossing:island" v="no"/>
    <tag k="crossing:markings" v="zebra"/>
    <tag k="highway" v="crossing"/>
    <tag k="source" v="Bing 2010"/>
    <tag k="tactile_paving" v="yes"/>
    <tag k="traffic_signals:sound" v="yes"/>
    <tag k="traffic_signals:vibration" v="no"/>
  </node>
  <node id="2393558977" lat="35.6898556" lon="139.7043793">
    <tag k="bicycle" v="designated"/>
    <tag k="crossing" v="traffic_signals"/>
    <tag k="crossing:markings" v="zebra"/>
    <tag k="highway" v="crossing"/>
    <tag k="source" v="Bing 2010"/>
  </node>
  <node id="2393558979" lat="35.6910287" lon="139.7071165">
    <tag k="crossing" v="traffic_signals"/>
    <tag k="crossing:markings" v="zebra"/>
    <tag k="highway" v="crossing"/>
    <tag k="source" v="Bing 2010"/>
  </node>
  <node id="2393558980" lat="35.6907885" lon="139.7069473">
    <tag k="crossing" v="traffic_signals"/>
    <tag k="crossing:markings" v="zebra"/>
    <tag k="highway" v="crossing"/>
    <tag k="source" v="Bing 2010"/>
  </node>
  <node id="2393558981" lat="35.6879245" lon="139.7027279">
    <tag k="crossing" v="traffic_signals"/>
    <tag k="crossing:markings" v="zebra"/>
    <tag k="highway" v="crossing"/>
    <tag k="source" v="Bing 2010"/>
  </node>
  <node id="2393558982" lat="35.6862945" lon="139.7033677"/>
  <node id="2393558983" lat="35.6928921" lon="139.7061903">
    <tag k="crossing" v="uncontrolled"/>
    <tag k="crossing:island" v="no"/>
    <tag k="crossing:markings" v="zebra"/>
    <tag k="highway" v="crossing"/>
    <tag k="source" v="Bing 2010"/>
    <tag k="tactile_paving" v="yes"/>
  </node>
  <node id="2393558984" lat="35.6901225" lon="139.7068972">
    <tag k="bicycle" v="designated"/>
    <tag k="button_operated" v="no"/>
    <tag k="crossing" v="traffic_signals"/>
    <tag k="crossing:markings" v="zebra"/>
    <tag k="highway" v="crossing"/>
    <tag k="source" v="Bing 2010"/>
    <tag k="tactile_paving" v="yes"/>
    <tag k="traffic_signals:sound" v="yes"/>
    <tag k="traffic_signals:vibration" v="no"/>
  </node>
  <node id="2393558986" lat="35.6905633" lon="139.7071597">
    <tag k="highway" v="crossing"/>
    <tag k="source" v="Bing 2010"/>
  </node>
  <node id="2393558987" lat="35.6896921" lon="139.7039179">
    <tag k="bicycle" v="designated"/>
    <tag k="crossing" v="traffic_signals"/>
    <tag k="crossing:markings" v="zebra"/>
    <tag k="highway" v="crossing"/>
    <tag k="source" v="Bing 2010"/>
  </node>
  <node id="2393558988" lat="35.6843803" lon="139.7038221">
    <tag k="crossing" v="traffic_signals"/>
    <tag k="highway" v="crossing"/>
    <tag k="source" v="Bing 2010"/>
  </node>
  <node id="2393558989" lat="35.6898107" lon="139.7039912">
    <tag k="bicycle" v="designated"/>
    <tag k="button_operated" v="no"/>
    <tag k="crossing" v="traffic_signals"/>
    <tag k="crossing:markings" v="zebra"/>
    <tag k="highway" v="crossing"/>
    <tag k="source" v="Bing 2010"/>
    <tag k="tactile_paving" v="yes"/>
    <tag k="traffic_signals:sound" v="yes"/>
    <tag k="traffic_signals:vibration" v="no"/>
  </node>
  <node id="2393558991" lat="35.6919797" lon="139.7072794">
    <tag k="button_operated" v="no"/>
    <tag k="crossing" v="marked"/>
    <tag k="crossing:markings" v="zebra"/>
    <tag k="highway" v="crossing"/>
    <tag k="source" v="Bing 2010"/>
    <tag k="tactile_paving" v="yes"/>
    <tag k="traffic_signals:sound" v="no"/>
  </node>
  <node id="2393558992" lat="35.6923263" lon="139.7069088">
    <tag k="bicycle" v="designated"/>
    <tag k="crossing" v="marked"/>
    <tag k="crossing:markings" v="zebra"/>
    <tag k="highway" v="crossing"/>
    <tag k="source" v="Bing 2010"/>
    <tag k="tactile_paving" v="yes"/>
  </node>
  <node id="2393558993" lat="35.6904056" lon="139.7043978">
    <tag k="crossing" v="uncontrolled"/>
    <tag k="crossing:markings" v="zebra"/>
    <tag k="highway" v="crossing"/>
    <tag k="source" v="Bing 2010"/>
  </node>
  <node id="2393558994" lat="35.6922568" lon="139.7067346">
    <tag k="crossing" v="marked"/>
    <tag k="crossing:markings" v="zebra"/>
    <tag k="highway" v="crossing"/>
    <tag k="source" v="Bing 2010"/>
    <tag k="tactile_paving" v="yes"/>
  </node>
  <node id="2393558995" lat="35.6845306" lon="139.7039962">
    <tag k="crossing" v="traffic_signals"/>
    <tag k="highway" v="crossing"/>
    <tag k="source" v="Bing 2010"/>
  </node>
  <node id="2393558996" lat="35.6896020" lon="139.7039764">
    <tag k="bicycle" v="designated"/>
    <tag k="crossing" v="traffic_signals"/>
    <tag k="crossing:markings" v="zebra"/>
    <tag k="highway" v="crossing"/>
    <tag k="source" v="Bing 2010"/>
  </node>
  <node id="2393558997" lat="35.6932290" lon="139.7069720"/>
  <node id="2393573004" lat="35.6978725" lon="139.7076973">
    <tag k="bicycle" v="designated"/>
    <tag k="crossing" v="traffic_signals"/>
    <tag k="crossing_ref" v="zebra"/>
    <tag k="highway" v="crossing"/>
    <tag k="source" v="Bing 2010"/>
  </node>
  <node id="2393573005" lat="35.6979620" lon="139.7077157">
    <tag k="bicycle" v="designated"/>
    <tag k="crossing" v="traffic_signals"/>
    <tag k="crossing_ref" v="zebra"/>
    <tag k="highway" v="crossing"/>
    <tag k="source" v="Bing 2010"/>
  </node>
  <node id="2393573006" lat="35.6952512" lon="139.7067949">
    <tag k="crossing" v="marked"/>
    <tag k="crossing:markings" v="yes"/>
    <tag k="highway" v="crossing"/>
    <tag k="source" v="Bing 2010"/>
    <tag k="tactile_paving" v="yes"/>
  </node>
  <node id="2393573015" lat="35.7007849" lon="139.7079889">
    <tag k="crossing" v="traffic_signals"/>
    <tag k="crossing_ref" v="zebra"/>
    <tag k="highway" v="crossing"/>
    <tag k="name" v="大久保二丁目"/>
    <tag k="source" v="Bing 2010"/>
    <tag k="tactile_paving" v="yes"/>
  </node>
  <node id="2393573017" lat="35.6966708" lon="139.7073075">
    <tag k="button_operated" v="yes"/>
    <tag k="crossing" v="traffic_signals"/>
    <tag k="crossing:markings" v="zebra"/>
    <tag k="highway" v="crossing"/>
    <tag k="source" v="Bing 2010"/>
    <tag k="tactile_paving" v="yes"/>
    <tag k="traffic_signals:sound" v="yes"/>
    <tag k="traffic_signals:vibration" v="yes"/>
  </node>
  <node id="2393573022" lat="35.6950417" lon="139.7068304">
    <tag k="bicycle" v="designated"/>
    <tag k="button_operated" v="yes"/>
    <tag k="crossing" v="traffic_signals"/>
    <tag k="crossing:markings" v="zebra"/>
    <tag k="highway" v="crossing"/>
    <tag k="source" v="Bing 2010"/>
    <tag k="tactile_paving" v="yes"/>
    <tag k="traffic_signals:sound" v="yes"/>
    <tag k="traffic_signals:vibration" v="yes"/>
  </node>
  <node id="2393573023" lat="35.6947715" lon="139.7067673">
    <tag k="bicycle" v="designated"/>
    <tag k="button_operated" v="yes"/>
    <tag k="crossing" v="traffic_signals"/>
    <tag k="crossing:markings" v="zebra"/>
    <tag k="highway" v="crossing"/>
    <tag k="source" v="Bing 2010"/>
    <tag k="tactile_paving" v="yes"/>
    <tag k="traffic_signals:sound" v="yes"/>
    <tag k="traffic_signals:vibration" v="yes"/>
  </node>
  <node id="2393573024" lat="35.6981065" lon="139.7075939">
    <tag k="bicycle" v="designated"/>
    <tag k="button_operated" v="yes"/>
    <tag k="crossing" v="traffic_signals"/>
    <tag k="crossing_ref" v="zebra"/>
    <tag k="highway" v="crossing"/>
    <tag k="source" v="Bing 2010"/>
    <tag k="tactile_paving" v="yes"/>
    <tag k="traffic_signals:sound" v="yes"/>
    <tag k="traffic_signals:vibration" v="no"/>
  </node>
  <node id="2393573027" lat="35.6947845" lon="139.7069354">
    <tag k="bicycle" v="designated"/>
    <tag k="button_operated" v="yes"/>
    <tag k="crossing" v="traffic_signals"/>
    <tag k="crossing:markings" v="zebra"/>
    <tag k="highway" v="crossing"/>
    <tag k="source" v="Bing 2010"/>
    <tag k="tactile_paving" v="yes"/>
    <tag k="traffic_signals:sound" v="yes"/>
    <tag k="traffic_signals:vibration" v="yes"/>
  </node>
  <node id="2393573028" lat="35.6949250" lon="139.7070584">
    <tag k="bicycle" v="designated"/>
    <tag k="button_operated" v="yes"/>
    <tag k="crossing" v="traffic_signals"/>
    <tag k="crossing:markings" v="zebra"/>
    <tag k="highway" v="crossing"/>
    <tag k="source" v="Bing 2010"/>
    <tag k="tactile_paving" v="yes"/>
    <tag k="traffic_signals:sound" v="yes"/>
    <tag k="traffic_signals:vibration" v="yes"/>
  </node>
  <node id="2393573030" lat="35.6966861" lon="139.7071894">
    <tag k="button_operated" v="yes"/>
    <tag k="crossing" v="traffic_signals"/>
    <tag k="crossing:markings" v="zebra"/>
    <tag k="highway" v="crossing"/>
    <tag k="source" v="Bing 2010"/>
    <tag k="tactile_paving" v="yes"/>
    <tag k="traffic_signals:sound" v="yes"/>
    <tag k="traffic_signals:vibration" v="yes"/>
  </node>
  <node id="2393573040" lat="35.6977914" lon="139.7074174">
    <tag k="button_operated" v="yes"/>
    <tag k="crossing" v="traffic_signals"/>
    <tag k="crossing_ref" v="zebra"/>
    <tag k="highway" v="crossing"/>
    <tag k="source" v="Bing 2010"/>
    <tag k="tactile_paving" v="yes"/>
    <tag k="traffic_signals:sound" v="yes"/>
    <tag k="traffic_signals:vibration" v="no"/>
  </node>
  <node id="2393573043" lat="35.7007744" lon="139.7081009">
    <tag k="crossing" v="traffic_signals"/>
    <tag k="crossing_ref" v="zebra"/>
    <tag k="highway" v="crossing"/>
    <tag k="name" v="大久保二丁目"/>
    <tag k="source" v="Bing 2010"/>
    <tag k="tactile_paving" v="yes"/>
  </node>
  <node id="2393573045" lat="35.6948764" lon="139.7066664">
    <tag k="bicycle" v="designated"/>
    <tag k="button_operated" v="yes"/>
    <tag k="crossing" v="traffic_signals"/>
    <tag k="crossing:island" v="no"/>
    <tag k="crossing:markings" v="zebra"/>
    <tag k="highway" v="crossing"/>
    <tag k="source" v="Bing 2010"/>
    <tag k="tactile_paving" v="yes"/>
    <tag k="traffic_signals:sound" v="yes"/>
    <tag k="traffic_signals:vibration" v="yes"/>
  </node>
  <node id="2393573047" lat="35.6979282" lon="139.7072690">
    <tag k="button_operated" v="yes"/>
    <tag k="crossing" v="traffic_signals"/>
    <tag k="crossing_ref" v="zebra"/>
    <tag k="highway" v="crossing"/>
    <tag k="source" v="Bing 2010"/>
    <tag k="tactile_paving" v="yes"/>
    <tag k="traffic_signals:sound" v="yes"/>
    <tag k="traffic_signals:vibration" v="no"/>
  </node>
  <node id="2393573050" lat="35.6977768" lon="139.7075384">
    <tag k="button_operated" v="yes"/>
    <tag k="crossing" v="traffic_signals"/>
    <tag k="crossing_ref" v="zebra"/>
    <tag k="highway" v="crossing"/>
    <tag k="source" v="Bing 2010"/>
    <tag k="tactile_paving" v="yes"/>
    <tag k="traffic_signals:sound" v="yes"/>
    <tag k="traffic_signals:vibration" v="no"/>
  </node>
  <node id="2393573052" lat="35.6981227" lon="139.7074737">
    <tag k="bicycle" v="designated"/>
    <tag k="button_operated" v="yes"/>
    <tag k="crossing" v="traffic_signals"/>
    <tag k="crossing_ref" v="zebra"/>
    <tag k="highway" v="crossing"/>
    <tag k="source" v="Bing 2010"/>
    <tag k="tactile_paving" v="yes"/>
    <tag k="traffic_signals:sound" v="yes"/>
    <tag k="traffic_signals:vibration" v="no"/>
  </node>
  <node id="2393573053" lat="35.6980198" lon="139.7072835">
    <tag k="bicycle" v="designated"/>
    <tag k="button_operated" v="yes"/>
    <tag k="crossing" v="traffic_signals"/>
    <tag k="crossing_ref" v="zebra"/>
    <tag k="highway" v="crossing"/>
    <tag k="source" v="Bing 2010"/>
    <tag k="tactile_paving" v="yes"/>
    <tag k="traffic_signals:sound" v="yes"/>
    <tag k="traffic_signals:vibration" v="no"/>
  </node>
  <node id="2394599965" lat="35.6877815" lon="139.7140490">
    <tag k="bicycle" v="designated"/>
    <tag k="crossing" v="traffic_signals"/>
    <tag k="highway" v="crossing"/>
    <tag k="source" v="Bing 2010"/>
  </node>
  <node id="2394599967" lat="35.6882741" lon="139.7117964">
    <tag k="crossing" v="uncontrolled"/>
    <tag k="crossing:island" v="no"/>
    <tag k="highway" v="crossing"/>
    <tag k="source" v="Bing 2010"/>
    <tag k="tactile_paving" v="yes"/>
  </node>
  <node id="2394599968" lat="35.6885078" lon="139.7106779">
    <tag k="crossing" v="uncontrolled"/>
    <tag k="highway" v="crossing"/>
    <tag k="source" v="Bing 2010"/>
  </node>
  <node id="2394599969" lat="35.6887303" lon="139.7100752">
    <tag k="bicycle" v="designated"/>
    <tag k="button_operated" v="no"/>
    <tag k="crossing" v="traffic_signals"/>
    <tag k="crossing:island" v="no"/>
    <tag k="highway" v="crossing"/>
    <tag k="source" v="Bing 2010"/>
    <tag k="tactile_paving" v="yes"/>
    <tag k="traffic_signals:sound" v="no"/>
    <tag k="traffic_signals:vibration" v="no"/>
  </node>
  <node id="2394599970" lat="35.6914749" lon="139.7035226">
    <tag k="crossing" v="traffic_signals"/>
    <tag k="crossing:markings" v="zebra"/>
    <tag k="highway" v="crossing"/>
    <tag k="tactile_paving" v="no"/>
  </node>
  <node id="2394599972" lat="35.6879784" lon="139.7140794">
    <tag k="bicycle" v="designated"/>
    <tag k="crossing" v="traffic_signals"/>
    <tag k="highway" v="crossing"/>
    <tag k="source" v="Bing 2010"/>
  </node>
  <node id="2394599975" lat="35.6875477" lon="139.7155756">
    <tag k="bicycle" v="designated"/>
    <tag k="crossing" v="traffic_signals"/>
    <tag k="highway" v="crossing"/>
    <tag k="source" v="Bing 2010"/>
  </node>
  <node id="2394599981" lat="35.6921330" lon="139.7017096">
    <tag k="crossing" v="traffic_signals"/>
    <tag k="crossing:markings" v="zebra"/>
    <tag k="highway" v="crossing"/>
    <tag k="tactile_paving" v="no"/>
  </node>
  <node id="2394599982" lat="35.6888837" lon="139.7099367">
    <tag k="bicycle" v="designated"/>
    <tag k="button_operated" v="no"/>
    <tag k="crossing" v="traffic_signals"/>
    <tag k="crossing:island" v="no"/>
    <tag k="highway" v="crossing"/>
    <tag k="source" v="Bing 2010"/>
    <tag k="tactile_paving" v="yes"/>
    <tag k="traffic_signals:sound" v="no"/>
    <tag k="traffic_signals:vibration" v="no"/>
  </node>
  <node id="2394599983" lat="35.6881553" lon="139.7123634">
    <tag k="crossing" v="uncontrolled"/>
    <tag k="highway" v="crossing"/>
    <tag k="source" v="Bing 2010"/>
  </node>
  <node id="2394599984" lat="35.6874772" lon="139.7155860">
    <tag k="bicycle" v="designated"/>
    <tag k="crossing" v="traffic_signals"/>
    <tag k="highway" v="crossing"/>
    <tag k="source" v="Bing 2010"/>
  </node>
  <node id="2394599985" lat="35.6887906" lon="139.7097897">
    <tag k="bicycle" v="designated"/>
    <tag k="button_operated" v="no"/>
    <tag k="crossing" v="traffic_signals"/>
    <tag k="crossing:island" v="no"/>
    <tag k="highway" v="crossing"/>
    <tag k="source" v="Bing 2010"/>
    <tag k="tactile_paving" v="yes"/>
    <tag k="traffic_signals:sound" v="no"/>
    <tag k="traffic_signals:vibration" v="no"/>
  </node>
  <node id="2394599986" lat="35.6886535" lon="139.7108401">
    <tag k="crossing" v="uncontrolled"/>
    <tag k="highway" v="crossing"/>
    <tag k="source" v="Bing 2010"/>
  </node>
  <node id="2394599992" lat="35.6883347" lon="139.7119083">
    <tag k="crossing" v="traffic_signals"/>
    <tag k="highway" v="crossing"/>
    <tag k="source" v="Bing 2010"/>
  </node>
  <node id="2394599998" lat="35.6914462" lon="139.7037851">
    <tag k="crossing" v="traffic_signals"/>
    <tag k="crossing:markings" v="zebra"/>
    <tag k="highway" v="crossing"/>
    <tag k="tactile_paving" v="no"/>
  </node>
  <node id="2394600005" lat="35.6913278" lon="139.7038511">
    <tag k="crossing" v="traffic_signals"/>
    <tag k="crossing:markings" v="zebra"/>
    <tag k="highway" v="crossing"/>
    <tag k="tactile_paving" v="no"/>
  </node>
  <node id="2394600012" lat="35.6878086" lon="139.7142236">
    <tag k="bicycle" v="designated"/>
    <tag k="crossing" v="traffic_signals"/>
    <tag k="highway" v="crossing"/>
    <tag k="source" v="Bing 2010"/>
  </node>
  <node id="2394600015" lat="35.6879159" lon="139.7139020">
    <tag k="bicycle" v="designated"/>
    <tag k="crossing" v="traffic_signals"/>
    <tag k="highway" v="crossing"/>
    <tag k="source" v="Bing 2010"/>
  </node>
  <node id="2394600019" lat="35.6882210" lon="139.7129122">
    <tag k="crossing" v="uncontrolled"/>
    <tag k="highway" v="crossing"/>
    <tag k="source" v="Bing 2010"/>
  </node>
  <node id="2394600022" lat="35.6878828" lon="139.7145336">
    <tag k="crossing" v="marked"/>
    <tag k="crossing:markings" v="yes"/>
    <tag k="highway" v="crossing"/>
    <tag k="source" v="Bing 2010"/>
  </node>
  <node id="2394600027" lat="35.6895518" lon="139.7077561">
    <tag k="crossing" v="traffic_signals"/>
    <tag k="highway" v="crossing"/>
    <tag k="source" v="Bing 2010"/>
  </node>
  <node id="2394600030" lat="35.6884450" lon="139.7118539">
    <tag k="crossing" v="uncontrolled"/>
    <tag k="highway" v="crossing"/>
    <tag k="source" v="Bing 2010"/>
    <tag k="tactile_paving" v="yes"/>
  </node>
  <node id="2394600037" lat="35.6880463" lon="139.7128854">
    <tag k="crossing" v="uncontrolled"/>
    <tag k="highway" v="crossing"/>
    <tag k="source" v="Bing 2010"/>
  </node>
  <node id="2394600040" lat="35.6922807" lon="139.7016650">
    <tag k="crossing" v="traffic_signals"/>
    <tag k="crossing:markings" v="zebra"/>
    <tag k="highway" v="crossing"/>
    <tag k="tactile_paving" v="no"/>
  </node>
  <node id="2394600064" lat="35.6875255" lon="139.7154201">
    <tag k="crossing" v="marked"/>
    <tag k="crossing:markings" v="yes"/>
    <tag k="highway" v="crossing"/>
    <tag k="source" v="Bing 2010"/>
  </node>
  <node id="2394600067" lat="35.6886250" lon="139.7099247">
    <tag k="bicycle" v="designated"/>
    <tag k="button_operated" v="no"/>
    <tag k="crossing" v="traffic_signals"/>
    <tag k="crossing:island" v="no"/>
    <tag k="highway" v="crossing"/>
    <tag k="source" v="Bing 2010"/>
    <tag k="tactile_paving" v="yes"/>
    <tag k="traffic_signals:sound" v="no"/>
    <tag k="traffic_signals:vibration" v="no"/>
  </node>
  <node id="2394600068" lat="35.6878773" lon="139.7142485">
    <tag k="bicycle" v="designated"/>
    <tag k="crossing" v="traffic_signals"/>
    <tag k="highway" v="crossing"/>
    <tag k="source" v="Bing 2010"/>
  </node>
  <node id="2394600070" lat="35.6896408" lon="139.7075683">
    <tag k="crossing" v="traffic_signals"/>
    <tag k="highway" v="crossing"/>
    <tag k="source" v="Bing 2010"/>
  </node>
  <node id="2394600073" lat="35.6919340" lon="139.7025019">
    <tag k="crossing" v="traffic_signals"/>
    <tag k="crossing:markings" v="zebra"/>
    <tag k="highway" v="crossing"/>
    <tag k="tactile_paving" v="no"/>
  </node>
  <node id="2394600074" lat="35.6918223" lon="139.7027497">
    <tag k="crossing" v="traffic_signals"/>
    <tag k="crossing:markings" v="zebra"/>
    <tag k="highway" v="crossing"/>
    <tag k="tactile_paving" v="no"/>
  </node>
  <node id="2394607037" lat="35.6947036" lon="139.6915958">
    <tag k="crossing:markings" v="yes"/>
    <tag k="crossing:signals" v="no"/>
    <tag k="highway" v="crossing"/>
    <tag k="source" v="Bing 2010"/>
  </node>
  <node id="2394607040" lat="35.6934431" lon="139.6985188">
    <tag k="crossing" v="marked"/>
    <tag k="crossing:markings" v="yes"/>
    <tag k="highway" v="crossing"/>
    <tag k="source" v="Bing 2010"/>
    <tag k="tactile_paving" v="yes"/>
  </node>
  <node id="2394607044" lat="35.6938087" lon="139.6943735">
    <tag k="crossing" v="uncontrolled"/>
    <tag k="crossing:markings" v="yes"/>
    <tag k="highway" v="crossing"/>
    <tag k="source" v="Bing 2010"/>
  </node>
  <node id="2394607047" lat="35.6937594" lon="139.6984858">
    <tag k="crossing" v="uncontrolled"/>
    <tag k="crossing:markings" v="yes"/>
    <tag k="highway" v="crossing"/>
    <tag k="source" v="Bing 2010"/>
  </node>
  <node id="2394607050" lat="35.6936247" lon="139.6949233">
    <tag k="bicycle" v="designated"/>
    <tag k="crossing" v="traffic_signals"/>
    <tag k="highway" v="crossing"/>
    <tag k="source" v="Bing 2010"/>
    <tag k="tactile_paving" v="yes"/>
  </node>
  <node id="2394607056" lat="35.6951654" lon="139.6907502">
    <tag k="button_operated" v="no"/>
    <tag k="crossing" v="traffic_signals"/>
    <tag k="crossing:signals" v="yes"/>
    <tag k="highway" v="crossing"/>
    <tag k="source" v="Bing 2010"/>
    <tag k="tactile_paving" v="no"/>
    <tag k="traffic_signals:sound" v="yes"/>
    <tag k="traffic_signals:vibration" v="no"/>
  </node>
  <node id="2394607060" lat="35.6936745" lon="139.6993666">
    <tag k="bicycle" v="designated"/>
    <tag k="crossing" v="marked"/>
    <tag k="crossing:markings" v="yes"/>
    <tag k="highway" v="crossing"/>
    <tag k="source" v="Bing 2010"/>
  </node>
  <node id="2394607061" lat="35.6935617" lon="139.6989480">
    <tag k="bicycle" v="designated"/>
    <tag k="crossing" v="marked"/>
    <tag k="crossing:markings" v="yes"/>
    <tag k="highway" v="crossing"/>
    <tag k="source" v="Bing 2010"/>
    <tag k="tactile_paving" v="yes"/>
  </node>
  <node id="2394607062" lat="35.6932621" lon="139.6977395">
    <tag k="crossing" v="uncontrolled"/>
    <tag k="crossing:markings" v="yes"/>
    <tag k="highway" v="crossing"/>
    <tag k="source" v="Bing 2010"/>
  </node>
  <node id="2394607065" lat="35.6935901" lon="139.6950246">
    <tag k="bicycle" v="designated"/>
    <tag k="crossing" v="traffic_signals"/>
    <tag k="highway" v="crossing"/>
    <tag k="source" v="Bing 2010"/>
  </node>
  <node id="2394607068" lat="35.6958227" lon="139.6881683">
    <tag k="bicycle" v="designated"/>
    <tag k="highway" v="crossing"/>
    <tag k="source" v="Bing 2010"/>
  </node>
  <node id="2394607071" lat="35.6935906" lon="139.6993776">
    <tag k="bicycle" v="designated"/>
    <tag k="crossing" v="marked"/>
    <tag k="crossing:markings" v="yes"/>
    <tag k="highway" v="crossing"/>
    <tag k="source" v="Bing 2010"/>
  </node>
  <node id="2394607072" lat="35.6936433" lon="139.6952217">
    <tag k="bicycle" v="designated"/>
    <tag k="crossing" v="traffic_signals"/>
    <tag k="highway" v="crossing"/>
    <tag k="source" v="Bing 2010"/>
  </node>
  <node id="2394607074" lat="35.6935327" lon="139.6993854">
    <tag k="crossing" v="marked"/>
    <tag k="crossing:markings" v="yes"/>
    <tag k="highway" v="crossing"/>
    <tag k="source" v="Bing 2010"/>
  </node>
  <node id="2394607075" lat="35.6950299" lon="139.6903388">
    <tag k="bicycle" v="designated"/>
    <tag k="crossing" v="traffic_signals"/>
    <tag k="highway" v="crossing"/>
    <tag k="source" v="Bing 2010"/>
  </node>
  <node id="2394607076" lat="35.6959285" lon="139.6882222">
    <tag k="bicycle" v="designated"/>
    <tag k="highway" v="crossing"/>
    <tag k="source" v="Bing 2010"/>
  </node>
  <node id="2394607078" lat="35.6939227" lon="139.6939812">
    <tag k="highway" v="crossing"/>
    <tag k="source" v="Bing 2010"/>
  </node>
  <node id="2394607079" lat="35.6938332" lon="139.6948455">
    <tag k="bicycle" v="designated"/>
    <tag k="crossing" v="traffic_signals"/>
    <tag k="highway" v="crossing"/>
    <tag k="source" v="Bing 2010"/>
    <tag k="tactile_paving" v="yes"/>
  </node>
  <node id="2394607080" lat="35.6937181" lon="139.6952559">
    <tag k="crossing" v="traffic_signals"/>
    <tag k="highway" v="crossing"/>
    <tag k="source" v="Bing 2010"/>
  </node>
  <node id="2394607082" lat="35.6952279" lon="139.6901341">
    <tag k="bicycle" v="designated"/>
    <tag k="crossing" v="traffic_signals"/>
    <tag k="highway" v="crossing"/>
    <tag k="source" v="Bing 2010"/>
  </node>
  <node id="2394607083" lat="35.6958093" lon="139.6885907">
    <tag k="bicycle" v="designated"/>
    <tag k="highway" v="crossing"/>
    <tag k="source" v="Bing 2010"/>
  </node>
  <node id="2394607084" lat="35.6953289" lon="139.6901791">
    <tag k="bicycle" v="designated"/>
    <tag k="crossing" v="traffic_signals"/>
    <tag k="highway" v="crossing"/>
    <tag k="source" v="Bing 2010"/>
  </node>
  <node id="2394607085" lat="35.6937020" lon="139.6976438">
    <tag k="crossing" v="uncontrolled"/>
    <tag k="crossing:markings" v="no"/>
    <tag k="highway" v="crossing"/>
    <tag k="source" v="Bing 2010"/>
  </node>
  <node id="2394607086" lat="35.6949756" lon="139.6904903">
    <tag k="bicycle" v="designated"/>
    <tag k="crossing" v="traffic_signals"/>
    <tag k="highway" v="crossing"/>
    <tag k="source" v="Bing 2010"/>
  </node>
  <node id="2394607087" lat="35.6950579" lon="139.6906999">
    <tag k="bicycle" v="designated"/>
    <tag k="button_operated" v="no"/>
    <tag k="crossing" v="traffic_signals"/>
    <tag k="crossing:signals" v="yes"/>
    <tag k="highway" v="crossing"/>
    <tag k="source" v="Bing 2010"/>
    <tag k="tactile_paving" v="no"/>
    <tag k="traffic_signals:sound" v="yes"/>
    <tag k="traffic_signals:vibration" v="no"/>
  </node>
  <node id="2396885525" lat="35.6900270" lon="139.7152261">
    <tag k="bicycle" v="designated"/>
    <tag k="crossing" v="traffic_signals"/>
    <tag k="highway" v="crossing"/>
    <tag k="source" v="Bing 2010"/>
  </node>
  <node id="2396885527" lat="35.6853407" lon="139.7158408">
    <tag k="highway" v="crossing"/>
    <tag k="source" v="Bing 2010"/>
  </node>
  <node id="2396885536" lat="35.6883349" lon="139.7155479">
    <tag k="highway" v="crossing"/>
    <tag k="source" v="Bing 2010"/>
  </node>
  <node id="2396885541" lat="35.6895083" lon="139.7145655">
    <tag k="crossing" v="traffic_signals"/>
    <tag k="highway" v="crossing"/>
    <tag k="source" v="Bing 2010"/>
  </node>
  <node id="2396885545" lat="35.6902231" lon="139.7154817">
    <tag k="crossing" v="traffic_signals"/>
    <tag k="crossing:island" v="no"/>
    <tag k="highway" v="crossing"/>
    <tag k="source" v="Bing 2010"/>
  </node>
  <node id="2401040262" lat="35.6914370" lon="139.7101313">
    <tag k="highway" v="crossing"/>
    <tag k="source" v="Bing 2010"/>
  </node>
  <node id="2401040264" lat="35.6922106" lon="139.7212120">
    <tag k="bicycle" v="designated"/>
    <tag k="highway" v="crossing"/>
    <tag k="source" v="Bing 2010"/>
  </node>
  <node id="2401040265" lat="35.6924187" lon="139.7212671">
    <tag k="highway" v="crossing"/>
    <tag k="source" v="Bing 2010"/>
  </node>
  <node id="2401040267" lat="35.6873846" lon="139.7137078">
    <tag k="crossing" v="marked"/>
    <tag k="crossing:markings" v="yes"/>
    <tag k="highway" v="crossing"/>
    <tag k="source" v="Bing 2010"/>
  </node>
  <node id="2401040269" lat="35.6916429" lon="139.7100121">
    <tag k="crossing" v="marked"/>
    <tag k="crossing:markings" v="yes"/>
    <tag k="highway" v="crossing"/>
    <tag k="source" v="Bing 2010"/>
    <tag k="tactile_paving" v="incorrect"/>
  </node>
  <node id="2401040270" lat="35.6885709" lon="139.7143175">
    <tag k="highway" v="crossing"/>
    <tag k="source" v="Bing 2010"/>
  </node>
  <node id="2401040273" lat="35.6911246" lon="139.7166346">
    <tag k="highway" v="crossing"/>
    <tag k="source" v="Bing 2010"/>
  </node>
  <node id="2401040274" lat="35.6881662" lon="139.7098993">
    <tag k="highway" v="crossing"/>
    <tag k="source" v="Bing 2010"/>
  </node>
  <node id="2401040278" lat="35.6913023" lon="139.7164729">
    <tag k="highway" v="crossing"/>
    <tag k="source" v="Bing 2010"/>
  </node>
  <node id="2401040284" lat="35.6883941" lon="139.7088457">
    <tag k="highway" v="traffic_signals"/>
    <tag k="source" v="Bing 2010"/>
    <tag k="traffic_signals" v="signal"/>
  </node>
  <node id="2401040286" lat="35.6915508" lon="139.7099957">
    <tag k="crossing" v="marked"/>
    <tag k="crossing:markings" v="yes"/>
    <tag k="highway" v="crossing"/>
    <tag k="source" v="Bing 2010"/>
    <tag k="tactile_paving" v="incorrect"/>
  </node>
  <node id="2401040287" lat="35.6902145" lon="139.7100023">
    <tag k="bicycle" v="designated"/>
    <tag k="button_operated" v="no"/>
    <tag k="crossing:island" v="no"/>
    <tag k="crossing:signals" v="yes"/>
    <tag k="highway" v="crossing"/>
    <tag k="source" v="Bing 2010"/>
    <tag k="tactile_paving" v="no"/>
    <tag k="traffic_signals:sound" v="no"/>
  </node>
  <node id="2401040289" lat="35.6922809" lon="139.7211806">
    <tag k="bicycle" v="designated"/>
    <tag k="highway" v="crossing"/>
    <tag k="source" v="Bing 2010"/>
  </node>
  <node id="2401040290" lat="35.6916641" lon="139.7191086">
    <tag k="crossing" v="marked"/>
    <tag k="crossing:markings" v="yes"/>
    <tag k="highway" v="crossing"/>
    <tag k="source" v="Bing 2010"/>
    <tag k="traffic_signals" v="signal"/>
  </node>
  <node id="2401040292" lat="35.6880657" lon="139.7099997">
    <tag k="highway" v="crossing"/>
    <tag k="source" v="Bing 2010"/>
  </node>
  <node id="2401040294" lat="35.6916138" lon="139.7102972">
    <tag k="crossing" v="marked"/>
    <tag k="crossing:markings" v="yes"/>
    <tag k="highway" v="crossing"/>
    <tag k="source" v="Bing 2010"/>
    <tag k="tactile_paving" v="incorrect"/>
  </node>
  <node id="2401040295" lat="35.6912358" lon="139.7164553">
    <tag k="bicycle" v="designated"/>
    <tag k="highway" v="crossing"/>
    <tag k="source" v="Bing 2010"/>
  </node>
  <node id="2401040296" lat="35.6903608" lon="139.7100163">
    <tag k="button_operated" v="no"/>
    <tag k="crossing:island" v="no"/>
    <tag k="crossing:signals" v="yes"/>
    <tag k="highway" v="crossing"/>
    <tag k="source" v="Bing 2010"/>
    <tag k="tactile_paving" v="no"/>
    <tag k="traffic_signals:sound" v="no"/>
  </node>
  <node id="2401040297" lat="35.6902730" lon="139.7101045">
    <tag k="button_operated" v="no"/>
    <tag k="crossing:signals" v="yes"/>
    <tag k="highway" v="crossing"/>
    <tag k="source" v="Bing 2010"/>
    <tag k="tactile_paving" v="no"/>
    <tag k="traffic_signals:sound" v="no"/>
    <tag k="traffic_signals:vibration" v="no"/>
  </node>
  <node id="2401040302" lat="35.6915214" lon="139.7102831">
    <tag k="crossing" v="marked"/>
    <tag k="crossing:markings" v="yes"/>
    <tag k="highway" v="crossing"/>
    <tag k="source" v="Bing 2010"/>
    <tag k="tactile_paving" v="incorrect"/>
  </node>
  <node id="2401040303" lat="35.6883908" lon="139.7099773">
    <tag k="crossing:island" v="no"/>
    <tag k="crossing:markings" v="yes"/>
    <tag k="crossing:signals" v="no"/>
    <tag k="highway" v="crossing"/>
    <tag k="source" v="Bing 2010"/>
    <tag k="tactile_paving" v="yes"/>
  </node>
  <node id="2401040304" lat="35.6903073" lon="139.7098911">
    <tag k="bicycle" v="designated"/>
    <tag k="button_operated" v="no"/>
    <tag k="crossing:island" v="no"/>
    <tag k="crossing:signals" v="yes"/>
    <tag k="highway" v="crossing"/>
    <tag k="source" v="Bing 2010"/>
    <tag k="tactile_paving" v="yes"/>
    <tag k="traffic_signals:sound" v="no"/>
    <tag k="traffic_signals:vibration" v="no"/>
  </node>
  <node id="2401040307" lat="35.6886603" lon="139.7142817">
    <tag k="highway" v="crossing"/>
    <tag k="source" v="Bing 2010"/>
  </node>
  <node id="2401040308" lat="35.6892580" lon="139.7098802">
    <tag k="crossing:markings" v="yes"/>
    <tag k="crossing:signals" v="no"/>
    <tag k="highway" v="crossing"/>
    <tag k="source" v="Bing 2010"/>
    <tag k="tactile_paving" v="no"/>
  </node>
  <node id="2401040309" lat="35.6891214" lon="139.7100240">
    <tag k="crossing:markings" v="yes"/>
    <tag k="crossing:signals" v="no"/>
    <tag k="highway" v="crossing"/>
    <tag k="source" v="Bing 2010"/>
    <tag k="tactile_paving" v="no"/>
  </node>
  <node id="2401040315" lat="35.6913520" lon="139.7166252">
    <tag k="highway" v="crossing"/>
    <tag k="source" v="Bing 2010"/>
  </node>
  <node id="2401040316" lat="35.6894194" lon="139.7100366">
    <tag k="crossing:markings" v="yes"/>
    <tag k="crossing:signals" v="no"/>
    <tag k="highway" v="crossing"/>
    <tag k="source" v="Bing 2010"/>
    <tag k="tactile_paving" v="no"/>
  </node>
  <node id="2401040317" lat="35.6924413" lon="139.7213775">
    <tag k="highway" v="crossing"/>
    <tag k="source" v="Bing 2010"/>
  </node>
  <node id="2401040320" lat="35.6917427" lon="139.7190769">
    <tag k="crossing" v="marked"/>
    <tag k="crossing:markings" v="yes"/>
    <tag k="highway" v="crossing"/>
    <tag k="source" v="Bing 2010"/>
    <tag k="traffic_signals" v="signal"/>
  </node>
  <node id="2401040322" lat="35.6881255" lon="139.7097554">
    <tag k="highway" v="crossing"/>
    <tag k="source" v="Bing 2010"/>
  </node>
  <node id="2401050126" lat="35.6912675" lon="139.7124067">
    <tag k="bicycle" v="designated"/>
    <tag k="crossing" v="traffic_signals"/>
    <tag k="crossing:markings" v="yes"/>
    <tag k="highway" v="crossing"/>
    <tag k="source" v="Bing 2010"/>
  </node>
  <node id="2401050127" lat="35.6913593" lon="139.7124228">
    <tag k="bicycle" v="designated"/>
    <tag k="crossing" v="traffic_signals"/>
    <tag k="crossing:markings" v="yes"/>
    <tag k="highway" v="crossing"/>
    <tag k="source" v="Bing 2010"/>
  </node>
  <node id="2401050128" lat="35.6932457" lon="139.7035289">
    <tag k="button_operated" v="no"/>
    <tag k="crossing" v="traffic_signals"/>
    <tag k="crossing:island" v="no"/>
    <tag k="crossing:markings" v="zebra"/>
    <tag k="highway" v="crossing"/>
    <tag k="tactile_paving" v="yes"/>
    <tag k="traffic_signals:sound" v="yes"/>
  </node>
  <node id="2401050129" lat="35.6918443" lon="139.7089457">
    <tag k="button_operated" v="no"/>
    <tag k="crossing:signals" v="yes"/>
    <tag k="highway" v="crossing"/>
    <tag k="source" v="Bing 2010"/>
    <tag k="tactile_paving" v="yes"/>
    <tag k="traffic_signals:sound" v="no"/>
    <tag k="traffic_signals:vibration" v="no"/>
  </node>
  <node id="2401050130" lat="35.6927081" lon="139.7045328">
    <tag k="junction" v="yes"/>
  </node>
  <node id="2401050131" lat="35.6931740" lon="139.7033623">
    <tag k="crossing" v="traffic_signals"/>
    <tag k="crossing:markings" v="zebra"/>
    <tag k="highway" v="crossing"/>
    <tag k="tactile_paving" v="yes"/>
  </node>
  <node id="2401050134" lat="35.6935405" lon="139.7023374">
    <tag k="crossing" v="uncontrolled"/>
    <tag k="crossing:markings" v="zebra"/>
    <tag k="footway" v="crossing"/>
    <tag k="highway" v="crossing"/>
    <tag k="tactile_paving" v="no"/>
  </node>
  <node id="2401050135" lat="35.6929203" lon="139.7046242">
    <tag k="crossing" v="marked"/>
    <tag k="crossing:island" v="no"/>
    <tag k="crossing:markings" v="zebra"/>
    <tag k="highway" v="crossing"/>
    <tag k="tactile_paving" v="no"/>
  </node>
  <node id="2401050139" lat="35.6934241" lon="139.7028478">
    <tag k="crossing" v="uncontrolled"/>
    <tag k="crossing:markings" v="zebra"/>
    <tag k="highway" v="crossing"/>
    <tag k="tactile_paving" v="no"/>
  </node>
  <node id="2401050140" lat="35.6933078" lon="139.7023255">
    <tag k="crossing" v="traffic_signals"/>
    <tag k="crossing:markings" v="zebra"/>
    <tag k="highway" v="crossing"/>
    <tag k="tactile_paving" v="no"/>
  </node>
  <node id="2401050141" lat="35.6916446" lon="139.7084667">
    <tag k="highway" v="crossing"/>
    <tag k="source" v="Bing 2010"/>
  </node>
  <node id="2401050142" lat="35.6939726" lon="139.7005583">
    <tag k="crossing" v="traffic_signals"/>
    <tag k="highway" v="crossing"/>
    <tag k="source" v="Bing 2010"/>
  </node>
  <node id="2401050143" lat="35.6934312" lon="139.7023684">
    <tag k="crossing" v="traffic_signals"/>
    <tag k="crossing:markings" v="zebra"/>
    <tag k="highway" v="crossing"/>
    <tag k="tactile_paving" v="no"/>
  </node>
  <node id="2401050144" lat="35.6916766" lon="139.7088589">
    <tag k="button_operated" v="no"/>
    <tag k="crossing:signals" v="yes"/>
    <tag k="highway" v="crossing"/>
    <tag k="source" v="Bing 2010"/>
    <tag k="tactile_paving" v="yes"/>
    <tag k="traffic_signals:sound" v="no"/>
    <tag k="traffic_signals:vibration" v="no"/>
  </node>
  <node id="2401050145" lat="35.6916871" lon="139.7081280">
    <tag k="highway" v="crossing"/>
    <tag k="source" v="Bing 2010"/>
  </node>
  <node id="2401050146" lat="35.6911712" lon="139.7125555">
    <tag k="crossing" v="uncontrolled"/>
    <tag k="crossing:markings" v="yes"/>
    <tag k="highway" v="crossing"/>
    <tag k="source" v="Bing 2010"/>
  </node>
  <node id="2401050152" lat="35.6917791" lon="139.7088804">
    <tag k="button_operated" v="no"/>
    <tag k="crossing:signals" v="yes"/>
    <tag k="highway" v="crossing"/>
    <tag k="source" v="Bing 2010"/>
    <tag k="tactile_paving" v="yes"/>
    <tag k="traffic_signals:sound" v="no"/>
    <tag k="traffic_signals:vibration" v="no"/>
  </node>
  <node id="2401069422" lat="35.6976693" lon="139.7102429">
    <tag k="highway" v="crossing"/>
    <tag k="source" v="Bing 2010"/>
  </node>
  <node id="2401069423" lat="35.6966987" lon="139.7143256">
    <tag k="crossing" v="traffic_signals"/>
    <tag k="highway" v="traffic_signals"/>
    <tag k="source" v="Bing 2010"/>
  </node>
  <node id="2401069424" lat="35.6980623" lon="139.7050289">
    <tag k="button_operated" v="no"/>
    <tag k="crossing" v="traffic_signals"/>
    <tag k="crossing:island" v="no"/>
    <tag k="highway" v="crossing"/>
    <tag k="source" v="Bing 2010"/>
    <tag k="tactile_paving" v="yes"/>
    <tag k="traffic_signals:sound" v="no"/>
    <tag k="traffic_signals:vibration" v="no"/>
  </node>
  <node id="2401069425" lat="35.6976128" lon="139.7120284">
    <tag k="crossing_ref" v="zebra"/>
    <tag k="highway" v="crossing"/>
    <tag k="source" v="Bing 2010"/>
  </node>
  <node id="2401069427" lat="35.6977682" lon="139.7133195">
    <tag k="crossing" v="traffic_signals"/>
    <tag k="crossing_ref" v="zebra"/>
    <tag k="highway" v="crossing"/>
    <tag k="source" v="Bing 2010"/>
  </node>
  <node id="2401069428" lat="35.6982278" lon="139.7048726">
    <tag k="button_operated" v="no"/>
    <tag k="crossing" v="traffic_signals"/>
    <tag k="highway" v="crossing"/>
    <tag k="source" v="Bing 2010"/>
    <tag k="tactile_paving" v="yes"/>
    <tag k="traffic_signals:sound" v="no"/>
    <tag k="traffic_signals:vibration" v="no"/>
  </node>
  <node id="2401069429" lat="35.6983101" lon="139.7048888">
    <tag k="button_operated" v="no"/>
    <tag k="crossing" v="traffic_signals"/>
    <tag k="highway" v="crossing"/>
    <tag k="source" v="Bing 2010"/>
    <tag k="tactile_paving" v="yes"/>
    <tag k="traffic_signals:sound" v="no"/>
    <tag k="traffic_signals:vibration" v="no"/>
  </node>
  <node id="2401069430" lat="35.6947521" lon="139.7175591">
    <tag k="highway" v="crossing"/>
    <tag k="source" v="Bing 2010"/>
  </node>
  <node id="2401069431" lat="35.6958388" lon="139.7158451">
    <tag k="button_operated" v="no"/>
    <tag k="crossing" v="traffic_signals"/>
    <tag k="highway" v="crossing"/>
    <tag k="source" v="Bing 2010"/>
    <tag k="tactile_paving" v="yes"/>
    <tag k="traffic_signals:sound" v="no"/>
  </node>
  <node id="2401069432" lat="35.6941392" lon="139.7182623">
    <tag k="highway" v="crossing"/>
    <tag k="source" v="Bing 2010"/>
  </node>
  <node id="2401069433" lat="35.6982765" lon="139.7052132">
    <tag k="bicycle" v="designated"/>
    <tag k="crossing" v="traffic_signals"/>
    <tag k="highway" v="crossing"/>
    <tag k="source" v="Bing 2010"/>
    <tag k="tactile_paving" v="yes"/>
  </node>
  <node id="2401069435" lat="35.6937633" lon="139.7188752">
    <tag k="highway" v="crossing"/>
    <tag k="source" v="Bing 2010"/>
  </node>
  <node id="2401069436" lat="35.6970437" lon="139.7048816">
    <tag k="crossing" v="marked"/>
    <tag k="crossing:island" v="no"/>
    <tag k="crossing:markings" v="yes"/>
    <tag k="highway" v="crossing"/>
    <tag k="source" v="Bing 2010"/>
    <tag k="tactile_paving" v="yes"/>
  </node>
  <node id="2401069437" lat="35.6982473" lon="139.7039861">
    <tag k="highway" v="crossing"/>
    <tag k="source" v="Bing 2010"/>
  </node>
  <node id="2401069438" lat="35.6983166" lon="139.7039796">
    <tag k="highway" v="crossing"/>
    <tag k="source" v="Bing 2010"/>
  </node>
  <node id="2401069439" lat="35.6949749" lon="139.7042174">
    <tag k="crossing" v="traffic_signals"/>
    <tag k="highway" v="crossing"/>
    <tag k="source" v="Bing 2010"/>
    <tag k="tactile_paving" v="yes"/>
    <tag k="traffic_signals:sound" v="yes"/>
  </node>
  <node id="2401069440" lat="35.6981700" lon="139.7040563">
    <tag k="highway" v="crossing"/>
    <tag k="source" v="Bing 2010"/>
  </node>
  <node id="2401069442" lat="35.6937054" lon="139.7188303">
    <tag k="highway" v="crossing"/>
    <tag k="source" v="Bing 2010"/>
  </node>
  <node id="2401069443" lat="35.6968915" lon="139.7047674">
    <tag k="crossing" v="traffic_signals"/>
    <tag k="crossing:island" v="no"/>
    <tag k="highway" v="crossing"/>
    <tag k="source" v="Bing 2010"/>
    <tag k="tactile_paving" v="yes"/>
  </node>
  <node id="2401069444" lat="35.6971900" lon="139.7048350">
    <tag k="crossing" v="traffic_signals"/>
    <tag k="crossing:island" v="no"/>
    <tag k="highway" v="crossing"/>
    <tag k="source" v="Bing 2010"/>
    <tag k="tactile_paving" v="yes"/>
  </node>
  <node id="2401069445" lat="35.6971199" lon="139.7047537">
    <tag k="crossing" v="traffic_signals"/>
    <tag k="highway" v="crossing"/>
    <tag k="source" v="Bing 2010"/>
    <tag k="tactile_paving" v="yes"/>
  </node>
  <node id="2401069446" lat="35.6977465" lon="139.7102655">
    <tag k="highway" v="crossing"/>
    <tag k="source" v="Bing 2010"/>
  </node>
  <node id="2401069447" lat="35.6950368" lon="139.7043322">
    <tag k="button_operated" v="yes"/>
    <tag k="crossing" v="traffic_signals"/>
    <tag k="crossing:island" v="no"/>
    <tag k="highway" v="crossing"/>
    <tag k="source" v="Bing 2010"/>
    <tag k="tactile_paving" v="yes"/>
    <tag k="traffic_signals:sound" v="yes"/>
    <tag k="traffic_signals:vibration" v="yes"/>
  </node>
  <node id="2401069448" lat="35.6979835" lon="139.7019388">
    <tag k="highway" v="crossing"/>
    <tag k="source" v="Bing 2010"/>
  </node>
  <node id="2401069449" lat="35.6979876" lon="139.7061804">
    <tag k="crossing" v="marked"/>
    <tag k="crossing:markings" v="yes"/>
    <tag k="highway" v="crossing"/>
    <tag k="source" v="Bing 2010"/>
    <tag k="tactile_paving" v="yes"/>
  </node>
  <node id="2401069450" lat="35.6962374" lon="139.7151976"/>
  <node id="2401069452" lat="35.6978316" lon="139.6975596">
    <tag k="bicycle" v="designated"/>
    <tag k="crossing" v="traffic_signals"/>
    <tag k="crossing:island" v="no"/>
    <tag k="highway" v="crossing"/>
    <tag k="source" v="Bing 2010"/>
    <tag k="tactile_paving" v="yes"/>
    <tag k="traffic_signals:sound" v="yes"/>
  </node>
  <node id="2401069453" lat="35.6977952" lon="139.7102796">
    <tag k="highway" v="crossing"/>
    <tag k="source" v="Bing 2010"/>
  </node>
  <node id="2401069454" lat="35.6946639" lon="139.7177538">
    <tag k="highway" v="crossing"/>
    <tag k="source" v="Bing 2010"/>
  </node>
  <node id="2401069455" lat="35.6979443" lon="139.6976590">
    <tag k="bicycle" v="designated"/>
    <tag k="crossing" v="traffic_signals"/>
    <tag k="highway" v="crossing"/>
    <tag k="source" v="Bing 2010"/>
    <tag k="tactile_paving" v="yes"/>
    <tag k="traffic_signals:sound" v="yes"/>
  </node>
  <node id="2401069456" lat="35.6947928" lon="139.7176127">
    <tag k="highway" v="crossing"/>
    <tag k="source" v="Bing 2010"/>
  </node>
  <node id="2401069457" lat="35.6982066" lon="139.7027344">
    <tag k="highway" v="crossing"/>
    <tag k="source" v="Bing 2010"/>
  </node>
  <node id="2401069459" lat="35.6981669" lon="139.7020497"/>
  <node id="2401069461" lat="35.6946294" lon="139.7176936">
    <tag k="highway" v="crossing"/>
    <tag k="source" v="Bing 2010"/>
  </node>
  <node id="2401069462" lat="35.6949710" lon="139.7043979">
    <tag k="crossing" v="traffic_signals"/>
    <tag k="crossing:island" v="no"/>
    <tag k="highway" v="crossing"/>
    <tag k="source" v="Bing 2010"/>
    <tag k="tactile_paving" v="yes"/>
    <tag k="traffic_signals:sound" v="yes"/>
  </node>
  <node id="2401069463" lat="35.6980289" lon="139.6976171">
    <tag k="crossing" v="traffic_signals"/>
    <tag k="highway" v="crossing"/>
    <tag k="source" v="Bing 2010"/>
    <tag k="tactile_paving" v="yes"/>
    <tag k="traffic_signals:sound" v="yes"/>
  </node>
  <node id="2401069464" lat="35.6948625" lon="139.7042655">
    <tag k="crossing" v="traffic_signals"/>
    <tag k="crossing:island" v="no"/>
    <tag k="highway" v="crossing"/>
    <tag k="source" v="Bing 2010"/>
    <tag k="tactile_paving" v="yes"/>
    <tag k="traffic_signals:sound" v="yes"/>
  </node>
  <node id="2401069466" lat="35.6978790" lon="139.6973598">
    <tag k="bicycle" v="designated"/>
    <tag k="crossing" v="traffic_signals"/>
    <tag k="highway" v="crossing"/>
    <tag k="source" v="Bing 2010"/>
    <tag k="tactile_paving" v="yes"/>
    <tag k="traffic_signals:sound" v="yes"/>
  </node>
  <node id="2401069467" lat="35.6978308" lon="139.7095885">
    <tag k="highway" v="crossing"/>
    <tag k="source" v="Bing 2010"/>
  </node>
  <node id="2401069469" lat="35.6976663" lon="139.7100301">
    <tag k="button_operated" v="no"/>
    <tag k="crossing:signals" v="yes"/>
    <tag k="highway" v="crossing"/>
    <tag k="source" v="Bing 2010"/>
    <tag k="tactile_paving" v="yes"/>
    <tag k="traffic_signals:sound" v="no"/>
    <tag k="traffic_signals:vibration" v="no"/>
  </node>
  <node id="2401069470" lat="35.6981648" lon="139.7019987">
    <tag k="crossing" v="traffic_signals"/>
    <tag k="highway" v="crossing"/>
    <tag k="source" v="Bing 2010"/>
    <tag k="tactile_paving" v="yes"/>
  </node>
  <node id="2401069471" lat="35.6977579" lon="139.7100478">
    <tag k="button_operated" v="no"/>
    <tag k="crossing:signals" v="yes"/>
    <tag k="highway" v="crossing"/>
    <tag k="source" v="Bing 2010"/>
    <tag k="tactile_paving" v="yes"/>
    <tag k="traffic_signals:sound" v="no"/>
  </node>
  <node id="2401069472" lat="35.6976098" lon="139.7130734">
    <tag k="bicycle" v="designated"/>
    <tag k="crossing" v="traffic_signals"/>
    <tag k="crossing_ref" v="zebra"/>
    <tag k="highway" v="crossing"/>
    <tag k="source" v="Bing 2010"/>
  </node>
  <node id="2401069473" lat="35.6979738" lon="139.6973283">
    <tag k="crossing" v="traffic_signals"/>
    <tag k="highway" v="crossing"/>
    <tag k="source" v="Bing 2010"/>
    <tag k="tactile_paving" v="yes"/>
    <tag k="traffic_signals:sound" v="yes"/>
  </node>
  <node id="2401069474" lat="35.6981261" lon="139.7027446">
    <tag k="highway" v="crossing"/>
    <tag k="source" v="Bing 2010"/>
  </node>
  <node id="2401069475" lat="35.6981187" lon="139.6974175">
    <tag k="bicycle" v="designated"/>
    <tag k="crossing" v="traffic_signals"/>
    <tag k="crossing:island" v="no"/>
    <tag k="highway" v="crossing"/>
    <tag k="source" v="Bing 2010"/>
    <tag k="tactile_paving" v="yes"/>
    <tag k="traffic_signals:sound" v="yes"/>
  </node>
  <node id="2401069476" lat="35.6974661" lon="139.7132471"/>
  <node id="2401069477" lat="35.6981030" lon="139.7032859">
    <tag k="highway" v="crossing"/>
    <tag k="source" v="Bing 2010"/>
  </node>
  <node id="2401069478" lat="35.6940968" lon="139.7181927">
    <tag k="highway" v="crossing"/>
    <tag k="source" v="Bing 2010"/>
  </node>
  <node id="2401069479" lat="35.6981967" lon="139.7051974">
    <tag k="bicycle" v="designated"/>
    <tag k="crossing" v="traffic_signals"/>
    <tag k="highway" v="crossing"/>
    <tag k="source" v="Bing 2010"/>
    <tag k="tactile_paving" v="yes"/>
  </node>
  <node id="2401069480" lat="35.6980442" lon="139.7026404">
    <tag k="highway" v="crossing"/>
    <tag k="source" v="Bing 2010"/>
  </node>
  <node id="2401069483" lat="35.6931805" lon="139.7201128">
    <tag k="highway" v="crossing"/>
    <tag k="source" v="Bing 2010"/>
  </node>
  <node id="2401069484" lat="35.6931054" lon="139.7200600">
    <tag k="highway" v="crossing"/>
    <tag k="source" v="Bing 2010"/>
  </node>
  <node id="2401069485" lat="35.6961863" lon="139.7151487"/>
  <node id="2401069486" lat="35.6976139" lon="139.7131599">
    <tag k="crossing" v="traffic_signals"/>
    <tag k="crossing_ref" v="zebra"/>
    <tag k="highway" v="crossing"/>
    <tag k="source" v="Bing 2010"/>
  </node>
  <node id="2401069487" lat="35.6967512" lon="139.7143744">
    <tag k="crossing" v="traffic_signals"/>
    <tag k="highway" v="traffic_signals"/>
    <tag k="source" v="Bing 2010"/>
  </node>
  <node id="2401069488" lat="35.6980600" lon="139.7020061">
    <tag k="crossing" v="traffic_signals"/>
    <tag k="highway" v="crossing"/>
    <tag k="source" v="Bing 2010"/>
    <tag k="tactile_paving" v="yes"/>
  </node>
  <node id="2401069489" lat="35.6957917" lon="139.7158024">
    <tag k="button_operated" v="no"/>
    <tag k="crossing" v="traffic_signals"/>
    <tag k="highway" v="crossing"/>
    <tag k="source" v="Bing 2010"/>
    <tag k="tactile_paving" v="yes"/>
    <tag k="traffic_signals:sound" v="no"/>
  </node>
  <node id="2401069490" lat="35.6975995" lon="139.7100985">
    <tag k="highway" v="crossing"/>
    <tag k="source" v="Bing 2010"/>
  </node>
  <node id="2403065895" lat="35.6917790" lon="139.6902716">
    <tag k="highway" v="crossing"/>
    <tag k="source" v="Bing 2010"/>
  </node>
  <node id="2403065897" lat="35.6921370" lon="139.6903582">
    <tag k="highway" v="crossing"/>
    <tag k="source" v="Bing 2010"/>
  </node>
  <node id="2403065903" lat="35.6919645" lon="139.6900566">
    <tag k="bicycle" v="designated"/>
    <tag k="highway" v="crossing"/>
    <tag k="source" v="Bing 2010"/>
  </node>
  <node id="2403065904" lat="35.6921115" lon="139.6901911">
    <tag k="bicycle" v="designated"/>
    <tag k="highway" v="crossing"/>
    <tag k="source" v="Bing 2010"/>
  </node>
  <node id="2403065905" lat="35.6918056" lon="139.6904388">
    <tag k="highway" v="crossing"/>
    <tag k="source" v="Bing 2010"/>
  </node>
  <node id="2403065906" lat="35.6920425" lon="139.6905452">
    <tag k="highway" v="crossing"/>
    <tag k="source" v="Bing 2010"/>
  </node>
  <node id="2449165926" lat="35.6910228" lon="139.6983831"/>
  <node id="2449165945" lat="35.6910037" lon="139.6984632"/>
  <node id="2449182773" lat="35.6907849" lon="139.6942144">
    <tag k="crossing" v="traffic_signals"/>
    <tag k="crossing:markings" v="zebra"/>
    <tag k="crossing:signals" v="yes"/>
    <tag k="highway" v="crossing"/>
  </node>
  <node id="2449182774" lat="35.6908620" lon="139.6941979">
    <tag k="crossing" v="traffic_signals"/>
    <tag k="crossing:markings" v="zebra"/>
    <tag k="crossing:signals" v="yes"/>
    <tag k="highway" v="crossing"/>
  </node>
  <node id="2449182775" lat="35.6907216" lon="139.6933296">
    <tag k="highway" v="traffic_signals"/>
  </node>
  <node id="2449182776" lat="35.6906472" lon="139.6933466">
    <tag k="highway" v="traffic_signals"/>
  </node>
  <node id="2449182777" lat="35.6890539" lon="139.6936736"/>
  <node id="2449182779" lat="35.6906385" lon="139.6932914"/>
  <node id="2449182780" lat="35.6907125" lon="139.6932736"/>
  <node id="2449182781" lat="35.6912679" lon="139.6981394"/>
  <node id="2450464335" lat="35.6902737" lon="139.6985502"/>
  <node id="2450464337" lat="35.6902865" lon="139.6985975"/>
  <node id="2450464338" lat="35.6903347" lon="139.6986615"/>
  <node id="2450464339" lat="35.6903445" lon="139.6983115"/>
  <node id="2465137737" lat="35.6909983" lon="139.6985059"/>
  <node id="2465137743" lat="35.6914041" lon="139.6983060"/>
  <node id="2465137753" lat="35.6914541" lon="139.6984217"/>
  <node id="2466136230" lat="35.6856639" lon="139.7007497">
    <tag k="name" v="新宿1号"/>
    <tag k="railway" v="level_crossing"/>
  </node>
  <node id="2466136267" lat="35.6846922" lon="139.7001218">
    <tag k="name" v="新宿2号踏切"/>
    <tag k="railway" v="level_crossing"/>
  </node>
  <node id="2466136275" lat="35.6829543" lon="139.6979491">
    <tag k="name" v="南新宿2号"/>
    <tag k="railway" v="level_crossing"/>
  </node>
  <node id="2466136280" lat="35.6855959" lon="139.7008267">
    <tag k="name" v="新宿1号"/>
    <tag k="railway" v="level_crossing"/>
  </node>
  <node id="2466136282" lat="35.6847191" lon="139.7000878">
    <tag k="name" v="新宿2号踏切"/>
    <tag k="railway" v="level_crossing"/>
  </node>
  <node id="2466136286" lat="35.6856319" lon="139.7007859">
    <tag k="name" v="新宿1号"/>
    <tag k="railway" v="level_crossing"/>
  </node>
  <node id="2466136287" lat="35.6837415" lon="139.6990060"/>
  <node id="2502322065" lat="35.6837311" lon="139.7029023">
    <tag k="crossing" v="uncontrolled"/>
    <tag k="highway" v="crossing"/>
  </node>
  <node id="2502322069" lat="35.6837453" lon="139.7030114">
    <tag k="crossing" v="uncontrolled"/>
    <tag k="highway" v="crossing"/>
  </node>
  <node id="2502322089" lat="35.6850142" lon="139.7024965"/>
  <node id="2502322094" lat="35.6851384" lon="139.7024331"/>
  <node id="2502322099" lat="35.6852985" lon="139.7023654">
    <tag k="crossing" v="uncontrolled"/>
    <tag k="crossing:markings" v="zebra"/>
    <tag k="highway" v="crossing"/>
    <tag k="tactile_paving" v="no"/>
  </node>
  <node id="2503429945" lat="35.6902720" lon="139.6909818">
    <tag k="bicycle" v="designated"/>
    <tag k="highway" v="crossing"/>
    <tag k="source" v="Bing 2010"/>
  </node>
  <node id="2503429946" lat="35.6903488" lon="139.6909642">
    <tag k="bicycle" v="designated"/>
    <tag k="highway" v="crossing"/>
    <tag k="source" v="Bing 2010"/>
  </node>
  <node id="2503429948" lat="35.6910860" lon="139.6919212"/>
  <node id="2503429949" lat="35.6911650" lon="139.6920164"/>
  <node id="2503429950" lat="35.6913958" lon="139.6880362"/>
  <node id="2503429951" lat="35.6915090" lon="139.6884052"/>
  <node id="2503429952" lat="35.6915790" lon="139.6885932"/>
  <node id="2503429954" lat="35.6915946" lon="139.6919117"/>
  <node id="2503429955" lat="35.6916224" lon="139.6917916"/>
  <node id="2503429956" lat="35.6916530" lon="139.6888378"/>
  <node id="2503429957" lat="35.6917666" lon="139.6893887"/>
  <node id="2503429961" lat="35.6918768" lon="139.6900777">
    <tag k="bicycle" v="designated"/>
    <tag k="highway" v="crossing"/>
    <tag k="source" v="Bing 2010"/>
  </node>
  <node id="2503429962" lat="35.6919030" lon="139.6902416">
    <tag k="highway" v="traffic_signals"/>
    <tag k="name" v="新宿中央公園北"/>
    <tag k="name:en" v="Shinjuku Central Park -N."/>
    <tag k="name:es" v="Parque central Shinjuku norte"/>
  </node>
  <node id="2503429963" lat="35.6919297" lon="139.6904086">
    <tag k="highway" v="traffic_signals"/>
    <tag k="name" v="新宿中央公園北"/>
    <tag k="name:en" v="Shinjuku Central Park -N."/>
    <tag k="name:es" v="Parque central Shinjuku norte"/>
  </node>
  <node id="2503429964" lat="35.6919552" lon="139.6905682">
    <tag k="highway" v="crossing"/>
    <tag k="source" v="Bing 2010"/>
  </node>
  <node id="2503429965" lat="35.6920196" lon="139.6916956">
    <tag k="highway" v="crossing"/>
  </node>
  <node id="2503429966" lat="35.6920374" lon="139.6918038">
    <tag k="crossing:signals" v="yes"/>
    <tag k="highway" v="crossing"/>
  </node>
  <node id="2503429968" lat="35.6921484" lon="139.6917768">
    <tag k="highway" v="traffic_signals"/>
    <tag k="name" v="都庁北"/>
    <tag k="name:en" v="Met. Government N"/>
    <tag k="name:ko" v="도청 북쪽"/>
    <tag k="name:zh" v="都厅北"/>
  </node>
  <node id="2503429969" lat="35.6921712" lon="139.6919188">
    <tag k="highway" v="crossing"/>
  </node>
  <node id="2503429970" lat="35.6922581" lon="139.6918960">
    <tag k="highway" v="crossing"/>
  </node>
  <node id="2503429971" lat="35.6922367" lon="139.6930265">
    <tag k="highway" v="crossing"/>
  </node>
  <node id="2503429972" lat="35.6922481" lon="139.6931380">
    <tag k="highway" v="crossing"/>
  </node>
  <node id="2503429973" lat="35.6923237" lon="139.6928725">
    <tag k="highway" v="crossing"/>
  </node>
  <node id="2503429974" lat="35.6923959" lon="139.6922508">
    <tag k="crossing:island" v="no"/>
    <tag k="crossing:markings" v="yes"/>
    <tag k="crossing:signals" v="no"/>
    <tag k="highway" v="crossing"/>
    <tag k="tactile_paving" v="yes"/>
  </node>
  <node id="2503429975" lat="35.6924101" lon="139.6928485">
    <tag k="highway" v="crossing"/>
  </node>
  <node id="2503429976" lat="35.6923874" lon="139.6932712">
    <tag k="highway" v="crossing"/>
  </node>
  <node id="2503429977" lat="35.6923984" lon="139.6944039">
    <tag k="highway" v="crossing"/>
  </node>
  <node id="2503429978" lat="35.6923972" lon="139.6945310">
    <tag k="highway" v="crossing"/>
  </node>
  <node id="2503429979" lat="35.6924743" lon="139.6932509">
    <tag k="highway" v="crossing"/>
  </node>
  <node id="2503429980" lat="35.6924963" lon="139.6946834"/>
  <node id="2503429981" lat="35.6925436" lon="139.6942477">
    <tag k="highway" v="crossing"/>
  </node>
  <node id="2503429982" lat="35.6925627" lon="139.6946962">
    <tag k="highway" v="crossing"/>
  </node>
  <node id="2503429983" lat="35.6926312" lon="139.6942339">
    <tag k="highway" v="crossing"/>
  </node>
  <node id="2503429984" lat="35.6927133" lon="139.6945274">
    <tag k="highway" v="crossing"/>
  </node>
  <node id="2503429985" lat="35.6927391" lon="139.6944085">
    <tag k="highway" v="crossing"/>
  </node>
  <node id="2503429986" lat="35.6933503" lon="139.6925854"/>
  <node id="2504465865" lat="35.6845443" lon="139.7013366"/>
  <node id="2504465882" lat="35.6847898" lon="139.7011632"/>
  <node id="2504465906" lat="35.6852455" lon="139.7009790"/>
  <node id="2521787420" lat="35.6964969" lon="139.7078245"/>
  <node id="2521787421" lat="35.6961795" lon="139.7085855"/>
  <node id="2521787423" lat="35.6956105" lon="139.7091817"/>
  <node id="2605876716" lat="35.6867128" lon="139.7031443"/>
  <node id="2606035797" lat="35.6950067" lon="139.7080679"/>
  <node id="2606035798" lat="35.6950421" lon="139.7081902"/>
  <node id="2606035799" lat="35.6951483" lon="139.7084486"/>
  <node id="2606035800" lat="35.6952648" lon="139.7086323">
    <tag k="crossing" v="uncontrolled"/>
    <tag k="crossing:markings" v="zebra"/>
    <tag k="highway" v="crossing"/>
  </node>
  <node id="2606035801" lat="35.6959415" lon="139.7088706"/>
  <node id="2606035804" lat="35.6962718" lon="139.7101691"/>
  <node id="2606035805" lat="35.6962940" lon="139.7084017"/>
  <node id="2606035807" lat="35.6963754" lon="139.7082242"/>
  <node id="2606035808" lat="35.6964446" lon="139.7080384"/>
  <node id="2606035809" lat="35.6965192" lon="139.7108154"/>
  <node id="2606035810" lat="35.6965799" lon="139.7071708">
    <tag k="highway" v="traffic_signals"/>
  </node>
  <node id="2606035813" lat="35.6966980" lon="139.7110769"/>
  <node id="2606035814" lat="35.6967928" lon="139.7104754"/>
  <node id="2606035815" lat="35.6968274" lon="139.7105074"/>
  <node id="2606035816" lat="35.6969037" lon="139.7105821"/>
  <node id="2606035817" lat="35.6969606" lon="139.7112427"/>
  <node id="2606035818" lat="35.6970035" lon="139.7112495"/>
  <node id="2606035819" lat="35.6971064" lon="139.7108796"/>
  <node id="2606035820" lat="35.6972139" lon="139.7110598"/>
  <node id="2606035822" lat="35.6972627" lon="139.7111502"/>
  <node id="2606035823" lat="35.6973025" lon="139.7112359"/>
  <node id="2606035825" lat="35.6973838" lon="139.7132422"/>
  <node id="2606035826" lat="35.6973914" lon="139.7133466"/>
  <node id="2606035828" lat="35.6974283" lon="139.7132947"/>
  <node id="2606035829" lat="35.6974634" lon="139.7131500"/>
  <node id="2606035831" lat="35.6974880" lon="139.7132229"/>
  <node id="2606035832" lat="35.6974853" lon="139.7131288"/>
  <node id="2606035835" lat="35.6975145" lon="139.7132008"/>
  <node id="2606035836" lat="35.6975191" lon="139.7131041"/>
  <node id="2606035837" lat="35.6975415" lon="139.7131839"/>
  <node id="2606035838" lat="35.6976752" lon="139.7120269"/>
  <node id="2606035841" lat="35.6977344" lon="139.7114583"/>
  <node id="2606035847" lat="35.6978003" lon="139.7144346"/>
  <node id="2606035849" lat="35.6978116" lon="139.7145742"/>
  <node id="2606035850" lat="35.6978366" lon="139.7147111"/>
  <node id="2606035853" lat="35.6978736" lon="139.7148470"/>
  <node id="2606035855" lat="35.6979225" lon="139.7122790"/>
  <node id="2606035856" lat="35.6979537" lon="139.7121343"/>
  <node id="2606035857" lat="35.6979582" lon="139.7117018"/>
  <node id="2606035867" lat="35.6982811" lon="139.7111798"/>
  <node id="2606035868" lat="35.6983926" lon="139.7159336"/>
  <node id="2606035870" lat="35.6985041" lon="139.7161527"/>
  <node id="2606035889" lat="35.6977056" lon="139.7130506">
    <tag k="highway" v="traffic_signals"/>
    <tag k="name" v="抜弁天"/>
    <tag k="name:en" v="Nukebenten"/>
    <tag k="name:es" v="Nukebenten"/>
    <tag k="name:ja" v="抜弁天"/>
    <tag k="name:ja-Hira" v="ぬけべんてん"/>
    <tag k="name:ja_rm" v="Nukebenten"/>
  </node>
  <node id="2606035893" lat="35.6979979" lon="139.7074546">
    <tag k="junction" v="yes"/>
    <tag k="name" v="新宿七丁目"/>
    <tag k="name:en" v="Shinjuku 7"/>
    <tag k="name:ja" v="新宿七丁目"/>
    <tag k="name:ja-Hira" v="しんじゅくななちょうめ"/>
    <tag k="name:ja_rm" v="Shinjuku nanachōme"/>
  </node>
  <node id="2621323824" lat="35.6909441" lon="139.7071522"/>
  <node id="2621323825" lat="35.6909481" lon="139.7071882"/>
  <node id="2621323827" lat="35.6911533" lon="139.7166523"/>
  <node id="2621323828" lat="35.6911768" lon="139.7168195">
    <tag k="highway" v="traffic_signals"/>
    <tag k="traffic_signals:direction" v="forward"/>
  </node>
  <node id="2621323829" lat="35.6917077" lon="139.7162095"/>
  <node id="2621323830" lat="35.6924486" lon="139.7153866"/>
  <node id="2621323831" lat="35.6925685" lon="139.7151344"/>
  <node id="2621323834" lat="35.6932979" lon="139.7106112"/>
  <node id="2633727273" lat="35.6900327" lon="139.6965093"/>
  <node id="2633727291" lat="35.6910014" lon="139.6973004"/>
  <node id="2636351378" lat="35.6931894" lon="139.6945737"/>
  <node id="2636351384" lat="35.6933952" lon="139.6941296"/>
  <node id="2647466863" lat="35.6982981" lon="139.7143368"/>
  <node id="2647466865" lat="35.6983198" lon="139.7137630"/>
  <node id="2647466867" lat="35.6987107" lon="139.7143756"/>
  <node id="2647466871" lat="35.6987195" lon="139.7138003"/>
  <node id="2648898052" lat="35.6964378" lon="139.7147446"/>
  <node id="2649071766" lat="35.6926685" lon="139.7144172"/>
  <node id="2649421015" lat="35.6954177" lon="139.7088757"/>
  <node id="2649421034" lat="35.6972839" lon="139.7113992"/>
  <node id="2649421037" lat="35.6970781" lon="139.7112906"/>
  <node id="2649421051" lat="35.6963054" lon="139.7149573"/>
  <node id="2674435145" lat="35.6929342" lon="139.6972923"/>
  <node id="2674435146" lat="35.6929492" lon="139.6972116"/>
  <node id="2674435148" lat="35.6928530" lon="139.6969717"/>
  <node id="2674435149" lat="35.6929169" lon="139.6973327"/>
  <node id="2674435151" lat="35.6929434" lon="139.6971730"/>
  <node id="2674435153" lat="35.6929029" lon="139.6970352"/>
  <node id="2674435154" lat="35.6929260" lon="139.6971140"/>
  <node id="2704049825" lat="35.6982214" lon="139.7028998"/>
  <node id="2704049829" lat="35.6983589" lon="139.7051424">
    <tag k="crossing:markings" v="no"/>
    <tag k="crossing:signals" v="no"/>
    <tag k="highway" v="crossing"/>
    <tag k="tactile_paving" v="yes"/>
  </node>
  <node id="2704049832" lat="35.6983871" lon="139.7038421"/>
  <node id="2704049836" lat="35.6984207" lon="139.7043774"/>
  <node id="2705533167" lat="35.6950044" lon="139.7074084"/>
  <node id="2705533185" lat="35.6965266" lon="139.7070605">
    <tag k="crossing:markings" v="yes"/>
    <tag k="crossing:signals" v="no"/>
    <tag k="highway" v="crossing"/>
    <tag k="tactile_paving" v="yes"/>
  </node>
  <node id="2705533186" lat="35.6965540" lon="139.7073880">
    <tag k="button_operated" v="yes"/>
    <tag k="crossing" v="traffic_signals"/>
    <tag k="crossing:island" v="no"/>
    <tag k="crossing:markings" v="zebra"/>
    <tag k="highway" v="crossing"/>
    <tag k="tactile_paving" v="yes"/>
    <tag k="traffic_signals:sound" v="yes"/>
    <tag k="traffic_signals:vibration" v="yes"/>
  </node>
  <node id="2705533191" lat="35.6977738" lon="139.7078500"/>
  <node id="2803139523" lat="35.6921431" lon="139.6988718">
    <tag k="bus" v="yes"/>
    <tag k="name" v="新宿駅西口"/>
    <tag k="public_transport" v="stop_position"/>
  </node>
  <node id="2856079121" lat="35.6967375" lon="139.7142638"/>
  <node id="2856079122" lat="35.6975893" lon="139.7120223"/>
  <node id="2856079123" lat="35.6977875" lon="139.7130609"/>
  <node id="2857742915" lat="35.6890426" lon="139.7070271"/>
  <node id="2857742916" lat="35.6891459" lon="139.7068399"/>
  <node id="2857742917" lat="35.6892059" lon="139.7067517"/>
  <node id="2857742920" lat="35.6892791" lon="139.7062222">
    <tag k="junction" v="yes"/>
  </node>
  <node id="2857742926" lat="35.6893337" lon="139.7060782"/>
  <node id="2857742930" lat="35.6893948" lon="139.7059690"/>
  <node id="2857742933" lat="35.6894525" lon="139.7065817">
    <tag k="crossing" v="traffic_signals"/>
    <tag k="crossing:markings" v="zebra"/>
    <tag k="highway" v="crossing"/>
  </node>
  <node id="2857742934" lat="35.6894546" lon="139.7058566"/>
  <node id="2857742935" lat="35.6895211" lon="139.7057064"/>
  <node id="2857742936" lat="35.6895731" lon="139.7055580"/>
  <node id="2857742937" lat="35.6896134" lon="139.7054165"/>
  <node id="2857742938" lat="35.6896950" lon="139.7065318"/>
  <node id="2857742940" lat="35.6896439" lon="139.7052875"/>
  <node id="2857742941" lat="35.6896639" lon="139.7051644">
    <tag k="highway" v="traffic_signals"/>
    <tag k="traffic_signals" v="signal"/>
  </node>
  <node id="2857742942" lat="35.6896669" lon="139.7067288"/>
  <node id="2857742943" lat="35.6897178" lon="139.7048079"/>
  <node id="2857742944" lat="35.6896511" lon="139.7060587"/>
  <node id="2857742946" lat="35.6897120" lon="139.7059299"/>
  <node id="2857742947" lat="35.6897752" lon="139.7065796"/>
  <node id="2857742948" lat="35.6897904" lon="139.7057391"/>
  <node id="2857742949" lat="35.6898210" lon="139.7056443"/>
  <node id="2857742950" lat="35.6898459" lon="139.7055594"/>
  <node id="2857742951" lat="35.6898689" lon="139.7054694"/>
  <node id="2857742952" lat="35.6899080" lon="139.7052821"/>
  <node id="2857742953" lat="35.6899320" lon="139.7049249"/>
  <node id="2857742954" lat="35.6899353" lon="139.7050799"/>
  <node id="2857742955" lat="35.6900221" lon="139.7051647"/>
  <node id="2857742958" lat="35.6978863" lon="139.7123758"/>
  <node id="2865894678" lat="35.6955104" lon="139.6895978"/>
  <node id="2865894681" lat="35.6958870" lon="139.6897979"/>
  <node id="2865894683" lat="35.6960303" lon="139.6899121"/>
  <node id="2865894686" lat="35.6967238" lon="139.6904555"/>
  <node id="2865894687" lat="35.6967052" lon="139.6957098"/>
  <node id="2865894692" lat="35.6974119" lon="139.6952936"/>
  <node id="2865894698" lat="35.6977837" lon="139.6904164"/>
  <node id="2865895505" lat="35.6978688" lon="139.6910997"/>
  <node id="2865895512" lat="35.6980125" lon="139.6902192"/>
  <node id="2865895515" lat="35.6980770" lon="139.6897041"/>
  <node id="2865895517" lat="35.6981313" lon="139.6898276"/>
  <node id="2865895520" lat="35.6982368" lon="139.6900220"/>
  <node id="2865895523" lat="35.6982811" lon="139.6894513"/>
  <node id="2865895529" lat="35.6985261" lon="139.6911164"/>
  <node id="2865895555" lat="35.7006417" lon="139.6943227"/>
  <node id="2865895562" lat="35.7010648" lon="139.6939560"/>
  <node id="2887096905" lat="35.6867421" lon="139.6904252"/>
  <node id="2887096910" lat="35.6866040" lon="139.6901277"/>
  <node id="2890576068" lat="35.6852465" lon="139.6931470"/>
  <node id="2895524591" lat="35.6882625" lon="139.7025652"/>
  <node id="3079253617" lat="35.6921920" lon="139.7208489"/>
  <node id="3109077650" lat="35.6953191" lon="139.6904592">
    <tag k="crossing" v="unmarked"/>
    <tag k="crossing:markings" v="no"/>
    <tag k="highway" v="crossing"/>
  </node>
  <node id="3109077651" lat="35.6957888" lon="139.6906878"/>
  <node id="3109077652" lat="35.6959515" lon="139.6908856"/>
  <node id="3109077653" lat="35.6958640" lon="139.6911191"/>
  <node id="3109077654" lat="35.6961701" lon="139.6917001"/>
  <node id="3109077655" lat="35.6963479" lon="139.6918395"/>
  <node id="3110659210" lat="35.6966542" lon="139.6924120"/>
  <node id="3110659832" lat="35.6967786" lon="139.6904755">
    <tag k="crossing" v="traffic_signals"/>
    <tag k="highway" v="crossing"/>
  </node>
  <node id="3116465011" lat="35.6966211" lon="139.6889265"/>
  <node id="3116465016" lat="35.6965716" lon="139.6886354"/>
  <node id="3122005290" lat="35.6899824" lon="139.6980882"/>
  <node id="3122006660" lat="35.6905699" lon="139.6982790">
    <tag k="bus" v="yes"/>
    <tag k="local_ref" v="26"/>
    <tag k="name" v="新宿駅西口"/>
    <tag k="public_transport" v="stop_position"/>
  </node>
  <node id="3122009279" lat="35.6911176" lon="139.6978950"/>
  <node id="3122009353" lat="35.6898300" lon="139.6980976"/>
  <node id="3122009359" lat="35.6909169" lon="139.6982479"/>
  <node id="3122009360" lat="35.6907298" lon="139.6982647"/>
  <node id="3157863205" lat="35.6978068" lon="139.7124527"/>
  <node id="3193649608" lat="35.6835135" lon="139.7014178"/>
  <node id="3193649612" lat="35.6869419" lon="139.6967777"/>
  <node id="3193649613" lat="35.6871033" lon="139.6968077"/>
  <node id="3193649614" lat="35.6880158" lon="139.6957456">
    <tag k="crossing" v="marked"/>
    <tag k="crossing:markings" v="zebra"/>
    <tag k="highway" v="crossing"/>
  </node>
  <node id="3193649616" lat="35.6902328" lon="139.6982489"/>
  <node id="3193716061" lat="35.6948924" lon="139.7061666"/>
  <node id="3193716063" lat="35.6970378" lon="139.7107752"/>
  <node id="3193716064" lat="35.6978836" lon="139.7070014"/>
  <node id="3221227615" lat="35.6932922" lon="139.7141786"/>
  <node id="3221227620" lat="35.6928293" lon="139.7133783"/>
  <node id="3221227627" lat="35.6929312" lon="139.7142015"/>
  <node id="3243954069" lat="35.6929301" lon="139.7059828">
    <tag k="crossing" v="informal"/>
  </node>
  <node id="3349162183" lat="35.6934601" lon="139.7070332">
    <tag k="crossing" v="uncontrolled"/>
    <tag k="crossing:island" v="no"/>
    <tag k="highway" v="crossing"/>
    <tag k="source" v="bing"/>
    <tag k="tactile_paving" v="yes"/>
  </node>
  <node id="3349162185" lat="35.6942374" lon="139.7069816">
    <tag k="crossing" v="uncontrolled"/>
    <tag k="crossing:island" v="no"/>
    <tag k="crossing:markings" v="zebra"/>
    <tag k="highway" v="crossing"/>
    <tag k="source" v="bing"/>
    <tag k="tactile_paving" v="yes"/>
  </node>
  <node id="3349166131" lat="35.6916555" lon="139.7072564">
    <tag k="crossing" v="uncontrolled"/>
    <tag k="crossing:markings" v="zebra"/>
    <tag k="highway" v="crossing"/>
    <tag k="tactile_paving" v="yes"/>
  </node>
  <node id="3349166132" lat="35.6899212" lon="139.7071372"/>
  <node id="3351004755" lat="35.6888351" lon="139.7091445"/>
  <node id="3351004758" lat="35.6877947" lon="139.7149540">
    <tag k="crossing" v="unmarked"/>
    <tag k="crossing:markings" v="no"/>
    <tag k="highway" v="crossing"/>
  </node>
  <node id="3351004761" lat="35.6896880" lon="139.7077151">
    <tag k="crossing" v="traffic_signals"/>
    <tag k="highway" v="crossing"/>
  </node>
  <node id="3351004765" lat="35.6892941" lon="139.7084909"/>
  <node id="3387102826" lat="35.6934701" lon="139.7063814"/>
  <node id="3387102841" lat="35.6924239" lon="139.7065550"/>
  <node id="3387102852" lat="35.6934449" lon="139.7064458"/>
  <node id="3588938011" lat="35.6964909" lon="139.6867970"/>
  <node id="3588938015" lat="35.6962598" lon="139.6872688">
    <tag k="junction" v="yes"/>
    <tag k="name" v="淀橋"/>
    <tag k="name:en" v="Yodobashi"/>
    <tag k="name:es" v="Yodobashi"/>
    <tag k="name:ja" v="淀橋"/>
  </node>
  <node id="3613410676" lat="35.6825031" lon="139.6973349">
    <tag k="crossing:barrier" v="full"/>
    <tag k="name" v="南新宿3号"/>
    <tag k="railway" v="level_crossing"/>
  </node>
  <node id="3615332903" lat="35.6824360" lon="139.6973838"/>
  <node id="3615332907" lat="35.6829021" lon="139.6979969"/>
  <node id="3647814144" lat="35.6955636" lon="139.7002580"/>
  <node id="3647898707" lat="35.6834461" lon="139.7046018"/>
  <node id="3647898708" lat="35.6834218" lon="139.7043938"/>
  <node id="3800364571" lat="35.6995139" lon="139.7077429">
    <tag k="crossing_ref" v="zebra"/>
    <tag k="highway" v="traffic_signals"/>
    <tag k="traffic_signals" v="crossing"/>
  </node>
  <node id="3800364586" lat="35.6994990" lon="139.7078636">
    <tag k="crossing_ref" v="zebra"/>
    <tag k="highway" v="traffic_signals"/>
    <tag k="traffic_signals" v="crossing"/>
  </node>
  <node id="3817880918" lat="35.6942689" lon="139.7181256"/>
  <node id="3817880919" lat="35.6944019" lon="139.7179063"/>
  <node id="3817880920" lat="35.6948355" lon="139.7174531"/>
  <node id="3817880921" lat="35.6976820" lon="139.7091069"/>
  <node id="3817880922" lat="35.6976927" lon="139.7130628"/>
  <node id="3817880923" lat="35.6977138" lon="139.7130153"/>
  <node id="3882642076" lat="35.6878977" lon="139.6926919"/>
  <node id="3882642081" lat="35.6882606" lon="139.6926042"/>
  <node id="3882642082" lat="35.6893898" lon="139.6923312"/>
  <node id="3882642087" lat="35.6897967" lon="139.6922329"/>
  <node id="3894695616" lat="35.6916182" lon="139.7138843"/>
  <node id="3897767093" lat="35.6917219" lon="139.7145300"/>
  <node id="3897767094" lat="35.6925506" lon="139.7143813">
    <tag k="direction" v="forward"/>
    <tag k="highway" v="stop"/>
  </node>
  <node id="3897767095" lat="35.6917670" lon="139.7145262"/>
  <node id="3897767096" lat="35.6919192" lon="139.7144101"/>
  <node id="3924911382" lat="35.6904397" lon="139.7047053">
    <tag k="crossing" v="uncontrolled"/>
    <tag k="crossing:markings" v="zebra"/>
    <tag k="highway" v="crossing"/>
  </node>
  <node id="3970068743" lat="35.6930210" lon="139.7034274">
    <tag k="highway" v="traffic_signals"/>
    <tag k="name" v="新宿区役所前"/>
    <tag k="name:en" v="Shinjuku City Office"/>
    <tag k="name:ja" v="新宿区役所前"/>
    <tag k="name:ko" v="신쥬쿠 구청 잎"/>
    <tag k="name:zh" v="新宿区役所前"/>
    <tag k="traffic_signals" v="signal"/>
  </node>
  <node id="3979031307" lat="35.6891452" lon="139.7011720"/>
  <node id="3979031308" lat="35.6893244" lon="139.7019073">
    <tag k="junction" v="yes"/>
    <tag k="name" v="バスタ新宿前"/>
    <tag k="name:en" v="Shinjuku Expwy. Bus Terminal"/>
    <tag k="name:es" v="Shinjuku Expwy. Terminal de Bus"/>
    <tag k="name:ja" v="バスタ新宿前"/>
    <tag k="ref" v="436-124"/>
  </node>
  <node id="3979031309" lat="35.6893527" lon="139.7020105">
    <tag k="junction" v="yes"/>
    <tag k="name" v="バスタ新宿前"/>
    <tag k="name:en" v="Shinjuku Expwy. Bus Terminal"/>
    <tag k="name:es" v="Shinjuku Expwy. Terminal de Bus"/>
    <tag k="name:ja" v="バスタ新宿前"/>
    <tag k="ref" v="436-124"/>
  </node>
  <node id="3979031310" lat="35.6894317" lon="139.7019314">
    <tag k="junction" v="yes"/>
    <tag k="name" v="バスタ新宿前"/>
    <tag k="name:en" v="Shinjuku Expwy. Bus Terminal"/>
    <tag k="name:es" v="Shinjuku Expwy. Terminal de Bus"/>
    <tag k="name:ja" v="バスタ新宿前"/>
    <tag k="ref" v="436-124"/>
  </node>
  <node id="3996889219" lat="35.6893179" lon="139.7014655"/>
  <node id="4163312811" lat="35.6927458" lon="139.7134306"/>
  <node id="4238739075" lat="35.6895697" lon="139.7038219">
    <tag k="crossing" v="marked"/>
    <tag k="crossing:markings" v="yes"/>
    <tag k="highway" v="crossing"/>
    <tag k="tactile_paving" v="yes"/>
  </node>
  <node id="4238739076" lat="35.6895814" lon="139.7036185">
    <tag k="crossing" v="marked"/>
    <tag k="crossing:markings" v="yes"/>
    <tag k="highway" v="crossing"/>
  </node>
  <node id="4238739077" lat="35.6896227" lon="139.7036725"/>
  <node id="4238739079" lat="35.6896521" lon="139.7035596"/>
  <node id="4238739080" lat="35.6896777" lon="139.7037798"/>
  <node id="4238739081" lat="35.6898800" lon="139.7036262">
    <tag k="crossing" v="marked"/>
    <tag k="crossing:markings" v="yes"/>
    <tag k="highway" v="crossing"/>
    <tag k="tactile_paving" v="yes"/>
  </node>
  <node id="4338669577" lat="35.6801110" lon="139.6935863"/>
  <node id="4371184304" lat="35.6967175" lon="139.7071949"/>
  <node id="4384718910" lat="35.6973360" lon="139.7114258">
    <tag k="crossing_ref" v="zebra"/>
    <tag k="highway" v="crossing"/>
    <tag k="source" v="Bing 2010"/>
  </node>
  <node id="4384718911" lat="35.6973620" lon="139.7113895">
    <tag k="crossing_ref" v="zebra"/>
    <tag k="highway" v="crossing"/>
    <tag k="source" v="Bing 2010"/>
  </node>
  <node id="4384718912" lat="35.6974113" lon="139.7115293">
    <tag k="crossing_ref" v="zebra"/>
    <tag k="highway" v="crossing"/>
    <tag k="source" v="Bing 2010"/>
  </node>
  <node id="4384718913" lat="35.6974524" lon="139.7114991">
    <tag k="crossing_ref" v="zebra"/>
    <tag k="highway" v="crossing"/>
    <tag k="source" v="Bing 2010"/>
  </node>
  <node id="4384718914" lat="35.6977899" lon="139.7116366">
    <tag k="crossing_ref" v="zebra"/>
    <tag k="highway" v="crossing"/>
    <tag k="source" v="Bing 2010"/>
  </node>
  <node id="4384720658" lat="35.6987926" lon="139.7131515"/>
  <node id="4506423293" lat="35.6843997" lon="139.6955379"/>
  <node id="4506423296" lat="35.6841132" lon="139.6945690"/>
  <node id="4506423297" lat="35.6841764" lon="139.6948133"/>
  <node id="4506423298" lat="35.6843029" lon="139.6947654"/>
  <node id="4506423299" lat="35.6846439" lon="139.6945888"/>
  <node id="4506423300" lat="35.6833805" lon="139.6983515"/>
  <node id="4506423301" lat="35.6832900" lon="139.6984450"/>
  <node id="4506423302" lat="35.6840041" lon="139.6991321"/>
  <node id="4506423306" lat="35.6854677" lon="139.6992346"/>
  <node id="4506493839" lat="35.6958562" lon="139.7140248"/>
  <node id="4506493840" lat="35.6951750" lon="139.7137905"/>
  <node id="4506493842" lat="35.6953264" lon="139.7130862"/>
  <node id="4506493844" lat="35.6953770" lon="139.7128505"/>
  <node id="4506493847" lat="35.6962369" lon="139.7133972"/>
  <node id="4506493848" lat="35.6961612" lon="139.7135207"/>
  <node id="4506493850" lat="35.6962948" lon="139.7133027"/>
  <node id="4506493853" lat="35.6983355" lon="139.7106541"/>
  <node id="4506493855" lat="35.6983159" lon="139.7109831"/>
  <node id="4716049693" lat="35.6948259" lon="139.7059759"/>
  <node id="4716049712" lat="35.6945700" lon="139.7047617"/>
  <node id="4716049713" lat="35.6943773" lon="139.7046621"/>
  <node id="4716325380" lat="35.6979164" lon="139.6979793"/>
  <node id="4716325384" lat="35.6986102" lon="139.7075680"/>
  <node id="4716326296" lat="35.6981445" lon="139.7062137"/>
  <node id="4716326297" lat="35.6980640" lon="139.7055766">
    <tag k="crossing:signals" v="no"/>
    <tag k="highway" v="crossing"/>
  </node>
  <node id="4716326310" lat="35.6979328" lon="139.6987700">
    <tag k="crossing:markings" v="no"/>
    <tag k="crossing:signals" v="no"/>
    <tag k="highway" v="crossing"/>
    <tag k="tactile_paving" v="yes"/>
  </node>
  <node id="4716326341" lat="35.6982043" lon="139.7012809"/>
  <node id="4716326355" lat="35.6981761" lon="139.6986719">
    <tag k="crossing:markings" v="no"/>
    <tag k="crossing:signals" v="no"/>
    <tag k="highway" v="crossing"/>
  </node>
  <node id="4716326357" lat="35.6981567" lon="139.6979556"/>
  <node id="4716326358" lat="35.6983661" lon="139.6973394">
    <tag k="crossing" v="marked"/>
    <tag k="crossing:markings" v="yes"/>
    <tag k="highway" v="crossing"/>
    <tag k="source" v="bing"/>
  </node>
  <node id="4716326359" lat="35.6988880" lon="139.6970157">
    <tag k="crossing" v="marked"/>
    <tag k="crossing:island" v="no"/>
    <tag k="crossing:markings" v="yes"/>
    <tag k="highway" v="crossing"/>
    <tag k="source" v="bing"/>
  </node>
  <node id="4716326372" lat="35.6996691" lon="139.7053937"/>
  <node id="4716326373" lat="35.6997508" lon="139.7054096"/>
  <node id="4716326912" lat="35.6981695" lon="139.6998564"/>
  <node id="4716622876" lat="35.6962018" lon="139.7002643">
    <tag k="crossing" v="traffic_signals"/>
    <tag k="highway" v="crossing"/>
    <tag k="source" v="bing"/>
  </node>
  <node id="4716622877" lat="35.6972922" lon="139.7004143">
    <tag k="crossing" v="uncontrolled"/>
    <tag k="crossing:markings" v="yes"/>
    <tag k="highway" v="crossing"/>
    <tag k="source" v="bing"/>
  </node>
  <node id="4716622878" lat="35.6978280" lon="139.7117048"/>
  <node id="4716622879" lat="35.6965876" lon="139.7076548">
    <tag k="crossing" v="uncontrolled"/>
    <tag k="crossing:markings" v="zebra"/>
    <tag k="highway" v="crossing"/>
    <tag k="source" v="bing"/>
  </node>
  <node id="4716622886" lat="35.6968257" lon="139.7143838"/>
  <node id="4716623399" lat="35.6961035" lon="139.7151692"/>
  <node id="4716623405" lat="35.6972834" lon="139.7132846"/>
  <node id="4716623451" lat="35.6976546" lon="139.7116452"/>
  <node id="4716623463" lat="35.6977661" lon="139.7092502"/>
  <node id="4716623464" lat="35.6982649" lon="139.7102647"/>
  <node id="4716623465" lat="35.6978516" lon="139.7095908"/>
  <node id="4716623467" lat="35.6960775" lon="139.7099510">
    <tag k="crossing" v="traffic_signals"/>
    <tag k="highway" v="crossing"/>
    <tag k="source" v="bing"/>
  </node>
  <node id="4716623469" lat="35.6960951" lon="139.7098644">
    <tag k="crossing" v="marked"/>
    <tag k="crossing:markings" v="yes"/>
    <tag k="highway" v="crossing"/>
    <tag k="source" v="bing"/>
  </node>
  <node id="4716623477" lat="35.6956698" lon="139.7091259">
    <tag k="crossing" v="uncontrolled"/>
    <tag k="crossing:markings" v="zebra"/>
    <tag k="highway" v="crossing"/>
    <tag k="source" v="bing"/>
  </node>
  <node id="4716623501" lat="35.6958787" lon="139.7089297"/>
  <node id="4716623502" lat="35.6960538" lon="139.7087483"/>
  <node id="4716623515" lat="35.6964524" lon="139.7076332">
    <tag k="crossing" v="uncontrolled"/>
    <tag k="crossing:markings" v="zebra"/>
    <tag k="highway" v="crossing"/>
    <tag k="source" v="bing"/>
  </node>
  <node id="4716623586" lat="35.6948572" lon="139.7074915">
    <tag k="crossing" v="unmarked"/>
    <tag k="crossing:markings" v="no"/>
    <tag k="highway" v="crossing"/>
    <tag k="tactile_paving" v="yes"/>
  </node>
  <node id="4716623593" lat="35.6950021" lon="139.7084145">
    <tag k="crossing" v="unmarked"/>
    <tag k="crossing:markings" v="no"/>
    <tag k="highway" v="crossing"/>
  </node>
  <node id="4716623594" lat="35.6948813" lon="139.7079664">
    <tag k="crossing" v="unmarked"/>
    <tag k="crossing:markings" v="no"/>
    <tag k="highway" v="crossing"/>
  </node>
  <node id="4716623596" lat="35.6949341" lon="139.7071279"/>
  <node id="4716623607" lat="35.6950615" lon="139.7036691">
    <tag k="highway" v="crossing"/>
    <tag k="source" v="bing"/>
  </node>
  <node id="4716623608" lat="35.6955947" lon="139.7025558">
    <tag k="highway" v="crossing"/>
    <tag k="source" v="bing"/>
  </node>
  <node id="4716623609" lat="35.6959462" lon="139.7018134">
    <tag k="highway" v="crossing"/>
    <tag k="source" v="bing"/>
  </node>
  <node id="4716623610" lat="35.6961335" lon="139.7011418"/>
  <node id="4716623613" lat="35.6951244" lon="139.7035773"/>
  <node id="4716623616" lat="35.6952899" lon="139.7033951"/>
  <node id="4716623617" lat="35.6952196" lon="139.7033748">
    <tag k="highway" v="crossing"/>
    <tag k="source" v="bing"/>
  </node>
  <node id="4716623618" lat="35.6955885" lon="139.7027091">
    <tag k="highway" v="crossing"/>
    <tag k="source" v="bing"/>
  </node>
  <node id="4716623619" lat="35.6958172" lon="139.7022143">
    <tag k="highway" v="crossing"/>
    <tag k="source" v="bing"/>
  </node>
  <node id="4716623627" lat="35.6953895" lon="139.7028248">
    <tag k="highway" v="crossing"/>
    <tag k="source" v="bing"/>
  </node>
  <node id="4716623629" lat="35.6952305" lon="139.7030994">
    <tag k="highway" v="crossing"/>
    <tag k="source" v="bing"/>
  </node>
  <node id="4716623630" lat="35.6951276" lon="139.7033924">
    <tag k="highway" v="crossing"/>
    <tag k="source" v="bing"/>
  </node>
  <node id="4716623656" lat="35.6952091" lon="139.7030799"/>
  <node id="4716623657" lat="35.6953637" lon="139.7028030"/>
  <node id="4716623658" lat="35.6956153" lon="139.7027339"/>
  <node id="4716623659" lat="35.6955576" lon="139.7025099"/>
  <node id="4716623660" lat="35.6956818" lon="139.7025073"/>
  <node id="4716623661" lat="35.6957700" lon="139.7022511"/>
  <node id="4716623662" lat="35.6958658" lon="139.7022417"/>
  <node id="4716623666" lat="35.6960661" lon="139.7017353">
    <tag k="highway" v="crossing"/>
    <tag k="source" v="bing"/>
  </node>
  <node id="4716623667" lat="35.6972260" lon="139.7013728">
    <tag k="crossing:island" v="no"/>
    <tag k="crossing:signals" v="no"/>
    <tag k="highway" v="crossing"/>
    <tag k="source" v="bing"/>
  </node>
  <node id="4716623677" lat="35.6962869" lon="139.7007539">
    <tag k="crossing" v="unmarked"/>
    <tag k="crossing:markings" v="no"/>
    <tag k="highway" v="crossing"/>
  </node>
  <node id="4716623695" lat="35.6963851" lon="139.7002830">
    <tag k="crossing" v="traffic_signals"/>
    <tag k="highway" v="crossing"/>
    <tag k="source" v="bing"/>
  </node>
  <node id="4716623698" lat="35.6963035" lon="139.7003391">
    <tag k="crossing" v="traffic_signals"/>
    <tag k="highway" v="crossing"/>
    <tag k="source" v="Bing"/>
  </node>
  <node id="4716623700" lat="35.6948304" lon="139.7003963"/>
  <node id="4716623702" lat="35.6941161" lon="139.7005911">
    <tag k="highway" v="crossing"/>
  </node>
  <node id="4716623733" lat="35.6990836" lon="139.7004532"/>
  <node id="4716623749" lat="35.7016997" lon="139.6965220"/>
  <node id="4716623761" lat="35.7011267" lon="139.7043987">
    <tag k="crossing:markings" v="no"/>
    <tag k="crossing:signals" v="no"/>
    <tag k="highway" v="crossing"/>
    <tag k="tactile_paving" v="no"/>
  </node>
  <node id="4716623765" lat="35.7010323" lon="139.7056722">
    <tag k="crossing:markings" v="no"/>
    <tag k="crossing:signals" v="no"/>
    <tag k="highway" v="crossing"/>
  </node>
  <node id="4717670517" lat="35.6902192" lon="139.7152791">
    <tag k="crossing" v="traffic_signals"/>
    <tag k="crossing:island" v="no"/>
    <tag k="highway" v="crossing"/>
    <tag k="source" v="bing"/>
  </node>
  <node id="4717670518" lat="35.6910633" lon="139.7101520">
    <tag k="highway" v="crossing"/>
    <tag k="source" v="bing"/>
  </node>
  <node id="4717670519" lat="35.6908460" lon="139.7120277"/>
  <node id="4717670520" lat="35.6908816" lon="139.7117201"/>
  <node id="4717670521" lat="35.6909251" lon="139.7113447"/>
  <node id="4717670522" lat="35.6909946" lon="139.7107453"/>
  <node id="4717670523" lat="35.6902384" lon="139.7106951">
    <tag k="highway" v="crossing"/>
    <tag k="source" v="bing"/>
  </node>
  <node id="4717670524" lat="35.6901646" lon="139.7112257">
    <tag k="highway" v="crossing"/>
    <tag k="source" v="bing"/>
  </node>
  <node id="4717670525" lat="35.6900702" lon="139.7119039"/>
  <node id="4717670526" lat="35.6899521" lon="139.7124163">
    <tag k="highway" v="crossing"/>
    <tag k="source" v="Bing 2010"/>
  </node>
  <node id="4717670527" lat="35.6900062" lon="139.7123560">
    <tag k="highway" v="crossing"/>
    <tag k="source" v="Bing 2010"/>
  </node>
  <node id="4717670528" lat="35.6896330" lon="139.7144840">
    <tag k="crossing" v="traffic_signals"/>
    <tag k="highway" v="crossing"/>
    <tag k="source" v="bing"/>
  </node>
  <node id="4717670538" lat="35.6899398" lon="139.7127773"/>
  <node id="4717670540" lat="35.6898328" lon="139.7134573">
    <tag k="highway" v="crossing"/>
    <tag k="source" v="bing"/>
  </node>
  <node id="4717670544" lat="35.6897214" lon="139.7145807">
    <tag k="crossing" v="traffic_signals"/>
    <tag k="highway" v="crossing"/>
    <tag k="source" v="bing"/>
  </node>
  <node id="4717670577" lat="35.6911559" lon="139.7146702">
    <tag k="highway" v="crossing"/>
    <tag k="source" v="bing"/>
  </node>
  <node id="4717670578" lat="35.6912416" lon="139.7144314">
    <tag k="highway" v="crossing"/>
    <tag k="source" v="bing"/>
  </node>
  <node id="4717670579" lat="35.6913221" lon="139.7144046">
    <tag k="highway" v="crossing"/>
    <tag k="source" v="bing"/>
  </node>
  <node id="4717670580" lat="35.6913917" lon="139.7153093"/>
  <node id="4717670581" lat="35.6913819" lon="139.7151618"/>
  <node id="4717670582" lat="35.6913941" lon="139.7147875">
    <tag k="highway" v="crossing"/>
    <tag k="source" v="bing"/>
  </node>
  <node id="4717670583" lat="35.6913267" lon="139.7148099">
    <tag k="highway" v="crossing"/>
    <tag k="source" v="bing"/>
  </node>
  <node id="4717670584" lat="35.6914629" lon="139.7146042">
    <tag k="highway" v="crossing"/>
    <tag k="source" v="bing"/>
  </node>
  <node id="4717670585" lat="35.6914511" lon="139.7145192">
    <tag k="highway" v="crossing"/>
    <tag k="source" v="bing"/>
  </node>
  <node id="4717672190" lat="35.6906944" lon="139.7160036"/>
  <node id="4717672191" lat="35.6910201" lon="139.7149188">
    <tag k="highway" v="crossing"/>
    <tag k="source" v="bing"/>
  </node>
  <node id="4717672192" lat="35.6909457" lon="139.7148008"/>
  <node id="4717672233" lat="35.6900416" lon="139.7146148">
    <tag k="highway" v="crossing"/>
    <tag k="source" v="bing"/>
  </node>
  <node id="4717672234" lat="35.6900337" lon="139.7146649"/>
  <node id="4717672235" lat="35.6901455" lon="139.7139610"/>
  <node id="4717672236" lat="35.6904471" lon="139.7147226">
    <tag k="highway" v="crossing"/>
    <tag k="source" v="bing"/>
  </node>
  <node id="4717672239" lat="35.6907041" lon="139.7149722"/>
  <node id="4717672243" lat="35.6908561" lon="139.7156506"/>
  <node id="4717672244" lat="35.6907646" lon="139.7158545"/>
  <node id="4717672245" lat="35.6906056" lon="139.7150377"/>
  <node id="4717672249" lat="35.6911246" lon="139.7137622">
    <tag k="highway" v="crossing"/>
    <tag k="source" v="bing"/>
  </node>
  <node id="4717672262" lat="35.6913062" lon="139.7114074">
    <tag k="highway" v="crossing"/>
    <tag k="source" v="bing"/>
  </node>
  <node id="4717672284" lat="35.6913080" lon="139.7138352"/>
  <node id="4717672286" lat="35.6927785" lon="139.7128370"/>
  <node id="4717672326" lat="35.6915530" lon="139.7114570"/>
  <node id="4717672328" lat="35.6917005" lon="139.7102083">
    <tag k="crossing" v="traffic_signals"/>
    <tag k="crossing:island" v="no"/>
    <tag k="highway" v="crossing"/>
    <tag k="source" v="bing"/>
    <tag k="tactile_paving" v="yes"/>
  </node>
  <node id="4717672353" lat="35.6912375" lon="139.7135058"/>
  <node id="4717672354" lat="35.6928527" lon="139.7128253"/>
  <node id="4717672355" lat="35.6917832" lon="139.7126197"/>
  <node id="4717672397" lat="35.6917469" lon="139.7098038"/>
  <node id="4717672398" lat="35.6917951" lon="139.7093799"/>
  <node id="4717672400" lat="35.6918885" lon="139.7085587">
    <tag k="crossing:markings" v="no"/>
    <tag k="crossing:signals" v="no"/>
    <tag k="highway" v="crossing"/>
    <tag k="tactile_paving" v="yes"/>
  </node>
  <node id="4717672402" lat="35.6919334" lon="139.7081768"/>
  <node id="4717672408" lat="35.6930826" lon="139.7069893"/>
  <node id="4717672441" lat="35.6934838" lon="139.7035566">
    <tag k="crossing" v="uncontrolled"/>
    <tag k="crossing:markings" v="zebra"/>
    <tag k="highway" v="crossing"/>
    <tag k="tactile_paving" v="no"/>
  </node>
  <node id="4717672444" lat="35.6942136" lon="139.7039004"/>
  <node id="4717672458" lat="35.6960468" lon="139.7016464">
    <tag k="highway" v="crossing"/>
    <tag k="source" v="bing"/>
  </node>
  <node id="4870614084" lat="35.6845204" lon="139.7154376"/>
  <node id="4999004874" lat="35.6967838" lon="139.6892042">
    <tag k="highway" v="traffic_signals"/>
  </node>
  <node id="4999004875" lat="35.6966703" lon="139.6892329">
    <tag k="highway" v="traffic_signals"/>
  </node>
  <node id="5180913802" lat="35.6824958" lon="139.7056136"/>
  <node id="5180913809" lat="35.6826109" lon="139.7053468"/>
  <node id="5180913810" lat="35.6824806" lon="139.7052504"/>
  <node id="5180913953" lat="35.6834081" lon="139.7046737">
    <tag k="crossing" v="unmarked"/>
    <tag k="crossing:markings" v="no"/>
    <tag k="highway" v="crossing"/>
  </node>
  <node id="5180913957" lat="35.6830658" lon="139.7047151">
    <tag k="crossing" v="unmarked"/>
    <tag k="crossing:markings" v="no"/>
    <tag k="highway" v="crossing"/>
  </node>
  <node id="5180913960" lat="35.6822990" lon="139.7046966">
    <tag k="highway" v="crossing"/>
  </node>
  <node id="5180913963" lat="35.6815976" lon="139.7046814">
    <tag k="crossing" v="uncontrolled"/>
    <tag k="crossing:markings" v="lines"/>
    <tag k="highway" v="crossing"/>
  </node>
  <node id="5181002308" lat="35.6823929" lon="139.7045711"/>
  <node id="5181002310" lat="35.6835824" lon="139.7042111"/>
  <node id="5181002311" lat="35.6833635" lon="139.7039978"/>
  <node id="5181002313" lat="35.6823920" lon="139.7046306">
    <tag k="crossing" v="traffic_signals"/>
    <tag k="highway" v="crossing"/>
  </node>
  <node id="5181002314" lat="35.6823935" lon="139.7045338">
    <tag k="crossing" v="traffic_signals"/>
    <tag k="highway" v="crossing"/>
  </node>
  <node id="5181003090" lat="35.6824670" lon="139.7044736">
    <tag k="highway" v="crossing"/>
  </node>
  <node id="5243200749" lat="35.6936145" lon="139.7015316">
    <tag k="crossing" v="traffic_signals"/>
    <tag k="crossing:markings" v="zebra"/>
    <tag k="highway" v="crossing"/>
    <tag k="tactile_paving" v="no"/>
  </node>
  <node id="5243200765" lat="35.6924334" lon="139.7050998">
    <tag k="direction" v="forward"/>
    <tag k="highway" v="stop"/>
    <tag k="road_marking" v="solid_stop_line"/>
  </node>
  <node id="5243200766" lat="35.6931957" lon="139.7028077"/>
  <node id="5248267315" lat="35.6822201" lon="139.7086858">
    <tag k="crossing" v="marked"/>
    <tag k="crossing:island" v="no"/>
    <tag k="crossing:markings" v="yes"/>
    <tag k="highway" v="crossing"/>
    <tag k="kerb" v="flush"/>
    <tag k="tactile_paving" v="no"/>
  </node>
  <node id="5248267316" lat="35.6822039" lon="139.7087191">
    <tag k="direction" v="forward"/>
    <tag k="highway" v="stop"/>
  </node>
  <node id="5260661593" lat="35.6813154" lon="139.7023206">
    <tag k="highway" v="crossing"/>
    <tag k="source" v="Bing"/>
  </node>
  <node id="5260661603" lat="35.6813415" lon="139.7021767"/>
  <node id="5260661742" lat="35.6834542" lon="139.7015035">
    <tag k="crossing" v="traffic_signals"/>
    <tag k="highway" v="crossing"/>
    <tag k="source" v="Bing"/>
  </node>
  <node id="5260661745" lat="35.6831115" lon="139.7016216">
    <tag k="kerb" v="no"/>
  </node>
  <node id="5260661788" lat="35.6856764" lon="139.6990531"/>
  <node id="5260661791" lat="35.6846937" lon="139.7002375"/>
  <node id="5260661795" lat="35.6847524" lon="139.7000490"/>
  <node id="5281534522" lat="35.6967592" lon="139.7099626"/>
  <node id="5326353755" lat="35.6892509" lon="139.7011442"/>
  <node id="5326353756" lat="35.6890915" lon="139.7002830">
    <tag k="highway" v="traffic_signals"/>
    <tag k="name" v="新宿駅南口"/>
    <tag k="name:en" v="Shinjuku Sta."/>
    <tag k="name:es" v="Shinjuku Sta."/>
    <tag k="name:ja" v="新宿駅南口"/>
    <tag k="ref" v="436-10"/>
    <tag k="traffic_signals" v="signal"/>
    <tag k="traffic_signals:direction" v="forward"/>
  </node>
  <node id="5326353757" lat="35.6890208" lon="139.7004882">
    <tag k="highway" v="traffic_signals"/>
    <tag k="name" v="新宿駅南口"/>
    <tag k="name:en" v="Shinjuku Sta."/>
    <tag k="name:es" v="Shinjuku Sta."/>
    <tag k="name:ja" v="新宿駅南口"/>
    <tag k="ref" v="436-10"/>
    <tag k="traffic_signals" v="signal"/>
    <tag k="traffic_signals:direction" v="forward"/>
  </node>
  <node id="5353848815" lat="35.6866782" lon="139.6902676"/>
  <node id="5422306023" lat="35.6892777" lon="139.7094212"/>
  <node id="5422306025" lat="35.6889501" lon="139.7094195"/>
  <node id="5422698107" lat="35.6905760" lon="139.7083018">
    <tag k="crossing:signals" v="yes"/>
    <tag k="highway" v="crossing"/>
  </node>
  <node id="5422698110" lat="35.6906535" lon="139.7082575">
    <tag k="crossing:signals" v="yes"/>
    <tag k="highway" v="crossing"/>
  </node>
  <node id="5422698113" lat="35.6906892" lon="139.7083759">
    <tag k="crossing:signals" v="yes"/>
    <tag k="highway" v="crossing"/>
  </node>
  <node id="5422698115" lat="35.6903997" lon="139.7095529">
    <tag k="crossing" v="informal"/>
  </node>
  <node id="5422698118" lat="35.6906102" lon="139.7084156">
    <tag k="highway" v="crossing"/>
  </node>
  <node id="5422701221" lat="35.6903677" lon="139.7091616"/>
  <node id="5422701222" lat="35.6902830" lon="139.7097398">
    <tag k="crossing" v="informal"/>
  </node>
  <node id="5459062528" lat="35.6865625" lon="139.7024105">
    <tag k="crossing" v="uncontrolled"/>
    <tag k="crossing:markings" v="zebra"/>
    <tag k="highway" v="crossing"/>
    <tag k="tactile_paving" v="no"/>
  </node>
  <node id="5459062531" lat="35.6871045" lon="139.7029569">
    <tag k="crossing" v="uncontrolled"/>
    <tag k="crossing:markings" v="zebra"/>
    <tag k="highway" v="crossing"/>
  </node>
  <node id="5459062534" lat="35.6875235" lon="139.7029202">
    <tag k="button_operated" v="no"/>
    <tag k="crossing" v="traffic_signals"/>
    <tag k="crossing:markings" v="zebra"/>
    <tag k="highway" v="crossing"/>
    <tag k="tactile_paving" v="yes"/>
    <tag k="traffic_signals:sound" v="yes"/>
    <tag k="traffic_signals:vibration" v="no"/>
  </node>
  <node id="5459062535" lat="35.6875393" lon="139.7029977">
    <tag k="button_operated" v="no"/>
    <tag k="crossing" v="traffic_signals"/>
    <tag k="crossing:markings" v="zebra"/>
    <tag k="highway" v="crossing"/>
    <tag k="tactile_paving" v="no"/>
    <tag k="traffic_signals:sound" v="yes"/>
    <tag k="traffic_signals:vibration" v="no"/>
  </node>
  <node id="5481693741" lat="35.6910974" lon="139.6981866"/>
  <node id="5486423009" lat="35.6831025" lon="139.7029159"/>
  <node id="5486423010" lat="35.6829325" lon="139.7031296"/>
  <node id="5495266914" lat="35.6970595" lon="139.6928252"/>
  <node id="5495266916" lat="35.6961418" lon="139.6917110"/>
  <node id="5495269415" lat="35.6957196" lon="139.6897065"/>
  <node id="5495269419" lat="35.6956917" lon="139.6896911"/>
  <node id="5495269526" lat="35.6963124" lon="139.6918117"/>
  <node id="5495638628" lat="35.6847855" lon="139.6902641"/>
  <node id="5496924095" lat="35.6925466" lon="139.6900859"/>
  <node id="5496925159" lat="35.6938917" lon="139.6911195"/>
  <node id="5496925160" lat="35.6936881" lon="139.6910040"/>
  <node id="5496925161" lat="35.6935095" lon="139.6908919"/>
  <node id="5496925162" lat="35.6934611" lon="139.6908323"/>
  <node id="5496925163" lat="35.6937259" lon="139.6910157"/>
  <node id="5497793587" lat="35.6916666" lon="139.6932798"/>
  <node id="5497793590" lat="35.6901874" lon="139.6936404"/>
  <node id="5497793597" lat="35.6896819" lon="139.6937636"/>
  <node id="5497793616" lat="35.6882855" lon="139.6941041"/>
  <node id="5497795522" lat="35.6881463" lon="139.6941380"/>
  <node id="5498287112" lat="35.6854292" lon="139.6897497"/>
  <node id="5498287113" lat="35.6849962" lon="139.6900747"/>
  <node id="5498297371" lat="35.6965068" lon="139.6874589"/>
  <node id="5498297374" lat="35.6963446" lon="139.6875115"/>
  <node id="5498297378" lat="35.6961577" lon="139.6875462"/>
  <node id="5498297390" lat="35.6966458" lon="139.6890882"/>
  <node id="5498297391" lat="35.6967576" lon="139.6890651"/>
  <node id="5498297393" lat="35.6966897" lon="139.6893728"/>
  <node id="5498297394" lat="35.6968039" lon="139.6893447"/>
  <node id="5498584297" lat="35.6883369" lon="139.6891937"/>
  <node id="5498584298" lat="35.6882273" lon="139.6892141"/>
  <node id="5498584312" lat="35.6863054" lon="139.6896165">
    <tag k="crossing:island" v="no"/>
    <tag k="crossing:signals" v="yes"/>
    <tag k="highway" v="crossing"/>
    <tag k="tactile_paving" v="yes"/>
  </node>
  <node id="5498584313" lat="35.6857818" lon="139.6915605"/>
  <node id="5498584316" lat="35.6883356" lon="139.6902777"/>
  <node id="5498584320" lat="35.6886086" lon="139.6908789"/>
  <node id="5498585121" lat="35.6884998" lon="139.6909042"/>
  <node id="5498585122" lat="35.6884061" lon="139.6910880"/>
  <node id="5498585123" lat="35.6884357" lon="139.6912581"/>
  <node id="5498585126" lat="35.6886875" lon="139.6913682"/>
  <node id="5498585127" lat="35.6885792" lon="139.6913965"/>
  <node id="5498585129" lat="35.6887497" lon="139.6910049">
    <tag k="highway" v="crossing"/>
  </node>
  <node id="5498585130" lat="35.6887752" lon="139.6911755"/>
  <node id="5498585151" lat="35.6924981" lon="139.6946769"/>
  <node id="5498585170" lat="35.6921184" lon="139.6915888"/>
  <node id="5498585171" lat="35.6922058" lon="139.6915685"/>
  <node id="5498655261" lat="35.6922540" lon="139.6931366"/>
  <node id="5498655273" lat="35.6898089" lon="139.6936209"/>
  <node id="5498655274" lat="35.6898255" lon="139.6937286"/>
  <node id="5498655289" lat="35.6874027" lon="139.6940914">
    <tag k="crossing" v="traffic_signals"/>
    <tag k="crossing:markings" v="zebra"/>
    <tag k="crossing:signals" v="yes"/>
    <tag k="highway" v="crossing"/>
  </node>
  <node id="5498655291" lat="35.6873693" lon="139.6943900">
    <tag k="crossing" v="traffic_signals"/>
    <tag k="crossing:markings" v="zebra"/>
    <tag k="crossing:signals" v="yes"/>
    <tag k="highway" v="crossing"/>
  </node>
  <node id="5498655294" lat="35.6870252" lon="139.6945246">
    <tag k="button_operated" v="no"/>
    <tag k="crossing" v="traffic_signals"/>
    <tag k="crossing:markings" v="zebra"/>
    <tag k="crossing:signals" v="yes"/>
    <tag k="highway" v="crossing"/>
    <tag k="tactile_paving" v="no"/>
    <tag k="traffic_signals:sound" v="yes"/>
    <tag k="traffic_signals:vibration" v="no"/>
  </node>
  <node id="5498655295" lat="35.6870726" lon="139.6946206">
    <tag k="button_operated" v="no"/>
    <tag k="crossing" v="traffic_signals"/>
    <tag k="crossing:markings" v="zebra"/>
    <tag k="crossing:signals" v="yes"/>
    <tag k="highway" v="crossing"/>
    <tag k="tactile_paving" v="no"/>
    <tag k="traffic_signals:sound" v="yes"/>
    <tag k="traffic_signals:vibration" v="no"/>
  </node>
  <node id="5498655298" lat="35.6867034" lon="139.6945871">
    <tag k="crossing" v="traffic_signals"/>
    <tag k="crossing:markings" v="zebra"/>
    <tag k="crossing:signals" v="yes"/>
    <tag k="highway" v="crossing"/>
    <tag k="tactile_paving" v="no"/>
  </node>
  <node id="5498655309" lat="35.6875314" lon="139.6956839">
    <tag k="button_operated" v="no"/>
    <tag k="crossing:signals" v="yes"/>
    <tag k="highway" v="crossing"/>
    <tag k="tactile_paving" v="no"/>
    <tag k="traffic_signals:sound" v="yes"/>
    <tag k="traffic_signals:vibration" v="no"/>
  </node>
  <node id="5498655310" lat="35.6875800" lon="139.6958042">
    <tag k="button_operated" v="no"/>
    <tag k="crossing:signals" v="yes"/>
    <tag k="highway" v="crossing"/>
    <tag k="tactile_paving" v="no"/>
    <tag k="traffic_signals:sound" v="yes"/>
    <tag k="traffic_signals:vibration" v="no"/>
  </node>
  <node id="5498655312" lat="35.6880503" lon="139.6955239">
    <tag k="crossing" v="marked"/>
    <tag k="crossing:markings" v="zebra"/>
    <tag k="highway" v="crossing"/>
  </node>
  <node id="5498655313" lat="35.6880782" lon="139.6956492">
    <tag k="crossing" v="marked"/>
    <tag k="crossing:markings" v="zebra"/>
    <tag k="highway" v="crossing"/>
  </node>
  <node id="5498655320" lat="35.6892572" lon="139.6949777">
    <tag k="crossing" v="traffic_signals"/>
    <tag k="crossing:markings" v="zebra"/>
    <tag k="crossing:signals" v="yes"/>
    <tag k="highway" v="crossing"/>
    <tag k="source" v="Bing"/>
    <tag k="tactile_paving" v="yes"/>
  </node>
  <node id="5498655833" lat="35.6899045" lon="139.6949901">
    <tag k="crossing" v="traffic_signals"/>
    <tag k="crossing:markings" v="zebra"/>
    <tag k="crossing:signals" v="yes"/>
    <tag k="highway" v="crossing"/>
  </node>
  <node id="5498655834" lat="35.6899194" lon="139.6951166">
    <tag k="crossing" v="traffic_signals"/>
    <tag k="crossing:markings" v="zebra"/>
    <tag k="crossing:signals" v="yes"/>
    <tag k="highway" v="crossing"/>
  </node>
  <node id="5498655837" lat="35.6897735" lon="139.6950228"/>
  <node id="5498655842" lat="35.6902836" lon="139.6948956"/>
  <node id="5498668185" lat="35.6906868" lon="139.6947951"/>
  <node id="5498668186" lat="35.6907082" lon="139.6949217"/>
  <node id="5498668189" lat="35.6911336" lon="139.6946874"/>
  <node id="5498668190" lat="35.6911525" lon="139.6948103"/>
  <node id="5498668193" lat="35.6910240" lon="139.6950070"/>
  <node id="5498668194" lat="35.6908910" lon="139.6950305"/>
  <node id="5498668196" lat="35.6919016" lon="139.6945152"/>
  <node id="5500054397" lat="35.6883768" lon="139.6954232"/>
  <node id="5500054403" lat="35.6885588" lon="139.6953671"/>
  <node id="5500054892" lat="35.6932448" lon="139.6948254"/>
  <node id="5500054935" lat="35.6934149" lon="139.6960537"/>
  <node id="5500076585" lat="35.6921122" lon="139.6966317">
    <tag k="crossing" v="traffic_signals"/>
    <tag k="highway" v="crossing"/>
  </node>
  <node id="5500076587" lat="35.6920740" lon="139.6964346">
    <tag k="crossing" v="traffic_signals"/>
    <tag k="highway" v="crossing"/>
  </node>
  <node id="5500076588" lat="35.6920100" lon="139.6964156">
    <tag k="crossing" v="traffic_signals"/>
    <tag k="highway" v="crossing"/>
  </node>
  <node id="5500076589" lat="35.6918942" lon="139.6967044">
    <tag k="crossing" v="traffic_signals"/>
    <tag k="highway" v="crossing"/>
  </node>
  <node id="5500076603" lat="35.6921224" lon="139.6960033"/>
  <node id="5500077900" lat="35.6900749" lon="139.6963819"/>
  <node id="5500077903" lat="35.6899766" lon="139.6963897"/>
  <node id="5500147020" lat="35.6904838" lon="139.6963494"/>
  <node id="5500147131" lat="35.6899716" lon="139.6960161"/>
  <node id="5500147132" lat="35.6900174" lon="139.6962698"/>
  <node id="5500147133" lat="35.6893888" lon="139.6960604"/>
  <node id="5500147134" lat="35.6900549" lon="139.6967274"/>
  <node id="5500147137" lat="35.6894399" lon="139.6964320"/>
  <node id="5500147141" lat="35.6895731" lon="139.6964215"/>
  <node id="5500147159" lat="35.6892327" lon="139.6962756"/>
  <node id="5500147160" lat="35.6893340" lon="139.6962666"/>
  <node id="5500147162" lat="35.6891723" lon="139.6964531"/>
  <node id="5500147169" lat="35.6884950" lon="139.6956002"/>
  <node id="5500147174" lat="35.6883676" lon="139.6965170"/>
  <node id="5500147176" lat="35.6878420" lon="139.6967952">
    <tag k="button_operated" v="no"/>
    <tag k="crossing" v="traffic_signals"/>
    <tag k="highway" v="crossing"/>
    <tag k="tactile_paving" v="no"/>
    <tag k="traffic_signals:sound" v="yes"/>
    <tag k="traffic_signals:vibration" v="no"/>
  </node>
  <node id="5500147177" lat="35.6877110" lon="139.6968559">
    <tag k="button_operated" v="no"/>
    <tag k="crossing" v="traffic_signals"/>
    <tag k="highway" v="crossing"/>
    <tag k="tactile_paving" v="no"/>
    <tag k="traffic_signals:sound" v="yes"/>
    <tag k="traffic_signals:vibration" v="no"/>
  </node>
  <node id="5500147179" lat="35.6876199" lon="139.6962693">
    <tag k="crossing" v="traffic_signals"/>
    <tag k="highway" v="crossing"/>
  </node>
  <node id="5500147180" lat="35.6874932" lon="139.6963523">
    <tag k="crossing" v="traffic_signals"/>
    <tag k="highway" v="crossing"/>
  </node>
  <node id="5500147197" lat="35.6882251" lon="139.6956035"/>
  <node id="5500147200" lat="35.6887861" lon="139.6954289"/>
  <node id="5500147282" lat="35.6883428" lon="139.6927041"/>
  <node id="5500147290" lat="35.6875769" lon="139.6928907"/>
  <node id="5500183392" lat="35.6931444" lon="139.6924548"/>
  <node id="5500197936" lat="35.6902749" lon="139.6950288"/>
  <node id="5500197946" lat="35.6898277" lon="139.6951393"/>
  <node id="5500197948" lat="35.6896896" lon="139.6951735"/>
  <node id="5500361319" lat="35.6919571" lon="139.6930950"/>
  <node id="5500363551" lat="35.6919142" lon="139.6918338"/>
  <node id="5500579898" lat="35.6896094" lon="139.6923955">
    <tag k="crossing" v="traffic_signals"/>
    <tag k="crossing:markings" v="zebra"/>
    <tag k="crossing:signals" v="yes"/>
    <tag k="highway" v="crossing"/>
  </node>
  <node id="5500579899" lat="35.6895916" lon="139.6922825">
    <tag k="crossing" v="traffic_signals"/>
    <tag k="crossing:markings" v="zebra"/>
    <tag k="crossing:signals" v="yes"/>
    <tag k="highway" v="crossing"/>
  </node>
  <node id="5500579917" lat="35.6872402" lon="139.6930803"/>
  <node id="5500579919" lat="35.6873696" lon="139.6929412"/>
  <node id="5500579920" lat="35.6873488" lon="139.6928246"/>
  <node id="5500579923" lat="35.6871837" lon="139.6927287"/>
  <node id="5500579961" lat="35.6872047" lon="139.6928594">
    <tag k="highway" v="traffic_signals"/>
    <tag k="name" v="都庁南"/>
    <tag k="name:en" v="Tokyo Metropolitan Government-S."/>
    <tag k="name:ja" v="都庁南"/>
  </node>
  <node id="5500579968" lat="35.6869293" lon="139.6918967"/>
  <node id="5500579970" lat="35.6870267" lon="139.6917517"/>
  <node id="5500579971" lat="35.6870431" lon="139.6918534"/>
  <node id="5500579972" lat="35.6871080" lon="139.6922573"/>
  <node id="5501128088" lat="35.6919302" lon="139.6946359"/>
  <node id="5504064990" lat="35.6935044" lon="139.6970456">
    <tag k="crossing" v="marked"/>
    <tag k="crossing:markings" v="yes"/>
    <tag k="highway" v="crossing"/>
    <tag k="tactile_paving" v="yes"/>
  </node>
  <node id="5505206555" lat="35.6896473" lon="139.6936604"/>
  <node id="5505206557" lat="35.6899517" lon="139.6935859"/>
  <node id="5505807990" lat="35.6936170" lon="139.6927547"/>
  <node id="5505900397" lat="35.6923475" lon="139.6954616"/>
  <node id="5505900402" lat="35.6923098" lon="139.6955958"/>
  <node id="5509724290" lat="35.6947222" lon="139.6903527"/>
  <node id="5558951251" lat="35.6949511" lon="139.7054212">
    <tag k="crossing" v="zebra"/>
    <tag k="crossing:island" v="no"/>
    <tag k="highway" v="crossing"/>
    <tag k="kerb" v="lowered"/>
    <tag k="tactile_paving" v="no"/>
  </node>
  <node id="5582217699" lat="35.6905149" lon="139.6920186"/>
  <node id="5583603436" lat="35.6960942" lon="139.6918252"/>
  <node id="5583603445" lat="35.6966626" lon="139.6923842"/>
  <node id="5583603446" lat="35.6953751" lon="139.6915016"/>
  <node id="5583603447" lat="35.6952791" lon="139.6914099"/>
  <node id="5610556529" lat="35.6862905" lon="139.6911517"/>
  <node id="5852376424" lat="35.6964169" lon="139.6867601"/>
  <node id="5865356244" lat="35.6893341" lon="139.7129369"/>
  <node id="5908997427" lat="35.6850069" lon="139.6977016"/>
  <node id="5908997430" lat="35.6848610" lon="139.6980685"/>
  <node id="5923786374" lat="35.7007144" lon="139.7079753">
    <tag k="highway" v="traffic_signals"/>
  </node>
  <node id="5929545658" lat="35.6962615" lon="139.7056005"/>
  <node id="5940179735" lat="35.6918912" lon="139.7200162"/>
  <node id="5993409143" lat="35.6913835" lon="139.7015905"/>
  <node id="5993409144" lat="35.6913662" lon="139.7014024"/>
  <node id="5993409146" lat="35.6914268" lon="139.7013539">
    <tag k="direction" v="forward"/>
    <tag k="highway" v="stop"/>
  </node>
  <node id="5993409151" lat="35.6938811" lon="139.7038949"/>
  <node id="5993409152" lat="35.6950739" lon="139.7039554">
    <tag k="crossing:signals" v="yes"/>
    <tag k="highway" v="crossing"/>
    <tag k="source" v="Bing 2010"/>
  </node>
  <node id="5993409154" lat="35.6942975" lon="139.7035817"/>
  <node id="6009046539" lat="35.6895627" lon="139.7067292"/>
  <node id="6036731050" lat="35.6935028" lon="139.6995697"/>
  <node id="6080000448" lat="35.6903793" lon="139.7057149"/>
  <node id="6080000449" lat="35.6904610" lon="139.7057559">
    <tag k="highway" v="crossing"/>
  </node>
  <node id="6118971777" lat="35.6926203" lon="139.7044833">
    <tag k="crossing" v="uncontrolled"/>
    <tag k="crossing:markings" v="zebra"/>
    <tag k="highway" v="crossing"/>
    <tag k="tactile_paving" v="no"/>
  </node>
  <node id="6118971778" lat="35.6924542" lon="139.7051122">
    <tag k="crossing" v="uncontrolled"/>
    <tag k="crossing:markings" v="zebra"/>
    <tag k="highway" v="crossing"/>
    <tag k="tactile_paving" v="no"/>
  </node>
  <node id="6118971779" lat="35.6892623" lon="139.7073595"/>
  <node id="6118971780" lat="35.6896522" lon="139.7140543"/>
  <node id="6118971781" lat="35.6897970" lon="139.7131147"/>
  <node id="6118971782" lat="35.6873462" lon="139.7139398">
    <tag k="crossing:markings" v="lines"/>
    <tag k="highway" v="crossing"/>
  </node>
  <node id="6119005734" lat="35.6931246" lon="139.7026291">
    <tag k="crossing" v="uncontrolled"/>
    <tag k="crossing:markings" v="zebra"/>
    <tag k="highway" v="crossing"/>
    <tag k="tactile_paving" v="no"/>
  </node>
  <node id="6146808077" lat="35.6898461" lon="139.7032122">
    <tag k="crossing" v="zebra"/>
    <tag k="highway" v="crossing"/>
    <tag k="tactile_paving" v="no"/>
  </node>
  <node id="6146808081" lat="35.6897547" lon="139.7026434">
    <tag k="crossing" v="zebra"/>
    <tag k="crossing:island" v="no"/>
    <tag k="highway" v="crossing"/>
    <tag k="tactile_paving" v="yes"/>
  </node>
  <node id="6146808083" lat="35.6890786" lon="139.7022381">
    <tag k="crossing" v="zebra"/>
    <tag k="highway" v="crossing"/>
  </node>
  <node id="6146809885" lat="35.6897947" lon="139.7031325">
    <tag k="direction" v="forward"/>
    <tag k="highway" v="stop"/>
    <tag k="stop" v="minor"/>
  </node>
  <node id="6146809886" lat="35.6898109" lon="139.7032287">
    <tag k="crossing" v="zebra"/>
    <tag k="highway" v="crossing"/>
    <tag k="tactile_paving" v="yes"/>
  </node>
  <node id="6146833581" lat="35.6913627" lon="139.7035816">
    <tag k="crossing" v="traffic_signals"/>
    <tag k="crossing:markings" v="zebra"/>
    <tag k="highway" v="crossing"/>
    <tag k="tactile_paving" v="no"/>
  </node>
  <node id="6146833582" lat="35.6905971" lon="139.7032818">
    <tag k="crossing" v="zebra"/>
    <tag k="highway" v="crossing"/>
  </node>
  <node id="6146833583" lat="35.6907112" lon="139.7033148">
    <tag k="crossing" v="zebra"/>
    <tag k="highway" v="crossing"/>
  </node>
  <node id="6146833584" lat="35.6906595" lon="139.7032320">
    <tag k="crossing" v="zebra"/>
    <tag k="highway" v="crossing"/>
  </node>
  <node id="6146833785" lat="35.6906371" lon="139.7033851">
    <tag k="crossing" v="zebra"/>
    <tag k="highway" v="crossing"/>
  </node>
  <node id="6147302096" lat="35.6948947" lon="139.7055821">
    <tag k="crossing" v="zebra"/>
    <tag k="crossing:island" v="no"/>
    <tag k="highway" v="crossing"/>
    <tag k="kerb" v="lowered"/>
    <tag k="tactile_paving" v="no"/>
  </node>
  <node id="6147302097" lat="35.6956662" lon="139.7092691">
    <tag k="crossing" v="uncontrolled"/>
    <tag k="crossing:markings" v="zebra"/>
    <tag k="highway" v="crossing"/>
  </node>
  <node id="6147302098" lat="35.6930538" lon="139.7033108">
    <tag k="crossing" v="traffic_signals"/>
    <tag k="crossing:markings" v="zebra"/>
    <tag k="highway" v="crossing"/>
    <tag k="tactile_paving" v="yes"/>
  </node>
  <node id="6147302102" lat="35.6929497" lon="139.7036797">
    <tag k="crossing" v="traffic_signals"/>
    <tag k="crossing:markings" v="zebra"/>
    <tag k="highway" v="crossing"/>
    <tag k="tactile_paving" v="yes"/>
  </node>
  <node id="6147302106" lat="35.6949935" lon="139.7055400">
    <tag k="crossing" v="zebra"/>
    <tag k="highway" v="crossing"/>
    <tag k="kerb" v="lowered"/>
    <tag k="tactile_paving" v="no"/>
  </node>
  <node id="6147302108" lat="35.6930716" lon="139.7037312">
    <tag k="button_operated" v="no"/>
    <tag k="crossing" v="traffic_signals"/>
    <tag k="crossing:markings" v="zebra"/>
    <tag k="highway" v="crossing"/>
    <tag k="tactile_paving" v="yes"/>
    <tag k="traffic_signals:sound" v="yes"/>
  </node>
  <node id="6147302109" lat="35.6949310" lon="139.7079624">
    <tag k="direction" v="forward"/>
    <tag k="highway" v="stop"/>
    <tag k="stop" v="minor"/>
  </node>
  <node id="6170421215" lat="35.7013326" lon="139.7140276"/>
  <node id="6185007143" lat="35.6900365" lon="139.7054774"/>
  <node id="6203468625" lat="35.6943103" lon="139.6929456">
    <tag k="crossing" v="traffic_signals"/>
    <tag k="highway" v="crossing"/>
  </node>
  <node id="6203468626" lat="35.6944051" lon="139.6929936">
    <tag k="crossing" v="traffic_signals"/>
    <tag k="highway" v="crossing"/>
  </node>
  <node id="6203468629" lat="35.6941846" lon="139.6933357">
    <tag k="crossing" v="traffic_signals"/>
    <tag k="highway" v="crossing"/>
  </node>
  <node id="6203468630" lat="35.6942765" lon="139.6933800">
    <tag k="crossing" v="traffic_signals"/>
    <tag k="highway" v="crossing"/>
  </node>
  <node id="6237216894" lat="35.6876168" lon="139.7030385">
    <tag k="crossing" v="uncontrolled"/>
    <tag k="crossing:island" v="no"/>
    <tag k="crossing:markings" v="zebra"/>
    <tag k="highway" v="crossing"/>
    <tag k="tactile_paving" v="no"/>
  </node>
  <node id="6237216898" lat="35.6881087" lon="139.7031249"/>
  <node id="6237216899" lat="35.6885888" lon="139.7034466"/>
  <node id="6237216908" lat="35.6905226" lon="139.7045176">
    <tag k="crossing" v="uncontrolled"/>
    <tag k="crossing:markings" v="zebra"/>
    <tag k="highway" v="crossing"/>
  </node>
  <node id="6237216913" lat="35.6932712" lon="139.7003054">
    <tag k="crossing" v="traffic_signals"/>
    <tag k="crossing:markings" v="zebra"/>
    <tag k="highway" v="crossing"/>
    <tag k="tactile_paving" v="no"/>
  </node>
  <node id="6237216914" lat="35.6932810" lon="139.7003785">
    <tag k="crossing" v="traffic_signals"/>
    <tag k="crossing:markings" v="zebra"/>
    <tag k="highway" v="crossing"/>
    <tag k="tactile_paving" v="no"/>
  </node>
  <node id="6237216928" lat="35.6930330" lon="139.6991166"/>
  <node id="6237216930" lat="35.6928350" lon="139.6985094"/>
  <node id="6237227422" lat="35.6948218" lon="139.6985973">
    <tag k="crossing" v="traffic_signals"/>
    <tag k="highway" v="crossing"/>
  </node>
  <node id="6237227425" lat="35.6948925" lon="139.6986605">
    <tag k="crossing" v="traffic_signals"/>
    <tag k="highway" v="crossing"/>
  </node>
  <node id="6237227427" lat="35.6948437" lon="139.6987879">
    <tag k="crossing" v="traffic_signals"/>
    <tag k="highway" v="crossing"/>
  </node>
  <node id="6237227428" lat="35.6947689" lon="139.6987141">
    <tag k="crossing" v="traffic_signals"/>
    <tag k="highway" v="crossing"/>
  </node>
  <node id="6237227434" lat="35.6954270" lon="139.6983662">
    <tag k="crossing" v="marked"/>
    <tag k="crossing:markings" v="yes"/>
    <tag k="highway" v="crossing"/>
  </node>
  <node id="6237227436" lat="35.6955897" lon="139.6984863">
    <tag k="crossing" v="marked"/>
    <tag k="crossing:markings" v="yes"/>
    <tag k="highway" v="crossing"/>
  </node>
  <node id="6237227439" lat="35.6961690" lon="139.6981748">
    <tag k="crossing" v="traffic_signals"/>
    <tag k="highway" v="crossing"/>
  </node>
  <node id="6237227441" lat="35.6962167" lon="139.6980703">
    <tag k="crossing" v="marked"/>
    <tag k="crossing:markings" v="yes"/>
    <tag k="highway" v="crossing"/>
  </node>
  <node id="6237227442" lat="35.6962883" lon="139.6982461">
    <tag k="crossing" v="marked"/>
    <tag k="crossing:markings" v="yes"/>
    <tag k="highway" v="crossing"/>
  </node>
  <node id="6237227443" lat="35.6958924" lon="139.6981876">
    <tag k="crossing" v="marked"/>
    <tag k="crossing:markings" v="yes"/>
    <tag k="highway" v="crossing"/>
  </node>
  <node id="6237227449" lat="35.6941738" lon="139.6988519">
    <tag k="crossing" v="uncontrolled"/>
    <tag k="crossing:markings" v="yes"/>
    <tag k="highway" v="crossing"/>
  </node>
  <node id="6237237519" lat="35.6897356" lon="139.7021136">
    <tag k="crossing" v="marked"/>
    <tag k="crossing:markings" v="zebra"/>
    <tag k="highway" v="crossing"/>
    <tag k="tactile_paving" v="yes"/>
  </node>
  <node id="6237237522" lat="35.6896892" lon="139.7019925">
    <tag k="crossing" v="marked"/>
    <tag k="crossing:markings" v="yes"/>
    <tag k="disused:highway" v="crossing"/>
  </node>
  <node id="6237237530" lat="35.6897797" lon="139.7018123">
    <tag k="crossing" v="marked"/>
    <tag k="crossing:markings" v="zebra"/>
    <tag k="highway" v="crossing"/>
  </node>
  <node id="6237237533" lat="35.6907027" lon="139.7014165"/>
  <node id="6237237537" lat="35.6906655" lon="139.7015107"/>
  <node id="6237237538" lat="35.6907735" lon="139.7018158"/>
  <node id="6240814965" lat="35.6899664" lon="139.6951857">
    <tag k="crossing" v="marked"/>
    <tag k="crossing:markings" v="zebra"/>
    <tag k="highway" v="crossing"/>
  </node>
  <node id="6240814971" lat="35.6936519" lon="139.7013651">
    <tag k="button_operated" v="no"/>
    <tag k="crossing" v="traffic_signals"/>
    <tag k="crossing:markings" v="zebra"/>
    <tag k="highway" v="crossing"/>
    <tag k="tactile_paving" v="no"/>
    <tag k="traffic_signals:sound" v="yes"/>
    <tag k="traffic_signals:vibration" v="yes"/>
  </node>
  <node id="6240814972" lat="35.6934244" lon="139.7013287">
    <tag k="crossing" v="uncontrolled"/>
    <tag k="crossing:markings" v="zebra"/>
    <tag k="highway" v="crossing"/>
    <tag k="tactile_paving" v="no"/>
  </node>
  <node id="6240814974" lat="35.6935275" lon="139.7013288">
    <tag k="button_operated" v="no"/>
    <tag k="crossing" v="traffic_signals"/>
    <tag k="crossing:markings" v="zebra"/>
    <tag k="highway" v="crossing"/>
    <tag k="tactile_paving" v="no"/>
    <tag k="traffic_signals:sound" v="yes"/>
    <tag k="traffic_signals:vibration" v="yes"/>
  </node>
  <node id="6240814976" lat="35.6934932" lon="139.7014911">
    <tag k="crossing" v="traffic_signals"/>
    <tag k="crossing:markings" v="zebra"/>
    <tag k="highway" v="crossing"/>
    <tag k="tactile_paving" v="no"/>
  </node>
  <node id="6266972549" lat="35.6978101" lon="139.7055225"/>
  <node id="6281161511" lat="35.6883557" lon="139.7030465"/>
  <node id="6281161513" lat="35.6879942" lon="139.7029717">
    <tag k="crossing" v="traffic_signals"/>
    <tag k="crossing:markings" v="zebra"/>
    <tag k="highway" v="crossing"/>
  </node>
  <node id="6281161521" lat="35.6869380" lon="139.7032252"/>
  <node id="6281161522" lat="35.6861724" lon="139.7034524">
    <tag k="crossing" v="uncontrolled"/>
    <tag k="crossing:island" v="no"/>
    <tag k="crossing:markings" v="zebra"/>
    <tag k="highway" v="crossing"/>
    <tag k="tactile_paving" v="no"/>
  </node>
  <node id="6281161523" lat="35.6850539" lon="139.7038744"/>
  <node id="6281161530" lat="35.6853184" lon="139.7034927"/>
  <node id="6281161539" lat="35.6884230" lon="139.7089315">
    <tag k="crossing" v="informal"/>
  </node>
  <node id="6281161554" lat="35.6875332" lon="139.7127255"/>
  <node id="6281161555" lat="35.6876602" lon="139.7122054">
    <tag k="crossing" v="unmarked"/>
    <tag k="crossing:markings" v="no"/>
    <tag k="highway" v="crossing"/>
  </node>
  <node id="6281161556" lat="35.6878142" lon="139.7116396">
    <tag k="crossing" v="unmarked"/>
    <tag k="crossing:island" v="no"/>
    <tag k="crossing:markings" v="no"/>
    <tag k="highway" v="crossing"/>
    <tag k="tactile_paving" v="no"/>
  </node>
  <node id="6281161558" lat="35.6880223" lon="139.7105233"/>
  <node id="6281161562" lat="35.6884254" lon="139.7098401">
    <tag k="crossing" v="unmarked"/>
    <tag k="crossing:island" v="no"/>
    <tag k="crossing:markings" v="no"/>
    <tag k="highway" v="crossing"/>
    <tag k="tactile_paving" v="yes"/>
  </node>
  <node id="6281290596" lat="35.6900087" lon="139.7051669">
    <tag k="crossing" v="marked"/>
    <tag k="crossing:markings" v="yes"/>
    <tag k="highway" v="crossing"/>
  </node>
  <node id="6281290599" lat="35.6896421" lon="139.7045380">
    <tag k="crossing" v="uncontrolled"/>
    <tag k="crossing:markings" v="zebra"/>
    <tag k="highway" v="crossing"/>
  </node>
  <node id="6281908903" lat="35.6887457" lon="139.6991850">
    <tag k="button_operated" v="no"/>
    <tag k="crossing" v="traffic_signals"/>
    <tag k="crossing:markings" v="zebra"/>
    <tag k="highway" v="crossing"/>
    <tag k="tactile_paving" v="yes"/>
    <tag k="traffic_signals:sound" v="yes"/>
    <tag k="traffic_signals:vibration" v="no"/>
  </node>
  <node id="6281908904" lat="35.6886247" lon="139.6992095">
    <tag k="button_operated" v="no"/>
    <tag k="crossing" v="traffic_signals"/>
    <tag k="crossing:markings" v="zebra"/>
    <tag k="highway" v="crossing"/>
    <tag k="tactile_paving" v="yes"/>
    <tag k="traffic_signals:sound" v="yes"/>
    <tag k="traffic_signals:vibration" v="no"/>
  </node>
  <node id="6281908909" lat="35.6871499" lon="139.6995892"/>
  <node id="6281908911" lat="35.6866062" lon="139.6998882"/>
  <node id="6281908921" lat="35.6876916" lon="139.6992411"/>
  <node id="6281908926" lat="35.6878990" lon="139.6975768"/>
  <node id="6281908933" lat="35.6894299" lon="139.6986209">
    <tag k="crossing" v="marked"/>
    <tag k="crossing:markings" v="yes"/>
    <tag k="highway" v="crossing"/>
  </node>
  <node id="6281908938" lat="35.6912661" lon="139.6980332">
    <tag k="crossing" v="traffic_signals"/>
    <tag k="highway" v="crossing"/>
    <tag k="ref" v="436-115"/>
  </node>
  <node id="6281908939" lat="35.6911254" lon="139.6980408">
    <tag k="crossing" v="traffic_signals"/>
    <tag k="highway" v="crossing"/>
    <tag k="ref" v="436-115"/>
  </node>
  <node id="6281908944" lat="35.6919675" lon="139.6980490">
    <tag k="crossing" v="uncontrolled"/>
    <tag k="crossing:markings" v="yes"/>
    <tag k="highway" v="crossing"/>
  </node>
  <node id="6282956181" lat="35.6816003" lon="139.6927478"/>
  <node id="6282956270" lat="35.6887567" lon="139.6988270">
    <tag k="button_operated" v="no"/>
    <tag k="crossing" v="traffic_signals"/>
    <tag k="crossing:markings" v="zebra"/>
    <tag k="highway" v="crossing"/>
    <tag k="tactile_paving" v="no"/>
    <tag k="traffic_signals:sound" v="yes"/>
    <tag k="traffic_signals:vibration" v="no"/>
  </node>
  <node id="6282956271" lat="35.6888162" lon="139.6989557">
    <tag k="button_operated" v="no"/>
    <tag k="crossing" v="traffic_signals"/>
    <tag k="crossing:markings" v="zebra"/>
    <tag k="highway" v="crossing"/>
    <tag k="tactile_paving" v="no"/>
    <tag k="traffic_signals:sound" v="yes"/>
    <tag k="traffic_signals:vibration" v="no"/>
  </node>
  <node id="6282956274" lat="35.6885780" lon="139.6987493">
    <tag k="button_operated" v="no"/>
    <tag k="crossing" v="traffic_signals"/>
    <tag k="crossing:markings" v="zebra"/>
    <tag k="highway" v="crossing"/>
    <tag k="traffic_signals:sound" v="yes"/>
    <tag k="traffic_signals:vibration" v="no"/>
  </node>
  <node id="6282956275" lat="35.6884753" lon="139.6988098">
    <tag k="button_operated" v="no"/>
    <tag k="crossing" v="traffic_signals"/>
    <tag k="crossing:markings" v="zebra"/>
    <tag k="highway" v="crossing"/>
    <tag k="traffic_signals:sound" v="yes"/>
    <tag k="traffic_signals:vibration" v="no"/>
  </node>
  <node id="6282956278" lat="35.6881887" lon="139.6977205">
    <tag k="button_operated" v="no"/>
    <tag k="crossing" v="traffic_signals"/>
    <tag k="crossing:markings" v="zebra"/>
    <tag k="crossing:signals" v="yes"/>
    <tag k="highway" v="crossing"/>
    <tag k="tactile_paving" v="no"/>
    <tag k="traffic_signals:sound" v="yes"/>
    <tag k="traffic_signals:vibration" v="no"/>
  </node>
  <node id="6282956279" lat="35.6880767" lon="139.6977930">
    <tag k="crossing" v="traffic_signals"/>
    <tag k="crossing:markings" v="zebra"/>
    <tag k="crossing:signals" v="yes"/>
    <tag k="highway" v="crossing"/>
  </node>
  <node id="6282956281" lat="35.6874105" lon="139.6965574">
    <tag k="crossing" v="traffic_signals"/>
    <tag k="highway" v="crossing"/>
  </node>
  <node id="6282956282" lat="35.6832527" lon="139.6917590"/>
  <node id="6282956283" lat="35.6825416" lon="139.6921938"/>
  <node id="6282958486" lat="35.6881549" lon="139.6990732">
    <tag k="crossing" v="marked"/>
    <tag k="crossing:markings" v="zebra"/>
    <tag k="highway" v="crossing"/>
  </node>
  <node id="6282958488" lat="35.6884244" lon="139.6990362">
    <tag k="crossing" v="traffic_signals"/>
    <tag k="crossing:markings" v="zebra"/>
    <tag k="highway" v="crossing"/>
  </node>
  <node id="6283037061" lat="35.6828613" lon="139.7017515">
    <tag k="button_operated" v="no"/>
    <tag k="crossing" v="traffic_signals"/>
    <tag k="crossing:island" v="no"/>
    <tag k="highway" v="crossing"/>
    <tag k="tactile_paving" v="yes"/>
  </node>
  <node id="6283037069" lat="35.6847366" lon="139.7012724">
    <tag k="crossing" v="traffic_signals"/>
    <tag k="highway" v="crossing"/>
  </node>
  <node id="6283037072" lat="35.6869213" lon="139.6996077">
    <tag k="crossing" v="traffic_signals"/>
    <tag k="highway" v="crossing"/>
  </node>
  <node id="6283452068" lat="35.6910466" lon="139.6963018"/>
  <node id="6283452069" lat="35.6911188" lon="139.6963322"/>
  <node id="6283452071" lat="35.6908985" lon="139.6949441"/>
  <node id="6283452072" lat="35.6909794" lon="139.6949990"/>
  <node id="6283452075" lat="35.6910793" lon="139.6967217"/>
  <node id="6308229716" lat="35.6914256" lon="139.6983464"/>
  <node id="6308229717" lat="35.6914632" lon="139.6984617"/>
  <node id="6308229718" lat="35.6909975" lon="139.6985727"/>
  <node id="6308229719" lat="35.6909973" lon="139.6985412"/>
  <node id="6308229720" lat="35.6910322" lon="139.6983561"/>
  <node id="6308229721" lat="35.6910112" lon="139.6984245"/>
  <node id="6308229722" lat="35.6914453" lon="139.6983907"/>
  <node id="6308229775" lat="35.6913047" lon="139.6981965"/>
  <node id="6308229776" lat="35.6912585" lon="139.6981147"/>
  <node id="6308229777" lat="35.6911460" lon="139.6981473"/>
  <node id="6308549778" lat="35.6900127" lon="139.6986480">
    <tag k="crossing" v="traffic_signals"/>
    <tag k="highway" v="crossing"/>
    <tag k="supervised" v="no"/>
    <tag k="tactile_paving" v="yes"/>
    <tag k="traffic_signals:sound" v="yes"/>
  </node>
  <node id="6308549779" lat="35.6900264" lon="139.6987805">
    <tag k="crossing" v="traffic_signals"/>
    <tag k="highway" v="crossing"/>
    <tag k="supervised" v="no"/>
    <tag k="tactile_paving" v="yes"/>
    <tag k="traffic_signals:sound" v="yes"/>
  </node>
  <node id="6308608814" lat="35.6914668" lon="139.6984990"/>
  <node id="6308608816" lat="35.6913257" lon="139.6982203"/>
  <node id="6308608817" lat="35.6912522" lon="139.6980889"/>
  <node id="6308608818" lat="35.6912827" lon="139.6981650"/>
  <node id="6308608819" lat="35.6911493" lon="139.6981147"/>
  <node id="6308608820" lat="35.6911389" lon="139.6981808"/>
  <node id="6308608821" lat="35.6911130" lon="139.6982418"/>
  <node id="6310818846" lat="35.6889540" lon="139.6997172"/>
  <node id="6334892917" lat="35.6825931" lon="139.6885609"/>
  <node id="6334972112" lat="35.6836504" lon="139.6898898"/>
  <node id="6337638632" lat="35.6835168" lon="139.6897765"/>
  <node id="6337638633" lat="35.6837052" lon="139.6902100"/>
  <node id="6337638634" lat="35.6837299" lon="139.6903876"/>
  <node id="6337638635" lat="35.6837043" lon="139.6907613"/>
  <node id="6337638636" lat="35.6834802" lon="139.6912092"/>
  <node id="6337638637" lat="35.6835744" lon="139.6901926"/>
  <node id="6337638639" lat="35.6834110" lon="139.6897819"/>
  <node id="6362102132" lat="35.7013636" lon="139.6954353"/>
  <node id="6362102897" lat="35.6989762" lon="139.6968014"/>
  <node id="6362102898" lat="35.6988121" lon="139.6969073"/>
  <node id="6362102899" lat="35.6984317" lon="139.6971256"/>
  <node id="6362102907" lat="35.6979411" lon="139.6967103"/>
  <node id="6362102908" lat="35.6978672" lon="139.6962907"/>
  <node id="6366687328" lat="35.7016151" lon="139.6883402">
    <tag k="button_operated" v="no"/>
    <tag k="crossing:signals" v="yes"/>
    <tag k="highway" v="crossing"/>
    <tag k="tactile_paving" v="yes"/>
    <tag k="traffic_signals:sound" v="no"/>
  </node>
  <node id="6408865712" lat="35.6960470" lon="139.6912223"/>
  <node id="6440946264" lat="35.6923218" lon="139.6982100">
    <tag k="crossing" v="traffic_signals"/>
    <tag k="highway" v="crossing"/>
    <tag k="name" v="新宿西口ロータリー入口"/>
    <tag k="name:en" v="Shinjuku nishiguchi Rotary Ent."/>
    <tag k="name:ko" v="신쥬쿠 서쪽 출구 로터리 임구"/>
  </node>
  <node id="6440946270" lat="35.6922413" lon="139.6993233">
    <tag k="highway" v="traffic_signals"/>
    <tag k="traffic_signals" v="signal"/>
  </node>
  <node id="6443251503" lat="35.6893675" lon="139.6988725"/>
  <node id="6443251512" lat="35.6892543" lon="139.6988934"/>
  <node id="6479357566" lat="35.6908622" lon="139.7016705">
    <tag k="crossing" v="uncontrolled"/>
    <tag k="crossing:markings" v="zebra"/>
    <tag k="highway" v="crossing"/>
    <tag k="tactile_paving" v="no"/>
  </node>
  <node id="6479357571" lat="35.6908415" lon="139.7014186">
    <tag k="crossing" v="uncontrolled"/>
    <tag k="crossing:markings" v="zebra"/>
    <tag k="highway" v="crossing"/>
    <tag k="tactile_paving" v="no"/>
  </node>
  <node id="6491076831" lat="35.6843610" lon="139.6909777">
    <tag k="button_operated" v="no"/>
    <tag k="crossing" v="traffic_signals"/>
    <tag k="highway" v="crossing"/>
    <tag k="tactile_paving" v="no"/>
    <tag k="traffic_signals:sound" v="no"/>
    <tag k="traffic_signals:vibration" v="no"/>
  </node>
  <node id="6491076833" lat="35.6842210" lon="139.6910962">
    <tag k="crossing" v="traffic_signals"/>
    <tag k="highway" v="crossing"/>
  </node>
  <node id="6491150350" lat="35.6840007" lon="139.6907821">
    <tag k="crossing" v="traffic_signals"/>
    <tag k="highway" v="crossing"/>
  </node>
  <node id="6491150351" lat="35.6841525" lon="139.6906406">
    <tag k="button_operated" v="no"/>
    <tag k="crossing" v="traffic_signals"/>
    <tag k="highway" v="crossing"/>
    <tag k="tactile_paving" v="no"/>
    <tag k="traffic_signals:sound" v="no"/>
    <tag k="traffic_signals:vibration" v="no"/>
  </node>
  <node id="6491150352" lat="35.6840086" lon="139.6911366">
    <tag k="crossing" v="traffic_signals"/>
    <tag k="highway" v="crossing"/>
  </node>
  <node id="6491150353" lat="35.6839522" lon="139.6911898">
    <tag k="crossing" v="no"/>
    <tag k="highway" v="traffic_signals"/>
    <tag k="traffic_signals:direction" v="forward"/>
  </node>
  <node id="6491150354" lat="35.6843758" lon="139.6906691">
    <tag k="crossing" v="no"/>
    <tag k="highway" v="traffic_signals"/>
    <tag k="traffic_signals:direction" v="forward"/>
  </node>
  <node id="6495134798" lat="35.6825911" lon="139.6882527">
    <tag k="button_operated" v="no"/>
    <tag k="crossing" v="traffic_signals"/>
    <tag k="highway" v="crossing"/>
    <tag k="tactile_paving" v="no"/>
    <tag k="traffic_signals:sound" v="no"/>
    <tag k="traffic_signals:vibration" v="no"/>
  </node>
  <node id="6495134800" lat="35.6823943" lon="139.6884311">
    <tag k="crossing" v="traffic_signals"/>
    <tag k="highway" v="crossing"/>
    <tag k="tactile_paving" v="no"/>
  </node>
  <node id="6495134807" lat="35.6824387" lon="139.6884968">
    <tag k="crossing" v="no"/>
    <tag k="highway" v="traffic_signals"/>
  </node>
  <node id="6495134839" lat="35.6831282" lon="139.6892222"/>
  <node id="6495134840" lat="35.6828488" lon="139.6886616"/>
  <node id="6495134841" lat="35.6826476" lon="139.6885133"/>
  <node id="6501131884" lat="35.6839435" lon="139.6903289"/>
  <node id="6501135487" lat="35.6834293" lon="139.6895969"/>
  <node id="6501135542" lat="35.6833111" lon="139.6896988"/>
  <node id="6511915853" lat="35.6836081" lon="139.7015797">
    <tag k="crossing" v="traffic_signals"/>
    <tag k="highway" v="crossing"/>
  </node>
  <node id="6769476688" lat="35.6925925" lon="139.7144447">
    <tag k="crossing" v="marked"/>
    <tag k="crossing:markings" v="yes"/>
    <tag k="highway" v="crossing"/>
  </node>
  <node id="6769476689" lat="35.6925946" lon="139.7143788">
    <tag k="crossing" v="marked"/>
    <tag k="crossing:markings" v="yes"/>
    <tag k="highway" v="crossing"/>
  </node>
  <node id="6810272387" lat="35.6829400" lon="139.7022433"/>
  <node id="6810272388" lat="35.6830169" lon="139.7026845"/>
  <node id="6969906796" lat="35.6907410" lon="139.6934495">
    <tag k="crossing" v="marked"/>
    <tag k="crossing:markings" v="zebra"/>
    <tag k="crossing:signals" v="yes"/>
    <tag k="highway" v="crossing"/>
  </node>
  <node id="6969906797" lat="35.6906663" lon="139.6934670">
    <tag k="crossing" v="marked"/>
    <tag k="crossing:markings" v="zebra"/>
    <tag k="crossing:signals" v="yes"/>
    <tag k="highway" v="crossing"/>
  </node>
  <node id="6970297616" lat="35.6853082" lon="139.6921748">
    <tag k="crossing" v="marked"/>
    <tag k="highway" v="crossing"/>
    <tag k="tactile_paving" v="no"/>
  </node>
  <node id="7013263051" lat="35.6970839" lon="139.6928234"/>
  <node id="7084892424" lat="35.6956634" lon="139.7103749">
    <tag k="crossing" v="marked"/>
    <tag k="crossing:markings" v="yes"/>
    <tag k="highway" v="crossing"/>
  </node>
  <node id="7084892428" lat="35.6960752" lon="139.7105279">
    <tag k="crossing" v="marked"/>
    <tag k="crossing:markings" v="yes"/>
    <tag k="highway" v="crossing"/>
  </node>
  <node id="7523403202" lat="35.6893815" lon="139.7127002"/>
  <node id="7661834792" lat="35.6837955" lon="139.6989703"/>
  <node id="7661834808" lat="35.6830446" lon="139.6978695"/>
  <node id="7682112318" lat="35.6836048" lon="139.7044208"/>
  <node id="7682112319" lat="35.6832922" lon="139.7045156"/>
  <node id="7682112320" lat="35.6830424" lon="139.7045343"/>
  <node id="7682112321" lat="35.6828447" lon="139.7045388"/>
  <node id="7682112389" lat="35.6839955" lon="139.7040535"/>
  <node id="7682112390" lat="35.6841624" lon="139.7039354"/>
  <node id="7682112391" lat="35.6841873" lon="139.7041778"/>
  <node id="7682112392" lat="35.6863039" lon="139.7042455"/>
  <node id="7682112394" lat="35.6884049" lon="139.7055213"/>
  <node id="7682112395" lat="35.6877471" lon="139.7049958"/>
  <node id="7682112396" lat="35.6871992" lon="139.7045981"/>
  <node id="7682112397" lat="35.6866681" lon="139.7042083"/>
  <node id="7682112398" lat="35.6862837" lon="139.7039523"/>
  <node id="7682112399" lat="35.6860466" lon="139.7038231"/>
  <node id="7682112400" lat="35.6855364" lon="139.7037099"/>
  <node id="7682112401" lat="35.6853018" lon="139.7036960"/>
  <node id="7682112402" lat="35.6848695" lon="139.7037576"/>
  <node id="7682112403" lat="35.6843779" lon="139.7039275"/>
  <node id="7682112404" lat="35.6841882" lon="139.7040283"/>
  <node id="7682112405" lat="35.6839451" lon="139.7042097"/>
  <node id="7682112407" lat="35.6888290" lon="139.7061034"/>
  <node id="7682112408" lat="35.6885754" lon="139.7058677"/>
  <node id="7682112409" lat="35.6883572" lon="139.7056086"/>
  <node id="7682112410" lat="35.6880717" lon="139.7053045"/>
  <node id="7682112411" lat="35.6855511" lon="139.7037051"/>
  <node id="7858565515" lat="35.6978889" lon="139.6903382"/>
  <node id="7858600721" lat="35.6978916" lon="139.6911552"/>
  <node id="7858611085" lat="35.6982156" lon="139.6931321"/>
  <node id="7858611086" lat="35.6982724" lon="139.6935197"/>
  <node id="7858611087" lat="35.6984917" lon="139.6937101"/>
  <node id="7858611088" lat="35.6987555" lon="139.6935462"/>
  <node id="7858611089" lat="35.6985623" lon="139.6931892"/>
  <node id="7858611090" lat="35.6982503" lon="139.6933689"/>
  <node id="7858611091" lat="35.6985110" lon="139.6922118"/>
  <node id="7864586996" lat="35.6986560" lon="139.6915876"/>
  <node id="7864587039" lat="35.6988643" lon="139.6914246"/>
  <node id="7865000396" lat="35.6988472" lon="139.6937920"/>
  <node id="7865000397" lat="35.6989896" lon="139.6941017"/>
  <node id="7865000398" lat="35.6989010" lon="139.6941694"/>
  <node id="7865000399" lat="35.6990017" lon="139.6944613"/>
  <node id="7865000400" lat="35.6983602" lon="139.6940544"/>
  <node id="7865000402" lat="35.7002180" lon="139.6945810"/>
  <node id="7865061163" lat="35.6999880" lon="139.6890150"/>
  <node id="7865126771" lat="35.7009102" lon="139.6886530"/>
  <node id="7930911071" lat="35.6925401" lon="139.6979419"/>
  <node id="7933069538" lat="35.7014338" lon="139.7008148">
    <tag k="highway" v="traffic_signals"/>
    <tag k="source" v="survey"/>
  </node>
  <node id="7933069539" lat="35.7013777" lon="139.7008027">
    <tag k="crossing:signals" v="yes"/>
    <tag k="highway" v="crossing"/>
    <tag k="source" v="survey"/>
  </node>
  <node id="7933069540" lat="35.7015109" lon="139.7008320">
    <tag k="crossing:signals" v="yes"/>
    <tag k="highway" v="crossing"/>
    <tag k="source" v="survey"/>
  </node>
  <node id="7933069544" lat="35.6996139" lon="139.7005357">
    <tag k="highway" v="crossing"/>
    <tag k="source" v="survey"/>
  </node>
  <node id="7933069545" lat="35.6997163" lon="139.7005519">
    <tag k="highway" v="crossing"/>
    <tag k="source" v="survey"/>
  </node>
  <node id="7933069550" lat="35.6996632" lon="139.7005434">
    <tag k="highway" v="traffic_signals"/>
    <tag k="source" v="survey"/>
  </node>
  <node id="7933069554" lat="35.6981243" lon="139.7007187"/>
  <node id="7933069561" lat="35.6980366" lon="139.7005930">
    <tag k="highway" v="crossing"/>
    <tag k="source" v="survey"/>
  </node>
  <node id="7933069562" lat="35.6981222" lon="139.7005945">
    <tag k="highway" v="crossing"/>
    <tag k="source" v="survey"/>
  </node>
  <node id="7933069567" lat="35.6980321" lon="139.7003853">
    <tag k="junction" v="yes"/>
    <tag k="source" v="survey"/>
  </node>
  <node id="7933069568" lat="35.6981186" lon="139.7003846">
    <tag k="junction" v="yes"/>
    <tag k="source" v="survey"/>
  </node>
  <node id="7933069569" lat="35.6982053" lon="139.7003839">
    <tag k="highway" v="crossing"/>
    <tag k="source" v="survey"/>
  </node>
  <node id="7933069570" lat="35.6979629" lon="139.7008151"/>
  <node id="7933069571" lat="35.6980397" lon="139.7008151"/>
  <node id="7942739464" lat="35.6953130" lon="139.7148957"/>
  <node id="7942739512" lat="35.6932539" lon="139.7197587"/>
  <node id="7942739518" lat="35.6936645" lon="139.7189198"/>
  <node id="7942739520" lat="35.6938577" lon="139.7185505"/>
  <node id="7942739525" lat="35.6940619" lon="139.7182394"/>
  <node id="7947374186" lat="35.6975259" lon="139.7049822"/>
  <node id="7947374187" lat="35.6964499" lon="139.7047500"/>
  <node id="7947374188" lat="35.6958070" lon="139.7046068"/>
  <node id="7947374189" lat="35.6977750" lon="139.7048935"/>
  <node id="7947374190" lat="35.6966741" lon="139.7046553"/>
  <node id="7947374191" lat="35.6979483" lon="139.7040114"/>
  <node id="7947374192" lat="35.6976714" lon="139.7042833"/>
  <node id="7947374193" lat="35.6963226" lon="139.7036545"/>
  <node id="7947374194" lat="35.6961652" lon="139.7046152"/>
  <node id="7947374195" lat="35.6961766" lon="139.7045455"/>
  <node id="7947374196" lat="35.6957974" lon="139.7044575"/>
  <node id="7947374218" lat="35.6972385" lon="139.7003368">
    <tag k="crossing" v="uncontrolled"/>
    <tag k="crossing:markings" v="yes"/>
    <tag k="highway" v="crossing"/>
    <tag k="source" v="Bing"/>
  </node>
  <node id="7947374219" lat="35.6973709" lon="139.7003459">
    <tag k="crossing" v="uncontrolled"/>
    <tag k="crossing:markings" v="yes"/>
    <tag k="highway" v="crossing"/>
    <tag k="source" v="Bing"/>
  </node>
  <node id="7947374224" lat="35.6949267" lon="139.7026447"/>
  <node id="7947374225" lat="35.6950002" lon="139.7023135"/>
  <node id="7947664925" lat="35.6926270" lon="139.7149298"/>
  <node id="7947665031" lat="35.6914996" lon="139.7149890"/>
  <node id="7947665032" lat="35.6914556" lon="139.7151498"/>
  <node id="7947665033" lat="35.6914352" lon="139.7149996"/>
  <node id="7947665036" lat="35.6914518" lon="139.7156313"/>
  <node id="7947665038" lat="35.6915166" lon="139.7149862"/>
  <node id="7947665039" lat="35.6918287" lon="139.7148849"/>
  <node id="7966480228" lat="35.6963340" lon="139.7083145"/>
  <node id="7966600495" lat="35.6967299" lon="139.7099588"/>
  <node id="7966600498" lat="35.6965596" lon="139.7099336"/>
  <node id="7985363856" lat="35.6935356" lon="139.7001520"/>
  <node id="7985448218" lat="35.6876409" lon="139.7154243"/>
  <node id="8013355388" lat="35.6876029" lon="139.7158215"/>
  <node id="8107491508" lat="35.6826710" lon="139.7012568"/>
  <node id="8176415465" lat="35.7001997" lon="139.6961131"/>
  <node id="8234891603" lat="35.6933322" lon="139.6972505"/>
  <node id="8234891605" lat="35.6931446" lon="139.6970917"/>
  <node id="8244653617" lat="35.6920932" lon="139.6963664">
    <tag k="highway" v="traffic_signals"/>
    <tag k="traffic_signals" v="traffic_lights"/>
    <tag k="traffic_signals:direction" v="forward"/>
  </node>
  <node id="8244653618" lat="35.6921742" lon="139.6966553">
    <tag k="highway" v="traffic_signals"/>
    <tag k="traffic_signals" v="traffic_lights"/>
    <tag k="traffic_signals:direction" v="forward"/>
  </node>
  <node id="8244653619" lat="35.6917633" lon="139.6965048">
    <tag k="highway" v="traffic_signals"/>
    <tag k="traffic_signals" v="traffic_lights"/>
    <tag k="traffic_signals:direction" v="backward"/>
  </node>
  <node id="8244884442" lat="35.6851130" lon="139.6918738">
    <tag k="button_operated" v="no"/>
    <tag k="crossing" v="traffic_signals"/>
    <tag k="highway" v="crossing"/>
    <tag k="tactile_paving" v="yes"/>
    <tag k="traffic_signals:sound" v="yes"/>
    <tag k="traffic_signals:vibration" v="no"/>
  </node>
  <node id="8244884443" lat="35.6852352" lon="139.6920728">
    <tag k="crossing" v="traffic_signals"/>
    <tag k="highway" v="crossing"/>
  </node>
  <node id="8244884444" lat="35.6851913" lon="139.6922375">
    <tag k="crossing" v="traffic_signals"/>
    <tag k="highway" v="crossing"/>
  </node>
  <node id="8244884445" lat="35.6850954" lon="139.6923605">
    <tag k="crossing" v="traffic_signals"/>
    <tag k="highway" v="crossing"/>
  </node>
  <node id="8252333529" lat="35.6932264" lon="139.6972969">
    <tag k="highway" v="traffic_signals"/>
    <tag k="ref" v="436-25"/>
    <tag k="traffic_signals" v="signal"/>
    <tag k="traffic_signals:direction" v="forward"/>
  </node>
  <node id="8252333530" lat="35.6931075" lon="139.6972723"/>
  <node id="8252333531" lat="35.6930546" lon="139.6971563">
    <tag k="highway" v="traffic_signals"/>
    <tag k="ref" v="436-25"/>
    <tag k="traffic_signals" v="signal"/>
    <tag k="traffic_signals:direction" v="forward"/>
  </node>
  <node id="8254068911" lat="35.6893287" lon="139.7022679">
    <tag k="direction" v="forward"/>
    <tag k="highway" v="stop"/>
  </node>
  <node id="8254068912" lat="35.6898313" lon="139.7018680">
    <tag k="direction" v="backward"/>
    <tag k="highway" v="stop"/>
    <tag k="source" v="survey"/>
  </node>
  <node id="8286012467" lat="35.6844034" lon="139.6912098"/>
  <node id="8286012468" lat="35.6846387" lon="139.6914954"/>
  <node id="8286012469" lat="35.6851148" lon="139.6918516"/>
  <node id="8286012470" lat="35.6854799" lon="139.6918413"/>
  <node id="8286012471" lat="35.6838428" lon="139.6911857"/>
  <node id="8286012472" lat="35.6845469" lon="139.6915419"/>
  <node id="8286012473" lat="35.6846544" lon="139.6916756"/>
  <node id="8286012474" lat="35.6848692" lon="139.6918797"/>
  <node id="8286012475" lat="35.6851375" lon="139.6919701"/>
  <node id="8286012476" lat="35.6852327" lon="139.6919780"/>
  <node id="8286012477" lat="35.6854389" lon="139.6919463"/>
  <node id="8286012478" lat="35.6852990" lon="139.6922528"/>
  <node id="8286012479" lat="35.6853394" lon="139.6921052"/>
  <node id="8286012480" lat="35.6852987" lon="139.6923294"/>
  <node id="8303217732" lat="35.6887488" lon="139.6994801"/>
  <node id="8303217733" lat="35.6888123" lon="139.6996405"/>
  <node id="8303217734" lat="35.6889073" lon="139.6995872"/>
  <node id="8303217735" lat="35.6888669" lon="139.6997911"/>
  <node id="8303217736" lat="35.6889121" lon="139.6999562"/>
  <node id="8303217737" lat="35.6892146" lon="139.7014953"/>
  <node id="8303217739" lat="35.6893929" lon="139.7021720">
    <tag k="highway" v="traffic_signals"/>
    <tag k="ref" v="436-124"/>
    <tag k="traffic_signals:direction" v="forward"/>
  </node>
  <node id="8303217741" lat="35.6895601" lon="139.7029028"/>
  <node id="8303217743" lat="35.6898986" lon="139.7046434"/>
  <node id="8303217744" lat="35.6898763" lon="139.7048995"/>
  <node id="8303217745" lat="35.6897545" lon="139.7050058"/>
  <node id="8303217746" lat="35.6897198" lon="139.7053089"/>
  <node id="8303217748" lat="35.6895909" lon="139.7057472"/>
  <node id="8303217750" lat="35.6903786" lon="139.7039222"/>
  <node id="8303217751" lat="35.6870662" lon="139.6953500"/>
  <node id="8303217752" lat="35.6862236" lon="139.6938769"/>
  <node id="8303217753" lat="35.6863158" lon="139.6937544"/>
  <node id="8303217754" lat="35.6835943" lon="139.6903966"/>
  <node id="8303217755" lat="35.6835347" lon="139.6907638"/>
  <node id="8303217756" lat="35.6831771" lon="139.6912494"/>
  <node id="8303217760" lat="35.6837201" lon="139.6906773"/>
  <node id="8303217761" lat="35.6836240" lon="139.6909968"/>
  <node id="8303217762" lat="35.6824311" lon="139.6918727"/>
  <node id="8303217763" lat="35.6832651" lon="139.6913914"/>
  <node id="8303217764" lat="35.6834102" lon="139.6913781"/>
  <node id="8303217765" lat="35.6835800" lon="139.6912921"/>
  <node id="8329351985" lat="35.6913782" lon="139.7015391">
    <tag k="direction" v="forward"/>
    <tag k="highway" v="stop"/>
  </node>
  <node id="8364977378" lat="35.6835677" lon="139.6988240"/>
  <node id="8364977379" lat="35.6837082" lon="139.6990295"/>
  <node id="8384616795" lat="35.6798373" lon="139.6955233"/>
  <node id="8384616796" lat="35.6799393" lon="139.6959234"/>
  <node id="8384616797" lat="35.6800106" lon="139.6958937"/>
  <node id="8384616798" lat="35.6799077" lon="139.6938106"/>
  <node id="8384616799" lat="35.6797520" lon="139.6942571"/>
  <node id="8384616800" lat="35.6796670" lon="139.6945274"/>
  <node id="8384616801" lat="35.6797506" lon="139.6946178"/>
  <node id="8384616802" lat="35.6798665" lon="139.6956623"/>
  <node id="8384616803" lat="35.6799008" lon="139.6958016"/>
  <node id="8384616804" lat="35.6799871" lon="139.6960444"/>
  <node id="8384616805" lat="35.6799714" lon="139.6957757"/>
  <node id="8384616806" lat="35.6800558" lon="139.6960057"/>
  <node id="8409099577" lat="35.7002763" lon="139.7005620"/>
  <node id="8409099578" lat="35.7000938" lon="139.7005802"/>
  <node id="8459543782" lat="35.6984756" lon="139.6911023">
    <tag k="crossing" v="uncontrolled"/>
    <tag k="crossing:markings" v="yes"/>
    <tag k="highway" v="crossing"/>
  </node>
  <node id="8583300354" lat="35.6897408" lon="139.7033689"/>
  <node id="8583300355" lat="35.6897487" lon="139.7033220"/>
  <node id="8583300356" lat="35.6897688" lon="139.7032744"/>
  <node id="8592478268" lat="35.6889462" lon="139.7080783"/>
  <node id="8594202123" lat="35.6890227" lon="139.7069555"/>
  <node id="8594202124" lat="35.6890786" lon="139.7067717"/>
  <node id="8594202126" lat="35.6891871" lon="139.7065065">
    <tag k="crossing" v="traffic_signals"/>
    <tag k="crossing:markings" v="zebra"/>
    <tag k="highway" v="crossing"/>
  </node>
  <node id="8594202128" lat="35.6892284" lon="139.7064165">
    <tag k="junction" v="yes"/>
  </node>
  <node id="8594202129" lat="35.6891668" lon="139.7065551">
    <tag k="highway" v="traffic_signals"/>
    <tag k="traffic_signals" v="signal"/>
    <tag k="traffic_signals:direction" v="forward"/>
  </node>
  <node id="8594202130" lat="35.6893158" lon="139.7061109">
    <tag k="crossing" v="traffic_signals"/>
    <tag k="crossing:markings" v="zebra"/>
    <tag k="highway" v="crossing"/>
  </node>
  <node id="8594202131" lat="35.6895358" lon="139.7062748">
    <tag k="crossing" v="traffic_signals"/>
    <tag k="crossing:markings" v="zebra"/>
    <tag k="highway" v="crossing"/>
  </node>
  <node id="8594202132" lat="35.6894982" lon="139.7066134">
    <tag k="highway" v="traffic_signals"/>
    <tag k="traffic_signals" v="signal"/>
    <tag k="traffic_signals:direction" v="forward"/>
  </node>
  <node id="8594202133" lat="35.6891056" lon="139.7068398"/>
  <node id="8594202134" lat="35.6890899" lon="139.7068222"/>
  <node id="8594202135" lat="35.6890790" lon="139.7067953"/>
  <node id="8643220080" lat="35.6831853" lon="139.6916041">
    <tag k="highway" v="crossing"/>
  </node>
  <node id="8643220091" lat="35.6837243" lon="139.6913703"/>
  <node id="8643220093" lat="35.6831865" lon="139.6917071">
    <tag k="crossing" v="traffic_signals"/>
    <tag k="highway" v="crossing"/>
  </node>
  <node id="8728235965" lat="35.6874104" lon="139.7138274"/>
  <node id="8728235966" lat="35.6884886" lon="139.7118685">
    <tag k="direction" v="forward"/>
    <tag k="highway" v="stop"/>
  </node>
  <node id="8728235967" lat="35.6882653" lon="139.7129259">
    <tag k="direction" v="forward"/>
    <tag k="highway" v="stop"/>
  </node>
  <node id="8728235968" lat="35.6879926" lon="139.7128687">
    <tag k="direction" v="backward"/>
    <tag k="highway" v="stop"/>
  </node>
  <node id="8728235969" lat="35.6881130" lon="139.7123498">
    <tag k="direction" v="forward"/>
    <tag k="highway" v="stop"/>
  </node>
  <node id="8728235970" lat="35.6880916" lon="139.7117343">
    <tag k="direction" v="forward"/>
    <tag k="highway" v="stop"/>
  </node>
  <node id="8728235971" lat="35.6879706" lon="139.7123041">
    <tag k="direction" v="backward"/>
    <tag k="highway" v="stop"/>
  </node>
  <node id="8728235972" lat="35.6878512" lon="139.7122660">
    <tag k="direction" v="forward"/>
    <tag k="highway" v="stop"/>
  </node>
  <node id="8728235973" lat="35.6877054" lon="139.7122197">
    <tag k="direction" v="backward"/>
    <tag k="highway" v="stop"/>
  </node>
  <node id="8728235974" lat="35.6875753" lon="139.7127386">
    <tag k="direction" v="forward"/>
    <tag k="highway" v="stop"/>
  </node>
  <node id="8728235975" lat="35.6878089" lon="139.7127276">
    <tag k="direction" v="backward"/>
    <tag k="highway" v="stop"/>
  </node>
  <node id="8728235976" lat="35.6879676" lon="139.7116928">
    <tag k="direction" v="backward"/>
    <tag k="highway" v="stop"/>
  </node>
  <node id="8728235977" lat="35.6878632" lon="139.7116567">
    <tag k="direction" v="forward"/>
    <tag k="highway" v="stop"/>
  </node>
  <node id="8728235978" lat="35.6884593" lon="139.7106634">
    <tag k="direction" v="backward"/>
    <tag k="highway" v="stop"/>
  </node>
  <node id="8728235979" lat="35.6883248" lon="139.7106227">
    <tag k="direction" v="forward"/>
    <tag k="highway" v="stop"/>
  </node>
  <node id="8728235980" lat="35.6882024" lon="139.7105837">
    <tag k="direction" v="backward"/>
    <tag k="highway" v="stop"/>
  </node>
  <node id="8728235981" lat="35.6880692" lon="139.7105390">
    <tag k="direction" v="forward"/>
    <tag k="highway" v="stop"/>
  </node>
  <node id="8816430141" lat="35.6938218" lon="139.6995383">
    <tag k="crossing" v="unmarked"/>
    <tag k="crossing:markings" v="no"/>
    <tag k="highway" v="crossing"/>
    <tag k="tactile_paving" v="no"/>
  </node>
  <node id="8908542830" lat="35.7017625" lon="139.6952813">
    <tag k="button_operated" v="no"/>
    <tag k="crossing" v="traffic_signals"/>
    <tag k="crossing:island" v="no"/>
    <tag k="highway" v="crossing"/>
    <tag k="tactile_paving" v="yes"/>
    <tag k="traffic_signals:sound" v="no"/>
  </node>
  <node id="8908602606" lat="35.6999015" lon="139.7138950"/>
  <node id="8908640217" lat="35.6984574" lon="139.7103628"/>
  <node id="8908676206" lat="35.6977967" lon="139.7142649">
    <tag k="highway" v="traffic_signals"/>
    <tag k="traffic_signals" v="signal"/>
  </node>
  <node id="8908676207" lat="35.6983256" lon="139.7157897">
    <tag k="highway" v="traffic_signals"/>
    <tag k="traffic_signals" v="signal"/>
  </node>
  <node id="8908963086" lat="35.7025316" lon="139.7009334"/>
  <node id="8930930224" lat="35.6912582" lon="139.6978820"/>
  <node id="8930931014" lat="35.6875142" lon="139.6960245"/>
  <node id="8930931015" lat="35.6873479" lon="139.6956383"/>
  <node id="8930931016" lat="35.6873455" lon="139.6960129"/>
  <node id="8930964517" lat="35.6872197" lon="139.6957195"/>
  <node id="8951749542" lat="35.6875983" lon="139.7158640"/>
  <node id="8951749543" lat="35.6875865" lon="139.7159011"/>
  <node id="9196935603" lat="35.6939058" lon="139.6977851"/>
  <node id="9196935606" lat="35.6941453" lon="139.6973376"/>
  <node id="9228817075" lat="35.6959310" lon="139.7156994">
    <tag k="highway" v="traffic_signals"/>
    <tag k="traffic_signals" v="signal"/>
  </node>
  <node id="9228817076" lat="35.6958814" lon="139.7157840">
    <tag k="highway" v="traffic_signals"/>
    <tag k="traffic_signals" v="signal"/>
  </node>
  <node id="9247948384" lat="35.6891731" lon="139.7061519">
    <tag k="crossing" v="traffic_signals"/>
    <tag k="crossing:markings" v="zebra"/>
    <tag k="highway" v="crossing"/>
  </node>
  <node id="9247948385" lat="35.6890870" lon="139.7063083">
    <tag k="crossing" v="traffic_signals"/>
    <tag k="crossing:markings" v="zebra"/>
    <tag k="highway" v="crossing"/>
  </node>
  <node id="9320507140" lat="35.6835463" lon="139.6900726"/>
  <node id="9320507141" lat="35.6835917" lon="139.6903270"/>
  <node id="9320507142" lat="35.6834127" lon="139.6910064"/>
  <node id="9320507143" lat="35.6833175" lon="139.6911248"/>
  <node id="9320507144" lat="35.6835571" lon="139.6906939"/>
  <node id="9320507145" lat="35.6836805" lon="139.6908476"/>
  <node id="9320507146" lat="35.6834400" lon="139.6912465"/>
  <node id="9320507147" lat="35.6835560" lon="139.6911142"/>
  <node id="9320507564" lat="35.6798340" lon="139.6937735"/>
  <node id="9320507565" lat="35.6798122" lon="139.6940102"/>
  <node id="9320507566" lat="35.6798728" lon="139.6938705"/>
  <node id="9320507567" lat="35.6799984" lon="139.6936950"/>
  <node id="9320889386" lat="35.6829175" lon="139.6979832"/>
  <node id="9382012272" lat="35.6797052" lon="139.6940783"/>
  <node id="9382012273" lat="35.6799997" lon="139.6935719"/>
  <node id="9382012274" lat="35.6836019" lon="139.6899200"/>
  <node id="9382012275" lat="35.6834616" lon="139.6896957"/>
  <node id="9470366996" lat="35.6898213" lon="139.7132617">
    <tag k="highway" v="traffic_signals"/>
    <tag k="name" v="花園小学校前"/>
    <tag k="name:en" v="Hanazonoshogakko"/>
    <tag k="traffic_signals" v="request_button"/>
    <tag k="traffic_signals:direction" v="forward"/>
  </node>
  <node id="9470366999" lat="35.6898128" lon="139.7133154">
    <tag k="button_operated" v="yes"/>
    <tag k="crossing" v="traffic_signals"/>
    <tag k="crossing:markings" v="zebra"/>
    <tag k="highway" v="crossing"/>
  </node>
  <node id="9548632654" lat="35.6835927" lon="139.6904688"/>
  <node id="9548632655" lat="35.6834969" lon="139.6899402"/>
  <node id="9548632656" lat="35.6835620" lon="139.6901336"/>
  <node id="9548632657" lat="35.6836614" lon="139.6900536"/>
  <node id="9548632658" lat="35.6837332" lon="139.6904576"/>
  <node id="9548632659" lat="35.6797795" lon="139.6938723"/>
  <node id="9548632660" lat="35.6797444" lon="139.6943367"/>
  <node id="9548632661" lat="35.6797828" lon="139.6948502"/>
  <node id="9548634807" lat="35.6835906" lon="139.6910591"/>
  <node id="9548659542" lat="35.6835119" lon="139.6908196"/>
  <node id="9607761291" lat="35.6962072" lon="139.7152465"/>
  <node id="9771146711" lat="35.6958449" lon="139.7157145">
    <tag k="highway" v="traffic_signals"/>
    <tag k="traffic_signals" v="signal"/>
  </node>
  <node id="9775081814" lat="35.6959288" lon="139.7155665">
    <tag k="button_operated" v="no"/>
    <tag k="crossing" v="traffic_signals"/>
    <tag k="highway" v="crossing"/>
    <tag k="tactile_paving" v="yes"/>
    <tag k="traffic_signals:sound" v="no"/>
  </node>
  <node id="9775081815" lat="35.6959878" lon="139.7156015">
    <tag k="button_operated" v="no"/>
    <tag k="crossing" v="traffic_signals"/>
    <tag k="highway" v="crossing"/>
    <tag k="tactile_paving" v="yes"/>
    <tag k="traffic_signals:sound" v="no"/>
  </node>
  <node id="9775081816" lat="35.6973780" lon="139.7133662"/>
  <node id="9775094728" lat="35.6978486" lon="139.7137196"/>
  <node id="9775094737" lat="35.6978649" lon="139.7142960">
    <tag k="highway" v="crossing"/>
  </node>
  <node id="9775094747" lat="35.6983714" lon="139.7158918"/>
  <node id="9775221793" lat="35.6985932" lon="139.7163523"/>
  <node id="9775232219" lat="35.6972273" lon="139.7149071"/>
  <node id="9791542150" lat="35.6926714" lon="139.7143744"/>
  <node id="9791542156" lat="35.6926687" lon="139.7144419"/>
  <node id="9813467131" lat="35.6855320" lon="139.7008991"/>
  <node id="9813467132" lat="35.6854283" lon="139.7010081"/>
  <node id="9813467133" lat="35.6857528" lon="139.7006489"/>
  <node id="9813467136" lat="35.6833724" lon="139.7028956">
    <tag k="crossing" v="uncontrolled"/>
    <tag k="crossing:markings" v="zebra"/>
    <tag k="highway" v="crossing"/>
    <tag k="tactile_paving" v="no"/>
  </node>
  <node id="9905811215" lat="35.6963144" lon="139.6871399">
    <tag k="highway" v="traffic_signals"/>
    <tag k="traffic_signals" v="signal"/>
  </node>
  <node id="9905811216" lat="35.6963737" lon="139.6869534"/>
  <node id="9905815517" lat="35.6963440" lon="139.6870497"/>
  <node id="9905815518" lat="35.6964834" lon="139.6872191">
    <tag k="highway" v="traffic_signals"/>
    <tag k="traffic_signals" v="signal"/>
  </node>
  <node id="9905815519" lat="35.6964087" lon="139.6876869"/>
  <node id="9905815520" lat="35.6963660" lon="139.6875615">
    <tag k="highway" v="traffic_signals"/>
    <tag k="traffic_signals" v="signal"/>
  </node>
  <node id="9905815525" lat="35.6960394" lon="139.6875443">
    <tag k="highway" v="traffic_signals"/>
    <tag k="traffic_signals" v="signal"/>
  </node>
  <node id="9905815528" lat="35.6965215" lon="139.6882660"/>
  <node id="9905815529" lat="35.6964950" lon="139.6880964"/>
  <node id="9905815531" lat="35.6968871" lon="139.6899074"/>
  <node id="9905815532" lat="35.6969387" lon="139.6902311"/>
  <node id="9905815533" lat="35.6967896" lon="139.6900121"/>
  <node id="9905815534" lat="35.6967404" lon="139.6897022"/>
  <node id="9905815535" lat="35.6968180" lon="139.6901910"/>
  <node id="9905815536" lat="35.6968363" lon="139.6903042">
    <tag k="crossing" v="traffic_signals"/>
    <tag k="highway" v="crossing"/>
  </node>
  <node id="9905815537" lat="35.6969457" lon="139.6902799">
    <tag k="crossing" v="traffic_signals"/>
    <tag k="highway" v="crossing"/>
  </node>
  <node id="9905815538" lat="35.6969655" lon="139.6904210"/>
  <node id="9905815539" lat="35.6970894" lon="139.6902909"/>
  <node id="9905815540" lat="35.6970476" lon="139.6903704">
    <tag k="crossing" v="traffic_signals"/>
    <tag k="highway" v="crossing"/>
  </node>
  <node id="9905815541" lat="35.6970792" lon="139.6903340"/>
  <node id="9905815542" lat="35.6970627" lon="139.6903556"/>
  <node id="9905815551" lat="35.6967497" lon="139.6904645"/>
  <node id="9905815552" lat="35.6969972" lon="139.6915010"/>
  <node id="9905815553" lat="35.6969329" lon="139.6910337"/>
  <node id="9905815554" lat="35.6968848" lon="139.6906364">
    <tag k="crossing" v="traffic_signals"/>
    <tag k="highway" v="crossing"/>
  </node>
  <node id="9905815555" lat="35.6969996" lon="139.6906605">
    <tag k="crossing" v="traffic_signals"/>
    <tag k="highway" v="crossing"/>
  </node>
  <node id="9905815556" lat="35.6972371" lon="139.6927156">
    <tag k="crossing" v="traffic_signals"/>
    <tag k="highway" v="crossing"/>
  </node>
  <node id="9905815557" lat="35.6973043" lon="139.6932922"/>
  <node id="9905815559" lat="35.6972599" lon="139.6937144"/>
  <node id="9905815560" lat="35.6974439" lon="139.6942375">
    <tag k="highway" v="traffic_signals"/>
    <tag k="traffic_signals" v="signal"/>
  </node>
  <node id="9905815561" lat="35.6973743" lon="139.6944065">
    <tag k="highway" v="traffic_signals"/>
    <tag k="traffic_signals" v="signal"/>
  </node>
  <node id="9905815562" lat="35.6973538" lon="139.6936875"/>
  <node id="9905815563" lat="35.6973531" lon="139.6939454"/>
  <node id="9905815564" lat="35.6973912" lon="139.6941622"/>
  <node id="9905815565" lat="35.6973919" lon="139.6941896"/>
  <node id="9905815566" lat="35.6973855" lon="139.6942011"/>
  <node id="9905815567" lat="35.6973740" lon="139.6942029"/>
  <node id="9905815568" lat="35.6973653" lon="139.6942002"/>
  <node id="9905815569" lat="35.6973319" lon="139.6941774"/>
  <node id="9905815570" lat="35.6974728" lon="139.6949775"/>
  <node id="9905815571" lat="35.6974681" lon="139.6947346"/>
  <node id="9905815572" lat="35.6974322" lon="139.6945090"/>
  <node id="9905815573" lat="35.6974286" lon="139.6944780"/>
  <node id="9905815574" lat="35.6974358" lon="139.6944674"/>
  <node id="9905815575" lat="35.6974480" lon="139.6944568"/>
  <node id="9905815576" lat="35.6976558" lon="139.6954780"/>
  <node id="9905815577" lat="35.6975922" lon="139.6950936">
    <tag k="highway" v="traffic_signals"/>
    <tag k="traffic_signals" v="signal"/>
  </node>
  <node id="9905815578" lat="35.6975410" lon="139.6953663">
    <tag k="highway" v="traffic_signals"/>
    <tag k="traffic_signals" v="signal"/>
  </node>
  <node id="9905815579" lat="35.6974566" lon="139.6952921">
    <tag k="crossing" v="marked"/>
    <tag k="crossing:markings" v="yes"/>
    <tag k="highway" v="crossing"/>
  </node>
  <node id="9905815580" lat="35.6977144" lon="139.6958014"/>
  <node id="9905815581" lat="35.6977608" lon="139.6960906">
    <tag k="crossing" v="traffic_signals"/>
    <tag k="highway" v="crossing"/>
  </node>
  <node id="9905815582" lat="35.6976712" lon="139.6961126">
    <tag k="crossing" v="traffic_signals"/>
    <tag k="highway" v="crossing"/>
  </node>
  <node id="9905815583" lat="35.6976200" lon="139.6958245"/>
  <node id="9905815584" lat="35.6975548" lon="139.6961057">
    <tag k="direction" v="forward"/>
    <tag k="highway" v="stop"/>
  </node>
  <node id="9905815585" lat="35.6977514" lon="139.6966261"/>
  <node id="9905815586" lat="35.6980493" lon="139.6977095"/>
  <node id="9905815587" lat="35.6980627" lon="139.6977818"/>
  <node id="9905815588" lat="35.6979770" lon="139.6978729"/>
  <node id="9905815589" lat="35.6980140" lon="139.6985295"/>
  <node id="9905815590" lat="35.6980056" lon="139.6983616"/>
  <node id="9905815591" lat="35.6980281" lon="139.6994273"/>
  <node id="9914491358" lat="35.6835539" lon="139.7000493"/>
  <node id="9929149705" lat="35.6897097" lon="139.7013951"/>
  <node id="9954012125" lat="35.6917738" lon="139.7039848">
    <tag k="crossing" v="uncontrolled"/>
    <tag k="crossing:markings" v="lines"/>
    <tag k="highway" v="crossing"/>
    <tag k="tactile_paving" v="no"/>
  </node>
  <node id="9954179088" lat="35.6932508" lon="139.6908137">
    <tag k="crossing" v="marked"/>
    <tag k="crossing:markings" v="yes"/>
    <tag k="highway" v="crossing"/>
  </node>
  <node id="9954179092" lat="35.6927424" lon="139.6921997">
    <tag k="crossing" v="marked"/>
    <tag k="crossing:markings" v="yes"/>
    <tag k="highway" v="crossing"/>
  </node>
  <node id="9954179101" lat="35.6946862" lon="139.7003678">
    <tag k="crossing" v="traffic_signals"/>
    <tag k="highway" v="crossing"/>
    <tag k="tactile_paving" v="yes"/>
  </node>
  <node id="9954179104" lat="35.6949498" lon="139.7002977">
    <tag k="crossing" v="traffic_signals"/>
    <tag k="highway" v="crossing"/>
  </node>
  <node id="10074080369" lat="35.6931174" lon="139.6947519"/>
  <node id="10074080370" lat="35.6938504" lon="139.6949888"/>
  <node id="10074080371" lat="35.6938365" lon="139.6949942"/>
  <node id="10074080372" lat="35.6938008" lon="139.6950299"/>
  <node id="10074080373" lat="35.6937820" lon="139.6950739"/>
  <node id="10074080374" lat="35.6938232" lon="139.6950021"/>
  <node id="10074080375" lat="35.6938072" lon="139.6950187"/>
  <node id="10074080376" lat="35.6938569" lon="139.6947550">
    <tag k="highway" v="traffic_signals"/>
    <tag k="traffic_signals" v="signal"/>
    <tag k="traffic_signals:direction" v="forward"/>
  </node>
  <node id="10074080377" lat="35.6936255" lon="139.6952866">
    <tag k="highway" v="traffic_signals"/>
    <tag k="traffic_signals" v="signal"/>
    <tag k="traffic_signals:direction" v="forward"/>
  </node>
  <node id="10074080378" lat="35.6939381" lon="139.6950366">
    <tag k="highway" v="traffic_signals"/>
    <tag k="traffic_signals" v="signal"/>
    <tag k="traffic_signals:direction" v="forward"/>
  </node>
  <node id="10074080379" lat="35.6935613" lon="139.6948866">
    <tag k="highway" v="traffic_signals"/>
    <tag k="traffic_signals" v="signal"/>
    <tag k="traffic_signals:direction" v="forward"/>
  </node>
  <node id="10081988341" lat="35.6840525" lon="139.6910726"/>
  <node id="10180926097" lat="35.6917866" lon="139.7026200">
    <tag k="crossing" v="traffic_signals"/>
    <tag k="crossing:markings" v="zebra"/>
    <tag k="highway" v="crossing"/>
    <tag k="tactile_paving" v="no"/>
  </node>
  <node id="10185327201" lat="35.6933573" lon="139.6969102"/>
  <node id="10235156195" lat="35.6857044" lon="139.7037270">
    <tag k="button_operated" v="no"/>
    <tag k="crossing" v="traffic_signals"/>
    <tag k="highway" v="crossing"/>
    <tag k="tactile_paving" v="yes"/>
    <tag k="traffic_signals:sound" v="no"/>
    <tag k="traffic_signals:vibration" v="no"/>
  </node>
  <node id="10235156196" lat="35.6867057" lon="139.7041328">
    <tag k="crossing" v="uncontrolled"/>
    <tag k="crossing:markings" v="zebra"/>
    <tag k="highway" v="crossing"/>
  </node>
  <node id="10235156197" lat="35.6864308" lon="139.7040461"/>
  <node id="10235156200" lat="35.6831671" lon="139.7044646"/>
  <node id="10235179150" lat="35.6851517" lon="139.7037044"/>
  <node id="10235185033" lat="35.6890412" lon="139.7060481"/>
  <node id="10250918543" lat="35.6831568" lon="139.7045346"/>
  <node id="10250918544" lat="35.6834485" lon="139.7044740"/>
  <node id="10250918545" lat="35.6850087" lon="139.7037233"/>
  <node id="10250918546" lat="35.6857113" lon="139.7037455"/>
  <node id="10250918547" lat="35.6891246" lon="139.7061163">
    <tag k="highway" v="traffic_signals"/>
    <tag k="traffic_signals" v="signal"/>
    <tag k="traffic_signals:direction" v="forward"/>
  </node>
  <node id="10250918548" lat="35.6843426" lon="139.7040883"/>
  <node id="10250918552" lat="35.6857690" lon="139.7037451">
    <tag k="highway" v="traffic_signals"/>
    <tag k="traffic_signals" v="signal"/>
  </node>
  <node id="10251046684" lat="35.6936066" lon="139.7064614"/>
  <node id="10251046685" lat="35.6936027" lon="139.7069253">
    <tag k="highway" v="traffic_signals"/>
    <tag k="name" v="新宿五丁目北"/>
    <tag k="name:en" v="Shinjuku 5 -N."/>
    <tag k="name:ja" v="新宿五丁目北"/>
    <tag k="traffic_signals" v="signal"/>
  </node>
  <node id="10251072994" lat="35.6852436" lon="139.7037571"/>
  <node id="10251072995" lat="35.6858482" lon="139.7035014"/>
  <node id="10251072996" lat="35.6856588" lon="139.7035740"/>
  <node id="10251072997" lat="35.6854303" lon="139.7037162"/>
  <node id="10251123691" lat="35.6861521" lon="139.7038666"/>
  <node id="10251123692" lat="35.6863142" lon="139.7039445"/>
  <node id="10251123693" lat="35.6864840" lon="139.7040413"/>
  <node id="10251123694" lat="35.6866955" lon="139.7041884"/>
  <node id="10251123695" lat="35.6872123" lon="139.7045789"/>
  <node id="10251123696" lat="35.6877376" lon="139.7050172"/>
  <node id="10270885586" lat="35.6989313" lon="139.6969017">
    <tag k="highway" v="crossing"/>
  </node>
  <node id="10270885590" lat="35.7008519" lon="139.6957019">
    <tag k="highway" v="crossing"/>
  </node>
  <node id="10273580582" lat="35.6837979" lon="139.7043147"/>
  <node id="10273580586" lat="35.6914605" lon="139.7069983"/>
  <node id="10273580590" lat="35.6935073" lon="139.7067807">
    <tag k="button_operated" v="yes"/>
    <tag k="crossing" v="traffic_signals"/>
    <tag k="highway" v="crossing"/>
    <tag k="tactile_paving" v="yes"/>
    <tag k="traffic_signals:sound" v="no"/>
    <tag k="traffic_signals:vibration" v="no"/>
  </node>
  <node id="10273580591" lat="35.6935178" lon="139.7069377">
    <tag k="button_operated" v="no"/>
    <tag k="crossing" v="traffic_signals"/>
    <tag k="highway" v="crossing"/>
    <tag k="tactile_paving" v="yes"/>
    <tag k="traffic_signals:sound" v="no"/>
    <tag k="traffic_signals:vibration" v="no"/>
  </node>
  <node id="10273580593" lat="35.6935799" lon="139.7066398">
    <tag k="button_operated" v="yes"/>
    <tag k="crossing" v="traffic_signals"/>
    <tag k="highway" v="crossing"/>
    <tag k="tactile_paving" v="yes"/>
    <tag k="traffic_signals:sound" v="yes"/>
    <tag k="traffic_signals:vibration" v="no"/>
  </node>
  <node id="10273580594" lat="35.6936754" lon="139.7066349">
    <tag k="button_operated" v="yes"/>
    <tag k="crossing" v="traffic_signals"/>
    <tag k="highway" v="crossing"/>
    <tag k="tactile_paving" v="yes"/>
    <tag k="traffic_signals:sound" v="no"/>
    <tag k="traffic_signals:vibration" v="no"/>
  </node>
  <node id="10273655685" lat="35.6904384" lon="139.7043353"/>
  <node id="10273655690" lat="35.6871238" lon="139.7028347"/>
  <node id="10273655691" lat="35.6871631" lon="139.7028672"/>
  <node id="10273655692" lat="35.6871696" lon="139.7028758"/>
  <node id="10273655693" lat="35.6872528" lon="139.7029948"/>
  <node id="10273655694" lat="35.6872044" lon="139.7029255">
    <tag k="crossing" v="uncontrolled"/>
    <tag k="crossing:markings" v="zebra"/>
    <tag k="highway" v="crossing"/>
  </node>
  <node id="10273655697" lat="35.6868222" lon="139.7031118">
    <tag k="crossing" v="traffic_signals"/>
    <tag k="highway" v="crossing"/>
  </node>
  <node id="10273655698" lat="35.6868410" lon="139.7032088">
    <tag k="crossing" v="traffic_signals"/>
    <tag k="highway" v="crossing"/>
  </node>
  <node id="10273792623" lat="35.6874901" lon="139.7029294">
    <tag k="highway" v="traffic_signals"/>
    <tag k="name" v="新宿四丁目南"/>
    <tag k="name:en" v="Shinjuku 4 S."/>
    <tag k="name:ja" v="新宿四丁目南"/>
    <tag k="traffic_signals" v="signal"/>
    <tag k="traffic_signals:direction" v="forward"/>
  </node>
  <node id="10273792624" lat="35.6880289" lon="139.7029982">
    <tag k="highway" v="traffic_signals"/>
    <tag k="name" v="新宿四丁目南"/>
    <tag k="name:en" v="Shinjuku 4 S."/>
    <tag k="name:ja" v="新宿四丁目南"/>
    <tag k="traffic_signals" v="signal"/>
    <tag k="traffic_signals:direction" v="forward"/>
  </node>
  <node id="10273792625" lat="35.6876239" lon="139.7030758">
    <tag k="highway" v="traffic_signals"/>
    <tag k="name" v="新宿四丁目南"/>
    <tag k="name:en" v="Shinjuku 4 S."/>
    <tag k="name:ja" v="新宿四丁目南"/>
    <tag k="note" v="赤点滅信号"/>
    <tag k="traffic_signals" v="signal"/>
    <tag k="traffic_signals:direction" v="backward"/>
  </node>
  <node id="10273792627" lat="35.6936684" lon="139.7065491"/>
  <node id="10273792628" lat="35.6939730" lon="139.7067094"/>
  <node id="10273792629" lat="35.6944913" lon="139.7067236"/>
  <node id="10273792632" lat="35.6962851" lon="139.7084160">
    <tag k="crossing" v="uncontrolled"/>
    <tag k="crossing:markings" v="zebra"/>
    <tag k="highway" v="crossing"/>
  </node>
  <node id="10273792637" lat="35.6929166" lon="139.7070089"/>
  <node id="10273792639" lat="35.6928342" lon="139.7070187"/>
  <node id="10273792642" lat="35.6920703" lon="139.7073885"/>
  <node id="10537281258" lat="35.6900952" lon="139.7043977">
    <tag k="highway" v="traffic_signals"/>
    <tag k="traffic_signals" v="signal"/>
    <tag k="traffic_signals:direction" v="forward"/>
  </node>
  <node id="10537281259" lat="35.6897333" lon="139.7043991">
    <tag k="highway" v="traffic_signals"/>
    <tag k="traffic_signals" v="signal"/>
    <tag k="traffic_signals:direction" v="forward"/>
  </node>
  <node id="10537281260" lat="35.6895455" lon="139.7039366">
    <tag k="highway" v="traffic_signals"/>
    <tag k="traffic_signals" v="signal"/>
    <tag k="traffic_signals:direction" v="forward"/>
  </node>
  <node id="10537281262" lat="35.6873798" lon="139.7133822"/>
  <node id="10580964720" lat="35.6836908" lon="139.7082289">
    <tag k="barrier" v="gate"/>
  </node>
  <node id="10580964721" lat="35.6838573" lon="139.7078972"/>
  <node id="10580964722" lat="35.6839073" lon="139.7077942"/>
  <node id="10580964723" lat="35.6839206" lon="139.7077394"/>
  <node id="10580964724" lat="35.6839073" lon="139.7071795"/>
  <node id="10580964725" lat="35.6839006" lon="139.7067263"/>
  <node id="10580964726" lat="35.6844286" lon="139.7067028"/>
  <node id="10580964727" lat="35.6844025" lon="139.7059466"/>
  <node id="10580964728" lat="35.6843892" lon="139.7056981"/>
  <node id="10580964729" lat="35.6843683" lon="139.7056563"/>
  <node id="10580964730" lat="35.6843553" lon="139.7056272">
    <tag k="barrier" v="gate"/>
  </node>
  <node id="10580964731" lat="35.6843240" lon="139.7056054"/>
  <node id="10580964732" lat="35.6843008" lon="139.7059558"/>
  <node id="10580964733" lat="35.6841442" lon="139.7062077"/>
  <node id="10580964734" lat="35.6841386" lon="139.7067157"/>
  <node id="10605417926" lat="35.6914717" lon="139.7164693">
    <tag k="highway" v="traffic_signals"/>
    <tag k="traffic_signals:direction" v="forward"/>
  </node>
  <node id="10605417927" lat="35.6913111" lon="139.7164275">
    <tag k="highway" v="traffic_signals"/>
    <tag k="traffic_signals:direction" v="forward"/>
  </node>
  <node id="10605417928" lat="35.6910804" lon="139.7165881">
    <tag k="highway" v="traffic_signals"/>
    <tag k="traffic_signals:direction" v="backward"/>
  </node>
  <node id="10605447496" lat="35.6917863" lon="139.7088188">
    <tag k="highway" v="traffic_signals"/>
    <tag k="traffic_signals:direction" v="forward"/>
  </node>
  <node id="10605447497" lat="35.6916515" lon="139.7090839">
    <tag k="highway" v="traffic_signals"/>
    <tag k="traffic_signals:direction" v="forward"/>
  </node>
  <node id="10605447502" lat="35.6917851" lon="139.7102101"/>
  <node id="10605447503" lat="35.6912623" lon="139.7101129">
    <tag k="highway" v="traffic_signals"/>
    <tag k="traffic_signals:direction" v="forward"/>
  </node>
  <node id="10605447504" lat="35.6916502" lon="139.7099432">
    <tag k="highway" v="traffic_signals"/>
    <tag k="traffic_signals:direction" v="forward"/>
  </node>
  <node id="10605462451" lat="35.6918331" lon="139.7145134"/>
  <node id="10605462454" lat="35.6915012" lon="139.7145898">
    <tag k="highway" v="traffic_signals"/>
    <tag k="traffic_signals:direction" v="forward"/>
  </node>
  <node id="10605462455" lat="35.6910957" lon="139.7147014">
    <tag k="highway" v="traffic_signals"/>
    <tag k="traffic_signals:direction" v="backward"/>
  </node>
  <node id="10605462456" lat="35.6913088" lon="139.7143239">
    <tag k="highway" v="traffic_signals"/>
    <tag k="traffic_signals:direction" v="forward"/>
  </node>
  <node id="10605462457" lat="35.6913403" lon="139.7148816">
    <tag k="highway" v="traffic_signals"/>
    <tag k="traffic_signals:direction" v="forward"/>
  </node>
  <node id="10605469622" lat="35.6924840" lon="139.7213626">
    <tag k="highway" v="traffic_signals"/>
    <tag k="traffic_signals:direction" v="forward"/>
  </node>
  <node id="10605469623" lat="35.6922688" lon="139.7211352">
    <tag k="highway" v="traffic_signals"/>
    <tag k="traffic_signals:direction" v="forward"/>
  </node>
  <node id="10605469631" lat="35.6917025" lon="139.7189175">
    <tag k="highway" v="traffic_signals"/>
    <tag k="traffic_signals:direction" v="forward"/>
  </node>
  <node id="10605469632" lat="35.6917007" lon="139.7192531">
    <tag k="highway" v="traffic_signals"/>
    <tag k="traffic_signals:direction" v="forward"/>
  </node>
  <node id="10605469649" lat="35.6931983" lon="139.6991886"/>
  <node id="10605474990" lat="35.6911294" lon="139.7125489">
    <tag k="direction" v="forward"/>
    <tag k="highway" v="stop"/>
  </node>
  <node id="10605474991" lat="35.6913817" lon="139.7122387">
    <tag k="highway" v="traffic_signals"/>
    <tag k="traffic_signals:direction" v="forward"/>
  </node>
  <node id="10605474992" lat="35.6912360" lon="139.7126723">
    <tag k="highway" v="traffic_signals"/>
    <tag k="traffic_signals:direction" v="forward"/>
  </node>
  <node id="10605479588" lat="35.6926677" lon="139.7059958">
    <tag k="direction" v="forward"/>
    <tag k="road_marking" v="solid_stop_line"/>
  </node>
  <node id="10605479589" lat="35.6925966" lon="139.7054927">
    <tag k="direction" v="forward"/>
    <tag k="road_marking" v="solid_stop_line"/>
  </node>
  <node id="10605479590" lat="35.6921968" lon="139.7056349">
    <tag k="direction" v="forward"/>
    <tag k="road_marking" v="solid_stop_line"/>
  </node>
  <node id="10605479591" lat="35.6923234" lon="139.7060190">
    <tag k="direction" v="forward"/>
    <tag k="road_marking" v="solid_stop_line"/>
  </node>
  <node id="10605479601" lat="35.6918029" lon="139.7069780">
    <tag k="highway" v="traffic_signals"/>
    <tag k="traffic_signals:direction" v="forward"/>
  </node>
  <node id="10605479602" lat="35.6922892" lon="139.7066212">
    <tag k="highway" v="traffic_signals"/>
    <tag k="traffic_signals:direction" v="forward"/>
  </node>
  <node id="10605479603" lat="35.6919616" lon="139.7073496">
    <tag k="highway" v="traffic_signals"/>
    <tag k="traffic_signals:direction" v="forward"/>
  </node>
  <node id="10605479604" lat="35.6923334" lon="139.7070691">
    <tag k="highway" v="traffic_signals"/>
    <tag k="traffic_signals:direction" v="forward"/>
  </node>
  <node id="10605487405" lat="35.6915143" lon="139.7103412">
    <tag k="highway" v="traffic_signals"/>
    <tag k="traffic_signals:direction" v="forward"/>
  </node>
  <node id="10605511486" lat="35.6933654" lon="139.6991638">
    <tag k="highway" v="traffic_signals"/>
    <tag k="traffic_signals:direction" v="forward"/>
  </node>
  <node id="10605511487" lat="35.6935130" lon="139.6995048">
    <tag k="highway" v="traffic_signals"/>
    <tag k="traffic_signals:direction" v="forward"/>
  </node>
  <node id="10605511488" lat="35.6935910" lon="139.6995159">
    <tag k="access:conditional" v="no @ (07:00-20:00)"/>
    <tag k="highway" v="traffic_signals"/>
    <tag k="traffic_signals:direction" v="forward"/>
  </node>
  <node id="10605511489" lat="35.6936830" lon="139.6988581">
    <tag k="highway" v="traffic_signals"/>
    <tag k="traffic_signals:direction" v="forward"/>
  </node>
  <node id="10605511490" lat="35.6938773" lon="139.6990398">
    <tag k="highway" v="traffic_signals"/>
    <tag k="traffic_signals:direction" v="forward"/>
  </node>
  <node id="10605511491" lat="35.6941054" lon="139.7005248">
    <tag k="highway" v="traffic_signals"/>
    <tag k="traffic_signals:direction" v="forward"/>
  </node>
  <node id="10605511492" lat="35.6937874" lon="139.7003465">
    <tag k="direction" v="forward"/>
    <tag k="road_marking" v="solid_stop_line"/>
  </node>
  <node id="10605511498" lat="35.6937654" lon="139.7008701">
    <tag k="direction" v="forward"/>
    <tag k="road_marking" v="solid_stop_line"/>
  </node>
  <node id="10605511499" lat="35.6935979" lon="139.7009672">
    <tag k="direction" v="forward"/>
    <tag k="road_marking" v="solid_stop_line"/>
  </node>
  <node id="10605513406" lat="35.6936699" lon="139.7012846"/>
  <node id="10605513408" lat="35.6932896" lon="139.7024037">
    <tag k="direction" v="forward"/>
    <tag k="road_marking" v="solid_stop_line"/>
  </node>
  <node id="10605513409" lat="35.6934658" lon="139.7022130">
    <tag k="direction" v="forward"/>
    <tag k="road_marking" v="solid_stop_line"/>
  </node>
  <node id="10605513410" lat="35.6933153" lon="139.7035613">
    <tag k="direction" v="backward"/>
    <tag k="road_marking" v="solid_stop_line"/>
  </node>
  <node id="10605513411" lat="35.6931931" lon="139.7032938">
    <tag k="direction" v="forward"/>
    <tag k="road_marking" v="solid_stop_line"/>
  </node>
  <node id="10605513412" lat="35.6929313" lon="139.7037454">
    <tag k="direction" v="forward"/>
    <tag k="road_marking" v="solid_stop_line"/>
  </node>
  <node id="10605590952" lat="35.6923736" lon="139.6981416">
    <tag k="highway" v="traffic_signals"/>
    <tag k="name" v="新宿西口ロータリー入口"/>
    <tag k="traffic_signals:direction" v="forward"/>
  </node>
  <node id="10605594253" lat="35.6900935" lon="139.6987711">
    <tag k="highway" v="traffic_signals"/>
    <tag k="traffic_signals:direction" v="forward"/>
  </node>
  <node id="10605594254" lat="35.6899413" lon="139.6986580">
    <tag k="highway" v="traffic_signals"/>
    <tag k="traffic_signals:direction" v="forward"/>
  </node>
  <node id="10605594255" lat="35.6911235" lon="139.6981162">
    <tag k="highway" v="traffic_signals"/>
    <tag k="ref" v="436-115"/>
    <tag k="traffic_signals:direction" v="forward"/>
  </node>
  <node id="10605594256" lat="35.6912629" lon="139.6979719">
    <tag k="highway" v="traffic_signals"/>
    <tag k="ref" v="436-115"/>
    <tag k="traffic_signals:direction" v="forward"/>
  </node>
  <node id="10605594257" lat="35.6913614" lon="139.6963720">
    <tag k="highway" v="traffic_signals"/>
    <tag k="traffic_signals:direction" v="forward"/>
  </node>
  <node id="10605594258" lat="35.6911360" lon="139.6960304">
    <tag k="highway" v="traffic_signals"/>
    <tag k="traffic_signals:direction" v="forward"/>
  </node>
  <node id="10605594259" lat="35.6908216" lon="139.6963225">
    <tag k="highway" v="traffic_signals"/>
    <tag k="traffic_signals:direction" v="backward"/>
  </node>
  <node id="10605594260" lat="35.6910537" lon="139.6967063">
    <tag k="highway" v="traffic_signals"/>
    <tag k="traffic_signals:direction" v="forward"/>
  </node>
  <node id="10605608266" lat="35.6885573" lon="139.6986990">
    <tag k="highway" v="traffic_signals"/>
    <tag k="traffic_signals:direction" v="forward"/>
  </node>
  <node id="10605608267" lat="35.6886648" lon="139.6992969">
    <tag k="highway" v="traffic_signals"/>
    <tag k="traffic_signals:direction" v="forward"/>
  </node>
  <node id="10605608268" lat="35.6883659" lon="139.6990589">
    <tag k="highway" v="traffic_signals"/>
    <tag k="traffic_signals:direction" v="forward"/>
  </node>
  <node id="10605608280" lat="35.6893917" lon="139.7017676">
    <tag k="highway" v="traffic_signals"/>
    <tag k="ref" v="436-124"/>
    <tag k="traffic_signals:direction" v="forward"/>
  </node>
  <node id="10605620522" lat="35.6887158" lon="139.7101380">
    <tag k="highway" v="traffic_signals"/>
    <tag k="traffic_signals:direction" v="forward"/>
  </node>
  <node id="10605620523" lat="35.6885649" lon="139.7099208">
    <tag k="highway" v="traffic_signals"/>
    <tag k="traffic_signals:direction" v="backward"/>
  </node>
  <node id="10605620524" lat="35.6889509" lon="139.7099401">
    <tag k="highway" v="traffic_signals"/>
    <tag k="traffic_signals:direction" v="forward"/>
  </node>
  <node id="10605620525" lat="35.6888071" lon="139.7097114">
    <tag k="highway" v="traffic_signals"/>
    <tag k="traffic_signals:direction" v="backward"/>
  </node>
  <node id="10605620527" lat="35.6896660" lon="139.7075151">
    <tag k="highway" v="traffic_signals"/>
    <tag k="traffic_signals:direction" v="backward"/>
  </node>
  <node id="10605620528" lat="35.6895292" lon="139.7078052">
    <tag k="highway" v="traffic_signals"/>
    <tag k="traffic_signals:direction" v="forward"/>
  </node>
  <node id="10605620529" lat="35.6898809" lon="139.7070417">
    <tag k="highway" v="traffic_signals"/>
    <tag k="traffic_signals:direction" v="forward"/>
  </node>
  <node id="10605620530" lat="35.6898204" lon="139.7066035">
    <tag k="highway" v="traffic_signals"/>
    <tag k="traffic_signals:direction" v="forward"/>
  </node>
  <node id="10605620531" lat="35.6901666" lon="139.7069126">
    <tag k="highway" v="traffic_signals"/>
    <tag k="traffic_signals:direction" v="forward"/>
  </node>
  <node id="10605620532" lat="35.6901242" lon="139.7064975">
    <tag k="highway" v="traffic_signals"/>
    <tag k="traffic_signals:direction" v="backward"/>
  </node>
  <node id="10647801740" lat="35.6860486" lon="139.6894655"/>
  <node id="10647801741" lat="35.6829996" lon="139.6918112"/>
  <node id="10647801742" lat="35.6827883" lon="139.6919399"/>
  <node id="10647801743" lat="35.6838210" lon="139.6912989"/>
  <node id="10647801744" lat="35.6856793" lon="139.6896118"/>
  <node id="10648540698" lat="35.6873830" lon="139.7132528"/>
  <node id="10648540699" lat="35.6874037" lon="139.7130664"/>
  <node id="10648540716" lat="35.6901533" lon="139.6986232"/>
  <node id="10648540717" lat="35.6904118" lon="139.6987083"/>
  <node id="10648540722" lat="35.6903784" lon="139.6982995"/>
  <node id="10694243916" lat="35.6971415" lon="139.6913338">
    <tag k="crossing" v="marked"/>
    <tag k="crossing:markings" v="yes"/>
    <tag k="highway" v="crossing"/>
  </node>
  <node id="10694243920" lat="35.6973608" lon="139.6943388">
    <tag k="crossing" v="traffic_signals"/>
    <tag k="highway" v="crossing"/>
  </node>
  <node id="10694243921" lat="35.6974581" lon="139.6943146">
    <tag k="crossing" v="traffic_signals"/>
    <tag k="highway" v="crossing"/>
  </node>
  <node id="10694243926" lat="35.6974820" lon="139.6940575"/>
  <node id="10694243929" lat="35.6975453" lon="139.6944256"/>
  <node id="10694243930" lat="35.6976409" lon="139.6949824"/>
  <node id="10694243931" lat="35.6975096" lon="139.6951899">
    <tag k="crossing" v="traffic_signals"/>
    <tag k="highway" v="crossing"/>
  </node>
  <node id="10694243932" lat="35.6976051" lon="139.6951716">
    <tag k="crossing" v="traffic_signals"/>
    <tag k="highway" v="crossing"/>
  </node>
  <node id="10694243935" lat="35.6975828" lon="139.6960500">
    <tag k="crossing" v="marked"/>
    <tag k="crossing:markings" v="yes"/>
    <tag k="highway" v="crossing"/>
  </node>
  <node id="10694243938" lat="35.6977944" lon="139.6958763">
    <tag k="crossing" v="marked"/>
    <tag k="crossing:markings" v="yes"/>
    <tag k="highway" v="crossing"/>
  </node>
  <node id="10694280848" lat="35.6964617" lon="139.6980704">
    <tag k="crossing" v="traffic_signals"/>
    <tag k="highway" v="crossing"/>
  </node>
  <node id="10694280851" lat="35.6963149" lon="139.6980391">
    <tag k="crossing" v="marked"/>
    <tag k="crossing:markings" v="yes"/>
    <tag k="highway" v="crossing"/>
  </node>
  <node id="10694280853" lat="35.6972334" lon="139.6978612"/>
  <node id="10732911783" lat="35.6926658" lon="139.6903440">
    <tag k="highway" v="crossing"/>
  </node>
  <node id="10747482614" lat="35.6890555" lon="139.7068333"/>
  <node id="10765230054" lat="35.6983249" lon="139.6899543"/>
  <node id="10769056762" lat="35.6897088" lon="139.7077303">
    <tag k="highway" v="traffic_signals"/>
    <tag k="traffic_signals:direction" v="backward"/>
  </node>
  <node id="10980259292" lat="35.6818853" lon="139.6921566"/>
  <node id="10982033127" lat="35.6808496" lon="139.6929644"/>
  <node id="11006985240" lat="35.6956952" lon="139.7002054"/>
  <node id="11006985241" lat="35.6981166" lon="139.7002594">
    <tag k="highway" v="traffic_signals"/>
    <tag k="traffic_signals" v="signal"/>
    <tag k="traffic_signals:direction" v="forward"/>
  </node>
  <node id="11006985242" lat="35.6983228" lon="139.7003869">
    <tag k="highway" v="traffic_signals"/>
    <tag k="traffic_signals" v="signal"/>
    <tag k="traffic_signals:direction" v="forward"/>
  </node>
  <node id="11006985244" lat="35.6978556" lon="139.7003828">
    <tag k="highway" v="traffic_signals"/>
    <tag k="traffic_signals" v="signal"/>
    <tag k="traffic_signals:direction" v="backward"/>
  </node>
  <node id="11049569002" lat="35.6950076" lon="139.7002820">
    <tag k="highway" v="traffic_signals"/>
    <tag k="traffic_signals" v="signal"/>
    <tag k="traffic_signals:direction" v="forward"/>
  </node>
  <node id="11049569003" lat="35.6947472" lon="139.7003516">
    <tag k="highway" v="traffic_signals"/>
    <tag k="traffic_signals" v="signal"/>
    <tag k="traffic_signals:direction" v="forward"/>
  </node>
  <node id="11049605209" lat="35.6962014" lon="139.7009543"/>
  <node id="11049605211" lat="35.6958990" lon="139.7002241"/>
  <node id="11049605214" lat="35.6957523" lon="139.7010130"/>
  <node id="11050139694" lat="35.6896506" lon="139.6981076"/>
  <node id="11050139695" lat="35.6900385" lon="139.6980831"/>
  <node id="11061280298" lat="35.6911854" lon="139.7130669"/>
  <node id="11061280299" lat="35.6912400" lon="139.7137845"/>
  <node id="11061280301" lat="35.6896414" lon="139.7144299">
    <tag k="highway" v="traffic_signals"/>
    <tag k="name" v="花園小学校東"/>
    <tag k="name:en" v="Hanazono Shogakko Higashi"/>
    <tag k="source" v="bing"/>
    <tag k="traffic_signals" v="traffic_lights"/>
    <tag k="traffic_signals:direction" v="forward"/>
  </node>
  <node id="11061280302" lat="35.6897538" lon="139.7145894">
    <tag k="highway" v="traffic_signals"/>
    <tag k="name" v="花園小学校東"/>
    <tag k="name:en" v="Hanazono Shogakko Higashi"/>
    <tag k="note" v="この方向のみ押ボタン式"/>
    <tag k="source" v="bing"/>
    <tag k="traffic_signals" v="request_button"/>
    <tag k="traffic_signals:direction" v="forward"/>
  </node>
  <node id="11061280303" lat="35.6896449" lon="139.7147393">
    <tag k="highway" v="traffic_signals"/>
    <tag k="name" v="花園小学校東"/>
    <tag k="name:en" v="Hanazono Shogakko Higashi"/>
    <tag k="source" v="bing"/>
    <tag k="traffic_signals" v="traffic_lights"/>
    <tag k="traffic_signals:direction" v="forward"/>
  </node>
  <node id="11061301805" lat="35.6894327" lon="139.7145844">
    <tag k="crossing" v="uncontrolled"/>
    <tag k="crossing:markings" v="yes"/>
    <tag k="highway" v="crossing"/>
  </node>
  <node id="11062752226" lat="35.6898866" lon="139.7128416"/>
  <node id="11071166460" lat="35.6852463" lon="139.7148953"/>
  <node id="11075103085" lat="35.6878022" lon="139.7029351"/>
  <node id="11075103086" lat="35.6878921" lon="139.7027754"/>
  <node id="11075103097" lat="35.6899154" lon="139.7036327"/>
  <node id="11080892469" lat="35.6899155" lon="139.7123339"/>
  <node id="11080892471" lat="35.6899713" lon="139.7122795"/>
  <node id="11080892472" lat="35.6919150" lon="139.7159979"/>
  <node id="11104513050" lat="35.6898495" lon="139.7078279"/>
  <node id="11127370497" lat="35.6954506" lon="139.7064782"/>
  <node id="11127370499" lat="35.6953341" lon="139.7062663"/>
  <node id="11127434820" lat="35.6957310" lon="139.7061191"/>
  <node id="11127434821" lat="35.6957533" lon="139.7060882"/>
  <node id="11127434840" lat="35.6963544" lon="139.7055054"/>
  <node id="11149072219" lat="35.6888494" lon="139.7028225"/>
  <node id="11158773127" lat="35.6917520" lon="139.7015433"/>
  <node id="11158773132" lat="35.6917699" lon="139.7015424"/>
  <node id="11158773133" lat="35.6918190" lon="139.7015479"/>
  <node id="11158773134" lat="35.6917911" lon="139.7015431"/>
  <node id="11158773135" lat="35.6918890" lon="139.7015715"/>
  <node id="11158773136" lat="35.6918595" lon="139.7015604"/>
  <node id="11158773137" lat="35.6920902" lon="139.7016863">
    <tag k="direction" v="backward"/>
    <tag k="road_marking" v="solid_stop_line"/>
  </node>
  <node id="11158773138" lat="35.6919090" lon="139.7015816"/>
  <node id="11158773176" lat="35.6914569" lon="139.7013301"/>
  <node id="11158773177" lat="35.6914789" lon="139.7015784"/>
  <node id="11158773180" lat="35.6916115" lon="139.7013103"/>
  <node id="11159642712" lat="35.6911407" lon="139.7016342"/>
  <node id="11159642713" lat="35.6912891" lon="139.7016254"/>
  <node id="11159642714" lat="35.6912509" lon="139.7016303">
    <tag k="direction" v="forward"/>
    <tag k="road_marking" v="solid_stop_line"/>
  </node>
  <node id="11159642717" lat="35.6908705" lon="139.7014144"/>
  <node id="11159642718" lat="35.6909102" lon="139.7014153"/>
  <node id="11159642719" lat="35.6912968" lon="139.7013714"/>
  <node id="11159642720" lat="35.6912410" lon="139.7013779"/>
  <node id="11159642721" lat="35.6912109" lon="139.7013781"/>
  <node id="11159642722" lat="35.6913392" lon="139.7013772"/>
  <node id="11159642723" lat="35.6913185" lon="139.7013716"/>
  <node id="11159642724" lat="35.6913513" lon="139.7013858"/>
  <node id="11159642725" lat="35.6913942" lon="139.7013582"/>
  <node id="11159642726" lat="35.6913774" lon="139.7013773"/>
  <node id="11159642727" lat="35.6913839" lon="139.7013667"/>
  <node id="11159642740" lat="35.6914237" lon="139.7013148"/>
  <node id="11159642741" lat="35.6912960" lon="139.7013312"/>
  <node id="11159642744" lat="35.6907870" lon="139.7014350"/>
  <node id="11159642893" lat="35.6911285" lon="139.7013883">
    <tag k="direction" v="forward"/>
    <tag k="road_marking" v="solid_stop_line"/>
  </node>
  <node id="11159642894" lat="35.6909038" lon="139.7016651">
    <tag k="direction" v="forward"/>
    <tag k="road_marking" v="solid_stop_line"/>
  </node>
  <node id="11162495236" lat="35.6922923" lon="139.7016160">
    <tag k="direction" v="backward"/>
    <tag k="road_marking" v="solid_stop_line"/>
  </node>
  <node id="11162495238" lat="35.6921857" lon="139.7019390">
    <tag k="direction" v="forward"/>
    <tag k="road_marking" v="solid_stop_line"/>
  </node>
  <node id="11162495239" lat="35.6924275" lon="139.7009837">
    <tag k="direction" v="forward"/>
    <tag k="road_marking" v="solid_stop_line"/>
  </node>
  <node id="11162495241" lat="35.6922081" lon="139.7018872">
    <tag k="crossing" v="traffic_signals"/>
    <tag k="crossing:markings" v="zebra"/>
    <tag k="highway" v="crossing"/>
    <tag k="tactile_paving" v="no"/>
  </node>
  <node id="11162495242" lat="35.6922281" lon="139.7018355"/>
  <node id="11162495243" lat="35.6922420" lon="139.7017961"/>
  <node id="11162495245" lat="35.6922278" lon="139.7017589"/>
  <node id="11162524121" lat="35.6912161" lon="139.7025107"/>
  <node id="11162524122" lat="35.6906311" lon="139.7022712">
    <tag k="direction" v="forward"/>
    <tag k="highway" v="stop"/>
  </node>
  <node id="11162524123" lat="35.6910253" lon="139.7034235"/>
  <node id="11162524124" lat="35.6911138" lon="139.7033016"/>
  <node id="11162524125" lat="35.6910986" lon="139.7033478"/>
  <node id="11162524126" lat="35.6909968" lon="139.7033639"/>
  <node id="11162524127" lat="35.6902257" lon="139.7021842"/>
  <node id="11162524128" lat="35.6912512" lon="139.7023123">
    <tag k="direction" v="forward"/>
    <tag k="highway" v="stop"/>
  </node>
  <node id="11162524129" lat="35.6917412" lon="139.7026027">
    <tag k="direction" v="forward"/>
    <tag k="road_marking" v="solid_stop_line"/>
  </node>
  <node id="11162524130" lat="35.6917958" lon="139.7028088">
    <tag k="direction" v="forward"/>
    <tag k="road_marking" v="solid_stop_line"/>
  </node>
  <node id="11162524131" lat="35.6919602" lon="139.7024423">
    <tag k="direction" v="backward"/>
    <tag k="road_marking" v="solid_stop_line"/>
  </node>
  <node id="11174561568" lat="35.6897298" lon="139.7019482">
    <tag k="crossing" v="marked"/>
    <tag k="crossing:island" v="no"/>
    <tag k="crossing:markings" v="zebra"/>
    <tag k="highway" v="crossing"/>
    <tag k="tactile_paving" v="yes"/>
  </node>
  <node id="11174561571" lat="35.6897649" lon="139.7019109"/>
  <node id="11174561574" lat="35.6896032" lon="139.7021681">
    <tag k="crossing" v="marked"/>
    <tag k="crossing:markings" v="zebra"/>
    <tag k="highway" v="crossing"/>
    <tag k="tactile_paving" v="no"/>
  </node>
  <node id="11247608614" lat="35.6929729" lon="139.7003753"/>
  <node id="11247608615" lat="35.6929234" lon="139.7003884"/>
  <node id="11247608616" lat="35.6924978" lon="139.7006671"/>
  <node id="11247608617" lat="35.6925180" lon="139.7006316"/>
  <node id="11247608618" lat="35.6925268" lon="139.7007523"/>
  <node id="11247608619" lat="35.6925490" lon="139.7007067"/>
  <node id="11247608620" lat="35.6925855" lon="139.7006566">
    <tag k="direction" v="forward"/>
    <tag k="road_marking" v="solid_stop_line"/>
  </node>
  <node id="11247608622" lat="35.6925390" lon="139.7007272">
    <tag k="crossing" v="traffic_signals"/>
    <tag k="crossing:markings" v="zebra"/>
    <tag k="highway" v="crossing"/>
    <tag k="tactile_paving" v="no"/>
  </node>
  <node id="11247608623" lat="35.6924836" lon="139.7006959">
    <tag k="crossing" v="traffic_signals"/>
    <tag k="crossing:markings" v="zebra"/>
    <tag k="highway" v="crossing"/>
    <tag k="tactile_paving" v="no"/>
  </node>
  <node id="11247608624" lat="35.6940916" lon="139.6987481">
    <tag k="crossing" v="traffic_signals"/>
    <tag k="crossing:markings" v="zebra"/>
    <tag k="highway" v="crossing"/>
    <tag k="tactile_paving" v="no"/>
  </node>
  <node id="11247608629" lat="35.6926648" lon="139.7005010"/>
  <node id="11247608630" lat="35.6927183" lon="139.7005569"/>
  <node id="11247608631" lat="35.6929255" lon="139.7004685"/>
  <node id="11247773034" lat="35.6927923" lon="139.7020845"/>
  <node id="11248384396" lat="35.6930530" lon="139.7025868"/>
  <node id="11248384397" lat="35.6922898" lon="139.7021325">
    <tag k="direction" v="forward"/>
    <tag k="road_marking" v="solid_stop_line"/>
  </node>
  <node id="11248384398" lat="35.6920325" lon="139.7026185"/>
  <node id="11248384399" lat="35.6929317" lon="139.7031807"/>
  <node id="11248384401" lat="35.6922731" lon="139.7021220"/>
  <node id="11248384402" lat="35.6922234" lon="139.7020913">
    <tag k="crossing" v="marked"/>
    <tag k="crossing:markings" v="zebra"/>
    <tag k="highway" v="crossing"/>
    <tag k="tactile_paving" v="no"/>
  </node>
  <node id="11248384403" lat="35.6927290" lon="139.7022373">
    <tag k="direction" v="backward"/>
    <tag k="road_marking" v="solid_stop_line"/>
  </node>
  <node id="11248384404" lat="35.6926330" lon="139.7024912">
    <tag k="direction" v="forward"/>
    <tag k="road_marking" v="solid_stop_line"/>
  </node>
  <node id="11248384414" lat="35.6926748" lon="139.7031130"/>
  <node id="11248384415" lat="35.6932240" lon="139.7026861">
    <tag k="junction" v="yes"/>
  </node>
  <node id="11248384417" lat="35.6927235" lon="139.7030055">
    <tag k="crossing" v="unmarked"/>
    <tag k="crossing:markings" v="no"/>
    <tag k="highway" v="crossing"/>
    <tag k="tactile_paving" v="no"/>
  </node>
  <node id="11250649676" lat="35.6927154" lon="139.7022733">
    <tag k="crossing" v="uncontrolled"/>
    <tag k="crossing:markings" v="zebra"/>
    <tag k="highway" v="crossing"/>
    <tag k="tactile_paving" v="no"/>
  </node>
  <node id="11250679113" lat="35.6936184" lon="139.7008455"/>
  <node id="11250679115" lat="35.6936249" lon="139.7007539"/>
  <node id="11250679117" lat="35.6928663" lon="139.7004890"/>
  <node id="11250679120" lat="35.6937960" lon="139.7007270"/>
  <node id="11252100570" lat="35.6859286" lon="139.7039282"/>
  <node id="11253630152" lat="35.6853738" lon="139.7010496"/>
  <node id="11253630153" lat="35.6854807" lon="139.7009563"/>
  <node id="11253630154" lat="35.6854550" lon="139.7009842"/>
  <node id="11255399644" lat="35.6852257" lon="139.7023868"/>
  <node id="11255399645" lat="35.6848705" lon="139.7025715"/>
  <node id="11255399646" lat="35.6848227" lon="139.7025945"/>
  <node id="11255399648" lat="35.6855627" lon="139.7023057"/>
  <node id="11255399674" lat="35.6861802" lon="139.7021677"/>
  <node id="11255399675" lat="35.6861183" lon="139.7021712"/>
  <node id="11255399676" lat="35.6858425" lon="139.7022400"/>
  <node id="11255399677" lat="35.6862799" lon="139.7021977"/>
  <node id="11255399678" lat="35.6863141" lon="139.7022185"/>
  <node id="11255399691" lat="35.6837916" lon="139.7028695"/>
  <node id="11255399692" lat="35.6837676" lon="139.7028770"/>
  <node id="11255399693" lat="35.6836221" lon="139.7029902">
    <tag k="direction" v="backward"/>
    <tag k="road_marking" v="solid_stop_line"/>
  </node>
  <node id="11255399694" lat="35.6836470" lon="139.7029643"/>
  <node id="11255399696" lat="35.6835860" lon="139.7028883"/>
  <node id="11255399697" lat="35.6835036" lon="139.7028754"/>
  <node id="11255399700" lat="35.6836618" lon="139.7029149"/>
  <node id="11255399701" lat="35.6841907" lon="139.7027631"/>
  <node id="11255399702" lat="35.6838106" lon="139.7028644">
    <tag k="direction" v="forward"/>
    <tag k="highway" v="stop"/>
  </node>
  <node id="11255399705" lat="35.6853457" lon="139.7023538">
    <tag k="direction" v="forward"/>
    <tag k="road_marking" v="solid_stop_line"/>
  </node>
  <node id="11255399706" lat="35.6837706" lon="139.7030389">
    <tag k="direction" v="backward"/>
    <tag k="road_marking" v="solid_stop_line"/>
  </node>
  <node id="11255399707" lat="35.6833226" lon="139.7029083">
    <tag k="direction" v="forward"/>
    <tag k="road_marking" v="solid_stop_line"/>
  </node>
  <node id="11255399708" lat="35.6834484" lon="139.7028772"/>
  <node id="11255399709" lat="35.6831975" lon="139.7029379"/>
  <node id="11255399710" lat="35.6830139" lon="139.7026673">
    <tag k="direction" v="forward"/>
    <tag k="highway" v="stop"/>
  </node>
  <node id="11255399713" lat="35.6866019" lon="139.7024413">
    <tag k="direction" v="forward"/>
    <tag k="road_marking" v="solid_stop_line"/>
  </node>
  <node id="11255399714" lat="35.6865219" lon="139.7023785">
    <tag k="direction" v="backward"/>
    <tag k="road_marking" v="solid_stop_line"/>
  </node>
  <node id="11255399726" lat="35.6865180" lon="139.7023754"/>
  <node id="11257329992" lat="35.6924924" lon="139.7028298">
    <tag k="crossing" v="uncontrolled"/>
    <tag k="crossing:markings" v="zebra"/>
    <tag k="highway" v="crossing"/>
    <tag k="tactile_paving" v="no"/>
  </node>
  <node id="11258119737" lat="35.6928923" lon="139.7026016">
    <tag k="crossing" v="uncontrolled"/>
    <tag k="crossing:markings" v="zebra"/>
    <tag k="highway" v="crossing"/>
    <tag k="tactile_paving" v="yes"/>
  </node>
  <node id="11258119738" lat="35.6926453" lon="139.7024588">
    <tag k="crossing" v="uncontrolled"/>
    <tag k="crossing:markings" v="zebra"/>
    <tag k="highway" v="crossing"/>
    <tag k="tactile_paving" v="no"/>
  </node>
  <node id="11258119896" lat="35.6920102" lon="139.7026046"/>
  <node id="11258119898" lat="35.6919156" lon="139.7025425">
    <tag k="highway" v="traffic_signals"/>
    <tag k="noname" v="yes"/>
  </node>
  <node id="11258119970" lat="35.6937633" lon="139.7015404"/>
  <node id="11258120100" lat="35.6919906" lon="139.7025918">
    <tag k="crossing" v="traffic_signals"/>
    <tag k="crossing:markings" v="zebra"/>
    <tag k="highway" v="crossing"/>
    <tag k="tactile_paving" v="no"/>
  </node>
  <node id="11258120101" lat="35.6918752" lon="139.7026321">
    <tag k="crossing" v="traffic_signals"/>
    <tag k="crossing:markings" v="zebra"/>
    <tag k="highway" v="crossing"/>
    <tag k="tactile_paving" v="no"/>
  </node>
  <node id="11258120102" lat="35.6918570" lon="139.7026724">
    <tag k="crossing" v="traffic_signals"/>
    <tag k="crossing:markings" v="zebra"/>
    <tag k="highway" v="crossing"/>
    <tag k="tactile_paving" v="no"/>
  </node>
  <node id="11258120103" lat="35.6916066" lon="139.7034270">
    <tag k="crossing" v="uncontrolled"/>
    <tag k="crossing:markings" v="zebra"/>
    <tag k="highway" v="crossing"/>
    <tag k="tactile_paving" v="no"/>
  </node>
  <node id="11258894391" lat="35.6927633" lon="139.7024137">
    <tag k="crossing" v="uncontrolled"/>
    <tag k="crossing:markings" v="zebra"/>
    <tag k="highway" v="crossing"/>
    <tag k="tactile_paving" v="no"/>
  </node>
  <node id="11258894433" lat="35.6927865" lon="139.7024278">
    <tag k="direction" v="forward"/>
    <tag k="road_marking" v="solid_stop_line"/>
  </node>
  <node id="11258894434" lat="35.6928768" lon="139.7026388">
    <tag k="direction" v="backward"/>
    <tag k="road_marking" v="solid_stop_line"/>
  </node>
  <node id="11258897139" lat="35.6925999" lon="139.7023163">
    <tag k="crossing" v="uncontrolled"/>
    <tag k="crossing:markings" v="zebra"/>
    <tag k="highway" v="crossing"/>
    <tag k="tactile_paving" v="no"/>
  </node>
  <node id="11261202709" lat="35.6930664" lon="139.7032652">
    <tag k="highway" v="traffic_signals"/>
    <tag k="name" v="新宿区役所前"/>
    <tag k="name:en" v="Shinjuku Kuyakusho-mae"/>
    <tag k="name:ko" v="신쥬쿠 구청 잎"/>
    <tag k="name:zh" v="新宿区役所前"/>
    <tag k="traffic_signals" v="signal"/>
  </node>
  <node id="11261202712" lat="35.6929775" lon="139.7032095">
    <tag k="crossing" v="uncontrolled"/>
    <tag k="highway" v="crossing"/>
  </node>
  <node id="11263248553" lat="35.6925111" lon="139.7027847">
    <tag k="direction" v="backward"/>
    <tag k="highway" v="stop"/>
  </node>
  <node id="11263248600" lat="35.6925144" lon="139.7036034"/>
  <node id="11263248601" lat="35.6923114" lon="139.7041901">
    <tag k="direction" v="forward"/>
    <tag k="highway" v="stop"/>
  </node>
  <node id="11263248602" lat="35.6924756" lon="139.7035171">
    <tag k="direction" v="forward"/>
    <tag k="highway" v="stop"/>
  </node>
  <node id="11263248615" lat="35.6926844" lon="139.7030896">
    <tag k="crossing" v="uncontrolled"/>
    <tag k="crossing:markings" v="zebra"/>
    <tag k="highway" v="crossing"/>
    <tag k="tactile_paving" v="no"/>
  </node>
  <node id="11266544201" lat="35.6934533" lon="139.7016726"/>
  <node id="11266544202" lat="35.6928246" lon="139.7020075"/>
  <node id="11266544204" lat="35.6930102" lon="139.7011961">
    <tag k="direction" v="forward"/>
    <tag k="highway" v="stop"/>
  </node>
  <node id="11267270240" lat="35.6926642" lon="139.7031440"/>
  <node id="11267270241" lat="35.6930156" lon="139.7011714"/>
  <node id="11267270255" lat="35.6927364" lon="139.7022177"/>
  <node id="11271468285" lat="35.6928843" lon="139.7026209"/>
  <node id="11271468286" lat="35.6927261" lon="139.7029991"/>
  <node id="11271468287" lat="35.6924986" lon="139.7028148"/>
  <node id="11271468298" lat="35.6926263" lon="139.7025091"/>
  <node id="11273525037" lat="35.6928364" lon="139.7040779"/>
  <node id="11273525039" lat="35.6929419" lon="139.7031871">
    <tag k="direction" v="forward"/>
    <tag k="road_marking" v="solid_stop_line"/>
  </node>
  <node id="11273754025" lat="35.6923599" lon="139.7043341">
    <tag k="direction" v="forward"/>
    <tag k="road_marking" v="solid_stop_line"/>
  </node>
  <node id="11273826876" lat="35.6933810" lon="139.7048236"/>
  <node id="11273826877" lat="35.6929624" lon="139.7046423">
    <tag k="direction" v="backward"/>
    <tag k="highway" v="stop"/>
  </node>
  <node id="11273826895" lat="35.6923509" lon="139.7059136"/>
  <node id="11274801921" lat="35.6923256" lon="139.7043151">
    <tag k="crossing" v="uncontrolled"/>
    <tag k="crossing:markings" v="zebra"/>
    <tag k="highway" v="crossing"/>
    <tag k="tactile_paving" v="no"/>
  </node>
  <node id="11274801922" lat="35.6922949" lon="139.7042392">
    <tag k="crossing" v="uncontrolled"/>
    <tag k="crossing:markings" v="zebra"/>
    <tag k="highway" v="crossing"/>
    <tag k="tactile_paving" v="no"/>
  </node>
  <node id="11274801924" lat="35.6921441" lon="139.7048094">
    <tag k="crossing" v="uncontrolled"/>
    <tag k="crossing:markings" v="zebra"/>
    <tag k="highway" v="crossing"/>
    <tag k="tactile_paving" v="no"/>
  </node>
  <node id="11274801927" lat="35.6922368" lon="139.7044501">
    <tag k="crossing" v="uncontrolled"/>
    <tag k="crossing:markings" v="zebra"/>
    <tag k="highway" v="crossing"/>
    <tag k="tactile_paving" v="no"/>
  </node>
  <node id="11274801930" lat="35.6921626" lon="139.7047375">
    <tag k="direction" v="forward"/>
    <tag k="road_marking" v="solid_stop_line"/>
  </node>
  <node id="11286294159" lat="35.6933423" lon="139.6968395"/>
  <node id="11286294161" lat="35.6936315" lon="139.6978904"/>
  <node id="11286294162" lat="35.6936216" lon="139.6978023"/>
  <node id="11286294164" lat="35.6934682" lon="139.6975532"/>
  <node id="11286819960" lat="35.6922279" lon="139.7042612"/>
  <node id="11286819963" lat="35.6920629" lon="139.7041631">
    <tag k="crossing" v="uncontrolled"/>
    <tag k="crossing:markings" v="lines"/>
    <tag k="highway" v="crossing"/>
    <tag k="tactile_paving" v="no"/>
  </node>
  <node id="11286893471" lat="35.6913258" lon="139.7051922"/>
  <node id="11286893472" lat="35.6913541" lon="139.7051194"/>
  <node id="11286893473" lat="35.6915360" lon="139.7052414"/>
  <node id="11286893474" lat="35.6914984" lon="139.7053056"/>
  <node id="11286893487" lat="35.6919347" lon="139.7053279">
    <tag k="direction" v="forward"/>
    <tag k="highway" v="stop"/>
  </node>
  <node id="11286893498" lat="35.6918929" lon="139.7055394">
    <tag k="direction" v="forward"/>
    <tag k="road_marking" v="solid_stop_line"/>
  </node>
  <node id="11286893499" lat="35.6917660" lon="139.7053765">
    <tag k="direction" v="forward"/>
    <tag k="road_marking" v="solid_stop_line"/>
  </node>
  <node id="11286893504" lat="35.6915481" lon="139.7038468"/>
  <node id="11286893505" lat="35.6912963" lon="139.7035379"/>
  <node id="11286893514" lat="35.6913878" lon="139.7035978">
    <tag k="crossing" v="traffic_signals"/>
    <tag k="highway" v="crossing"/>
  </node>
  <node id="11286893516" lat="35.6914073" lon="139.7036734">
    <tag k="crossing" v="traffic_signals"/>
    <tag k="highway" v="crossing"/>
  </node>
  <node id="11286893517" lat="35.6914343" lon="139.7037779">
    <tag k="crossing" v="traffic_signals"/>
    <tag k="highway" v="crossing"/>
  </node>
  <node id="11286893518" lat="35.6913966" lon="139.7036972">
    <tag k="crossing" v="traffic_signals"/>
    <tag k="highway" v="crossing"/>
  </node>
  <node id="11289575133" lat="35.6927778" lon="139.7042884"/>
  <node id="11289575152" lat="35.6929972" lon="139.7035118"/>
  <node id="11289630486" lat="35.6935400" lon="139.7036658"/>
  <node id="11289749376" lat="35.6937360" lon="139.7042400"/>
  <node id="11289749377" lat="35.6937781" lon="139.7042192"/>
  <node id="11296304698" lat="35.6943334" lon="139.7020167"/>
  <node id="11296304699" lat="35.6940348" lon="139.7019054"/>
  <node id="11298654401" lat="35.6941885" lon="139.7026048">
    <tag k="direction" v="forward"/>
    <tag k="highway" v="stop"/>
  </node>
  <node id="11298654448" lat="35.6942665" lon="139.7022882"/>
  <node id="11298654528" lat="35.6946387" lon="139.7026761"/>
  <node id="11298654532" lat="35.6942199" lon="139.7024772"/>
  <node id="11298654537" lat="35.6944923" lon="139.7022492"/>
  <node id="11310561255" lat="35.6934462" lon="139.7028534"/>
  <node id="11310566287" lat="35.6934977" lon="139.7035107">
    <tag k="direction" v="forward"/>
    <tag k="highway" v="stop"/>
  </node>
  <node id="11327912127" lat="35.6934628" lon="139.7028617"/>
  <node id="11327912128" lat="35.6935827" lon="139.7023579">
    <tag k="direction" v="forward"/>
    <tag k="road_marking" v="solid_stop_line"/>
  </node>
  <node id="11361306941" lat="35.6934446" lon="139.6995990"/>
  <node id="11361306942" lat="35.6934741" lon="139.6995956"/>
  <node id="11361306943" lat="35.6934892" lon="139.6995897"/>
  <node id="11361306945" lat="35.6936795" lon="139.6985246"/>
  <node id="11361306946" lat="35.6937332" lon="139.6984871"/>
  <node id="11361306947" lat="35.6937003" lon="139.6985007"/>
  <node id="11361306948" lat="35.6936691" lon="139.6985500"/>
  <node id="11361306949" lat="35.6936738" lon="139.6976516"/>
  <node id="11361306950" lat="35.6936346" lon="139.6976758"/>
  <node id="11361306951" lat="35.6936128" lon="139.6977030"/>
  <node id="11361306952" lat="35.6934148" lon="139.6970521"/>
  <node id="11361306953" lat="35.6934731" lon="139.6970547"/>
  <node id="11361306954" lat="35.6934435" lon="139.6970577"/>
  <node id="11361306955" lat="35.6937938" lon="139.6995389"/>
  <node id="11361306956" lat="35.6937619" lon="139.6995307"/>
  <node id="11361306957" lat="35.6937399" lon="139.6995115"/>
  <node id="11361306958" lat="35.6934953" lon="139.6980174"/>
  <node id="11361306959" lat="35.6934008" lon="139.6977099"/>
  <node id="11361306960" lat="35.6933439" lon="139.6975604"/>
  <node id="11361306961" lat="35.6932776" lon="139.6968089"/>
  <node id="11361791882" lat="35.6936358" lon="139.6991163"/>
  <node id="11869113783" lat="35.6932783" lon="139.6977224"/>
  <node id="11869113784" lat="35.6932846" lon="139.6976983"/>
  <node id="11869113785" lat="35.6932852" lon="139.6976675"/>
  <node id="11879222759" lat="35.6883916" lon="139.7118537"/>
  <node id="11879222760" lat="35.6883697" lon="139.7118639"/>
  <node id="11879222761" lat="35.6883449" lon="139.7118853"/>
  <node id="11879222762" lat="35.6884145" lon="139.7118494"/>
  <node id="11879222765" lat="35.6887955" lon="139.7130888"/>
  <node id="11879222766" lat="35.6889068" lon="139.7128944"/>
  <node id="11934469723" lat="35.6867327" lon="139.6943499"/>
  <node id="11934469724" lat="35.6866205" lon="139.6944518"/>
  <node id="11934469725" lat="35.6873698" lon="139.6942626"/>
  <node id="11934469726" lat="35.6874047" lon="139.6943627"/>
  <node id="11934469727" lat="35.6875019" lon="139.6941947"/>
  <node id="11934469728" lat="35.6875202" lon="139.6942995"/>
  <node id="12054377499" lat="35.6901553" lon="139.7073009">
    <tag k="highway" v="stop"/>
    <tag k="stop" v="yes"/>
  </node>
  <node id="12077654098" lat="35.6879241" lon="139.7028418"/>
  <node id="12213675079" lat="35.6911122" lon="139.6981603"/>
  <node id="12213675080" lat="35.6910699" lon="139.6982176"/>
  <node id="12213675081" lat="35.6911274" lon="139.6980782"/>
  <node id="12214093582" lat="35.6890078" lon="139.7089531"/>
  <node id="12214093583" lat="35.6889940" lon="139.7070951"/>
  <node id="12214093584" lat="35.6891268" lon="139.7068459"/>
  <node id="12215426534" lat="35.6914210" lon="139.6881875"/>
  <node id="12215426535" lat="35.6915783" lon="139.6883458"/>
  <node id="12215426536" lat="35.6916476" lon="139.6885235"/>
  <node id="12215426537" lat="35.6917093" lon="139.6890802"/>
  <node id="12215426538" lat="35.6917943" lon="139.6890527"/>
  <node id="12217248948" lat="35.6934813" lon="139.6898597"/>
  <node id="12217248949" lat="35.6936427" lon="139.6900088"/>
  <node id="12217248950" lat="35.6872006" lon="139.6905538"/>
  <node id="12217248951" lat="35.6870254" lon="139.6906276"/>
  <node id="12231092041" lat="35.6871870" lon="139.6970243"/>
  <node id="12231092042" lat="35.6872071" lon="139.6958469"/>
  <node id="12233687196" lat="35.6868065" lon="139.6957696"/>
  <node id="12244576903" lat="35.6836297" lon="139.7083317"/>
  <node id="12338990584" lat="35.6888597" lon="139.6924364">
    <tag k="crossing" v="traffic_signals"/>
    <tag k="crossing:markings" v="zebra"/>
    <tag k="crossing:signals" v="yes"/>
    <tag k="highway" v="crossing"/>
  </node>
  <node id="12338990585" lat="35.6887512" lon="139.6924637">
    <tag k="crossing" v="traffic_signals"/>
    <tag k="crossing:markings" v="zebra"/>
    <tag k="crossing:signals" v="yes"/>
    <tag k="highway" v="crossing"/>
  </node>
  <node id="12339380134" lat="35.6866323" lon="139.6954997"/>
  <node id="12339380165" lat="35.6864312" lon="139.6941688"/>
  <node id="12339380169" lat="35.6860327" lon="139.6936210"/>
  <node id="12339380172" lat="35.6859318" lon="139.6934858"/>
  <node id="12355066628" lat="35.6835308" lon="139.6896800"/>
  <node id="12462933222" lat="35.6933345" lon="139.6967746"/>
  <node id="12477182649" lat="35.6957863" lon="139.7148751"/>
  <node id="12477255154" lat="35.6845349" lon="139.7153162"/>
  <node id="12516892539" lat="35.6912410" lon="139.6975992"/>
  <node id="12516892546" lat="35.6912517" lon="139.6977757"/>
  <node id="12520060633" lat="35.6822259" lon="139.6956593"/>
  <node id="12520137199" lat="35.6822157" lon="139.6975525">
    <tag k="crossing" v="uncontrolled"/>
    <tag k="highway" v="crossing"/>
  </node>
  <node id="12520172315" lat="35.6819608" lon="139.6941282"/>
  <node id="12520172316" lat="35.6819499" lon="139.6941291">
    <tag k="crossing" v="uncontrolled"/>
    <tag k="highway" v="crossing"/>
  </node>
  <node id="12520172329" lat="35.6822082" lon="139.6977245">
    <tag k="crossing" v="uncontrolled"/>
    <tag k="highway" v="crossing"/>
  </node>
  <node id="12644572795" lat="35.6912595" lon="139.7170535"/>
  <node id="12644572796" lat="35.6911735" lon="139.7169475"/>
  <node id="12644572797" lat="35.6912541" lon="139.7168201"/>
  <node id="12644572798" lat="35.6913946" lon="139.7154589"/>
  <node id="12644572799" lat="35.6914665" lon="139.7154589"/>
  <node id="12644659402" lat="35.6917617" lon="139.7144316"/>
  <node id="12644659403" lat="35.6919316" lon="139.7144986"/>
  <node id="12644659404" lat="35.6916266" lon="139.7144692"/>
  <node id="12666469790" lat="35.6929478" lon="139.6972410"/>
  <node id="12666499819" lat="35.6921950" lon="139.6985489"/>
  <node id="12666510287" lat="35.6977586" lon="139.7131408"/>
  <node id="12666510288" lat="35.6977624" lon="139.7131576"/>
  <node id="12666510289" lat="35.6978000" lon="139.7129913"/>
  <node id="12666510290" lat="35.6977722" lon="139.7130979"/>
  <node id="12666510291" lat="35.6977297" lon="139.7131401"/>
  <node id="12666510292" lat="35.6977119" lon="139.7130345"/>
  <node id="12666510293" lat="35.6976723" lon="139.7130694"/>
  <node id="12666510294" lat="35.6977003" lon="139.7131488"/>
  <node id="12666510295" lat="35.6977379" lon="139.7116374"/>
  <node id="12756612856" lat="35.6924389" lon="139.7009321">
    <tag k="button_operated" v="no"/>
    <tag k="crossing" v="traffic_signals"/>
    <tag k="crossing:island" v="no"/>
    <tag k="crossing:markings" v="zebra"/>
    <tag k="highway" v="crossing"/>
    <tag k="tactile_paving" v="yes"/>
    <tag k="traffic_signals:vibration" v="no"/>
  </node>
  <node id="12766037954" lat="35.6937037" lon="139.6950141"/>
  <node id="12766037956" lat="35.6938785" lon="139.6939552">
    <tag k="direction" v="forward"/>
    <tag k="highway" v="stop"/>
  </node>
  <node id="12788191380" lat="35.6937495" lon="139.7005485"/>
  <node id="12788191385" lat="35.6937654" lon="139.7005610"/>
  <node id="12788191391" lat="35.6934383" lon="139.7003661"/>
  <node id="12788191392" lat="35.6933495" lon="139.7003662"/>
  <node id="12788191394" lat="35.6937841" lon="139.7005711"/>
  <node id="12842609873" lat="35.6954853" lon="139.6892794"/>
  <node id="12842609874" lat="35.6951347" lon="139.6908559"/>
  <node id="12842609876" lat="35.6952133" lon="139.6905142"/>
  <node id="12842609877" lat="35.6951755" lon="139.6905518"/>
  <node id="12842609878" lat="35.6951393" lon="139.6905644"/>
  <node id="12842609880" lat="35.6953358" lon="139.6901572">
    <tag k="highway" v="traffic_signals"/>
    <tag k="traffic_signals" v="signal"/>
  </node>
  <node id="12842609881" lat="35.6950000" lon="139.6903227">
    <tag k="highway" v="traffic_signals"/>
    <tag k="traffic_signals" v="signal"/>
  </node>
  <node id="12842609882" lat="35.6950470" lon="139.6907338">
    <tag k="highway" v="traffic_signals"/>
    <tag k="traffic_signals" v="signal"/>
  </node>
  <node id="12853578644" lat="35.6943116" lon="139.7149642"/>
  <node id="12853578645" lat="35.6943444" lon="139.7150656"/>
  <node id="12896468743" lat="35.6838966" lon="139.6992561"/>
  <node id="12896468746" lat="35.6837254" lon="139.6994532"/>
  <node id="12995258500" lat="35.6893850" lon="139.7026512"/>
  <node id="12996489782" lat="35.6946299" lon="139.7012589"/>
  <node id="12996489784" lat="35.6949160" lon="139.7013512"/>
  <node id="13056190278" lat="35.6961626" lon="139.6953778"/>
  <node id="13056190281" lat="35.6974775" lon="139.6961566">
    <tag k="direction" v="forward"/>
    <tag k="highway" v="stop"/>
  </node>
  <node id="13056197804" lat="35.7003636" lon="139.6930759"/>
  <node id="13056197854" lat="35.6991031" lon="139.6911725">
    <tag k="crossing" v="uncontrolled"/>
    <tag k="crossing:markings" v="yes"/>
    <tag k="highway" v="crossing"/>
  </node>
  <node id="13056197855" lat="35.6989563" lon="139.6912268">
    <tag k="direction" v="backward"/>
    <tag k="highway" v="stop"/>
  </node>
  <node id="13056197857" lat="35.6978161" lon="139.6907418">
    <tag k="direction" v="forward"/>
    <tag k="highway" v="stop"/>
  </node>
  <node id="13056197858" lat="35.6978516" lon="139.6906938">
    <tag k="crossing" v="uncontrolled"/>
    <tag k="crossing:markings" v="yes"/>
    <tag k="highway" v="crossing"/>
  </node>
  <node id="13056197859" lat="35.6977456" lon="139.6906655">
    <tag k="crossing" v="uncontrolled"/>
    <tag k="crossing:markings" v="yes"/>
    <tag k="highway" v="crossing"/>
  </node>
  <node id="13056197860" lat="35.6981226" lon="139.6923890">
    <tag k="direction" v="forward"/>
    <tag k="highway" v="stop"/>
  </node>
  <node id="13056197861" lat="35.6983561" lon="139.6937944">
    <tag k="direction" v="backward"/>
    <tag k="highway" v="stop"/>
  </node>
  <node id="13056197863" lat="35.7016681" lon="139.6965498">
    <tag k="direction" v="forward"/>
    <tag k="highway" v="stop"/>
  </node>
  <node id="13083831515" lat="35.6851285" lon="139.6924054">
    <tag k="highway" v="traffic_signals"/>
    <tag k="name" v="西新宿3丁目"/>
    <tag k="name:en" v="Nishishinjuku 3-chome"/>
    <tag k="traffic_signals" v="signal"/>
  </node>
  <node id="13083831516" lat="35.6852783" lon="139.6920652">
    <tag k="highway" v="traffic_signals"/>
    <tag k="name" v="西新宿3丁目"/>
    <tag k="name:en" v="Nishishinjuku 3-chome"/>
    <tag k="traffic_signals" v="signal"/>
  </node>
  <node id="13091841091" lat="35.6978200" lon="139.7078375"/>
  <node id="13091841092" lat="35.6978461" lon="139.7078079"/>
  <node id="13091841093" lat="35.6980261" lon="139.7072259">
    <tag k="highway" v="traffic_signals"/>
    <tag k="name" v="新宿七丁目"/>
    <tag k="name:en" v="Shinjuku 7"/>
    <tag k="name:ja" v="新宿七丁目"/>
    <tag k="name:ja-Hira" v="しんじゅくななちょうめ"/>
    <tag k="name:ja_rm" v="Shinjuku nanachōme"/>
  </node>
  <node id="13091841094" lat="35.6981513" lon="139.7076026">
    <tag k="highway" v="traffic_signals"/>
    <tag k="name" v="新宿七丁目"/>
    <tag k="name:en" v="Shinjuku 7"/>
    <tag k="name:ja" v="新宿七丁目"/>
    <tag k="name:ja-Hira" v="しんじゅくななちょうめ"/>
    <tag k="name:ja_rm" v="Shinjuku nanachōme"/>
  </node>
  <node id="13091841095" lat="35.6977506" lon="139.7074089">
    <tag k="highway" v="traffic_signals"/>
    <tag k="name" v="新宿七丁目"/>
    <tag k="name:en" v="Shinjuku 7"/>
    <tag k="name:ja" v="新宿七丁目"/>
    <tag k="name:ja-Hira" v="しんじゅくななちょうめ"/>
    <tag k="name:ja_rm" v="Shinjuku nanachōme"/>
    <tag k="traffic_signals" v="signal"/>
  </node>
  <node id="13130309797" lat="35.6909650" lon="139.6982914"/>
  <node id="13130309798" lat="35.6908843" lon="139.6983744"/>
  <node id="13130309799" lat="35.6908380" lon="139.6986001"/>
  <node id="13130309800" lat="35.6907861" lon="139.6986646"/>
  <node id="13159267479" lat="35.6904982" lon="139.7073016"/>
  <node id="13174669099" lat="35.6908612" lon="139.6984949"/>
  <node id="13174669100" lat="35.6908555" lon="139.6985597"/>
  <node id="13174672801" lat="35.6908146" lon="139.6986367"/>
  <node id="13174672802" lat="35.6908695" lon="139.6984227"/>
  <node id="13174672803" lat="35.6909088" lon="139.6983345"/>
  <node id="13174672804" lat="35.6921135" lon="139.6991118"/>
  <node id="13174672805" lat="35.6921538" lon="139.6992623"/>
  <node id="13174672807" lat="35.6921186" lon="139.6991609"/>
  <node id="13174672828" lat="35.6920081" lon="139.6981370"/>
  <node id="13174672830" lat="35.6909766" lon="139.6982426"/>
  <node id="13174672831" lat="35.6910406" lon="139.6982846"/>
  <node id="13174672832" lat="35.6911692" lon="139.6982721"/>
  <node id="13174672833" lat="35.6912137" lon="139.6982509"/>
  <node id="13174672834" lat="35.6912512" lon="139.6982023"/>
  <node id="13174672835" lat="35.6912688" lon="139.6981333"/>
  <node id="13174672836" lat="35.6920991" lon="139.6981280"/>
  <node id="13174672837" lat="35.6921815" lon="139.6981637">
    <tag k="highway" v="traffic_signals"/>
    <tag k="name" v="新宿西口ロータリー入口"/>
    <tag k="name:en" v="Shinjuku nishiguchi Rotary Ent."/>
    <tag k="name:ko" v="신쥬쿠 서쪽 출구 로터리 임구"/>
    <tag k="traffic_signals:direction" v="forward"/>
  </node>
  <node id="13174672839" lat="35.6922121" lon="139.6981925"/>
  <node id="13174672840" lat="35.6922604" lon="139.6982715">
    <tag k="junction" v="yes"/>
    <tag k="name" v="新宿西口ロータリー入口"/>
    <tag k="name:en" v="Shinjuku nishiguchi Rotary Ent."/>
    <tag k="name:ko" v="신쥬쿠 서쪽 출구 로터리 임구"/>
  </node>
  <node id="13174672853" lat="35.6907677" lon="139.6982780"/>
  <node id="13174672854" lat="35.6908086" lon="139.6983087"/>
  <node id="13174672855" lat="35.6908379" lon="139.6983529"/>
  <node id="13174672856" lat="35.6908521" lon="139.6984078"/>
  <node id="13174672857" lat="35.6908575" lon="139.6984413"/>
  <node id="13175986384" lat="35.6921747" lon="139.6992922"/>
  <node id="13175986385" lat="35.6922103" lon="139.6993139"/>
  <node id="13175986386" lat="35.6922377" lon="139.6983276"/>
  <node id="13175986387" lat="35.6921507" lon="139.6981458"/>
  <node id="13175986388" lat="35.6922357" lon="139.6982241"/>
  <node id="13175986389" lat="35.6921143" lon="139.6990510"/>
  <node id="13175986390" lat="35.6922642" lon="139.6993263"/>
  <node id="13178967051" lat="35.6909357" lon="139.6983054"/>
  <node id="13178967054" lat="35.6900705" lon="139.6970632"/>
  <node id="13178967055" lat="35.6900501" lon="139.6969318"/>
  <node id="13178967056" lat="35.6900758" lon="139.6971651"/>
  <node id="13178967057" lat="35.6900687" lon="139.6972800"/>
  <node id="13178967058" lat="35.6900751" lon="139.6973298"/>
  <node id="13178967059" lat="35.6900846" lon="139.6974310"/>
  <node id="13178967060" lat="35.6900904" lon="139.6975515"/>
  <node id="13178967061" lat="35.6901011" lon="139.6976158"/>
  <node id="13178967062" lat="35.6901027" lon="139.6976949"/>
  <node id="13178967063" lat="35.6901010" lon="139.6977861"/>
  <node id="13178967064" lat="35.6901121" lon="139.6978880"/>
  <node id="13178967065" lat="35.6901195" lon="139.6979724"/>
  <node id="13178967066" lat="35.6901173" lon="139.6980291"/>
  <node id="13179698733" lat="35.6919053" lon="139.6966768"/>
  <node id="13179698734" lat="35.6924736" lon="139.6967650"/>
  <node id="13179698735" lat="35.6925805" lon="139.6968678"/>
  <node id="13179698736" lat="35.6926007" lon="139.6967728"/>
  <node id="13179698737" lat="35.6929832" lon="139.6969130"/>
  <node id="13179698738" lat="35.6930776" lon="139.6969568">
    <tag k="highway" v="traffic_signals"/>
    <tag k="ref" v="436-25"/>
    <tag k="traffic_signals" v="signal"/>
    <tag k="traffic_signals:direction" v="forward"/>
  </node>
  <node id="13230661889" lat="35.6902178" lon="139.6985459"/>
  <node id="13230661891" lat="35.6929747" lon="139.6970172"/>
  <node id="13230661892" lat="35.6930430" lon="139.6970543"/>
  <node id="13230661893" lat="35.6930885" lon="139.6970917">
    <tag k="junction" v="yes"/>
    <tag k="name" v="新都心歩道橋下"/>
    <tag k="name:en" v="Shintoshin Footbridge"/>
    <tag k="name:ja" v="新都心歩道橋下"/>
  </node>
  <node id="13230661894" lat="35.6931369" lon="139.6972252"/>
  <node id="13230661897" lat="35.6933363" lon="139.6966507"/>
  <node id="13230661898" lat="35.6932659" lon="139.6971396"/>
  <node id="13285124580" lat="35.6964174" lon="139.7002850">
    <tag k="highway" v="traffic_signals"/>
    <tag k="ref" v="436-69"/>
    <tag k="traffic_signals" v="signal"/>
  </node>
  <node id="13285124581" lat="35.6962880" lon="139.7004323">
    <tag k="highway" v="traffic_signals"/>
    <tag k="note" v="大型貨物は左折のみ"/>
    <tag k="ref" v="436-69"/>
    <tag k="traffic_signals" v="signal"/>
  </node>
  <node id="13367803360" lat="35.6905224" lon="139.7039071"/>
  <node id="13420582953" lat="35.6832174" lon="139.7035022"/>
  <node id="13472577532" lat="35.6858227" lon="139.6928791">
    <tag k="direction" v="forward"/>
    <tag k="highway" v="stop"/>
  </node>
  <node id="13524144460" lat="35.6898308" lon="139.7111540"/>
  <node id="13524144462" lat="35.6898570" lon="139.7111599"/>
  <node id="13524144469" lat="35.6901443" lon="139.7106884"/>
  <node id="13524144470" lat="35.6900722" lon="139.7112083">
    <tag k="highway" v="crossing"/>
  </node>
  <node id="13524144476" lat="35.6901016" lon="139.7113043">
    <tag k="highway" v="crossing"/>
  </node>
  <node id="13524144477" lat="35.6901263" lon="139.7111320"/>
  <node id="13533074128" lat="35.6922518" lon="139.7144812"/>
  <node id="13533074129" lat="35.6920285" lon="139.7144853"/>
  <node id="13533679550" lat="35.6942249" lon="139.7137409"/>
  <node id="13533679558" lat="35.6937696" lon="139.7136310"/>
  <node id="13533679559" lat="35.6939967" lon="139.7136913"/>
  <node id="13533679560" lat="35.6946360" lon="139.7104016"/>
  <node id="13584470514" lat="35.6981011" lon="139.6991964">
    <tag k="note" v="信号停止位置まで96m"/>
    <tag k="traffic_sign" v="JP:208-2"/>
    <tag k="traffic_sign:direction" v="forward"/>
  </node>
  <node id="13584470515" lat="35.6981755" lon="139.7003084"/>
  <node id="13584470516" lat="35.6980376" lon="139.7006392">
    <tag k="highway" v="traffic_signals"/>
    <tag k="traffic_signals" v="signal"/>
    <tag k="traffic_signals:direction" v="forward"/>
  </node>
  <node id="13741689677" lat="35.6909460" lon="139.7072097"/>
  <node id="13741689678" lat="35.6909387" lon="139.7072363">
    <tag k="crossing" v="traffic_signals"/>
    <tag k="crossing:markings" v="zebra"/>
    <tag k="highway" v="crossing"/>
  </node>
  <node id="13741710917" lat="35.6908081" lon="139.7069522"/>
  <node id="13741710920" lat="35.6907459" lon="139.7070777"/>
  <node id="13741710921" lat="35.6907686" lon="139.7069419"/>
  <node id="13741732722" lat="35.6947683" lon="139.7019049">
    <tag k="highway" v="stop"/>
  </node>
  <node id="13741732729" lat="35.6948757" lon="139.7018425"/>
  <node id="13741741975" lat="35.6925653" lon="139.7056106"/>
  <node id="13741741976" lat="35.6925874" lon="139.7055275"/>
  <node id="13741741977" lat="35.6924302" lon="139.7055566"/>
  <node id="13741741980" lat="35.6924517" lon="139.7054734"/>
  <node id="13741767224" lat="35.6934733" lon="139.7015815"/>
  <node id="13741767228" lat="35.6937057" lon="139.7015205"/>
  <node id="13741767230" lat="35.6938537" lon="139.7010282"/>
  <node id="13741767237" lat="35.6938107" lon="139.7010120"/>
  <node id="13741767238" lat="35.6938305" lon="139.7010194">
    <tag k="crossing:markings" v="yes"/>
    <tag k="crossing:signals" v="no"/>
    <tag k="highway" v="crossing"/>
    <tag k="tactile_paving" v="yes"/>
  </node>
  <node id="13741767239" lat="35.6937353" lon="139.7015307"/>
  <node id="13799877943" lat="35.6904929" lon="139.6982857"/>
  <node id="13799877944" lat="35.6905190" lon="139.6987124"/>
  <node id="13799877945" lat="35.6928468" lon="139.7004165"/>
  <node id="13799877946" lat="35.6935426" lon="139.7002761"/>
  <node id="13799877947" lat="35.6933387" lon="139.7002919"/>
  <node id="13799877948" lat="35.6934359" lon="139.7003143"/>
  <node id="13799877949" lat="35.6933601" lon="139.7002792"/>
  <node id="13799877950" lat="35.6933748" lon="139.7002599"/>
  <node id="13799877951" lat="35.6933873" lon="139.7002291"/>
  <node id="13799877952" lat="35.6934309" lon="139.7002281"/>
  <node id="13799877953" lat="35.6934620" lon="139.7002826"/>
  <node id="13799877954" lat="35.6936163" lon="139.7004400"/>
  <node id="13799877955" lat="35.6936698" lon="139.7004781"/>
  <node id="13799877956" lat="35.6937137" lon="139.7005156"/>
  <node id="13799877957" lat="35.6935889" lon="139.7003481"/>
  <node id="13799877958" lat="35.6935707" lon="139.7003852"/>
  <node id="13799877959" lat="35.6933898" lon="139.7002970"/>
  <node id="13799877960" lat="35.6933914" lon="139.7003631"/>
  <node id="13799877961" lat="35.6934893" lon="139.7003804"/>
  <node id="13799877962" lat="35.6934924" lon="139.7003548"/>
  <node id="13799877963" lat="35.6934989" lon="139.7003373"/>
  <node id="13799877964" lat="35.6927092" lon="139.6991402">
    <tag k="crossing" v="traffic_signals"/>
    <tag k="highway" v="crossing"/>
  </node>
  <node id="13799877967" lat="35.6926343" lon="139.6992777">
    <tag k="crossing" v="traffic_signals"/>
    <tag k="highway" v="crossing"/>
  </node>
  <node id="13799877972" lat="35.6927594" lon="139.6992590">
    <tag k="crossing" v="traffic_signals"/>
    <tag k="highway" v="crossing"/>
  </node>
  <node id="13799877973" lat="35.6927038" lon="139.6992678"/>
  <node id="13799877974" lat="35.6926839" lon="139.6992977"/>
  <node id="13799877977" lat="35.6926953" lon="139.6992689"/>
  <node id="13799877978" lat="35.6926907" lon="139.6992568"/>
  <node id="13819648489" lat="35.6868321" lon="139.6948321">
    <tag k="highway" v="traffic_signals"/>
    <tag k="name" v="西新宿"/>
    <tag k="name:en" v="Nishi-Shinjuku"/>
    <tag k="name:ja" v="西新宿"/>
    <tag k="traffic_signals" v="signal"/>
  </node>
  <node id="13819648490" lat="35.6867910" lon="139.6944415">
    <tag k="highway" v="traffic_signals"/>
    <tag k="name" v="西新宿"/>
    <tag k="name:en" v="Nishi-Shinjuku"/>
    <tag k="name:ja" v="西新宿"/>
    <tag k="traffic_signals" v="signal"/>
  </node>
  <node id="13819648491" lat="35.6871062" lon="139.6945945">
    <tag k="highway" v="traffic_signals"/>
    <tag k="name" v="西新宿"/>
    <tag k="name:en" v="Nishi-Shinjuku"/>
    <tag k="name:ja" v="西新宿"/>
    <tag k="traffic_signals" v="signal"/>
  </node>
  <way id="18570435">
    <nd ref="472360174"/>
    <nd ref="10605511489"/>
    <nd ref="1189983680"/>
    <nd ref="191504250"/>
    <tag k="foot" v="no"/>
    <tag k="highway" v="primary"/>
    <tag k="lanes" v="4"/>
    <tag k="maxspeed" v="60"/>
    <tag k="name" v="青梅街道"/>
    <tag k="name:en" v="Ōme Kaidō"/>
    <tag k="name:es" v="Ōme Kaidō"/>
    <tag k="name:fr" v="Ōme Kaidō"/>
    <tag k="name:ja" v="青梅街道"/>
    <tag k="name:ja-Hira" v="おうめかいどう"/>
    <tag k="name:ja-Latn" v="Ōme-kaidō"/>
    <tag k="name:ko" v="오우메 가이도"/>
    <tag k="name:zh" v="青梅街道"/>
    <tag k="oneway" v="yes"/>
    <tag k="ref" v="4;5"/>
    <tag k="source" v="survey, bing"/>
    <tag k="surface" v="asphalt"/>
    <tag k="turn:lanes" v="left;through|through|through|slight_right"/>
    <tag k="wikidata" v="Q10565968"/>
  </way>
  <way id="19020758">
    <nd ref="191500702"/>
    <nd ref="5500147176"/>
    <nd ref="6282956278"/>
    <nd ref="472359994"/>
    <nd ref="472359993"/>
    <nd ref="10605608266"/>
    <nd ref="6282956274"/>
    <nd ref="304610049"/>
    <tag k="foot" v="no"/>
    <tag k="highway" v="trunk"/>
    <tag k="lanes" v="3"/>
    <tag k="name" v="甲州街道"/>
    <tag k="name:en" v="Kōshū Kaidō"/>
    <tag k="name:es" v="Kōshū Kaidō"/>
    <tag k="name:etymology:wikidata" v="Q248723"/>
    <tag k="name:fr" v="Kōshū Kaidō"/>
    <tag k="name:ja" v="甲州街道"/>
    <tag k="name:ja-Hira" v="こうしゅうかいどう"/>
    <tag k="name:ja-Latn" v="Kōshū-kaidō"/>
    <tag k="name:ko" v="고슈 가이도"/>
    <tag k="name:zh" v="甲州街道"/>
    <tag k="nat_name" v="国道20号"/>
    <tag k="nat_name:en" v="National Highway Route 20"/>
    <tag k="oneway" v="yes"/>
    <tag k="ref" v="20"/>
    <tag k="source" v="Bing 2010"/>
    <tag k="surface" v="asphalt"/>
    <tag k="wikidata" v="Q430608"/>
  </way>
  <way id="24053389">
    <nd ref="260905633"/>
    <nd ref="2091191715"/>
    <nd ref="1681472657"/>
    <nd ref="260905634"/>
    <nd ref="1681472672"/>
    <nd ref="260905749"/>
    <nd ref="260905748"/>
    <nd ref="260905745"/>
    <nd ref="260905744"/>
    <nd ref="472447056"/>
    <nd ref="260905739"/>
    <tag k="bicycle" v="no"/>
    <tag k="foot" v="no"/>
    <tag k="highway" v="trunk"/>
    <tag k="horse" v="no"/>
    <tag k="lanes" v="2"/>
    <tag k="layer" v="-1"/>
    <tag k="maxspeed" v="60"/>
    <tag k="name" v="甲州街道"/>
    <tag k="name:en" v="Koshu-kaido Avenue"/>
    <tag k="name:es" v="Koshu Kaido"/>
    <tag k="name:fr" v="Kōshū Kaidō"/>
    <tag k="name:ja" v="甲州街道"/>
    <tag k="name:ja-Hira" v="こうしゅうかいどう"/>
    <tag k="name:ja-Latn" v="Kōshū Kaidō"/>
    <tag k="name:ko" v="고슈 가이도"/>
    <tag k="name:zh" v="甲州街道"/>
    <tag k="nat_name" v="国道20号"/>
    <tag k="nat_name:en" v="National Highway Route 20"/>
    <tag k="nat_name:fr" v="Route nationale 20"/>
    <tag k="nat_name:ja-Hira" v="こくどう にじゅう ごう"/>
    <tag k="nat_name:ja-Latn" v="Kokudō 20-gō"/>
    <tag k="oneway" v="yes"/>
    <tag k="ref" v="20"/>
    <tag k="source" v="Bing 2010"/>
    <tag k="start_date" v="1991-12-21"/>
    <tag k="surface" v="paved"/>
    <tag k="tunnel" v="yes"/>
    <tag k="tunnel:name" v="新宿御苑トンネル"/>
    <tag k="tunnel:name:fr" v="Tunnel du Jardin impérial de Shinjuku"/>
    <tag k="tunnel:name:ja-Hira" v="しんじゅく ぎょえん トンネル"/>
    <tag k="tunnel:name:ja-Latn" v="Shinjuku-goen ton'neru"/>
    <tag k="tunnel:wikidata" v="Q11501843"/>
    <tag k="wikidata" v="Q1156682"/>
  </way>
  <way id="26956962">
    <nd ref="6334972112"/>
    <nd ref="317859831"/>
    <nd ref="317859852"/>
    <nd ref="8286012468"/>
    <nd ref="317859834"/>
    <tag k="bicycle" v="no"/>
    <tag k="bridge" v="yes"/>
    <tag k="foot" v="no"/>
    <tag k="hgv:conditional" v="no @ (Sa 22:00-24:00; Su 00:00-07:00)"/>
    <tag k="highway" v="motorway_link"/>
    <tag k="lanes" v="1"/>
    <tag k="layer" v="2"/>
    <tag k="maxspeed" v="40"/>
    <tag k="motorcar" v="designated"/>
    <tag k="motorcycle" v="designated"/>
    <tag k="oneway" v="yes"/>
    <tag k="smoothness" v="excellent"/>
    <tag k="source" v="Bing 2012"/>
    <tag k="surface" v="paved"/>
    <tag k="toll" v="yes"/>
  </way>
  <way id="26956963">
    <nd ref="295393493"/>
    <nd ref="8303217765"/>
    <nd ref="8303217764"/>
    <nd ref="295393490"/>
    <tag k="bicycle" v="no"/>
    <tag k="bridge" v="yes"/>
    <tag k="foot" v="no"/>
    <tag k="highway" v="motorway_link"/>
    <tag k="lanes" v="1"/>
    <tag k="layer" v="3"/>
    <tag k="motorcar" v="designated"/>
    <tag k="motorcycle" v="designated"/>
    <tag k="oneway" v="yes"/>
    <tag k="smoothness" v="excellent"/>
    <tag k="source" v="Bing 2012"/>
    <tag k="surface" v="paved"/>
    <tag k="toll" v="yes"/>
  </way>
  <way id="26957827">
    <nd ref="260905739"/>
    <nd ref="1681472878"/>
    <nd ref="8303217748"/>
    <nd ref="1681472894"/>
    <nd ref="295403294"/>
    <nd ref="8303217746"/>
    <nd ref="1681472921"/>
    <nd ref="8303217745"/>
    <nd ref="473173559"/>
    <tag k="bicycle" v="no"/>
    <tag k="foot" v="no"/>
    <tag k="highway" v="trunk"/>
    <tag k="horse" v="no"/>
    <tag k="lanes" v="2"/>
    <tag k="name" v="甲州街道"/>
    <tag k="name:en" v="Koshu-kaido Avenue"/>
    <tag k="name:es" v="Koshu Kaido"/>
    <tag k="name:fr" v="Kōshū Kaidō"/>
    <tag k="name:ja" v="甲州街道"/>
    <tag k="name:ja-Hira" v="こうしゅうかいどう"/>
    <tag k="name:ja-Latn" v="Kōshū Kaidō"/>
    <tag k="name:ko" v="고슈 가이도"/>
    <tag k="name:zh" v="甲州街道"/>
    <tag k="nat_name" v="国道20号"/>
    <tag k="nat_name:en" v="National Highway Route 20"/>
    <tag k="oneway" v="yes"/>
    <tag k="ref" v="20"/>
    <tag k="source" v="Bing 2010"/>
    <tag k="surface" v="paved"/>
    <tag k="wikidata" v="Q1156682"/>
  </way>
  <way id="26958229">
    <nd ref="1664033666"/>
    <nd ref="295406737"/>
    <nd ref="4717670577"/>
    <nd ref="10605462455"/>
    <nd ref="4717672192"/>
    <nd ref="4717672239"/>
    <nd ref="4717672245"/>
    <nd ref="4717670517"/>
    <nd ref="472447076"/>
    <tag k="access" v="yes"/>
    <tag k="highway" v="secondary"/>
    <tag k="lanes" v="2"/>
    <tag k="lit" v="yes"/>
    <tag k="maxspeed" v="50"/>
    <tag k="name" v="外苑西通り"/>
    <tag k="name:en" v="Gaien Nishi Dori"/>
    <tag k="name:es" v="Calle Gaien Nishi"/>
    <tag k="name:fr" v="Rue Gaien-Nishi"/>
    <tag k="name:ja" v="外苑西通り"/>
    <tag k="name:ja-Hira" v="がいえん にしどおり"/>
    <tag k="name:ja-Latn" v="Gaien Nishi dōri"/>
    <tag k="name:ko" v="가이엔 니시도리"/>
    <tag k="name:pt" v="Rua Gaien Nishi"/>
    <tag k="nickname" v="プラチナ通り"/>
    <tag k="nickname:fr" v="Rue Platinium"/>
    <tag k="nickname:ja-Latn" v="Purachina-dori"/>
    <tag k="ref" v="418;430"/>
    <tag k="source" v="Bing 2010"/>
    <tag k="surface" v="paved"/>
    <tag k="wikidata" v="Q111948630"/>
  </way>
  <way id="26959128">
    <nd ref="295416423"/>
    <nd ref="1813863739"/>
    <tag k="highway" v="secondary"/>
    <tag k="lanes" v="3"/>
    <tag k="maxspeed" v="50"/>
    <tag k="name" v="東通り"/>
    <tag k="name:en" v="Higashi-dori Ave."/>
    <tag k="name:es" v="Avenida Higashi-dori"/>
    <tag k="name:ja" v="東通り"/>
    <tag k="oneway" v="yes"/>
    <tag k="ref" v="副9"/>
    <tag k="source" v="Bing 2012"/>
    <tag k="surface" v="paved"/>
  </way>
  <way id="26959131">
    <nd ref="1813863764"/>
    <nd ref="1813863769"/>
    <tag k="highway" v="secondary"/>
    <tag k="lanes" v="2"/>
    <tag k="maxspeed" v="50"/>
    <tag k="name" v="議事堂通り"/>
    <tag k="name:en" v="Gijido-dori Avenue"/>
    <tag k="name:es" v="Avenida Gijido-dori"/>
    <tag k="name:ja" v="議事堂通り"/>
    <tag k="oneway" v="yes"/>
    <tag k="ref" v="副10"/>
    <tag k="surface" v="asphalt"/>
  </way>
  <way id="26959777">
    <nd ref="1973313102"/>
    <nd ref="295422724"/>
    <nd ref="317859887"/>
    <nd ref="2298275316"/>
    <nd ref="295422739"/>
    <nd ref="13083831516"/>
    <nd ref="8244884443"/>
    <nd ref="1626142055"/>
    <nd ref="295422733"/>
    <nd ref="295405291"/>
    <tag k="highway" v="secondary"/>
    <tag k="lanes" v="2"/>
    <tag k="name" v="公園通り"/>
    <tag k="name:en" v="Koen-dori Pkwy."/>
    <tag k="name:ja" v="公園通り"/>
    <tag k="oneway" v="yes"/>
    <tag k="ref" v="副12"/>
    <tag k="surface" v="asphalt"/>
  </way>
  <way id="26959781">
    <nd ref="295422739"/>
    <nd ref="8286012479"/>
    <nd ref="6970297616"/>
    <nd ref="8286012478"/>
    <nd ref="8286012480"/>
    <nd ref="295422743"/>
    <tag k="highway" v="secondary_link"/>
    <tag k="lane_markings" v="no"/>
    <tag k="oneway" v="yes"/>
    <tag k="surface" v="asphalt"/>
  </way>
  <way id="26959785">
    <nd ref="295422479"/>
    <nd ref="5498585122"/>
    <nd ref="295422996"/>
    <nd ref="295422511"/>
    <nd ref="5498585129"/>
    <nd ref="1701041429"/>
    <tag k="highway" v="secondary"/>
    <tag k="lanes" v="3"/>
    <tag k="name" v="公園通り"/>
    <tag k="name:en" v="Koen-dori Pkwy."/>
    <tag k="name:ja" v="公園通り"/>
    <tag k="oneway" v="yes"/>
    <tag k="ref" v="副12"/>
    <tag k="surface" v="asphalt"/>
  </way>
  <way id="26959788">
    <nd ref="295422757"/>
    <nd ref="2465137743"/>
    <tag k="foot" v="no"/>
    <tag k="highway" v="secondary"/>
    <tag k="lanes" v="2"/>
    <tag k="layer" v="-1"/>
    <tag k="maxspeed" v="50"/>
    <tag k="name" v="中央通り"/>
    <tag k="name:en" v="Chuo-dori Avenue"/>
    <tag k="oneway" v="yes"/>
    <tag k="ref" v="3504"/>
    <tag k="surface" v="asphalt"/>
    <tag k="tunnel" v="yes"/>
  </way>
  <way id="26959791">
    <nd ref="1543871753"/>
    <nd ref="5500147159"/>
    <nd ref="2253637556"/>
    <nd ref="1543871752"/>
    <tag k="highway" v="secondary"/>
    <tag k="lanes" v="2"/>
    <tag k="lit" v="yes"/>
    <tag k="name" v="ふれあい通り"/>
    <tag k="name:en" v="Fureai-dori Avenue"/>
    <tag k="name:es" v="Calle Fureai"/>
    <tag k="name:ja" v="ふれあい通り"/>
    <tag k="oneway" v="yes"/>
    <tag k="ref" v="副3"/>
    <tag k="smoothness" v="excellent"/>
    <tag k="source" v="Bing 2012"/>
    <tag k="surface" v="asphalt"/>
  </way>
  <way id="26960357">
    <nd ref="295429192"/>
    <nd ref="295429211"/>
    <nd ref="295429219"/>
    <nd ref="6495134807"/>
    <nd ref="6495134800"/>
    <nd ref="318826601"/>
    <tag k="access" v="yes"/>
    <tag k="highway" v="trunk_link"/>
    <tag k="lanes" v="2"/>
    <tag k="name" v="甲州街道"/>
    <tag k="name:en" v="Koshu Kaido"/>
    <tag k="name:es" v="Koshu Kaido"/>
    <tag k="name:ja" v="甲州街道"/>
    <tag k="name:ja-Hira" v="こうしゅうかいどう"/>
    <tag k="oneway" v="yes"/>
    <tag k="ref" v="20"/>
    <tag k="source" v="Bing 2010"/>
    <tag k="surface" v="paved"/>
  </way>
  <way id="27085402">
    <nd ref="1094547207"/>
    <nd ref="8908542830"/>
    <nd ref="6362102132"/>
    <nd ref="297164254"/>
    <nd ref="2039169335"/>
    <nd ref="2039169329"/>
    <nd ref="10270885590"/>
    <nd ref="472360495"/>
    <nd ref="472360493"/>
    <nd ref="2039169322"/>
    <nd ref="8176415465"/>
    <nd ref="472360491"/>
    <nd ref="472382646"/>
    <nd ref="472382644"/>
    <nd ref="472360503"/>
    <nd ref="10270885586"/>
    <nd ref="472360502"/>
    <nd ref="472360512"/>
    <nd ref="472382637"/>
    <nd ref="2401069475"/>
    <nd ref="472360347"/>
    <nd ref="472360112"/>
    <nd ref="2401069452"/>
    <nd ref="297164257"/>
    <nd ref="472360571"/>
    <nd ref="10694280848"/>
    <nd ref="297164258"/>
    <nd ref="472360204"/>
    <nd ref="6237227439"/>
    <nd ref="472360227"/>
    <nd ref="472360206"/>
    <nd ref="472360160"/>
    <nd ref="6237227425"/>
    <nd ref="472360165"/>
    <nd ref="6237227428"/>
    <nd ref="472360172"/>
    <tag k="highway" v="tertiary"/>
    <tag k="lanes" v="2"/>
    <tag k="lit" v="yes"/>
    <tag k="maxspeed" v="40"/>
    <tag k="name" v="小滝橋通り"/>
    <tag k="name:en" v="Otakibashi-dori Avenue"/>
    <tag k="name:es" v="Calle Otakibashi"/>
    <tag k="name:ja" v="小滝橋通り"/>
    <tag k="name:ko" v="오타키바시로"/>
    <tag k="name:zh" v="小泷桥大街"/>
    <tag k="source" v="survey;bing"/>
    <tag k="surface" v="asphalt"/>
  </way>
  <way id="28916826">
    <nd ref="317859834"/>
    <nd ref="1973313128"/>
    <nd ref="1973313122"/>
    <nd ref="1973313125"/>
    <nd ref="317859837"/>
    <nd ref="8286012469"/>
    <nd ref="317859840"/>
    <nd ref="317859856"/>
    <nd ref="317859843"/>
    <nd ref="8286012470"/>
    <nd ref="317859846"/>
    <nd ref="295422490"/>
    <tag k="bicycle" v="no"/>
    <tag k="bridge" v="yes"/>
    <tag k="foot" v="no"/>
    <tag k="hgv:conditional" v="no @ (Sa 22:00-24:00; Su 00:00-07:00)"/>
    <tag k="highway" v="motorway_link"/>
    <tag k="lanes" v="2"/>
    <tag k="layer" v="2"/>
    <tag k="maxspeed" v="40"/>
    <tag k="motorcar" v="designated"/>
    <tag k="motorcycle" v="designated"/>
    <tag k="oneway" v="yes"/>
    <tag k="smoothness" v="excellent"/>
    <tag k="source" v="Bing 2012"/>
    <tag k="surface" v="paved"/>
    <tag k="toll" v="yes"/>
  </way>
  <way id="28916831">
    <nd ref="2389062089"/>
    <nd ref="2449182773"/>
    <nd ref="6969906797"/>
    <nd ref="2449182776"/>
    <nd ref="2449182779"/>
    <nd ref="2503429945"/>
    <nd ref="295422762"/>
    <tag k="highway" v="secondary"/>
    <tag k="lanes" v="2"/>
    <tag k="maxspeed" v="50"/>
    <tag k="name" v="中央通り"/>
    <tag k="name:en" v="Chuo-dori Avenue"/>
    <tag k="name:es" v="Avenida Chuo-dori"/>
    <tag k="name:ja" v="中央通り"/>
    <tag k="name:ko" v="주오도리"/>
    <tag k="oneway" v="yes"/>
    <tag k="ref" v="副4"/>
    <tag k="source" v="Bing 2012"/>
    <tag k="surface" v="asphalt"/>
  </way>
  <way id="32636352">
    <nd ref="10251046685"/>
    <nd ref="10273580591"/>
    <nd ref="472446994"/>
    <nd ref="2393558997"/>
    <nd ref="4717672408"/>
    <nd ref="10273792637"/>
    <nd ref="10273792639"/>
    <nd ref="2264064226"/>
    <nd ref="10605479604"/>
    <nd ref="2393558962"/>
    <nd ref="1805702538"/>
    <tag k="admin_level" v="6"/>
    <tag k="cycleway:left" v="shared_lane"/>
    <tag k="cycleway:left:lane" v="pictogram"/>
    <tag k="highway" v="primary"/>
    <tag k="lanes" v="4"/>
    <tag k="lit" v="yes"/>
    <tag k="maxspeed" v="40"/>
    <tag k="name" v="御苑通り"/>
    <tag k="oneway" v="yes"/>
    <tag k="ref" v="305"/>
    <tag k="sidewalk" v="both"/>
    <tag k="source" v="Bing 2010"/>
    <tag k="surface" v="asphalt"/>
  </way>
  <way id="36990037">
    <nd ref="430168808"/>
    <nd ref="317859863"/>
    <nd ref="8286012477"/>
    <nd ref="317859867"/>
    <nd ref="8286012476"/>
    <nd ref="8286012475"/>
    <nd ref="317859872"/>
    <nd ref="317859876"/>
    <nd ref="8286012474"/>
    <nd ref="1973313124"/>
    <nd ref="317859879"/>
    <nd ref="8286012473"/>
    <nd ref="8286012472"/>
    <nd ref="317859883"/>
    <nd ref="1973313099"/>
    <nd ref="1973313118"/>
    <nd ref="1973313119"/>
    <nd ref="1973313103"/>
    <nd ref="1973313108"/>
    <nd ref="1973313107"/>
    <nd ref="8286012471"/>
    <nd ref="295393493"/>
    <tag k="bicycle" v="no"/>
    <tag k="bridge" v="yes"/>
    <tag k="foot" v="no"/>
    <tag k="highway" v="motorway_link"/>
    <tag k="lanes" v="2"/>
    <tag k="layer" v="4"/>
    <tag k="motorcar" v="designated"/>
    <tag k="motorcycle" v="designated"/>
    <tag k="oneway" v="yes"/>
    <tag k="smoothness" v="excellent"/>
    <tag k="source" v="Bing 2012"/>
    <tag k="surface" v="paved"/>
    <tag k="toll" v="yes"/>
  </way>
  <way id="36990038">
    <nd ref="295422490"/>
    <nd ref="295422479"/>
    <tag k="bicycle" v="no"/>
    <tag k="foot" v="no"/>
    <tag k="hgv:conditional" v="no @ (Sa 22:00-24:00; Su 00:00-07:00)"/>
    <tag k="highway" v="motorway_link"/>
    <tag k="lanes" v="2"/>
    <tag k="motorcar" v="designated"/>
    <tag k="motorcycle" v="designated"/>
    <tag k="oneway" v="yes"/>
    <tag k="smoothness" v="excellent"/>
    <tag k="source" v="Bing 2012"/>
    <tag k="surface" v="paved"/>
    <tag k="toll" v="yes"/>
  </way>
  <way id="36990137">
    <nd ref="5500579961"/>
    <nd ref="5500579920"/>
    <nd ref="3882642076"/>
    <nd ref="3882642081"/>
    <nd ref="582844285"/>
    <tag k="highway" v="secondary"/>
    <tag k="lanes" v="3"/>
    <tag k="name" v="都庁通り"/>
    <tag k="name:en" v="Tocho-dori Ave."/>
    <tag k="name:es" v="Calle Tocho"/>
    <tag k="name:ja" v="都庁通り"/>
    <tag k="name:ko" v="토쵸도리"/>
    <tag k="oneway" v="yes"/>
    <tag k="ref" v="副11"/>
    <tag k="source" v="Bing 2012"/>
    <tag k="surface" v="asphalt"/>
  </way>
  <way id="39383377">
    <nd ref="295422454"/>
    <nd ref="2238010893"/>
    <nd ref="5498584313"/>
    <nd ref="2327217324"/>
    <nd ref="5610556529"/>
    <nd ref="2199562496"/>
    <nd ref="1111613997"/>
    <tag k="highway" v="tertiary"/>
  </way>
  <way id="39383378">
    <nd ref="295416719"/>
    <nd ref="2503429979"/>
    <nd ref="2503429983"/>
    <nd ref="295416420"/>
    <tag k="highway" v="secondary"/>
    <tag k="lanes" v="2"/>
    <tag k="name" v="北通り"/>
    <tag k="name:en" v="Kita-dori Ave."/>
    <tag k="name:es" v="Avenida Kita-dori"/>
    <tag k="name:ja" v="北通り"/>
    <tag k="oneway" v="yes"/>
    <tag k="ref" v="副5"/>
    <tag k="source" v="Bing 2012"/>
    <tag k="surface" v="paved"/>
  </way>
  <way id="39393303">
    <nd ref="471978681"/>
    <nd ref="2199562418"/>
    <nd ref="1928487281"/>
    <tag k="highway" v="residential"/>
    <tag k="maxspeed" v="30"/>
  </way>
  <way id="39433556">
    <nd ref="472359970"/>
    <nd ref="13178967066"/>
    <nd ref="13178967065"/>
    <nd ref="13178967064"/>
    <nd ref="13178967063"/>
    <nd ref="13178967062"/>
    <nd ref="13178967061"/>
    <nd ref="13178967060"/>
    <nd ref="472359984"/>
    <nd ref="13178967059"/>
    <nd ref="472359995"/>
    <nd ref="13178967058"/>
    <nd ref="13178967057"/>
    <nd ref="13178967056"/>
    <nd ref="13178967054"/>
    <nd ref="472359983"/>
    <nd ref="13178967055"/>
    <nd ref="5500147134"/>
    <nd ref="2633727273"/>
    <nd ref="295416369"/>
    <tag k="highway" v="living_street"/>
    <tag k="name" v="プラザ通り"/>
    <tag k="name:en" v="Plaza Street"/>
    <tag k="oneway" v="yes"/>
    <tag k="surface" v="paving_stones"/>
  </way>
  <way id="39433557">
    <nd ref="472359971"/>
    <nd ref="6281908933"/>
    <nd ref="472359973"/>
    <tag k="highway" v="residential"/>
    <tag k="lane_markings" v="no"/>
    <tag k="name" v="中央通り"/>
    <tag k="name:en" v="Chuo-dori Street"/>
    <tag k="oneway" v="yes"/>
    <tag k="surface" v="asphalt"/>
  </way>
  <way id="39433566">
    <nd ref="472359995"/>
    <nd ref="2633727291"/>
    <nd ref="472359997"/>
    <tag k="highway" v="residential"/>
  </way>
  <way id="39433582">
    <nd ref="1813860230"/>
    <nd ref="2390973854"/>
    <nd ref="472360268"/>
    <nd ref="472360267"/>
    <nd ref="13056190278"/>
    <nd ref="2865894687"/>
    <nd ref="13056190281"/>
    <nd ref="472360255"/>
    <tag k="highway" v="residential"/>
    <tag k="maxspeed" v="30"/>
    <tag k="oneway" v="yes"/>
    <tag k="source" v="Bing 2010"/>
    <tag k="surface" v="paved"/>
  </way>
  <way id="39433587">
    <nd ref="1666084401"/>
    <nd ref="10694243930"/>
    <nd ref="472360481"/>
    <nd ref="472360480"/>
    <nd ref="7865000400"/>
    <nd ref="472360479"/>
    <nd ref="1706684207"/>
    <nd ref="7858611086"/>
    <nd ref="7858611090"/>
    <nd ref="7858611085"/>
    <nd ref="1706684140"/>
    <nd ref="472360526"/>
    <nd ref="472360519"/>
    <nd ref="472360513"/>
    <tag k="highway" v="unclassified"/>
    <tag k="maxspeed" v="30"/>
  </way>
  <way id="39433588">
    <nd ref="472360159"/>
    <nd ref="472360231"/>
    <nd ref="472360158"/>
    <nd ref="472360248"/>
    <nd ref="1666084382"/>
    <nd ref="472360255"/>
    <nd ref="9905815584"/>
    <nd ref="10694243935"/>
    <nd ref="472360484"/>
    <nd ref="1142142924"/>
    <tag k="highway" v="unclassified"/>
    <tag k="oneway" v="yes"/>
  </way>
  <way id="39433589">
    <nd ref="472360158"/>
    <nd ref="472360236"/>
    <nd ref="472360188"/>
    <nd ref="472360240"/>
    <nd ref="472360242"/>
    <nd ref="10074080378"/>
    <nd ref="2390973850"/>
    <tag k="highway" v="residential"/>
    <tag k="maxspeed" v="30"/>
    <tag k="source" v="Bing 2010"/>
    <tag k="surface" v="paved"/>
  </way>
  <way id="39433590">
    <nd ref="472360159"/>
    <nd ref="472360193"/>
    <nd ref="472360191"/>
    <nd ref="472360186"/>
    <nd ref="1666084359"/>
    <nd ref="472360180"/>
    <nd ref="472360238"/>
    <nd ref="472360183"/>
    <nd ref="2390547544"/>
    <nd ref="1813859589"/>
    <tag k="highway" v="residential"/>
    <tag k="lanes" v="1"/>
    <tag k="maxspeed" v="30"/>
    <tag k="sidewalk" v="no"/>
    <tag k="source" v="Bing 2010"/>
    <tag k="surface" v="asphalt"/>
  </way>
  <way id="39433591">
    <nd ref="472360163"/>
    <nd ref="11361306952"/>
    <nd ref="11361306954"/>
    <nd ref="11361306953"/>
    <nd ref="5504064990"/>
    <nd ref="472360161"/>
    <nd ref="472360211"/>
    <nd ref="472360182"/>
    <nd ref="9196935606"/>
    <nd ref="472360179"/>
    <nd ref="472360185"/>
    <nd ref="472360194"/>
    <nd ref="6237227434"/>
    <nd ref="472360160"/>
    <tag k="highway" v="unclassified"/>
    <tag k="maxspeed" v="30"/>
    <tag k="name" v="西新宿歩道橋通り"/>
    <tag k="name:en" v="Nishishinjuku Hodokyo-dori Street"/>
    <tag k="oneway" v="yes"/>
  </way>
  <way id="39433592">
    <nd ref="735990801"/>
    <nd ref="11361306957"/>
    <nd ref="11361306956"/>
    <nd ref="11361306955"/>
    <nd ref="8816430141"/>
    <nd ref="472360196"/>
    <nd ref="1666084355"/>
    <nd ref="472360199"/>
    <nd ref="472360200"/>
    <nd ref="1094453602"/>
    <nd ref="472360202"/>
    <nd ref="1666084371"/>
    <nd ref="1666084379"/>
    <nd ref="1666084398"/>
    <nd ref="4716326310"/>
    <nd ref="1666084450"/>
    <tag k="highway" v="unclassified"/>
    <tag k="lane_markings" v="no"/>
    <tag k="maxspeed" v="30"/>
    <tag k="oneway" v="yes"/>
    <tag k="surface" v="asphalt"/>
  </way>
  <way id="39433593">
    <nd ref="472360172"/>
    <nd ref="6237227449"/>
    <nd ref="1666084347"/>
    <nd ref="11247608624"/>
    <nd ref="472360175"/>
    <nd ref="1582703052"/>
    <nd ref="2394607047"/>
    <nd ref="11361306946"/>
    <nd ref="11361306947"/>
    <nd ref="11361306945"/>
    <nd ref="11361306948"/>
    <nd ref="472360174"/>
    <tag k="destination" v="歌舞伎町"/>
    <tag k="highway" v="unclassified"/>
    <tag k="oneway" v="yes"/>
    <tag k="source" v="Bing 2010"/>
    <tag k="surface" v="paved"/>
  </way>
  <way id="39433594">
    <nd ref="472360175"/>
    <nd ref="472360177"/>
    <nd ref="472360179"/>
    <nd ref="472360223"/>
    <nd ref="472360218"/>
    <nd ref="472360216"/>
    <nd ref="472360180"/>
    <tag k="cycleway:both" v="no"/>
    <tag k="highway" v="unclassified"/>
    <tag k="lane_markings" v="no"/>
    <tag k="surface" v="asphalt"/>
  </way>
  <way id="39433595">
    <nd ref="472360182"/>
    <nd ref="472360214"/>
    <nd ref="472360183"/>
    <tag k="highway" v="residential"/>
  </way>
  <way id="39433596">
    <nd ref="472360166"/>
    <nd ref="472360185"/>
    <nd ref="1709327163"/>
    <nd ref="472360222"/>
    <nd ref="472360220"/>
    <tag k="highway" v="unclassified"/>
  </way>
  <way id="39433598">
    <nd ref="297164258"/>
    <nd ref="6237227441"/>
    <nd ref="472360192"/>
    <nd ref="472360189"/>
    <nd ref="472360220"/>
    <nd ref="472360218"/>
    <tag k="highway" v="residential"/>
    <tag k="oneway" v="yes"/>
  </way>
  <way id="39433600">
    <nd ref="472360206"/>
    <nd ref="6237227436"/>
    <nd ref="472360208"/>
    <nd ref="472360200"/>
    <tag k="highway" v="unclassified"/>
  </way>
  <way id="39433601">
    <nd ref="472360208"/>
    <nd ref="472360209"/>
    <tag k="highway" v="unclassified"/>
  </way>
  <way id="39433605">
    <nd ref="472360227"/>
    <nd ref="6237227443"/>
    <nd ref="1666084367"/>
    <nd ref="472360225"/>
    <nd ref="472360222"/>
    <nd ref="472360223"/>
    <tag k="highway" v="residential"/>
  </way>
  <way id="39433607">
    <nd ref="472360192"/>
    <nd ref="472360193"/>
    <nd ref="472360234"/>
    <nd ref="472360236"/>
    <tag k="highway" v="residential"/>
  </way>
  <way id="39433614">
    <nd ref="472360258"/>
    <nd ref="9905815579"/>
    <nd ref="2865894692"/>
    <nd ref="472360263"/>
    <nd ref="472360326"/>
    <nd ref="2390973865"/>
    <nd ref="1813860490"/>
    <tag k="highway" v="residential"/>
    <tag k="oneway" v="yes"/>
    <tag k="source" v="Bing 2010"/>
    <tag k="surface" v="paved"/>
  </way>
  <way id="39433622">
    <nd ref="472360318"/>
    <nd ref="5583603446"/>
    <nd ref="5583603447"/>
    <nd ref="2391072319"/>
    <nd ref="1813861778"/>
    <tag k="highway" v="residential"/>
    <tag k="source" v="Bing 2010"/>
    <tag k="surface" v="paved"/>
  </way>
  <way id="39433623">
    <nd ref="1813861635"/>
    <nd ref="2394607037"/>
    <nd ref="1813860912"/>
    <nd ref="1813860886"/>
    <nd ref="1813860084"/>
    <nd ref="5496925159"/>
    <nd ref="5496925163"/>
    <nd ref="5496925160"/>
    <nd ref="5496925161"/>
    <nd ref="5496925162"/>
    <nd ref="472360093"/>
    <nd ref="1110269638"/>
    <nd ref="10732911783"/>
    <nd ref="472360091"/>
    <tag k="highway" v="residential"/>
    <tag k="oneway" v="yes"/>
    <tag k="surface" v="paved"/>
  </way>
  <way id="39433634">
    <nd ref="472360347"/>
    <nd ref="2401069463"/>
    <nd ref="9905815586"/>
    <nd ref="9905815587"/>
    <nd ref="1666084456"/>
    <nd ref="472382635"/>
    <nd ref="472382633"/>
    <nd ref="13584470514"/>
    <nd ref="11006985241"/>
    <nd ref="7933069568"/>
    <nd ref="7933069562"/>
    <nd ref="7933069554"/>
    <nd ref="1666084472"/>
    <nd ref="2401069470"/>
    <nd ref="2401069459"/>
    <nd ref="1666084495"/>
    <nd ref="2401069457"/>
    <nd ref="2704049825"/>
    <nd ref="1666084496"/>
    <nd ref="1666084498"/>
    <nd ref="1666084500"/>
    <nd ref="2401069438"/>
    <nd ref="1666084502"/>
    <nd ref="1666084515"/>
    <nd ref="1666084504"/>
    <nd ref="2401069429"/>
    <nd ref="1666084499"/>
    <nd ref="2401069433"/>
    <nd ref="4716326296"/>
    <nd ref="1666084455"/>
    <nd ref="13091841093"/>
    <nd ref="2393573053"/>
    <nd ref="2606035893"/>
    <tag k="cycleway:left" v="shared_lane"/>
    <tag k="cycleway:left:lane" v="pictogram"/>
    <tag k="highway" v="primary"/>
    <tag k="lanes" v="2"/>
    <tag k="maxspeed" v="40"/>
    <tag k="name" v="職安通り"/>
    <tag k="name:en" v="Shokuan Street"/>
    <tag k="name:es" v="Calle Shokuan"/>
    <tag k="name:fr" v="Rue Shokuan"/>
    <tag k="name:ja" v="職安通り"/>
    <tag k="name:ja-Hira" v="しょくあんどおり"/>
    <tag k="name:ja-Latn" v="Shokuan-dōri"/>
    <tag k="name:ko" v="쇼쿠안로"/>
    <tag k="name:zh" v="职安大街"/>
    <tag k="oneway" v="yes"/>
    <tag k="ref" v="302"/>
    <tag k="sidewalk" v="both"/>
    <tag k="surface" v="asphalt"/>
  </way>
  <way id="39433635">
    <nd ref="1666084399"/>
    <nd ref="10694243929"/>
    <nd ref="472360356"/>
    <tag k="highway" v="unclassified"/>
  </way>
  <way id="39433649">
    <nd ref="472360455"/>
    <nd ref="472360412"/>
    <nd ref="2865895523"/>
    <nd ref="472360416"/>
    <nd ref="2039181071"/>
    <nd ref="472360415"/>
    <tag k="highway" v="residential"/>
  </way>
  <way id="39433677">
    <nd ref="472360482"/>
    <nd ref="10694243926"/>
    <nd ref="1666084396"/>
    <tag k="highway" v="residential"/>
  </way>
  <way id="39433686">
    <nd ref="472360485"/>
    <nd ref="472360501"/>
    <nd ref="472360505"/>
    <nd ref="472360506"/>
    <nd ref="6362102898"/>
    <nd ref="472360502"/>
    <tag k="highway" v="residential"/>
    <tag k="oneway" v="yes"/>
  </way>
  <way id="39433687">
    <nd ref="472360503"/>
    <nd ref="6362102897"/>
    <nd ref="472360504"/>
    <nd ref="472360505"/>
    <tag k="highway" v="residential"/>
  </way>
  <way id="39433688">
    <nd ref="472360510"/>
    <nd ref="6362102907"/>
    <nd ref="1666084445"/>
    <tag k="highway" v="residential"/>
  </way>
  <way id="39433689">
    <nd ref="472360508"/>
    <nd ref="472360509"/>
    <nd ref="472360510"/>
    <nd ref="472360511"/>
    <nd ref="6362102899"/>
    <nd ref="472360512"/>
    <tag k="highway" v="residential"/>
  </way>
  <way id="39433693">
    <nd ref="472360518"/>
    <nd ref="10694243916"/>
    <nd ref="472360330"/>
    <tag k="highway" v="residential"/>
  </way>
  <way id="39433695">
    <nd ref="472360521"/>
    <nd ref="13056197855"/>
    <nd ref="7864587039"/>
    <nd ref="472360522"/>
    <nd ref="1706684354"/>
    <nd ref="7864586996"/>
    <nd ref="472360523"/>
    <nd ref="1706684314"/>
    <nd ref="472360524"/>
    <nd ref="472360525"/>
    <nd ref="7858611091"/>
    <nd ref="1706684239"/>
    <nd ref="13056197860"/>
    <nd ref="472360526"/>
    <tag k="highway" v="residential"/>
    <tag k="source" v="Bing"/>
  </way>
  <way id="39433696">
    <nd ref="472360482"/>
    <nd ref="472360479"/>
    <tag k="highway" v="residential"/>
  </way>
  <way id="39433697">
    <nd ref="472360480"/>
    <nd ref="472360529"/>
    <nd ref="7865000398"/>
    <nd ref="7865000397"/>
    <nd ref="1706684673"/>
    <nd ref="472360560"/>
    <nd ref="472360531"/>
    <nd ref="472360563"/>
    <nd ref="1706685203"/>
    <nd ref="1706685470"/>
    <nd ref="472360552"/>
    <nd ref="13056197804"/>
    <nd ref="472360536"/>
    <tag k="highway" v="residential"/>
    <tag k="oneway" v="yes"/>
    <tag k="source" v="Bing"/>
  </way>
  <way id="39433710">
    <nd ref="472360486"/>
    <nd ref="472360567"/>
    <nd ref="472360568"/>
    <nd ref="472360529"/>
    <tag k="highway" v="residential"/>
  </way>
  <way id="39433713">
    <nd ref="472360571"/>
    <nd ref="10694280853"/>
    <nd ref="472360570"/>
    <tag k="highway" v="residential"/>
  </way>
  <way id="39436436">
    <nd ref="472382613"/>
    <nd ref="6237216928"/>
    <nd ref="472382618"/>
    <nd ref="1813859184"/>
    <nd ref="2394607062"/>
    <nd ref="11869113783"/>
    <nd ref="11869113784"/>
    <nd ref="11869113785"/>
    <nd ref="1813859265"/>
    <tag k="highway" v="residential"/>
    <tag k="oneway" v="yes"/>
    <tag k="surface" v="paved"/>
  </way>
  <way id="39436437">
    <nd ref="1189983697"/>
    <nd ref="1189983795"/>
    <nd ref="2197384239"/>
    <nd ref="13799877974"/>
    <nd ref="472382614"/>
    <tag k="highway" v="residential"/>
    <tag k="lane_markings" v="no"/>
    <tag k="noname" v="yes"/>
    <tag k="source" v="Bing"/>
    <tag k="surface" v="paving_stones"/>
  </way>
  <way id="39436439">
    <nd ref="472382617"/>
    <nd ref="6237216930"/>
    <nd ref="472382618"/>
    <nd ref="2394607040"/>
    <nd ref="1582703044"/>
    <tag k="highway" v="residential"/>
    <tag k="source" v="Bing 2010"/>
    <tag k="surface" v="paved"/>
  </way>
  <way id="39436441">
    <nd ref="1666084473"/>
    <nd ref="4716326355"/>
    <nd ref="1666084516"/>
    <nd ref="1666084522"/>
    <nd ref="472382632"/>
    <nd ref="1666084530"/>
    <nd ref="472382631"/>
    <nd ref="472382629"/>
    <nd ref="1142124450"/>
    <nd ref="472382641"/>
    <nd ref="472382628"/>
    <nd ref="472382627"/>
    <nd ref="1676538664"/>
    <nd ref="472382626"/>
    <nd ref="2039169353"/>
    <nd ref="13056197863"/>
    <nd ref="4716623749"/>
    <nd ref="472382625"/>
    <tag k="cycleway:left" v="no"/>
    <tag k="highway" v="unclassified"/>
    <tag k="lane_markings" v="no"/>
    <tag k="oneway" v="yes"/>
    <tag k="surface" v="asphalt"/>
  </way>
  <way id="39436444">
    <nd ref="472360570"/>
    <nd ref="4716325380"/>
    <nd ref="1142124381"/>
    <nd ref="472382635"/>
    <nd ref="4716326357"/>
    <nd ref="1666084493"/>
    <nd ref="1666084517"/>
    <nd ref="1666084526"/>
    <nd ref="472382631"/>
    <tag k="highway" v="residential"/>
    <tag k="oneway" v="yes"/>
  </way>
  <way id="39436445">
    <nd ref="472382637"/>
    <nd ref="4716326358"/>
    <nd ref="1676538644"/>
    <nd ref="1666084540"/>
    <nd ref="1676538648"/>
    <nd ref="472382629"/>
    <tag k="highway" v="unclassified"/>
    <tag k="oneway" v="yes"/>
  </way>
  <way id="39436446">
    <nd ref="472382628"/>
    <nd ref="1666084545"/>
    <nd ref="472382639"/>
    <nd ref="1676538645"/>
    <nd ref="4716326359"/>
    <nd ref="472360502"/>
    <tag k="highway" v="unclassified"/>
    <tag k="surface" v="asphalt"/>
  </way>
  <way id="39436451">
    <nd ref="472382653"/>
    <nd ref="2253637566"/>
    <nd ref="472382654"/>
    <nd ref="5500147160"/>
    <nd ref="295416366"/>
    <tag k="highway" v="secondary"/>
    <tag k="lanes" v="2"/>
    <tag k="lit" v="yes"/>
    <tag k="name" v="ふれあい通り"/>
    <tag k="name:en" v="Fureai-dori Avenue"/>
    <tag k="name:es" v="Calle Fureai"/>
    <tag k="name:ja" v="ふれあい通り"/>
    <tag k="oneway" v="yes"/>
    <tag k="ref" v="副3"/>
    <tag k="smoothness" v="excellent"/>
    <tag k="source" v="Bing 2012"/>
    <tag k="surface" v="asphalt"/>
  </way>
  <way id="39436452">
    <nd ref="472382654"/>
    <nd ref="5500147133"/>
    <nd ref="5500147131"/>
    <nd ref="472382655"/>
    <tag k="highway" v="residential"/>
    <tag k="oneway" v="yes"/>
  </way>
  <way id="39436461">
    <nd ref="8908963086"/>
    <nd ref="7933069540"/>
    <nd ref="7933069538"/>
    <nd ref="7933069539"/>
    <nd ref="2087226082"/>
    <nd ref="1094547056"/>
    <nd ref="1666084541"/>
    <nd ref="8409099577"/>
    <nd ref="8409099578"/>
    <nd ref="1094547343"/>
    <nd ref="7933069545"/>
    <nd ref="7933069550"/>
    <nd ref="7933069544"/>
    <nd ref="4716623733"/>
    <nd ref="11006985242"/>
    <nd ref="7933069569"/>
    <nd ref="7933069568"/>
    <nd ref="7933069567"/>
    <tag k="cycleway:both" v="lane"/>
    <tag k="foot" v="no"/>
    <tag k="highway" v="tertiary"/>
    <tag k="name" v="都市計画道路補助第72号線(つつじ通り)"/>
    <tag k="source" v="survey"/>
    <tag k="surface" v="asphalt"/>
  </way>
  <way id="39436463">
    <nd ref="1666084472"/>
    <nd ref="4716326341"/>
    <nd ref="472382691"/>
    <nd ref="472382686"/>
    <tag k="highway" v="residential"/>
    <tag k="oneway" v="yes"/>
    <tag k="surface" v="paved"/>
  </way>
  <way id="39436474">
    <nd ref="1094607075"/>
    <nd ref="4716623761"/>
    <nd ref="472382723"/>
    <nd ref="472382721"/>
    <nd ref="2704049832"/>
    <nd ref="1666084500"/>
    <tag k="highway" v="residential"/>
    <tag k="maxspeed" v="20"/>
    <tag k="oneway" v="yes"/>
    <tag k="sidewalk" v="no"/>
    <tag k="source" v="Bing 2010"/>
    <tag k="surface" v="asphalt"/>
  </way>
  <way id="39436492">
    <nd ref="472382760"/>
    <nd ref="472382761"/>
    <tag k="highway" v="residential"/>
    <tag k="surface" v="asphalt"/>
  </way>
  <way id="39436497">
    <nd ref="472382773"/>
    <nd ref="472382775"/>
    <nd ref="2704049836"/>
    <nd ref="1666084515"/>
    <tag k="highway" v="residential"/>
  </way>
  <way id="39436499">
    <nd ref="472360349"/>
    <nd ref="2401069477"/>
    <nd ref="472382871"/>
    <nd ref="472382777"/>
    <nd ref="472382892"/>
    <nd ref="472382780"/>
    <tag k="highway" v="residential"/>
    <tag k="maxspeed" v="30"/>
    <tag k="maxspeed:type" v="sign"/>
    <tag k="source" v="Bing"/>
    <tag k="surface" v="paved"/>
  </way>
  <way id="39436500">
    <nd ref="472382779"/>
    <nd ref="472382885"/>
    <nd ref="472382780"/>
    <tag k="highway" v="residential"/>
    <tag k="surface" v="asphalt"/>
  </way>
  <way id="39436501">
    <nd ref="472382782"/>
    <nd ref="7947374190"/>
    <nd ref="472382803"/>
    <nd ref="472382777"/>
    <nd ref="472382886"/>
    <nd ref="472382784"/>
    <nd ref="4716623667"/>
    <nd ref="472382880"/>
    <nd ref="4716622877"/>
    <nd ref="472382786"/>
    <tag k="highway" v="residential"/>
    <tag k="lane_markings" v="no"/>
    <tag k="source" v="Bing 2010"/>
    <tag k="surface" v="asphalt"/>
  </way>
  <way id="39436502">
    <nd ref="1582762182"/>
    <nd ref="13799877954"/>
    <nd ref="13799877955"/>
    <nd ref="13799877956"/>
    <nd ref="12788191380"/>
    <nd ref="12788191385"/>
    <nd ref="12788191394"/>
    <nd ref="472382832"/>
    <tag k="foot" v="no"/>
    <tag k="highway" v="secondary"/>
    <tag k="name" v="新宿通り"/>
    <tag k="name:en" v="Shinjuku-dori Ave."/>
    <tag k="name:es" v="Calle Shinjuku"/>
    <tag k="ref" v="430"/>
    <tag k="source" v="Bing 2010"/>
    <tag k="surface" v="asphalt"/>
  </way>
  <way id="39436504">
    <nd ref="472382797"/>
    <nd ref="2393573006"/>
    <nd ref="1674563141"/>
    <nd ref="1674563162"/>
    <nd ref="11127370497"/>
    <nd ref="472382798"/>
    <nd ref="11127434820"/>
    <nd ref="11127434821"/>
    <nd ref="1666084366"/>
    <nd ref="1676479125"/>
    <nd ref="472382799"/>
    <nd ref="1676479126"/>
    <nd ref="5929545658"/>
    <nd ref="11127434840"/>
    <nd ref="472382862"/>
    <nd ref="1582762220"/>
    <nd ref="472382806"/>
    <nd ref="2401069445"/>
    <nd ref="7947374192"/>
    <nd ref="7947374191"/>
    <tag k="highway" v="unclassified"/>
    <tag k="oneway" v="yes"/>
    <tag k="source" v="Bing"/>
    <tag k="surface" v="paved"/>
  </way>
  <way id="39436505">
    <nd ref="1666084502"/>
    <nd ref="472382802"/>
    <nd ref="2401069440"/>
    <nd ref="7947374191"/>
    <nd ref="472382870"/>
    <nd ref="472382803"/>
    <nd ref="472382893"/>
    <nd ref="7947374193"/>
    <nd ref="472382804"/>
    <tag k="cycleway:both" v="no"/>
    <tag k="highway" v="unclassified"/>
    <tag k="lane_markings" v="no"/>
    <tag k="maxspeed" v="30"/>
    <tag k="maxspeed:type" v="sign"/>
    <tag k="source" v="Bing"/>
    <tag k="source:width" v="ARCore"/>
    <tag k="surface" v="asphalt"/>
    <tag k="width" v="7.6"/>
  </way>
  <way id="39436507">
    <nd ref="472382816"/>
    <nd ref="2401050139"/>
    <nd ref="11310561255"/>
    <nd ref="11327912127"/>
    <nd ref="472382845"/>
    <nd ref="472382842"/>
    <nd ref="472382815"/>
    <nd ref="472382824"/>
    <nd ref="1664033913"/>
    <nd ref="1664033933"/>
    <nd ref="4716623607"/>
    <nd ref="472382792"/>
    <tag k="highway" v="unclassified"/>
    <tag k="motor_vehicle:conditional" v="no @ (月～土：16:00～翌 5:00; 日・祝：12:00～翌 5:00)"/>
    <tag k="name" v="歌舞伎町東通り"/>
    <tag k="name:en" v="Kabukicho Higashi-dori Street"/>
    <tag k="name:es" v="Calle Higashi"/>
    <tag k="name:ko" v="가부키쵸 히가시로"/>
    <tag k="name:zh" v="歌舞伎町东大街"/>
    <tag k="oneway" v="yes"/>
    <tag k="source" v="Bing 2010"/>
    <tag k="surface" v="paved"/>
  </way>
  <way id="39436508">
    <nd ref="472382790"/>
    <nd ref="4716623629"/>
    <nd ref="4716623656"/>
    <nd ref="472382818"/>
    <nd ref="472382841"/>
    <nd ref="472382846"/>
    <nd ref="11327912128"/>
    <nd ref="2401050134"/>
    <nd ref="472382820"/>
    <tag k="highway" v="unclassified"/>
    <tag k="motor_vehicle:conditional" v="no @ (月～土：16:00～翌 5:00; 日・祝：12:00～翌 5:00)"/>
    <tag k="name" v="歌舞伎町さくら通り"/>
    <tag k="name:en" v="Kabukicho Sakura-dori Street"/>
    <tag k="name:es" v="Calle Sakura"/>
    <tag k="name:ko" v="가부키쵸 사쿠라로"/>
    <tag k="name:zh" v="歌舞伎町櫻花大街"/>
    <tag k="oneway" v="yes"/>
    <tag k="source" v="Bing 2010"/>
    <tag k="surface" v="paved"/>
  </way>
  <way id="39436509">
    <nd ref="472382823"/>
    <nd ref="7947374225"/>
    <nd ref="4716623659"/>
    <nd ref="4716623608"/>
    <nd ref="472382821"/>
    <tag k="highway" v="unclassified"/>
    <tag k="motor_vehicle:conditional" v="no @ (月～土：16:00～翌 5:00; 日・祝：12:00～翌 5:00)"/>
    <tag k="oneway" v="yes"/>
  </way>
  <way id="39436510">
    <nd ref="472382824"/>
    <nd ref="1582762199"/>
    <nd ref="472382940"/>
    <nd ref="472382818"/>
    <nd ref="11298654528"/>
    <nd ref="472382948"/>
    <nd ref="472382848"/>
    <nd ref="1582762204"/>
    <nd ref="472382823"/>
    <tag k="highway" v="unclassified"/>
    <tag k="motor_vehicle:conditional" v="no @ (月～土：16:00～翌 5:00; 日・祝：12:00～翌 5:00)"/>
    <tag k="oneway" v="yes"/>
  </way>
  <way id="39436514">
    <nd ref="1604625948"/>
    <nd ref="472382952"/>
    <nd ref="3647814144"/>
    <nd ref="472382829"/>
    <tag k="highway" v="unclassified"/>
    <tag k="motor_vehicle:conditional" v="no @ (月～土：16:00～翌 5:00; 日・祝：12:00～翌 5:00)"/>
    <tag k="oneway" v="yes"/>
  </way>
  <way id="39436516">
    <nd ref="472382835"/>
    <nd ref="4716623609"/>
    <nd ref="472382839"/>
    <nd ref="472382837"/>
    <nd ref="1582762208"/>
    <nd ref="1582762206"/>
    <tag k="cycleway:both" v="no"/>
    <tag k="highway" v="unclassified"/>
    <tag k="lane_markings" v="no"/>
    <tag k="motor_vehicle:conditional" v="no @ (月～土：16:00～翌 5:00; 日・祝：12:00～翌 5:00)"/>
    <tag k="name" v="歌舞伎町一番街通り"/>
    <tag k="name:en" v="Kabukicho Ichibangai-dori Street"/>
    <tag k="name:ko" v="가부키쵸1번가"/>
    <tag k="name:zh" v="歌舞伎町一番街"/>
    <tag k="surface" v="paving_stones"/>
    <tag k="width" v="10"/>
  </way>
  <way id="39436525">
    <nd ref="472382845"/>
    <nd ref="11310566287"/>
    <nd ref="4717672441"/>
    <nd ref="472382844"/>
    <tag k="highway" v="unclassified"/>
    <tag k="motor_vehicle:conditional" v="no @ (月～土：16:00～翌 5:00; 日・祝：12:00～翌 5:00)"/>
    <tag k="oneway" v="yes"/>
    <tag k="source" v="Bing 2010"/>
    <tag k="surface" v="paved"/>
  </way>
  <way id="39436526">
    <nd ref="472382846"/>
    <nd ref="11296304699"/>
    <nd ref="472382847"/>
    <tag k="highway" v="unclassified"/>
    <tag k="motor_vehicle:conditional" v="no @ (月～土：16:00～翌 5:00; 日・祝：12:00～翌 5:00)"/>
    <tag k="name" v="仲見世通り"/>
    <tag k="name:en" v="Nakamise-dori St."/>
    <tag k="oneway" v="yes"/>
    <tag k="surface" v="asphalt"/>
  </way>
  <way id="39436528">
    <nd ref="472382848"/>
    <nd ref="11298654537"/>
    <nd ref="472382849"/>
    <tag k="highway" v="unclassified"/>
    <tag k="motor_vehicle:conditional" v="no @ (月～土：16:00～翌 5:00; 日・祝：12:00～翌 5:00)"/>
    <tag k="oneway" v="yes"/>
  </way>
  <way id="39436530">
    <nd ref="472382852"/>
    <nd ref="13741767228"/>
    <nd ref="13741767239"/>
    <nd ref="11258119970"/>
    <nd ref="472382847"/>
    <nd ref="472382851"/>
    <nd ref="13741732722"/>
    <nd ref="472382850"/>
    <tag k="highway" v="unclassified"/>
    <tag k="motor_vehicle:conditional" v="no @ (Mo-Sa 16:00-29:00; Su 12:00-29:00)"/>
    <tag k="name" v="セントラルロード"/>
    <tag k="name:en" v="Central Road"/>
    <tag k="name:es" v="Calle Central"/>
    <tag k="name:fr" v="Rue Centrale"/>
    <tag k="name:ja-Latn" v="Centoraru rōdo"/>
    <tag k="oneway" v="yes"/>
    <tag k="surface" v="paving_stones"/>
  </way>
  <way id="39436535">
    <nd ref="472382854"/>
    <nd ref="3243954069"/>
    <nd ref="158030430"/>
    <tag k="cycleway:both" v="no"/>
    <tag k="highway" v="residential"/>
    <tag k="lane_markings" v="no"/>
    <tag k="sidewalk" v="no"/>
    <tag k="source" v="Bing 2010"/>
    <tag k="surface" v="asphalt"/>
  </way>
  <way id="39436538">
    <nd ref="1093685732"/>
    <nd ref="472382857"/>
    <nd ref="2393573045"/>
    <nd ref="472382922"/>
    <nd ref="472382936"/>
    <nd ref="4716049693"/>
    <nd ref="1665929814"/>
    <nd ref="1665929815"/>
    <nd ref="6147302096"/>
    <nd ref="472382795"/>
    <tag k="highway" v="unclassified"/>
    <tag k="source" v="Bing 2010"/>
    <tag k="surface" v="asphalt"/>
  </way>
  <way id="39436539">
    <nd ref="472382858"/>
    <nd ref="3193716064"/>
    <nd ref="472382860"/>
    <nd ref="1666084381"/>
    <tag k="highway" v="residential"/>
    <tag k="source" v="Bing 2010"/>
    <tag k="surface" v="paved"/>
  </way>
  <way id="39436541">
    <nd ref="472382862"/>
    <nd ref="472382916"/>
    <nd ref="472382863"/>
    <nd ref="472382781"/>
    <nd ref="472382861"/>
    <tag k="highway" v="residential"/>
    <tag k="oneway" v="yes"/>
    <tag k="source" v="Bing 2010"/>
    <tag k="surface" v="paved"/>
  </way>
  <way id="39436543">
    <nd ref="472382863"/>
    <nd ref="472382864"/>
    <tag k="highway" v="residential"/>
    <tag k="source" v="Bing 2010"/>
    <tag k="surface" v="paved"/>
  </way>
  <way id="39436547">
    <nd ref="472382868"/>
    <nd ref="472382919"/>
    <tag k="highway" v="residential"/>
  </way>
  <way id="39436548">
    <nd ref="472382870"/>
    <nd ref="472382871"/>
    <nd ref="472382887"/>
    <nd ref="472382872"/>
    <nd ref="472382873"/>
    <tag k="highway" v="residential"/>
    <tag k="surface" v="asphalt"/>
  </way>
  <way id="39436553">
    <nd ref="472382883"/>
    <nd ref="2401069448"/>
    <nd ref="472382872"/>
    <nd ref="472382784"/>
    <nd ref="472382889"/>
    <nd ref="472382779"/>
    <nd ref="4716623666"/>
    <nd ref="472382788"/>
    <tag k="highway" v="residential"/>
    <tag k="lane_markings" v="no"/>
    <tag k="name" v="2番通り"/>
    <tag k="name:en" v="Niban-dori Street"/>
    <tag k="name:ja" v="二番通り"/>
    <tag k="name:ko" v="니방로"/>
    <tag k="name:zh" v="二番大街"/>
    <tag k="source" v="Bing 2010"/>
    <tag k="surface" v="asphalt"/>
  </way>
  <way id="39436554">
    <nd ref="472382789"/>
    <nd ref="4716623619"/>
    <nd ref="4716623662"/>
    <nd ref="472382885"/>
    <nd ref="472382890"/>
    <nd ref="472382891"/>
    <nd ref="472382886"/>
    <nd ref="472382887"/>
    <nd ref="2401069480"/>
    <nd ref="472382716"/>
    <nd ref="1666084495"/>
    <tag k="highway" v="residential"/>
    <tag k="lane_markings" v="no"/>
    <tag k="name" v="3番通り"/>
    <tag k="name:en" v="Sanban-dori Street"/>
    <tag k="name:ja" v="三番通り"/>
    <tag k="name:ko" v="산방로"/>
    <tag k="name:zh" v="三番大街"/>
    <tag k="source" v="Bing 2010"/>
    <tag k="surface" v="asphalt"/>
  </way>
  <way id="39436555">
    <nd ref="472382889"/>
    <nd ref="472382890"/>
    <tag k="highway" v="residential"/>
    <tag k="lane_markings" v="no"/>
    <tag k="surface" v="asphalt"/>
  </way>
  <way id="39436556">
    <nd ref="472382891"/>
    <nd ref="472382892"/>
    <nd ref="472382893"/>
    <tag k="highway" v="residential"/>
    <tag k="surface" v="asphalt"/>
  </way>
  <way id="39436557">
    <nd ref="472382897"/>
    <nd ref="7947374186"/>
    <nd ref="1676479130"/>
    <nd ref="472382896"/>
    <nd ref="1676479132"/>
    <nd ref="472382895"/>
    <tag k="highway" v="residential"/>
    <tag k="oneway" v="yes"/>
    <tag k="source" v="Bing 2010"/>
    <tag k="surface" v="paved"/>
  </way>
  <way id="39436558">
    <nd ref="472382898"/>
    <nd ref="472382899"/>
    <nd ref="2401069436"/>
    <nd ref="472382806"/>
    <tag k="highway" v="residential"/>
  </way>
  <way id="39436559">
    <nd ref="1666084499"/>
    <nd ref="2704049829"/>
    <nd ref="472382761"/>
    <nd ref="472382762"/>
    <nd ref="4716326372"/>
    <nd ref="4716326373"/>
    <nd ref="472382733"/>
    <nd ref="472382770"/>
    <nd ref="4716623765"/>
    <nd ref="472382900"/>
    <tag k="cycleway:both" v="no"/>
    <tag k="highway" v="residential"/>
    <tag k="lane_markings" v="no"/>
    <tag k="lit" v="yes"/>
    <tag k="oneway" v="yes"/>
    <tag k="sidewalk" v="no"/>
    <tag k="surface" v="asphalt"/>
  </way>
  <way id="39436561">
    <nd ref="7947374192"/>
    <nd ref="472382903"/>
    <nd ref="7947374189"/>
    <nd ref="472382904"/>
    <tag k="highway" v="residential"/>
    <tag k="source" v="Bing 2010"/>
    <tag k="surface" v="paved"/>
  </way>
  <way id="39436564">
    <nd ref="472382899"/>
    <nd ref="1676479128"/>
    <nd ref="472382896"/>
    <nd ref="1676479134"/>
    <nd ref="6266972549"/>
    <nd ref="4716326297"/>
    <nd ref="472382906"/>
    <tag k="highway" v="residential"/>
    <tag k="oneway" v="yes"/>
    <tag k="source" v="Bing 2010"/>
    <tag k="surface" v="paved"/>
  </way>
  <way id="39436565">
    <nd ref="472382909"/>
    <nd ref="472382911"/>
    <nd ref="472382910"/>
    <nd ref="1666084381"/>
    <tag k="highway" v="residential"/>
  </way>
  <way id="39436567">
    <nd ref="472382913"/>
    <nd ref="7947374187"/>
    <nd ref="472382916"/>
    <tag k="highway" v="unclassified"/>
    <tag k="oneway" v="yes"/>
    <tag k="surface" v="paved"/>
  </way>
  <way id="39436568">
    <nd ref="472382917"/>
    <nd ref="472382918"/>
    <tag k="highway" v="residential"/>
  </way>
  <way id="39436569">
    <nd ref="472382925"/>
    <nd ref="2705533185"/>
    <nd ref="472382924"/>
    <nd ref="472382923"/>
    <tag k="highway" v="residential"/>
    <tag k="oneway" v="yes"/>
    <tag k="source" v="Bing 2010"/>
    <tag k="surface" v="paved"/>
  </way>
  <way id="39436570">
    <nd ref="472382932"/>
    <nd ref="2705533167"/>
    <nd ref="4716623515"/>
    <nd ref="472382926"/>
    <tag k="highway" v="residential"/>
    <tag k="oneway" v="yes"/>
    <tag k="source" v="Bing 2010"/>
    <tag k="surface" v="asphalt"/>
  </way>
  <way id="39436572">
    <nd ref="472382936"/>
    <nd ref="3193716061"/>
    <nd ref="472382935"/>
    <nd ref="11127370499"/>
    <nd ref="472382798"/>
    <nd ref="472382924"/>
    <tag k="highway" v="residential"/>
    <tag k="oneway" v="yes"/>
    <tag k="surface" v="asphalt"/>
  </way>
  <way id="39436574">
    <nd ref="472382939"/>
    <nd ref="4716623630"/>
    <nd ref="472382940"/>
    <tag k="highway" v="unclassified"/>
    <tag k="motor_vehicle:conditional" v="no @ (月～土：16:00～翌 5:00; 日・祝：12:00～翌 5:00)"/>
    <tag k="oneway" v="yes"/>
  </way>
  <way id="39436575">
    <nd ref="472382943"/>
    <nd ref="4717672444"/>
    <nd ref="5993409154"/>
    <nd ref="472382815"/>
    <tag k="highway" v="unclassified"/>
    <tag k="oneway" v="yes"/>
    <tag k="source" v="Bing 2010"/>
    <tag k="surface" v="paved"/>
  </way>
  <way id="39436576">
    <nd ref="472382945"/>
    <nd ref="5993409151"/>
    <nd ref="1582762188"/>
    <tag k="highway" v="residential"/>
    <tag k="source" v="survey, bing"/>
    <tag k="surface" v="paved"/>
  </way>
  <way id="39436577">
    <nd ref="472382949"/>
    <nd ref="4716623627"/>
    <nd ref="4716623657"/>
    <nd ref="7947374224"/>
    <nd ref="472382948"/>
    <tag k="highway" v="unclassified"/>
    <tag k="motor_vehicle:conditional" v="no @ (月～土：16:00～翌 5:00; 日・祝：12:00～翌 5:00)"/>
    <tag k="oneway" v="yes"/>
  </way>
  <way id="39436580">
    <nd ref="472382963"/>
    <nd ref="4716623700"/>
    <nd ref="472382956"/>
    <nd ref="472382958"/>
    <nd ref="12996489782"/>
    <nd ref="472382957"/>
    <tag k="highway" v="unclassified"/>
    <tag k="motor_vehicle:conditional" v="no @ (月～土：16:00～翌 5:00; 日・祝：12:00～翌 5:00)"/>
    <tag k="name" v="エビ通り"/>
    <tag k="name:en" v="Ebi-dori St."/>
    <tag k="oneway" v="yes"/>
  </way>
  <way id="39436581">
    <nd ref="10605511491"/>
    <nd ref="4716623702"/>
    <nd ref="1582762193"/>
    <nd ref="472382961"/>
    <nd ref="472382958"/>
    <tag k="highway" v="unclassified"/>
    <tag k="motor_vehicle:conditional" v="no @ (月～土：16:00～翌 5:00; 日・祝：12:00～翌 5:00)"/>
    <tag k="oneway" v="yes"/>
  </way>
  <way id="39436590">
    <nd ref="472382971"/>
    <nd ref="4716049713"/>
    <nd ref="472382988"/>
    <tag k="highway" v="residential"/>
    <tag k="lane_markings" v="no"/>
    <tag k="name" v="あかるい花園八番街"/>
    <tag k="name:en" v="Akarui Hanazono 8th Street"/>
    <tag k="name:es" v="Calle 8 de Akarui Hanazono"/>
    <tag k="name:fr" v="Huitième rue d'Akarui Hanazono"/>
    <tag k="name:ja-Hira" v="あかるい はなぞの はち ばんがい"/>
    <tag k="name:ja-Latn" v="Akarui Hanazono Hachiban-gai"/>
    <tag k="source" v="survey, bing"/>
    <tag k="surface" v="asphalt"/>
  </way>
  <way id="39436591">
    <nd ref="11248384398"/>
    <nd ref="472383066"/>
    <nd ref="472383052"/>
    <nd ref="11248384399"/>
    <tag k="access" v="no"/>
    <tag k="foot" v="yes"/>
    <tag k="highway" v="unclassified"/>
    <tag k="level" v="0"/>
    <tag k="lit" v="yes"/>
    <tag k="motor_vehicle" v="no"/>
    <tag k="motor_vehicle:conditional" v="no @ (Apr-Sep: Su, PH 12:00-18:00; Oct-Mar: Su, PH 12:00-17:00)"/>
    <tag k="name" v="MOA5番街"/>
    <tag k="name:en" v="MOA 5th street"/>
    <tag k="name:es" v="Calle Moa 5ta"/>
    <tag k="name:ko" v="모아 5번가"/>
    <tag k="name:zh" v="MOA 五番街"/>
    <tag k="oneway" v="yes"/>
    <tag k="surface" v="paving_stones"/>
  </way>
  <way id="39436592">
    <nd ref="472383013"/>
    <nd ref="6237237522"/>
    <nd ref="11174561568"/>
    <nd ref="11174561571"/>
    <nd ref="472383019"/>
    <nd ref="8254068912"/>
    <nd ref="6237237537"/>
    <nd ref="472383021"/>
    <tag k="highway" v="unclassified"/>
    <tag k="name" v="新宿ランブリングロード"/>
    <tag k="name:en" v="Shinjuku Rambling Road"/>
    <tag k="surface" v="asphalt"/>
  </way>
  <way id="39436594">
    <nd ref="472383021"/>
    <nd ref="6237237533"/>
    <nd ref="1676478917"/>
    <nd ref="472383028"/>
    <nd ref="472383025"/>
    <nd ref="1315058846"/>
    <nd ref="1315058842"/>
    <nd ref="9929149705"/>
    <nd ref="1504865393"/>
    <nd ref="1504865420"/>
    <nd ref="6237237530"/>
    <nd ref="472383019"/>
    <tag k="highway" v="residential"/>
    <tag k="oneway" v="yes"/>
    <tag k="surface" v="asphalt"/>
  </way>
  <way id="39436597">
    <nd ref="158030410"/>
    <nd ref="2393558993"/>
    <nd ref="10273655685"/>
    <nd ref="1502259754"/>
    <nd ref="13367803360"/>
    <nd ref="6146833785"/>
    <nd ref="472383036"/>
    <nd ref="6146833584"/>
    <nd ref="472383139"/>
    <nd ref="472383034"/>
    <nd ref="6237237538"/>
    <nd ref="472383031"/>
    <tag k="highway" v="unclassified"/>
    <tag k="lanes" v="1"/>
    <tag k="motor_vehicle" v="designated"/>
    <tag k="name" v="新宿中央通り"/>
    <tag k="note" v="Parking 40 minutes 7-20, except Jan 1-3"/>
    <tag k="oneway" v="yes"/>
    <tag k="oneway:bicycle" v="no"/>
  </way>
  <way id="39436598">
    <nd ref="472383038"/>
    <nd ref="6237216908"/>
    <nd ref="1676869180"/>
    <nd ref="11162524123"/>
    <nd ref="472383039"/>
    <tag k="access:conditional" v="no @ (Apr-Sep: Su, PH 12:00-18:00; Oct-Mar: Su, PH 12:00-17:00; 15:00-05:00)"/>
    <tag k="foot" v="yes"/>
    <tag k="highway" v="unclassified"/>
    <tag k="motor_vehicle" v="designated"/>
    <tag k="motor_vehicle:conditional" v="no @ (15:00-05:00)"/>
    <tag k="oneway" v="yes"/>
    <tag k="surface" v="paved"/>
  </way>
  <way id="39436600">
    <nd ref="472383046"/>
    <nd ref="1093685786"/>
    <tag k="cycleway:left" v="no"/>
    <tag k="highway" v="unclassified"/>
    <tag k="lane_markings" v="no"/>
    <tag k="oneway" v="yes"/>
    <tag k="source" v="Bing 2010"/>
    <tag k="surface" v="paved"/>
  </way>
  <way id="39436601">
    <nd ref="472383059"/>
    <nd ref="472383062"/>
    <nd ref="472383057"/>
    <nd ref="1676478996"/>
    <nd ref="1676478997"/>
    <nd ref="1676478999"/>
    <nd ref="11263248602"/>
    <nd ref="472383054"/>
    <tag k="bicycle" v="yes"/>
    <tag k="highway" v="unclassified"/>
    <tag k="oneway" v="yes"/>
    <tag k="source" v="GSImaps/ort"/>
  </way>
  <way id="39436602">
    <nd ref="472383048"/>
    <nd ref="5243200765"/>
    <nd ref="6118971778"/>
    <nd ref="1676479011"/>
    <tag k="highway" v="unclassified"/>
    <tag k="level" v="0"/>
    <tag k="oneway" v="yes"/>
    <tag k="surface" v="paved"/>
  </way>
  <way id="39436603">
    <nd ref="472383066"/>
    <nd ref="11257329992"/>
    <nd ref="11271468287"/>
    <nd ref="11263248553"/>
    <nd ref="11271468298"/>
    <nd ref="11248384404"/>
    <nd ref="11258119738"/>
    <nd ref="472383068"/>
    <nd ref="11250649676"/>
    <nd ref="11248384403"/>
    <nd ref="11267270255"/>
    <nd ref="11247773034"/>
    <nd ref="11266544202"/>
    <nd ref="472383070"/>
    <nd ref="472383120"/>
    <nd ref="11266544204"/>
    <nd ref="11267270241"/>
    <nd ref="472383072"/>
    <tag k="access" v="no"/>
    <tag k="bicycle" v="yes"/>
    <tag k="foot" v="yes"/>
    <tag k="highway" v="unclassified"/>
    <tag k="level" v="0"/>
    <tag k="lit" v="yes"/>
    <tag k="motor_vehicle" v="permit"/>
    <tag k="motor_vehicle:conditional" v="no @ (Apr-Sep: Su, PH 12:00-18:00; Oct-Mar: Su, PH 12:00-17:00)"/>
    <tag k="name" v="MOA中央通り"/>
    <tag k="name:en" v="Moa Chuo-dori Street"/>
    <tag k="name:es" v="Calle Moa Chuo"/>
    <tag k="name:ko" v="모아 중앙로"/>
    <tag k="name:zh" v="MOA 中央大街"/>
    <tag k="oneway" v="no"/>
    <tag k="surface" v="paving_stones"/>
  </way>
  <way id="39436612">
    <nd ref="735990758"/>
    <nd ref="2393558975"/>
    <nd ref="10605620532"/>
    <nd ref="735990754"/>
    <nd ref="735990749"/>
    <nd ref="6080000449"/>
    <nd ref="735990796"/>
    <nd ref="2262160514"/>
    <nd ref="1625445416"/>
    <tag k="highway" v="tertiary"/>
    <tag k="lanes" v="4"/>
    <tag k="lit" v="yes"/>
    <tag k="maxspeed" v="40"/>
    <tag k="name" v="新宿通り"/>
    <tag k="name:en" v="Shinjuku-dori Ave."/>
    <tag k="name:es" v="Calle Shinjuku"/>
    <tag k="name:etymology:wikidata" v="Q179645"/>
    <tag k="name:fr" v="Rue Shinjuku"/>
    <tag k="name:ja" v="新宿通り"/>
    <tag k="name:ja-Hira" v="しんじゅくどおり"/>
    <tag k="name:ja-Latn" v="Shinjuku-dōri"/>
    <tag k="name:ko" v="신쥬쿠로"/>
    <tag k="name:zh" v="新宿大街"/>
    <tag k="source" v="Bing 2010"/>
    <tag k="surface" v="paved"/>
    <tag k="was:ref" v="430"/>
    <tag k="wikidata" v="Q24886614"/>
  </way>
  <way id="39436615">
    <nd ref="472383132"/>
    <nd ref="11258119737"/>
    <nd ref="11271468285"/>
    <nd ref="11258894434"/>
    <nd ref="11271468286"/>
    <nd ref="11248384417"/>
    <nd ref="472383052"/>
    <tag k="access" v="no"/>
    <tag k="bicycle" v="yes"/>
    <tag k="foot" v="yes"/>
    <tag k="highway" v="unclassified"/>
    <tag k="level" v="0"/>
    <tag k="lit" v="yes"/>
    <tag k="motor_vehicle" v="permit"/>
    <tag k="motor_vehicle:conditional" v="no @ (Apr-Sep: Su, PH 12:00-18:00; Oct-Mar: Su, PH 12:00-17:00)"/>
    <tag k="name" v="MOA5番街"/>
    <tag k="name:en" v="Moa 5th Street"/>
    <tag k="name:es" v="Calle Moa 5ta"/>
    <tag k="surface" v="paving_stones"/>
  </way>
  <way id="39436616">
    <nd ref="472383133"/>
    <nd ref="11258120103"/>
    <nd ref="472383062"/>
    <tag k="access:conditional" v="no @ (Apr-Sep: Su, PH 12:00-18:00; Oct-Mar: Su, PH 12:00-17:00; 15:00-05:00)"/>
    <tag k="highway" v="unclassified"/>
    <tag k="motor_vehicle:conditional" v="no @ (15:00-05:00)"/>
    <tag k="oneway" v="yes"/>
    <tag k="surface" v="paved"/>
  </way>
  <way id="39436618">
    <nd ref="472383137"/>
    <nd ref="11286893514"/>
    <nd ref="6146833581"/>
    <nd ref="11286893505"/>
    <nd ref="472383039"/>
    <nd ref="11162524126"/>
    <nd ref="6146833583"/>
    <nd ref="472383036"/>
    <tag k="access:conditional" v="no @ (Apr-Sep: Su, PH 12:00-18:00; Oct-Mar: Su, PH 12:00-17:00; 15:00-05:00)"/>
    <tag k="foot" v="yes"/>
    <tag k="highway" v="unclassified"/>
    <tag k="motor_vehicle" v="designated"/>
    <tag k="motor_vehicle:conditional" v="no @ (15:00-05:00)"/>
    <tag k="oneway" v="yes"/>
    <tag k="oneway:bicycle" v="no"/>
  </way>
  <way id="39436621">
    <nd ref="472383142"/>
    <nd ref="6146808081"/>
    <nd ref="1504865397"/>
    <tag k="access:conditional" v="no @ (Apr-Sep: Su, PH 12:00-18:00; Oct-Mar: Su, PH 12:00-17:00; 15:00-05:00)"/>
    <tag k="check_date:surface" v="2023-04-11"/>
    <tag k="foot" v="yes"/>
    <tag k="highway" v="unclassified"/>
    <tag k="motor_vehicle" v="designated"/>
    <tag k="motor_vehicle:conditional" v="no @ (15:00-05:00)"/>
    <tag k="surface" v="paving_stones"/>
  </way>
  <way id="39436622">
    <nd ref="472383044"/>
    <nd ref="472383141"/>
    <nd ref="472383142"/>
    <nd ref="472383146"/>
    <tag k="access:conditional" v="no @ (Apr-Sep: Su, PH 12:00-18:00; Oct-Mar: Su, PH 12:00-17:00; 15:00-05:00)"/>
    <tag k="foot" v="yes"/>
    <tag k="highway" v="unclassified"/>
    <tag k="motor_vehicle" v="designated"/>
    <tag k="motor_vehicle:conditional" v="no @ (15:00-05:00)"/>
    <tag k="oneway" v="yes"/>
  </way>
  <way id="39436623">
    <nd ref="472383147"/>
    <nd ref="472383148"/>
    <nd ref="1502259755"/>
    <nd ref="472382994"/>
    <tag k="access:conditional" v="no @ (Apr-Sep: Su, PH 12:00-18:00; Oct-Mar: Su, PH 12:00-17:00; 15:00-05:00)"/>
    <tag k="foot" v="yes"/>
    <tag k="highway" v="unclassified"/>
    <tag k="motor_vehicle:conditional" v="no @ (15:00-05:00)"/>
    <tag k="surface" v="paving_stones"/>
  </way>
  <way id="39445374">
    <nd ref="472446994"/>
    <nd ref="3349162183"/>
    <nd ref="472447031"/>
    <nd ref="472446995"/>
    <nd ref="472447248"/>
    <nd ref="472447265"/>
    <nd ref="472447023"/>
    <nd ref="472447021"/>
    <nd ref="472446997"/>
    <nd ref="472447273"/>
    <nd ref="472447274"/>
    <nd ref="472447278"/>
    <nd ref="472446989"/>
    <nd ref="2621323834"/>
    <nd ref="472446998"/>
    <nd ref="472447209"/>
    <nd ref="475368788"/>
    <nd ref="472447214"/>
    <nd ref="472447218"/>
    <nd ref="472447220"/>
    <nd ref="472447001"/>
    <nd ref="4163312811"/>
    <nd ref="472447223"/>
    <nd ref="472447018"/>
    <nd ref="9791542150"/>
    <tag k="cycleway:both" v="shared_lane"/>
    <tag k="cycleway:both:lane" v="pictogram"/>
    <tag k="highway" v="tertiary"/>
    <tag k="lane_markings" v="yes"/>
    <tag k="lanes" v="2"/>
    <tag k="lit" v="yes"/>
    <tag k="maxspeed" v="30"/>
    <tag k="name" v="東京医大通り"/>
    <tag k="name:en" v="Tokyo-idai-dori"/>
    <tag k="name:es" v="Calle Tokyo-idai"/>
    <tag k="name:ja" v="東京医大通り"/>
    <tag k="name:ja-Hira" v="とうきょういだいどおり"/>
    <tag k="name:ja_rm" v="Tōkyō idai dōri"/>
    <tag k="sidewalk" v="both"/>
    <tag k="surface" v="asphalt"/>
  </way>
  <way id="39445379">
    <nd ref="472447001"/>
    <nd ref="3221227620"/>
    <nd ref="475368787"/>
    <nd ref="475368785"/>
    <nd ref="472447014"/>
    <nd ref="1665929744"/>
    <nd ref="1665929761"/>
    <nd ref="1665929768"/>
    <nd ref="475368848"/>
    <nd ref="472447015"/>
    <tag k="highway" v="residential"/>
  </way>
  <way id="39445381">
    <nd ref="1664033746"/>
    <nd ref="4717672398"/>
    <nd ref="1664033806"/>
    <nd ref="472446997"/>
    <tag k="highway" v="residential"/>
    <tag k="oneway" v="yes"/>
    <tag k="surface" v="paved"/>
  </way>
  <way id="39445382">
    <nd ref="472447021"/>
    <nd ref="2401050129"/>
    <nd ref="1664033752"/>
    <tag k="highway" v="residential"/>
    <tag k="lane_markings" v="no"/>
    <tag k="oneway" v="yes"/>
    <tag k="source" v="Bing 2010"/>
    <tag k="surface" v="asphalt"/>
  </way>
  <way id="39445383">
    <nd ref="472447266"/>
    <nd ref="472447268"/>
    <tag k="highway" v="residential"/>
  </way>
  <way id="39445385">
    <nd ref="735990734"/>
    <nd ref="3349166132"/>
    <nd ref="12054377499"/>
    <nd ref="472447126"/>
    <tag k="highway" v="unclassified"/>
    <tag k="lane_markings" v="yes"/>
    <tag k="lanes" v="1"/>
    <tag k="oneway" v="yes"/>
    <tag k="source" v="Bing 2010"/>
    <tag k="surface" v="asphalt"/>
  </way>
  <way id="39445387">
    <nd ref="472447028"/>
    <nd ref="3349162185"/>
    <nd ref="472447029"/>
    <nd ref="475368773"/>
    <nd ref="472447027"/>
    <tag k="highway" v="residential"/>
    <tag k="surface" v="asphalt"/>
  </way>
  <way id="39445388">
    <nd ref="472447031"/>
    <nd ref="472447029"/>
    <tag k="highway" v="residential"/>
    <tag k="lane_markings" v="no"/>
    <tag k="oneway" v="yes"/>
    <tag k="surface" v="asphalt"/>
  </way>
  <way id="39445389">
    <nd ref="472447035"/>
    <nd ref="13533679560"/>
    <nd ref="1665978170"/>
    <nd ref="7084892424"/>
    <nd ref="472446988"/>
    <nd ref="1665929894"/>
    <nd ref="7084892428"/>
    <nd ref="2606035809"/>
    <nd ref="472446993"/>
    <nd ref="2606035813"/>
    <nd ref="2606035817"/>
    <nd ref="2606035818"/>
    <nd ref="2649421037"/>
    <nd ref="2649421034"/>
    <nd ref="4384718910"/>
    <nd ref="472446987"/>
    <tag k="highway" v="residential"/>
    <tag k="oneway" v="yes"/>
    <tag k="source" v="Bing 2010"/>
    <tag k="surface" v="paved"/>
  </way>
  <way id="39445390">
    <nd ref="11061280299"/>
    <nd ref="472447040"/>
    <nd ref="4717672249"/>
    <nd ref="472447063"/>
    <nd ref="472447084"/>
    <nd ref="4717670540"/>
    <nd ref="472447041"/>
    <tag k="highway" v="unclassified"/>
    <tag k="oneway" v="yes"/>
    <tag k="source" v="Bing 2010"/>
    <tag k="surface" v="paved"/>
  </way>
  <way id="39445391">
    <nd ref="4717672239"/>
    <nd ref="1664033592"/>
    <nd ref="1943752549"/>
    <nd ref="472447061"/>
    <nd ref="4717672234"/>
    <nd ref="11061280302"/>
    <nd ref="4717670544"/>
    <nd ref="472447048"/>
    <nd ref="1664033576"/>
    <tag k="highway" v="tertiary"/>
    <tag k="lanes" v="2"/>
    <tag k="maxspeed" v="30"/>
    <tag k="source" v="Bing 2010"/>
    <tag k="surface" v="paved"/>
  </way>
  <way id="39445392">
    <nd ref="472447064"/>
    <nd ref="10605474990"/>
    <nd ref="2401050146"/>
    <nd ref="472447039"/>
    <tag k="highway" v="unclassified"/>
    <tag k="oneway" v="yes"/>
    <tag k="source" v="Bing 2010"/>
    <tag k="surface" v="paved"/>
  </way>
  <way id="39445396">
    <nd ref="1664033641"/>
    <nd ref="295406736"/>
    <nd ref="2621323827"/>
    <nd ref="2401040273"/>
    <nd ref="10605417928"/>
    <nd ref="475109873"/>
    <nd ref="472447077"/>
    <nd ref="475109924"/>
    <nd ref="2396885545"/>
    <nd ref="472447076"/>
    <nd ref="2396885525"/>
    <nd ref="472447197"/>
    <nd ref="11061280303"/>
    <nd ref="1664033576"/>
    <nd ref="2396885541"/>
    <nd ref="1943752504"/>
    <nd ref="1664033575"/>
    <nd ref="472447195"/>
    <nd ref="2401040307"/>
    <nd ref="1625445408"/>
    <nd ref="472447073"/>
    <nd ref="2394599972"/>
    <tag k="highway" v="tertiary"/>
    <tag k="lanes" v="2"/>
    <tag k="maxspeed" v="30"/>
    <tag k="source" v="Bing 2010"/>
    <tag k="surface" v="paved"/>
  </way>
  <way id="39445398">
    <nd ref="735990780"/>
    <nd ref="3351004761"/>
    <nd ref="10769056762"/>
    <nd ref="11104513050"/>
    <nd ref="472447114"/>
    <nd ref="472447121"/>
    <nd ref="472447117"/>
    <nd ref="5422698107"/>
    <nd ref="1625445413"/>
    <nd ref="5422698113"/>
    <nd ref="472447134"/>
    <nd ref="472447135"/>
    <nd ref="472447128"/>
    <nd ref="472447141"/>
    <nd ref="472447145"/>
    <nd ref="1664033725"/>
    <nd ref="1664033731"/>
    <nd ref="472447020"/>
    <tag k="access" v="yes"/>
    <tag k="highway" v="unclassified"/>
    <tag k="name" v="仲通り"/>
    <tag k="name:ja" v="仲通り"/>
    <tag k="oneway" v="yes"/>
    <tag k="source" v="Bing 2010"/>
    <tag k="surface" v="paved"/>
  </way>
  <way id="39445399">
    <nd ref="472447063"/>
    <nd ref="1665929631"/>
    <nd ref="472447205"/>
    <nd ref="4717672236"/>
    <nd ref="472447061"/>
    <tag k="highway" v="unclassified"/>
    <tag k="oneway" v="yes"/>
    <tag k="surface" v="paved"/>
  </way>
  <way id="39445400">
    <nd ref="472447214"/>
    <nd ref="4717672326"/>
    <nd ref="1664033715"/>
    <tag k="highway" v="unclassified"/>
    <tag k="source" v="Bing 2010"/>
    <tag k="surface" v="paved"/>
  </way>
  <way id="39445401">
    <nd ref="472447073"/>
    <nd ref="472447100"/>
    <tag k="highway" v="residential"/>
    <tag k="oneway" v="yes"/>
  </way>
  <way id="39445403">
    <nd ref="295406745"/>
    <nd ref="2396885536"/>
    <nd ref="1943752415"/>
    <nd ref="472447202"/>
    <nd ref="2401040270"/>
    <nd ref="1625445408"/>
    <tag k="highway" v="unclassified"/>
    <tag k="source" v="Bing 2010"/>
    <tag k="surface" v="paved"/>
  </way>
  <way id="39445405">
    <nd ref="472447077"/>
    <nd ref="4717672190"/>
    <nd ref="4717672244"/>
    <nd ref="4717672243"/>
    <nd ref="472447078"/>
    <nd ref="472447079"/>
    <nd ref="4717672191"/>
    <nd ref="4717672192"/>
    <tag k="highway" v="unclassified"/>
    <tag k="source" v="Bing 2010"/>
    <tag k="surface" v="paved"/>
  </way>
  <way id="39445406">
    <nd ref="472447084"/>
    <nd ref="4717672235"/>
    <nd ref="4717672233"/>
    <nd ref="4717672234"/>
    <tag k="highway" v="unclassified"/>
    <tag k="oneway" v="yes"/>
    <tag k="source" v="bing"/>
    <tag k="surface" v="paved"/>
  </way>
  <way id="39445407">
    <nd ref="4717670522"/>
    <nd ref="4717670523"/>
    <nd ref="472447089"/>
    <nd ref="13524144469"/>
    <nd ref="472447090"/>
    <tag k="highway" v="residential"/>
    <tag k="source" v="Bing 2010"/>
    <tag k="surface" v="paved"/>
  </way>
  <way id="39445408">
    <nd ref="472447093"/>
    <nd ref="2401040316"/>
    <nd ref="472447090"/>
    <nd ref="472447068"/>
    <nd ref="472447075"/>
    <tag k="highway" v="unclassified"/>
    <tag k="oneway" v="yes"/>
    <tag k="source" v="Bing 2010"/>
    <tag k="surface" v="paved"/>
  </way>
  <way id="39445409">
    <nd ref="472447094"/>
    <nd ref="472447095"/>
    <tag k="highway" v="residential"/>
  </way>
  <way id="39445411">
    <nd ref="472447098"/>
    <nd ref="2401040309"/>
    <nd ref="472447097"/>
    <tag k="highway" v="residential"/>
    <tag k="oneway" v="yes"/>
    <tag k="source" v="Bing 2010"/>
    <tag k="surface" v="paved"/>
  </way>
  <way id="39445414">
    <nd ref="472447099"/>
    <nd ref="11879222765"/>
    <nd ref="472447100"/>
    <nd ref="8728235967"/>
    <nd ref="2394600019"/>
    <nd ref="735990792"/>
    <tag k="highway" v="residential"/>
    <tag k="oneway" v="yes"/>
    <tag k="source" v="Bing 2010"/>
    <tag k="surface" v="paved"/>
  </way>
  <way id="39445417">
    <nd ref="472447105"/>
    <nd ref="8728235975"/>
    <nd ref="1665929602"/>
    <nd ref="472447104"/>
    <nd ref="472447107"/>
    <nd ref="2401040303"/>
    <nd ref="472447108"/>
    <tag k="highway" v="residential"/>
    <tag k="lane_markings" v="yes"/>
    <tag k="lanes" v="2"/>
    <tag k="source" v="Bing 2010"/>
    <tag k="surface" v="asphalt"/>
  </way>
  <way id="39445419">
    <nd ref="1626142102"/>
    <nd ref="2393558961"/>
    <nd ref="472447126"/>
    <nd ref="472447114"/>
    <nd ref="472447113"/>
    <nd ref="5422306023"/>
    <nd ref="472447111"/>
    <nd ref="472447152"/>
    <nd ref="2401040308"/>
    <nd ref="472447110"/>
    <tag k="highway" v="residential"/>
    <tag k="maxspeed" v="30"/>
    <tag k="oneway" v="yes"/>
    <tag k="source" v="Bing 2010"/>
    <tag k="surface" v="paved"/>
  </way>
  <way id="39445421">
    <nd ref="472447051"/>
    <nd ref="5422701221"/>
    <nd ref="472447116"/>
    <nd ref="472447119"/>
    <nd ref="1664033582"/>
    <nd ref="472447113"/>
    <nd ref="3351004765"/>
    <nd ref="1664033573"/>
    <tag k="highway" v="unclassified"/>
    <tag k="oneway" v="yes"/>
    <tag k="source" v="Bing 2010"/>
    <tag k="surface" v="paved"/>
  </way>
  <way id="39445422">
    <nd ref="472447117"/>
    <nd ref="472447116"/>
    <tag k="highway" v="residential"/>
    <tag k="oneway" v="yes"/>
  </way>
  <way id="39445423">
    <nd ref="472447119"/>
    <nd ref="472447121"/>
    <nd ref="472447125"/>
    <nd ref="13159267479"/>
    <nd ref="2393558986"/>
    <nd ref="1626142103"/>
    <tag k="highway" v="residential"/>
    <tag k="oneway" v="yes"/>
    <tag k="source" v="Bing 2010"/>
    <tag k="surface" v="paved"/>
  </way>
  <way id="39445424">
    <nd ref="472447128"/>
    <nd ref="472447131"/>
    <tag k="highway" v="residential"/>
    <tag k="oneway" v="yes"/>
  </way>
  <way id="39445425">
    <nd ref="472447134"/>
    <nd ref="472447132"/>
    <tag k="highway" v="residential"/>
    <tag k="oneway" v="yes"/>
  </way>
  <way id="39445426">
    <nd ref="472447137"/>
    <nd ref="5422698115"/>
    <nd ref="472447136"/>
    <nd ref="472447138"/>
    <nd ref="1664033605"/>
    <nd ref="472447135"/>
    <tag k="highway" v="unclassified"/>
    <tag k="lane_markings" v="yes"/>
    <tag k="lanes" v="1"/>
    <tag k="oneway" v="yes"/>
    <tag k="surface" v="asphalt"/>
  </way>
  <way id="39445430">
    <nd ref="472447158"/>
    <nd ref="6281161539"/>
    <nd ref="472447159"/>
    <nd ref="3351004755"/>
    <nd ref="1626142076"/>
    <tag k="highway" v="unclassified"/>
    <tag k="source" v="Bing 2010"/>
    <tag k="surface" v="paved"/>
  </way>
  <way id="39445431">
    <nd ref="472447160"/>
    <nd ref="472447167"/>
    <nd ref="472447162"/>
    <tag k="highway" v="residential"/>
  </way>
  <way id="39445432">
    <nd ref="4717670519"/>
    <nd ref="472447165"/>
    <nd ref="4717670525"/>
    <nd ref="472447166"/>
    <tag k="highway" v="residential"/>
  </way>
  <way id="39445435">
    <nd ref="472447175"/>
    <nd ref="4717670538"/>
    <nd ref="472447176"/>
    <tag k="highway" v="residential"/>
  </way>
  <way id="39445437">
    <nd ref="472447180"/>
    <nd ref="6118971781"/>
    <nd ref="472447188"/>
    <nd ref="11879222766"/>
    <nd ref="472447182"/>
    <tag k="highway" v="unclassified"/>
    <tag k="oneway" v="yes"/>
  </way>
  <way id="39445439">
    <nd ref="472447183"/>
    <nd ref="6118971780"/>
    <nd ref="472447185"/>
    <tag k="highway" v="unclassified"/>
  </way>
  <way id="39445440">
    <nd ref="472447188"/>
    <nd ref="5865356244"/>
    <nd ref="7523403202"/>
    <nd ref="472447162"/>
    <tag k="highway" v="residential"/>
  </way>
  <way id="39445442">
    <nd ref="472447197"/>
    <nd ref="1943752514"/>
    <nd ref="472447198"/>
    <nd ref="472447200"/>
    <nd ref="472447202"/>
    <nd ref="2394600022"/>
    <nd ref="735990794"/>
    <tag k="highway" v="unclassified"/>
    <tag k="source" v="Bing 2010"/>
    <tag k="surface" v="paved"/>
  </way>
  <way id="39445448">
    <nd ref="9775081816"/>
    <nd ref="475368798"/>
    <nd ref="4716623405"/>
    <nd ref="1665929924"/>
    <nd ref="1665929898"/>
    <nd ref="475368804"/>
    <nd ref="475368797"/>
    <nd ref="475368820"/>
    <nd ref="1665929882"/>
    <nd ref="475368835"/>
    <nd ref="475368796"/>
    <nd ref="475368839"/>
    <nd ref="475368842"/>
    <nd ref="475368795"/>
    <nd ref="475368781"/>
    <nd ref="475368782"/>
    <nd ref="475368783"/>
    <nd ref="475368784"/>
    <nd ref="475368786"/>
    <nd ref="4717672354"/>
    <nd ref="472447220"/>
    <tag k="highway" v="residential"/>
    <tag k="oneway" v="yes"/>
    <tag k="source" v="Bing 2010"/>
    <tag k="surface" v="paved"/>
  </way>
  <way id="39445455">
    <nd ref="1664033757"/>
    <nd ref="4717672400"/>
    <nd ref="472447248"/>
    <tag k="highway" v="residential"/>
    <tag k="lane_markings" v="no"/>
    <tag k="oneway" v="yes"/>
    <tag k="source" v="Bing 2010"/>
    <tag k="surface" v="asphalt"/>
  </way>
  <way id="39445458">
    <nd ref="472447265"/>
    <nd ref="472447266"/>
    <nd ref="472447263"/>
    <nd ref="1665929835"/>
    <nd ref="4716623593"/>
    <nd ref="1665929846"/>
    <tag k="highway" v="residential"/>
    <tag k="lane_markings" v="yes"/>
    <tag k="lanes" v="1"/>
    <tag k="oneway" v="yes"/>
    <tag k="surface" v="asphalt"/>
  </way>
  <way id="39445463">
    <nd ref="1664033666"/>
    <nd ref="4717670585"/>
    <nd ref="12644659404"/>
    <nd ref="12644659402"/>
    <nd ref="3897767096"/>
    <nd ref="3897767094"/>
    <nd ref="6769476689"/>
    <nd ref="9791542150"/>
    <tag k="highway" v="primary"/>
    <tag k="lit" v="yes"/>
    <tag k="maxspeed" v="40"/>
    <tag k="name" v="環状4号線"/>
    <tag k="oneway" v="yes"/>
    <tag k="ref" v="302"/>
    <tag k="source" v="Bing 2010"/>
    <tag k="surface" v="paved"/>
  </way>
  <way id="39500917">
    <nd ref="473169350"/>
    <nd ref="473169357"/>
    <nd ref="1943752298"/>
    <nd ref="12477255154"/>
    <nd ref="4870614084"/>
    <tag k="highway" v="residential"/>
    <tag k="source" v="Bing 2010"/>
    <tag k="surface" v="paved"/>
  </way>
  <way id="39500922">
    <nd ref="473169360"/>
    <nd ref="473169361"/>
    <nd ref="473169363"/>
    <tag k="highway" v="residential"/>
    <tag k="source" v="Bing 2010"/>
    <tag k="surface" v="paved"/>
  </way>
  <way id="39501449">
    <nd ref="1504865494"/>
    <nd ref="3924911382"/>
    <nd ref="473173555"/>
    <nd ref="2857742955"/>
    <nd ref="6281290596"/>
    <nd ref="755804496"/>
    <tag k="highway" v="residential"/>
    <tag k="oneway" v="yes"/>
    <tag k="source" v="Bing 2010"/>
    <tag k="surface" v="paved"/>
  </way>
  <way id="39501450">
    <nd ref="735990749"/>
    <nd ref="6080000448"/>
    <nd ref="6185007143"/>
    <nd ref="755804489"/>
    <tag k="highway" v="residential"/>
    <tag k="source" v="Bing 2010"/>
    <tag k="surface" v="paved"/>
  </way>
  <way id="39501453">
    <nd ref="473173558"/>
    <nd ref="1504865344"/>
    <nd ref="1504865352"/>
    <nd ref="6281290599"/>
    <nd ref="473173559"/>
    <tag k="highway" v="residential"/>
  </way>
  <way id="39501454">
    <nd ref="473173560"/>
    <nd ref="1813858180"/>
    <nd ref="473173558"/>
    <nd ref="473173561"/>
    <nd ref="473173562"/>
    <nd ref="473173564"/>
    <nd ref="473173566"/>
    <nd ref="1504865304"/>
    <nd ref="6237216898"/>
    <nd ref="1504865303"/>
    <tag k="highway" v="residential"/>
    <tag k="source" v="Bing 2010"/>
    <tag k="surface" v="paved"/>
  </way>
  <way id="39501455">
    <nd ref="473173566"/>
    <nd ref="6237216899"/>
    <nd ref="1318940997"/>
    <tag k="highway" v="residential"/>
    <tag k="source" v="Bing 2010"/>
    <tag k="surface" v="paved"/>
  </way>
  <way id="39501457">
    <nd ref="473173571"/>
    <nd ref="473173578"/>
    <nd ref="6281161521"/>
    <nd ref="1504865278"/>
    <tag k="highway" v="residential"/>
  </way>
  <way id="39501461">
    <nd ref="473173582"/>
    <nd ref="6281161522"/>
    <nd ref="1504865192"/>
    <tag k="highway" v="residential"/>
    <tag k="source" v="Bing 2010"/>
    <tag k="surface" v="paved"/>
  </way>
  <way id="39501462">
    <nd ref="1504865150"/>
    <nd ref="473173587"/>
    <nd ref="473173585"/>
    <nd ref="1504865097"/>
    <nd ref="473173586"/>
    <tag k="highway" v="residential"/>
  </way>
  <way id="39501463">
    <nd ref="473173588"/>
    <nd ref="473173587"/>
    <tag k="highway" v="residential"/>
  </way>
  <way id="39501464">
    <nd ref="473173589"/>
    <nd ref="6281161530"/>
    <nd ref="473173590"/>
    <tag k="highway" v="residential"/>
    <tag k="source" v="Bing 2010"/>
    <tag k="surface" v="paved"/>
  </way>
  <way id="39655480">
    <nd ref="1666084426"/>
    <nd ref="2401069467"/>
    <nd ref="4716623465"/>
    <nd ref="475369285"/>
    <nd ref="1665978188"/>
    <nd ref="4716623464"/>
    <nd ref="1665978192"/>
    <tag k="highway" v="residential"/>
    <tag k="oneway" v="yes"/>
    <tag k="source" v="bing"/>
  </way>
  <way id="39655490">
    <nd ref="158030491"/>
    <nd ref="2393573047"/>
    <nd ref="472382858"/>
    <nd ref="472382808"/>
    <nd ref="472382906"/>
    <nd ref="2401069479"/>
    <nd ref="472382731"/>
    <nd ref="2401069428"/>
    <nd ref="472360350"/>
    <nd ref="1666084497"/>
    <nd ref="472382802"/>
    <nd ref="2401069437"/>
    <nd ref="472360349"/>
    <nd ref="2401069474"/>
    <nd ref="472382716"/>
    <nd ref="2401069488"/>
    <nd ref="472382883"/>
    <nd ref="7933069571"/>
    <nd ref="13584470516"/>
    <nd ref="7933069561"/>
    <nd ref="7933069567"/>
    <nd ref="9905815591"/>
    <nd ref="9905815589"/>
    <nd ref="9905815590"/>
    <nd ref="1142124381"/>
    <nd ref="9905815588"/>
    <nd ref="1666084451"/>
    <nd ref="2401069455"/>
    <nd ref="472360112"/>
    <tag k="cycleway:left" v="shared_lane"/>
    <tag k="cycleway:left:lane" v="pictogram"/>
    <tag k="highway" v="primary"/>
    <tag k="lanes" v="2"/>
    <tag k="maxspeed" v="40"/>
    <tag k="name" v="職安通り"/>
    <tag k="name:en" v="Shokuan Street"/>
    <tag k="name:es" v="Calle Shokuan"/>
    <tag k="name:fr" v="Rue Shokuan"/>
    <tag k="name:ja" v="職安通り"/>
    <tag k="name:ja-Hira" v="しょくあんどおり"/>
    <tag k="name:ja-Latn" v="Shokuan-dōri"/>
    <tag k="name:ko" v="쇼쿠안로"/>
    <tag k="name:zh" v="职安大街"/>
    <tag k="oneway" v="yes"/>
    <tag k="ref" v="302"/>
    <tag k="sidewalk" v="both"/>
    <tag k="surface" v="asphalt"/>
  </way>
  <way id="39655509">
    <nd ref="475368614"/>
    <nd ref="475368809"/>
    <nd ref="1665929774"/>
    <nd ref="475368811"/>
    <nd ref="475368617"/>
    <nd ref="475368615"/>
    <tag k="highway" v="tertiary"/>
  </way>
  <way id="39655510">
    <nd ref="475368617"/>
    <nd ref="475368619"/>
    <tag k="highway" v="residential"/>
  </way>
  <way id="39655511">
    <nd ref="475368622"/>
    <nd ref="475368815"/>
    <nd ref="475368621"/>
    <tag k="highway" v="residential"/>
  </way>
  <way id="39655538">
    <nd ref="475368773"/>
    <nd ref="4716623586"/>
    <nd ref="475368771"/>
    <tag k="highway" v="residential"/>
    <tag k="oneway" v="yes"/>
  </way>
  <way id="39655549">
    <nd ref="475368808"/>
    <nd ref="475368622"/>
    <tag k="highway" v="residential"/>
  </way>
  <way id="39655551">
    <nd ref="475368622"/>
    <nd ref="1665929811"/>
    <nd ref="475368851"/>
    <nd ref="475368850"/>
    <nd ref="475368960"/>
    <nd ref="1665929794"/>
    <nd ref="475368965"/>
    <nd ref="475368973"/>
    <nd ref="12853578645"/>
    <nd ref="475368970"/>
    <nd ref="475368811"/>
    <tag k="highway" v="residential"/>
  </way>
  <way id="39655552">
    <nd ref="475368796"/>
    <nd ref="4506493844"/>
    <nd ref="475368812"/>
    <nd ref="4506493842"/>
    <nd ref="475368818"/>
    <nd ref="475368845"/>
    <nd ref="4506493840"/>
    <nd ref="475368813"/>
    <nd ref="1665929847"/>
    <nd ref="1665929838"/>
    <nd ref="475368814"/>
    <nd ref="475368815"/>
    <tag k="highway" v="residential"/>
  </way>
  <way id="39655567">
    <nd ref="475368847"/>
    <nd ref="475368848"/>
    <nd ref="13533679550"/>
    <nd ref="475368849"/>
    <nd ref="1696208649"/>
    <nd ref="475368974"/>
    <nd ref="475368850"/>
    <tag k="highway" v="residential"/>
  </way>
  <way id="39655601">
    <nd ref="472447018"/>
    <nd ref="3221227627"/>
    <nd ref="3221227615"/>
    <nd ref="475368958"/>
    <nd ref="1664033862"/>
    <nd ref="1665929756"/>
    <nd ref="475368615"/>
    <tag k="highway" v="residential"/>
    <tag k="maxspeed" v="20"/>
  </way>
  <way id="39655602">
    <nd ref="475368615"/>
    <nd ref="1665929764"/>
    <nd ref="1665929773"/>
    <nd ref="475368849"/>
    <nd ref="475368959"/>
    <nd ref="475368621"/>
    <tag k="highway" v="residential"/>
  </way>
  <way id="39655603">
    <nd ref="475368959"/>
    <nd ref="472447015"/>
    <tag k="highway" v="residential"/>
  </way>
  <way id="39655609">
    <nd ref="475368974"/>
    <nd ref="475368976"/>
    <nd ref="475368617"/>
    <tag k="highway" v="residential"/>
  </way>
  <way id="39655610">
    <nd ref="475368973"/>
    <nd ref="12853578644"/>
    <nd ref="475368976"/>
    <tag k="highway" v="residential"/>
  </way>
  <way id="39655612">
    <nd ref="475368979"/>
    <nd ref="12477182649"/>
    <nd ref="475368982"/>
    <nd ref="4716623399"/>
    <nd ref="475368980"/>
    <tag k="highway" v="residential"/>
    <tag k="oneway" v="yes"/>
    <tag k="source" v="Bing 2010"/>
    <tag k="surface" v="paved"/>
  </way>
  <way id="39655698">
    <nd ref="475369337"/>
    <nd ref="4384720658"/>
    <nd ref="475369339"/>
    <nd ref="475369338"/>
    <tag k="highway" v="residential"/>
  </way>
  <way id="39683334">
    <nd ref="281490130"/>
    <nd ref="12520172316"/>
    <nd ref="12520172315"/>
    <nd ref="475762521"/>
    <nd ref="1237503181"/>
    <nd ref="475758763"/>
    <nd ref="475760618"/>
    <nd ref="475764574"/>
    <nd ref="475769486"/>
    <nd ref="1237503107"/>
    <nd ref="475759032"/>
    <nd ref="475758977"/>
    <tag k="highway" v="unclassified"/>
    <tag k="oneway" v="yes"/>
  </way>
  <way id="39683340">
    <nd ref="475760572"/>
    <nd ref="5181002311"/>
    <nd ref="5181002310"/>
    <nd ref="2393522945"/>
    <nd ref="475760524"/>
    <tag k="highway" v="unclassified"/>
  </way>
  <way id="39683341">
    <nd ref="475758763"/>
    <nd ref="475759450"/>
    <nd ref="475759244"/>
    <nd ref="1237984869"/>
    <nd ref="475759282"/>
    <nd ref="475758202"/>
    <tag k="highway" v="unclassified"/>
    <tag k="source" v="Bing"/>
  </way>
  <way id="39683342">
    <nd ref="475758010"/>
    <nd ref="475758058"/>
    <nd ref="1699223050"/>
    <nd ref="1582702983"/>
    <nd ref="475758097"/>
    <nd ref="475763662"/>
    <nd ref="475763832"/>
    <nd ref="475758152"/>
    <nd ref="475758180"/>
    <nd ref="1582702974"/>
    <nd ref="475764201"/>
    <nd ref="475765840"/>
    <nd ref="475758202"/>
    <nd ref="1237984831"/>
    <nd ref="475764816"/>
    <nd ref="475764764"/>
    <nd ref="475758237"/>
    <nd ref="475758341"/>
    <nd ref="3613410676"/>
    <nd ref="380493223"/>
    <nd ref="3615332903"/>
    <nd ref="12520137199"/>
    <nd ref="475758291"/>
    <tag k="cycleway:both" v="no"/>
    <tag k="highway" v="unclassified"/>
    <tag k="lane_markings" v="no"/>
    <tag k="lit" v="yes"/>
    <tag k="oneway" v="no"/>
    <tag k="source" v="Bing"/>
    <tag k="surface" v="asphalt"/>
  </way>
  <way id="39683361">
    <nd ref="475759032"/>
    <nd ref="475759123"/>
    <nd ref="475759090"/>
    <nd ref="1237503112"/>
    <nd ref="1237503174"/>
    <nd ref="475759174"/>
    <tag k="highway" v="residential"/>
  </way>
  <way id="39683365">
    <nd ref="475757834"/>
    <nd ref="2504465882"/>
    <nd ref="304610052"/>
    <tag k="highway" v="unclassified"/>
  </way>
  <way id="39683368">
    <nd ref="475757778"/>
    <nd ref="475769464"/>
    <nd ref="1582702980"/>
    <nd ref="475767338"/>
    <nd ref="1582702979"/>
    <nd ref="475757886"/>
    <nd ref="5908997430"/>
    <nd ref="475763519"/>
    <nd ref="5908997427"/>
    <nd ref="1582702981"/>
    <nd ref="1582702982"/>
    <nd ref="475757947"/>
    <nd ref="1582702983"/>
    <tag k="highway" v="unclassified"/>
    <tag k="source" v="Bing"/>
  </way>
  <way id="39683373">
    <nd ref="2321447925"/>
    <nd ref="475760320"/>
    <nd ref="475760355"/>
    <nd ref="2388380494"/>
    <nd ref="5248267316"/>
    <nd ref="5248267315"/>
    <nd ref="475771853"/>
    <nd ref="475771637"/>
    <nd ref="475771703"/>
    <nd ref="475770777"/>
    <nd ref="475770728"/>
    <nd ref="475771166"/>
    <nd ref="475771470"/>
    <nd ref="475770638"/>
    <nd ref="473173586"/>
    <tag k="cycleway:both" v="no"/>
    <tag k="highway" v="unclassified"/>
    <tag k="lane_markings" v="no"/>
    <tag k="lit" v="yes"/>
    <tag k="maxspeed" v="30"/>
    <tag k="noname" v="yes"/>
    <tag k="oneway" v="yes"/>
    <tag k="surface" v="asphalt"/>
  </way>
  <way id="39683407">
    <nd ref="475758638"/>
    <nd ref="475762635"/>
    <nd ref="1504865042"/>
    <nd ref="475762671"/>
    <nd ref="475759282"/>
    <nd ref="475762704"/>
    <nd ref="475764146"/>
    <nd ref="475764128"/>
    <nd ref="475762758"/>
    <nd ref="475762777"/>
    <nd ref="475764282"/>
    <nd ref="1237984807"/>
    <nd ref="475762840"/>
    <nd ref="1699312329"/>
    <nd ref="12339380134"/>
    <nd ref="475762927"/>
    <tag k="highway" v="unclassified"/>
    <tag k="source" v="Bing"/>
    <tag k="surface" v="asphalt"/>
  </way>
  <way id="39683408">
    <nd ref="1582702999"/>
    <nd ref="3193649612"/>
    <nd ref="475762875"/>
    <nd ref="475762888"/>
    <nd ref="12233687196"/>
    <nd ref="475762927"/>
    <tag k="highway" v="unclassified"/>
    <tag k="source" v="survey, bing"/>
    <tag k="surface" v="asphalt"/>
  </way>
  <way id="39683409">
    <nd ref="475763030"/>
    <nd ref="475763086"/>
    <nd ref="475762888"/>
    <tag k="highway" v="residential"/>
  </way>
  <way id="39683410">
    <nd ref="475763086"/>
    <nd ref="475763173"/>
    <nd ref="475763403"/>
    <nd ref="475763218"/>
    <nd ref="1582702995"/>
    <nd ref="475757532"/>
    <tag k="highway" v="residential"/>
  </way>
  <way id="39683411">
    <nd ref="475763218"/>
    <nd ref="475763257"/>
    <nd ref="475762875"/>
    <tag k="highway" v="residential"/>
  </way>
  <way id="39683412">
    <nd ref="475757606"/>
    <nd ref="475763358"/>
    <nd ref="475763314"/>
    <nd ref="475763437"/>
    <nd ref="1699223053"/>
    <nd ref="475758058"/>
    <tag k="highway" v="residential"/>
  </way>
  <way id="39683414">
    <nd ref="475763358"/>
    <nd ref="475763403"/>
    <tag k="highway" v="residential"/>
  </way>
  <way id="39683417">
    <nd ref="475763519"/>
    <nd ref="475763573"/>
    <nd ref="1582702976"/>
    <nd ref="1582702977"/>
    <nd ref="475763685"/>
    <nd ref="475763662"/>
    <tag k="highway" v="residential"/>
    <tag k="source" v="Bing"/>
  </way>
  <way id="39683421">
    <nd ref="475763832"/>
    <nd ref="475763880"/>
    <nd ref="475762777"/>
    <tag k="highway" v="residential"/>
    <tag k="source" v="Bing"/>
  </way>
  <way id="39683422">
    <nd ref="475763897"/>
    <nd ref="475764080"/>
    <nd ref="4506423293"/>
    <nd ref="475763941"/>
    <nd ref="1237984837"/>
    <nd ref="475764299"/>
    <tag k="highway" v="residential"/>
    <tag k="surface" v="asphalt"/>
  </way>
  <way id="39683423">
    <nd ref="475764048"/>
    <nd ref="475763880"/>
    <tag k="highway" v="residential"/>
    <tag k="source" v="Bing"/>
  </way>
  <way id="39683425">
    <nd ref="475763941"/>
    <nd ref="475762758"/>
    <nd ref="475758180"/>
    <tag k="highway" v="residential"/>
    <tag k="source" v="Bing"/>
  </way>
  <way id="39683426">
    <nd ref="475764080"/>
    <nd ref="475764128"/>
    <tag k="highway" v="residential"/>
    <tag k="source" v="Bing"/>
  </way>
  <way id="39683427">
    <nd ref="475764146"/>
    <nd ref="475764201"/>
    <tag k="highway" v="residential"/>
    <tag k="source" v="Bing"/>
  </way>
  <way id="39683431">
    <nd ref="475764299"/>
    <nd ref="4506423299"/>
    <nd ref="475758977"/>
    <tag k="highway" v="residential"/>
    <tag k="surface" v="asphalt"/>
  </way>
  <way id="39683433">
    <nd ref="5500579971"/>
    <nd ref="5500579968"/>
    <nd ref="2298275318"/>
    <nd ref="2298275319"/>
    <nd ref="13472577532"/>
    <nd ref="2237996743"/>
    <nd ref="1542765400"/>
    <tag k="highway" v="residential"/>
  </way>
  <way id="39683446">
    <nd ref="475762635"/>
    <nd ref="475764764"/>
    <tag k="highway" v="residential"/>
    <tag k="source" v="Bing"/>
  </way>
  <way id="39683449">
    <nd ref="475765141"/>
    <nd ref="12520172329"/>
    <nd ref="475765192"/>
    <nd ref="1237984815"/>
    <nd ref="475765087"/>
    <nd ref="475765250"/>
    <nd ref="475765290"/>
    <nd ref="475765340"/>
    <nd ref="475766029"/>
    <nd ref="4506423301"/>
    <tag k="highway" v="residential"/>
    <tag k="source" v="Bing"/>
  </way>
  <way id="39683453">
    <nd ref="475765340"/>
    <nd ref="475767669"/>
    <nd ref="475766146"/>
    <nd ref="475766272"/>
    <tag k="highway" v="residential"/>
  </way>
  <way id="39683455">
    <nd ref="4506423302"/>
    <nd ref="281366424"/>
    <nd ref="1504865070"/>
    <nd ref="475766481"/>
    <nd ref="1582702978"/>
    <nd ref="475766520"/>
    <tag k="highway" v="residential"/>
  </way>
  <way id="39683456">
    <nd ref="475766602"/>
    <nd ref="475768471"/>
    <nd ref="475766648"/>
    <nd ref="475766686"/>
    <nd ref="475766764"/>
    <nd ref="475766812"/>
    <nd ref="475766858"/>
    <nd ref="475766862"/>
    <nd ref="1582702941"/>
    <nd ref="1582702947"/>
    <nd ref="475766146"/>
    <nd ref="8364977378"/>
    <nd ref="1582702960"/>
    <tag k="highway" v="residential"/>
    <tag k="lit" v="yes"/>
    <tag k="surface" v="asphalt"/>
  </way>
  <way id="39683462">
    <nd ref="475767429"/>
    <nd ref="475767464"/>
    <nd ref="475767501"/>
    <nd ref="475767570"/>
    <nd ref="1582702932"/>
    <nd ref="1582702930"/>
    <nd ref="475760072"/>
    <nd ref="1582702927"/>
    <nd ref="475767534"/>
    <nd ref="475768282"/>
    <nd ref="5260661603"/>
    <nd ref="281518524"/>
    <nd ref="5260661593"/>
    <nd ref="475770602"/>
    <nd ref="475770554"/>
    <tag k="highway" v="residential"/>
    <tag k="lit" v="yes"/>
    <tag k="surface" v="asphalt"/>
  </way>
  <way id="39683495">
    <nd ref="475768938"/>
    <nd ref="475768964"/>
    <nd ref="1582702956"/>
    <nd ref="1582702953"/>
    <nd ref="475769008"/>
    <tag k="highway" v="residential"/>
  </way>
  <way id="39683497">
    <nd ref="475769049"/>
    <nd ref="1582702955"/>
    <nd ref="1582702954"/>
    <nd ref="475769323"/>
    <nd ref="475769008"/>
    <nd ref="475769093"/>
    <tag k="highway" v="residential"/>
  </way>
  <way id="39683499">
    <nd ref="475769229"/>
    <nd ref="5260661745"/>
    <nd ref="475769279"/>
    <nd ref="8107491508"/>
    <nd ref="475760146"/>
    <tag k="highway" v="residential"/>
    <tag k="lit" v="yes"/>
    <tag k="surface" v="asphalt"/>
  </way>
  <way id="39683500">
    <nd ref="475769279"/>
    <nd ref="475769323"/>
    <tag k="highway" v="residential"/>
    <tag k="lit" v="yes"/>
    <tag k="surface" v="asphalt"/>
  </way>
  <way id="39683501">
    <nd ref="475769337"/>
    <nd ref="475769371"/>
    <tag k="highway" v="residential"/>
  </way>
  <way id="39683502">
    <nd ref="475769399"/>
    <nd ref="5260661791"/>
    <nd ref="2504465906"/>
    <nd ref="304610053"/>
    <tag k="highway" v="residential"/>
  </way>
  <way id="39683505">
    <nd ref="475769426"/>
    <nd ref="475769464"/>
    <tag k="highway" v="residential"/>
  </way>
  <way id="39683506">
    <nd ref="475769486"/>
    <nd ref="475769536"/>
    <nd ref="475759174"/>
    <nd ref="1237503200"/>
    <nd ref="475769565"/>
    <nd ref="6282956282"/>
    <nd ref="475769614"/>
    <tag k="highway" v="unclassified"/>
  </way>
  <way id="39683508">
    <nd ref="1237503181"/>
    <nd ref="1237503191"/>
    <nd ref="475769782"/>
    <nd ref="1237503148"/>
    <nd ref="6282956283"/>
    <nd ref="281491575"/>
    <tag k="highway" v="unclassified"/>
    <tag k="oneway" v="yes"/>
  </way>
  <way id="39683511">
    <nd ref="475769932"/>
    <nd ref="6281908921"/>
    <nd ref="1502259470"/>
    <nd ref="1699185525"/>
    <nd ref="475769972"/>
    <nd ref="1502259453"/>
    <tag k="highway" v="residential"/>
  </way>
  <way id="39683513">
    <nd ref="1502259482"/>
    <nd ref="1813858091"/>
    <nd ref="6281908926"/>
    <nd ref="1813858097"/>
    <tag k="highway" v="residential"/>
    <tag k="surface" v="asphalt"/>
  </way>
  <way id="39683514">
    <nd ref="5500147180"/>
    <nd ref="1813858087"/>
    <nd ref="1813858069"/>
    <nd ref="1582703001"/>
    <nd ref="475770351"/>
    <nd ref="1542765403"/>
    <nd ref="1542765405"/>
    <nd ref="295416620"/>
    <nd ref="12231092042"/>
    <nd ref="1813863775"/>
    <tag k="highway" v="unclassified"/>
    <tag k="oneway" v="yes"/>
    <tag k="surface" v="asphalt"/>
  </way>
  <way id="39683515">
    <nd ref="475770391"/>
    <nd ref="6281908911"/>
    <nd ref="475770407"/>
    <tag k="highway" v="residential"/>
  </way>
  <way id="39683528">
    <nd ref="475770654"/>
    <nd ref="11255399694"/>
    <nd ref="11255399693"/>
    <nd ref="475771011"/>
    <nd ref="13420582953"/>
    <nd ref="1582702951"/>
    <nd ref="475760572"/>
    <nd ref="475770933"/>
    <nd ref="475770849"/>
    <nd ref="5181003090"/>
    <nd ref="1582702940"/>
    <nd ref="5181002308"/>
    <nd ref="1582702939"/>
    <nd ref="5180913960"/>
    <nd ref="475770701"/>
    <nd ref="5180913810"/>
    <nd ref="2321447933"/>
    <nd ref="5180913809"/>
    <nd ref="475771390"/>
    <nd ref="475770728"/>
    <tag k="fixme" v="Can cars cross here?"/>
    <tag k="highway" v="residential"/>
    <tag k="lane_markings" v="no"/>
    <tag k="lit" v="yes"/>
    <tag k="sidewalk:both" v="no"/>
    <tag k="source" v="Bing 2010"/>
    <tag k="surface" v="asphalt"/>
  </way>
  <way id="39683529">
    <nd ref="475770777"/>
    <nd ref="475771411"/>
    <nd ref="5180913802"/>
    <nd ref="475770815"/>
    <nd ref="1582702934"/>
    <nd ref="1582702928"/>
    <nd ref="1582702926"/>
    <nd ref="1582702924"/>
    <nd ref="1582702923"/>
    <nd ref="5180913963"/>
    <nd ref="1318940844"/>
    <nd ref="295403161"/>
    <tag k="highway" v="residential"/>
    <tag k="lanes" v="1"/>
  </way>
  <way id="39683533">
    <nd ref="475771011"/>
    <nd ref="475771083"/>
    <nd ref="5486423010"/>
    <nd ref="475771053"/>
    <tag k="highway" v="residential"/>
  </way>
  <way id="39683534">
    <nd ref="475771083"/>
    <nd ref="475771132"/>
    <nd ref="1582702951"/>
    <tag k="highway" v="residential"/>
  </way>
  <way id="39683535">
    <nd ref="475771166"/>
    <nd ref="475771382"/>
    <nd ref="475771231"/>
    <nd ref="5180913957"/>
    <nd ref="1318940828"/>
    <tag k="highway" v="residential"/>
    <tag k="source" v="Bing 2010"/>
    <tag k="surface" v="paved"/>
  </way>
  <way id="39683536">
    <nd ref="475771287"/>
    <nd ref="5180913953"/>
    <nd ref="1318940960"/>
    <tag k="highway" v="residential"/>
    <tag k="surface" v="paved"/>
  </way>
  <way id="39683537">
    <nd ref="2393522938"/>
    <nd ref="2393522940"/>
    <nd ref="1582702966"/>
    <nd ref="475771287"/>
    <nd ref="475771431"/>
    <nd ref="475771382"/>
    <nd ref="475771390"/>
    <nd ref="475771411"/>
    <tag k="highway" v="residential"/>
    <tag k="surface" v="paved"/>
  </way>
  <way id="39683538">
    <nd ref="475771431"/>
    <nd ref="475771531"/>
    <nd ref="475771470"/>
    <tag k="highway" v="residential"/>
  </way>
  <way id="39683556">
    <nd ref="475771703"/>
    <nd ref="475771735"/>
    <nd ref="475771568"/>
    <tag k="highway" v="residential"/>
    <tag k="lanes" v="1"/>
  </way>
  <way id="41568400">
    <nd ref="1237984876"/>
    <nd ref="8384616804"/>
    <nd ref="8384616796"/>
    <nd ref="8384616803"/>
    <nd ref="8384616802"/>
    <nd ref="8384616795"/>
    <nd ref="348216844"/>
    <nd ref="267810145"/>
    <nd ref="8384616800"/>
    <nd ref="1237984845"/>
    <nd ref="348216849"/>
    <nd ref="348216850"/>
    <nd ref="9382012272"/>
    <nd ref="348216851"/>
    <nd ref="348216853"/>
    <nd ref="9548632659"/>
    <nd ref="1973313115"/>
    <nd ref="9320507564"/>
    <nd ref="348216525"/>
    <nd ref="1973313089"/>
    <nd ref="9382012273"/>
    <nd ref="348216526"/>
    <nd ref="267810146"/>
    <nd ref="348216485"/>
    <nd ref="10982033127"/>
    <nd ref="1237984803"/>
    <nd ref="10980259292"/>
    <nd ref="1237984873"/>
    <nd ref="1237984861"/>
    <nd ref="1237984851"/>
    <nd ref="8303217756"/>
    <nd ref="1237984871"/>
    <nd ref="9320507143"/>
    <nd ref="267810149"/>
    <nd ref="9320507142"/>
    <nd ref="1237984821"/>
    <nd ref="589929864"/>
    <nd ref="9548659542"/>
    <nd ref="8303217755"/>
    <nd ref="9320507144"/>
    <nd ref="1237984811"/>
    <nd ref="589929865"/>
    <nd ref="9548632654"/>
    <nd ref="8303217754"/>
    <nd ref="9320507141"/>
    <nd ref="267810151"/>
    <nd ref="6337638637"/>
    <nd ref="9548632656"/>
    <nd ref="9320507140"/>
    <nd ref="267810152"/>
    <nd ref="9548632655"/>
    <nd ref="1973313114"/>
    <nd ref="6337638639"/>
    <nd ref="6334892917"/>
    <tag k="bicycle" v="no"/>
    <tag k="bridge" v="yes"/>
    <tag k="foot" v="no"/>
    <tag k="highway" v="motorway"/>
    <tag k="lanes" v="2"/>
    <tag k="layer" v="3"/>
    <tag k="lit" v="yes"/>
    <tag k="maxspeed" v="50"/>
    <tag k="motorcar" v="designated"/>
    <tag k="motorcycle" v="designated"/>
    <tag k="name" v="首都高速4号新宿線"/>
    <tag k="name:en" v="Route 4 Shinjuku Line"/>
    <tag k="name:es" v="Ruta 4 Shinjuku"/>
    <tag k="name:ja" v="首都高速4号新宿線"/>
    <tag k="name:ru" v="Шоссе Синдзюку"/>
    <tag k="oneway" v="yes"/>
    <tag k="ref" v="4"/>
    <tag k="smoothness" v="excellent"/>
    <tag k="source" v="image;Bing,2007-03"/>
    <tag k="surface" v="paved"/>
    <tag k="toll" v="yes"/>
  </way>
  <way id="45180953">
    <nd ref="573382869"/>
    <nd ref="573382871"/>
    <tag k="highway" v="residential"/>
  </way>
  <way id="45362349">
    <nd ref="317859849"/>
    <nd ref="1973313116"/>
    <nd ref="1973313112"/>
    <nd ref="1973313127"/>
    <nd ref="589929867"/>
    <nd ref="589929868"/>
    <nd ref="8286012467"/>
    <nd ref="1973313110"/>
    <nd ref="1973313093"/>
    <nd ref="317859834"/>
    <tag k="bicycle" v="no"/>
    <tag k="bridge" v="yes"/>
    <tag k="foot" v="no"/>
    <tag k="hgv:conditional" v="no @ (Sa 22:00-24:00; Su 00:00-07:00)"/>
    <tag k="highway" v="motorway_link"/>
    <tag k="lanes" v="1"/>
    <tag k="layer" v="2"/>
    <tag k="lit" v="yes"/>
    <tag k="maxspeed" v="40"/>
    <tag k="motorcar" v="designated"/>
    <tag k="motorcycle" v="designated"/>
    <tag k="oneway" v="yes"/>
    <tag k="smoothness" v="excellent"/>
    <tag k="source" v="Bing 2012"/>
    <tag k="surface" v="paved"/>
    <tag k="toll" v="yes"/>
  </way>
  <way id="45365730">
    <nd ref="1676478643"/>
    <nd ref="8303217736"/>
    <nd ref="8303217735"/>
    <nd ref="8303217733"/>
    <nd ref="8303217732"/>
    <nd ref="10605608267"/>
    <nd ref="6281908904"/>
    <nd ref="304611116"/>
    <tag k="foot" v="no"/>
    <tag k="highway" v="trunk"/>
    <tag k="lane_markings" v="yes"/>
    <tag k="lanes" v="3"/>
    <tag k="layer" v="1"/>
    <tag k="name" v="甲州街道"/>
    <tag k="name:en" v="Kōshū Kaidō"/>
    <tag k="name:es" v="Kōshū Kaidō"/>
    <tag k="name:etymology:wikidata" v="Q248723"/>
    <tag k="name:fr" v="Kōshū Kaidō"/>
    <tag k="name:ja" v="甲州街道"/>
    <tag k="name:ja-Hira" v="こうしゅうかいどう"/>
    <tag k="name:ja-Latn" v="Kōshū-kaidō"/>
    <tag k="name:ko" v="고슈 가이도"/>
    <tag k="name:zh" v="甲州街道"/>
    <tag k="nat_name" v="国道20号"/>
    <tag k="nat_name:en" v="National Highway Route 20"/>
    <tag k="oneway" v="yes"/>
    <tag k="ref" v="20"/>
    <tag k="source" v="Bing 2010"/>
    <tag k="surface" v="paved"/>
    <tag k="wikidata" v="Q430608"/>
  </way>
  <way id="45365731">
    <nd ref="1676478645"/>
    <nd ref="5326353756"/>
    <nd ref="5326353755"/>
    <nd ref="3996889219"/>
    <tag k="access" v="yes"/>
    <tag k="bridge" v="yes"/>
    <tag k="highway" v="trunk"/>
    <tag k="lanes" v="3"/>
    <tag k="layer" v="2"/>
    <tag k="maxweight:signed" v="no"/>
    <tag k="name" v="甲州街道"/>
    <tag k="name:en" v="Kōshū Kaidō"/>
    <tag k="name:es" v="Kōshū Kaidō"/>
    <tag k="name:etymology:wikidata" v="Q248723"/>
    <tag k="name:fr" v="Kōshū Kaidō"/>
    <tag k="name:ja" v="甲州街道"/>
    <tag k="name:ja-Hira" v="こうしゅうかいどう"/>
    <tag k="name:ja-Latn" v="Kōshū-kaidō"/>
    <tag k="name:ko" v="고슈 가이도"/>
    <tag k="name:zh" v="甲州街道"/>
    <tag k="nat_name" v="国道20号"/>
    <tag k="nat_name:en" v="National Highway Route 20"/>
    <tag k="oneway" v="yes"/>
    <tag k="ref" v="20"/>
    <tag k="source" v="Bing 2010"/>
    <tag k="surface" v="paved"/>
    <tag k="wikidata" v="Q430608"/>
  </way>
  <way id="45365732">
    <nd ref="3979031308"/>
    <nd ref="8303217737"/>
    <nd ref="3979031307"/>
    <nd ref="5326353757"/>
    <nd ref="1676478643"/>
    <tag k="access" v="yes"/>
    <tag k="bridge" v="yes"/>
    <tag k="highway" v="trunk"/>
    <tag k="lanes" v="3"/>
    <tag k="layer" v="2"/>
    <tag k="maxweight:signed" v="no"/>
    <tag k="name" v="甲州街道"/>
    <tag k="name:en" v="Kōshū Kaidō"/>
    <tag k="name:es" v="Kōshū Kaidō"/>
    <tag k="name:etymology:wikidata" v="Q248723"/>
    <tag k="name:fr" v="Kōshū Kaidō"/>
    <tag k="name:ja" v="甲州街道"/>
    <tag k="name:ja-Hira" v="こうしゅうかいどう"/>
    <tag k="name:ja-Latn" v="Kōshū-kaidō"/>
    <tag k="name:ko" v="고슈 가이도"/>
    <tag k="name:zh" v="甲州街道"/>
    <tag k="nat_name" v="国道20号"/>
    <tag k="nat_name:en" v="National Highway Route 20"/>
    <tag k="oneway" v="yes"/>
    <tag k="ref" v="20"/>
    <tag k="source" v="Bing 2010"/>
    <tag k="surface" v="paved"/>
    <tag k="wikidata" v="Q430608"/>
  </way>
  <way id="45365733">
    <nd ref="1502259735"/>
    <nd ref="1502259734"/>
    <nd ref="2393558989"/>
    <nd ref="295403278"/>
    <tag k="access" v="yes"/>
    <tag k="highway" v="trunk"/>
    <tag k="lanes" v="4"/>
    <tag k="name" v="甲州街道"/>
    <tag k="name:en" v="Koshu-kaido Avenue"/>
    <tag k="name:es" v="Koshu Kaido"/>
    <tag k="name:fr" v="Kōshū Kaidō"/>
    <tag k="name:ja" v="甲州街道"/>
    <tag k="name:ja-Hira" v="こうしゅうかいどう"/>
    <tag k="name:ja-Latn" v="Kōshū Kaidō"/>
    <tag k="name:ko" v="고슈 가이도"/>
    <tag k="name:zh" v="甲州街道"/>
    <tag k="nat_name" v="国道20号"/>
    <tag k="nat_name:en" v="National Highway Route 20"/>
    <tag k="oneway" v="yes"/>
    <tag k="ref" v="20"/>
    <tag k="source" v="Bing 2010"/>
    <tag k="surface" v="paved"/>
    <tag k="turn:lanes" v="left|through|through|right"/>
    <tag k="wikidata" v="Q1156682"/>
  </way>
  <way id="45645668">
    <nd ref="472360112"/>
    <nd ref="2401069466"/>
    <nd ref="472360253"/>
    <nd ref="9905815585"/>
    <nd ref="9905815582"/>
    <nd ref="472360484"/>
    <nd ref="9905815583"/>
    <nd ref="9905815578"/>
    <nd ref="472360258"/>
    <nd ref="10694243931"/>
    <nd ref="9905815570"/>
    <nd ref="472360260"/>
    <nd ref="9905815561"/>
    <nd ref="10694243920"/>
    <nd ref="472360283"/>
    <nd ref="9905815569"/>
    <nd ref="1666084384"/>
    <nd ref="9905815559"/>
    <nd ref="472360311"/>
    <nd ref="472360310"/>
    <nd ref="472360303"/>
    <nd ref="1139149650"/>
    <nd ref="9905815552"/>
    <nd ref="9905815553"/>
    <nd ref="9905815554"/>
    <nd ref="472360127"/>
    <nd ref="9905815536"/>
    <nd ref="9905815535"/>
    <nd ref="9905815533"/>
    <nd ref="9905815534"/>
    <nd ref="5498297393"/>
    <nd ref="4999004875"/>
    <nd ref="5498297390"/>
    <nd ref="3116465011"/>
    <nd ref="3116465016"/>
    <nd ref="9905815528"/>
    <nd ref="9905815529"/>
    <nd ref="581805155"/>
    <nd ref="9905815519"/>
    <nd ref="9905815520"/>
    <nd ref="5498297374"/>
    <nd ref="3588938015"/>
    <nd ref="563777514"/>
    <tag k="highway" v="primary"/>
    <tag k="maxspeed" v="40"/>
    <tag k="name" v="税務署通り"/>
    <tag k="name:en" v="Zeimusho-dori"/>
    <tag k="name:es" v="Calle Zeimusho"/>
    <tag k="oneway" v="yes"/>
    <tag k="ref" v="302"/>
    <tag k="surface" v="asphalt"/>
  </way>
  <way id="45656693">
    <nd ref="472360146"/>
    <nd ref="2865894698"/>
    <nd ref="7858565515"/>
    <nd ref="2865895512"/>
    <nd ref="472360456"/>
    <nd ref="2865895520"/>
    <nd ref="10765230054"/>
    <nd ref="472360412"/>
    <nd ref="472360453"/>
    <nd ref="472360442"/>
    <nd ref="472360458"/>
    <nd ref="472360443"/>
    <nd ref="472360449"/>
    <nd ref="2039181094"/>
    <nd ref="472360389"/>
    <nd ref="472360150"/>
    <nd ref="472360394"/>
    <nd ref="7865061163"/>
    <nd ref="2039181151"/>
    <nd ref="472360390"/>
    <nd ref="472360382"/>
    <nd ref="7865126771"/>
    <nd ref="472360369"/>
    <nd ref="472360152"/>
    <nd ref="472360363"/>
    <nd ref="472360153"/>
    <nd ref="6366687328"/>
    <nd ref="1094547572"/>
    <nd ref="1094547357"/>
    <tag k="highway" v="unclassified"/>
    <tag k="oneway" v="yes"/>
  </way>
  <way id="45763023">
    <nd ref="582802726"/>
    <nd ref="2503429948"/>
    <nd ref="2503429955"/>
    <nd ref="2503429965"/>
    <nd ref="1582703020"/>
    <nd ref="430170101"/>
    <tag k="highway" v="secondary"/>
    <tag k="lanes" v="3"/>
    <tag k="name" v="都庁通り"/>
    <tag k="name:en" v="Tocho-dori Ave."/>
    <tag k="name:es" v="Calle Tocho"/>
    <tag k="name:ja" v="都庁通り"/>
    <tag k="name:ko" v="토쵸도리"/>
    <tag k="oneway" v="yes"/>
    <tag k="ref" v="副11"/>
    <tag k="source" v="Bing 2012"/>
    <tag k="surface" v="paved"/>
  </way>
  <way id="45763024">
    <nd ref="295416696"/>
    <nd ref="5500361319"/>
    <nd ref="2503429971"/>
    <nd ref="1715877599"/>
    <nd ref="1715877597"/>
    <tag k="highway" v="secondary"/>
    <tag k="lanes" v="3"/>
    <tag k="name" v="議事堂通り"/>
    <tag k="name:en" v="Gijido-dori Avenue"/>
    <tag k="name:es" v="Avenida Gijido-dori"/>
    <tag k="name:ja" v="議事堂通り"/>
    <tag k="oneway" v="yes"/>
    <tag k="ref" v="副10"/>
    <tag k="source" v="Bing 2012"/>
    <tag k="surface" v="paved"/>
  </way>
  <way id="45763025">
    <nd ref="6281908939"/>
    <nd ref="3122009279"/>
    <nd ref="472359997"/>
    <nd ref="10605594260"/>
    <nd ref="2389061790"/>
    <nd ref="582802730"/>
    <tag k="highway" v="secondary"/>
    <tag k="lanes" v="3"/>
    <tag k="maxspeed" v="50"/>
    <tag k="name" v="中央通り"/>
    <tag k="name:en" v="Chuo-dori Avenue"/>
    <tag k="name:es" v="Avenida Chuo-dori"/>
    <tag k="name:ja" v="中央通り"/>
    <tag k="name:ko" v="주오도리"/>
    <tag k="oneway" v="yes"/>
    <tag k="ref" v="副4"/>
    <tag k="surface" v="paved"/>
  </way>
  <way id="45763026">
    <nd ref="1716064635"/>
    <nd ref="295416486"/>
    <tag k="highway" v="secondary"/>
    <tag k="name" v="中央通り"/>
    <tag k="name:en" v="Chuo-dori Avenue"/>
    <tag k="name:ja" v="中央通り"/>
    <tag k="name:ko" v="주오도리"/>
    <tag k="oneway" v="yes"/>
    <tag k="ref" v="副4"/>
    <tag k="surface" v="asphalt"/>
  </way>
  <way id="45763027">
    <nd ref="582802725"/>
    <nd ref="582802726"/>
    <tag k="bridge" v="yes"/>
    <tag k="foot" v="no"/>
    <tag k="highway" v="secondary"/>
    <tag k="lanes" v="3"/>
    <tag k="layer" v="2"/>
    <tag k="name" v="都庁通り"/>
    <tag k="name:en" v="Tocho-dori Ave."/>
    <tag k="name:es" v="Calle Tocho"/>
    <tag k="name:ja" v="都庁通り"/>
    <tag k="name:ko" v="토쵸도리"/>
    <tag k="oneway" v="yes"/>
    <tag k="ref" v="副11"/>
    <tag k="source" v="Bing 2012"/>
    <tag k="surface" v="asphalt"/>
  </way>
  <way id="45763028">
    <nd ref="471970153"/>
    <nd ref="295416696"/>
    <tag k="bridge" v="yes"/>
    <tag k="highway" v="secondary"/>
    <tag k="lanes" v="3"/>
    <tag k="layer" v="2"/>
    <tag k="name" v="議事堂通り"/>
    <tag k="name:en" v="Gijido-dori Avenue"/>
    <tag k="name:es" v="Avenida Gijido-dori"/>
    <tag k="name:ja" v="議事堂通り"/>
    <tag k="oneway" v="yes"/>
    <tag k="ref" v="副10"/>
    <tag k="source" v="Bing 2012"/>
    <tag k="surface" v="paved"/>
  </way>
  <way id="45766792">
    <nd ref="582844288"/>
    <nd ref="295416651"/>
    <tag k="bridge" v="yes"/>
    <tag k="highway" v="secondary"/>
    <tag k="lanes" v="3"/>
    <tag k="layer" v="2"/>
    <tag k="name" v="議事堂通り"/>
    <tag k="name:en" v="Gijido-dori Avenue"/>
    <tag k="name:es" v="Avenida Gijido-dori"/>
    <tag k="name:ja" v="議事堂通り"/>
    <tag k="oneway" v="yes"/>
    <tag k="ref" v="副10"/>
    <tag k="source" v="Bing 2012"/>
    <tag k="surface" v="paved"/>
  </way>
  <way id="45766793">
    <nd ref="430170096"/>
    <nd ref="1715874864"/>
    <tag k="bridge" v="yes"/>
    <tag k="highway" v="secondary"/>
    <tag k="lanes" v="3"/>
    <tag k="layer" v="1"/>
    <tag k="name" v="都庁通り"/>
    <tag k="name:es" v="Calle Tocho"/>
    <tag k="name:ja" v="都庁通り"/>
    <tag k="name:ko" v="토쵸도리"/>
    <tag k="oneway" v="yes"/>
    <tag k="ref" v="副11"/>
    <tag k="surface" v="asphalt"/>
  </way>
  <way id="45766794">
    <nd ref="582844292"/>
    <nd ref="582844289"/>
    <tag k="bridge" v="yes"/>
    <tag k="highway" v="secondary"/>
    <tag k="lanes" v="3"/>
    <tag k="layer" v="2"/>
    <tag k="name" v="議事堂通り"/>
    <tag k="name:en" v="Gijido-dori Avenue"/>
    <tag k="name:es" v="Avenida Gijido-dori"/>
    <tag k="name:ja" v="議事堂通り"/>
    <tag k="oneway" v="yes"/>
    <tag k="ref" v="副10"/>
    <tag k="source" v="Bing 2012"/>
    <tag k="surface" v="paved"/>
  </way>
  <way id="45766795">
    <nd ref="582844285"/>
    <nd ref="430170096"/>
    <tag k="bridge" v="yes"/>
    <tag k="highway" v="secondary"/>
    <tag k="lanes" v="3"/>
    <tag k="layer" v="2"/>
    <tag k="name" v="都庁通り"/>
    <tag k="name:en" v="Tocho-dori Ave."/>
    <tag k="name:es" v="Calle Tocho"/>
    <tag k="name:ja" v="都庁通り"/>
    <tag k="name:ko" v="토쵸도리"/>
    <tag k="oneway" v="yes"/>
    <tag k="ref" v="副11"/>
    <tag k="source" v="Bing 2012"/>
    <tag k="surface" v="asphalt"/>
  </way>
  <way id="45766796">
    <nd ref="582844289"/>
    <nd ref="5497793616"/>
    <nd ref="5497795522"/>
    <nd ref="582844286"/>
    <nd ref="11934469728"/>
    <nd ref="1715900545"/>
    <nd ref="11934469726"/>
    <nd ref="5498655291"/>
    <nd ref="13819648491"/>
    <nd ref="5498655295"/>
    <tag k="highway" v="secondary"/>
    <tag k="lanes" v="3"/>
    <tag k="maxspeed" v="50"/>
    <tag k="name" v="議事堂通り"/>
    <tag k="name:en" v="Gijido-dori Avenue"/>
    <tag k="name:es" v="Avenida Gijido-dori"/>
    <tag k="name:ja" v="議事堂通り"/>
    <tag k="oneway" v="yes"/>
    <tag k="ref" v="副10"/>
    <tag k="source" v="Bing 2012"/>
    <tag k="surface" v="asphalt"/>
  </way>
  <way id="45766797">
    <nd ref="295416628"/>
    <nd ref="11934469727"/>
    <nd ref="582844287"/>
    <nd ref="582844288"/>
    <tag k="highway" v="secondary"/>
    <tag k="lanes" v="3"/>
    <tag k="maxspeed" v="50"/>
    <tag k="name" v="議事堂通り"/>
    <tag k="name:en" v="Gijido-dori Avenue"/>
    <tag k="name:es" v="Avenida Gijido-dori"/>
    <tag k="name:ja" v="議事堂通り"/>
    <tag k="oneway" v="yes"/>
    <tag k="ref" v="副10"/>
    <tag k="source" v="Bing 2012"/>
    <tag k="surface" v="asphalt"/>
  </way>
  <way id="45766798">
    <nd ref="295416651"/>
    <nd ref="5505206555"/>
    <nd ref="5498655273"/>
    <nd ref="5505206557"/>
    <nd ref="471970153"/>
    <tag k="highway" v="secondary"/>
    <tag k="lanes" v="3"/>
    <tag k="layer" v="2"/>
    <tag k="name" v="議事堂通り"/>
    <tag k="name:en" v="Gijido-dori Avenue"/>
    <tag k="name:es" v="Avenida Gijido-dori"/>
    <tag k="name:ja" v="議事堂通り"/>
    <tag k="oneway" v="yes"/>
    <tag k="ref" v="副10"/>
    <tag k="source" v="Bing 2012"/>
    <tag k="surface" v="paved"/>
  </way>
  <way id="45766799">
    <nd ref="582844290"/>
    <nd ref="582844291"/>
    <tag k="bridge" v="yes"/>
    <tag k="highway" v="secondary"/>
    <tag k="lanes" v="3"/>
    <tag k="layer" v="2"/>
    <tag k="name" v="議事堂通り"/>
    <tag k="name:en" v="Gijido-dori Avenue"/>
    <tag k="name:es" v="Avenida Gijido-dori"/>
    <tag k="name:ja" v="議事堂通り"/>
    <tag k="oneway" v="yes"/>
    <tag k="ref" v="副10"/>
    <tag k="source" v="Bing 2012"/>
    <tag k="surface" v="paved"/>
  </way>
  <way id="45766800">
    <nd ref="582844291"/>
    <nd ref="5497793590"/>
    <nd ref="5498655274"/>
    <nd ref="5497793597"/>
    <nd ref="582844292"/>
    <tag k="highway" v="secondary"/>
    <tag k="lanes" v="3"/>
    <tag k="layer" v="2"/>
    <tag k="name" v="議事堂通り"/>
    <tag k="name:en" v="Gijido-dori Avenue"/>
    <tag k="name:es" v="Avenida Gijido-dori"/>
    <tag k="name:ja" v="議事堂通り"/>
    <tag k="oneway" v="yes"/>
    <tag k="ref" v="副10"/>
    <tag k="source" v="Bing 2012"/>
    <tag k="surface" v="paved"/>
  </way>
  <way id="53154970">
    <nd ref="1502259390"/>
    <nd ref="11255399713"/>
    <nd ref="5459062528"/>
    <nd ref="11255399714"/>
    <nd ref="11255399726"/>
    <nd ref="1502259338"/>
    <nd ref="11255399678"/>
    <nd ref="11255399677"/>
    <nd ref="1502259309"/>
    <nd ref="1502259298"/>
    <nd ref="11255399674"/>
    <nd ref="672693055"/>
    <nd ref="11255399675"/>
    <nd ref="11255399676"/>
    <nd ref="11255399648"/>
    <nd ref="11255399705"/>
    <nd ref="2502322099"/>
    <nd ref="672693054"/>
    <nd ref="11255399644"/>
    <nd ref="2502322094"/>
    <nd ref="2502322089"/>
    <nd ref="11255399645"/>
    <nd ref="11255399646"/>
    <nd ref="1504865096"/>
    <nd ref="11255399701"/>
    <nd ref="11255399702"/>
    <nd ref="11255399691"/>
    <nd ref="11255399692"/>
    <nd ref="1582702964"/>
    <nd ref="2502322065"/>
    <nd ref="475770654"/>
    <tag k="highway" v="unclassified"/>
    <tag k="maxspeed" v="30"/>
    <tag k="oneway" v="no"/>
    <tag k="source" v="Bing 2010"/>
    <tag k="surface" v="paved"/>
  </way>
  <way id="59147659">
    <nd ref="2856079121"/>
    <nd ref="733235049"/>
    <nd ref="4716622886"/>
    <nd ref="475368586"/>
    <nd ref="9775232219"/>
    <nd ref="475368584"/>
    <nd ref="475368580"/>
    <tag k="highway" v="residential"/>
    <tag k="source" v="Bing 2010"/>
    <tag k="surface" v="paved"/>
  </way>
  <way id="59285321">
    <nd ref="5500054935"/>
    <nd ref="10074080377"/>
    <nd ref="2394607072"/>
    <nd ref="1813863739"/>
    <tag k="foot" v="no"/>
    <tag k="highway" v="primary"/>
    <tag k="lanes" v="2"/>
    <tag k="name" v="青梅街道"/>
    <tag k="name:en" v="Ome-Kaido Avenue"/>
    <tag k="name:es" v="Ome Kaido"/>
    <tag k="name:ja" v="青梅街道"/>
    <tag k="name:ja-Hira" v="おうめかいどう"/>
    <tag k="name:ko" v="오우메 가이도"/>
    <tag k="name:zh" v="青梅街道"/>
    <tag k="oneway" v="yes"/>
    <tag k="ref" v="4;5"/>
    <tag k="source" v="Bing 2010"/>
    <tag k="surface" v="paved"/>
  </way>
  <way id="59339114">
    <nd ref="735990793"/>
    <nd ref="2394600068"/>
    <tag k="highway" v="tertiary"/>
    <tag k="lanes" v="2"/>
    <tag k="lit" v="yes"/>
    <tag k="maxspeed" v="40"/>
    <tag k="name" v="新宿通り"/>
    <tag k="name:en" v="Shinjuku-dori Ave."/>
    <tag k="name:es" v="Calle Shinjuku"/>
    <tag k="name:etymology:wikidata" v="Q179645"/>
    <tag k="name:fr" v="Rue Shinjuku"/>
    <tag k="name:ja" v="新宿通り"/>
    <tag k="name:ja-Hira" v="しんじゅくどおり"/>
    <tag k="name:ja-Latn" v="Shinjuku-dōri"/>
    <tag k="name:ko" v="신쥬쿠로"/>
    <tag k="name:zh" v="新宿大街"/>
    <tag k="oneway" v="yes"/>
    <tag k="source" v="Bing 2010"/>
    <tag k="surface" v="paved"/>
    <tag k="was:ref" v="430"/>
    <tag k="wikidata" v="Q24886614"/>
  </way>
  <way id="59339165">
    <nd ref="295403282"/>
    <nd ref="1681472823"/>
    <nd ref="735991530"/>
    <nd ref="735991531"/>
    <nd ref="735991532"/>
    <nd ref="735991534"/>
    <nd ref="1681472685"/>
    <nd ref="735991535"/>
    <nd ref="1681472681"/>
    <nd ref="1625445407"/>
    <tag k="bicycle" v="no"/>
    <tag k="foot" v="no"/>
    <tag k="highway" v="trunk"/>
    <tag k="horse" v="no"/>
    <tag k="lanes" v="2"/>
    <tag k="layer" v="-1"/>
    <tag k="maxspeed" v="60"/>
    <tag k="name" v="甲州街道"/>
    <tag k="name:en" v="Koshu-kaido Avenue"/>
    <tag k="name:es" v="Koshu Kaido"/>
    <tag k="name:fr" v="Kōshū Kaidō"/>
    <tag k="name:ja" v="甲州街道"/>
    <tag k="name:ja-Hira" v="こうしゅうかいどう"/>
    <tag k="name:ja-Latn" v="Kōshū Kaidō"/>
    <tag k="name:ko" v="고슈 가이도"/>
    <tag k="name:zh" v="甲州街道"/>
    <tag k="nat_name" v="国道20号"/>
    <tag k="nat_name:en" v="National Highway Route 20"/>
    <tag k="nat_name:fr" v="Route nationale 20"/>
    <tag k="nat_name:ja-Hira" v="こくどう にじゅう ごう"/>
    <tag k="nat_name:ja-Latn" v="Kokudō 20-gō"/>
    <tag k="oneway" v="yes"/>
    <tag k="ref" v="20"/>
    <tag k="source" v="Bing 2010"/>
    <tag k="start_date" v="1991-12-21"/>
    <tag k="surface" v="paved"/>
    <tag k="tunnel" v="yes"/>
    <tag k="tunnel:name" v="新宿御苑トンネル"/>
    <tag k="tunnel:name:fr" v="Tunnel du Jardin impérial de Shinjuku"/>
    <tag k="tunnel:name:ja-Hira" v="しんじゅく ぎょえん トンネル"/>
    <tag k="tunnel:name:ja-Latn" v="Shinjuku-goen ton'neru"/>
    <tag k="tunnel:wikidata" v="Q11501843"/>
    <tag k="wikidata" v="Q1156682"/>
  </way>
  <way id="60719572">
    <nd ref="760157612"/>
    <nd ref="5498585127"/>
    <nd ref="295423004"/>
    <nd ref="295422996"/>
    <nd ref="5498585121"/>
    <nd ref="472359843"/>
    <nd ref="5498584298"/>
    <nd ref="2255060413"/>
    <tag k="highway" v="secondary"/>
    <tag k="name" v="ふれあい通り"/>
    <tag k="name:en" v="Fureai-dori Avenue"/>
    <tag k="name:es" v="Calle Fureai"/>
    <tag k="name:ja" v="ふれあい通り"/>
    <tag k="oneway" v="yes"/>
    <tag k="ref" v="副3"/>
  </way>
  <way id="60719573">
    <nd ref="760157616"/>
    <nd ref="12338990585"/>
    <nd ref="760157612"/>
    <tag k="highway" v="secondary"/>
    <tag k="layer" v="-1"/>
    <tag k="name" v="ふれあい通り"/>
    <tag k="name:en" v="Fureai-dori Avenue"/>
    <tag k="name:es" v="Calle Fureai"/>
    <tag k="name:ja" v="ふれあい通り"/>
    <tag k="oneway" v="yes"/>
    <tag k="ref" v="副3"/>
    <tag k="surface" v="asphalt"/>
    <tag k="tunnel" v="yes"/>
  </way>
  <way id="60719576">
    <nd ref="760157609"/>
    <nd ref="2256347603"/>
    <nd ref="12338990584"/>
    <nd ref="760157613"/>
    <tag k="highway" v="secondary"/>
    <tag k="layer" v="-1"/>
    <tag k="name" v="ふれあい通り"/>
    <tag k="name:en" v="Fureai-dori Avenue"/>
    <tag k="name:es" v="Calle Fureai"/>
    <tag k="name:ja" v="ふれあい通り"/>
    <tag k="oneway" v="yes"/>
    <tag k="ref" v="副3"/>
    <tag k="surface" v="asphalt"/>
    <tag k="tunnel" v="yes"/>
  </way>
  <way id="60719577">
    <nd ref="760157613"/>
    <nd ref="2449182777"/>
    <tag k="highway" v="secondary"/>
    <tag k="lanes" v="2"/>
    <tag k="layer" v="1"/>
    <tag k="lit" v="yes"/>
    <tag k="name" v="ふれあい通り"/>
    <tag k="name:en" v="Fureai-dori Avenue"/>
    <tag k="name:es" v="Calle Fureai"/>
    <tag k="name:ja" v="ふれあい通り"/>
    <tag k="oneway" v="yes"/>
    <tag k="ref" v="副3"/>
    <tag k="smoothness" v="excellent"/>
    <tag k="source" v="Bing 2012"/>
    <tag k="surface" v="asphalt"/>
  </way>
  <way id="67113649">
    <nd ref="304610252"/>
    <nd ref="3193649616"/>
    <nd ref="1502259747"/>
    <nd ref="472359970"/>
    <tag k="highway" v="residential"/>
    <tag k="lane_markings" v="no"/>
    <tag k="surface" v="asphalt"/>
  </way>
  <way id="72457417">
    <nd ref="2401050130"/>
    <nd ref="6118971777"/>
    <nd ref="11273754025"/>
    <nd ref="11274801921"/>
    <nd ref="472383050"/>
    <nd ref="11286819960"/>
    <nd ref="11286819963"/>
    <nd ref="472383059"/>
    <tag k="highway" v="unclassified"/>
    <tag k="level" v="0"/>
    <tag k="oneway" v="yes"/>
    <tag k="surface" v="paved"/>
  </way>
  <way id="72457420">
    <nd ref="472383048"/>
    <nd ref="11286893487"/>
    <nd ref="2393558945"/>
    <nd ref="472383046"/>
    <tag k="highway" v="unclassified"/>
    <tag k="oneway" v="yes"/>
    <tag k="source" v="Bing 2010"/>
    <tag k="surface" v="paved"/>
  </way>
  <way id="84154065">
    <nd ref="978985090"/>
    <nd ref="8643220080"/>
    <nd ref="475769614"/>
    <tag k="highway" v="unclassified"/>
  </way>
  <way id="89849995">
    <nd ref="295422914"/>
    <nd ref="5498584297"/>
    <nd ref="2255060407"/>
    <nd ref="5498584320"/>
    <nd ref="295422511"/>
    <nd ref="295422692"/>
    <tag k="highway" v="secondary"/>
    <tag k="name" v="ふれあい通り"/>
    <tag k="name:en" v="Fureai-dori Avenue"/>
    <tag k="name:es" v="Calle Fureai"/>
    <tag k="name:ja" v="ふれあい通り"/>
    <tag k="oneway" v="yes"/>
    <tag k="ref" v="副3"/>
  </way>
  <way id="89882382">
    <nd ref="1715874861"/>
    <nd ref="1715874863"/>
    <tag k="bridge" v="yes"/>
    <tag k="highway" v="secondary"/>
    <tag k="lanes" v="3"/>
    <tag k="layer" v="1"/>
    <tag k="name" v="都庁通り"/>
    <tag k="name:en" v="Tocho-dori Ave."/>
    <tag k="name:es" v="Calle Tocho"/>
    <tag k="name:ja" v="都庁通り"/>
    <tag k="name:ko" v="토쵸도리"/>
    <tag k="oneway" v="yes"/>
    <tag k="ref" v="副11"/>
    <tag k="surface" v="asphalt"/>
  </way>
  <way id="89882383">
    <nd ref="1715874859"/>
    <nd ref="3882642082"/>
    <nd ref="5500579899"/>
    <nd ref="3882642087"/>
    <nd ref="1715874861"/>
    <tag k="bridge" v="yes"/>
    <tag k="highway" v="secondary"/>
    <tag k="lanes" v="3"/>
    <tag k="layer" v="1"/>
    <tag k="name" v="都庁通り"/>
    <tag k="name:en" v="Tocho-dori Ave."/>
    <tag k="name:es" v="Calle Tocho"/>
    <tag k="name:ja" v="都庁通り"/>
    <tag k="name:ko" v="토쵸도리"/>
    <tag k="oneway" v="yes"/>
    <tag k="ref" v="副11"/>
    <tag k="source" v="Bing 2012"/>
    <tag k="surface" v="asphalt"/>
  </way>
  <way id="89882384">
    <nd ref="1715874863"/>
    <nd ref="582802725"/>
    <tag k="bridge" v="yes"/>
    <tag k="highway" v="secondary"/>
    <tag k="lanes" v="3"/>
    <tag k="layer" v="1"/>
    <tag k="name" v="都庁通り"/>
    <tag k="name:en" v="Tocho-dori"/>
    <tag k="name:es" v="Calle Tocho"/>
    <tag k="name:ja" v="都庁通り"/>
    <tag k="name:ko" v="토쵸도리"/>
    <tag k="oneway" v="yes"/>
    <tag k="ref" v="副11"/>
    <tag k="source" v="Bing 2012"/>
    <tag k="surface" v="asphalt"/>
  </way>
  <way id="89882385">
    <nd ref="1715874864"/>
    <nd ref="1715874859"/>
    <tag k="bridge" v="yes"/>
    <tag k="highway" v="secondary"/>
    <tag k="lanes" v="3"/>
    <tag k="layer" v="1"/>
    <tag k="name" v="都庁通り"/>
    <tag k="name:en" v="Tocho-dori Ave."/>
    <tag k="name:es" v="Calle Tocho"/>
    <tag k="name:ja" v="都庁通り"/>
    <tag k="name:ko" v="토쵸도리"/>
    <tag k="oneway" v="yes"/>
    <tag k="ref" v="副11"/>
    <tag k="surface" v="asphalt"/>
  </way>
  <way id="94167167">
    <nd ref="1626860583"/>
    <nd ref="13056197859"/>
    <nd ref="472360142"/>
    <nd ref="13056197858"/>
    <nd ref="1626860584"/>
    <nd ref="472360134"/>
    <tag k="highway" v="residential"/>
    <tag k="lanes" v="1"/>
  </way>
  <way id="95793041">
    <nd ref="1110269628"/>
    <nd ref="2636351384"/>
    <nd ref="2394607044"/>
    <nd ref="1813859987"/>
    <tag k="highway" v="unclassified"/>
    <tag k="source" v="Bing 2010"/>
    <tag k="surface" v="paved"/>
  </way>
  <way id="95793042">
    <nd ref="1110269699"/>
    <nd ref="2636351378"/>
    <nd ref="1110269628"/>
    <nd ref="1110269706"/>
    <nd ref="12766037956"/>
    <nd ref="2394607078"/>
    <nd ref="1813860097"/>
    <tag k="highway" v="unclassified"/>
    <tag k="source" v="Bing 2010"/>
    <tag k="surface" v="paved"/>
  </way>
  <way id="95793047">
    <nd ref="472360095"/>
    <nd ref="1709335214"/>
    <nd ref="9954179088"/>
    <nd ref="472360093"/>
    <tag k="highway" v="unclassified"/>
  </way>
  <way id="95793050">
    <nd ref="1813863763"/>
    <nd ref="1813863762"/>
    <tag k="highway" v="unclassified"/>
    <tag k="surface" v="paved"/>
  </way>
  <way id="95939305">
    <nd ref="1111613983"/>
    <nd ref="5500579970"/>
    <tag k="bridge" v="yes"/>
    <tag k="bridge:name" v="角筈橋"/>
    <tag k="highway" v="secondary"/>
    <tag k="lanes" v="4"/>
    <tag k="layer" v="2"/>
    <tag k="maxspeed" v="50"/>
    <tag k="name" v="南通り"/>
    <tag k="name:en" v="Minami-dori Ave."/>
    <tag k="name:es" v="Calle Sur"/>
    <tag k="name:ja" v="南通り"/>
    <tag k="ref" v="副2"/>
    <tag k="surface" v="asphalt"/>
  </way>
  <way id="95939306">
    <nd ref="2255060407"/>
    <nd ref="472359843"/>
    <nd ref="5498584316"/>
    <nd ref="12217248950"/>
    <nd ref="2327217339"/>
    <nd ref="12217248951"/>
    <nd ref="2327217336"/>
    <nd ref="1111613997"/>
    <tag k="highway" v="unclassified"/>
    <tag k="oneway" v="yes"/>
  </way>
  <way id="95939308">
    <nd ref="5500579970"/>
    <nd ref="5500579971"/>
    <nd ref="5500579972"/>
    <nd ref="5500579923"/>
    <nd ref="5500579961"/>
    <tag k="highway" v="secondary"/>
    <tag k="layer" v="2"/>
    <tag k="name" v="南通り"/>
    <tag k="name:en" v="Minami-dori Ave."/>
    <tag k="name:es" v="Calle Sur"/>
    <tag k="name:ja" v="南通り"/>
    <tag k="ref" v="副2"/>
    <tag k="surface" v="asphalt"/>
  </way>
  <way id="96781394">
    <nd ref="295422430"/>
    <nd ref="8244884442"/>
    <nd ref="295422447"/>
    <nd ref="295422454"/>
    <nd ref="295422471"/>
    <nd ref="295422479"/>
    <tag k="highway" v="secondary"/>
    <tag k="lanes" v="2"/>
    <tag k="name" v="公園通り"/>
    <tag k="name:en" v="Koen-dori Pkwy."/>
    <tag k="name:ja" v="公園通り"/>
    <tag k="oneway" v="yes"/>
    <tag k="ref" v="副12"/>
    <tag k="surface" v="asphalt"/>
  </way>
  <way id="98453451">
    <nd ref="472360142"/>
    <nd ref="472360146"/>
    <tag k="highway" v="residential"/>
    <tag k="oneway" v="yes"/>
  </way>
  <way id="98453454">
    <nd ref="472360518"/>
    <nd ref="7858600721"/>
    <nd ref="2865895505"/>
    <nd ref="13056197857"/>
    <nd ref="472360142"/>
    <tag k="highway" v="residential"/>
    <tag k="lanes" v="1"/>
    <tag k="maxspeed" v="30"/>
  </way>
  <way id="98453456">
    <nd ref="1139149660"/>
    <nd ref="9905815557"/>
    <nd ref="1139149798"/>
    <nd ref="9905815562"/>
    <nd ref="1666084396"/>
    <nd ref="9905815560"/>
    <nd ref="10694243921"/>
    <nd ref="1666084399"/>
    <nd ref="1666084401"/>
    <nd ref="9905815577"/>
    <nd ref="10694243932"/>
    <nd ref="9905815576"/>
    <nd ref="9905815580"/>
    <nd ref="1142142924"/>
    <nd ref="9905815581"/>
    <nd ref="1666084432"/>
    <nd ref="1666084445"/>
    <nd ref="2401069473"/>
    <nd ref="472360347"/>
    <tag k="highway" v="primary"/>
    <tag k="maxspeed" v="40"/>
    <tag k="name" v="税務署通り"/>
    <tag k="name:en" v="Zeimusho-dori"/>
    <tag k="name:es" v="Calle Zeimusho"/>
    <tag k="oneway" v="yes"/>
    <tag k="ref" v="302"/>
    <tag k="surface" v="asphalt"/>
  </way>
  <way id="98453477">
    <nd ref="472360134"/>
    <nd ref="472360520"/>
    <nd ref="472360137"/>
    <nd ref="8459543782"/>
    <nd ref="2865895529"/>
    <nd ref="1626860585"/>
    <nd ref="472360521"/>
    <nd ref="13056197854"/>
    <nd ref="472360462"/>
    <nd ref="2039181085"/>
    <nd ref="472360467"/>
    <nd ref="2039181125"/>
    <nd ref="472360139"/>
    <tag k="highway" v="unclassified"/>
  </way>
  <way id="98631270">
    <nd ref="366916349"/>
    <nd ref="9775094728"/>
    <nd ref="2647466865"/>
    <nd ref="2647466871"/>
    <nd ref="475369338"/>
    <nd ref="475368452"/>
    <nd ref="8908602606"/>
    <nd ref="475369331"/>
    <nd ref="475369333"/>
    <nd ref="6170421215"/>
    <nd ref="366924640"/>
    <tag k="highway" v="residential"/>
    <tag k="maxspeed" v="20"/>
    <tag k="oneway" v="yes"/>
  </way>
  <way id="98726936">
    <nd ref="472360209"/>
    <nd ref="6237227442"/>
    <nd ref="297164258"/>
    <tag k="highway" v="residential"/>
  </way>
  <way id="98728858">
    <nd ref="472360489"/>
    <nd ref="1160435116"/>
    <nd ref="1094547567"/>
    <nd ref="472360488"/>
    <nd ref="472360499"/>
    <nd ref="2865895562"/>
    <nd ref="472360487"/>
    <nd ref="2865895555"/>
    <nd ref="472360494"/>
    <nd ref="1706685806"/>
    <nd ref="7865000402"/>
    <nd ref="472360492"/>
    <nd ref="1706685076"/>
    <nd ref="472360490"/>
    <nd ref="472360564"/>
    <nd ref="472360486"/>
    <nd ref="1666084519"/>
    <nd ref="472360485"/>
    <nd ref="472360508"/>
    <nd ref="10694243938"/>
    <nd ref="1142142924"/>
    <tag k="highway" v="residential"/>
    <tag k="oneway" v="yes"/>
    <tag k="surface" v="asphalt"/>
  </way>
  <way id="103063340">
    <nd ref="1189983697"/>
    <nd ref="1582703028"/>
    <nd ref="1189983629"/>
    <nd ref="1189983754"/>
    <tag k="highway" v="residential"/>
    <tag k="name" v="思い出横丁"/>
    <tag k="name:en" v="Omoide-yokochō"/>
    <tag k="name:es" v="Omoide-yokochō"/>
    <tag k="name:fr" v="Omoide-yokochō"/>
    <tag k="name:ja-Hira" v="おもいで よこちょう"/>
    <tag k="name:ja-Latn" v="Omoide-yokochō"/>
    <tag k="name:ko" v="오모이데 골목"/>
    <tag k="name:zh" v="思出横丁"/>
    <tag k="oneway" v="yes"/>
    <tag k="vehicle:conditional" v="no @ (15:00-05:00)"/>
    <tag k="wikidata" v="Q11501868"/>
  </way>
  <way id="103065742">
    <nd ref="472382851"/>
    <nd ref="11296304698"/>
    <nd ref="472382849"/>
    <nd ref="11298654448"/>
    <nd ref="11298654532"/>
    <nd ref="11298654401"/>
    <nd ref="472382841"/>
    <nd ref="472382941"/>
    <nd ref="472382842"/>
    <tag k="highway" v="unclassified"/>
    <tag k="motor_vehicle:conditional" v="no @ (月～土：16:00～翌 5:00; 日・祝：12:00～翌 5:00)"/>
    <tag k="oneway" v="yes"/>
  </way>
  <way id="107719969">
    <nd ref="1237503107"/>
    <nd ref="1237503170"/>
    <tag k="highway" v="residential"/>
    <tag k="source" v="Bing"/>
  </way>
  <way id="107719979">
    <nd ref="475760753"/>
    <nd ref="475759450"/>
    <nd ref="1504865037"/>
    <nd ref="1504865028"/>
    <nd ref="475762598"/>
    <nd ref="12520060633"/>
    <tag k="highway" v="residential"/>
  </way>
  <way id="107771166">
    <nd ref="1237984807"/>
    <nd ref="1237984819"/>
    <nd ref="475764048"/>
    <nd ref="1582702984"/>
    <nd ref="475758097"/>
    <tag k="highway" v="residential"/>
    <tag k="source" v="Bing"/>
  </way>
  <way id="107771170">
    <nd ref="1237984831"/>
    <nd ref="475764888"/>
    <nd ref="475765461"/>
    <nd ref="475765916"/>
    <nd ref="475764992"/>
    <nd ref="475765039"/>
    <nd ref="7661834808"/>
    <nd ref="380517766"/>
    <nd ref="2466136275"/>
    <nd ref="9320889386"/>
    <nd ref="3615332907"/>
    <nd ref="475766086"/>
    <nd ref="475765087"/>
    <tag k="highway" v="residential"/>
    <tag k="source" v="Bing"/>
  </way>
  <way id="136938165">
    <nd ref="1502259735"/>
    <nd ref="4238739081"/>
    <nd ref="11075103097"/>
    <nd ref="1502259751"/>
    <nd ref="8303217750"/>
    <nd ref="1502259754"/>
    <tag k="highway" v="unclassified"/>
    <tag k="motor_vehicle" v="designated"/>
    <tag k="oneway" v="yes"/>
  </way>
  <way id="136938168">
    <nd ref="1502259521"/>
    <nd ref="6282958486"/>
    <nd ref="1502259503"/>
    <nd ref="1502259482"/>
    <nd ref="1502259453"/>
    <nd ref="12231092041"/>
    <nd ref="1502259424"/>
    <nd ref="3193649613"/>
    <nd ref="1502259396"/>
    <tag k="highway" v="unclassified"/>
    <tag k="lanes" v="2"/>
    <tag k="maxspeed" v="30"/>
    <tag k="name" v="葵通り"/>
    <tag k="name:en" v="Aoi-dori"/>
    <tag k="name:es" v="Calle Aoi"/>
    <tag k="source" v="Bing"/>
  </way>
  <way id="137189946">
    <nd ref="10235156197"/>
    <nd ref="473173579"/>
    <nd ref="7682112392"/>
    <nd ref="473173573"/>
    <nd ref="473173588"/>
    <nd ref="473173569"/>
    <nd ref="473173585"/>
    <nd ref="6281161523"/>
    <nd ref="1504865109"/>
    <tag k="highway" v="residential"/>
    <tag k="maxspeed" v="30"/>
    <tag k="maxspeed:type" v="sign"/>
    <tag k="source" v="Bing 2010"/>
    <tag k="surface" v="paved"/>
  </way>
  <way id="137189947">
    <nd ref="475766481"/>
    <nd ref="1504865083"/>
    <tag k="highway" v="residential"/>
  </way>
  <way id="137189951">
    <nd ref="755804496"/>
    <nd ref="2857742952"/>
    <nd ref="755804489"/>
    <nd ref="2857742951"/>
    <nd ref="2857742950"/>
    <nd ref="2857742949"/>
    <nd ref="2857742948"/>
    <nd ref="2857742946"/>
    <tag k="highway" v="primary_link"/>
    <tag k="lanes" v="1"/>
    <tag k="name" v="芝新宿王子線(連絡路)"/>
    <tag k="oneway" v="yes"/>
    <tag k="ref" v="305"/>
    <tag k="source" v="Bing 2010"/>
    <tag k="surface" v="paved"/>
  </way>
  <way id="137189954">
    <nd ref="472383013"/>
    <nd ref="11174561574"/>
    <nd ref="1504865397"/>
    <nd ref="6146809885"/>
    <nd ref="6146809886"/>
    <tag k="highway" v="residential"/>
    <tag k="oneway" v="yes"/>
    <tag k="source" v="Bing"/>
  </way>
  <way id="137189955">
    <nd ref="472382994"/>
    <nd ref="11158773133"/>
    <nd ref="11158773134"/>
    <nd ref="11158773132"/>
    <nd ref="11158773127"/>
    <nd ref="11158773177"/>
    <nd ref="5993409143"/>
    <tag k="highway" v="secondary"/>
    <tag k="name" v="新宿停車場前線"/>
    <tag k="oneway" v="no"/>
    <tag k="ref" v="430"/>
  </way>
  <way id="138522487">
    <nd ref="1518943021"/>
    <nd ref="6281908909"/>
    <nd ref="1502259407"/>
    <tag k="highway" v="residential"/>
    <tag k="source" v="Bing"/>
  </way>
  <way id="138533178">
    <nd ref="1813858438"/>
    <nd ref="6146808083"/>
    <nd ref="1315058826"/>
    <tag k="highway" v="unclassified"/>
    <tag k="maxspeed" v="20"/>
    <tag k="oneway" v="yes"/>
    <tag k="surface" v="asphalt"/>
  </way>
  <way id="138533182">
    <nd ref="11248384396"/>
    <nd ref="472383132"/>
    <nd ref="11258894433"/>
    <nd ref="11258894391"/>
    <nd ref="472383068"/>
    <nd ref="11258897139"/>
    <nd ref="11248384397"/>
    <tag k="access" v="no"/>
    <tag k="bicycle" v="yes"/>
    <tag k="foot" v="yes"/>
    <tag k="highway" v="unclassified"/>
    <tag k="level" v="0"/>
    <tag k="lit" v="yes"/>
    <tag k="motor_vehicle" v="no"/>
    <tag k="motor_vehicle:conditional" v="no @ (Apr-Sep: Su, PH 12:00-18:00; Oct-Mar: Su, PH 12:00-17:00)"/>
    <tag k="name" v="MOA4番街"/>
    <tag k="name:en" v="MOA 4th street"/>
    <tag k="name:es" v="Calle Moa 4ta"/>
    <tag k="name:ko" v="모아 4번가"/>
    <tag k="name:zh" v="MOA 四番街"/>
    <tag k="oneway" v="yes"/>
    <tag k="surface" v="paving_stones"/>
  </way>
  <way id="139633245">
    <nd ref="472382995"/>
    <nd ref="11162495245"/>
    <nd ref="2394599981"/>
    <nd ref="11158773137"/>
    <nd ref="11158773138"/>
    <nd ref="11158773135"/>
    <nd ref="11158773136"/>
    <nd ref="472382994"/>
    <tag k="foot" v="no"/>
    <tag k="highway" v="secondary"/>
    <tag k="level" v="0"/>
    <tag k="name" v="新宿停車場前線"/>
    <tag k="ref" v="430"/>
    <tag k="surface" v="paved"/>
  </way>
  <way id="139633247">
    <nd ref="472383021"/>
    <nd ref="11159642744"/>
    <nd ref="1315058857"/>
    <nd ref="6479357571"/>
    <nd ref="11159642717"/>
    <nd ref="11159642718"/>
    <nd ref="11159642893"/>
    <nd ref="1676355660"/>
    <nd ref="11159642721"/>
    <tag k="highway" v="unclassified"/>
    <tag k="lanes" v="1"/>
    <tag k="oneway" v="yes"/>
  </way>
  <way id="144763014">
    <nd ref="1813863743"/>
    <nd ref="13230661893"/>
    <nd ref="13230661892"/>
    <nd ref="13230661891"/>
    <nd ref="2674435148"/>
    <tag k="highway" v="secondary"/>
    <tag k="maxspeed" v="40"/>
    <tag k="name" v="東京都道新宿副都心八号線"/>
    <tag k="oneway" v="yes"/>
    <tag k="ref" v="副8"/>
    <tag k="source" v="survey, bing"/>
    <tag k="surface" v="asphalt"/>
  </way>
  <way id="144763021">
    <nd ref="475766272"/>
    <nd ref="8364977379"/>
    <nd ref="2466136287"/>
    <tag k="highway" v="residential"/>
    <tag k="oneway" v="yes"/>
  </way>
  <way id="144763023">
    <nd ref="11361306961"/>
    <nd ref="263085936"/>
    <tag k="destination" v="新宿駅西口;四谷角筈線;東京都道新宿副都心八号線"/>
    <tag k="foot" v="no"/>
    <tag k="highway" v="primary_link"/>
    <tag k="lanes" v="2"/>
    <tag k="name" v="青梅街道"/>
    <tag k="name:en" v="Ome-Kaido Avenue"/>
    <tag k="name:es" v="Ome Kaido"/>
    <tag k="name:ja" v="青梅街道"/>
    <tag k="name:ja-Hira" v="おうめかいどう"/>
    <tag k="name:ko" v="오우메 가이도"/>
    <tag k="name:zh" v="青梅街道"/>
    <tag k="oneway" v="yes"/>
    <tag k="source" v="Bing 2012"/>
    <tag k="surface" v="asphalt"/>
    <tag k="turn:lanes" v="through|right"/>
  </way>
  <way id="144763024">
    <nd ref="1582703045"/>
    <nd ref="2394607061"/>
    <nd ref="1582703044"/>
    <nd ref="1582703041"/>
    <nd ref="11361306958"/>
    <nd ref="1813859476"/>
    <tag k="foot" v="no"/>
    <tag k="highway" v="primary"/>
    <tag k="maxspeed" v="60"/>
    <tag k="name" v="青梅街道"/>
    <tag k="name:en" v="Ōme Kaidō"/>
    <tag k="name:es" v="Ōme Kaidō"/>
    <tag k="name:fr" v="Ōme Kaidō"/>
    <tag k="name:ja" v="青梅街道"/>
    <tag k="name:ja-Hira" v="おうめかいどう"/>
    <tag k="name:ja-Latn" v="Ōme-kaidō"/>
    <tag k="name:ko" v="오우메 가이도"/>
    <tag k="name:zh" v="青梅街道"/>
    <tag k="oneway" v="yes"/>
    <tag k="ref" v="4;5"/>
    <tag k="source" v="survey, bing"/>
    <tag k="surface" v="asphalt"/>
    <tag k="wikidata" v="Q10565968"/>
  </way>
  <way id="144763030">
    <nd ref="1582703026"/>
    <nd ref="2503429981"/>
    <nd ref="2503429976"/>
    <nd ref="1715877598"/>
    <nd ref="1715877599"/>
    <nd ref="2503429973"/>
    <nd ref="2503429969"/>
    <nd ref="2503429968"/>
    <tag k="highway" v="secondary"/>
    <tag k="lanes" v="2"/>
    <tag k="name" v="北通り"/>
    <tag k="name:en" v="Kita-dori Ave."/>
    <tag k="name:es" v="Avenida Kita-dori"/>
    <tag k="name:ja" v="北通り"/>
    <tag k="oneway" v="yes"/>
    <tag k="ref" v="副5"/>
    <tag k="source" v="Bing 2012"/>
    <tag k="surface" v="paved"/>
  </way>
  <way id="144763035">
    <nd ref="304610049"/>
    <nd ref="6282956270"/>
    <nd ref="472359974"/>
    <nd ref="472359973"/>
    <nd ref="10605594254"/>
    <nd ref="6308549778"/>
    <nd ref="304610072"/>
    <nd ref="10648540716"/>
    <nd ref="304610276"/>
    <nd ref="1502259749"/>
    <nd ref="13230661889"/>
    <nd ref="304610250"/>
    <tag k="foot" v="no"/>
    <tag k="highway" v="secondary"/>
    <tag k="lanes" v="2"/>
    <tag k="name" v="四谷角筈線"/>
    <tag k="name:en" v="Yotsuya-Kakuhazu Line"/>
    <tag k="name:fr" v="Route Yotsuya-Kakuhazu"/>
    <tag k="name:ja-Hira" v="よつやかくはずせん"/>
    <tag k="name:ja-Latn" v="Yotsuya Kakuhazu sen"/>
    <tag k="oneway" v="yes"/>
    <tag k="ref" v="414"/>
    <tag k="source" v="Bing"/>
    <tag k="surface" v="asphalt"/>
    <tag k="wikidata" v="Q11103014"/>
  </way>
  <way id="144763947">
    <nd ref="472360354"/>
    <nd ref="2401069490"/>
    <nd ref="475368993"/>
    <nd ref="5281534522"/>
    <nd ref="7966600495"/>
    <nd ref="475368988"/>
    <nd ref="7966600498"/>
    <nd ref="4716623469"/>
    <nd ref="366906332"/>
    <tag k="highway" v="unclassified"/>
    <tag k="maxspeed" v="30"/>
    <tag k="oneway" v="yes"/>
    <tag k="source" v="Bing 2010"/>
    <tag k="surface" v="paved"/>
  </way>
  <way id="144775070">
    <nd ref="1582762177"/>
    <nd ref="472382813"/>
    <nd ref="472382980"/>
    <nd ref="472382984"/>
    <nd ref="1674562720"/>
    <nd ref="472382987"/>
    <nd ref="472382988"/>
    <nd ref="472382811"/>
    <nd ref="472382795"/>
    <nd ref="6147302106"/>
    <nd ref="472382920"/>
    <nd ref="472382864"/>
    <nd ref="472382799"/>
    <nd ref="472382923"/>
    <nd ref="472382898"/>
    <nd ref="472382909"/>
    <nd ref="472382895"/>
    <nd ref="2401069449"/>
    <nd ref="472382808"/>
    <nd ref="4716326296"/>
    <tag k="highway" v="unclassified"/>
    <tag k="lit" v="yes"/>
    <tag k="oneway" v="yes"/>
    <tag k="sidewalk" v="both"/>
    <tag k="source" v="survey, bing"/>
    <tag k="surface" v="asphalt"/>
  </way>
  <way id="144775072">
    <nd ref="3970068743"/>
    <nd ref="191504252"/>
    <nd ref="2401050128"/>
    <nd ref="10605513410"/>
    <nd ref="472382844"/>
    <nd ref="11289630486"/>
    <nd ref="472382945"/>
    <nd ref="472382943"/>
    <nd ref="2401069464"/>
    <nd ref="472382793"/>
    <nd ref="2401069447"/>
    <nd ref="1582762219"/>
    <nd ref="472382807"/>
    <nd ref="7947374194"/>
    <nd ref="472382913"/>
    <nd ref="472382782"/>
    <nd ref="2401069443"/>
    <nd ref="472382806"/>
    <nd ref="2401069444"/>
    <nd ref="472382897"/>
    <nd ref="472382904"/>
    <nd ref="2401069424"/>
    <nd ref="472382731"/>
    <nd ref="1666084499"/>
    <tag k="highway" v="tertiary"/>
    <tag k="lanes" v="2"/>
    <tag k="name" v="区役所通り"/>
    <tag k="name:en" v="Kuyakusho-dori Avenue"/>
    <tag k="name:fr" v="Rue Kuyakusho"/>
    <tag k="name:ja-Hira" v="くやくしょどおり"/>
    <tag k="name:ja-Latn" v="Kuyakusho-dōri"/>
    <tag k="name:ko" v="구청길"/>
    <tag k="name:zh" v="区役所大街"/>
    <tag k="source" v="Bing 2010"/>
    <tag k="surface" v="asphalt"/>
  </way>
  <way id="144775073">
    <nd ref="1582762199"/>
    <nd ref="472382941"/>
    <tag k="highway" v="unclassified"/>
    <tag k="motor_vehicle:conditional" v="no @ (月～土：16:00～翌 5:00; 日・祝：12:00～翌 5:00)"/>
    <tag k="oneway" v="yes"/>
  </way>
  <way id="144775074">
    <nd ref="472382807"/>
    <nd ref="7947374188"/>
    <nd ref="472382781"/>
    <tag k="highway" v="residential"/>
    <tag k="source" v="Bing 2010"/>
    <tag k="surface" v="paved"/>
  </way>
  <way id="144776663">
    <nd ref="295416806"/>
    <nd ref="13179698733"/>
    <nd ref="5500076589"/>
    <nd ref="6281908944"/>
    <nd ref="13174672828"/>
    <tag k="highway" v="unclassified"/>
    <tag k="name" v="ギャラリー通り"/>
    <tag k="name:en" v="Gallery-dori Street"/>
    <tag k="oneway" v="yes"/>
    <tag k="source" v="survey, bing"/>
    <tag k="surface" v="paved"/>
  </way>
  <way id="144776666">
    <nd ref="472382855"/>
    <nd ref="1805702437"/>
    <nd ref="3387102841"/>
    <nd ref="1805702426"/>
    <tag k="highway" v="residential"/>
    <tag k="lane_markings" v="no"/>
    <tag k="oneway" v="yes"/>
    <tag k="source" v="Bing 2010"/>
    <tag k="surface" v="asphalt"/>
  </way>
  <way id="147237362">
    <nd ref="472382956"/>
    <nd ref="1604625946"/>
    <nd ref="1604625948"/>
    <nd ref="472382836"/>
    <nd ref="472382838"/>
    <nd ref="11049605214"/>
    <nd ref="4716623610"/>
    <nd ref="472382828"/>
    <tag k="cycleway:left" v="no"/>
    <tag k="highway" v="unclassified"/>
    <tag k="lane_markings" v="no"/>
    <tag k="motor_vehicle:conditional" v="no @ (月～土：16:00～翌 5:00; 日・祝：12:00～翌 5:00)"/>
    <tag k="oneway" v="yes"/>
    <tag k="surface" v="paving_stones"/>
  </way>
  <way id="147237364">
    <nd ref="472382787"/>
    <nd ref="4716623698"/>
    <nd ref="13285124581"/>
    <nd ref="472382882"/>
    <tag k="highway" v="unclassified"/>
    <tag k="name" v="花道通り"/>
    <tag k="name:en" v="Hanamichi Street"/>
    <tag k="name:fr" v="Rue Hanamichi"/>
    <tag k="name:ja-Hira" v="はなみちどおり"/>
    <tag k="name:ja-Latn" v="Hanamichi-dōri"/>
    <tag k="name:ko" v="하나미치로"/>
    <tag k="name:zh" v="花道大街"/>
  </way>
  <way id="147237365">
    <nd ref="472382952"/>
    <nd ref="1604625942"/>
    <tag k="highway" v="unclassified"/>
    <tag k="motor_vehicle:conditional" v="no @ (月～土：16:00～翌 5:00; 日・祝：12:00～翌 5:00)"/>
  </way>
  <way id="147237366">
    <nd ref="1582762206"/>
    <nd ref="12996489784"/>
    <nd ref="1604625951"/>
    <nd ref="1604625946"/>
    <nd ref="1604625942"/>
    <tag k="highway" v="unclassified"/>
    <tag k="motor_vehicle:conditional" v="no @ (月～土：16:00～翌 5:00; 日・祝：12:00～翌 5:00)"/>
    <tag k="name" v="銀座通り"/>
    <tag k="name:en" v="Ginza-dori St."/>
    <tag k="oneway" v="yes"/>
  </way>
  <way id="149586582">
    <nd ref="1625445407"/>
    <nd ref="1943752322"/>
    <nd ref="1943752323"/>
    <nd ref="2394600064"/>
    <nd ref="1943752325"/>
    <nd ref="1943752330"/>
    <nd ref="1943752342"/>
    <tag k="access" v="yes"/>
    <tag k="admin_level" v="2"/>
    <tag k="destination" v="新宿通り"/>
    <tag k="highway" v="trunk_link"/>
    <tag k="lanes" v="1"/>
    <tag k="oneway" v="yes"/>
    <tag k="source" v="Bing 2010"/>
    <tag k="surface" v="paved"/>
  </way>
  <way id="149672904">
    <nd ref="472447159"/>
    <nd ref="6281161562"/>
    <nd ref="472447108"/>
    <tag k="highway" v="residential"/>
    <tag k="source" v="Bing 2010"/>
    <tag k="surface" v="paved"/>
  </way>
  <way id="149672905">
    <nd ref="1626142093"/>
    <nd ref="6009046539"/>
    <nd ref="6118971779"/>
    <nd ref="472447154"/>
    <nd ref="8592478268"/>
    <nd ref="472447155"/>
    <tag k="highway" v="residential"/>
    <tag k="source" v="Bing 2010"/>
    <tag k="surface" v="paved"/>
  </way>
  <way id="149672906">
    <nd ref="472360196"/>
    <nd ref="6237227427"/>
    <nd ref="472360165"/>
    <nd ref="6237227422"/>
    <nd ref="472360166"/>
    <tag k="highway" v="unclassified"/>
    <tag k="surface" v="asphalt"/>
  </way>
  <way id="149672907">
    <nd ref="2857742920"/>
    <nd ref="755804491"/>
    <nd ref="8594202130"/>
    <nd ref="2857742926"/>
    <nd ref="2857742930"/>
    <nd ref="2857742934"/>
    <nd ref="2857742935"/>
    <nd ref="2857742936"/>
    <nd ref="2857742937"/>
    <nd ref="2857742940"/>
    <nd ref="2857742941"/>
    <nd ref="2857742943"/>
    <nd ref="473173559"/>
    <tag k="admin_level" v="6"/>
    <tag k="highway" v="primary_link"/>
    <tag k="name" v="芝新宿王子線(連絡路)"/>
    <tag k="name:en" v="Shiba-Shinjuku-Ōji Line"/>
    <tag k="name:fr" v="Route Shiba-Shinjuku-Ōji"/>
    <tag k="name:ja-Hira" v="しば しんじゅく おうじせん"/>
    <tag k="name:ja-Latn" v="Shiba Shinjuku Ōji sen"/>
    <tag k="oneway" v="yes"/>
    <tag k="source" v="Bing 2010"/>
    <tag k="surface" v="paved"/>
  </way>
  <way id="149672908">
    <nd ref="472360166"/>
    <nd ref="472360177"/>
    <nd ref="9196935603"/>
    <nd ref="472360168"/>
    <nd ref="2394607085"/>
    <nd ref="11361306949"/>
    <nd ref="11361306950"/>
    <nd ref="11361306951"/>
    <nd ref="472360170"/>
    <tag k="highway" v="unclassified"/>
    <tag k="lanes" v="1"/>
    <tag k="maxspeed" v="30"/>
    <tag k="oneway" v="yes"/>
    <tag k="oneway:bicycle" v="no"/>
    <tag k="source" v="Bing 2010"/>
    <tag k="surface" v="asphalt"/>
  </way>
  <way id="149731578">
    <nd ref="9905815538"/>
    <nd ref="9905815540"/>
    <nd ref="9905815542"/>
    <nd ref="9905815541"/>
    <nd ref="9905815539"/>
    <nd ref="472360409"/>
    <tag k="highway" v="unclassified"/>
    <tag k="oneway" v="yes"/>
    <tag k="source" v="Bing, 2007-03"/>
  </way>
  <way id="149735614">
    <nd ref="475368454"/>
    <nd ref="9775094737"/>
    <nd ref="2647466863"/>
    <nd ref="2647466867"/>
    <nd ref="475368456"/>
    <nd ref="475368452"/>
    <tag k="highway" v="unclassified"/>
  </way>
  <way id="149824900">
    <nd ref="1666084432"/>
    <nd ref="6362102908"/>
    <nd ref="472360509"/>
    <tag k="highway" v="residential"/>
  </way>
  <way id="153756860">
    <nd ref="472447038"/>
    <nd ref="2401040297"/>
    <nd ref="472447089"/>
    <nd ref="13524144477"/>
    <nd ref="472447049"/>
    <nd ref="13524144476"/>
    <nd ref="472447170"/>
    <nd ref="472447166"/>
    <nd ref="11080892471"/>
    <nd ref="472447043"/>
    <nd ref="4717670526"/>
    <nd ref="472447175"/>
    <nd ref="11062752226"/>
    <nd ref="472447180"/>
    <nd ref="9470366996"/>
    <nd ref="9470366999"/>
    <nd ref="472447041"/>
    <nd ref="472447183"/>
    <nd ref="11061280301"/>
    <nd ref="4717670528"/>
    <nd ref="472447048"/>
    <tag k="highway" v="unclassified"/>
    <tag k="name" v="花園通り"/>
    <tag k="name:en" v="Hanazono-dori"/>
    <tag k="name:es" v="Calle Hanazono"/>
    <tag k="name:ja" v="花園通り"/>
    <tag k="name:ja-Hira" v="はなぞのどおり"/>
    <tag k="name:ja_rm" v="Hanazono dōri"/>
    <tag k="oneway" v="yes"/>
    <tag k="source" v="Bing 2010"/>
    <tag k="surface" v="paved"/>
  </way>
  <way id="153756862">
    <nd ref="1664033586"/>
    <nd ref="5422701222"/>
    <nd ref="472447152"/>
    <tag k="highway" v="unclassified"/>
  </way>
  <way id="153756873">
    <nd ref="472447146"/>
    <nd ref="2401050141"/>
    <nd ref="472447143"/>
    <tag k="highway" v="residential"/>
    <tag k="source" v="Bing"/>
    <tag k="surface" v="paved"/>
  </way>
  <way id="153756876">
    <nd ref="735990789"/>
    <nd ref="2394599968"/>
    <nd ref="8728235978"/>
    <nd ref="8728235979"/>
    <nd ref="472447107"/>
    <nd ref="8728235980"/>
    <nd ref="8728235981"/>
    <nd ref="6281161558"/>
    <nd ref="472447071"/>
    <tag k="highway" v="unclassified"/>
    <tag k="lane_markings" v="yes"/>
    <tag k="lanes" v="2"/>
    <tag k="source" v="Bing 2010"/>
    <tag k="surface" v="asphalt"/>
  </way>
  <way id="153756880">
    <nd ref="1664033601"/>
    <nd ref="472447132"/>
    <nd ref="472447131"/>
    <nd ref="1625445458"/>
    <nd ref="2401050145"/>
    <nd ref="472447026"/>
    <tag k="highway" v="unclassified"/>
    <tag k="source" v="Bing 2010"/>
    <tag k="surface" v="paved"/>
  </way>
  <way id="153756881">
    <nd ref="1664033575"/>
    <nd ref="11061301805"/>
    <nd ref="472447198"/>
    <nd ref="472447191"/>
    <nd ref="472447192"/>
    <nd ref="1943752451"/>
    <nd ref="1943752415"/>
    <nd ref="1943752406"/>
    <nd ref="3351004758"/>
    <nd ref="1943752380"/>
    <tag k="highway" v="residential"/>
    <tag k="source" v="Bing 2010"/>
    <tag k="surface" v="paved"/>
  </way>
  <way id="153756883">
    <nd ref="472446995"/>
    <nd ref="472447249"/>
    <nd ref="4717672402"/>
    <nd ref="1664033768"/>
    <tag k="highway" v="unclassified"/>
    <tag k="oneway" v="yes"/>
    <tag k="source" v="Bing 2010"/>
    <tag k="surface" v="paved"/>
  </way>
  <way id="153756884">
    <nd ref="1664033681"/>
    <nd ref="4717672262"/>
    <nd ref="4717670521"/>
    <tag k="highway" v="unclassified"/>
    <tag k="oneway" v="yes"/>
  </way>
  <way id="153756886">
    <nd ref="1664033820"/>
    <nd ref="4717672397"/>
    <nd ref="1664033740"/>
    <tag k="highway" v="residential"/>
    <tag k="surface" v="paved"/>
  </way>
  <way id="153756888">
    <nd ref="1664033820"/>
    <nd ref="1664033823"/>
    <tag k="highway" v="residential"/>
  </way>
  <way id="153978385">
    <nd ref="1665929773"/>
    <nd ref="13533679559"/>
    <nd ref="1665929768"/>
    <tag k="highway" v="residential"/>
  </way>
  <way id="153978387">
    <nd ref="1665929764"/>
    <nd ref="13533679558"/>
    <nd ref="1665929761"/>
    <tag k="highway" v="residential"/>
  </way>
  <way id="153978397">
    <nd ref="1665929631"/>
    <nd ref="4717672235"/>
    <tag k="highway" v="unclassified"/>
  </way>
  <way id="153978407">
    <nd ref="1665929601"/>
    <nd ref="6281161555"/>
    <nd ref="8728235973"/>
    <nd ref="8728235972"/>
    <nd ref="1665929602"/>
    <nd ref="8728235971"/>
    <nd ref="8728235969"/>
    <nd ref="2394599983"/>
    <nd ref="1665929604"/>
    <tag k="highway" v="unclassified"/>
    <tag k="lane_markings" v="yes"/>
    <tag k="lanes" v="2"/>
    <tag k="source" v="bing"/>
    <tag k="surface" v="asphalt"/>
  </way>
  <way id="153978416">
    <nd ref="1626142108"/>
    <nd ref="3349166131"/>
    <nd ref="1625445458"/>
    <nd ref="472447146"/>
    <nd ref="472447145"/>
    <tag k="highway" v="residential"/>
    <tag k="lane_markings" v="no"/>
    <tag k="oneway" v="yes"/>
    <tag k="source" v="Bing 2010"/>
    <tag k="surface" v="asphalt"/>
  </way>
  <way id="153978428">
    <nd ref="1665929898"/>
    <nd ref="4506493850"/>
    <nd ref="4506493847"/>
    <nd ref="4506493848"/>
    <nd ref="475368805"/>
    <nd ref="4506493839"/>
    <nd ref="475368806"/>
    <nd ref="475368979"/>
    <nd ref="7942739464"/>
    <nd ref="475368807"/>
    <nd ref="1665929849"/>
    <nd ref="475368808"/>
    <nd ref="1665929844"/>
    <tag k="highway" v="residential"/>
  </way>
  <way id="153978430">
    <nd ref="6118971782"/>
    <nd ref="1503953149"/>
    <tag k="highway" v="unclassified"/>
    <tag k="oneway" v="yes"/>
  </way>
  <way id="153988074">
    <nd ref="472447035"/>
    <nd ref="475368794"/>
    <nd ref="1664033850"/>
    <nd ref="472446989"/>
    <nd ref="1664033844"/>
    <nd ref="1664033836"/>
    <nd ref="1664033823"/>
    <nd ref="10605447502"/>
    <nd ref="4717672328"/>
    <nd ref="1664033735"/>
    <tag k="highway" v="unclassified"/>
    <tag k="source" v="Bing 2010"/>
    <tag k="surface" v="paved"/>
  </way>
  <way id="153988083">
    <nd ref="1666084424"/>
    <nd ref="2401069453"/>
    <nd ref="4384718914"/>
    <nd ref="1665978181"/>
    <tag k="highway" v="primary_link"/>
    <tag k="oneway" v="yes"/>
    <tag k="source" v="Bing 2010"/>
    <tag k="surface" v="paved"/>
  </way>
  <way id="153988087">
    <nd ref="475368441"/>
    <nd ref="4506493853"/>
    <nd ref="475368444"/>
    <nd ref="4506493855"/>
    <nd ref="475368445"/>
    <nd ref="2606035867"/>
    <nd ref="1665978191"/>
    <nd ref="475368447"/>
    <tag k="highway" v="unclassified"/>
  </way>
  <way id="153988089">
    <nd ref="475368460"/>
    <nd ref="475369309"/>
    <nd ref="475368459"/>
    <nd ref="8908640217"/>
    <nd ref="475368457"/>
    <nd ref="475368441"/>
    <tag k="highway" v="unclassified"/>
    <tag k="source" v="Bing 2010"/>
    <tag k="surface" v="paved"/>
  </way>
  <way id="153989307">
    <nd ref="475368781"/>
    <nd ref="475368780"/>
    <nd ref="1813860839"/>
    <nd ref="475368779"/>
    <nd ref="475368777"/>
    <nd ref="475368790"/>
    <nd ref="475368775"/>
    <nd ref="472447035"/>
    <tag k="highway" v="residential"/>
  </way>
  <way id="153989309">
    <nd ref="472447074"/>
    <nd ref="472447100"/>
    <tag k="highway" v="residential"/>
    <tag k="oneway" v="yes"/>
  </way>
  <way id="153989310">
    <nd ref="472447117"/>
    <nd ref="472447118"/>
    <tag k="highway" v="residential"/>
  </way>
  <way id="153989311">
    <nd ref="735990791"/>
    <nd ref="2394599967"/>
    <nd ref="8728235970"/>
    <nd ref="472447104"/>
    <nd ref="8728235976"/>
    <nd ref="8728235977"/>
    <nd ref="6281161556"/>
    <nd ref="472447044"/>
    <tag k="highway" v="unclassified"/>
    <tag k="lane_markings" v="yes"/>
    <tag k="lanes" v="2"/>
    <tag k="source" v="Bing 2010"/>
    <tag k="surface" v="asphalt"/>
  </way>
  <way id="153989314">
    <nd ref="735990792"/>
    <nd ref="2394600037"/>
    <nd ref="8728235968"/>
    <nd ref="472447105"/>
    <nd ref="8728235974"/>
    <nd ref="6281161554"/>
    <nd ref="472447103"/>
    <tag k="highway" v="unclassified"/>
    <tag k="source" v="Bing 2010"/>
    <tag k="surface" v="paved"/>
  </way>
  <way id="153989315">
    <nd ref="1625445415"/>
    <nd ref="472447118"/>
    <nd ref="472447125"/>
    <nd ref="472447126"/>
    <tag k="highway" v="unclassified"/>
    <tag k="oneway" v="yes"/>
    <tag k="source" v="Bing 2010"/>
    <tag k="surface" v="paved"/>
  </way>
  <way id="153989316">
    <nd ref="1625445408"/>
    <nd ref="472447185"/>
    <nd ref="472447099"/>
    <nd ref="472447182"/>
    <nd ref="472447075"/>
    <tag k="highway" v="unclassified"/>
    <tag k="oneway" v="yes"/>
    <tag k="source" v="Bing 2010"/>
    <tag k="surface" v="paved"/>
  </way>
  <way id="153989318">
    <nd ref="472446995"/>
    <nd ref="472447268"/>
    <nd ref="472447027"/>
    <nd ref="472447260"/>
    <nd ref="4716623594"/>
    <nd ref="6147302109"/>
    <nd ref="366906334"/>
    <tag k="highway" v="unclassified"/>
    <tag k="oneway" v="yes"/>
  </way>
  <way id="153989319">
    <nd ref="472447084"/>
    <nd ref="472447176"/>
    <nd ref="472447085"/>
    <nd ref="472447165"/>
    <nd ref="1664033590"/>
    <nd ref="472447087"/>
    <tag k="highway" v="unclassified"/>
  </way>
  <way id="153989320">
    <nd ref="472447064"/>
    <nd ref="472447085"/>
    <nd ref="4717670527"/>
    <nd ref="472447043"/>
    <nd ref="11080892469"/>
    <nd ref="472447162"/>
    <nd ref="472447075"/>
    <tag k="highway" v="unclassified"/>
    <tag k="oneway" v="yes"/>
    <tag k="source" v="Bing 2010"/>
    <tag k="surface" v="paved"/>
  </way>
  <way id="153989322">
    <nd ref="1664033567"/>
    <nd ref="2394599986"/>
    <nd ref="472447098"/>
    <nd ref="472447095"/>
    <nd ref="472447068"/>
    <nd ref="472447160"/>
    <nd ref="13524144460"/>
    <nd ref="13524144462"/>
    <nd ref="13524144470"/>
    <nd ref="472447049"/>
    <nd ref="4717670524"/>
    <nd ref="472447087"/>
    <nd ref="4717670521"/>
    <tag k="highway" v="unclassified"/>
    <tag k="oneway" v="yes"/>
    <tag k="source" v="Bing 2010"/>
    <tag k="surface" v="paved"/>
  </way>
  <way id="153989323">
    <nd ref="472447063"/>
    <nd ref="472447064"/>
    <nd ref="4717670519"/>
    <nd ref="4717670520"/>
    <nd ref="4717670521"/>
    <nd ref="4717670522"/>
    <nd ref="4717670518"/>
    <nd ref="472447066"/>
    <tag k="highway" v="unclassified"/>
    <tag k="oneway" v="yes"/>
    <tag k="source" v="Bing 2010"/>
    <tag k="surface" v="paved"/>
  </way>
  <way id="153989325">
    <nd ref="472447038"/>
    <nd ref="2401040304"/>
    <nd ref="1664033586"/>
    <nd ref="472447137"/>
    <nd ref="472447051"/>
    <nd ref="5422698118"/>
    <nd ref="1625445413"/>
    <nd ref="5422698110"/>
    <nd ref="1664033601"/>
    <nd ref="1625445415"/>
    <nd ref="13741689678"/>
    <nd ref="13741689677"/>
    <nd ref="2621323825"/>
    <nd ref="2621323824"/>
    <nd ref="1626142105"/>
    <nd ref="472383095"/>
    <tag k="highway" v="unclassified"/>
    <tag k="name" v="花園通り"/>
    <tag k="name:en" v="Hanazono-dori"/>
    <tag k="name:es" v="Calle Hanazono"/>
    <tag k="name:ja" v="花園通り"/>
    <tag k="name:ja-Hira" v="はなぞのどおり"/>
    <tag k="name:ja_rm" v="Hanazono dōri"/>
    <tag k="source" v="Bing 2010"/>
    <tag k="surface" v="paved"/>
  </way>
  <way id="154000091">
    <nd ref="1666084547"/>
    <nd ref="2393573005"/>
    <nd ref="1666084433"/>
    <nd ref="1666084431"/>
    <nd ref="1666084427"/>
    <nd ref="4716623463"/>
    <nd ref="1666084426"/>
    <nd ref="2401069471"/>
    <nd ref="1666084424"/>
    <nd ref="2401069446"/>
    <nd ref="1666084423"/>
    <tag k="admin_level" v="6"/>
    <tag k="highway" v="primary"/>
    <tag k="name" v="抜弁天通り"/>
    <tag k="name:en" v="Nukebenten Street"/>
    <tag k="name:fr" v="Rue Nukebenten"/>
    <tag k="name:ja" v="抜弁天通り"/>
    <tag k="name:ja-Hira" v="ぬけべんてんどおり"/>
    <tag k="name:ja-Latn" v="Nukebenten-dōri"/>
    <tag k="oneway" v="yes"/>
    <tag k="ref" v="302"/>
    <tag k="source" v="Bing 2010"/>
    <tag k="surface" v="paved"/>
  </way>
  <way id="154000094">
    <nd ref="472382635"/>
    <nd ref="1142124383"/>
    <nd ref="1666084458"/>
    <nd ref="1666084473"/>
    <nd ref="1666084475"/>
    <nd ref="1666084477"/>
    <nd ref="1666084479"/>
    <nd ref="1666084480"/>
    <nd ref="4716326912"/>
    <nd ref="1666084494"/>
    <nd ref="13584470515"/>
    <nd ref="7933069568"/>
    <tag k="highway" v="primary_link"/>
    <tag k="oneway" v="yes"/>
    <tag k="source" v="Bing 2010"/>
    <tag k="surface" v="paved"/>
  </way>
  <way id="154000095">
    <nd ref="472360202"/>
    <nd ref="472360209"/>
    <tag k="highway" v="unclassified"/>
  </way>
  <way id="154000097">
    <nd ref="7933069567"/>
    <nd ref="1666084452"/>
    <nd ref="1676750137"/>
    <nd ref="1666084450"/>
    <nd ref="1666084447"/>
    <nd ref="1142124392"/>
    <nd ref="1142124381"/>
    <tag k="highway" v="primary_link"/>
    <tag k="oneway" v="yes"/>
    <tag k="source" v="Bing 2010"/>
    <tag k="surface" v="paved"/>
  </way>
  <way id="154125435">
    <nd ref="1666084423"/>
    <nd ref="2606035841"/>
    <nd ref="12666510295"/>
    <nd ref="1667171635"/>
    <tag k="bridge" v="yes"/>
    <tag k="highway" v="primary"/>
    <tag k="layer" v="1"/>
    <tag k="name" v="抜弁天通り"/>
    <tag k="name:en" v="Nukebenten-dori Ave."/>
    <tag k="name:ja" v="抜弁天通り"/>
    <tag k="oneway" v="yes"/>
    <tag k="ref" v="302"/>
    <tag k="source" v="Bing 2010"/>
    <tag k="surface" v="paved"/>
  </way>
  <way id="154125436">
    <nd ref="4716623451"/>
    <nd ref="1667171631"/>
    <tag k="bridge" v="yes"/>
    <tag k="highway" v="primary"/>
    <tag k="layer" v="1"/>
    <tag k="name" v="抜弁天通り"/>
    <tag k="name:en" v="Nukebenten-dori Ave."/>
    <tag k="name:ja" v="抜弁天通り"/>
    <tag k="oneway" v="yes"/>
    <tag k="ref" v="302"/>
    <tag k="source" v="Bing 2010"/>
    <tag k="surface" v="paved"/>
  </way>
  <way id="154125437">
    <nd ref="1667171635"/>
    <nd ref="1666084428"/>
    <nd ref="1666084429"/>
    <nd ref="1666084430"/>
    <nd ref="12666510289"/>
    <nd ref="2856079123"/>
    <nd ref="12666510290"/>
    <nd ref="1093489453"/>
    <tag k="highway" v="primary"/>
    <tag k="name" v="抜弁天通り"/>
    <tag k="name:en" v="Nukebenten-dori Ave."/>
    <tag k="name:ja" v="抜弁天通り"/>
    <tag k="oneway" v="yes"/>
    <tag k="ref" v="302"/>
    <tag k="source" v="Bing 2010"/>
    <tag k="surface" v="paved"/>
  </way>
  <way id="154125438">
    <nd ref="1667171631"/>
    <nd ref="2401069422"/>
    <nd ref="472360354"/>
    <nd ref="2401069469"/>
    <nd ref="1666084403"/>
    <nd ref="3817880921"/>
    <nd ref="475369287"/>
    <nd ref="472382928"/>
    <nd ref="2393573004"/>
    <nd ref="1093685828"/>
    <tag k="admin_level" v="6"/>
    <tag k="highway" v="primary"/>
    <tag k="name" v="抜弁天通り"/>
    <tag k="name:en" v="Nukebenten Street"/>
    <tag k="name:fr" v="Rue Nukebenten"/>
    <tag k="name:ja" v="抜弁天通り"/>
    <tag k="name:ja-Hira" v="ぬけべんてんどおり"/>
    <tag k="name:ja-Latn" v="Nukebenten-dōri"/>
    <tag k="oneway" v="yes"/>
    <tag k="ref" v="302"/>
    <tag k="source" v="Bing 2010"/>
    <tag k="surface" v="paved"/>
  </way>
  <way id="155009714">
    <nd ref="1582762188"/>
    <nd ref="11289749377"/>
    <nd ref="1582762186"/>
    <tag k="highway" v="residential"/>
    <tag k="name" v="四季の路"/>
    <tag k="name:en" v="Shiki-no-michi Street"/>
    <tag k="name:ko" v="시키노미치"/>
    <tag k="name:zh" v="四季之路"/>
    <tag k="source" v="survey, bing"/>
  </way>
  <way id="155009832">
    <nd ref="1582762186"/>
    <nd ref="11289749376"/>
    <nd ref="1664033866"/>
    <nd ref="1664033864"/>
    <nd ref="1664033860"/>
    <nd ref="1664033858"/>
    <nd ref="1582762177"/>
    <tag k="highway" v="residential"/>
    <tag k="name" v="新宿ゴールデン街 G1通り"/>
    <tag k="name:en" v="Shinjuku Golden Gai G1 Street"/>
    <tag k="name:fr" v="Rue G1 Shinjuku Golden Gai"/>
    <tag k="name:ja-Hira" v="しんじゅく ごーるでんがい G 1 とおり"/>
    <tag k="name:ja-Latn" v="Shinjuku gōruden-gai G1 tōri"/>
    <tag k="source" v="survey, bing"/>
    <tag k="surface" v="paved"/>
  </way>
  <way id="155224457">
    <nd ref="472383138"/>
    <nd ref="472383139"/>
    <nd ref="472383141"/>
    <tag k="access:conditional" v="no @ (Apr-Sep: Su, PH 12:00-18:00; Oct-Mar: Su, PH 12:00-17:00; 15:00-05:00)"/>
    <tag k="foot" v="yes"/>
    <tag k="highway" v="unclassified"/>
    <tag k="motor_vehicle" v="designated"/>
    <tag k="motor_vehicle:conditional" v="no @ (15:00-05:00)"/>
    <tag k="oneway" v="yes"/>
  </way>
  <way id="155224464">
    <nd ref="472383033"/>
    <nd ref="1676355716"/>
    <nd ref="472383147"/>
    <nd ref="11162524128"/>
    <nd ref="472383009"/>
    <nd ref="11162524121"/>
    <nd ref="472383138"/>
    <nd ref="11162524124"/>
    <nd ref="11162524125"/>
    <nd ref="472383039"/>
    <tag k="access:conditional" v="no @ (Apr-Sep: Su, PH 12:00-18:00; Oct-Mar: Su, PH 12:00-17:00; 15:00-05:00)"/>
    <tag k="foot" v="yes"/>
    <tag k="highway" v="unclassified"/>
    <tag k="motor_vehicle" v="designated"/>
    <tag k="motor_vehicle:conditional" v="no @ (15:00-05:00)"/>
    <tag k="oneway" v="yes"/>
    <tag k="oneway:bicycle" v="no"/>
    <tag k="surface" v="paving_stones"/>
  </way>
  <way id="155235354">
    <nd ref="1582762206"/>
    <nd ref="472382957"/>
    <nd ref="472382840"/>
    <nd ref="13741767230"/>
    <nd ref="13741767238"/>
    <nd ref="13741767237"/>
    <nd ref="191504251"/>
    <tag k="cycleway:left" v="no"/>
    <tag k="highway" v="unclassified"/>
    <tag k="lane_markings" v="no"/>
    <tag k="motor_vehicle:conditional" v="no @ (月～土：16:00～翌 5:00; 日・祝：12:00～翌 5:00)"/>
    <tag k="name" v="歌舞伎町一番街通り"/>
    <tag k="name:en" v="Kabukicho Ichibangai-dori Street"/>
    <tag k="name:es" v="Calle Kabukicho Ichibangai"/>
    <tag k="name:ko" v="가부키쵸1번가"/>
    <tag k="name:zh" v="歌舞伎町一番街"/>
    <tag k="oneway" v="yes"/>
    <tag k="surface" v="paving_stones"/>
    <tag k="tourism" v="attraction"/>
  </way>
  <way id="155235356">
    <nd ref="1676479060"/>
    <nd ref="1676479048"/>
    <nd ref="11247608631"/>
    <nd ref="1676479043"/>
    <nd ref="11250679117"/>
    <nd ref="1676479040"/>
    <nd ref="11247608630"/>
    <nd ref="1676479036"/>
    <nd ref="1676479032"/>
    <nd ref="1676479025"/>
    <nd ref="11247608620"/>
    <nd ref="1676479023"/>
    <nd ref="11247608619"/>
    <nd ref="11247608622"/>
    <nd ref="11247608618"/>
    <nd ref="1189983771"/>
    <tag k="foot" v="no"/>
    <tag k="highway" v="secondary"/>
    <tag k="lanes" v="2"/>
    <tag k="name" v="新宿通り"/>
    <tag k="name:en" v="Shinjuku-dori Ave."/>
    <tag k="name:es" v="Calle Shinjuku"/>
    <tag k="name:etymology:wikidata" v="Q179645"/>
    <tag k="name:fr" v="Rue Shinjuku"/>
    <tag k="name:ja" v="新宿通り"/>
    <tag k="name:ja-Hira" v="しんじゅくどおり"/>
    <tag k="name:ja-Latn" v="Shinjuku-dōri"/>
    <tag k="name:ko" v="신쥬쿠로"/>
    <tag k="name:zh" v="新宿大街"/>
    <tag k="oneway" v="yes"/>
    <tag k="ref" v="430"/>
    <tag k="source" v="Bing 2010"/>
    <tag k="surface" v="asphalt"/>
    <tag k="wikidata" v="Q24886614"/>
  </way>
  <way id="155235380">
    <nd ref="1189983771"/>
    <nd ref="1676479016"/>
    <nd ref="11247608623"/>
    <nd ref="11247608616"/>
    <nd ref="11247608617"/>
    <nd ref="1676479020"/>
    <nd ref="1189983741"/>
    <nd ref="472383127"/>
    <nd ref="11247608629"/>
    <nd ref="1189983769"/>
    <nd ref="13799877945"/>
    <nd ref="472383131"/>
    <tag k="foot" v="no"/>
    <tag k="highway" v="secondary"/>
    <tag k="name" v="新宿通り"/>
    <tag k="name:en" v="Shinjuku-dori Ave."/>
    <tag k="name:es" v="Calle Shinjuku"/>
    <tag k="name:etymology:wikidata" v="Q179645"/>
    <tag k="name:fr" v="Rue Shinjuku"/>
    <tag k="name:ja" v="新宿通り"/>
    <tag k="name:ja-Hira" v="しんじゅくどおり"/>
    <tag k="name:ja-Latn" v="Shinjuku-dōri"/>
    <tag k="name:ko" v="신쥬쿠로"/>
    <tag k="name:zh" v="新宿大街"/>
    <tag k="oneway" v="yes"/>
    <tag k="ref" v="430"/>
    <tag k="source" v="Bing 2010"/>
    <tag k="surface" v="asphalt"/>
    <tag k="wikidata" v="Q24886614"/>
  </way>
  <way id="155401804">
    <nd ref="1678008832"/>
    <nd ref="2237586096"/>
    <nd ref="5500147169"/>
    <nd ref="1678008833"/>
    <tag k="highway" v="residential"/>
    <tag k="oneway" v="yes"/>
  </way>
  <way id="157862107">
    <nd ref="295422578"/>
    <nd ref="2394607086"/>
    <nd ref="5509724290"/>
    <nd ref="295422606"/>
    <nd ref="472360090"/>
    <nd ref="295422618"/>
    <nd ref="295422628"/>
    <nd ref="12217248949"/>
    <nd ref="472360088"/>
    <nd ref="472360091"/>
    <nd ref="2403065897"/>
    <nd ref="1111613998"/>
    <nd ref="2503429963"/>
    <nd ref="2403065905"/>
    <nd ref="295422678"/>
    <nd ref="295422762"/>
    <tag k="highway" v="secondary"/>
    <tag k="lanes" v="3"/>
    <tag k="name" v="公園通り"/>
    <tag k="name:en" v="Koen-dori Pkwy."/>
    <tag k="name:ja" v="公園通り"/>
    <tag k="oneway" v="yes"/>
    <tag k="ref" v="副12"/>
    <tag k="source" v="Bing 2010"/>
    <tag k="surface" v="paved"/>
  </way>
  <way id="157862110">
    <nd ref="1701041435"/>
    <nd ref="295422678"/>
    <nd ref="2503429946"/>
    <nd ref="5582217699"/>
    <nd ref="2449182780"/>
    <tag k="foot" v="no"/>
    <tag k="highway" v="secondary"/>
    <tag k="lanes" v="2"/>
    <tag k="maxspeed" v="50"/>
    <tag k="name" v="中央通り"/>
    <tag k="name:en" v="Chuo-dori Avenue"/>
    <tag k="name:ja" v="中央通り"/>
    <tag k="name:ko" v="주오도리"/>
    <tag k="oneway" v="yes"/>
    <tag k="ref" v="副4"/>
    <tag k="source" v="Bing 2012"/>
    <tag k="surface" v="asphalt"/>
  </way>
  <way id="157862112">
    <nd ref="1701041429"/>
    <nd ref="1701041432"/>
    <nd ref="1701041435"/>
    <tag k="highway" v="secondary"/>
    <tag k="lanes" v="3"/>
    <tag k="name" v="公園通り"/>
    <tag k="name:en" v="Koen-dori Pkwy."/>
    <tag k="name:ja" v="公園通り"/>
    <tag k="oneway" v="yes"/>
    <tag k="ref" v="副12"/>
    <tag k="surface" v="asphalt"/>
  </way>
  <way id="157862116">
    <nd ref="1701041430"/>
    <nd ref="2403065895"/>
    <nd ref="2503429962"/>
    <nd ref="1111613987"/>
    <tag k="highway" v="secondary"/>
    <tag k="lanes" v="5"/>
    <tag k="name" v="公園通り"/>
    <tag k="name:en" v="Koen-dori Pkwy."/>
    <tag k="name:ja" v="公園通り"/>
    <tag k="oneway" v="yes"/>
    <tag k="ref" v="副12"/>
    <tag k="surface" v="asphalt"/>
  </way>
  <way id="157862118">
    <nd ref="2403065904"/>
    <nd ref="5496924095"/>
    <nd ref="472360085"/>
    <nd ref="12217248948"/>
    <nd ref="472360083"/>
    <nd ref="295422538"/>
    <nd ref="295422544"/>
    <nd ref="472360072"/>
    <nd ref="295422553"/>
    <nd ref="12842609881"/>
    <nd ref="2394607075"/>
    <nd ref="1701041438"/>
    <tag k="highway" v="secondary"/>
    <tag k="lanes" v="3"/>
    <tag k="name" v="公園通り"/>
    <tag k="name:en" v="Koen-dori Pkwy."/>
    <tag k="name:ja" v="公園通り"/>
    <tag k="oneway" v="yes"/>
    <tag k="ref" v="副12"/>
    <tag k="surface" v="asphalt"/>
  </way>
  <way id="158475585">
    <nd ref="1706684207"/>
    <nd ref="13056197861"/>
    <nd ref="7858611087"/>
    <nd ref="7858611088"/>
    <nd ref="1706684561"/>
    <nd ref="472360532"/>
    <nd ref="1706684773"/>
    <nd ref="1706685046"/>
    <nd ref="472360528"/>
    <tag k="highway" v="residential"/>
  </way>
  <way id="158789784">
    <nd ref="1666084359"/>
    <nd ref="472360229"/>
    <nd ref="472360188"/>
    <tag k="highway" v="unclassified"/>
  </way>
  <way id="159474231">
    <nd ref="1715874870"/>
    <nd ref="1715874872"/>
    <tag k="bridge" v="yes"/>
    <tag k="highway" v="secondary"/>
    <tag k="lanes" v="3"/>
    <tag k="layer" v="1"/>
    <tag k="name" v="都庁通り"/>
    <tag k="name:en" v="Tocho-dori Ave."/>
    <tag k="name:es" v="Calle Tocho"/>
    <tag k="name:ja" v="都庁通り"/>
    <tag k="name:ko" v="토쵸도리"/>
    <tag k="oneway" v="yes"/>
    <tag k="ref" v="副11"/>
    <tag k="surface" v="asphalt"/>
  </way>
  <way id="159474232">
    <nd ref="1715874872"/>
    <nd ref="5500579898"/>
    <nd ref="1715874862"/>
    <tag k="bridge" v="yes"/>
    <tag k="highway" v="secondary"/>
    <tag k="lanes" v="3"/>
    <tag k="layer" v="1"/>
    <tag k="name" v="都庁通り"/>
    <tag k="name:en" v="Tocho-dori Ave."/>
    <tag k="name:es" v="Calle Tocho"/>
    <tag k="name:ja" v="都庁通り"/>
    <tag k="name:ko" v="토쵸도리"/>
    <tag k="oneway" v="yes"/>
    <tag k="ref" v="副11"/>
    <tag k="source" v="Bing 2012"/>
    <tag k="surface" v="asphalt"/>
  </way>
  <way id="159474233">
    <nd ref="1715874857"/>
    <nd ref="5500147282"/>
    <nd ref="5500147290"/>
    <nd ref="5500579919"/>
    <nd ref="1715874869"/>
    <tag k="highway" v="secondary"/>
    <tag k="lanes" v="3"/>
    <tag k="name" v="都庁通り"/>
    <tag k="name:en" v="Tocho-dori Ave."/>
    <tag k="name:es" v="Calle Tocho"/>
    <tag k="name:ja" v="都庁通り"/>
    <tag k="name:ko" v="토쵸도리"/>
    <tag k="oneway" v="yes"/>
    <tag k="ref" v="副11"/>
    <tag k="source" v="Bing 2012"/>
    <tag k="surface" v="asphalt"/>
  </way>
  <way id="159474234">
    <nd ref="1715874860"/>
    <nd ref="1715874870"/>
    <tag k="bridge" v="yes"/>
    <tag k="highway" v="secondary"/>
    <tag k="lanes" v="3"/>
    <tag k="layer" v="1"/>
    <tag k="name" v="都庁通り"/>
    <tag k="name:en" v="Tocho-dori Ave."/>
    <tag k="name:es" v="Calle Tocho"/>
    <tag k="name:ja" v="都庁通り"/>
    <tag k="name:ko" v="토쵸도리"/>
    <tag k="oneway" v="yes"/>
    <tag k="ref" v="副11"/>
    <tag k="source" v="Bing 2012"/>
    <tag k="surface" v="asphalt"/>
  </way>
  <way id="159474235">
    <nd ref="1715874866"/>
    <nd ref="1715874856"/>
    <tag k="bridge" v="yes"/>
    <tag k="highway" v="secondary"/>
    <tag k="lanes" v="3"/>
    <tag k="layer" v="1"/>
    <tag k="name" v="都庁通り"/>
    <tag k="name:es" v="Calle Tocho"/>
    <tag k="name:ja" v="都庁通り"/>
    <tag k="name:ko" v="토쵸도리"/>
    <tag k="oneway" v="yes"/>
    <tag k="ref" v="副11"/>
    <tag k="surface" v="asphalt"/>
  </way>
  <way id="159474236">
    <nd ref="1715874862"/>
    <nd ref="1715874866"/>
    <tag k="bridge" v="yes"/>
    <tag k="highway" v="secondary"/>
    <tag k="lanes" v="3"/>
    <tag k="layer" v="1"/>
    <tag k="name" v="都庁通り"/>
    <tag k="name:en" v="Tocho-dori Ave."/>
    <tag k="name:es" v="Calle Tocho"/>
    <tag k="name:ja" v="都庁通り"/>
    <tag k="name:ko" v="토쵸도리"/>
    <tag k="oneway" v="yes"/>
    <tag k="ref" v="副11"/>
    <tag k="surface" v="asphalt"/>
  </way>
  <way id="159474237">
    <nd ref="1715874865"/>
    <nd ref="2503429968"/>
    <tag k="highway" v="secondary"/>
    <tag k="lanes" v="3"/>
    <tag k="name" v="都庁通り"/>
    <tag k="name:en" v="Tocho-dori Ave."/>
    <tag k="name:es" v="Calle Tocho"/>
    <tag k="name:ja" v="都庁通り"/>
    <tag k="name:ko" v="토쵸도리"/>
    <tag k="oneway" v="yes"/>
    <tag k="ref" v="副11"/>
  </way>
  <way id="159474238">
    <nd ref="1715874868"/>
    <nd ref="1715874860"/>
    <tag k="bridge" v="yes"/>
    <tag k="foot" v="no"/>
    <tag k="highway" v="secondary"/>
    <tag k="lanes" v="3"/>
    <tag k="layer" v="2"/>
    <tag k="name" v="都庁通り"/>
    <tag k="name:en" v="Tocho-dori Ave."/>
    <tag k="name:es" v="Calle Tocho"/>
    <tag k="name:ja" v="都庁通り"/>
    <tag k="name:ko" v="토쵸도리"/>
    <tag k="oneway" v="yes"/>
    <tag k="ref" v="副11"/>
    <tag k="source" v="Bing 2012"/>
    <tag k="surface" v="asphalt"/>
  </way>
  <way id="159474239">
    <nd ref="1715874856"/>
    <nd ref="1715874857"/>
    <tag k="bridge" v="yes"/>
    <tag k="highway" v="secondary"/>
    <tag k="lanes" v="3"/>
    <tag k="layer" v="2"/>
    <tag k="name" v="都庁通り"/>
    <tag k="name:en" v="Tocho-dori Ave."/>
    <tag k="name:es" v="Calle Tocho"/>
    <tag k="name:ja" v="都庁通り"/>
    <tag k="name:ko" v="토쵸도리"/>
    <tag k="oneway" v="yes"/>
    <tag k="ref" v="副11"/>
    <tag k="source" v="Bing 2012"/>
    <tag k="surface" v="asphalt"/>
  </way>
  <way id="159474691">
    <nd ref="295416719"/>
    <nd ref="1715877598"/>
    <nd ref="5498655261"/>
    <nd ref="2503429972"/>
    <nd ref="5497793587"/>
    <nd ref="582844290"/>
    <tag k="highway" v="secondary"/>
    <tag k="lanes" v="3"/>
    <tag k="name" v="議事堂通り"/>
    <tag k="name:en" v="Gijido-dori Avenue"/>
    <tag k="name:es" v="Avenida Gijido-dori"/>
    <tag k="name:ja" v="議事堂通り"/>
    <tag k="oneway" v="yes"/>
    <tag k="ref" v="副10"/>
    <tag k="source" v="Bing 2012"/>
    <tag k="surface" v="paved"/>
  </way>
  <way id="169403138">
    <nd ref="473173557"/>
    <nd ref="1681472884"/>
    <nd ref="2857742938"/>
    <nd ref="2857742947"/>
    <nd ref="10605620530"/>
    <nd ref="1681472947"/>
    <nd ref="735990758"/>
    <tag k="highway" v="primary"/>
    <tag k="lanes" v="3"/>
    <tag k="maxspeed" v="50"/>
    <tag k="name" v="御苑通り"/>
    <tag k="name:en" v="Gyoen Street"/>
    <tag k="name:fr" v="Rue Gyoen"/>
    <tag k="name:ja" v="御苑通り"/>
    <tag k="name:ja-Hira" v="ぎょえんどおり"/>
    <tag k="name:ja-Latn" v="Gyoen-dōri"/>
    <tag k="oneway" v="yes"/>
    <tag k="ref" v="305"/>
    <tag k="source" v="Bing 2010"/>
    <tag k="surface" v="paved"/>
  </way>
  <way id="170232025">
    <nd ref="5498655309"/>
    <nd ref="5498655312"/>
    <nd ref="5500054397"/>
    <nd ref="5500054403"/>
    <nd ref="2253637550"/>
    <nd ref="295423016"/>
    <nd ref="295422991"/>
    <tag k="highway" v="secondary"/>
    <tag k="lanes" v="3"/>
    <tag k="maxspeed" v="50"/>
    <tag k="name" v="東通り"/>
    <tag k="name:en" v="Higashi-dori Ave."/>
    <tag k="name:es" v="Avenida Higashi-dori"/>
    <tag k="name:ja" v="東通り"/>
    <tag k="oneway" v="yes"/>
    <tag k="ref" v="副9"/>
    <tag k="source" v="Bing 2012"/>
    <tag k="surface" v="asphalt"/>
  </way>
  <way id="170232026">
    <nd ref="1813859476"/>
    <nd ref="1813859341"/>
    <nd ref="1813859265"/>
    <nd ref="1813859176"/>
    <nd ref="1813859130"/>
    <nd ref="1813859093"/>
    <nd ref="1813859031"/>
    <nd ref="1813858988"/>
    <nd ref="1813858970"/>
    <nd ref="1813858900"/>
    <nd ref="1813858845"/>
    <tag k="highway" v="primary_link"/>
    <tag k="oneway" v="yes"/>
    <tag k="source" v="Bing 2010"/>
    <tag k="surface" v="asphalt"/>
  </way>
  <way id="170232029">
    <nd ref="4238739076"/>
    <nd ref="1813858558"/>
    <nd ref="1813858505"/>
    <nd ref="1813858451"/>
    <nd ref="8254068911"/>
    <nd ref="1813858438"/>
    <tag k="highway" v="unclassified"/>
    <tag k="oneway" v="yes"/>
    <tag k="surface" v="asphalt"/>
  </way>
  <way id="170232034">
    <nd ref="1813858451"/>
    <nd ref="12995258500"/>
    <nd ref="472383144"/>
    <nd ref="11149072219"/>
    <nd ref="6281161511"/>
    <nd ref="472383145"/>
    <tag k="highway" v="residential"/>
    <tag k="oneway" v="yes"/>
    <tag k="source" v="Bing 2010"/>
    <tag k="surface" v="paved"/>
  </way>
  <way id="170232040">
    <nd ref="1813858088"/>
    <nd ref="475770310"/>
    <nd ref="6282956281"/>
    <nd ref="1582703000"/>
    <nd ref="1502259396"/>
    <nd ref="1582702999"/>
    <nd ref="475757532"/>
    <nd ref="1582702998"/>
    <nd ref="1582702997"/>
    <nd ref="475757606"/>
    <nd ref="475758010"/>
    <nd ref="1699185470"/>
    <nd ref="1582702992"/>
    <nd ref="1699223221"/>
    <nd ref="1699223154"/>
    <nd ref="1582702990"/>
    <nd ref="1699223108"/>
    <nd ref="1582702989"/>
    <nd ref="475757703"/>
    <nd ref="5260661788"/>
    <nd ref="1582702988"/>
    <nd ref="4506423306"/>
    <nd ref="1582702987"/>
    <nd ref="1582702985"/>
    <nd ref="475757778"/>
    <nd ref="475766520"/>
    <nd ref="5260661795"/>
    <tag k="highway" v="tertiary"/>
    <tag k="lanes" v="2"/>
    <tag k="maxspeed" v="40"/>
    <tag k="surface" v="asphalt"/>
  </way>
  <way id="170232042">
    <nd ref="1676479062"/>
    <nd ref="1813863743"/>
    <tag k="destination" v="新宿駅西口;四谷角筈線"/>
    <tag k="highway" v="secondary_link"/>
    <tag k="lanes" v="1"/>
    <tag k="name" v="四谷角筈線(新都心歩道橋下交差点)"/>
    <tag k="oneway" v="yes"/>
    <tag k="ref" v="414"/>
    <tag k="surface" v="asphalt"/>
  </way>
  <way id="170232044">
    <nd ref="7930911071"/>
    <nd ref="10605590952"/>
    <nd ref="6440946264"/>
    <nd ref="13174672840"/>
    <tag k="highway" v="secondary"/>
    <tag k="lanes" v="2"/>
    <tag k="name" v="四谷角筈線"/>
    <tag k="oneway" v="yes"/>
    <tag k="ref" v="414"/>
    <tag k="source" v="Bing 2012"/>
    <tag k="surface" v="paved"/>
  </way>
  <way id="170232048">
    <nd ref="472382614"/>
    <nd ref="13799877978"/>
    <nd ref="13799877964"/>
    <nd ref="472382617"/>
    <nd ref="1582762168"/>
    <nd ref="1813858883"/>
    <nd ref="1813858862"/>
    <nd ref="1813858845"/>
    <tag k="highway" v="residential"/>
    <tag k="name" v="旧青梅街道"/>
    <tag k="name:en" v="Kyū-Ōme Kaidō"/>
    <tag k="name:es" v="Avenida Kyu Ome"/>
    <tag k="name:fr" v="Kyū-Ōme Kaidō"/>
    <tag k="name:ja" v="旧青梅街道"/>
    <tag k="name:ja-Hira" v="きゅうおうめかいどう"/>
    <tag k="name:ja-Latn" v="Kyū-Ōme Kaidō"/>
    <tag k="oneway" v="yes"/>
    <tag k="source" v="Bing"/>
  </way>
  <way id="182487179">
    <nd ref="318826606"/>
    <nd ref="6495134798"/>
    <nd ref="6495134840"/>
    <nd ref="1928487283"/>
    <nd ref="12355066628"/>
    <nd ref="1928487279"/>
    <nd ref="1928487281"/>
    <nd ref="6501131884"/>
    <tag k="access" v="yes"/>
    <tag k="highway" v="trunk_link"/>
    <tag k="lanes" v="2"/>
    <tag k="name" v="甲州街道"/>
    <tag k="name:en" v="Koshu Kaido"/>
    <tag k="name:es" v="Koshu Kaido"/>
    <tag k="name:ja" v="甲州街道"/>
    <tag k="name:ja-Hira" v="こうしゅうかいどう"/>
    <tag k="oneway" v="yes"/>
    <tag k="ref" v="20"/>
    <tag k="source" v="Bing 2010"/>
    <tag k="surface" v="paved"/>
  </way>
  <way id="183938586">
    <nd ref="1625445407"/>
    <nd ref="1681472716"/>
    <nd ref="2394599984"/>
    <nd ref="1943752324"/>
    <tag k="access" v="yes"/>
    <tag k="foot" v="no"/>
    <tag k="highway" v="trunk"/>
    <tag k="lanes" v="2"/>
    <tag k="lit" v="yes"/>
    <tag k="maxspeed" v="60"/>
    <tag k="name" v="甲州街道"/>
    <tag k="name:en" v="Koshu-kaido Avenue"/>
    <tag k="name:es" v="Koshu Kaido"/>
    <tag k="name:fr" v="Kōshū Kaidō"/>
    <tag k="name:ja" v="甲州街道"/>
    <tag k="name:ja-Hira" v="こうしゅうかいどう"/>
    <tag k="name:ja-Latn" v="Kōshū Kaidō"/>
    <tag k="name:ko" v="고슈 가이도"/>
    <tag k="name:zh" v="甲州街道"/>
    <tag k="nat_name" v="国道20号"/>
    <tag k="nat_name:en" v="National Highway Route 20"/>
    <tag k="oneway" v="yes"/>
    <tag k="ref" v="20"/>
    <tag k="source" v="Bing 2010"/>
    <tag k="surface" v="paved"/>
    <tag k="wikidata" v="Q1156682"/>
  </way>
  <way id="183938592">
    <nd ref="1943752452"/>
    <nd ref="472447192"/>
    <nd ref="472447200"/>
    <nd ref="472447195"/>
    <tag k="highway" v="unclassified"/>
    <tag k="source" v="Bing 2010"/>
    <tag k="surface" v="paved"/>
  </way>
  <way id="183938593">
    <nd ref="1943752302"/>
    <nd ref="11071166460"/>
    <nd ref="1943752305"/>
    <nd ref="1943752304"/>
    <nd ref="2396885527"/>
    <nd ref="1943752303"/>
    <tag k="highway" v="residential"/>
    <tag k="source" v="Bing 2010"/>
    <tag k="surface" v="paved"/>
  </way>
  <way id="183938595">
    <nd ref="1943752298"/>
    <nd ref="1943752299"/>
    <nd ref="1943752300"/>
    <tag k="highway" v="residential"/>
  </way>
  <way id="183938603">
    <nd ref="735990793"/>
    <nd ref="2394600015"/>
    <nd ref="735990792"/>
    <nd ref="1665929604"/>
    <tag k="highway" v="tertiary"/>
    <tag k="lanes" v="4"/>
    <tag k="lit" v="yes"/>
    <tag k="name" v="新宿通り"/>
    <tag k="name:en" v="Shinjuku-dori Ave."/>
    <tag k="name:es" v="Calle Shinjuku"/>
    <tag k="name:etymology:wikidata" v="Q179645"/>
    <tag k="name:fr" v="Rue Shinjuku"/>
    <tag k="name:ja" v="新宿通り"/>
    <tag k="name:ja-Hira" v="しんじゅくどおり"/>
    <tag k="name:ja-Latn" v="Shinjuku-dōri"/>
    <tag k="name:ko" v="신쥬쿠로"/>
    <tag k="name:zh" v="新宿大街"/>
    <tag k="source" v="Bing 2010"/>
    <tag k="surface" v="paved"/>
    <tag k="was:ref" v="430"/>
    <tag k="wikidata" v="Q24886614"/>
  </way>
  <way id="186583188">
    <nd ref="1973313102"/>
    <nd ref="430168808"/>
    <tag k="bicycle" v="no"/>
    <tag k="foot" v="no"/>
    <tag k="highway" v="motorway_link"/>
    <tag k="lanes" v="2"/>
    <tag k="motorcar" v="designated"/>
    <tag k="motorcycle" v="designated"/>
    <tag k="oneway" v="yes"/>
    <tag k="smoothness" v="excellent"/>
    <tag k="source" v="Bing 2012"/>
    <tag k="surface" v="paved"/>
    <tag k="toll" v="yes"/>
  </way>
  <way id="196467141">
    <nd ref="472382804"/>
    <nd ref="472382868"/>
    <tag k="highway" v="residential"/>
  </way>
  <way id="196467142">
    <nd ref="472382918"/>
    <nd ref="472382919"/>
    <tag k="covered" v="no"/>
    <tag k="highway" v="residential"/>
    <tag k="oneway" v="no"/>
  </way>
  <way id="196467143">
    <nd ref="472382917"/>
    <nd ref="4716623658"/>
    <nd ref="4716623618"/>
    <nd ref="472382778"/>
    <tag k="highway" v="residential"/>
    <tag k="maxspeed" v="30"/>
    <tag k="maxspeed:type" v="sign"/>
    <tag k="source" v="Bing"/>
    <tag k="surface" v="asphalt"/>
  </way>
  <way id="196467144">
    <nd ref="472382804"/>
    <nd ref="472382918"/>
    <tag k="highway" v="residential"/>
    <tag k="maxspeed" v="30"/>
    <tag k="surface" v="asphalt"/>
  </way>
  <way id="196467145">
    <nd ref="472382780"/>
    <nd ref="472382917"/>
    <tag k="highway" v="residential"/>
    <tag k="maxspeed" v="30"/>
    <tag k="maxspeed:type" v="sign"/>
    <tag k="source" v="Bing"/>
    <tag k="surface" v="asphalt"/>
  </way>
  <way id="196467146">
    <nd ref="472382868"/>
    <nd ref="7947374196"/>
    <nd ref="1582762219"/>
    <tag k="highway" v="residential"/>
    <tag k="source" v="Bing 2010"/>
    <tag k="surface" v="paved"/>
  </way>
  <way id="196467147">
    <nd ref="472382918"/>
    <nd ref="4716623616"/>
    <nd ref="4716623617"/>
    <nd ref="472382805"/>
    <tag k="highway" v="residential"/>
    <tag k="maxspeed" v="30"/>
    <tag k="surface" v="asphalt"/>
  </way>
  <way id="196467148">
    <nd ref="472382919"/>
    <nd ref="5993409152"/>
    <nd ref="472382869"/>
    <tag k="highway" v="residential"/>
  </way>
  <way id="196467149">
    <nd ref="472382780"/>
    <nd ref="472382804"/>
    <tag k="highway" v="residential"/>
  </way>
  <way id="196467159">
    <nd ref="472382793"/>
    <nd ref="2401069439"/>
    <nd ref="1664033935"/>
    <nd ref="472382869"/>
    <nd ref="472382792"/>
    <nd ref="4716623613"/>
    <nd ref="472382939"/>
    <nd ref="472382805"/>
    <nd ref="472382790"/>
    <nd ref="472382949"/>
    <nd ref="472382778"/>
    <nd ref="472382821"/>
    <nd ref="4716623660"/>
    <nd ref="4716623661"/>
    <nd ref="472382789"/>
    <nd ref="472382835"/>
    <tag k="highway" v="unclassified"/>
    <tag k="name" v="花道通り"/>
    <tag k="name:en" v="Hanamichi-dori Street"/>
    <tag k="name:ko" v="하나미치로"/>
    <tag k="name:zh" v="花道大街"/>
    <tag k="oneway" v="yes"/>
  </way>
  <way id="199152190">
    <nd ref="1580294934"/>
    <nd ref="10273655693"/>
    <nd ref="10273792623"/>
    <nd ref="5459062534"/>
    <nd ref="295403211"/>
    <nd ref="2393558955"/>
    <nd ref="1501318554"/>
    <nd ref="12077654098"/>
    <nd ref="295403271"/>
    <nd ref="295403272"/>
    <nd ref="473173565"/>
    <nd ref="472383145"/>
    <nd ref="1813858454"/>
    <nd ref="10537281260"/>
    <nd ref="2393558996"/>
    <nd ref="295403316"/>
    <tag k="highway" v="primary"/>
    <tag k="int_name" v="Meiji-dori"/>
    <tag k="lanes" v="2"/>
    <tag k="lit" v="yes"/>
    <tag k="maxspeed" v="50"/>
    <tag k="name" v="明治通り"/>
    <tag k="name:en" v="Meiji-dori Avenue"/>
    <tag k="name:es" v="Calle Meiji"/>
    <tag k="name:fr" v="Rue Meiji"/>
    <tag k="name:ja" v="明治通り"/>
    <tag k="name:ja-Hira" v="めいじどおり"/>
    <tag k="name:ja-Latn" v="Meiji-dōri"/>
    <tag k="name:ko" v="메이지로"/>
    <tag k="name:zh" v="明治通"/>
    <tag k="oneway" v="yes"/>
    <tag k="ref" v="305"/>
    <tag k="source" v="Bing,2007-04"/>
    <tag k="surface" v="paved"/>
    <tag k="wikipedia" v="ja:明治通り (東京都)"/>
  </way>
  <way id="199152191">
    <nd ref="1504865400"/>
    <nd ref="2393558949"/>
    <nd ref="1318940997"/>
    <nd ref="1504865303"/>
    <nd ref="10273792624"/>
    <nd ref="6281161513"/>
    <nd ref="1318940843"/>
    <nd ref="1318940830"/>
    <nd ref="2393558974"/>
    <nd ref="11075103085"/>
    <nd ref="1504865298"/>
    <nd ref="5459062535"/>
    <nd ref="1504865278"/>
    <nd ref="10273655698"/>
    <nd ref="2393558982"/>
    <nd ref="1504865192"/>
    <nd ref="10251072995"/>
    <nd ref="10251072996"/>
    <nd ref="1318940913"/>
    <nd ref="7682112411"/>
    <tag k="alt_name" v="明治大街"/>
    <tag k="highway" v="primary"/>
    <tag k="int_name" v="Meiji-dori"/>
    <tag k="lanes" v="2"/>
    <tag k="lit" v="yes"/>
    <tag k="maxspeed" v="50"/>
    <tag k="name" v="明治通り"/>
    <tag k="name:en" v="Meiji-dori Avenue"/>
    <tag k="name:es" v="Calle Meiji"/>
    <tag k="name:fr" v="Rue Meiji"/>
    <tag k="name:ja" v="明治通り"/>
    <tag k="name:ja-Hira" v="めいじどおり"/>
    <tag k="name:ja-Latn" v="Meiji-dōri"/>
    <tag k="name:ko" v="메이지로"/>
    <tag k="name:zh" v="明治通"/>
    <tag k="oneway" v="yes"/>
    <tag k="ref" v="305"/>
    <tag k="source" v="Bing,2007-04"/>
    <tag k="surface" v="paved"/>
    <tag k="wikidata" v="Q8011176"/>
    <tag k="wikipedia" v="ja:明治通り (東京都)"/>
  </way>
  <way id="199152192">
    <nd ref="1504865089"/>
    <nd ref="2393558995"/>
    <nd ref="10250918548"/>
    <nd ref="7682112391"/>
    <nd ref="2393522938"/>
    <nd ref="475771337"/>
    <nd ref="2393522947"/>
    <nd ref="1318940990"/>
    <nd ref="1318940992"/>
    <nd ref="3647898707"/>
    <nd ref="1318940960"/>
    <nd ref="1318940828"/>
    <nd ref="1318940895"/>
    <nd ref="5181002313"/>
    <nd ref="1582702939"/>
    <nd ref="1318940854"/>
    <nd ref="1318940946"/>
    <nd ref="1318940844"/>
    <tag k="highway" v="primary"/>
    <tag k="int_name" v="Meiji-dori"/>
    <tag k="lit" v="yes"/>
    <tag k="maxspeed" v="50"/>
    <tag k="name" v="明治通り"/>
    <tag k="name:en" v="Meiji-dori Avenue"/>
    <tag k="name:es" v="Calle Meiji"/>
    <tag k="name:fr" v="Rue Meiji"/>
    <tag k="name:ja" v="明治通り"/>
    <tag k="name:ja-Hira" v="めいじどおり"/>
    <tag k="name:ja-Latn" v="Meiji-dōri"/>
    <tag k="oneway" v="yes"/>
    <tag k="ref" v="305"/>
    <tag k="source" v="Bing,2007-04"/>
    <tag k="surface" v="paved"/>
    <tag k="wikidata" v="Q8011176"/>
  </way>
  <way id="199152193">
    <nd ref="472359998"/>
    <nd ref="2262160517"/>
    <nd ref="11286893472"/>
    <nd ref="11286893473"/>
    <nd ref="11286893499"/>
    <nd ref="2393558944"/>
    <nd ref="472383046"/>
    <nd ref="10605479590"/>
    <nd ref="2263979127"/>
    <nd ref="1805702532"/>
    <nd ref="1805702535"/>
    <tag k="cycleway:left" v="shared_lane"/>
    <tag k="cycleway:left:lane" v="pictogram"/>
    <tag k="foot" v="no"/>
    <tag k="highway" v="primary"/>
    <tag k="int_name" v="Meiji-dori"/>
    <tag k="lanes" v="2"/>
    <tag k="lit" v="yes"/>
    <tag k="maxspeed" v="50"/>
    <tag k="name" v="明治通り"/>
    <tag k="name:en" v="Meiji Street"/>
    <tag k="name:es" v="Calle Meiji"/>
    <tag k="name:fr" v="Rue Meiji"/>
    <tag k="name:ja" v="明治通り"/>
    <tag k="name:ja-Hira" v="めいじどおり"/>
    <tag k="name:ja-Latn" v="Meiji-dōri"/>
    <tag k="name:ko" v="메이지로"/>
    <tag k="name:zh" v="明治大街"/>
    <tag k="oneway" v="yes"/>
    <tag k="ref" v="305"/>
    <tag k="source" v="Bing,2007-04"/>
    <tag k="surface" v="asphalt"/>
    <tag k="wikidata" v="Q8011176"/>
  </way>
  <way id="199152194">
    <nd ref="1626142101"/>
    <nd ref="1681472939"/>
    <nd ref="2857742942"/>
    <nd ref="1626142093"/>
    <nd ref="8594202132"/>
    <nd ref="2857742933"/>
    <nd ref="1626142085"/>
    <tag k="highway" v="primary"/>
    <tag k="lanes" v="3"/>
    <tag k="maxspeed" v="50"/>
    <tag k="name" v="御苑通り"/>
    <tag k="name:en" v="Gyoen Street"/>
    <tag k="name:fr" v="Rue Gyoen"/>
    <tag k="name:ja" v="御苑通り"/>
    <tag k="name:ja-Hira" v="ぎょえんどおり"/>
    <tag k="name:ja-Latn" v="Gyoen-dōri"/>
    <tag k="oneway" v="yes"/>
    <tag k="ref" v="305"/>
    <tag k="source" v="Bing 2010"/>
    <tag k="surface" v="asphalt"/>
  </way>
  <way id="199152204">
    <nd ref="295403316"/>
    <nd ref="2393558987"/>
    <nd ref="4238739080"/>
    <tag k="access" v="yes"/>
    <tag k="highway" v="trunk"/>
    <tag k="lanes" v="2"/>
    <tag k="name" v="甲州街道"/>
    <tag k="name:en" v="Koshu-kaido Avenue"/>
    <tag k="name:es" v="Koshu Kaido"/>
    <tag k="name:fr" v="Kōshū Kaidō"/>
    <tag k="name:ja" v="甲州街道"/>
    <tag k="name:ja-Hira" v="こうしゅうかいどう"/>
    <tag k="name:ja-Latn" v="Kōshū Kaidō"/>
    <tag k="name:ko" v="고슈 가이도"/>
    <tag k="name:zh" v="甲州街道"/>
    <tag k="nat_name" v="国道20号"/>
    <tag k="nat_name:en" v="National Highway Route 20"/>
    <tag k="oneway" v="yes"/>
    <tag k="ref" v="20"/>
    <tag k="source" v="Bing 2010"/>
    <tag k="surface" v="paved"/>
    <tag k="wikidata" v="Q1156682"/>
  </way>
  <way id="199152205">
    <nd ref="1504865400"/>
    <nd ref="295403316"/>
    <tag k="access" v="yes"/>
    <tag k="highway" v="trunk"/>
    <tag k="lanes" v="2"/>
    <tag k="name" v="甲州街道"/>
    <tag k="name:en" v="Koshu-kaido Avenue"/>
    <tag k="name:es" v="Koshu Kaido"/>
    <tag k="name:fr" v="Kōshū Kaidō"/>
    <tag k="name:ja" v="甲州街道"/>
    <tag k="name:ja-Hira" v="こうしゅうかいどう"/>
    <tag k="name:ja-Latn" v="Kōshū Kaidō"/>
    <tag k="name:ko" v="고슈 가이도"/>
    <tag k="name:zh" v="甲州街道"/>
    <tag k="nat_name" v="国道20号"/>
    <tag k="nat_name:en" v="National Highway Route 20"/>
    <tag k="oneway" v="yes"/>
    <tag k="ref" v="20"/>
    <tag k="wikidata" v="Q1156682"/>
  </way>
  <way id="199152206">
    <nd ref="473173559"/>
    <nd ref="10537281259"/>
    <nd ref="2393558963"/>
    <nd ref="1504865400"/>
    <tag k="access" v="yes"/>
    <tag k="highway" v="trunk"/>
    <tag k="lanes" v="3"/>
    <tag k="name" v="甲州街道"/>
    <tag k="name:en" v="Koshu-kaido Avenue"/>
    <tag k="name:es" v="Koshu Kaido"/>
    <tag k="name:fr" v="Kōshū Kaidō"/>
    <tag k="name:ja" v="甲州街道"/>
    <tag k="name:ja-Hira" v="こうしゅうかいどう"/>
    <tag k="name:ja-Latn" v="Kōshū Kaidō"/>
    <tag k="name:ko" v="고슈 가이도"/>
    <tag k="name:zh" v="甲州街道"/>
    <tag k="nat_name" v="国道20号"/>
    <tag k="nat_name:en" v="National Highway Route 20"/>
    <tag k="oneway" v="yes"/>
    <tag k="ref" v="20"/>
    <tag k="source" v="Bing 2010"/>
    <tag k="surface" v="paved"/>
    <tag k="turn:lanes" v="left|through|through"/>
    <tag k="wikidata" v="Q1156682"/>
  </way>
  <way id="199152225">
    <nd ref="475770654"/>
    <nd ref="2502322069"/>
    <nd ref="11255399706"/>
    <nd ref="2393558970"/>
    <nd ref="295403184"/>
    <nd ref="1504865089"/>
    <tag k="highway" v="unclassified"/>
    <tag k="maxspeed" v="30"/>
    <tag k="name" v="うまや道"/>
    <tag k="name:en" v="Umaya Road"/>
    <tag k="name:es" v="Carretera Umaya"/>
    <tag k="name:fr" v="Rue Umaya"/>
    <tag k="name:ja-Latn" v="Umaya michi"/>
    <tag k="source" v="Bing 2010"/>
    <tag k="surface" v="paved"/>
  </way>
  <way id="199152230">
    <nd ref="1504865089"/>
    <nd ref="2393558960"/>
    <nd ref="473173586"/>
    <nd ref="1504865112"/>
    <nd ref="473173569"/>
    <tag k="highway" v="unclassified"/>
    <tag k="noname" v="yes"/>
    <tag k="source" v="Bing 2010"/>
    <tag k="surface" v="paved"/>
  </way>
  <way id="199152243">
    <nd ref="1626142101"/>
    <nd ref="735990758"/>
    <tag k="highway" v="tertiary"/>
    <tag k="lit" v="yes"/>
    <tag k="maxspeed" v="40"/>
    <tag k="name" v="新宿通り"/>
    <tag k="name:en" v="Shinjuku-dori Ave."/>
    <tag k="name:es" v="Calle Shinjuku"/>
    <tag k="name:etymology:wikidata" v="Q179645"/>
    <tag k="name:fr" v="Rue Shinjuku"/>
    <tag k="name:ja" v="新宿通り"/>
    <tag k="name:ja-Hira" v="しんじゅくどおり"/>
    <tag k="name:ja-Latn" v="Shinjuku-dōri"/>
    <tag k="name:ko" v="신쥬쿠로"/>
    <tag k="name:zh" v="新宿大街"/>
    <tag k="source" v="Bing 2010"/>
    <tag k="surface" v="paved"/>
    <tag k="was:ref" v="430"/>
    <tag k="wikidata" v="Q24886614"/>
  </way>
  <way id="209758753">
    <nd ref="475758977"/>
    <nd ref="2209725237"/>
    <nd ref="2890576068"/>
    <nd ref="2199448635"/>
    <nd ref="475764329"/>
    <tag k="highway" v="residential"/>
    <tag k="oneway" v="yes"/>
    <tag k="surface" v="asphalt"/>
  </way>
  <way id="209758754">
    <nd ref="2199448613"/>
    <nd ref="2199448607"/>
    <nd ref="2199448596"/>
    <tag k="highway" v="residential"/>
    <tag k="source" v="image,2013-03;Bing"/>
  </way>
  <way id="213526441">
    <nd ref="295403161"/>
    <nd ref="5181002314"/>
    <nd ref="1582702940"/>
    <nd ref="295403163"/>
    <nd ref="7682112321"/>
    <nd ref="295403164"/>
    <nd ref="10235156200"/>
    <nd ref="295403168"/>
    <nd ref="3647898708"/>
    <nd ref="295403169"/>
    <nd ref="475760524"/>
    <nd ref="2393522941"/>
    <nd ref="295403171"/>
    <nd ref="7682112389"/>
    <nd ref="7682112390"/>
    <nd ref="2393558988"/>
    <nd ref="295403184"/>
    <nd ref="2393558946"/>
    <nd ref="295403185"/>
    <nd ref="473173590"/>
    <nd ref="473173583"/>
    <nd ref="2393558959"/>
    <nd ref="2605876716"/>
    <nd ref="10273655697"/>
    <nd ref="473173572"/>
    <nd ref="1580294934"/>
    <tag k="alt_name:zh" v="明治大街"/>
    <tag k="highway" v="primary"/>
    <tag k="int_name" v="Meiji-dori"/>
    <tag k="lit" v="yes"/>
    <tag k="maxspeed" v="50"/>
    <tag k="name" v="明治通り"/>
    <tag k="name:en" v="Meiji-dori Avenue"/>
    <tag k="name:es" v="Calle Meiji"/>
    <tag k="name:fr" v="Rue Meiji"/>
    <tag k="name:ja" v="明治通り"/>
    <tag k="name:ja-Hira" v="めいじどおり"/>
    <tag k="name:ja-Latn" v="Meiji-dōri"/>
    <tag k="name:ko" v="메이지로"/>
    <tag k="name:zh" v="明治通"/>
    <tag k="oneway" v="yes"/>
    <tag k="ref" v="305"/>
    <tag k="source" v="Bing,2007-04"/>
    <tag k="surface" v="paved"/>
    <tag k="wikidata" v="Q8011176"/>
    <tag k="wikipedia" v="ja:明治通り (東京都)"/>
  </way>
  <way id="216480472">
    <nd ref="1716064635"/>
    <nd ref="5498668189"/>
    <nd ref="5498668196"/>
    <nd ref="2503429977"/>
    <nd ref="1582703026"/>
    <nd ref="295416420"/>
    <tag k="highway" v="secondary"/>
    <tag k="lanes" v="3"/>
    <tag k="maxspeed" v="50"/>
    <tag k="name" v="東通り"/>
    <tag k="name:en" v="Higashi-dori Ave."/>
    <tag k="name:es" v="Avenida Higashi-dori"/>
    <tag k="name:ja" v="東通り"/>
    <tag k="oneway" v="yes"/>
    <tag k="ref" v="副9"/>
    <tag k="source" v="Bing 2012"/>
    <tag k="surface" v="paved"/>
  </way>
  <way id="216480476">
    <nd ref="1543871752"/>
    <nd ref="295423016"/>
    <nd ref="2253637555"/>
    <nd ref="2256347583"/>
    <nd ref="760157616"/>
    <tag k="highway" v="secondary"/>
    <tag k="lit" v="yes"/>
    <tag k="name" v="ふれあい通り"/>
    <tag k="name:en" v="Fureai-dori Avenue"/>
    <tag k="name:es" v="Calle Fureai"/>
    <tag k="name:ja" v="ふれあい通り"/>
    <tag k="oneway" v="yes"/>
    <tag k="ref" v="副3"/>
    <tag k="source" v="Bing 2012"/>
    <tag k="surface" v="asphalt"/>
  </way>
  <way id="216480477">
    <nd ref="295422991"/>
    <nd ref="472382653"/>
    <tag k="highway" v="secondary"/>
    <tag k="lanes" v="2"/>
    <tag k="lit" v="yes"/>
    <tag k="name" v="ふれあい通り"/>
    <tag k="name:en" v="Fureai-dori Avenue"/>
    <tag k="name:es" v="Calle Fureai"/>
    <tag k="name:ja" v="ふれあい通り"/>
    <tag k="oneway" v="yes"/>
    <tag k="ref" v="副3"/>
    <tag k="smoothness" v="excellent"/>
    <tag k="surface" v="asphalt"/>
  </way>
  <way id="216480479">
    <nd ref="295422991"/>
    <nd ref="2253637569"/>
    <nd ref="5498655837"/>
    <nd ref="5498655833"/>
    <nd ref="2256072426"/>
    <nd ref="5498655842"/>
    <nd ref="5498668185"/>
    <nd ref="1716064635"/>
    <tag k="highway" v="secondary"/>
    <tag k="lanes" v="3"/>
    <tag k="maxspeed" v="50"/>
    <tag k="name" v="東通り"/>
    <tag k="name:en" v="Higashi-dori Ave."/>
    <tag k="name:es" v="Avenida Higashi-dori"/>
    <tag k="name:ja" v="東通り"/>
    <tag k="oneway" v="yes"/>
    <tag k="ref" v="副9"/>
    <tag k="source" v="Bing 2012"/>
    <tag k="surface" v="asphalt"/>
  </way>
  <way id="216480482">
    <nd ref="1543871752"/>
    <nd ref="2253637553"/>
    <nd ref="5500147200"/>
    <nd ref="1678008833"/>
    <nd ref="5500147197"/>
    <nd ref="5498655313"/>
    <nd ref="472359977"/>
    <nd ref="5498655310"/>
    <tag k="highway" v="secondary"/>
    <tag k="lanes" v="3"/>
    <tag k="maxspeed" v="50"/>
    <tag k="name" v="東通り"/>
    <tag k="name:en" v="Higashi-dori Ave."/>
    <tag k="name:es" v="Avenida Higashi-dori"/>
    <tag k="name:ja" v="東通り"/>
    <tag k="oneway" v="yes"/>
    <tag k="ref" v="副9"/>
    <tag k="source" v="Bing 2012"/>
    <tag k="surface" v="asphalt"/>
  </way>
  <way id="216480483">
    <nd ref="582802728"/>
    <nd ref="5498668186"/>
    <nd ref="2256072424"/>
    <nd ref="5500197936"/>
    <nd ref="472359968"/>
    <nd ref="5498655834"/>
    <nd ref="5500197946"/>
    <nd ref="5500197948"/>
    <nd ref="2253637572"/>
    <nd ref="472382653"/>
    <nd ref="1543871752"/>
    <tag k="highway" v="secondary"/>
    <tag k="lanes" v="3"/>
    <tag k="maxspeed" v="50"/>
    <tag k="name" v="東通り"/>
    <tag k="name:en" v="Higashi-dori Ave."/>
    <tag k="name:es" v="Avenida Higashi-dori"/>
    <tag k="name:ja" v="東通り"/>
    <tag k="oneway" v="yes"/>
    <tag k="ref" v="副9"/>
    <tag k="source" v="Bing 2012"/>
    <tag k="surface" v="asphalt"/>
  </way>
  <way id="216896031">
    <nd ref="735990758"/>
    <nd ref="2393558958"/>
    <nd ref="1681473017"/>
    <nd ref="472383093"/>
    <tag k="highway" v="primary"/>
    <tag k="lanes" v="2"/>
    <tag k="lit" v="yes"/>
    <tag k="maxspeed" v="50"/>
    <tag k="name" v="御苑通り"/>
    <tag k="name:en" v="Gyoen Street"/>
    <tag k="name:fr" v="Rue Gyoen"/>
    <tag k="name:ja" v="御苑通り"/>
    <tag k="name:ja-Hira" v="ぎょえんどおり"/>
    <tag k="name:ja-Latn" v="Gyoen-dōri"/>
    <tag k="oneway" v="yes"/>
    <tag k="ref" v="305"/>
    <tag k="source" v="Bing 2010"/>
    <tag k="surface" v="paved"/>
  </way>
  <way id="217090090">
    <nd ref="1805702440"/>
    <nd ref="366932920"/>
    <nd ref="2393558951"/>
    <nd ref="1805702479"/>
    <nd ref="10273580590"/>
    <nd ref="1626142115"/>
    <nd ref="472382938"/>
    <tag k="admin_level" v="6"/>
    <tag k="cycleway:left" v="shared_lane"/>
    <tag k="cycleway:left:lane" v="pictogram"/>
    <tag k="highway" v="primary"/>
    <tag k="lane_markings" v="yes"/>
    <tag k="lit" v="yes"/>
    <tag k="maxspeed" v="40"/>
    <tag k="name" v="御苑通り"/>
    <tag k="oneway" v="yes"/>
    <tag k="ref" v="305"/>
    <tag k="sidewalk" v="both"/>
    <tag k="source" v="Bing 2010"/>
    <tag k="surface" v="asphalt"/>
  </way>
  <way id="217090091">
    <nd ref="1805702539"/>
    <nd ref="2393558992"/>
    <nd ref="1805702440"/>
    <tag k="admin_level" v="6"/>
    <tag k="cycleway:left" v="shared_lane"/>
    <tag k="cycleway:left:lane" v="pictogram"/>
    <tag k="highway" v="primary"/>
    <tag k="lanes" v="4"/>
    <tag k="lit" v="yes"/>
    <tag k="maxspeed" v="40"/>
    <tag k="name" v="御苑通り"/>
    <tag k="oneway" v="yes"/>
    <tag k="ref" v="305"/>
    <tag k="sidewalk" v="both"/>
    <tag k="source" v="Bing 2010"/>
    <tag k="surface" v="asphalt"/>
  </way>
  <way id="217100677">
    <nd ref="1805702538"/>
    <nd ref="1805702536"/>
    <nd ref="2393558957"/>
    <nd ref="1626142108"/>
    <nd ref="1805702399"/>
    <nd ref="1626142106"/>
    <nd ref="1681473148"/>
    <nd ref="2393558979"/>
    <nd ref="1626142105"/>
    <nd ref="1681473106"/>
    <nd ref="2393558968"/>
    <nd ref="13741710920"/>
    <nd ref="1626142103"/>
    <nd ref="1805702250"/>
    <nd ref="1626142102"/>
    <nd ref="10605620531"/>
    <nd ref="2393558984"/>
    <nd ref="1626142101"/>
    <tag k="highway" v="primary"/>
    <tag k="lanes" v="3"/>
    <tag k="lit" v="yes"/>
    <tag k="maxspeed" v="50"/>
    <tag k="name" v="御苑通り"/>
    <tag k="name:en" v="Gyoen Street"/>
    <tag k="name:fr" v="Rue Gyoen"/>
    <tag k="name:ja" v="御苑通り"/>
    <tag k="name:ja-Hira" v="ぎょえんどおり"/>
    <tag k="name:ja-Latn" v="Gyoen-dōri"/>
    <tag k="oneway" v="yes"/>
    <tag k="ref" v="305"/>
    <tag k="source" v="Bing 2010"/>
    <tag k="surface" v="paved"/>
  </way>
  <way id="220735552">
    <nd ref="2298275317"/>
    <nd ref="2298275318"/>
    <tag k="highway" v="unclassified"/>
  </way>
  <way id="230068545">
    <nd ref="1943752300"/>
    <nd ref="1943752301"/>
    <nd ref="1943752302"/>
    <tag k="highway" v="residential"/>
  </way>
  <way id="230395551">
    <nd ref="2389062090"/>
    <nd ref="6283452072"/>
    <nd ref="6283452069"/>
    <nd ref="2389073380"/>
    <nd ref="6308608817"/>
    <nd ref="6308229776"/>
    <nd ref="2449182781"/>
    <nd ref="6308608818"/>
    <nd ref="6308229775"/>
    <nd ref="6308608816"/>
    <nd ref="295422757"/>
    <tag k="bicycle" v="no"/>
    <tag k="foot" v="no"/>
    <tag k="highway" v="secondary"/>
    <tag k="lanes" v="2"/>
    <tag k="layer" v="-1"/>
    <tag k="maxspeed" v="50"/>
    <tag k="name" v="中央通り"/>
    <tag k="name:en" v="Chuo-dori Avenue"/>
    <tag k="name:es" v="Avenida Chuo-dori"/>
    <tag k="name:ja" v="中央通り"/>
    <tag k="name:ko" v="주오도리"/>
    <tag k="oneway" v="yes"/>
    <tag k="ref" v="副4"/>
    <tag k="surface" v="asphalt"/>
    <tag k="tunnel" v="yes"/>
  </way>
  <way id="230395552">
    <nd ref="317859925"/>
    <nd ref="6283452075"/>
    <nd ref="6283452068"/>
    <nd ref="6283452071"/>
    <nd ref="2389062089"/>
    <tag k="bicycle" v="no"/>
    <tag k="foot" v="no"/>
    <tag k="highway" v="secondary"/>
    <tag k="lanes" v="2"/>
    <tag k="layer" v="-1"/>
    <tag k="maxspeed" v="50"/>
    <tag k="name" v="中央通り"/>
    <tag k="name:en" v="Chuo-dori Avenue"/>
    <tag k="name:es" v="Avenida Chuo-dori"/>
    <tag k="name:ja" v="中央通り"/>
    <tag k="name:ko" v="주오도리"/>
    <tag k="oneway" v="yes"/>
    <tag k="ref" v="副4"/>
    <tag k="surface" v="asphalt"/>
    <tag k="tunnel" v="yes"/>
  </way>
  <way id="230415796">
    <nd ref="473173582"/>
    <nd ref="473173580"/>
    <nd ref="473173578"/>
    <nd ref="1813858066"/>
    <tag k="highway" v="residential"/>
    <tag k="source" v="Bing 2010"/>
    <tag k="surface" v="paved"/>
  </way>
  <way id="230562268">
    <nd ref="472360220"/>
    <nd ref="472360186"/>
    <tag k="highway" v="unclassified"/>
    <tag k="oneway" v="yes"/>
  </way>
  <way id="231771834">
    <nd ref="472447036"/>
    <nd ref="2401040262"/>
    <nd ref="10605447503"/>
    <nd ref="472447066"/>
    <nd ref="2401040296"/>
    <nd ref="472447038"/>
    <nd ref="2401040287"/>
    <nd ref="472447093"/>
    <nd ref="472447110"/>
    <nd ref="472447097"/>
    <nd ref="10605620524"/>
    <nd ref="2394599982"/>
    <nd ref="735990788"/>
    <tag k="highway" v="tertiary"/>
    <tag k="lane_markings" v="yes"/>
    <tag k="lanes" v="2"/>
    <tag k="source" v="Bing 2010"/>
    <tag k="surface" v="asphalt"/>
  </way>
  <way id="231774694">
    <nd ref="1093489453"/>
    <nd ref="12666510291"/>
    <nd ref="12666510294"/>
    <nd ref="2401069486"/>
    <nd ref="733235061"/>
    <nd ref="2606035837"/>
    <nd ref="2606035835"/>
    <nd ref="2606035831"/>
    <nd ref="2401069476"/>
    <nd ref="2606035828"/>
    <nd ref="2606035826"/>
    <nd ref="9775081816"/>
    <nd ref="733235048"/>
    <nd ref="733235049"/>
    <nd ref="2401069487"/>
    <nd ref="733235050"/>
    <nd ref="733235052"/>
    <nd ref="2401069450"/>
    <nd ref="9607761291"/>
    <nd ref="9775081815"/>
    <nd ref="9228817075"/>
    <nd ref="9228817076"/>
    <nd ref="2401069431"/>
    <nd ref="733235054"/>
    <nd ref="733235057"/>
    <nd ref="1665929824"/>
    <nd ref="2401069456"/>
    <nd ref="733235059"/>
    <nd ref="2401069454"/>
    <nd ref="733235014"/>
    <nd ref="3817880918"/>
    <nd ref="733235015"/>
    <nd ref="2401069432"/>
    <nd ref="733235022"/>
    <nd ref="733235024"/>
    <nd ref="2401069435"/>
    <nd ref="733235038"/>
    <nd ref="733235033"/>
    <nd ref="733235034"/>
    <nd ref="733235035"/>
    <nd ref="2401069483"/>
    <nd ref="733235028"/>
    <nd ref="733235031"/>
    <nd ref="733235027"/>
    <nd ref="10605469622"/>
    <nd ref="2401040317"/>
    <nd ref="733235025"/>
    <tag k="admin_level" v="6"/>
    <tag k="highway" v="primary"/>
    <tag k="name" v="余丁町通り"/>
    <tag k="name:en" v="Yochomachi-dori"/>
    <tag k="name:es" v="Calle Yochomachi"/>
    <tag k="name:ja" v="余丁町通り"/>
    <tag k="oneway" v="yes"/>
    <tag k="ref" v="302"/>
    <tag k="source" v="Bing 2010"/>
    <tag k="surface" v="asphalt"/>
  </way>
  <way id="231774696">
    <nd ref="472382787"/>
    <nd ref="4716622876"/>
    <nd ref="11049605211"/>
    <nd ref="11006985240"/>
    <nd ref="472382829"/>
    <nd ref="1604625950"/>
    <nd ref="11049569002"/>
    <nd ref="9954179104"/>
    <nd ref="472382963"/>
    <nd ref="11049569003"/>
    <nd ref="9954179101"/>
    <nd ref="472382962"/>
    <nd ref="10605511491"/>
    <nd ref="2401050142"/>
    <nd ref="472382832"/>
    <tag k="foot" v="no"/>
    <tag k="highway" v="unclassified"/>
    <tag k="name" v="西武新宿駅前通り"/>
    <tag k="name:en" v="Seibu Shinjuku Station Street"/>
    <tag k="name:fr" v="Rue Seibu Gare de Shinjuku"/>
    <tag k="name:ja-Latn" v="Seibu Shinjuku ekimae dōri"/>
    <tag k="name:ko" v="세이부 역전로"/>
    <tag k="name:zh" v="西武站前大街"/>
    <tag k="oneway" v="yes"/>
    <tag k="source" v="Bing 2010"/>
    <tag k="surface" v="paved"/>
  </way>
  <way id="231774697">
    <nd ref="472382882"/>
    <nd ref="4716623677"/>
    <nd ref="472382880"/>
    <nd ref="472382873"/>
    <nd ref="7933069570"/>
    <nd ref="7933069571"/>
    <tag k="highway" v="residential"/>
    <tag k="name" v="一番通り"/>
    <tag k="name:en" v="Ichiban Street"/>
    <tag k="name:fr" v="Rue Ichiban"/>
    <tag k="name:ja" v="一番通り"/>
    <tag k="name:ja-Hira" v="いちばんどおり"/>
    <tag k="name:ja-Latn" v="Ichiban-dōri"/>
    <tag k="name:ko" v="이치방로"/>
    <tag k="name:zh" v="一番大街"/>
    <tag k="oneway" v="yes"/>
  </way>
  <way id="236959050">
    <nd ref="295422762"/>
    <nd ref="5498585130"/>
    <nd ref="295422692"/>
    <tag k="highway" v="secondary"/>
    <tag k="lanes" v="3"/>
    <tag k="name" v="公園通り"/>
    <tag k="name:en" v="Koen-dori Pkwy."/>
    <tag k="name:ja" v="公園通り"/>
    <tag k="oneway" v="yes"/>
    <tag k="ref" v="副12"/>
    <tag k="source" v="Bing 2010"/>
    <tag k="surface" v="paved"/>
  </way>
  <way id="236959051">
    <nd ref="295422762"/>
    <nd ref="1701041432"/>
    <tag k="highway" v="secondary"/>
    <tag k="lanes" v="2"/>
    <tag k="maxspeed" v="50"/>
    <tag k="name" v="中央通り"/>
    <tag k="name:en" v="Chuo-dori Avenue"/>
    <tag k="name:ja" v="中央通り"/>
    <tag k="name:ko" v="주오도리"/>
    <tag k="oneway" v="yes"/>
    <tag k="ref" v="副4"/>
  </way>
  <way id="236959052">
    <nd ref="295422692"/>
    <nd ref="5498585126"/>
    <nd ref="760157609"/>
    <tag k="highway" v="secondary"/>
    <tag k="layer" v="1"/>
    <tag k="name" v="ふれあい通り"/>
    <tag k="name:en" v="Fureai-dori Avenue"/>
    <tag k="name:es" v="Calle Fureai"/>
    <tag k="name:ja" v="ふれあい通り"/>
    <tag k="oneway" v="yes"/>
    <tag k="ref" v="副3"/>
  </way>
  <way id="236959053">
    <nd ref="295422692"/>
    <nd ref="295423004"/>
    <nd ref="5498585123"/>
    <nd ref="1973313102"/>
    <tag k="highway" v="secondary"/>
    <tag k="lanes" v="3"/>
    <tag k="name" v="公園通り"/>
    <tag k="name:en" v="Koen-dori Pkwy."/>
    <tag k="name:ja" v="公園通り"/>
    <tag k="oneway" v="yes"/>
    <tag k="ref" v="副12"/>
    <tag k="source" v="Bing 2010"/>
    <tag k="surface" v="paved"/>
  </way>
  <way id="236959054">
    <nd ref="2449182777"/>
    <nd ref="2256347610"/>
    <nd ref="5498655320"/>
    <nd ref="295422991"/>
    <tag k="highway" v="secondary"/>
    <tag k="lit" v="yes"/>
    <tag k="name" v="ふれあい通り"/>
    <tag k="name:en" v="Fureai-dori Avenue"/>
    <tag k="name:es" v="Calle Fureai"/>
    <tag k="name:ja" v="ふれあい通り"/>
    <tag k="oneway" v="yes"/>
    <tag k="ref" v="副3"/>
    <tag k="source" v="Bing 2012"/>
    <tag k="surface" v="asphalt"/>
  </way>
  <way id="236959056">
    <nd ref="2449182780"/>
    <nd ref="2449182775"/>
    <nd ref="6969906796"/>
    <nd ref="2449182774"/>
    <nd ref="2389062090"/>
    <tag k="foot" v="no"/>
    <tag k="highway" v="secondary"/>
    <tag k="lanes" v="2"/>
    <tag k="maxspeed" v="50"/>
    <tag k="name" v="中央通り"/>
    <tag k="name:en" v="Chuo-dori Avenue"/>
    <tag k="name:es" v="Avenida Chuo-dori"/>
    <tag k="name:ja" v="中央通り"/>
    <tag k="name:ko" v="주오도리"/>
    <tag k="oneway" v="yes"/>
    <tag k="ref" v="副4"/>
    <tag k="surface" v="asphalt"/>
  </way>
  <way id="243502036">
    <nd ref="1813858689"/>
    <nd ref="2674435149"/>
    <tag k="highway" v="secondary"/>
    <tag k="lanes" v="2"/>
    <tag k="name" v="四谷角筈線"/>
    <tag k="oneway" v="yes"/>
    <tag k="ref" v="414"/>
    <tag k="source" v="Bing 2012"/>
    <tag k="surface" v="paved"/>
  </way>
  <way id="244906595">
    <nd ref="2606035810"/>
    <nd ref="1093685738"/>
    <nd ref="2705533186"/>
    <nd ref="472382926"/>
    <tag k="cycleway:both" v="shared_lane"/>
    <tag k="cycleway:both:lane" v="pictogram"/>
    <tag k="highway" v="tertiary"/>
    <tag k="lane_markings" v="yes"/>
    <tag k="lanes" v="3"/>
    <tag k="lanes:backward" v="2"/>
    <tag k="lanes:forward" v="1"/>
    <tag k="source" v="Bing 2010"/>
    <tag k="surface" v="asphalt"/>
  </way>
  <way id="245926142">
    <nd ref="472359998"/>
    <nd ref="2262160515"/>
    <nd ref="2394600005"/>
    <nd ref="472383135"/>
    <nd ref="11286893518"/>
    <nd ref="11286893516"/>
    <nd ref="472383137"/>
    <nd ref="2394599970"/>
    <nd ref="472383133"/>
    <nd ref="11162524130"/>
    <nd ref="2394600074"/>
    <nd ref="11258120102"/>
    <nd ref="472383007"/>
    <nd ref="11258120101"/>
    <nd ref="11258119898"/>
    <nd ref="2394600073"/>
    <nd ref="11162524131"/>
    <nd ref="472382997"/>
    <nd ref="11162495238"/>
    <nd ref="11162495241"/>
    <nd ref="11162495242"/>
    <nd ref="11162495243"/>
    <nd ref="472382995"/>
    <tag k="foot" v="no"/>
    <tag k="highway" v="tertiary"/>
    <tag k="lanes" v="4"/>
    <tag k="level" v="0"/>
    <tag k="lit" v="yes"/>
    <tag k="name" v="新宿通り"/>
    <tag k="name:en" v="Shinjuku-dori Ave."/>
    <tag k="name:es" v="Calle Shinjuku"/>
    <tag k="name:etymology:wikidata" v="Q179645"/>
    <tag k="name:fr" v="Rue Shinjuku"/>
    <tag k="name:ja" v="新宿通り"/>
    <tag k="name:ja-Hira" v="しんじゅくどおり"/>
    <tag k="name:ja-Latn" v="Shinjuku-dōri"/>
    <tag k="name:ko" v="신쥬쿠로"/>
    <tag k="name:zh" v="新宿大街"/>
    <tag k="surface" v="asphalt"/>
    <tag k="was:ref" v="430"/>
    <tag k="wikidata" v="Q24886614"/>
  </way>
  <way id="251304143">
    <nd ref="304610418"/>
    <nd ref="10648540717"/>
    <nd ref="304610417"/>
    <nd ref="2450464338"/>
    <nd ref="1502259753"/>
    <nd ref="2450464337"/>
    <nd ref="2450464335"/>
    <nd ref="1502259750"/>
    <nd ref="304610250"/>
    <tag k="highway" v="secondary_link"/>
    <tag k="lanes" v="1"/>
    <tag k="name" v="四谷角筈線"/>
    <tag k="oneway" v="yes"/>
    <tag k="ref" v="414"/>
    <tag k="source" v="Bing"/>
    <tag k="surface" v="asphalt"/>
    <tag k="turn:lanes" v="right"/>
  </way>
  <way id="251308509">
    <nd ref="5500579961"/>
    <nd ref="1715874869"/>
    <nd ref="5500579917"/>
    <nd ref="5498655289"/>
    <nd ref="295416628"/>
    <tag k="highway" v="secondary"/>
    <tag k="lanes" v="2"/>
    <tag k="name" v="南通り"/>
    <tag k="name:en" v="Minami-dori Ave."/>
    <tag k="name:es" v="Calle Sur"/>
    <tag k="name:ja" v="南通り"/>
    <tag k="ref" v="副2"/>
    <tag k="source" v="Bing 2012"/>
    <tag k="surface" v="asphalt"/>
  </way>
  <way id="251308510">
    <nd ref="295416458"/>
    <nd ref="1582703025"/>
    <nd ref="2503429978"/>
    <nd ref="5501128088"/>
    <nd ref="5498668190"/>
    <nd ref="295416486"/>
    <tag k="highway" v="secondary"/>
    <tag k="lanes" v="3"/>
    <tag k="maxspeed" v="50"/>
    <tag k="name" v="東通り"/>
    <tag k="name:en" v="Higashi-dori Ave."/>
    <tag k="name:es" v="Avenida Higashi-dori"/>
    <tag k="name:ja" v="東通り"/>
    <tag k="oneway" v="yes"/>
    <tag k="ref" v="副9"/>
    <tag k="source" v="Bing 2012"/>
    <tag k="surface" v="paved"/>
  </way>
  <way id="251308511">
    <nd ref="281491578"/>
    <nd ref="281491577"/>
    <tag k="highway" v="secondary"/>
    <tag k="name" v="十二社通り"/>
    <tag k="name:en" v="Junisha-dori"/>
    <tag k="name:es" v="Calle Junisha"/>
    <tag k="name:ja" v="十二社通り"/>
    <tag k="ref" v="副13"/>
    <tag k="source" v="Bing 2010"/>
    <tag k="surface" v="paved"/>
  </way>
  <way id="251308512">
    <nd ref="295416486"/>
    <nd ref="582802728"/>
    <tag k="highway" v="secondary"/>
    <tag k="lanes" v="3"/>
    <tag k="maxspeed" v="50"/>
    <tag k="name" v="東通り"/>
    <tag k="name:en" v="Higashi-dori Ave."/>
    <tag k="name:es" v="Avenida Higashi-dori"/>
    <tag k="name:ja" v="東通り"/>
    <tag k="oneway" v="yes"/>
    <tag k="ref" v="副9"/>
    <tag k="surface" v="asphalt"/>
  </way>
  <way id="251308513">
    <nd ref="304610049"/>
    <nd ref="304611116"/>
    <tag k="foot" v="no"/>
    <tag k="highway" v="secondary"/>
    <tag k="lanes" v="2"/>
    <tag k="name" v="四谷角筈線"/>
    <tag k="name:en" v="Yotsuya-Kakuhazu Line"/>
    <tag k="name:fr" v="Route Yotsuya-Kakuhazu"/>
    <tag k="name:ja-Hira" v="よつやかくはずせん"/>
    <tag k="name:ja-Latn" v="Yotsuya Kakuhazu sen"/>
    <tag k="ref" v="414"/>
    <tag k="source" v="Bing"/>
    <tag k="surface" v="asphalt"/>
    <tag k="wikidata" v="Q11103014"/>
  </way>
  <way id="251308514">
    <nd ref="304610049"/>
    <nd ref="6281908903"/>
    <nd ref="197004349"/>
    <nd ref="8303217734"/>
    <nd ref="6310818846"/>
    <nd ref="1501318552"/>
    <nd ref="1676478645"/>
    <tag k="foot" v="no"/>
    <tag k="highway" v="trunk"/>
    <tag k="lanes" v="3"/>
    <tag k="layer" v="1"/>
    <tag k="name" v="甲州街道"/>
    <tag k="name:en" v="Kōshū Kaidō"/>
    <tag k="name:es" v="Kōshū Kaidō"/>
    <tag k="name:etymology:wikidata" v="Q248723"/>
    <tag k="name:fr" v="Kōshū Kaidō"/>
    <tag k="name:ja" v="甲州街道"/>
    <tag k="name:ja-Hira" v="こうしゅうかいどう"/>
    <tag k="name:ja-Latn" v="Kōshū-kaidō"/>
    <tag k="name:ko" v="고슈 가이도"/>
    <tag k="name:zh" v="甲州街道"/>
    <tag k="nat_name" v="国道20号"/>
    <tag k="nat_name:en" v="National Highway Route 20"/>
    <tag k="oneway" v="yes"/>
    <tag k="ref" v="20"/>
    <tag k="source" v="Bing 2010"/>
    <tag k="surface" v="paved"/>
    <tag k="wikidata" v="Q430608"/>
  </way>
  <way id="251308515">
    <nd ref="304611116"/>
    <nd ref="6282956275"/>
    <nd ref="6282956279"/>
    <nd ref="1813858097"/>
    <nd ref="1813858089"/>
    <nd ref="5500147177"/>
    <nd ref="1813858088"/>
    <tag k="foot" v="no"/>
    <tag k="highway" v="trunk"/>
    <tag k="name" v="甲州街道"/>
    <tag k="name:en" v="Kōshū Kaidō"/>
    <tag k="name:es" v="Kōshū Kaidō"/>
    <tag k="name:etymology:wikidata" v="Q248723"/>
    <tag k="name:fr" v="Kōshū Kaidō"/>
    <tag k="name:ja" v="甲州街道"/>
    <tag k="name:ja-Hira" v="こうしゅうかいどう"/>
    <tag k="name:ja-Latn" v="Kōshū-kaidō"/>
    <tag k="name:ko" v="고슈 가이도"/>
    <tag k="name:zh" v="甲州街道"/>
    <tag k="nat_name" v="国道20号"/>
    <tag k="nat_name:en" v="National Highway Route 20"/>
    <tag k="oneway" v="yes"/>
    <tag k="ref" v="20"/>
    <tag k="source" v="Bing 2010"/>
    <tag k="surface" v="asphalt"/>
    <tag k="wikidata" v="Q430608"/>
  </way>
  <way id="251308516">
    <nd ref="1504865431"/>
    <nd ref="1681472958"/>
    <nd ref="8303217744"/>
    <nd ref="1681472956"/>
    <nd ref="473173554"/>
    <nd ref="1681472941"/>
    <nd ref="295403279"/>
    <nd ref="1681472915"/>
    <nd ref="1681472890"/>
    <nd ref="295403282"/>
    <tag k="bicycle" v="no"/>
    <tag k="destination" v="日本橋;四谷"/>
    <tag k="foot" v="no"/>
    <tag k="highway" v="trunk"/>
    <tag k="horse" v="no"/>
    <tag k="lanes" v="2"/>
    <tag k="name" v="甲州街道"/>
    <tag k="name:en" v="Koshu-kaido Avenue"/>
    <tag k="name:es" v="Koshu Kaido"/>
    <tag k="name:fr" v="Kōshū Kaidō"/>
    <tag k="name:ja" v="甲州街道"/>
    <tag k="name:ja-Hira" v="こうしゅうかいどう"/>
    <tag k="name:ja-Latn" v="Kōshū Kaidō"/>
    <tag k="name:ko" v="고슈 가이도"/>
    <tag k="name:zh" v="甲州街道"/>
    <tag k="nat_name" v="国道20号"/>
    <tag k="nat_name:en" v="National Highway Route 20"/>
    <tag k="oneway" v="yes"/>
    <tag k="ref" v="20"/>
    <tag k="source" v="Bing 2010"/>
    <tag k="surface" v="paved"/>
    <tag k="wikidata" v="Q1156682"/>
  </way>
  <way id="251308517">
    <nd ref="295416628"/>
    <nd ref="1715900545"/>
    <tag k="highway" v="secondary"/>
    <tag k="layer" v="2"/>
    <tag k="name" v="南通り"/>
    <tag k="name:en" v="Minami-dori Ave."/>
    <tag k="name:es" v="Calle Sur"/>
    <tag k="name:ja" v="南通り"/>
    <tag k="ref" v="副2"/>
    <tag k="surface" v="asphalt"/>
  </way>
  <way id="251308518">
    <nd ref="472447032"/>
    <nd ref="2401040292"/>
    <nd ref="472447071"/>
    <nd ref="472447044"/>
    <nd ref="1665929601"/>
    <nd ref="472447103"/>
    <nd ref="10648540699"/>
    <nd ref="295403289"/>
    <nd ref="10648540698"/>
    <nd ref="10537281262"/>
    <nd ref="2401040267"/>
    <nd ref="472447045"/>
    <nd ref="8728235965"/>
    <nd ref="1503953149"/>
    <nd ref="1503953156"/>
    <nd ref="2394599965"/>
    <nd ref="735990793"/>
    <tag k="hgv" v="no"/>
    <tag k="highway" v="tertiary"/>
    <tag k="lanes" v="2"/>
    <tag k="noname" v="yes"/>
    <tag k="source" v="Bing 2010"/>
    <tag k="surface" v="asphalt"/>
  </way>
  <way id="251308519">
    <nd ref="1542765400"/>
    <nd ref="1699312350"/>
    <nd ref="8303217753"/>
    <nd ref="295405281"/>
    <nd ref="11934469723"/>
    <nd ref="13819648490"/>
    <nd ref="1813858050"/>
    <tag k="access" v="yes"/>
    <tag k="highway" v="trunk"/>
    <tag k="maxheight:signed" v="no"/>
    <tag k="name" v="甲州街道"/>
    <tag k="name:en" v="Koshu-kaido Avenue"/>
    <tag k="name:es" v="Koshu Kaido"/>
    <tag k="name:ja" v="甲州街道"/>
    <tag k="name:ja-Hira" v="こうしゅうかいどう"/>
    <tag k="name:ja-Latn" v="Kōshū Kaidō"/>
    <tag k="name:ko" v="고슈 가이도"/>
    <tag k="name:zh" v="甲州街道"/>
    <tag k="nat_name" v="国道20号"/>
    <tag k="nat_name:en" v="National Highway Route 20"/>
    <tag k="oneway" v="yes"/>
    <tag k="ref" v="20"/>
    <tag k="source" v="Bing 2010"/>
    <tag k="surface" v="asphalt"/>
  </way>
  <way id="251308522">
    <nd ref="295416458"/>
    <nd ref="2503429982"/>
    <nd ref="5505900397"/>
    <nd ref="5505900402"/>
    <nd ref="8244653617"/>
    <tag k="highway" v="secondary"/>
    <tag k="lanes" v="2"/>
    <tag k="name" v="北通り"/>
    <tag k="name:en" v="Kita-dori Ave."/>
    <tag k="name:es" v="Avenida Kita-dori"/>
    <tag k="name:ja" v="北通り"/>
    <tag k="oneway" v="yes"/>
    <tag k="ref" v="副5"/>
    <tag k="source" v="Bing 2012"/>
    <tag k="surface" v="paved"/>
  </way>
  <way id="251308523">
    <nd ref="430170101"/>
    <nd ref="1715874865"/>
    <nd ref="2503429970"/>
    <nd ref="472360098"/>
    <nd ref="2503429975"/>
    <nd ref="1715877597"/>
    <nd ref="295416719"/>
    <tag k="highway" v="secondary"/>
    <tag k="lanes" v="2"/>
    <tag k="name" v="北通り"/>
    <tag k="name:en" v="Kita-dori Ave."/>
    <tag k="name:es" v="Avenida Kita-dori"/>
    <tag k="name:ja" v="北通り"/>
    <tag k="oneway" v="yes"/>
    <tag k="ref" v="副5"/>
    <tag k="source" v="Bing 2012"/>
    <tag k="surface" v="paved"/>
  </way>
  <way id="251308524">
    <nd ref="5498655298"/>
    <nd ref="11934469724"/>
    <nd ref="1503953150"/>
    <nd ref="12339380165"/>
    <nd ref="8303217752"/>
    <nd ref="12339380169"/>
    <nd ref="12339380172"/>
    <nd ref="475764329"/>
    <nd ref="2199448613"/>
    <nd ref="13083831515"/>
    <nd ref="8244884445"/>
    <nd ref="295405291"/>
    <nd ref="295405292"/>
    <nd ref="6491076833"/>
    <nd ref="281491577"/>
    <tag k="access" v="yes"/>
    <tag k="highway" v="trunk"/>
    <tag k="name" v="甲州街道"/>
    <tag k="name:en" v="Koshu-kaido Avenue"/>
    <tag k="name:es" v="Koshu Kaido"/>
    <tag k="name:ja" v="甲州街道"/>
    <tag k="name:ja-Hira" v="こうしゅうかいどう"/>
    <tag k="name:ja-Latn" v="Kōshū Kaidō"/>
    <tag k="name:ko" v="고슈 가이도"/>
    <tag k="name:zh" v="甲州街道"/>
    <tag k="nat_name" v="国道20号"/>
    <tag k="nat_name:en" v="National Highway Route 20"/>
    <tag k="oneway" v="yes"/>
    <tag k="ref" v="20"/>
    <tag k="source" v="Bing 2010"/>
    <tag k="surface" v="asphalt"/>
  </way>
  <way id="251308525">
    <nd ref="295416486"/>
    <nd ref="5498668193"/>
    <nd ref="10605594258"/>
    <nd ref="2389061797"/>
    <nd ref="295416542"/>
    <tag k="highway" v="secondary"/>
    <tag k="name" v="中央通り"/>
    <tag k="name:en" v="Chuo-dori Avenue"/>
    <tag k="name:es" v="Avenida Chuo-dori"/>
    <tag k="name:ja" v="中央通り"/>
    <tag k="name:ko" v="주오도리"/>
    <tag k="oneway" v="yes"/>
    <tag k="ref" v="副4"/>
    <tag k="surface" v="paved"/>
  </way>
  <way id="251308526">
    <nd ref="735990788"/>
    <nd ref="2394600067"/>
    <nd ref="10605620523"/>
    <nd ref="472447108"/>
    <nd ref="2401040274"/>
    <nd ref="472447032"/>
    <tag k="highway" v="tertiary"/>
    <tag k="lane_markings" v="yes"/>
    <tag k="lanes" v="2"/>
    <tag k="source" v="Bing 2010"/>
    <tag k="surface" v="asphalt"/>
  </way>
  <way id="251308527">
    <nd ref="735990788"/>
    <nd ref="2394599985"/>
    <nd ref="10605620525"/>
    <nd ref="735990783"/>
    <nd ref="1626142076"/>
    <nd ref="12214093582"/>
    <nd ref="735990782"/>
    <nd ref="1664033573"/>
    <nd ref="10605620528"/>
    <nd ref="2394600027"/>
    <nd ref="735990780"/>
    <tag k="highway" v="tertiary"/>
    <tag k="lanes" v="4"/>
    <tag k="lit" v="yes"/>
    <tag k="maxspeed" v="40"/>
    <tag k="name" v="新宿通り"/>
    <tag k="name:en" v="Shinjuku-dori Ave."/>
    <tag k="name:es" v="Calle Shinjuku"/>
    <tag k="name:etymology:wikidata" v="Q179645"/>
    <tag k="name:fr" v="Rue Shinjuku"/>
    <tag k="name:ja" v="新宿通り"/>
    <tag k="name:ja-Hira" v="しんじゅくどおり"/>
    <tag k="name:ja-Latn" v="Shinjuku-dōri"/>
    <tag k="name:ko" v="신쥬쿠로"/>
    <tag k="name:zh" v="新宿大街"/>
    <tag k="source" v="Bing 2010"/>
    <tag k="surface" v="paved"/>
    <tag k="was:ref" v="430"/>
    <tag k="wikidata" v="Q24886614"/>
  </way>
  <way id="251308528">
    <nd ref="5498655294"/>
    <nd ref="1813858060"/>
    <nd ref="295416603"/>
    <nd ref="11934469725"/>
    <nd ref="295416628"/>
    <tag k="highway" v="secondary"/>
    <tag k="lanes" v="2"/>
    <tag k="maxspeed" v="50"/>
    <tag k="name" v="議事堂通り"/>
    <tag k="name:en" v="Gijido-dori Avenue"/>
    <tag k="name:es" v="Avenida Gijido-dori"/>
    <tag k="name:ja" v="議事堂通り"/>
    <tag k="oneway" v="yes"/>
    <tag k="ref" v="副10"/>
    <tag k="source" v="Bing 2012"/>
    <tag k="surface" v="asphalt"/>
  </way>
  <way id="251308529">
    <nd ref="1813863772"/>
    <nd ref="1813858063"/>
    <nd ref="8930931015"/>
    <tag k="access" v="yes"/>
    <tag k="highway" v="trunk"/>
    <tag k="lanes" v="3"/>
    <tag k="name" v="甲州街道"/>
    <tag k="name:en" v="Koshu-kaido Avenue"/>
    <tag k="name:es" v="Koshu Kaido"/>
    <tag k="name:ja" v="甲州街道"/>
    <tag k="name:ja-Hira" v="こうしゅうかいどう"/>
    <tag k="name:ja-Latn" v="Kōshū Kaidō"/>
    <tag k="name:ko" v="고슈 가이도"/>
    <tag k="name:zh" v="甲州街道"/>
    <tag k="nat_name" v="国道20号"/>
    <tag k="nat_name:en" v="National Highway Route 20"/>
    <tag k="oneway" v="yes"/>
    <tag k="ref" v="20"/>
    <tag k="source" v="Bing 2010"/>
    <tag k="surface" v="asphalt"/>
  </way>
  <way id="251308530">
    <nd ref="11361791882"/>
    <nd ref="191504250"/>
    <tag k="highway" v="secondary"/>
    <tag k="name" v="小滝橋通り"/>
    <tag k="name:en" v="Otakibashi Street"/>
    <tag k="name:es" v="Calle Otakibashi"/>
    <tag k="name:fr" v="Rue Otakibashi"/>
    <tag k="name:ja" v="小滝橋通り"/>
    <tag k="name:ja-Hira" v="おたきばしどおり"/>
    <tag k="name:ja-Latn" v="Otakibashi-dōri"/>
    <tag k="name:ko" v="오타키바시로"/>
    <tag k="name:zh" v="小泷桥大街"/>
    <tag k="ref" v="414"/>
    <tag k="surface" v="asphalt"/>
    <tag k="wikidata" v="Q11462701"/>
  </way>
  <way id="251311712">
    <nd ref="582802730"/>
    <nd ref="2389061788"/>
    <nd ref="10605594259"/>
    <nd ref="5500147020"/>
    <nd ref="5500077900"/>
    <nd ref="295416369"/>
    <nd ref="5500077903"/>
    <nd ref="1576790958"/>
    <nd ref="5500147141"/>
    <nd ref="5500147137"/>
    <nd ref="295416366"/>
    <nd ref="1543871753"/>
    <nd ref="5500147162"/>
    <nd ref="1678008832"/>
    <nd ref="5500147174"/>
    <nd ref="472359976"/>
    <nd ref="1813858095"/>
    <nd ref="191500702"/>
    <tag k="highway" v="secondary"/>
    <tag k="maxspeed" v="40"/>
    <tag k="name" v="東京都道新宿副都心八号線"/>
    <tag k="ref" v="副8"/>
    <tag k="source" v="survey, bing"/>
    <tag k="surface" v="asphalt"/>
  </way>
  <way id="251311713">
    <nd ref="295416542"/>
    <nd ref="2389061798"/>
    <nd ref="12516892539"/>
    <nd ref="12516892546"/>
    <nd ref="8930930224"/>
    <nd ref="10605594256"/>
    <nd ref="6281908938"/>
    <nd ref="13174672835"/>
    <tag k="highway" v="secondary"/>
    <tag k="lanes" v="3"/>
    <tag k="lit" v="yes"/>
    <tag k="maxspeed" v="50"/>
    <tag k="name" v="中央通り"/>
    <tag k="name:en" v="Chuo-dori Avenue"/>
    <tag k="name:es" v="Calle Chuo"/>
    <tag k="name:ja" v="中央通り"/>
    <tag k="name:ko" v="주오도리"/>
    <tag k="oneway" v="yes"/>
    <tag k="ref" v="副4"/>
    <tag k="surface" v="asphalt"/>
  </way>
  <way id="251455097">
    <nd ref="8234891603"/>
    <nd ref="11286294164"/>
    <nd ref="1582703040"/>
    <nd ref="1582703051"/>
    <tag k="destination:ref" v="4"/>
    <tag k="foot" v="no"/>
    <tag k="highway" v="primary_link"/>
    <tag k="lanes" v="2"/>
    <tag k="maxspeed" v="60"/>
    <tag k="oneway" v="yes"/>
    <tag k="source" v="survey, bing"/>
    <tag k="surface" v="asphalt"/>
  </way>
  <way id="251455100">
    <nd ref="12666499819"/>
    <nd ref="2803139523"/>
    <tag k="cycleway:left" v="no"/>
    <tag k="highway" v="secondary"/>
    <tag k="lanes" v="2"/>
    <tag k="name" v="四谷角筈線"/>
    <tag k="ref" v="414"/>
    <tag k="source" v="Bing"/>
    <tag k="surface" v="asphalt"/>
  </way>
  <way id="254801232">
    <nd ref="475368447"/>
    <nd ref="475368448"/>
    <nd ref="1665978185"/>
    <nd ref="2606035857"/>
    <nd ref="475368449"/>
    <tag k="highway" v="unclassified"/>
    <tag k="name" v="久左衛門坂"/>
    <tag k="name:en" v="Kugaemon-zaka"/>
    <tag k="name:es" v="Kugaemon-zaka"/>
    <tag k="name:ja" v="久左衛門坂"/>
    <tag k="name:ja-Hira" v="きゅうざえもんざか"/>
  </way>
  <way id="254801233">
    <nd ref="475368449"/>
    <nd ref="475368450"/>
    <nd ref="2606035856"/>
    <nd ref="2606035855"/>
    <nd ref="1665978184"/>
    <nd ref="2857742958"/>
    <nd ref="1093489454"/>
    <nd ref="3157863205"/>
    <nd ref="1666084428"/>
    <tag k="highway" v="unclassified"/>
    <tag k="name" v="久左衛門坂"/>
    <tag k="name:en" v="Kugaemon-zaka"/>
    <tag k="name:es" v="Kugaemon-zaka"/>
    <tag k="name:ja" v="久左衛門坂"/>
    <tag k="name:ja-Hira" v="きゅうざえもんざか"/>
    <tag k="oneway" v="yes"/>
    <tag k="source" v="Bing 2010"/>
    <tag k="surface" v="paved"/>
  </way>
  <way id="254801235">
    <nd ref="2606035838"/>
    <nd ref="2401069425"/>
    <nd ref="2856079122"/>
    <nd ref="1665978179"/>
    <nd ref="4384718912"/>
    <nd ref="472446987"/>
    <nd ref="4384718911"/>
    <nd ref="1665978177"/>
    <nd ref="2606035823"/>
    <nd ref="2606035822"/>
    <nd ref="2606035820"/>
    <nd ref="1665978174"/>
    <nd ref="2606035819"/>
    <nd ref="366906327"/>
    <nd ref="3193716063"/>
    <nd ref="366906328"/>
    <nd ref="2606035816"/>
    <nd ref="2606035815"/>
    <nd ref="2606035814"/>
    <nd ref="472382933"/>
    <nd ref="472446991"/>
    <nd ref="366906330"/>
    <nd ref="2606035804"/>
    <nd ref="1665978172"/>
    <nd ref="1665978171"/>
    <nd ref="4716623467"/>
    <nd ref="366906332"/>
    <nd ref="6147302097"/>
    <nd ref="2521787423"/>
    <nd ref="2649421015"/>
    <nd ref="2606035800"/>
    <nd ref="2606035799"/>
    <nd ref="1665929846"/>
    <nd ref="2606035798"/>
    <nd ref="2606035797"/>
    <nd ref="366906334"/>
    <nd ref="475368771"/>
    <nd ref="472382932"/>
    <nd ref="4716623596"/>
    <nd ref="2393573028"/>
    <nd ref="1093685732"/>
    <tag k="cycleway:left" v="shared_lane"/>
    <tag k="cycleway:left:lane" v="pictogram"/>
    <tag k="highway" v="unclassified"/>
    <tag k="lane_markings" v="yes"/>
    <tag k="lanes" v="3"/>
    <tag k="name" v="文化センター通り"/>
    <tag k="name:en" v="Bunka Center-dori"/>
    <tag k="name:es" v="Calle Bunka Center"/>
    <tag k="name:ja" v="文化センター通り"/>
    <tag k="name:ja-Hira" v="ぶんかせんたーどおり"/>
    <tag k="name:ja_rm" v="Bunka Sentā Dōri"/>
    <tag k="oneway" v="yes"/>
    <tag k="source" v="Bing 2010"/>
    <tag k="surface" v="asphalt"/>
  </way>
  <way id="254801239">
    <nd ref="1093685828"/>
    <nd ref="158030491"/>
    <tag k="admin_level" v="6"/>
    <tag k="cycleway:left" v="shared_lane"/>
    <tag k="cycleway:left:lane" v="pictogram"/>
    <tag k="highway" v="primary"/>
    <tag k="lane_markings" v="yes"/>
    <tag k="name" v="抜弁天通り"/>
    <tag k="name:en" v="Nukebenten Street"/>
    <tag k="name:fr" v="Rue Nukebenten"/>
    <tag k="name:ja" v="抜弁天通り"/>
    <tag k="name:ja-Hira" v="ぬけべんてんどおり"/>
    <tag k="name:ja-Latn" v="Nukebenten-dōri"/>
    <tag k="oneway" v="yes"/>
    <tag k="ref" v="302"/>
    <tag k="source" v="Bing 2010"/>
    <tag k="surface" v="asphalt"/>
  </way>
  <way id="255280980">
    <nd ref="1093489453"/>
    <nd ref="12666510287"/>
    <nd ref="12666510288"/>
    <nd ref="2401069427"/>
    <nd ref="475369340"/>
    <nd ref="366916349"/>
    <nd ref="8908676206"/>
    <nd ref="475368454"/>
    <nd ref="2606035847"/>
    <nd ref="2606035849"/>
    <nd ref="2606035850"/>
    <nd ref="2606035853"/>
    <nd ref="1665929943"/>
    <nd ref="475368506"/>
    <nd ref="8908676207"/>
    <nd ref="475369030"/>
    <nd ref="9775094747"/>
    <nd ref="2606035868"/>
    <nd ref="2606035870"/>
    <nd ref="9775221793"/>
    <nd ref="475368600"/>
    <tag k="highway" v="secondary"/>
    <tag k="name" v="神楽坂高円寺線"/>
    <tag k="ref" v="433"/>
  </way>
  <way id="255280988">
    <nd ref="2606035889"/>
    <nd ref="12666510292"/>
    <nd ref="3817880923"/>
    <nd ref="1666084404"/>
    <nd ref="2606035838"/>
    <nd ref="4716623451"/>
    <tag k="highway" v="primary"/>
    <tag k="name" v="抜弁天通り"/>
    <tag k="name:en" v="Nukebenten-dori Ave."/>
    <tag k="name:ja" v="抜弁天通り"/>
    <tag k="oneway" v="yes"/>
    <tag k="ref" v="302"/>
    <tag k="source" v="Bing 2010"/>
    <tag k="surface" v="paved"/>
  </way>
  <way id="258863042">
    <nd ref="1805702538"/>
    <nd ref="2393558948"/>
    <nd ref="10273792642"/>
    <nd ref="1664033781"/>
    <nd ref="1664033768"/>
    <nd ref="1664033757"/>
    <nd ref="10605447496"/>
    <nd ref="2401050152"/>
    <nd ref="1664033752"/>
    <nd ref="1664033746"/>
    <nd ref="1664033740"/>
    <nd ref="10605447504"/>
    <nd ref="2401040269"/>
    <nd ref="1664033735"/>
    <nd ref="2401040294"/>
    <nd ref="1664033728"/>
    <nd ref="1664033715"/>
    <nd ref="1664033703"/>
    <nd ref="1664033695"/>
    <nd ref="10605474991"/>
    <nd ref="2401050127"/>
    <nd ref="1664033663"/>
    <tag k="foot" v="no"/>
    <tag k="highway" v="primary"/>
    <tag k="lanes" v="4"/>
    <tag k="lit" v="yes"/>
    <tag k="maxspeed" v="60"/>
    <tag k="name" v="靖国通り"/>
    <tag k="name:en" v="Yasukuni Street"/>
    <tag k="name:es" v="Calle Yasukuni"/>
    <tag k="name:fr" v="Rue Yasukuni"/>
    <tag k="name:ja" v="靖国通り"/>
    <tag k="name:ja-Hira" v="やすくにどおり"/>
    <tag k="name:ja-Latn" v="Yasukuni-dōri"/>
    <tag k="name:ja_rm" v="Yasukuni Dōri"/>
    <tag k="name:ko" v="야스쿠니로"/>
    <tag k="name:zh" v="靖国大街"/>
    <tag k="oneway" v="yes"/>
    <tag k="ref" v="302;430"/>
    <tag k="source" v="survey, bing"/>
    <tag k="surface" v="paved"/>
    <tag k="wikidata" v="Q111948762"/>
  </way>
  <way id="258863046">
    <nd ref="1805702537"/>
    <nd ref="2393558973"/>
    <nd ref="1625445464"/>
    <nd ref="1805702425"/>
    <nd ref="10605479591"/>
    <nd ref="2263979129"/>
    <nd ref="11273826895"/>
    <nd ref="1805702531"/>
    <tag k="highway" v="primary"/>
    <tag k="lanes" v="4"/>
    <tag k="lit" v="yes"/>
    <tag k="maxspeed" v="60"/>
    <tag k="name" v="靖国通り"/>
    <tag k="name:en" v="Yasukuni Street"/>
    <tag k="name:es" v="Calle Yasukuni"/>
    <tag k="name:fr" v="Rue Yasukuni"/>
    <tag k="name:ja" v="靖国通り"/>
    <tag k="name:ja-Hira" v="やすくにどおり"/>
    <tag k="name:ja-Latn" v="Yasukuni-dōri"/>
    <tag k="name:ja_rm" v="Yasukuni Dōri"/>
    <tag k="name:ko" v="야스쿠니로"/>
    <tag k="name:zh" v="靖国大街"/>
    <tag k="oneway" v="yes"/>
    <tag k="ref" v="302;430"/>
    <tag k="source" v="survey, bing"/>
    <tag k="surface" v="asphalt"/>
    <tag k="wikidata" v="Q111948762"/>
  </way>
  <way id="258863051">
    <nd ref="1805702537"/>
    <nd ref="1805702539"/>
    <tag k="admin_level" v="6"/>
    <tag k="cycleway:left" v="shared_lane"/>
    <tag k="cycleway:left:lane" v="pictogram"/>
    <tag k="highway" v="primary"/>
    <tag k="lanes" v="3"/>
    <tag k="lit" v="yes"/>
    <tag k="maxspeed" v="50"/>
    <tag k="name" v="御苑通り"/>
    <tag k="oneway" v="yes"/>
    <tag k="ref" v="305"/>
    <tag k="sidewalk" v="both"/>
    <tag k="source" v="Bing 2010"/>
    <tag k="surface" v="asphalt"/>
  </way>
  <way id="261815503">
    <nd ref="2674435148"/>
    <nd ref="13179698735"/>
    <nd ref="13179698734"/>
    <tag k="foot" v="no"/>
    <tag k="highway" v="secondary"/>
    <tag k="lanes" v="2"/>
    <tag k="maxspeed" v="40"/>
    <tag k="name" v="東京都道新宿副都心八号線"/>
    <tag k="oneway" v="yes"/>
    <tag k="ref" v="副8"/>
    <tag k="source" v="survey, bing"/>
    <tag k="surface" v="paved"/>
  </way>
  <way id="261815511">
    <nd ref="2503429968"/>
    <nd ref="1582703020"/>
    <nd ref="5498585170"/>
    <nd ref="2503429964"/>
    <nd ref="2503429963"/>
    <nd ref="2503429962"/>
    <nd ref="2503429961"/>
    <nd ref="2503429957"/>
    <nd ref="12215426537"/>
    <nd ref="2503429956"/>
    <nd ref="2503429952"/>
    <nd ref="2503429951"/>
    <nd ref="12215426534"/>
    <nd ref="2503429950"/>
    <tag k="highway" v="secondary"/>
    <tag k="lanes" v="2"/>
    <tag k="name" v="北通り"/>
    <tag k="name:en" v="Kita-dori Ave."/>
    <tag k="name:es" v="Avenida Kita-dori"/>
    <tag k="name:ja" v="北通り"/>
    <tag k="oneway" v="yes"/>
    <tag k="ref" v="副5"/>
    <tag k="source" v="Bing 2012"/>
    <tag k="surface" v="paved"/>
  </way>
  <way id="261815519">
    <nd ref="2503429968"/>
    <nd ref="2503429966"/>
    <nd ref="5500363551"/>
    <nd ref="2503429954"/>
    <nd ref="2503429949"/>
    <nd ref="1715874868"/>
    <tag k="highway" v="secondary"/>
    <tag k="lanes" v="3"/>
    <tag k="name" v="都庁通り"/>
    <tag k="name:en" v="Tocho-dori Ave."/>
    <tag k="name:es" v="Calle Tocho"/>
    <tag k="name:ja" v="都庁通り"/>
    <tag k="name:ko" v="토쵸도리"/>
    <tag k="oneway" v="yes"/>
    <tag k="ref" v="副11"/>
    <tag k="source" v="Bing 2012"/>
    <tag k="surface" v="paved"/>
  </way>
  <way id="261815521">
    <nd ref="2674435149"/>
    <nd ref="2674435145"/>
    <nd ref="12666469790"/>
    <nd ref="2674435146"/>
    <nd ref="2674435151"/>
    <nd ref="2674435154"/>
    <nd ref="2674435153"/>
    <nd ref="2674435148"/>
    <tag k="destination" v="東京都道新宿副都心八号線"/>
    <tag k="highway" v="secondary_link"/>
    <tag k="oneway" v="yes"/>
    <tag k="surface" v="asphalt"/>
  </way>
  <way id="261815522">
    <nd ref="295416806"/>
    <nd ref="1582773145"/>
    <tag k="highway" v="secondary"/>
    <tag k="lanes" v="2"/>
    <tag k="maxspeed" v="40"/>
    <tag k="name" v="東京都道新宿副都心八号線"/>
    <tag k="ref" v="副8"/>
    <tag k="source" v="survey, bing"/>
    <tag k="surface" v="paved"/>
  </way>
  <way id="261815525">
    <nd ref="8252333531"/>
    <nd ref="13230661893"/>
    <nd ref="260567674"/>
    <tag k="highway" v="secondary"/>
    <tag k="name" v="四谷角筈線(新都心歩道橋下交差点)"/>
    <tag k="oneway" v="yes"/>
    <tag k="ref" v="414"/>
    <tag k="surface" v="asphalt"/>
  </way>
  <way id="264976789">
    <nd ref="2465137743"/>
    <nd ref="6308229716"/>
    <nd ref="6308229722"/>
    <nd ref="2465137753"/>
    <nd ref="6308229717"/>
    <nd ref="6308608814"/>
    <nd ref="1314077089"/>
    <nd ref="6308229718"/>
    <tag k="bicycle" v="no"/>
    <tag k="foot" v="no"/>
    <tag k="highway" v="secondary"/>
    <tag k="lanes" v="2"/>
    <tag k="layer" v="-1"/>
    <tag k="maxspeed" v="50"/>
    <tag k="name" v="東京都道新宿副都心四号線"/>
    <tag k="oneway" v="yes"/>
    <tag k="ref" v="3504"/>
    <tag k="surface" v="asphalt"/>
  </way>
  <way id="264976793">
    <nd ref="317859914"/>
    <nd ref="317859917"/>
    <nd ref="6308608821"/>
    <nd ref="317859921"/>
    <nd ref="6308608820"/>
    <nd ref="6308229777"/>
    <nd ref="6308608819"/>
    <nd ref="317859925"/>
    <tag k="bicycle" v="no"/>
    <tag k="foot" v="no"/>
    <tag k="highway" v="secondary"/>
    <tag k="lanes" v="2"/>
    <tag k="layer" v="-1"/>
    <tag k="maxspeed" v="50"/>
    <tag k="name" v="中央通り"/>
    <tag k="name:en" v="Chuo-dori Avenue"/>
    <tag k="name:ja" v="中央通り"/>
    <tag k="name:ko" v="주오도리"/>
    <tag k="oneway" v="yes"/>
    <tag k="ref" v="副4"/>
    <tag k="surface" v="asphalt"/>
    <tag k="tunnel" v="yes"/>
  </way>
  <way id="265376980">
    <nd ref="472383052"/>
    <nd ref="11263248615"/>
    <nd ref="11248384414"/>
    <nd ref="11267270240"/>
    <nd ref="472383054"/>
    <tag k="access" v="no"/>
    <tag k="bicycle" v="yes"/>
    <tag k="foot" v="yes"/>
    <tag k="highway" v="unclassified"/>
    <tag k="level" v="0"/>
    <tag k="lit" v="yes"/>
    <tag k="motor_vehicle" v="permit"/>
    <tag k="motor_vehicle:conditional" v="no @ (Apr-Sep: Su, PH 12:00-18:00; Oct-Mar: Su, PH 12:00-17:00)"/>
    <tag k="name" v="MOA5番街"/>
    <tag k="name:en" v="Moa 5th Street"/>
    <tag k="name:es" v="Calle Moa 5ta"/>
    <tag k="oneway" v="yes"/>
    <tag k="surface" v="paving_stones"/>
  </way>
  <way id="275655287">
    <nd ref="6501131884"/>
    <nd ref="1928487278"/>
    <nd ref="6491150351"/>
    <nd ref="281491578"/>
    <tag k="access" v="yes"/>
    <tag k="highway" v="trunk"/>
    <tag k="name" v="甲州街道"/>
    <tag k="name:en" v="Koshu-kaido"/>
    <tag k="name:es" v="Koshu Kaido"/>
    <tag k="name:ja" v="甲州街道"/>
    <tag k="name:ja-Hira" v="こうしゅうかいどう"/>
    <tag k="name:ja-Latn" v="Kōshū Kaidō"/>
    <tag k="nat_name" v="国道20号"/>
    <tag k="nat_name:en" v="National Highway Route 20"/>
    <tag k="oneway" v="yes"/>
    <tag k="ref" v="20"/>
    <tag k="source" v="Bing 2010"/>
    <tag k="surface" v="paved"/>
  </way>
  <way id="275655298">
    <nd ref="3122009360"/>
    <nd ref="3122009359"/>
    <nd ref="13174672830"/>
    <nd ref="304610254"/>
    <tag k="highway" v="secondary"/>
    <tag k="lanes" v="2"/>
    <tag k="name" v="四谷角筈線"/>
    <tag k="oneway" v="yes"/>
    <tag k="ref" v="414"/>
    <tag k="source" v="Bing"/>
    <tag k="surface" v="asphalt"/>
  </way>
  <way id="282647395">
    <nd ref="2865895520"/>
    <nd ref="2865895517"/>
    <nd ref="2865895515"/>
    <tag k="highway" v="residential"/>
    <tag k="source" v="Bing"/>
  </way>
  <way id="282647403">
    <nd ref="2865894678"/>
    <nd ref="2391072322"/>
    <nd ref="5495269419"/>
    <nd ref="5495269415"/>
    <nd ref="2865894681"/>
    <nd ref="2865894683"/>
    <nd ref="472360339"/>
    <nd ref="2865894686"/>
    <nd ref="9905815551"/>
    <nd ref="3110659832"/>
    <tag k="highway" v="tertiary"/>
    <tag k="source" v="Bing"/>
  </way>
  <way id="285189314">
    <nd ref="281491577"/>
    <nd ref="6491150350"/>
    <nd ref="295429192"/>
    <tag k="access" v="yes"/>
    <tag k="highway" v="trunk"/>
    <tag k="name" v="甲州街道"/>
    <tag k="name:en" v="Koshu-kaido"/>
    <tag k="name:es" v="Koshu Kaido"/>
    <tag k="name:ja" v="甲州街道"/>
    <tag k="name:ja-Hira" v="こうしゅうかいどう"/>
    <tag k="name:ja-Latn" v="Kōshū Kaidō"/>
    <tag k="nat_name" v="国道20号"/>
    <tag k="nat_name:en" v="National Highway Route 20"/>
    <tag k="oneway" v="yes"/>
    <tag k="ref" v="20"/>
    <tag k="source" v="Bing 2010"/>
    <tag k="surface" v="paved"/>
  </way>
  <way id="285908104">
    <nd ref="1315058826"/>
    <nd ref="2895524591"/>
    <tag k="highway" v="unclassified"/>
    <tag k="maxspeed" v="20"/>
    <tag k="oneway" v="yes"/>
  </way>
  <way id="285908106">
    <nd ref="1813858438"/>
    <nd ref="472383013"/>
    <tag k="highway" v="unclassified"/>
    <tag k="surface" v="asphalt"/>
  </way>
  <way id="285908110">
    <nd ref="2895524591"/>
    <nd ref="472383017"/>
    <nd ref="2393558981"/>
    <nd ref="11075103086"/>
    <nd ref="1501318554"/>
    <tag k="highway" v="unclassified"/>
    <tag k="maxspeed" v="20"/>
    <tag k="oneway" v="yes"/>
  </way>
  <way id="294519922">
    <nd ref="1805702531"/>
    <nd ref="2263979125"/>
    <nd ref="11286893498"/>
    <nd ref="1093685786"/>
    <nd ref="2393558956"/>
    <nd ref="11286893474"/>
    <nd ref="11286893471"/>
    <nd ref="1093685757"/>
    <nd ref="2262160516"/>
    <nd ref="1625445416"/>
    <tag k="foot" v="no"/>
    <tag k="highway" v="primary"/>
    <tag k="int_name" v="Meiji-dori"/>
    <tag k="lit" v="yes"/>
    <tag k="maxspeed" v="50"/>
    <tag k="name" v="明治通り"/>
    <tag k="name:en" v="Meiji Street"/>
    <tag k="name:es" v="Calle Meiji"/>
    <tag k="name:fr" v="Rue Meiji"/>
    <tag k="name:ja" v="明治通り"/>
    <tag k="name:ja-Hira" v="めいじどおり"/>
    <tag k="name:ja-Latn" v="Meiji-dōri"/>
    <tag k="name:ko" v="메이지로"/>
    <tag k="name:zh" v="明治大街"/>
    <tag k="oneway" v="yes"/>
    <tag k="ref" v="305"/>
    <tag k="source" v="Bing,2007-04"/>
    <tag k="surface" v="asphalt"/>
    <tag k="wikidata" v="Q8011176"/>
  </way>
  <way id="294519923">
    <nd ref="1805702531"/>
    <nd ref="1805702532"/>
    <nd ref="13741741977"/>
    <nd ref="2263979131"/>
    <nd ref="13741741980"/>
    <nd ref="1676479011"/>
    <nd ref="2401050130"/>
    <nd ref="11289575133"/>
    <nd ref="11273525037"/>
    <nd ref="10605513412"/>
    <nd ref="6147302102"/>
    <nd ref="11289575152"/>
    <nd ref="3970068743"/>
    <nd ref="6147302098"/>
    <nd ref="11261202709"/>
    <nd ref="5243200766"/>
    <nd ref="11248384415"/>
    <nd ref="10605513408"/>
    <nd ref="2401050140"/>
    <nd ref="1582703036"/>
    <nd ref="11266544201"/>
    <nd ref="13741767224"/>
    <nd ref="6240814976"/>
    <nd ref="1582703042"/>
    <nd ref="6240814974"/>
    <nd ref="10605511499"/>
    <nd ref="1582703048"/>
    <tag k="cycleway:left" v="no"/>
    <tag k="foot" v="no"/>
    <tag k="highway" v="primary"/>
    <tag k="lanes" v="4"/>
    <tag k="level" v="0"/>
    <tag k="lit" v="yes"/>
    <tag k="maxspeed" v="60"/>
    <tag k="name" v="靖国通り"/>
    <tag k="name:en" v="Yasukuni Street"/>
    <tag k="name:es" v="Calle Yasukuni"/>
    <tag k="name:fr" v="Rue Yasukuni"/>
    <tag k="name:ja" v="靖国通り"/>
    <tag k="name:ja-Hira" v="やすくにどおり"/>
    <tag k="name:ja-Latn" v="Yasukuni-dōri"/>
    <tag k="name:ko" v="야스쿠니로"/>
    <tag k="name:zh" v="靖国大街"/>
    <tag k="oneway" v="yes"/>
    <tag k="ref" v="4;5;302;430"/>
    <tag k="surface" v="asphalt"/>
    <tag k="wikidata" v="Q111948762"/>
  </way>
  <way id="294519949">
    <nd ref="10251046685"/>
    <nd ref="1626142115"/>
    <nd ref="10273580593"/>
    <nd ref="1665929750"/>
    <nd ref="1805702485"/>
    <nd ref="3387102852"/>
    <nd ref="1093685776"/>
    <nd ref="10605479588"/>
    <nd ref="2263979139"/>
    <nd ref="1805702534"/>
    <tag k="cycleway:left" v="shared_lane"/>
    <tag k="cycleway:left:lane" v="pictogram"/>
    <tag k="highway" v="primary"/>
    <tag k="int_name" v="Meiji-dori"/>
    <tag k="lane_markings" v="yes"/>
    <tag k="lanes" v="2"/>
    <tag k="lit" v="yes"/>
    <tag k="maxspeed" v="50"/>
    <tag k="name" v="明治通り"/>
    <tag k="name:en" v="Meiji Street"/>
    <tag k="name:es" v="Calle Meiji"/>
    <tag k="name:fr" v="Rue Meiji"/>
    <tag k="name:ja" v="明治通り"/>
    <tag k="name:ja-Hira" v="めいじどおり"/>
    <tag k="name:ja-Latn" v="Meiji-dōri"/>
    <tag k="name:ko" v="메이지로"/>
    <tag k="name:zh" v="明治大街"/>
    <tag k="oneway" v="yes"/>
    <tag k="ref" v="305"/>
    <tag k="sidewalk:left" v="separate"/>
    <tag k="sidewalk:right" v="no"/>
    <tag k="source" v="Bing,2007-04"/>
    <tag k="surface" v="asphalt"/>
    <tag k="wikidata" v="Q8011176"/>
  </way>
  <way id="306095926">
    <nd ref="1139149819"/>
    <nd ref="9905815556"/>
    <nd ref="1139149660"/>
    <tag k="highway" v="primary"/>
    <tag k="maxspeed" v="40"/>
    <tag k="name" v="税務署通り"/>
    <tag k="name:en" v="Zeimusho-dori"/>
    <tag k="name:es" v="Calle Zeimusho"/>
    <tag k="oneway" v="yes"/>
    <tag k="ref" v="302"/>
    <tag k="surface" v="asphalt"/>
  </way>
  <way id="306095928">
    <nd ref="1813863738"/>
    <nd ref="3109077650"/>
    <nd ref="3109077651"/>
    <nd ref="3109077652"/>
    <nd ref="3109077653"/>
    <tag k="destination:backward" v="成子天神下;東京医大病院前"/>
    <tag k="highway" v="residential"/>
  </way>
  <way id="306095929">
    <nd ref="3109077654"/>
    <nd ref="5495269526"/>
    <nd ref="3109077655"/>
    <nd ref="472360299"/>
    <tag k="highway" v="residential"/>
  </way>
  <way id="306838996">
    <nd ref="472383033"/>
    <nd ref="11159642713"/>
    <nd ref="11159642714"/>
    <nd ref="1676355663"/>
    <nd ref="11159642712"/>
    <nd ref="1676355647"/>
    <nd ref="11159642894"/>
    <nd ref="6479357566"/>
    <nd ref="1676478938"/>
    <nd ref="1676478931"/>
    <nd ref="472383031"/>
    <nd ref="472383021"/>
    <tag k="highway" v="secondary"/>
    <tag k="lanes" v="1"/>
    <tag k="name" v="新宿停車場前線"/>
    <tag k="oneway" v="yes"/>
    <tag k="ref" v="430"/>
    <tag k="surface" v="asphalt"/>
  </way>
  <way id="369555017">
    <nd ref="472382823"/>
    <nd ref="472382850"/>
    <nd ref="13741732729"/>
    <nd ref="1582762208"/>
    <tag k="highway" v="unclassified"/>
    <tag k="motor_vehicle:conditional" v="no @ (月～土：16:00～翌 5:00; 日・祝：12:00～翌 5:00)"/>
    <tag k="oneway" v="yes"/>
    <tag k="surface" v="paving_stones"/>
    <tag k="width" v="8"/>
  </way>
  <way id="375809347">
    <nd ref="281490128"/>
    <nd ref="6282956181"/>
    <nd ref="1237503149"/>
    <nd ref="281491575"/>
    <nd ref="10647801742"/>
    <nd ref="10647801741"/>
    <nd ref="8643220093"/>
    <nd ref="475769614"/>
    <tag k="highway" v="tertiary"/>
    <tag k="maxspeed" v="50"/>
    <tag k="name" v="代々木淀橋線"/>
    <tag k="ref" v="860"/>
    <tag k="surface" v="asphalt"/>
  </way>
  <way id="375809348">
    <nd ref="9813467133"/>
    <nd ref="1582702991"/>
    <nd ref="475770391"/>
    <nd ref="6283037072"/>
    <nd ref="1502259407"/>
    <nd ref="475769932"/>
    <nd ref="1502259521"/>
    <nd ref="10605608268"/>
    <nd ref="6282958488"/>
    <nd ref="304611116"/>
    <tag k="foot" v="no"/>
    <tag k="highway" v="secondary"/>
    <tag k="lanes" v="2"/>
    <tag k="name" v="四谷角筈線"/>
    <tag k="name:en" v="Yotsuya-Kakuhazu Line"/>
    <tag k="name:fr" v="Route Yotsuya-Kakuhazu"/>
    <tag k="name:ja-Hira" v="よつやかくはずせん"/>
    <tag k="name:ja-Latn" v="Yotsuya Kakuhazu sen"/>
    <tag k="ref" v="414"/>
    <tag k="source" v="Bing"/>
    <tag k="surface" v="asphalt"/>
    <tag k="wikidata" v="Q11103014"/>
  </way>
  <way id="381689877">
    <nd ref="2803139523"/>
    <nd ref="13175986389"/>
    <nd ref="13174672804"/>
    <nd ref="13174672807"/>
    <nd ref="304610258"/>
    <nd ref="13174672805"/>
    <nd ref="13175986384"/>
    <nd ref="13175986385"/>
    <nd ref="6440946270"/>
    <nd ref="13175986390"/>
    <nd ref="1582762160"/>
    <nd ref="13799877967"/>
    <nd ref="472382614"/>
    <nd ref="13799877977"/>
    <nd ref="13799877973"/>
    <nd ref="13799877972"/>
    <nd ref="472382613"/>
    <nd ref="10605469649"/>
    <nd ref="10605511486"/>
    <nd ref="1189983640"/>
    <nd ref="1582703045"/>
    <tag k="highway" v="secondary"/>
    <tag k="lanes" v="2"/>
    <tag k="name" v="四谷角筈線"/>
    <tag k="name:en" v="Yotsuya-Kakuhazu Line"/>
    <tag k="name:fr" v="Route Yotsuya-Kakuhazu"/>
    <tag k="name:ja-Hira" v="よつやかくはずせん"/>
    <tag k="name:ja-Latn" v="Yotsuya Kakuhazu sen"/>
    <tag k="ref" v="414"/>
    <tag k="source" v="Bing"/>
    <tag k="surface" v="asphalt"/>
    <tag k="wikidata" v="Q11103014"/>
  </way>
  <way id="381689884">
    <nd ref="5498584312"/>
    <nd ref="2887096910"/>
    <nd ref="5353848815"/>
    <nd ref="2887096905"/>
    <nd ref="2327217331"/>
    <nd ref="1111613997"/>
    <nd ref="681579017"/>
    <nd ref="1111613983"/>
    <tag k="highway" v="secondary"/>
    <tag k="layer" v="2"/>
    <tag k="name" v="南通り"/>
    <tag k="name:en" v="Minami-dori Ave."/>
    <tag k="name:es" v="Calle Sur"/>
    <tag k="name:ja" v="南通り"/>
    <tag k="ref" v="副2"/>
    <tag k="surface" v="asphalt"/>
  </way>
  <way id="381689885">
    <nd ref="2503429950"/>
    <nd ref="760157620"/>
    <nd ref="12215426535"/>
    <nd ref="12215426536"/>
    <nd ref="295416727"/>
    <nd ref="12215426538"/>
    <nd ref="760157619"/>
    <nd ref="2403065903"/>
    <nd ref="1111613987"/>
    <nd ref="1111613998"/>
    <nd ref="2403065906"/>
    <nd ref="1709335190"/>
    <nd ref="5498585171"/>
    <nd ref="430170101"/>
    <tag k="highway" v="secondary"/>
    <tag k="lanes" v="2"/>
    <tag k="name" v="北通り"/>
    <tag k="name:en" v="Kita-dori Ave."/>
    <tag k="name:es" v="Avenida Kita-dori"/>
    <tag k="name:ja" v="北通り"/>
    <tag k="oneway" v="yes"/>
    <tag k="ref" v="副5"/>
    <tag k="source" v="Bing 2012"/>
    <tag k="surface" v="paved"/>
  </way>
  <way id="381689887">
    <nd ref="295422943"/>
    <nd ref="10647801740"/>
    <nd ref="1045564174"/>
    <nd ref="10647801744"/>
    <nd ref="5498287112"/>
    <nd ref="295422944"/>
    <nd ref="5498287113"/>
    <nd ref="5495638628"/>
    <nd ref="6491150354"/>
    <nd ref="2239360589"/>
    <nd ref="281491578"/>
    <tag k="highway" v="secondary"/>
    <tag k="lanes" v="4"/>
    <tag k="maxspeed" v="50"/>
    <tag k="name" v="十二社通り"/>
    <tag k="name:en" v="Junisha-dori"/>
    <tag k="name:es" v="Calle Junisha"/>
    <tag k="name:ja" v="十二社通り"/>
    <tag k="ref" v="副13"/>
    <tag k="source" v="Bing 2010"/>
    <tag k="surface" v="asphalt"/>
  </way>
  <way id="386132599">
    <nd ref="1664033636"/>
    <nd ref="4717672284"/>
    <nd ref="3894695616"/>
    <tag k="highway" v="unclassified"/>
    <tag k="maxspeed" v="30"/>
  </way>
  <way id="386132605">
    <nd ref="3894695616"/>
    <nd ref="4717672355"/>
    <nd ref="4717672286"/>
    <nd ref="472447220"/>
    <tag k="highway" v="unclassified"/>
    <tag k="maxspeed" v="30"/>
    <tag k="source" v="Bing 2010"/>
    <tag k="surface" v="paved"/>
  </way>
  <way id="386446924">
    <nd ref="9791542156"/>
    <nd ref="6769476688"/>
    <nd ref="13533074128"/>
    <nd ref="13533074129"/>
    <nd ref="12644659403"/>
    <nd ref="10605462451"/>
    <nd ref="3897767095"/>
    <nd ref="3897767093"/>
    <nd ref="10605462454"/>
    <nd ref="4717670584"/>
    <nd ref="1664033666"/>
    <tag k="highway" v="primary"/>
    <tag k="lit" v="yes"/>
    <tag k="maxspeed" v="40"/>
    <tag k="name" v="環状4号線"/>
    <tag k="oneway" v="yes"/>
    <tag k="ref" v="302"/>
  </way>
  <way id="389215483">
    <nd ref="11006985244"/>
    <nd ref="7947374219"/>
    <nd ref="472382786"/>
    <nd ref="7947374218"/>
    <nd ref="13285124580"/>
    <nd ref="4716623695"/>
    <tag k="highway" v="unclassified"/>
    <tag k="name" v="西武新宿駅前通り"/>
    <tag k="name:en" v="Seibu Shinjuku Station Street"/>
    <tag k="name:fr" v="Rue Seibu Gare de Shinjuku"/>
    <tag k="name:ja-Latn" v="Seibu Shinjuku ekimae dōri"/>
    <tag k="name:ko" v="세이부 역전로"/>
    <tag k="name:zh" v="西武站前大街"/>
    <tag k="source" v="Bing 2010;survey"/>
    <tag k="surface" v="paved"/>
  </way>
  <way id="393957069">
    <nd ref="304610418"/>
    <nd ref="2256140246"/>
    <nd ref="10605594253"/>
    <nd ref="6308549779"/>
    <nd ref="6443251503"/>
    <nd ref="6443251512"/>
    <nd ref="1502259625"/>
    <nd ref="6282956271"/>
    <nd ref="304610049"/>
    <tag k="foot" v="no"/>
    <tag k="highway" v="secondary"/>
    <tag k="lanes" v="3"/>
    <tag k="name" v="四谷角筈線"/>
    <tag k="name:en" v="Yotsuya-Kakuhazu Line"/>
    <tag k="name:fr" v="Route Yotsuya-Kakuhazu"/>
    <tag k="name:ja-Hira" v="よつやかくはずせん"/>
    <tag k="name:ja-Latn" v="Yotsuya Kakuhazu sen"/>
    <tag k="oneway" v="yes"/>
    <tag k="ref" v="414"/>
    <tag k="source" v="Bing"/>
    <tag k="surface" v="asphalt"/>
    <tag k="wikidata" v="Q11103014"/>
  </way>
  <way id="393957072">
    <nd ref="1582762182"/>
    <nd ref="13799877946"/>
    <nd ref="7985363856"/>
    <tag k="bicycle" v="no"/>
    <tag k="destination" v="中野坂上"/>
    <tag k="foot" v="no"/>
    <tag k="highway" v="primary"/>
    <tag k="lanes" v="2"/>
    <tag k="name" v="靖国通り"/>
    <tag k="name:en" v="Yasukuni Street"/>
    <tag k="name:es" v="Calle Yasukuni"/>
    <tag k="name:fr" v="Rue Yasukuni"/>
    <tag k="name:ja" v="靖国通り"/>
    <tag k="name:ja-Hira" v="やすくにどおり"/>
    <tag k="name:ja-Latn" v="Yasukuni-dōri"/>
    <tag k="name:ja_rm" v="Yasukuni Dōri"/>
    <tag k="name:ko" v="야스쿠니로"/>
    <tag k="name:zh" v="靖国大街"/>
    <tag k="oneway" v="yes"/>
    <tag k="ref" v="4;5;302"/>
    <tag k="source" v="survey, bing"/>
    <tag k="surface" v="paved"/>
    <tag k="wikidata" v="Q111948762"/>
  </way>
  <way id="407608718">
    <nd ref="3979031310"/>
    <nd ref="1504865390"/>
    <nd ref="1681472897"/>
    <nd ref="576807440"/>
    <tag k="access" v="yes"/>
    <tag k="bridge" v="yes"/>
    <tag k="highway" v="trunk"/>
    <tag k="lanes" v="3"/>
    <tag k="layer" v="2"/>
    <tag k="name" v="甲州街道"/>
    <tag k="name:en" v="Koshu-kaido"/>
    <tag k="name:es" v="Koshu Kaido"/>
    <tag k="name:ja" v="甲州街道"/>
    <tag k="name:ja-Hira" v="こうしゅうかいどう"/>
    <tag k="name:ja-Latn" v="Kōshū Kaidō"/>
    <tag k="name:ko" v="코슈카이도"/>
    <tag k="nat_name" v="国道20号"/>
    <tag k="nat_name:en" v="National Highway Route 20"/>
    <tag k="oneway" v="yes"/>
    <tag k="ref" v="20"/>
    <tag k="source" v="Bing 2010"/>
    <tag k="surface" v="paved"/>
    <tag k="wikidata" v="Q430608"/>
    <tag k="wikipedia" v="ja:国道20号"/>
  </way>
  <way id="407608719">
    <nd ref="576807437"/>
    <nd ref="8303217741"/>
    <nd ref="1676478653"/>
    <nd ref="8303217739"/>
    <nd ref="3979031309"/>
    <tag k="access" v="yes"/>
    <tag k="bridge" v="yes"/>
    <tag k="highway" v="trunk"/>
    <tag k="lanes" v="3"/>
    <tag k="layer" v="2"/>
    <tag k="name" v="甲州街道"/>
    <tag k="name:en" v="Koshu-kaido Avenue"/>
    <tag k="name:es" v="Koshu Kaido"/>
    <tag k="name:ja" v="甲州街道"/>
    <tag k="name:ja-Hira" v="こうしゅうかいどう"/>
    <tag k="name:ja-Latn" v="Kōshū Kaidō"/>
    <tag k="name:ko" v="고슈 가이도"/>
    <tag k="name:zh" v="甲州街道"/>
    <tag k="nat_name" v="国道20号"/>
    <tag k="nat_name:en" v="National Highway Route 20"/>
    <tag k="oneway" v="yes"/>
    <tag k="ref" v="20"/>
    <tag k="source" v="Bing 2010"/>
    <tag k="surface" v="asphalt"/>
    <tag k="wikidata" v="Q430608"/>
    <tag k="wikipedia" v="ja:国道20号"/>
  </way>
  <way id="415221584">
    <nd ref="1625445416"/>
    <nd ref="472359998"/>
    <tag k="highway" v="tertiary"/>
    <tag k="lanes" v="4"/>
    <tag k="lit" v="yes"/>
    <tag k="name" v="新宿通り"/>
    <tag k="name:en" v="Shinjuku-dori Ave."/>
    <tag k="name:es" v="Calle Shinjuku"/>
    <tag k="name:etymology:wikidata" v="Q179645"/>
    <tag k="name:fr" v="Rue Shinjuku"/>
    <tag k="name:ja" v="新宿通り"/>
    <tag k="name:ja-Hira" v="しんじゅくどおり"/>
    <tag k="name:ja-Latn" v="Shinjuku-dōri"/>
    <tag k="name:ko" v="신쥬쿠로"/>
    <tag k="name:zh" v="新宿大街"/>
    <tag k="source" v="Bing 2010"/>
    <tag k="surface" v="asphalt"/>
    <tag k="was:ref" v="430"/>
    <tag k="wikidata" v="Q24886614"/>
  </way>
  <way id="415221605">
    <nd ref="295403316"/>
    <nd ref="295403278"/>
    <tag k="cycleway:left" v="shared_lane"/>
    <tag k="cycleway:left:lane" v="pictogram"/>
    <tag k="highway" v="primary"/>
    <tag k="int_name" v="Meiji-dori"/>
    <tag k="lit" v="yes"/>
    <tag k="maxspeed" v="50"/>
    <tag k="name" v="明治通り"/>
    <tag k="name:en" v="Meiji-dori Avenue"/>
    <tag k="name:es" v="Calle Meiji"/>
    <tag k="name:fr" v="Rue Meiji"/>
    <tag k="name:ja" v="明治通り"/>
    <tag k="name:ja-Hira" v="めいじどおり"/>
    <tag k="name:ja-Latn" v="Meiji-dōri"/>
    <tag k="name:ko" v="메이지로"/>
    <tag k="name:zh" v="明治通"/>
    <tag k="oneway" v="yes"/>
    <tag k="ref" v="305"/>
    <tag k="source" v="Bing,2007-04"/>
    <tag k="surface" v="paved"/>
    <tag k="wikipedia" v="ja:明治通り (東京都)"/>
  </way>
  <way id="415221607">
    <nd ref="260567674"/>
    <nd ref="1676479062"/>
    <tag k="highway" v="secondary"/>
    <tag k="lanes" v="1"/>
    <tag k="name" v="東京都道新宿副都心八号線(新都心歩道橋下交差点)"/>
    <tag k="oneway" v="yes"/>
    <tag k="ref" v="414"/>
    <tag k="surface" v="asphalt"/>
  </way>
  <way id="415221610">
    <nd ref="1813859423"/>
    <nd ref="13230661897"/>
    <nd ref="1813859339"/>
    <nd ref="12462933222"/>
    <nd ref="11286294159"/>
    <nd ref="10185327201"/>
    <nd ref="1813859337"/>
    <nd ref="472360163"/>
    <nd ref="472360170"/>
    <nd ref="11286294162"/>
    <nd ref="11286294161"/>
    <nd ref="1582703051"/>
    <tag k="destination" v="九段下"/>
    <tag k="highway" v="primary"/>
    <tag k="lanes" v="2"/>
    <tag k="maxspeed" v="60"/>
    <tag k="name" v="青梅街道"/>
    <tag k="name:en" v="Ome-Kaido Avenue"/>
    <tag k="name:es" v="Ome Kaido"/>
    <tag k="name:ja" v="青梅街道"/>
    <tag k="name:ja-Hira" v="おうめかいどう"/>
    <tag k="name:ko" v="오우메 가이도"/>
    <tag k="name:zh" v="青梅街道"/>
    <tag k="oneway" v="yes"/>
    <tag k="ref" v="4;5"/>
    <tag k="source" v="survey, bing"/>
    <tag k="surface" v="asphalt"/>
  </way>
  <way id="415221611">
    <nd ref="1805702534"/>
    <nd ref="2263979134"/>
    <nd ref="1805702426"/>
    <nd ref="10605479602"/>
    <nd ref="2393558994"/>
    <nd ref="1805702539"/>
    <nd ref="1805702538"/>
    <tag k="highway" v="primary"/>
    <tag k="lanes" v="4"/>
    <tag k="lit" v="yes"/>
    <tag k="maxspeed" v="60"/>
    <tag k="name" v="靖国通り"/>
    <tag k="name:en" v="Yasukuni Street"/>
    <tag k="name:es" v="Calle Yasukuni"/>
    <tag k="name:fr" v="Rue Yasukuni"/>
    <tag k="name:ja" v="靖国通り"/>
    <tag k="name:ja-Hira" v="やすくにどおり"/>
    <tag k="name:ja-Latn" v="Yasukuni-dōri"/>
    <tag k="name:ja_rm" v="Yasukuni Dōri"/>
    <tag k="name:ko" v="야스쿠니로"/>
    <tag k="name:zh" v="靖国大街"/>
    <tag k="oneway" v="yes"/>
    <tag k="ref" v="302;430"/>
    <tag k="source" v="survey, bing"/>
    <tag k="surface" v="asphalt"/>
    <tag k="wikidata" v="Q111948762"/>
  </way>
  <way id="424467375">
    <nd ref="4238739077"/>
    <nd ref="4238739079"/>
    <tag k="destination" v="初台;八王子"/>
    <tag k="highway" v="unclassified"/>
    <tag k="oneway" v="yes"/>
  </way>
  <way id="424467376">
    <nd ref="4238739080"/>
    <nd ref="4238739077"/>
    <tag k="highway" v="unclassified"/>
    <tag k="oneway" v="yes"/>
  </way>
  <way id="453997075">
    <nd ref="4506423299"/>
    <nd ref="4506423298"/>
    <nd ref="4506423297"/>
    <nd ref="4506423296"/>
    <tag k="highway" v="residential"/>
    <tag k="source" v="Bing"/>
  </way>
  <way id="453997076">
    <nd ref="4506423301"/>
    <nd ref="4506423300"/>
    <tag k="highway" v="residential"/>
    <tag k="source" v="Bing"/>
  </way>
  <way id="453997077">
    <nd ref="4506423300"/>
    <nd ref="1237984799"/>
    <nd ref="475765986"/>
    <nd ref="475765386"/>
    <nd ref="475765547"/>
    <nd ref="475765461"/>
    <tag k="highway" v="residential"/>
    <tag k="source" v="Bing"/>
  </way>
  <way id="453997078">
    <nd ref="2466136287"/>
    <nd ref="7661834792"/>
    <nd ref="1582702965"/>
    <tag k="highway" v="residential"/>
    <tag k="maxheight" v="4"/>
    <tag k="oneway" v="yes"/>
  </way>
  <way id="453997079">
    <nd ref="1582702965"/>
    <nd ref="1504865083"/>
    <nd ref="1582702975"/>
    <nd ref="475767338"/>
    <tag k="highway" v="residential"/>
    <tag k="oneway" v="yes"/>
  </way>
  <way id="453997080">
    <nd ref="1582702960"/>
    <nd ref="1582702963"/>
    <tag k="highway" v="residential"/>
    <tag k="maxheight" v="3.6"/>
  </way>
  <way id="453997081">
    <nd ref="1582702963"/>
    <nd ref="475767026"/>
    <nd ref="475767070"/>
    <nd ref="475767130"/>
    <nd ref="475757886"/>
    <tag k="highway" v="residential"/>
  </way>
  <way id="453997082">
    <nd ref="1582702967"/>
    <nd ref="4506423302"/>
    <tag k="highway" v="residential"/>
    <tag k="maxheight" v="4"/>
    <tag k="source" v="Bing"/>
  </way>
  <way id="453997083">
    <nd ref="475766403"/>
    <nd ref="1582702962"/>
    <nd ref="12896468746"/>
    <nd ref="12896468743"/>
    <nd ref="1582702967"/>
    <tag k="highway" v="residential"/>
  </way>
  <way id="453997085">
    <nd ref="475767267"/>
    <nd ref="1582702980"/>
    <tag k="highway" v="residential"/>
    <tag k="source" v="Bing"/>
  </way>
  <way id="478378725">
    <nd ref="4716049713"/>
    <nd ref="4716049712"/>
    <tag k="highway" v="residential"/>
    <tag k="source" v="bing"/>
  </way>
  <way id="478447593">
    <nd ref="475368441"/>
    <nd ref="1665978192"/>
    <nd ref="1665978183"/>
    <nd ref="1666084424"/>
    <nd ref="472360354"/>
    <tag k="highway" v="unclassified"/>
    <tag k="oneway" v="yes"/>
    <tag k="source" v="Bing 2010"/>
    <tag k="surface" v="paved"/>
  </way>
  <way id="478539598">
    <nd ref="472447039"/>
    <nd ref="1664033663"/>
    <tag k="highway" v="primary_link"/>
    <tag k="source" v="bing"/>
    <tag k="surface" v="paved"/>
  </way>
  <way id="478539599">
    <nd ref="1664033735"/>
    <nd ref="472447036"/>
    <tag k="highway" v="primary_link"/>
    <tag k="source" v="bing"/>
    <tag k="surface" v="asphalt"/>
  </way>
  <way id="478539600">
    <nd ref="1664033752"/>
    <nd ref="472447020"/>
    <tag k="highway" v="primary_link"/>
    <tag k="lane_markings" v="yes"/>
    <tag k="lanes" v="2"/>
    <tag k="source" v="bing"/>
    <tag k="surface" v="asphalt"/>
  </way>
  <way id="478539636">
    <nd ref="4717672408"/>
    <nd ref="366932920"/>
    <tag k="cycleway:both" v="no"/>
    <tag k="highway" v="primary_link"/>
    <tag k="lane_markings" v="yes"/>
    <tag k="lanes" v="1"/>
    <tag k="lit" v="yes"/>
    <tag k="sidewalk" v="no"/>
    <tag k="source" v="bing"/>
    <tag k="surface" v="asphalt"/>
  </way>
  <way id="483189062">
    <nd ref="475766272"/>
    <nd ref="475767429"/>
    <nd ref="475766403"/>
    <nd ref="9914491358"/>
    <nd ref="475768964"/>
    <nd ref="573382869"/>
    <nd ref="475766349"/>
    <tag k="highway" v="residential"/>
  </way>
  <way id="483189063">
    <nd ref="475766272"/>
    <nd ref="1582702948"/>
    <nd ref="1582702942"/>
    <nd ref="380520456"/>
    <tag k="highway" v="residential"/>
    <tag k="lit" v="yes"/>
    <tag k="surface" v="asphalt"/>
  </way>
  <way id="562462369">
    <nd ref="472447111"/>
    <nd ref="5422306025"/>
    <nd ref="735990783"/>
    <tag k="highway" v="residential"/>
    <tag k="surface" v="paved"/>
  </way>
  <way id="580822183">
    <nd ref="472360159"/>
    <nd ref="1666084369"/>
    <nd ref="10694280851"/>
    <nd ref="297164258"/>
    <tag k="highway" v="unclassified"/>
    <tag k="surface" v="asphalt"/>
  </way>
  <way id="580822184">
    <nd ref="472360191"/>
    <nd ref="472360189"/>
    <nd ref="472360225"/>
    <nd ref="472360194"/>
    <tag k="highway" v="residential"/>
  </way>
  <way id="584075983">
    <nd ref="472360318"/>
    <nd ref="5583603436"/>
    <nd ref="5495266916"/>
    <nd ref="3109077654"/>
    <nd ref="472360279"/>
    <tag k="highway" v="residential"/>
    <tag k="source" v="Bing 2010"/>
    <tag k="surface" v="paved"/>
  </way>
  <way id="619292956">
    <nd ref="5852376424"/>
    <nd ref="9905811216"/>
    <nd ref="9905815517"/>
    <nd ref="9905811215"/>
    <nd ref="3588938015"/>
    <nd ref="5498297378"/>
    <nd ref="1682839148"/>
    <nd ref="2394607076"/>
    <nd ref="191499365"/>
    <nd ref="2394607083"/>
    <nd ref="2865894678"/>
    <nd ref="12842609880"/>
    <nd ref="2394607084"/>
    <nd ref="1813863738"/>
    <tag k="foot" v="no"/>
    <tag k="highway" v="primary"/>
    <tag k="lanes" v="4"/>
    <tag k="maxspeed" v="60"/>
    <tag k="name" v="青梅街道"/>
    <tag k="name:en" v="Ome-Kaido Avenue"/>
    <tag k="name:es" v="Ome Kaido"/>
    <tag k="name:ja" v="青梅街道"/>
    <tag k="name:ja-Hira" v="おうめかいどう"/>
    <tag k="name:ko" v="오우메 가이도"/>
    <tag k="name:zh" v="青梅街道"/>
    <tag k="oneway" v="yes"/>
    <tag k="ref" v="4;5"/>
    <tag k="source" v="Bing 2010"/>
    <tag k="surface" v="paved"/>
  </way>
  <way id="619292957">
    <nd ref="3588938011"/>
    <nd ref="581806668"/>
    <nd ref="9905815518"/>
    <nd ref="581808512"/>
    <nd ref="5498297371"/>
    <nd ref="5498297391"/>
    <nd ref="4999004874"/>
    <nd ref="5498297394"/>
    <nd ref="9905815531"/>
    <nd ref="9905815532"/>
    <nd ref="9905815537"/>
    <nd ref="9905815538"/>
    <nd ref="472360408"/>
    <nd ref="9905815555"/>
    <nd ref="472360330"/>
    <nd ref="1139149819"/>
    <tag k="highway" v="primary"/>
    <tag k="maxspeed" v="50"/>
    <tag k="name" v="税務署通り"/>
    <tag k="name:en" v="Zeimusho-dori"/>
    <tag k="name:es" v="Calle Zeimusho"/>
    <tag k="name:ja" v="税務署通り"/>
    <tag k="oneway" v="yes"/>
    <tag k="ref" v="302"/>
    <tag k="surface" v="asphalt"/>
  </way>
  <way id="635337704">
    <nd ref="5993409144"/>
    <nd ref="8329351985"/>
    <nd ref="5993409143"/>
    <tag k="highway" v="unclassified"/>
    <tag k="lanes" v="1"/>
    <tag k="oneway" v="yes"/>
    <tag k="source" v="Bing"/>
    <tag k="surface" v="asphalt"/>
  </way>
  <way id="640883368">
    <nd ref="1189983754"/>
    <nd ref="11361306941"/>
    <nd ref="11361306942"/>
    <nd ref="11361306943"/>
    <nd ref="6036731050"/>
    <tag k="highway" v="residential"/>
    <tag k="oneway" v="yes"/>
  </way>
  <way id="651066494">
    <nd ref="191504259"/>
    <nd ref="2401040264"/>
    <nd ref="475109993"/>
    <nd ref="5940179735"/>
    <nd ref="10605469632"/>
    <nd ref="1664033742"/>
    <nd ref="2401040290"/>
    <nd ref="1664033733"/>
    <nd ref="472447008"/>
    <nd ref="191504258"/>
    <nd ref="472447007"/>
    <nd ref="12644572796"/>
    <nd ref="2621323828"/>
    <nd ref="295406736"/>
    <nd ref="2401040295"/>
    <nd ref="1664033660"/>
    <nd ref="1664033683"/>
    <nd ref="12644572798"/>
    <nd ref="4717670580"/>
    <nd ref="4717670581"/>
    <nd ref="260906093"/>
    <nd ref="10605462457"/>
    <nd ref="4717670583"/>
    <nd ref="295406737"/>
    <tag k="foot" v="no"/>
    <tag k="highway" v="primary"/>
    <tag k="lanes" v="4"/>
    <tag k="lit" v="yes"/>
    <tag k="maxspeed" v="60"/>
    <tag k="name" v="靖国通り"/>
    <tag k="name:en" v="Yasukuni Street"/>
    <tag k="name:es" v="Calle Yasukuni"/>
    <tag k="name:fr" v="Rue Yasukuni"/>
    <tag k="name:ja" v="靖国通り"/>
    <tag k="name:ja-Hira" v="やすくにどおり"/>
    <tag k="name:ja-Latn" v="Yasukuni-dōri"/>
    <tag k="name:ja_rm" v="Yasukuni Dōri"/>
    <tag k="oneway" v="yes"/>
    <tag k="ref" v="302"/>
    <tag k="source" v="survey, bing"/>
    <tag k="surface" v="paved"/>
    <tag k="wikidata" v="Q111948762"/>
  </way>
  <way id="684145366">
    <nd ref="1701041435"/>
    <nd ref="1701041430"/>
    <tag k="highway" v="secondary"/>
    <tag k="lanes" v="3"/>
    <tag k="name" v="公園通り"/>
    <tag k="name:en" v="Koen-dori Pkwy."/>
    <tag k="name:ja" v="公園通り"/>
    <tag k="oneway" v="yes"/>
    <tag k="ref" v="副12"/>
    <tag k="surface" v="asphalt"/>
  </way>
  <way id="684145380">
    <nd ref="3109077653"/>
    <nd ref="6408865712"/>
    <nd ref="472360279"/>
    <tag k="highway" v="residential"/>
  </way>
  <way id="684145384">
    <nd ref="3110659832"/>
    <nd ref="472360127"/>
    <nd ref="472360408"/>
    <tag k="highway" v="tertiary"/>
    <tag k="source" v="Bing"/>
  </way>
  <way id="688686079">
    <nd ref="1093685828"/>
    <nd ref="2393573050"/>
    <nd ref="2393573017"/>
    <nd ref="1093685738"/>
    <nd ref="1093685734"/>
    <nd ref="1093685704"/>
    <nd ref="1093685732"/>
    <tag k="cycleway:left" v="shared_lane"/>
    <tag k="cycleway:left:lane" v="pictogram"/>
    <tag k="highway" v="primary"/>
    <tag k="int_name" v="Meiji-dori"/>
    <tag k="lane_markings" v="yes"/>
    <tag k="lanes" v="2"/>
    <tag k="lit" v="yes"/>
    <tag k="maxspeed" v="50"/>
    <tag k="name" v="明治通り"/>
    <tag k="name:en" v="Meiji Street"/>
    <tag k="name:es" v="Calle Meiji"/>
    <tag k="name:fr" v="Rue Meiji"/>
    <tag k="name:ja" v="明治通り"/>
    <tag k="name:ja-Hira" v="めいじどおり"/>
    <tag k="name:ja-Latn" v="Meiji-dōri"/>
    <tag k="name:ko" v="메이지로"/>
    <tag k="name:zh" v="明治大街"/>
    <tag k="oneway" v="yes"/>
    <tag k="ref" v="305"/>
    <tag k="sidewalk" v="both"/>
    <tag k="source" v="Bing,2007-04"/>
    <tag k="surface" v="asphalt"/>
    <tag k="wikidata" v="Q8011176"/>
  </way>
  <way id="688686080">
    <nd ref="472382938"/>
    <nd ref="10273792628"/>
    <nd ref="10273792629"/>
    <nd ref="2393573023"/>
    <nd ref="472382857"/>
    <nd ref="2393573022"/>
    <nd ref="472382797"/>
    <nd ref="1676479121"/>
    <nd ref="472382925"/>
    <nd ref="2606035810"/>
    <nd ref="2393573030"/>
    <nd ref="4371184304"/>
    <nd ref="13091841095"/>
    <nd ref="2393573040"/>
    <nd ref="158030491"/>
    <tag k="cycleway:left" v="shared_lane"/>
    <tag k="cycleway:left:lane" v="pictogram"/>
    <tag k="highway" v="primary"/>
    <tag k="int_name" v="Meiji-dori"/>
    <tag k="lane_markings" v="yes"/>
    <tag k="lanes" v="2"/>
    <tag k="lit" v="yes"/>
    <tag k="maxspeed" v="50"/>
    <tag k="name" v="明治通り"/>
    <tag k="name:en" v="Meiji Street"/>
    <tag k="name:es" v="Calle Meiji"/>
    <tag k="name:fr" v="Rue Meiji"/>
    <tag k="name:ja" v="明治通り"/>
    <tag k="name:ja-Hira" v="めいじどおり"/>
    <tag k="name:ja-Latn" v="Meiji-dōri"/>
    <tag k="name:ko" v="메이지로"/>
    <tag k="name:zh" v="明治大街"/>
    <tag k="oneway" v="yes"/>
    <tag k="ref" v="305"/>
    <tag k="sidewalk" v="both"/>
    <tag k="source" v="Bing,2007-04"/>
    <tag k="surface" v="asphalt"/>
    <tag k="wikidata" v="Q8011176"/>
  </way>
  <way id="688819557">
    <nd ref="2606035889"/>
    <nd ref="1093489453"/>
    <tag k="highway" v="tertiary"/>
  </way>
  <way id="688819559">
    <nd ref="158030491"/>
    <nd ref="2606035893"/>
    <tag k="highway" v="primary"/>
    <tag k="int_name" v="Meiji-dori"/>
    <tag k="maxspeed" v="50"/>
    <tag k="name" v="明治通り"/>
    <tag k="name:en" v="Meiji Street"/>
    <tag k="name:es" v="Calle Meiji"/>
    <tag k="name:fr" v="Rue Meiji"/>
    <tag k="name:ja" v="明治通り"/>
    <tag k="name:ja-Hira" v="めいじどおり"/>
    <tag k="name:ja-Latn" v="Meiji-dōri"/>
    <tag k="oneway" v="yes"/>
    <tag k="ref" v="305"/>
    <tag k="sidewalk" v="both"/>
    <tag k="source" v="Bing,2007-04"/>
    <tag k="surface" v="paved"/>
    <tag k="wikidata" v="Q8011176"/>
  </way>
  <way id="688819560">
    <nd ref="1666084547"/>
    <nd ref="1093685828"/>
    <tag k="cycleway" v="shared_lane"/>
    <tag k="highway" v="primary"/>
    <tag k="int_name" v="Meiji-dori"/>
    <tag k="maxspeed" v="50"/>
    <tag k="name" v="明治通り"/>
    <tag k="name:en" v="Meiji Street"/>
    <tag k="name:es" v="Calle Meiji"/>
    <tag k="name:fr" v="Rue Meiji"/>
    <tag k="name:ja" v="明治通り"/>
    <tag k="name:ja-Hira" v="めいじどおり"/>
    <tag k="name:ja-Latn" v="Meiji-dōri"/>
    <tag k="oneway" v="yes"/>
    <tag k="ref" v="305"/>
    <tag k="source" v="Bing,2007-04"/>
    <tag k="surface" v="paved"/>
    <tag k="wikidata" v="Q8011176"/>
  </way>
  <way id="691691443">
    <nd ref="1094547405"/>
    <nd ref="2393573043"/>
    <nd ref="3800364586"/>
    <nd ref="13091841094"/>
    <nd ref="2393573024"/>
    <nd ref="1666084547"/>
    <tag k="cycleway:left" v="shared_lane"/>
    <tag k="cycleway:left:lane" v="pictogram"/>
    <tag k="highway" v="primary"/>
    <tag k="int_name" v="Meiji-dori"/>
    <tag k="lane_markings" v="yes"/>
    <tag k="lanes" v="2"/>
    <tag k="lit" v="yes"/>
    <tag k="maxspeed" v="50"/>
    <tag k="name" v="明治通り"/>
    <tag k="name:en" v="Meiji Street"/>
    <tag k="name:es" v="Calle Meiji"/>
    <tag k="name:fr" v="Rue Meiji"/>
    <tag k="name:ja" v="明治通り"/>
    <tag k="name:ja-Hira" v="めいじどおり"/>
    <tag k="name:ja-Latn" v="Meiji-dōri"/>
    <tag k="oneway" v="yes"/>
    <tag k="ref" v="305"/>
    <tag k="sidewalk:both" v="separate"/>
    <tag k="source" v="Bing,2007-04"/>
    <tag k="surface" v="asphalt"/>
    <tag k="wikidata" v="Q8011176"/>
  </way>
  <way id="691691444">
    <nd ref="2606035893"/>
    <nd ref="2393573052"/>
    <nd ref="4716325384"/>
    <nd ref="3800364571"/>
    <nd ref="472382732"/>
    <nd ref="5923786374"/>
    <nd ref="2393573015"/>
    <nd ref="1094547212"/>
    <tag k="cycleway:left" v="shared_lane"/>
    <tag k="cycleway:left:lane" v="pictogram"/>
    <tag k="highway" v="primary"/>
    <tag k="int_name" v="Meiji-dori"/>
    <tag k="lane_markings" v="yes"/>
    <tag k="lanes" v="2"/>
    <tag k="lit" v="yes"/>
    <tag k="maxspeed" v="50"/>
    <tag k="name" v="明治通り"/>
    <tag k="name:en" v="Meiji Street"/>
    <tag k="name:es" v="Calle Meiji"/>
    <tag k="name:fr" v="Rue Meiji"/>
    <tag k="name:ja" v="明治通り"/>
    <tag k="name:ja-Hira" v="めいじどおり"/>
    <tag k="name:ja-Latn" v="Meiji-dōri"/>
    <tag k="oneway" v="yes"/>
    <tag k="ref" v="305"/>
    <tag k="sidewalk:both" v="separate"/>
    <tag k="source" v="Bing,2007-04"/>
    <tag k="surface" v="asphalt"/>
    <tag k="wikidata" v="Q8011176"/>
  </way>
  <way id="692356897">
    <nd ref="472383059"/>
    <nd ref="9954012125"/>
    <nd ref="11286893504"/>
    <nd ref="2394599998"/>
    <tag k="access:conditional" v="no @ (Apr-Sep: Su, PH 12:00-18:00; Oct-Mar: Su, PH 12:00-17:00)"/>
    <tag k="foot" v="yes"/>
    <tag k="highway" v="unclassified"/>
    <tag k="oneway" v="yes"/>
    <tag k="source" v="GSImaps/ort"/>
    <tag k="surface" v="paved"/>
  </way>
  <way id="692356898">
    <nd ref="472383013"/>
    <nd ref="6237237519"/>
    <nd ref="11162524127"/>
    <nd ref="472383146"/>
    <nd ref="11162524122"/>
    <nd ref="472383034"/>
    <nd ref="472383009"/>
    <nd ref="11162524129"/>
    <nd ref="10180926097"/>
    <nd ref="472383007"/>
    <tag k="access:conditional" v="no @ (Apr-Sep: Su, PH 12:00-18:00; Oct-Mar: Su, PH 12:00-17:00; 15:00-05:00)"/>
    <tag k="foot" v="yes"/>
    <tag k="highway" v="living_street"/>
    <tag k="motor_vehicle" v="designated"/>
    <tag k="motor_vehicle:conditional" v="no @ (15:00-05:00)"/>
    <tag k="name" v="武蔵野通り"/>
    <tag k="name:en" v="Musashinto Street"/>
    <tag k="oneway" v="yes"/>
    <tag k="sidewalk:both" v="yes"/>
    <tag k="surface" v="asphalt"/>
  </way>
  <way id="692356899">
    <nd ref="472383054"/>
    <nd ref="11263248600"/>
    <nd ref="11263248601"/>
    <nd ref="11274801922"/>
    <nd ref="472383050"/>
    <tag k="bicycle" v="yes"/>
    <tag k="highway" v="unclassified"/>
    <tag k="level" v="0"/>
    <tag k="oneway" v="yes"/>
    <tag k="surface" v="paving_stones"/>
  </way>
  <way id="692356900">
    <nd ref="472383036"/>
    <nd ref="6146833582"/>
    <nd ref="1582703015"/>
    <nd ref="1676478885"/>
    <nd ref="1676478874"/>
    <nd ref="1676478865"/>
    <nd ref="1582703008"/>
    <nd ref="472383044"/>
    <nd ref="1676478787"/>
    <nd ref="1676478776"/>
    <nd ref="1676478748"/>
    <nd ref="1501318558"/>
    <nd ref="6146808077"/>
    <nd ref="6146809886"/>
    <nd ref="8583300356"/>
    <nd ref="8583300355"/>
    <nd ref="8583300354"/>
    <nd ref="1582703004"/>
    <tag k="highway" v="living_street"/>
    <tag k="lanes" v="1"/>
    <tag k="maxspeed" v="20"/>
    <tag k="motor_vehicle" v="designated"/>
    <tag k="oneway" v="yes"/>
    <tag k="oneway:bicycle" v="no"/>
    <tag k="traffic_calming" v="chicane"/>
  </way>
  <way id="692356901">
    <nd ref="472382995"/>
    <nd ref="2394600040"/>
    <nd ref="11162495236"/>
    <nd ref="11162495239"/>
    <nd ref="12756612856"/>
    <nd ref="1189983771"/>
    <tag k="access:conditional" v="no @ (Apr-Sep: Su, PH 12:00-18:00; Oct-Mar: Su, PH 12:00-17:00)"/>
    <tag k="foot" v="no"/>
    <tag k="highway" v="secondary"/>
    <tag k="lanes" v="4"/>
    <tag k="name" v="新宿通り"/>
    <tag k="name:en" v="Shinjuku-dori Ave."/>
    <tag k="name:es" v="Calle Shinjuku"/>
    <tag k="name:etymology:wikidata" v="Q179645"/>
    <tag k="name:fr" v="Rue Shinjuku"/>
    <tag k="name:ja" v="新宿通り"/>
    <tag k="name:ja-Hira" v="しんじゅくどおり"/>
    <tag k="name:ja-Latn" v="Shinjuku-dōri"/>
    <tag k="name:ko" v="신주쿠도리"/>
    <tag k="name:zh" v="新宿大街"/>
    <tag k="ref" v="430"/>
    <tag k="source" v="Bing 2010"/>
    <tag k="surface" v="paved"/>
    <tag k="wikidata" v="Q24886614"/>
  </way>
  <way id="692488024">
    <nd ref="295429192"/>
    <nd ref="6501135542"/>
    <tag k="highway" v="trunk"/>
    <tag k="lanes" v="2"/>
    <tag k="name" v="甲州街道"/>
    <tag k="name:en" v="Koshu-kaido"/>
    <tag k="name:es" v="Koshu Kaido"/>
    <tag k="name:ja" v="甲州街道"/>
    <tag k="name:ja-Hira" v="こうしゅうかいどう"/>
    <tag k="name:ja-Latn" v="Kōshū Kaidō"/>
    <tag k="nat_name" v="国道20号"/>
    <tag k="nat_name:en" v="National Highway Route 20"/>
    <tag k="oneway" v="yes"/>
    <tag k="ref" v="20"/>
    <tag k="surface" v="paved"/>
  </way>
  <way id="726567577">
    <nd ref="6810272387"/>
    <nd ref="11255399710"/>
    <nd ref="6810272388"/>
    <tag k="cycleway:left" v="no"/>
    <tag k="highway" v="unclassified"/>
    <tag k="lane_markings" v="no"/>
    <tag k="lit" v="yes"/>
    <tag k="maxheight" v="3.6"/>
    <tag k="name" v="うまや道"/>
    <tag k="name:en" v="Umaya Road"/>
    <tag k="name:es" v="Carretera Umaya"/>
    <tag k="oneway" v="yes"/>
    <tag k="source" v="Bing 2010"/>
    <tag k="surface" v="asphalt"/>
    <tag k="tunnel:name" v="代々木街道ガード"/>
  </way>
  <way id="726567578">
    <nd ref="1676749749"/>
    <nd ref="573383987"/>
    <nd ref="1676749750"/>
    <nd ref="5486423009"/>
    <nd ref="380542635"/>
    <nd ref="1676749751"/>
    <nd ref="11255399709"/>
    <nd ref="1582702952"/>
    <nd ref="11255399707"/>
    <nd ref="9813467136"/>
    <tag k="highway" v="unclassified"/>
    <tag k="name" v="うまや道"/>
    <tag k="name:en" v="Umaya Road"/>
    <tag k="name:es" v="Carretera Umaya"/>
    <tag k="oneway" v="yes"/>
    <tag k="source" v="Bing 2010"/>
    <tag k="surface" v="paved"/>
  </way>
  <way id="730222250">
    <nd ref="472359970"/>
    <nd ref="11050139695"/>
    <nd ref="3122005290"/>
    <nd ref="3122009353"/>
    <nd ref="11050139694"/>
    <nd ref="472359971"/>
    <tag k="highway" v="residential"/>
    <tag k="lane_markings" v="no"/>
    <tag k="name" v="一番街"/>
    <tag k="name:en" v="1st Street"/>
    <tag k="name:es" v="Calle 1ra"/>
    <tag k="surface" v="asphalt"/>
  </way>
  <way id="760595302">
    <nd ref="1237984830"/>
    <nd ref="8303217762"/>
    <nd ref="1973314248"/>
    <nd ref="302318504"/>
    <nd ref="589929866"/>
    <nd ref="317859849"/>
    <tag k="bicycle" v="no"/>
    <tag k="bridge" v="yes"/>
    <tag k="foot" v="no"/>
    <tag k="hgv:conditional" v="no @ (Sa 22:00-24:00; Su 00:00-07:00)"/>
    <tag k="highway" v="motorway_link"/>
    <tag k="lanes" v="1"/>
    <tag k="layer" v="4"/>
    <tag k="lit" v="yes"/>
    <tag k="maxspeed" v="40"/>
    <tag k="motorcar" v="designated"/>
    <tag k="motorcycle" v="designated"/>
    <tag k="oneway" v="yes"/>
    <tag k="smoothness" v="excellent"/>
    <tag k="source" v="Bing 2012"/>
    <tag k="surface" v="paved"/>
    <tag k="toll" v="yes"/>
  </way>
  <way id="787569324">
    <nd ref="6495134841"/>
    <nd ref="295393488"/>
    <nd ref="6495134839"/>
    <nd ref="9382012275"/>
    <nd ref="6337638632"/>
    <nd ref="1237984839"/>
    <nd ref="9382012274"/>
    <nd ref="1237984880"/>
    <nd ref="9548632657"/>
    <nd ref="1973313092"/>
    <nd ref="6337638633"/>
    <nd ref="267805270"/>
    <nd ref="6337638634"/>
    <nd ref="9548632658"/>
    <nd ref="1237984859"/>
    <nd ref="1973313120"/>
    <nd ref="8303217760"/>
    <nd ref="6337638635"/>
    <nd ref="9320507145"/>
    <nd ref="317859824"/>
    <nd ref="8303217761"/>
    <nd ref="9548634807"/>
    <nd ref="9320507147"/>
    <nd ref="267805271"/>
    <nd ref="6337638636"/>
    <nd ref="9320507146"/>
    <nd ref="267805272"/>
    <nd ref="8303217763"/>
    <nd ref="295393490"/>
    <nd ref="267805273"/>
    <nd ref="267805274"/>
    <nd ref="348216813"/>
    <nd ref="267805275"/>
    <nd ref="4338669577"/>
    <nd ref="348216814"/>
    <nd ref="9320507567"/>
    <nd ref="1973314247"/>
    <nd ref="8384616798"/>
    <nd ref="9320507566"/>
    <nd ref="348216815"/>
    <nd ref="9320507565"/>
    <nd ref="348216816"/>
    <nd ref="267805276"/>
    <nd ref="8384616799"/>
    <nd ref="9548632660"/>
    <nd ref="348216653"/>
    <nd ref="348216656"/>
    <nd ref="8384616801"/>
    <nd ref="267805277"/>
    <nd ref="9548632661"/>
    <nd ref="348216657"/>
    <nd ref="267805278"/>
    <nd ref="8384616805"/>
    <nd ref="8384616797"/>
    <nd ref="8384616806"/>
    <nd ref="267805279"/>
    <tag k="bicycle" v="no"/>
    <tag k="bridge" v="yes"/>
    <tag k="foot" v="no"/>
    <tag k="highway" v="motorway"/>
    <tag k="lanes" v="2"/>
    <tag k="layer" v="3"/>
    <tag k="lit" v="yes"/>
    <tag k="maxspeed" v="50"/>
    <tag k="motorcar" v="designated"/>
    <tag k="motorcycle" v="designated"/>
    <tag k="name" v="首都高速4号新宿線"/>
    <tag k="name:en" v="Route 4 Shinjuku Line"/>
    <tag k="name:es" v="Ruta 4 Shinjuku"/>
    <tag k="name:ja" v="首都高速4号新宿線"/>
    <tag k="name:ru" v="Шоссе Синдзюку"/>
    <tag k="oneway" v="yes"/>
    <tag k="ref" v="4"/>
    <tag k="smoothness" v="excellent"/>
    <tag k="source" v="Bing 2012"/>
    <tag k="surface" v="paved"/>
    <tag k="toll" v="yes"/>
  </way>
  <way id="817778879">
    <nd ref="472382795"/>
    <nd ref="1665929829"/>
    <nd ref="5558951251"/>
    <nd ref="472382861"/>
    <nd ref="2401069462"/>
    <nd ref="472382793"/>
    <tag k="cycleway:both" v="shared_lane"/>
    <tag k="cycleway:both:lane" v="pictogram"/>
    <tag k="highway" v="unclassified"/>
    <tag k="lanes" v="2"/>
    <tag k="lit" v="yes"/>
    <tag k="name" v="花道通り"/>
    <tag k="name:en" v="Hanamichi-dori Street"/>
    <tag k="name:ko" v="하나미치로"/>
    <tag k="name:zh" v="花道大街"/>
    <tag k="smoothness" v="excellent"/>
    <tag k="source" v="Bing 2010"/>
    <tag k="surface" v="asphalt"/>
  </way>
  <way id="822778172">
    <nd ref="7682112318"/>
    <nd ref="10273580582"/>
    <nd ref="7682112405"/>
    <nd ref="7682112404"/>
    <nd ref="7682112403"/>
    <tag k="bicycle" v="no"/>
    <tag k="cutting" v="yes"/>
    <tag k="foot" v="no"/>
    <tag k="highway" v="primary"/>
    <tag k="lanes" v="2"/>
    <tag k="lit" v="yes"/>
    <tag k="maxspeed" v="50"/>
    <tag k="motor_vehicle" v="yes"/>
    <tag k="oneway" v="yes"/>
    <tag k="ref" v="305"/>
    <tag k="start_date" v="2022-12-03"/>
    <tag k="surface" v="asphalt"/>
  </way>
  <way id="822778173">
    <nd ref="7682112403"/>
    <nd ref="7682112402"/>
    <nd ref="10250918545"/>
    <nd ref="10235179150"/>
    <nd ref="7682112401"/>
    <nd ref="7682112400"/>
    <nd ref="10250918546"/>
    <nd ref="10251123691"/>
    <nd ref="10251123692"/>
    <nd ref="10251123693"/>
    <nd ref="10251123694"/>
    <nd ref="10251123695"/>
    <nd ref="7682112395"/>
    <nd ref="7682112394"/>
    <tag k="bicycle" v="no"/>
    <tag k="foot" v="no"/>
    <tag k="highway" v="primary"/>
    <tag k="lanes" v="2"/>
    <tag k="layer" v="-1"/>
    <tag k="lit" v="yes"/>
    <tag k="maxspeed" v="50"/>
    <tag k="motor_vehicle" v="yes"/>
    <tag k="name" v="芝新宿王子線"/>
    <tag k="name:en" v="Shiba-Shinjuku-Ōji Line"/>
    <tag k="name:fr" v="Route Shiba-Shinjuku-Ōji"/>
    <tag k="name:ja-Hira" v="しば しんじゅく おうじせん"/>
    <tag k="name:ja-Latn" v="Shiba Shinjuku Ōji sen"/>
    <tag k="oneway" v="yes"/>
    <tag k="ref" v="305"/>
    <tag k="start_date" v="2022-12-03"/>
    <tag k="surface" v="paved"/>
    <tag k="tunnel" v="yes"/>
    <tag k="tunnel:name" v="千駄ヶ谷ぎょえんトンネル"/>
    <tag k="wikidata" v="Q11102996"/>
  </way>
  <way id="822778174">
    <nd ref="7682112394"/>
    <nd ref="10235185033"/>
    <tag k="bicycle" v="no"/>
    <tag k="cutting" v="yes"/>
    <tag k="foot" v="no"/>
    <tag k="highway" v="primary"/>
    <tag k="maxspeed" v="50"/>
    <tag k="motor_vehicle" v="yes"/>
    <tag k="name" v="芝新宿王子線"/>
    <tag k="name:en" v="Shiba-Shinjuku-Ōji Line"/>
    <tag k="name:fr" v="Route Shiba-Shinjuku-Ōji"/>
    <tag k="name:ja-Hira" v="しば しんじゅく おうじせん"/>
    <tag k="name:ja-Latn" v="Shiba Shinjuku Ōji sen"/>
    <tag k="oneway" v="yes"/>
    <tag k="ref" v="305"/>
    <tag k="start_date" v="2022-12-03"/>
    <tag k="surface" v="asphalt"/>
    <tag k="wikidata" v="Q11102996"/>
  </way>
  <way id="822778175">
    <nd ref="8594202128"/>
    <nd ref="9247948385"/>
    <nd ref="7682112407"/>
    <nd ref="7682112408"/>
    <nd ref="7682112409"/>
    <nd ref="7682112410"/>
    <nd ref="10251123696"/>
    <nd ref="7682112396"/>
    <nd ref="7682112397"/>
    <nd ref="10235156197"/>
    <nd ref="7682112398"/>
    <nd ref="7682112399"/>
    <nd ref="10250918552"/>
    <nd ref="10235156195"/>
    <nd ref="7682112411"/>
    <tag k="highway" v="primary"/>
    <tag k="lanes" v="2"/>
    <tag k="maxspeed" v="50"/>
    <tag k="name" v="芝新宿王子線"/>
    <tag k="name:en" v="Shiba-Shinjuku-Ōji Line"/>
    <tag k="name:fr" v="Route Shiba-Shinjuku-Ōji"/>
    <tag k="name:ja-Hira" v="しば しんじゅく おうじせん"/>
    <tag k="name:ja-Latn" v="Shiba Shinjuku Ōji sen"/>
    <tag k="oneway" v="yes"/>
    <tag k="ref" v="305"/>
    <tag k="start_date" v="2022-12-03"/>
    <tag k="surface" v="paved"/>
    <tag k="wikidata" v="Q11102996"/>
  </way>
  <way id="842369764">
    <nd ref="7858611089"/>
    <nd ref="7858611090"/>
    <tag k="highway" v="residential"/>
  </way>
  <way id="843114509">
    <nd ref="7865000396"/>
    <nd ref="7865000397"/>
    <tag k="highway" v="residential"/>
  </way>
  <way id="843114510">
    <nd ref="7865000398"/>
    <nd ref="7865000399"/>
    <tag k="highway" v="residential"/>
  </way>
  <way id="852000357">
    <nd ref="7947374193"/>
    <nd ref="7947374195"/>
    <nd ref="7947374194"/>
    <tag k="highway" v="residential"/>
    <tag k="source" v="Bing 2010"/>
    <tag k="surface" v="asphalt"/>
  </way>
  <way id="852000365">
    <nd ref="7947374225"/>
    <nd ref="7947374224"/>
    <tag k="highway" v="unclassified"/>
    <tag k="source" v="Bing, survey"/>
  </way>
  <way id="852028935">
    <nd ref="7947665039"/>
    <nd ref="1664033747"/>
    <nd ref="7947665038"/>
    <nd ref="7947665031"/>
    <nd ref="7947665033"/>
    <tag k="highway" v="residential"/>
  </way>
  <way id="856432637">
    <nd ref="472383131"/>
    <nd ref="11247608615"/>
    <nd ref="11247608614"/>
    <nd ref="472383129"/>
    <nd ref="6237216913"/>
    <nd ref="13799877947"/>
    <tag k="foot" v="no"/>
    <tag k="highway" v="secondary"/>
    <tag k="lanes" v="3"/>
    <tag k="maxspeed" v="40"/>
    <tag k="name" v="新宿通り"/>
    <tag k="name:en" v="Shinjuku-dori Ave."/>
    <tag k="name:es" v="Calle Shinjuku"/>
    <tag k="name:etymology:wikidata" v="Q179645"/>
    <tag k="name:fr" v="Rue Shinjuku"/>
    <tag k="name:ja" v="新宿通り"/>
    <tag k="name:ja-Hira" v="しんじゅくどおり"/>
    <tag k="name:ja-Latn" v="Shinjuku-dōri"/>
    <tag k="name:ko" v="신쥬쿠로"/>
    <tag k="name:zh" v="新宿大街"/>
    <tag k="oneway" v="yes"/>
    <tag k="ref" v="430"/>
    <tag k="source" v="Bing 2010"/>
    <tag k="surface" v="asphalt"/>
    <tag k="turn:lanes" v="left|left|right"/>
    <tag k="wikidata" v="Q24886614"/>
  </way>
  <way id="856432638">
    <nd ref="1676479073"/>
    <nd ref="6036731050"/>
    <tag k="destination" v="新宿駅西口;中野坂上"/>
    <tag k="foot" v="no"/>
    <tag k="highway" v="secondary_link"/>
    <tag k="lanes" v="3"/>
    <tag k="oneway" v="yes"/>
    <tag k="sidewalk" v="left"/>
    <tag k="source" v="bing"/>
    <tag k="surface" v="asphalt"/>
  </way>
  <way id="856432641">
    <nd ref="2394607071"/>
    <nd ref="1582703045"/>
    <tag k="bicycle" v="no"/>
    <tag k="destination" v="中野坂上"/>
    <tag k="foot" v="no"/>
    <tag k="highway" v="primary"/>
    <tag k="lanes" v="2"/>
    <tag k="name" v="靖国通り"/>
    <tag k="name:en" v="Yasukuni Street"/>
    <tag k="name:es" v="Calle Yasukuni"/>
    <tag k="name:fr" v="Rue Yasukuni"/>
    <tag k="name:ja" v="靖国通り"/>
    <tag k="name:ja-Hira" v="やすくにどおり"/>
    <tag k="name:ja-Latn" v="Yasukuni-dōri"/>
    <tag k="name:ko" v="야스쿠니로"/>
    <tag k="name:zh" v="靖国大街"/>
    <tag k="oneway" v="yes"/>
    <tag k="ref" v="4;5;302"/>
    <tag k="source" v="survey, bing"/>
    <tag k="surface" v="asphalt"/>
    <tag k="wikidata" v="Q111948762"/>
  </way>
  <way id="856432645">
    <nd ref="10605511498"/>
    <nd ref="1678344884"/>
    <nd ref="191504251"/>
    <nd ref="10605513406"/>
    <nd ref="6240814971"/>
    <nd ref="472382852"/>
    <nd ref="5243200749"/>
    <nd ref="10605513409"/>
    <nd ref="472382820"/>
    <nd ref="2401050143"/>
    <nd ref="472382816"/>
    <nd ref="10605513411"/>
    <nd ref="2401050131"/>
    <nd ref="191504252"/>
    <nd ref="6147302108"/>
    <nd ref="472382814"/>
    <nd ref="10605479589"/>
    <nd ref="13741741976"/>
    <nd ref="2263979137"/>
    <nd ref="13741741975"/>
    <nd ref="1805702535"/>
    <tag k="cycleway:left" v="no"/>
    <tag k="foot" v="no"/>
    <tag k="highway" v="primary"/>
    <tag k="lanes" v="4"/>
    <tag k="level" v="0"/>
    <tag k="lit" v="yes"/>
    <tag k="maxspeed" v="60"/>
    <tag k="name" v="靖国通り"/>
    <tag k="name:en" v="Yasukuni Street"/>
    <tag k="name:es" v="Calle Yasukuni"/>
    <tag k="name:fr" v="Rue Yasukuni"/>
    <tag k="name:ja" v="靖国通り"/>
    <tag k="name:ja-Hira" v="やすくにどおり"/>
    <tag k="name:ja-Latn" v="Yasukuni-dōri"/>
    <tag k="name:ko" v="야스쿠니로"/>
    <tag k="name:zh" v="靖国大街"/>
    <tag k="oneway" v="yes"/>
    <tag k="ref" v="4;5;302;430"/>
    <tag k="source" v="survey, bing"/>
    <tag k="surface" v="asphalt"/>
    <tag k="wikidata" v="Q111948762"/>
  </way>
  <way id="856432646">
    <nd ref="2394607060"/>
    <nd ref="1676479103"/>
    <tag k="bicycle" v="no"/>
    <tag k="destination" v="新宿駅東口;新宿通り"/>
    <tag k="foot" v="no"/>
    <tag k="highway" v="secondary_link"/>
    <tag k="lanes" v="2"/>
    <tag k="maxspeed" v="60"/>
    <tag k="oneway" v="yes"/>
    <tag k="source" v="bing"/>
    <tag k="surface" v="asphalt"/>
    <tag k="turn:lanes" v="right|right"/>
  </way>
  <way id="856432650">
    <nd ref="7985363856"/>
    <nd ref="10605511488"/>
    <nd ref="2394607071"/>
    <tag k="bicycle" v="no"/>
    <tag k="destination" v="中野坂上"/>
    <tag k="foot" v="no"/>
    <tag k="highway" v="primary"/>
    <tag k="lanes" v="2"/>
    <tag k="name" v="靖国通り"/>
    <tag k="name:en" v="Yasukuni Street"/>
    <tag k="name:es" v="Calle Yasukuni"/>
    <tag k="name:fr" v="Rue Yasukuni"/>
    <tag k="name:ja" v="靖国通り"/>
    <tag k="name:ja-Hira" v="やすくにどおり"/>
    <tag k="name:ja-Latn" v="Yasukuni-dōri"/>
    <tag k="name:ja_rm" v="Yasukuni Dōri"/>
    <tag k="name:ko" v="야스쿠니로"/>
    <tag k="name:zh" v="靖国大街"/>
    <tag k="oneway" v="yes"/>
    <tag k="ref" v="4;5;302"/>
    <tag k="source" v="survey, bing"/>
    <tag k="surface" v="paved"/>
    <tag k="wikidata" v="Q111948762"/>
  </way>
  <way id="856440220">
    <nd ref="1943752324"/>
    <nd ref="2394599975"/>
    <nd ref="1943752342"/>
    <nd ref="2394600012"/>
    <tag k="highway" v="tertiary"/>
    <tag k="lanes" v="2"/>
    <tag k="lit" v="yes"/>
    <tag k="maxspeed" v="50"/>
    <tag k="name" v="新宿通り"/>
    <tag k="name:en" v="Shinjuku-dori Ave."/>
    <tag k="name:es" v="Calle Shinjuku"/>
    <tag k="name:etymology:wikidata" v="Q179645"/>
    <tag k="name:fr" v="Rue Shinjuku"/>
    <tag k="name:ja" v="新宿通り"/>
    <tag k="name:ja-Hira" v="しんじゅくどおり"/>
    <tag k="name:ja-Latn" v="Shinjuku-dōri"/>
    <tag k="name:ko" v="신쥬쿠로"/>
    <tag k="name:zh" v="新宿大街"/>
    <tag k="oneway" v="yes"/>
    <tag k="source" v="Bing 2010"/>
    <tag k="surface" v="paved"/>
    <tag k="was:ref" v="430"/>
    <tag k="wikidata" v="Q24886614"/>
  </way>
  <way id="858780335">
    <nd ref="2394600012"/>
    <nd ref="735990793"/>
    <tag k="highway" v="tertiary"/>
    <tag k="lit" v="yes"/>
    <tag k="name" v="新宿通り"/>
    <tag k="name:en" v="Shinjuku-dori Ave."/>
    <tag k="name:es" v="Calle Shinjuku"/>
    <tag k="name:etymology:wikidata" v="Q179645"/>
    <tag k="name:fr" v="Rue Shinjuku"/>
    <tag k="name:ja" v="新宿通り"/>
    <tag k="name:ja-Hira" v="しんじゅくどおり"/>
    <tag k="name:ja-Latn" v="Shinjuku-dōri"/>
    <tag k="name:ko" v="신쥬쿠로"/>
    <tag k="name:zh" v="新宿大街"/>
    <tag k="oneway" v="yes"/>
    <tag k="source" v="Bing 2010"/>
    <tag k="surface" v="paved"/>
    <tag k="was:ref" v="430"/>
    <tag k="wikidata" v="Q24886614"/>
  </way>
  <way id="859701909">
    <nd ref="473169335"/>
    <nd ref="260905633"/>
    <tag k="bicycle" v="no"/>
    <tag k="foot" v="no"/>
    <tag k="highway" v="trunk"/>
    <tag k="horse" v="no"/>
    <tag k="lanes" v="2"/>
    <tag k="maxspeed" v="60"/>
    <tag k="name" v="甲州街道"/>
    <tag k="name:en" v="Koshu-kaido Avenue"/>
    <tag k="name:es" v="Koshu Kaido"/>
    <tag k="name:fr" v="Kōshū Kaidō"/>
    <tag k="name:ja" v="甲州街道"/>
    <tag k="name:ja-Hira" v="こうしゅうかいどう"/>
    <tag k="name:ja-Latn" v="Kōshū Kaidō"/>
    <tag k="name:ko" v="고슈 가이도"/>
    <tag k="name:zh" v="甲州街道"/>
    <tag k="nat_name" v="国道20号"/>
    <tag k="nat_name:en" v="National Highway Route 20"/>
    <tag k="oneway" v="yes"/>
    <tag k="ref" v="20"/>
    <tag k="source" v="Bing 2010"/>
    <tag k="surface" v="paved"/>
    <tag k="wikidata" v="Q1156682"/>
  </way>
  <way id="859701910">
    <nd ref="1943752380"/>
    <nd ref="7985448218"/>
    <nd ref="1943752343"/>
    <nd ref="1814190049"/>
    <nd ref="8013355388"/>
    <nd ref="8951749542"/>
    <nd ref="8951749543"/>
    <nd ref="295403286"/>
    <tag k="highway" v="tertiary"/>
    <tag k="lanes" v="1"/>
    <tag k="lit" v="yes"/>
    <tag k="maxspeed" v="50"/>
    <tag k="name" v="新宿通り"/>
    <tag k="name:en" v="Shinjuku-dori Ave."/>
    <tag k="name:es" v="Calle Shinjuku"/>
    <tag k="name:etymology:wikidata" v="Q179645"/>
    <tag k="name:fr" v="Rue Shinjuku"/>
    <tag k="name:ja" v="新宿通り"/>
    <tag k="name:ja-Hira" v="しんじゅくどおり"/>
    <tag k="name:ja-Latn" v="Shinjuku-dōri"/>
    <tag k="name:ko" v="신쥬쿠로"/>
    <tag k="name:zh" v="新宿大街"/>
    <tag k="oneway" v="yes"/>
    <tag k="source" v="Bing 2010"/>
    <tag k="surface" v="paved"/>
    <tag k="was:ref" v="430"/>
    <tag k="wikidata" v="Q24886614"/>
  </way>
  <way id="885581559">
    <nd ref="1813863743"/>
    <nd ref="8234891605"/>
    <nd ref="260567674"/>
    <tag k="foot" v="no"/>
    <tag k="highway" v="primary"/>
    <tag k="maxspeed" v="60"/>
    <tag k="name" v="青梅街道(新都心歩道橋下交差点)"/>
    <tag k="name:en" v="Ome-Kaido Avenue"/>
    <tag k="name:es" v="Ome Kaido"/>
    <tag k="name:ja" v="青梅街道"/>
    <tag k="name:ja-Hira" v="おうめかいどう"/>
    <tag k="name:ko" v="오우메 가이도"/>
    <tag k="name:zh" v="青梅街道"/>
    <tag k="oneway" v="yes"/>
    <tag k="ref" v="4;5"/>
    <tag k="source" v="survey, bing"/>
    <tag k="surface" v="paved"/>
  </way>
  <way id="886233768">
    <nd ref="1582703051"/>
    <nd ref="472360174"/>
    <tag k="foot" v="no"/>
    <tag k="highway" v="primary"/>
    <tag k="lanes" v="4"/>
    <tag k="maxspeed" v="60"/>
    <tag k="name" v="青梅街道"/>
    <tag k="name:en" v="Ome-Kaido Avenue"/>
    <tag k="name:es" v="Ome Kaido"/>
    <tag k="name:ja" v="青梅街道"/>
    <tag k="name:ja-Hira" v="おうめかいどう"/>
    <tag k="name:ko" v="오우메 가이도"/>
    <tag k="name:zh" v="青梅街道"/>
    <tag k="oneway" v="yes"/>
    <tag k="ref" v="4;5"/>
    <tag k="source" v="survey, bing"/>
    <tag k="surface" v="asphalt"/>
  </way>
  <way id="886233770">
    <nd ref="191504250"/>
    <nd ref="2394607060"/>
    <tag k="bicycle" v="no"/>
    <tag k="destination" v="壁の右側;新宿駅東口;新宿通り"/>
    <tag k="foot" v="no"/>
    <tag k="highway" v="secondary_link"/>
    <tag k="lanes" v="2"/>
    <tag k="maxspeed" v="60"/>
    <tag k="oneway" v="yes"/>
    <tag k="source" v="bing"/>
    <tag k="surface" v="asphalt"/>
  </way>
  <way id="886233771">
    <nd ref="1582703048"/>
    <nd ref="11250679113"/>
    <nd ref="1676479109"/>
    <nd ref="11250679115"/>
    <nd ref="1582703049"/>
    <nd ref="1582703047"/>
    <nd ref="1676479100"/>
    <tag k="foot" v="no"/>
    <tag k="highway" v="primary"/>
    <tag k="lanes" v="4"/>
    <tag k="maxspeed" v="60"/>
    <tag k="name" v="靖国通り"/>
    <tag k="name:en" v="Yasukuni Street"/>
    <tag k="name:es" v="Calle Yasukuni"/>
    <tag k="name:fr" v="Rue Yasukuni"/>
    <tag k="name:ja" v="靖国通り"/>
    <tag k="name:ja-Hira" v="やすくにどおり"/>
    <tag k="name:ja-Latn" v="Yasukuni-dōri"/>
    <tag k="name:ko" v="야스쿠니로"/>
    <tag k="name:zh" v="靖国大街"/>
    <tag k="oneway" v="yes"/>
    <tag k="ref" v="4;5;302;430"/>
    <tag k="source" v="survey, bing"/>
    <tag k="surface" v="paved"/>
    <tag k="turn:lanes" v="left|through|through|through"/>
    <tag k="wikidata" v="Q111948762"/>
  </way>
  <way id="886386615">
    <nd ref="295403278"/>
    <nd ref="2393558965"/>
    <nd ref="158030410"/>
    <nd ref="472383038"/>
    <nd ref="2262160513"/>
    <nd ref="472359998"/>
    <tag k="highway" v="primary"/>
    <tag k="int_name" v="Meiji-dori"/>
    <tag k="lane_markings" v="yes"/>
    <tag k="lanes" v="2"/>
    <tag k="lit" v="yes"/>
    <tag k="maxspeed" v="50"/>
    <tag k="name" v="明治通り"/>
    <tag k="name:en" v="Meiji-dori Avenue"/>
    <tag k="name:es" v="Calle Meiji"/>
    <tag k="name:fr" v="Rue Meiji"/>
    <tag k="name:ja" v="明治通り"/>
    <tag k="name:ja-Hira" v="めいじどおり"/>
    <tag k="name:ja-Latn" v="Meiji-dōri"/>
    <tag k="name:ko" v="메이지로"/>
    <tag k="name:zh" v="明治通"/>
    <tag k="oneway" v="yes"/>
    <tag k="ref" v="305"/>
    <tag k="source" v="Bing,2007-04"/>
    <tag k="surface" v="asphalt"/>
    <tag k="wikidata" v="Q8011176"/>
    <tag k="wikipedia" v="ja:明治通り (東京都)"/>
  </way>
  <way id="886386616">
    <nd ref="295403278"/>
    <nd ref="1625445409"/>
    <tag k="access" v="yes"/>
    <tag k="highway" v="trunk"/>
    <tag k="lanes" v="2"/>
    <tag k="name" v="甲州街道"/>
    <tag k="name:en" v="Koshu-kaido Avenue"/>
    <tag k="name:es" v="Koshu Kaido"/>
    <tag k="name:fr" v="Kōshū Kaidō"/>
    <tag k="name:ja" v="甲州街道"/>
    <tag k="name:ja-Hira" v="こうしゅうかいどう"/>
    <tag k="name:ja-Latn" v="Kōshū Kaidō"/>
    <tag k="name:ko" v="고슈 가이도"/>
    <tag k="name:zh" v="甲州街道"/>
    <tag k="nat_name" v="国道20号"/>
    <tag k="nat_name:en" v="National Highway Route 20"/>
    <tag k="oneway" v="yes"/>
    <tag k="ref" v="20"/>
    <tag k="source" v="Bing 2010"/>
    <tag k="surface" v="paved"/>
    <tag k="wikidata" v="Q1156682"/>
  </way>
  <way id="886386617">
    <nd ref="2857742946"/>
    <nd ref="2857742944"/>
    <nd ref="755804498"/>
    <nd ref="8594202131"/>
    <nd ref="473173557"/>
    <tag k="highway" v="primary_link"/>
    <tag k="lanes" v="2"/>
    <tag k="name" v="芝新宿王子線(連絡路)"/>
    <tag k="name:en" v="Shiba-Shinjuku-Ōji Line"/>
    <tag k="name:fr" v="Route Shiba-Shinjuku-Ōji"/>
    <tag k="name:ja-Hira" v="しば しんじゅく おうじせん"/>
    <tag k="name:ja-Latn" v="Shiba Shinjuku Ōji sen"/>
    <tag k="oneway" v="yes"/>
    <tag k="ref" v="305"/>
    <tag k="source" v="Bing 2010"/>
    <tag k="surface" v="paved"/>
  </way>
  <way id="886386618">
    <nd ref="2091237287"/>
    <nd ref="1067810036"/>
    <nd ref="295403284"/>
    <nd ref="472447156"/>
    <nd ref="2401040284"/>
    <nd ref="472447158"/>
    <nd ref="1665929603"/>
    <nd ref="2401040322"/>
    <nd ref="472447032"/>
    <tag k="highway" v="tertiary"/>
    <tag k="lanes" v="2"/>
    <tag k="noname" v="yes"/>
    <tag k="source" v="Bing 2010"/>
    <tag k="surface" v="asphalt"/>
  </way>
  <way id="886645247">
    <nd ref="8244653619"/>
    <nd ref="1582703017"/>
    <nd ref="10605594257"/>
    <nd ref="2389061799"/>
    <nd ref="295416542"/>
    <tag k="highway" v="secondary"/>
    <tag k="lanes" v="2"/>
    <tag k="maxspeed" v="40"/>
    <tag k="name" v="東京都道新宿副都心八号線"/>
    <tag k="ref" v="副8"/>
    <tag k="source" v="survey, bing"/>
    <tag k="surface" v="paved"/>
  </way>
  <way id="886671960">
    <nd ref="295405291"/>
    <nd ref="295422430"/>
    <tag k="highway" v="secondary"/>
    <tag k="lanes" v="2"/>
    <tag k="name" v="公園通り"/>
    <tag k="name:en" v="Koen-dori Pkwy."/>
    <tag k="oneway" v="yes"/>
    <tag k="ref" v="3512"/>
    <tag k="surface" v="asphalt"/>
  </way>
  <way id="886671961">
    <nd ref="281491578"/>
    <nd ref="6491076831"/>
    <nd ref="2239360592"/>
    <nd ref="2239360597"/>
    <nd ref="295422430"/>
    <tag k="access" v="yes"/>
    <tag k="highway" v="trunk"/>
    <tag k="name" v="甲州街道"/>
    <tag k="name:en" v="Koshu-kaido Avenue"/>
    <tag k="name:es" v="Koshu Kaido"/>
    <tag k="name:ja" v="甲州街道"/>
    <tag k="name:ja-Hira" v="こうしゅうかいどう"/>
    <tag k="name:ja-Latn" v="Kōshū Kaidō"/>
    <tag k="name:ko" v="고슈 가이도"/>
    <tag k="name:zh" v="甲州街道"/>
    <tag k="nat_name" v="国道20号"/>
    <tag k="nat_name:en" v="National Highway Route 20"/>
    <tag k="oneway" v="yes"/>
    <tag k="ref" v="20"/>
    <tag k="source" v="Bing 2010"/>
    <tag k="surface" v="paved"/>
  </way>
  <way id="887525824">
    <nd ref="1813863775"/>
    <nd ref="295405274"/>
    <nd ref="5498655309"/>
    <tag k="highway" v="secondary"/>
    <tag k="lanes" v="3"/>
    <tag k="maxspeed" v="50"/>
    <tag k="name" v="東通り"/>
    <tag k="name:en" v="Higashi-dori Ave."/>
    <tag k="name:es" v="Avenida Higashi-dori"/>
    <tag k="name:ja" v="東通り"/>
    <tag k="oneway" v="yes"/>
    <tag k="ref" v="副9"/>
    <tag k="source" v="Bing 2012"/>
    <tag k="surface" v="asphalt"/>
  </way>
  <way id="887525825">
    <nd ref="5498655310"/>
    <nd ref="1813863777"/>
    <nd ref="1813863775"/>
    <tag k="highway" v="secondary"/>
    <tag k="lanes" v="3"/>
    <tag k="maxspeed" v="50"/>
    <tag k="name" v="東通り"/>
    <tag k="name:en" v="Higashi-dori Ave."/>
    <tag k="name:es" v="Avenida Higashi-dori"/>
    <tag k="name:ja" v="東通り"/>
    <tag k="oneway" v="yes"/>
    <tag k="ref" v="副9"/>
    <tag k="source" v="Bing 2012"/>
    <tag k="surface" v="asphalt"/>
  </way>
  <way id="887586453">
    <nd ref="263085936"/>
    <nd ref="1676479062"/>
    <tag k="destination" v="新宿駅西口;四谷角筈線;東京都道新宿副都心八号線"/>
    <tag k="foot" v="no"/>
    <tag k="highway" v="primary_link"/>
    <tag k="lanes" v="2"/>
    <tag k="name" v="青梅街道(新都心歩道橋下交差点)"/>
    <tag k="name:en" v="Ome-Kaido Avenue"/>
    <tag k="name:es" v="Ome Kaido"/>
    <tag k="name:ja" v="青梅街道"/>
    <tag k="name:ja-Hira" v="おうめかいどう"/>
    <tag k="name:ko" v="오우메 가이도"/>
    <tag k="name:zh" v="青梅街道"/>
    <tag k="oneway" v="yes"/>
    <tag k="source" v="Bing 2012"/>
    <tag k="surface" v="asphalt"/>
    <tag k="turn:lanes" v="through|right"/>
  </way>
  <way id="887586454">
    <nd ref="1676479062"/>
    <nd ref="13230661898"/>
    <nd ref="8234891603"/>
    <tag k="destination:ref" v="4"/>
    <tag k="foot" v="no"/>
    <tag k="highway" v="primary_link"/>
    <tag k="lanes" v="2"/>
    <tag k="name" v="(新都心歩道橋下交差点)"/>
    <tag k="oneway" v="yes"/>
    <tag k="source" v="survey, bing"/>
    <tag k="surface" v="asphalt"/>
  </way>
  <way id="887586455">
    <nd ref="8252333529"/>
    <nd ref="1813863743"/>
    <tag k="foot" v="no"/>
    <tag k="highway" v="primary"/>
    <tag k="maxspeed" v="60"/>
    <tag k="name" v="青梅街道(新都心歩道橋下交差点)"/>
    <tag k="name:en" v="Ome-Kaido Avenue"/>
    <tag k="name:es" v="Ome Kaido"/>
    <tag k="name:ja" v="青梅街道"/>
    <tag k="name:ja-Hira" v="おうめかいどう"/>
    <tag k="name:ko" v="오우메 가이도"/>
    <tag k="name:zh" v="青梅街道"/>
    <tag k="oneway" v="yes"/>
    <tag k="ref" v="4;5"/>
    <tag k="source" v="survey, bing"/>
    <tag k="surface" v="paved"/>
  </way>
  <way id="887586456">
    <nd ref="1813863743"/>
    <nd ref="13230661894"/>
    <nd ref="8252333530"/>
    <tag k="highway" v="secondary"/>
    <tag k="lanes" v="1"/>
    <tag k="name" v="四谷角筈線(新都心歩道橋下交差点)"/>
    <tag k="oneway" v="yes"/>
    <tag k="ref" v="414"/>
    <tag k="source" v="Bing 2012"/>
    <tag k="surface" v="paved"/>
  </way>
  <way id="887586457">
    <nd ref="2674435149"/>
    <nd ref="8252333531"/>
    <tag k="highway" v="secondary"/>
    <tag k="name" v="四谷角筈線"/>
    <tag k="oneway" v="yes"/>
    <tag k="ref" v="414"/>
    <tag k="surface" v="asphalt"/>
  </way>
  <way id="887779303">
    <nd ref="3996889219"/>
    <nd ref="10605608280"/>
    <nd ref="3979031310"/>
    <tag k="access" v="yes"/>
    <tag k="bridge" v="yes"/>
    <tag k="highway" v="trunk"/>
    <tag k="lanes" v="3"/>
    <tag k="layer" v="2"/>
    <tag k="name" v="甲州街道"/>
    <tag k="name:en" v="Kōshū Kaidō"/>
    <tag k="name:es" v="Kōshū Kaidō"/>
    <tag k="name:etymology:wikidata" v="Q248723"/>
    <tag k="name:fr" v="Kōshū Kaidō"/>
    <tag k="name:ja" v="甲州街道"/>
    <tag k="name:ja-Hira" v="こうしゅうかいどう"/>
    <tag k="name:ja-Latn" v="Kōshū-kaidō"/>
    <tag k="name:ko" v="고슈 가이도"/>
    <tag k="name:zh" v="甲州街道"/>
    <tag k="nat_name" v="国道20号"/>
    <tag k="nat_name:en" v="National Highway Route 20"/>
    <tag k="oneway" v="yes"/>
    <tag k="ref" v="20"/>
    <tag k="source" v="Bing 2010"/>
    <tag k="surface" v="paved"/>
    <tag k="turn:lanes" v="through|through|right"/>
  </way>
  <way id="887779304">
    <nd ref="3979031309"/>
    <nd ref="3979031308"/>
    <tag k="access" v="yes"/>
    <tag k="bridge" v="yes"/>
    <tag k="highway" v="trunk"/>
    <tag k="lanes" v="3"/>
    <tag k="layer" v="2"/>
    <tag k="name" v="甲州街道"/>
    <tag k="name:en" v="Koshu-kaido Avenue"/>
    <tag k="name:es" v="Koshu Kaido"/>
    <tag k="name:ja" v="甲州街道"/>
    <tag k="name:ja-Hira" v="こうしゅうかいどう"/>
    <tag k="name:ja-Latn" v="Kōshū Kaidō"/>
    <tag k="name:ko" v="고슈 가이도"/>
    <tag k="name:zh" v="甲州街道"/>
    <tag k="nat_name" v="国道20号"/>
    <tag k="nat_name:en" v="National Highway Route 20"/>
    <tag k="oneway" v="yes"/>
    <tag k="ref" v="20"/>
    <tag k="source" v="Bing 2010"/>
    <tag k="surface" v="asphalt"/>
  </way>
  <way id="887779305">
    <nd ref="1813858454"/>
    <nd ref="1813858555"/>
    <nd ref="4238739075"/>
    <nd ref="4238739077"/>
    <tag k="highway" v="unclassified"/>
    <tag k="oneway" v="yes"/>
  </way>
  <way id="887779311">
    <nd ref="576807440"/>
    <nd ref="1582703004"/>
    <tag k="access" v="yes"/>
    <tag k="highway" v="trunk"/>
    <tag k="lanes" v="3"/>
    <tag k="name" v="甲州街道"/>
    <tag k="name:en" v="Koshu-kaido Avenue"/>
    <tag k="name:es" v="Koshu Kaido"/>
    <tag k="name:ja" v="甲州街道"/>
    <tag k="name:ja-Hira" v="こうしゅうかいどう"/>
    <tag k="name:ja-Latn" v="Kōshū Kaidō"/>
    <tag k="name:ko" v="고슈 가이도"/>
    <tag k="name:zh" v="甲州街道"/>
    <tag k="nat_name" v="国道20号"/>
    <tag k="nat_name:en" v="National Highway Route 20"/>
    <tag k="oneway" v="yes"/>
    <tag k="ref" v="20"/>
    <tag k="source" v="Bing 2010"/>
    <tag k="surface" v="paved"/>
  </way>
  <way id="893372312">
    <nd ref="295422430"/>
    <nd ref="1626142055"/>
    <nd ref="8244884444"/>
    <nd ref="295422743"/>
    <nd ref="1542765400"/>
    <tag k="access" v="yes"/>
    <tag k="highway" v="trunk"/>
    <tag k="maxheight:signed" v="no"/>
    <tag k="name" v="甲州街道"/>
    <tag k="name:en" v="Koshu-kaido Avenue"/>
    <tag k="name:es" v="Koshu Kaido"/>
    <tag k="name:ja" v="甲州街道"/>
    <tag k="name:ja-Hira" v="こうしゅうかいどう"/>
    <tag k="name:ja-Latn" v="Kōshū Kaidō"/>
    <tag k="name:ko" v="고슈 가이도"/>
    <tag k="name:zh" v="甲州街道"/>
    <tag k="nat_name" v="国道20号"/>
    <tag k="nat_name:en" v="National Highway Route 20"/>
    <tag k="oneway" v="yes"/>
    <tag k="ref" v="20"/>
    <tag k="source" v="Bing 2010"/>
    <tag k="surface" v="paved"/>
  </way>
  <way id="893372315">
    <nd ref="6501135487"/>
    <nd ref="6501131884"/>
    <tag k="highway" v="trunk"/>
    <tag k="lanes" v="2"/>
    <tag k="name" v="甲州街道"/>
    <tag k="name:en" v="Koshu-kaido"/>
    <tag k="name:es" v="Koshu Kaido"/>
    <tag k="name:ja" v="甲州街道"/>
    <tag k="name:ja-Hira" v="こうしゅうかいどう"/>
    <tag k="name:ja-Latn" v="Kōshū Kaidō"/>
    <tag k="nat_name" v="国道20号"/>
    <tag k="nat_name:en" v="National Highway Route 20"/>
    <tag k="oneway" v="yes"/>
    <tag k="ref" v="20"/>
    <tag k="surface" v="paved"/>
  </way>
  <way id="894268698">
    <nd ref="475368541"/>
    <nd ref="2401040265"/>
    <nd ref="1664033827"/>
    <nd ref="475368539"/>
    <nd ref="1665929713"/>
    <nd ref="475368537"/>
    <nd ref="475368945"/>
    <nd ref="2401069484"/>
    <nd ref="7942739512"/>
    <nd ref="475368861"/>
    <nd ref="475368863"/>
    <nd ref="7942739518"/>
    <nd ref="2401069442"/>
    <nd ref="7942739520"/>
    <nd ref="7942739525"/>
    <nd ref="2401069478"/>
    <nd ref="475368534"/>
    <nd ref="3817880919"/>
    <nd ref="2401069461"/>
    <nd ref="1665929808"/>
    <nd ref="2401069430"/>
    <nd ref="3817880920"/>
    <nd ref="475368533"/>
    <nd ref="475368943"/>
    <nd ref="475368901"/>
    <nd ref="2401069489"/>
    <nd ref="9771146711"/>
    <nd ref="9775081814"/>
    <nd ref="475368978"/>
    <nd ref="475368980"/>
    <nd ref="2401069485"/>
    <nd ref="2649421051"/>
    <nd ref="2648898052"/>
    <nd ref="2401069423"/>
    <nd ref="2856079121"/>
    <nd ref="475368798"/>
    <nd ref="2606035825"/>
    <nd ref="1665929931"/>
    <nd ref="2606035829"/>
    <nd ref="2606035832"/>
    <nd ref="2606035836"/>
    <nd ref="1093489452"/>
    <nd ref="2401069472"/>
    <nd ref="12666510293"/>
    <nd ref="3817880922"/>
    <nd ref="2606035889"/>
    <tag k="admin_level" v="6"/>
    <tag k="highway" v="primary"/>
    <tag k="lanes" v="2"/>
    <tag k="maxspeed" v="50"/>
    <tag k="name" v="余丁町通り"/>
    <tag k="name:en" v="Yochomachi-dori"/>
    <tag k="name:es" v="Calle Yochomachi"/>
    <tag k="name:ja" v="余丁町通り"/>
    <tag k="oneway" v="yes"/>
    <tag k="ref" v="302"/>
    <tag k="source" v="Bing 2010"/>
    <tag k="surface" v="asphalt"/>
  </way>
  <way id="896047306">
    <nd ref="5993409143"/>
    <nd ref="472383033"/>
    <tag k="highway" v="secondary"/>
    <tag k="name" v="新宿停車場前線"/>
    <tag k="oneway" v="yes"/>
    <tag k="ref" v="430"/>
  </way>
  <way id="896047307">
    <nd ref="11158773176"/>
    <nd ref="11158773180"/>
    <nd ref="472382993"/>
    <tag k="highway" v="unclassified"/>
    <tag k="lanes" v="2"/>
    <tag k="oneway" v="no"/>
    <tag k="surface" v="asphalt"/>
  </way>
  <way id="924378577">
    <nd ref="1625445409"/>
    <nd ref="2393558977"/>
    <nd ref="1504865431"/>
    <tag k="access" v="yes"/>
    <tag k="highway" v="trunk"/>
    <tag k="lanes" v="3"/>
    <tag k="name" v="甲州街道"/>
    <tag k="name:en" v="Koshu-kaido Avenue"/>
    <tag k="name:es" v="Koshu Kaido"/>
    <tag k="name:fr" v="Kōshū Kaidō"/>
    <tag k="name:ja" v="甲州街道"/>
    <tag k="name:ja-Hira" v="こうしゅうかいどう"/>
    <tag k="name:ja-Latn" v="Kōshū Kaidō"/>
    <tag k="name:ko" v="고슈 가이도"/>
    <tag k="name:zh" v="甲州街道"/>
    <tag k="nat_name" v="国道20号"/>
    <tag k="nat_name:en" v="National Highway Route 20"/>
    <tag k="oneway" v="yes"/>
    <tag k="ref" v="20"/>
    <tag k="source" v="Bing 2010"/>
    <tag k="surface" v="paved"/>
    <tag k="turn:lanes" v="slight_left|through|through"/>
    <tag k="wikidata" v="Q1156682"/>
  </way>
  <way id="924378578">
    <nd ref="1625445409"/>
    <nd ref="1504865400"/>
    <tag k="cycleway:left" v="shared_lane"/>
    <tag k="cycleway:left:lane" v="pictogram"/>
    <tag k="foot" v="no"/>
    <tag k="highway" v="primary"/>
    <tag k="int_name" v="Meiji-dori"/>
    <tag k="lit" v="yes"/>
    <tag k="maxspeed" v="50"/>
    <tag k="name" v="明治通り"/>
    <tag k="name:en" v="Meiji-dori Avenue"/>
    <tag k="name:es" v="Calle Meiji"/>
    <tag k="name:ja" v="明治通り"/>
    <tag k="name:ja-Hira" v="めいじどおり"/>
    <tag k="name:ja-Latn" v="Meiji-dōri"/>
    <tag k="name:ko" v="메이지로"/>
    <tag k="name:zh" v="明治大街"/>
    <tag k="oneway" v="yes"/>
    <tag k="ref" v="305"/>
    <tag k="source" v="Bing,2007-04"/>
    <tag k="surface" v="paved"/>
  </way>
  <way id="924378579">
    <nd ref="4238739080"/>
    <nd ref="4238739079"/>
    <nd ref="576807437"/>
    <tag k="access" v="yes"/>
    <tag k="highway" v="trunk"/>
    <tag k="lanes" v="2"/>
    <tag k="name" v="甲州街道"/>
    <tag k="name:en" v="Koshu-kaido Avenue"/>
    <tag k="name:es" v="Koshu Kaido"/>
    <tag k="name:ja" v="甲州街道"/>
    <tag k="name:ja-Hira" v="こうしゅうかいどう"/>
    <tag k="name:ja-Latn" v="Kōshū Kaidō"/>
    <tag k="name:ko" v="고슈 가이도"/>
    <tag k="name:zh" v="甲州街道"/>
    <tag k="nat_name" v="国道20号"/>
    <tag k="nat_name:en" v="National Highway Route 20"/>
    <tag k="oneway" v="yes"/>
    <tag k="ref" v="20"/>
    <tag k="source" v="Bing 2010"/>
    <tag k="surface" v="paved"/>
  </way>
  <way id="924378580">
    <nd ref="1501318554"/>
    <nd ref="2393558974"/>
    <tag k="highway" v="unclassified"/>
    <tag k="oneway" v="yes"/>
  </way>
  <way id="924760432">
    <nd ref="1504865431"/>
    <nd ref="8303217743"/>
    <nd ref="1681472987"/>
    <nd ref="2857742953"/>
    <nd ref="2857742954"/>
    <nd ref="755804496"/>
    <tag k="destination" v="新宿御苑"/>
    <tag k="highway" v="primary_link"/>
    <tag k="lanes" v="1"/>
    <tag k="name" v="芝新宿王子線(連絡路)"/>
    <tag k="oneway" v="yes"/>
    <tag k="ref" v="305"/>
    <tag k="source" v="Bing 2010"/>
    <tag k="surface" v="paved"/>
  </way>
  <way id="924844760">
    <nd ref="1582703004"/>
    <nd ref="1502259735"/>
    <tag k="access" v="yes"/>
    <tag k="highway" v="trunk"/>
    <tag k="lanes" v="4"/>
    <tag k="name" v="甲州街道"/>
    <tag k="name:en" v="Koshu-kaido Avenue"/>
    <tag k="name:es" v="Koshu Kaido"/>
    <tag k="name:ja" v="甲州街道"/>
    <tag k="name:ja-Hira" v="こうしゅうかいどう"/>
    <tag k="name:ja-Latn" v="Kōshū Kaidō"/>
    <tag k="name:ko" v="고슈 가이도"/>
    <tag k="name:zh" v="甲州街道"/>
    <tag k="nat_name" v="国道20号"/>
    <tag k="nat_name:en" v="National Highway Route 20"/>
    <tag k="oneway" v="yes"/>
    <tag k="ref" v="20"/>
    <tag k="source" v="Bing 2010"/>
    <tag k="surface" v="paved"/>
    <tag k="turn:lanes" v="left|through|through|right"/>
  </way>
  <way id="924844761">
    <nd ref="4238739077"/>
    <nd ref="4238739076"/>
    <tag k="destination" v="新宿駅東口"/>
    <tag k="highway" v="unclassified"/>
    <tag k="oneway" v="yes"/>
  </way>
  <way id="926090812">
    <nd ref="2091237287"/>
    <nd ref="12214093583"/>
    <nd ref="8594202123"/>
    <nd ref="10747482614"/>
    <nd ref="8594202124"/>
    <nd ref="8594202129"/>
    <nd ref="8594202126"/>
    <nd ref="8594202128"/>
    <tag k="highway" v="tertiary"/>
    <tag k="noname" v="yes"/>
    <tag k="oneway" v="yes"/>
    <tag k="surface" v="asphalt"/>
  </way>
  <way id="926090813">
    <nd ref="1626142085"/>
    <nd ref="1681472825"/>
    <nd ref="2857742917"/>
    <nd ref="2857742916"/>
    <nd ref="2857742915"/>
    <nd ref="2091237287"/>
    <tag k="highway" v="tertiary"/>
    <tag k="lanes" v="2"/>
    <tag k="noname" v="yes"/>
    <tag k="oneway" v="yes"/>
    <tag k="source" v="Bing 2010"/>
    <tag k="surface" v="paved"/>
  </way>
  <way id="926090814">
    <nd ref="2857742920"/>
    <nd ref="473173557"/>
    <tag k="highway" v="primary"/>
    <tag k="lanes" v="3"/>
    <tag k="maxspeed" v="50"/>
    <tag k="name" v="御苑通り"/>
    <tag k="name:en" v="Gyoen Street"/>
    <tag k="name:fr" v="Rue Gyoen"/>
    <tag k="name:ja" v="御苑通り"/>
    <tag k="name:ja-Hira" v="ぎょえんどおり"/>
    <tag k="name:ja-Latn" v="Gyoen-dōri"/>
    <tag k="oneway" v="yes"/>
    <tag k="ref" v="305"/>
    <tag k="source" v="Bing 2010"/>
    <tag k="surface" v="paved"/>
  </way>
  <way id="926090815">
    <nd ref="1626142085"/>
    <nd ref="8594202128"/>
    <tag k="highway" v="primary"/>
    <tag k="lanes" v="3"/>
    <tag k="maxspeed" v="50"/>
    <tag k="name" v="御苑通り"/>
    <tag k="name:en" v="Gyoen Street"/>
    <tag k="name:fr" v="Rue Gyoen"/>
    <tag k="name:ja" v="御苑通り"/>
    <tag k="name:ja-Hira" v="ぎょえんどおり"/>
    <tag k="name:ja-Latn" v="Gyoen-dōri"/>
    <tag k="oneway" v="yes"/>
    <tag k="ref" v="305"/>
    <tag k="source" v="Bing 2010"/>
    <tag k="surface" v="paved"/>
  </way>
  <way id="926090817">
    <nd ref="473173557"/>
    <nd ref="1626142085"/>
    <tag k="highway" v="primary_link"/>
    <tag k="lanes" v="2"/>
    <tag k="name" v="芝新宿王子線(連絡路)"/>
    <tag k="name:en" v="Shiba-Shinjuku-Ōji Line"/>
    <tag k="name:fr" v="Route Shiba-Shinjuku-Ōji"/>
    <tag k="name:ja-Hira" v="しば しんじゅく おうじせん"/>
    <tag k="name:ja-Latn" v="Shiba Shinjuku Ōji sen"/>
    <tag k="oneway" v="yes"/>
    <tag k="ref" v="305"/>
    <tag k="source" v="Bing 2010"/>
    <tag k="surface" v="paved"/>
  </way>
  <way id="926090818">
    <nd ref="2857742916"/>
    <nd ref="12214093584"/>
    <nd ref="8594202133"/>
    <nd ref="8594202134"/>
    <nd ref="8594202135"/>
    <nd ref="8594202124"/>
    <tag k="highway" v="tertiary_link"/>
    <tag k="oneway" v="yes"/>
    <tag k="surface" v="asphalt"/>
  </way>
  <way id="931974504">
    <nd ref="1503953156"/>
    <nd ref="6118971782"/>
    <tag k="highway" v="unclassified"/>
    <tag k="oneway" v="yes"/>
  </way>
  <way id="942571959">
    <nd ref="2394600068"/>
    <nd ref="735990794"/>
    <nd ref="1943752380"/>
    <tag k="highway" v="tertiary"/>
    <tag k="lanes" v="2"/>
    <tag k="lit" v="yes"/>
    <tag k="maxspeed" v="40"/>
    <tag k="name" v="新宿通り"/>
    <tag k="name:en" v="Shinjuku-dori Ave."/>
    <tag k="name:es" v="Calle Shinjuku"/>
    <tag k="name:etymology:wikidata" v="Q179645"/>
    <tag k="name:fr" v="Rue Shinjuku"/>
    <tag k="name:ja" v="新宿通り"/>
    <tag k="name:ja-Hira" v="しんじゅくどおり"/>
    <tag k="name:ja-Latn" v="Shinjuku-dōri"/>
    <tag k="name:ko" v="신쥬쿠로"/>
    <tag k="name:zh" v="新宿大街"/>
    <tag k="oneway" v="yes"/>
    <tag k="source" v="Bing 2010"/>
    <tag k="surface" v="paved"/>
    <tag k="was:ref" v="430"/>
    <tag k="wikidata" v="Q24886614"/>
  </way>
  <way id="942884353">
    <nd ref="2394599972"/>
    <nd ref="735990793"/>
    <tag k="highway" v="tertiary"/>
    <tag k="lanes" v="2"/>
    <tag k="maxspeed" v="30"/>
    <tag k="source" v="Bing 2010"/>
    <tag k="surface" v="paved"/>
  </way>
  <way id="952392256">
    <nd ref="2394607074"/>
    <nd ref="1582703045"/>
    <tag k="destination" v="新宿駅西口;中野坂上"/>
    <tag k="highway" v="secondary_link"/>
    <tag k="lanes" v="3"/>
    <tag k="oneway" v="yes"/>
    <tag k="source" v="bing"/>
    <tag k="surface" v="asphalt"/>
  </way>
  <way id="952392261">
    <nd ref="191504250"/>
    <nd ref="1189983829"/>
    <tag k="destination" v="壁の左側;歌舞伎町;市ケ谷;九段下"/>
    <tag k="foot" v="no"/>
    <tag k="highway" v="primary"/>
    <tag k="lanes" v="2"/>
    <tag k="maxspeed" v="60"/>
    <tag k="name" v="靖国通り"/>
    <tag k="name:en" v="Yasukuni Street"/>
    <tag k="name:es" v="Calle Yasukuni"/>
    <tag k="name:fr" v="Rue Yasukuni"/>
    <tag k="name:ja" v="靖国通り"/>
    <tag k="name:ja-Hira" v="やすくにどおり"/>
    <tag k="name:ja-Latn" v="Yasukuni-dōri"/>
    <tag k="name:ja_rm" v="Yasukuni Dōri"/>
    <tag k="name:ko" v="야스쿠니로"/>
    <tag k="name:zh" v="靖国大街"/>
    <tag k="oneway" v="yes"/>
    <tag k="ref" v="4;5;302"/>
    <tag k="source" v="survey, bing"/>
    <tag k="surface" v="asphalt"/>
    <tag k="wikidata" v="Q111948762"/>
  </way>
  <way id="952392263">
    <nd ref="1813859476"/>
    <nd ref="11361306959"/>
    <nd ref="11361306960"/>
    <nd ref="8252333529"/>
    <tag k="foot" v="no"/>
    <tag k="highway" v="primary"/>
    <tag k="maxspeed" v="60"/>
    <tag k="name" v="青梅街道"/>
    <tag k="name:en" v="Ome-Kaido Avenue"/>
    <tag k="name:es" v="Ome Kaido"/>
    <tag k="name:ja" v="青梅街道"/>
    <tag k="name:ja-Hira" v="おうめかいどう"/>
    <tag k="name:ko" v="오우메 가이도"/>
    <tag k="name:zh" v="青梅街道"/>
    <tag k="oneway" v="yes"/>
    <tag k="ref" v="4;5"/>
    <tag k="source" v="survey, bing"/>
    <tag k="surface" v="paved"/>
  </way>
  <way id="952548695">
    <nd ref="1189983829"/>
    <nd ref="735990801"/>
    <tag k="foot" v="no"/>
    <tag k="highway" v="primary"/>
    <tag k="lanes" v="2"/>
    <tag k="maxspeed" v="60"/>
    <tag k="name" v="靖国通り"/>
    <tag k="name:en" v="Yasukuni Street"/>
    <tag k="name:es" v="Calle Yasukuni"/>
    <tag k="name:fr" v="Rue Yasukuni"/>
    <tag k="name:ja" v="靖国通り"/>
    <tag k="name:ja-Hira" v="やすくにどおり"/>
    <tag k="name:ja-Latn" v="Yasukuni-dōri"/>
    <tag k="name:ja_rm" v="Yasukuni Dōri"/>
    <tag k="name:ko" v="야스쿠니로"/>
    <tag k="name:zh" v="靖国大街"/>
    <tag k="oneway" v="yes"/>
    <tag k="ref" v="4;5;302"/>
    <tag k="source" v="survey, bing"/>
    <tag k="surface" v="asphalt"/>
    <tag k="wikidata" v="Q111948762"/>
  </way>
  <way id="965405374">
    <nd ref="8930931015"/>
    <nd ref="295405274"/>
    <nd ref="1813863777"/>
    <nd ref="8930931014"/>
    <tag k="access" v="yes"/>
    <tag k="highway" v="trunk"/>
    <tag k="name" v="甲州街道(西新宿二丁目)"/>
    <tag k="name:en" v="Koshu-kaido Avenue"/>
    <tag k="name:es" v="Koshu Kaido"/>
    <tag k="name:ja" v="甲州街道"/>
    <tag k="name:ja-Hira" v="こうしゅうかいどう"/>
    <tag k="name:ja-Latn" v="Kōshū Kaidō"/>
    <tag k="name:ko" v="고슈 가이도"/>
    <tag k="name:zh" v="甲州街道"/>
    <tag k="nat_name" v="国道20号"/>
    <tag k="nat_name:en" v="National Highway Route 20"/>
    <tag k="oneway" v="yes"/>
    <tag k="ref" v="20"/>
    <tag k="source" v="Bing 2010"/>
    <tag k="surface" v="asphalt"/>
  </way>
  <way id="965405375">
    <nd ref="8930964517"/>
    <nd ref="8303217751"/>
    <nd ref="13819648489"/>
    <nd ref="1813863764"/>
    <tag k="access" v="yes"/>
    <tag k="highway" v="trunk"/>
    <tag k="name" v="甲州街道"/>
    <tag k="name:en" v="Koshu-kaido Avenue"/>
    <tag k="name:es" v="Koshu Kaido"/>
    <tag k="name:ja" v="甲州街道"/>
    <tag k="name:ja-Hira" v="こうしゅうかいどう"/>
    <tag k="name:ja-Latn" v="Kōshū Kaidō"/>
    <tag k="name:ko" v="고슈 가이도"/>
    <tag k="name:zh" v="甲州街道"/>
    <tag k="nat_name" v="国道20号"/>
    <tag k="nat_name:en" v="National Highway Route 20"/>
    <tag k="oneway" v="yes"/>
    <tag k="ref" v="20"/>
    <tag k="source" v="Bing 2010"/>
    <tag k="surface" v="asphalt"/>
  </way>
  <way id="965405376">
    <nd ref="8930931016"/>
    <nd ref="1813863775"/>
    <nd ref="8930964517"/>
    <tag k="access" v="yes"/>
    <tag k="highway" v="trunk"/>
    <tag k="name" v="甲州街道(西新宿二丁目)"/>
    <tag k="name:en" v="Koshu-kaido Avenue"/>
    <tag k="name:es" v="Koshu Kaido"/>
    <tag k="name:ja" v="甲州街道"/>
    <tag k="name:ja-Hira" v="こうしゅうかいどう"/>
    <tag k="name:ja-Latn" v="Kōshū Kaidō"/>
    <tag k="name:ko" v="고슈 가이도"/>
    <tag k="name:zh" v="甲州街道"/>
    <tag k="nat_name" v="国道20号"/>
    <tag k="nat_name:en" v="National Highway Route 20"/>
    <tag k="oneway" v="yes"/>
    <tag k="ref" v="20"/>
    <tag k="source" v="Bing 2010"/>
    <tag k="surface" v="asphalt"/>
  </way>
  <way id="965405378">
    <nd ref="1813863772"/>
    <nd ref="1813863764"/>
    <tag k="highway" v="secondary"/>
    <tag k="lanes" v="3"/>
    <tag k="maxspeed" v="50"/>
    <tag k="name" v="議事堂通り"/>
    <tag k="name:en" v="Gijido-dori Avenue"/>
    <tag k="name:es" v="Avenida Gijido-dori"/>
    <tag k="name:ja" v="議事堂通り"/>
    <tag k="oneway" v="yes"/>
    <tag k="ref" v="副10"/>
    <tag k="source" v="Bing 2012"/>
    <tag k="surface" v="asphalt"/>
  </way>
  <way id="965405379">
    <nd ref="1813863769"/>
    <nd ref="1813863772"/>
    <tag k="access" v="yes"/>
    <tag k="highway" v="trunk"/>
    <tag k="name" v="甲州街道(西新宿)"/>
    <tag k="name:en" v="Koshu-kaido Avenue"/>
    <tag k="name:es" v="Koshu Kaido"/>
    <tag k="name:ja" v="甲州街道"/>
    <tag k="name:ja-Hira" v="こうしゅうかいどう"/>
    <tag k="name:ja-Latn" v="Kōshū Kaidō"/>
    <tag k="name:ko" v="고슈 가이도"/>
    <tag k="name:zh" v="甲州街道"/>
    <tag k="nat_name" v="国道20号"/>
    <tag k="nat_name:en" v="National Highway Route 20"/>
    <tag k="oneway" v="yes"/>
    <tag k="ref" v="20"/>
    <tag k="source" v="Bing 2010"/>
    <tag k="surface" v="asphalt"/>
  </way>
  <way id="965405380">
    <nd ref="1813863764"/>
    <nd ref="5498655298"/>
    <tag k="access" v="yes"/>
    <tag k="highway" v="trunk"/>
    <tag k="name" v="甲州街道(西新宿)"/>
    <tag k="name:en" v="Koshu-kaido Avenue"/>
    <tag k="name:es" v="Koshu Kaido"/>
    <tag k="name:ja" v="甲州街道"/>
    <tag k="name:ja-Hira" v="こうしゅうかいどう"/>
    <tag k="name:ja-Latn" v="Kōshū Kaidō"/>
    <tag k="name:ko" v="고슈 가이도"/>
    <tag k="name:zh" v="甲州街道"/>
    <tag k="nat_name" v="国道20号"/>
    <tag k="nat_name:en" v="National Highway Route 20"/>
    <tag k="oneway" v="yes"/>
    <tag k="ref" v="20"/>
    <tag k="source" v="Bing 2010"/>
    <tag k="surface" v="asphalt"/>
  </way>
  <way id="965405382">
    <nd ref="1813858050"/>
    <nd ref="1813863769"/>
    <tag k="access" v="yes"/>
    <tag k="highway" v="trunk"/>
    <tag k="name" v="甲州街道(西新宿)"/>
    <tag k="name:en" v="Koshu-kaido Avenue"/>
    <tag k="name:es" v="Koshu Kaido"/>
    <tag k="name:ja" v="甲州街道"/>
    <tag k="name:ja-Hira" v="こうしゅうかいどう"/>
    <tag k="name:ja-Latn" v="Kōshū Kaidō"/>
    <tag k="name:ko" v="고슈 가이도"/>
    <tag k="name:zh" v="甲州街道"/>
    <tag k="nat_name" v="国道20号"/>
    <tag k="nat_name:en" v="National Highway Route 20"/>
    <tag k="oneway" v="yes"/>
    <tag k="ref" v="20"/>
    <tag k="source" v="Bing 2010"/>
    <tag k="surface" v="asphalt"/>
  </way>
  <way id="965405384">
    <nd ref="1813863769"/>
    <nd ref="5498655294"/>
    <tag k="highway" v="secondary"/>
    <tag k="lanes" v="2"/>
    <tag k="maxspeed" v="50"/>
    <tag k="name" v="議事堂通り"/>
    <tag k="name:en" v="Gijido-dori Avenue"/>
    <tag k="name:es" v="Avenida Gijido-dori"/>
    <tag k="name:ja" v="議事堂通り"/>
    <tag k="oneway" v="yes"/>
    <tag k="ref" v="副10"/>
    <tag k="source" v="Bing 2012"/>
    <tag k="surface" v="asphalt"/>
  </way>
  <way id="965405386">
    <nd ref="5498655295"/>
    <nd ref="1813863772"/>
    <tag k="highway" v="secondary"/>
    <tag k="lanes" v="3"/>
    <tag k="maxspeed" v="50"/>
    <tag k="name" v="議事堂通り"/>
    <tag k="name:en" v="Gijido-dori Avenue"/>
    <tag k="name:es" v="Avenida Gijido-dori"/>
    <tag k="name:ja" v="議事堂通り"/>
    <tag k="oneway" v="yes"/>
    <tag k="ref" v="副10"/>
    <tag k="source" v="Bing 2012"/>
    <tag k="surface" v="asphalt"/>
  </way>
  <way id="965406121">
    <nd ref="8930930224"/>
    <nd ref="3122009279"/>
    <tag k="highway" v="secondary_link"/>
    <tag k="name" v="中央通り(転回路)"/>
    <tag k="oneway" v="yes"/>
  </way>
  <way id="1033446433">
    <nd ref="5500076587"/>
    <nd ref="295416806"/>
    <tag k="highway" v="secondary"/>
    <tag k="lanes" v="2"/>
    <tag k="name" v="北通り"/>
    <tag k="name:en" v="Kita-dori Ave."/>
    <tag k="name:es" v="Avenida Kita-dori"/>
    <tag k="name:ja" v="北通り"/>
    <tag k="oneway" v="yes"/>
    <tag k="ref" v="副5"/>
    <tag k="source" v="Bing 2012"/>
    <tag k="surface" v="paved"/>
  </way>
  <way id="1033446435">
    <nd ref="295416806"/>
    <nd ref="5500076588"/>
    <tag k="highway" v="secondary"/>
    <tag k="lanes" v="2"/>
    <tag k="name" v="北通り"/>
    <tag k="name:en" v="Kita-dori Ave."/>
    <tag k="name:es" v="Avenida Kita-dori"/>
    <tag k="name:ja" v="北通り"/>
    <tag k="oneway" v="yes"/>
    <tag k="ref" v="副5"/>
    <tag k="source" v="Bing 2012"/>
    <tag k="surface" v="paved"/>
  </way>
  <way id="1033446437">
    <nd ref="8244653618"/>
    <nd ref="5500076585"/>
    <nd ref="295416806"/>
    <tag k="foot" v="no"/>
    <tag k="highway" v="secondary"/>
    <tag k="lanes" v="2"/>
    <tag k="maxspeed" v="40"/>
    <tag k="name" v="東京都道新宿副都心八号線"/>
    <tag k="ref" v="副8"/>
    <tag k="source" v="survey, bing"/>
    <tag k="surface" v="paved"/>
  </way>
  <way id="1033446438">
    <nd ref="1582773145"/>
    <nd ref="8244653619"/>
    <tag k="highway" v="secondary"/>
    <tag k="lanes" v="2"/>
    <tag k="maxspeed" v="40"/>
    <tag k="name" v="東京都道新宿副都心八号線"/>
    <tag k="ref" v="副8"/>
    <tag k="source" v="survey, bing"/>
    <tag k="surface" v="paved"/>
  </way>
  <way id="1033446440">
    <nd ref="8244653617"/>
    <nd ref="5500076587"/>
    <tag k="highway" v="secondary"/>
    <tag k="lanes" v="2"/>
    <tag k="name" v="北通り"/>
    <tag k="name:en" v="Kita-dori Ave."/>
    <tag k="name:es" v="Avenida Kita-dori"/>
    <tag k="name:ja" v="北通り"/>
    <tag k="oneway" v="yes"/>
    <tag k="ref" v="副5"/>
    <tag k="source" v="Bing 2012"/>
    <tag k="surface" v="paved"/>
  </way>
  <way id="1069102646">
    <nd ref="281518278"/>
    <nd ref="6283037061"/>
    <nd ref="475769229"/>
    <nd ref="281518529"/>
    <nd ref="1582702958"/>
    <nd ref="6511915853"/>
    <nd ref="1582702969"/>
    <nd ref="2504465865"/>
    <nd ref="6283037069"/>
    <nd ref="304610052"/>
    <nd ref="304610053"/>
    <nd ref="11253630152"/>
    <nd ref="9813467132"/>
    <nd ref="11253630154"/>
    <nd ref="11253630153"/>
    <nd ref="9813467131"/>
    <tag k="highway" v="secondary"/>
    <tag k="lanes" v="2"/>
    <tag k="lit" v="yes"/>
    <tag k="name" v="四谷角筈線"/>
    <tag k="ref" v="414"/>
    <tag k="source" v="Bing"/>
    <tag k="surface" v="asphalt"/>
  </way>
  <way id="1069102647">
    <nd ref="9813467131"/>
    <nd ref="2466136280"/>
    <nd ref="2466136286"/>
    <nd ref="2466136230"/>
    <nd ref="304609775"/>
    <nd ref="9813467133"/>
    <tag k="highway" v="secondary"/>
    <tag k="lanes" v="2"/>
    <tag k="name" v="四谷角筈線;新宿1号踏切"/>
    <tag k="ref" v="414"/>
    <tag k="source" v="Bing"/>
    <tag k="surface" v="asphalt"/>
  </way>
  <way id="1069102651">
    <nd ref="9813467136"/>
    <nd ref="1676749754"/>
    <nd ref="11255399708"/>
    <nd ref="380542636"/>
    <nd ref="11255399697"/>
    <nd ref="1676749755"/>
    <nd ref="11255399696"/>
    <nd ref="380542637"/>
    <nd ref="11255399700"/>
    <nd ref="475770654"/>
    <tag k="highway" v="unclassified"/>
    <tag k="name" v="うまや道"/>
    <tag k="name:en" v="Umaya Road"/>
    <tag k="name:es" v="Carretera Umaya"/>
    <tag k="oneway" v="yes"/>
    <tag k="source" v="Bing 2010"/>
    <tag k="surface" v="paved"/>
  </way>
  <way id="1080739052">
    <nd ref="9905815562"/>
    <nd ref="9905815563"/>
    <nd ref="9905815564"/>
    <nd ref="9905815565"/>
    <nd ref="9905815566"/>
    <nd ref="9905815567"/>
    <nd ref="9905815568"/>
    <nd ref="9905815569"/>
    <tag k="highway" v="primary_link"/>
    <tag k="oneway" v="yes"/>
  </way>
  <way id="1080739053">
    <nd ref="9905815570"/>
    <nd ref="9905815571"/>
    <nd ref="9905815572"/>
    <nd ref="9905815573"/>
    <nd ref="9905815574"/>
    <nd ref="9905815575"/>
    <nd ref="1666084399"/>
    <tag k="highway" v="primary_link"/>
    <tag k="oneway" v="yes"/>
  </way>
  <way id="1086412053">
    <nd ref="2394599998"/>
    <nd ref="11286893517"/>
    <nd ref="472383135"/>
    <tag k="access:conditional" v="no @ (Apr-Sep: Su, PH 12:00-18:00; Oct-Mar: Su, PH 12:00-17:00)"/>
    <tag k="foot" v="yes"/>
    <tag k="highway" v="unclassified"/>
    <tag k="oneway" v="yes"/>
    <tag k="source" v="GSImaps/ort"/>
    <tag k="surface" v="paved"/>
  </way>
  <way id="1100735523">
    <nd ref="1813863741"/>
    <nd ref="2390973850"/>
    <tag k="highway" v="residential"/>
    <tag k="maxspeed" v="30"/>
    <tag k="oneway" v="yes"/>
    <tag k="source" v="Bing 2010"/>
    <tag k="surface" v="asphalt"/>
  </way>
  <way id="1100735525">
    <nd ref="2390973850"/>
    <nd ref="10074080370"/>
    <nd ref="10074080371"/>
    <nd ref="10074080374"/>
    <nd ref="10074080375"/>
    <nd ref="10074080372"/>
    <nd ref="10074080373"/>
    <nd ref="2394607080"/>
    <tag k="highway" v="residential"/>
    <tag k="oneway" v="yes"/>
    <tag k="surface" v="paved"/>
  </way>
  <way id="1100735526">
    <nd ref="295416420"/>
    <nd ref="295416458"/>
    <tag k="highway" v="secondary"/>
    <tag k="lanes" v="2"/>
    <tag k="name" v="北通り"/>
    <tag k="name:en" v="Kita-dori Ave."/>
    <tag k="name:es" v="Avenida Kita-dori"/>
    <tag k="name:ja" v="北通り"/>
    <tag k="oneway" v="yes"/>
    <tag k="ref" v="副5"/>
    <tag k="source" v="Bing 2012"/>
    <tag k="surface" v="paved"/>
  </way>
  <way id="1100735527">
    <nd ref="1110269699"/>
    <nd ref="10074080379"/>
    <nd ref="2394607050"/>
    <nd ref="1813863740"/>
    <tag k="highway" v="secondary"/>
    <tag k="lanes" v="3"/>
    <tag k="maxspeed" v="50"/>
    <tag k="name" v="東通り"/>
    <tag k="name:en" v="Higashi-dori Ave."/>
    <tag k="name:es" v="Avenida Higashi-dori"/>
    <tag k="name:ja" v="東通り"/>
    <tag k="oneway" v="yes"/>
    <tag k="ref" v="副9"/>
    <tag k="source" v="Bing 2012"/>
    <tag k="surface" v="paved"/>
    <tag k="turn:lanes" v="left;through|right|right"/>
  </way>
  <way id="1100735528">
    <nd ref="10074080369"/>
    <nd ref="1110269699"/>
    <tag k="highway" v="unclassified"/>
    <tag k="source" v="Bing 2010"/>
    <tag k="surface" v="paved"/>
  </way>
  <way id="1100735529">
    <nd ref="295416420"/>
    <nd ref="2503429985"/>
    <nd ref="1110269699"/>
    <tag k="highway" v="secondary"/>
    <tag k="lanes" v="3"/>
    <tag k="maxspeed" v="50"/>
    <tag k="name" v="東通り"/>
    <tag k="name:en" v="Higashi-dori Ave."/>
    <tag k="name:es" v="Avenida Higashi-dori"/>
    <tag k="name:ja" v="東通り"/>
    <tag k="oneway" v="yes"/>
    <tag k="ref" v="副9"/>
    <tag k="source" v="Bing 2012"/>
    <tag k="surface" v="paved"/>
  </way>
  <way id="1101743202">
    <nd ref="475769614"/>
    <nd ref="281491576"/>
    <nd ref="978985174"/>
    <nd ref="8643220091"/>
    <nd ref="10647801743"/>
    <nd ref="6491150353"/>
    <nd ref="6491150352"/>
    <nd ref="10081988341"/>
    <nd ref="281491577"/>
    <tag k="highway" v="tertiary"/>
    <tag k="maxspeed" v="50"/>
    <tag k="name" v="代々木淀橋線"/>
    <tag k="ref" v="860"/>
    <tag k="surface" v="asphalt"/>
  </way>
  <way id="1119117304">
    <nd ref="295403211"/>
    <nd ref="1504865298"/>
    <nd ref="6237216894"/>
    <nd ref="10273792625"/>
    <nd ref="473173568"/>
    <nd ref="473173571"/>
    <nd ref="10235156196"/>
    <nd ref="7682112397"/>
    <tag k="highway" v="residential"/>
    <tag k="source" v="Bing 2010"/>
    <tag k="surface" v="paved"/>
  </way>
  <way id="1119117305">
    <nd ref="8594202128"/>
    <nd ref="2857742920"/>
    <tag k="highway" v="primary_link"/>
    <tag k="name" v="芝新宿王子線(連絡路)"/>
    <tag k="name:en" v="Shiba-Shinjuku-Ōji Line"/>
    <tag k="name:fr" v="Route Shiba-Shinjuku-Ōji"/>
    <tag k="name:ja-Hira" v="しば しんじゅく おうじせん"/>
    <tag k="name:ja-Latn" v="Shiba Shinjuku Ōji sen"/>
    <tag k="oneway" v="yes"/>
  </way>
  <way id="1119117311">
    <nd ref="7682112321"/>
    <nd ref="7682112320"/>
    <nd ref="10250918543"/>
    <nd ref="7682112319"/>
    <nd ref="10250918544"/>
    <nd ref="7682112318"/>
    <tag k="bicycle" v="no"/>
    <tag k="foot" v="no"/>
    <tag k="highway" v="primary"/>
    <tag k="lanes" v="2"/>
    <tag k="lit" v="yes"/>
    <tag k="maxspeed" v="50"/>
    <tag k="motor_vehicle" v="yes"/>
    <tag k="oneway" v="yes"/>
    <tag k="ref" v="305"/>
    <tag k="start_date" v="2022-12-03"/>
  </way>
  <way id="1119117312">
    <nd ref="10235185033"/>
    <nd ref="10250918547"/>
    <nd ref="9247948384"/>
    <nd ref="2857742920"/>
    <tag k="bicycle" v="no"/>
    <tag k="foot" v="no"/>
    <tag k="highway" v="primary"/>
    <tag k="maxspeed" v="50"/>
    <tag k="motor_vehicle" v="yes"/>
    <tag k="name" v="芝新宿王子線"/>
    <tag k="name:en" v="Shiba-Shinjuku-Ōji Line"/>
    <tag k="name:fr" v="Route Shiba-Shinjuku-Ōji"/>
    <tag k="name:ja-Hira" v="しば しんじゅく おうじせん"/>
    <tag k="name:ja-Latn" v="Shiba Shinjuku Ōji sen"/>
    <tag k="oneway" v="yes"/>
    <tag k="ref" v="305"/>
    <tag k="start_date" v="2022-12-03"/>
    <tag k="surface" v="paved"/>
    <tag k="wikidata" v="Q11102996"/>
  </way>
  <way id="1120796133">
    <nd ref="1093685732"/>
    <nd ref="2393573027"/>
    <nd ref="1093685711"/>
    <tag k="cycleway:left" v="shared_lane"/>
    <tag k="cycleway:left:lane" v="pictogram"/>
    <tag k="highway" v="primary"/>
    <tag k="int_name" v="Meiji-dori"/>
    <tag k="lane_markings" v="yes"/>
    <tag k="lanes" v="2"/>
    <tag k="lit" v="yes"/>
    <tag k="maxspeed" v="50"/>
    <tag k="name" v="明治通り"/>
    <tag k="name:en" v="Meiji Street"/>
    <tag k="name:es" v="Calle Meiji"/>
    <tag k="name:fr" v="Rue Meiji"/>
    <tag k="name:ja" v="明治通り"/>
    <tag k="name:ja-Hira" v="めいじどおり"/>
    <tag k="name:ja-Latn" v="Meiji-dōri"/>
    <tag k="name:ko" v="메이지로"/>
    <tag k="name:zh" v="明治大街"/>
    <tag k="oneway" v="yes"/>
    <tag k="ref" v="305"/>
    <tag k="sidewalk" v="both"/>
    <tag k="source" v="Bing,2007-04"/>
    <tag k="surface" v="asphalt"/>
    <tag k="wikidata" v="Q8011176"/>
  </way>
  <way id="1120796134">
    <nd ref="1805702535"/>
    <nd ref="2263979140"/>
    <nd ref="158030430"/>
    <nd ref="3387102826"/>
    <nd ref="10251046684"/>
    <nd ref="10273792627"/>
    <nd ref="10273580594"/>
    <nd ref="472382938"/>
    <tag k="cycleway:left" v="shared_lane"/>
    <tag k="cycleway:left:lane" v="pictogram"/>
    <tag k="highway" v="primary"/>
    <tag k="int_name" v="Meiji-dori"/>
    <tag k="lane_markings" v="yes"/>
    <tag k="lanes" v="2"/>
    <tag k="lit" v="yes"/>
    <tag k="maxspeed" v="50"/>
    <tag k="name" v="明治通り"/>
    <tag k="name:en" v="Meiji Street"/>
    <tag k="name:es" v="Calle Meiji"/>
    <tag k="name:fr" v="Rue Meiji"/>
    <tag k="name:ja" v="明治通り"/>
    <tag k="name:ja-Hira" v="めいじどおり"/>
    <tag k="name:ja-Latn" v="Meiji-dōri"/>
    <tag k="name:ko" v="메이지로"/>
    <tag k="name:zh" v="明治大街"/>
    <tag k="oneway" v="yes"/>
    <tag k="ref" v="305"/>
    <tag k="source" v="Bing,2007-04"/>
    <tag k="surface" v="asphalt"/>
    <tag k="wikidata" v="Q8011176"/>
  </way>
  <way id="1120797513">
    <nd ref="1093685711"/>
    <nd ref="472447028"/>
    <nd ref="366932918"/>
    <nd ref="10251046685"/>
    <tag k="cycleway:left" v="shared_lane"/>
    <tag k="cycleway:left:lane" v="pictogram"/>
    <tag k="highway" v="primary"/>
    <tag k="int_name" v="Meiji-dori"/>
    <tag k="lane_markings" v="yes"/>
    <tag k="lanes" v="5"/>
    <tag k="lit" v="yes"/>
    <tag k="maxspeed" v="50"/>
    <tag k="name" v="明治通り"/>
    <tag k="name:en" v="Meiji Street"/>
    <tag k="name:es" v="Calle Meiji"/>
    <tag k="name:fr" v="Rue Meiji"/>
    <tag k="name:ja" v="明治通り"/>
    <tag k="name:ja-Hira" v="めいじどおり"/>
    <tag k="name:ja-Latn" v="Meiji-dōri"/>
    <tag k="name:ko" v="메이지로"/>
    <tag k="name:zh" v="明治大街"/>
    <tag k="oneway" v="yes"/>
    <tag k="ref" v="305"/>
    <tag k="sidewalk" v="both"/>
    <tag k="source" v="Bing,2007-04"/>
    <tag k="surface" v="asphalt"/>
    <tag k="wikidata" v="Q8011176"/>
  </way>
  <way id="1120799929">
    <nd ref="7682112411"/>
    <nd ref="10251072997"/>
    <nd ref="10251072994"/>
    <nd ref="1504865109"/>
    <nd ref="1318940944"/>
    <nd ref="2393558972"/>
    <nd ref="1504865089"/>
    <tag k="alt_name" v="明治大街"/>
    <tag k="highway" v="primary"/>
    <tag k="int_name" v="Meiji-dori"/>
    <tag k="lit" v="yes"/>
    <tag k="maxspeed" v="50"/>
    <tag k="name" v="明治通り"/>
    <tag k="name:en" v="Meiji-dori Avenue"/>
    <tag k="name:es" v="Calle Meiji"/>
    <tag k="name:fr" v="Rue Meiji"/>
    <tag k="name:ja" v="明治通り"/>
    <tag k="name:ja-Hira" v="めいじどおり"/>
    <tag k="name:ja-Latn" v="Meiji-dōri"/>
    <tag k="name:ko" v="메이지로"/>
    <tag k="name:zh" v="明治通"/>
    <tag k="oneway" v="yes"/>
    <tag k="ref" v="305"/>
    <tag k="source" v="Bing,2007-04"/>
    <tag k="surface" v="paved"/>
    <tag k="wikidata" v="Q8011176"/>
  </way>
  <way id="1123377388">
    <nd ref="1093685776"/>
    <nd ref="2393558983"/>
    <nd ref="472382855"/>
    <tag k="highway" v="residential"/>
    <tag k="source" v="Bing 2010"/>
    <tag k="surface" v="asphalt"/>
  </way>
  <way id="1123377391">
    <nd ref="1502259390"/>
    <nd ref="10273655690"/>
    <nd ref="10273655691"/>
    <nd ref="10273655692"/>
    <nd ref="10273655694"/>
    <nd ref="10273655693"/>
    <tag k="highway" v="unclassified"/>
    <tag k="oneway" v="yes"/>
    <tag k="source" v="Bing 2010"/>
    <tag k="surface" v="paved"/>
  </way>
  <way id="1123377392">
    <nd ref="1580294934"/>
    <nd ref="5459062531"/>
    <nd ref="1502259410"/>
    <nd ref="1502259390"/>
    <tag k="highway" v="unclassified"/>
    <tag k="oneway" v="yes"/>
    <tag k="source" v="Bing 2010"/>
    <tag k="surface" v="paved"/>
  </way>
  <way id="1123389419">
    <nd ref="472382926"/>
    <nd ref="4716622879"/>
    <nd ref="2705533191"/>
    <nd ref="13091841091"/>
    <nd ref="13091841092"/>
    <nd ref="472382928"/>
    <tag k="highway" v="residential"/>
    <tag k="layer" v="1"/>
    <tag k="oneway" v="yes"/>
    <tag k="source" v="Bing 2010"/>
    <tag k="surface" v="paved"/>
  </way>
  <way id="1123389421">
    <nd ref="472382926"/>
    <nd ref="2521787420"/>
    <nd ref="2606035808"/>
    <nd ref="2606035807"/>
    <nd ref="7966480228"/>
    <nd ref="2606035805"/>
    <nd ref="10273792632"/>
    <nd ref="2521787421"/>
    <nd ref="4716623502"/>
    <nd ref="2606035801"/>
    <nd ref="4716623501"/>
    <nd ref="4716623477"/>
    <nd ref="2521787423"/>
    <tag k="highway" v="tertiary"/>
    <tag k="source" v="Bing 2010"/>
    <tag k="surface" v="paved"/>
  </way>
  <way id="1135066946">
    <nd ref="305444277"/>
    <nd ref="12244576903"/>
    <nd ref="10580964720"/>
    <nd ref="10580964721"/>
    <nd ref="10580964722"/>
    <nd ref="10580964723"/>
    <nd ref="10580964724"/>
    <nd ref="10580964725"/>
    <nd ref="10580964734"/>
    <nd ref="10580964726"/>
    <nd ref="10580964727"/>
    <nd ref="10580964728"/>
    <nd ref="10580964729"/>
    <nd ref="10580964730"/>
    <nd ref="10580964731"/>
    <nd ref="255996127"/>
    <tag k="access" v="private"/>
    <tag k="highway" v="residential"/>
  </way>
  <way id="1135066947">
    <nd ref="10580964727"/>
    <nd ref="10580964732"/>
    <nd ref="10580964733"/>
    <nd ref="10580964734"/>
    <tag k="access" v="private"/>
    <tag k="highway" v="residential"/>
  </way>
  <way id="1136432765">
    <nd ref="6810272388"/>
    <nd ref="1676749746"/>
    <nd ref="1676749748"/>
    <nd ref="380542634"/>
    <nd ref="1676749749"/>
    <tag k="highway" v="unclassified"/>
    <tag k="name" v="うまや道;厩道踏切"/>
    <tag k="name:en" v="Umaya Road"/>
    <tag k="name:es" v="Carretera Umaya"/>
    <tag k="oneway" v="yes"/>
    <tag k="source" v="Bing 2010"/>
    <tag k="surface" v="paved"/>
  </way>
  <way id="1137760561">
    <nd ref="9791542156"/>
    <nd ref="472447231"/>
    <nd ref="472447002"/>
    <nd ref="7947664925"/>
    <nd ref="472447011"/>
    <nd ref="2621323831"/>
    <nd ref="472447004"/>
    <nd ref="2621323830"/>
    <nd ref="472447238"/>
    <nd ref="475368881"/>
    <nd ref="11080892472"/>
    <nd ref="2621323829"/>
    <nd ref="472447006"/>
    <nd ref="10605417926"/>
    <nd ref="1664033686"/>
    <nd ref="2401040315"/>
    <nd ref="1664033641"/>
    <tag k="highway" v="tertiary"/>
    <tag k="lit" v="yes"/>
    <tag k="maxspeed" v="30"/>
    <tag k="name" v="東京医大通り"/>
    <tag k="name:en" v="Tokyo-idai-dori"/>
    <tag k="name:es" v="Calle Tokyo-idai"/>
    <tag k="name:ja" v="東京医大通り"/>
    <tag k="name:ja-Hira" v="とうきょういだいどおり"/>
    <tag k="name:ja_rm" v="Tōkyō idai dōri"/>
  </way>
  <way id="1137760562">
    <nd ref="9791542150"/>
    <nd ref="2649071766"/>
    <tag k="highway" v="primary"/>
    <tag k="lit" v="yes"/>
    <tag k="maxspeed" v="40"/>
    <tag k="name" v="環状4号線"/>
    <tag k="ref" v="302"/>
    <tag k="source" v="Bing 2010"/>
    <tag k="surface" v="paved"/>
  </way>
  <way id="1137760563">
    <nd ref="2649071766"/>
    <nd ref="9791542156"/>
    <tag k="highway" v="primary"/>
    <tag k="lit" v="yes"/>
    <tag k="maxspeed" v="40"/>
    <tag k="name" v="環状4号線"/>
    <tag k="ref" v="302"/>
  </way>
  <way id="1149568139">
    <nd ref="472360408"/>
    <nd ref="1626860583"/>
    <tag k="highway" v="residential"/>
    <tag k="lanes" v="1"/>
  </way>
  <way id="1157968453">
    <nd ref="735990780"/>
    <nd ref="2394600070"/>
    <nd ref="10605620527"/>
    <nd ref="735990734"/>
    <nd ref="10605620529"/>
    <nd ref="2393558953"/>
    <nd ref="1626142101"/>
    <tag k="highway" v="tertiary"/>
    <tag k="lanes" v="4"/>
    <tag k="lit" v="yes"/>
    <tag k="maxspeed" v="40"/>
    <tag k="name" v="新宿通り"/>
    <tag k="name:en" v="Shinjuku-dori Ave."/>
    <tag k="name:es" v="Calle Shinjuku"/>
    <tag k="name:etymology:wikidata" v="Q179645"/>
    <tag k="name:fr" v="Rue Shinjuku"/>
    <tag k="name:ja" v="新宿通り"/>
    <tag k="name:ja-Hira" v="しんじゅくどおり"/>
    <tag k="name:ja-Latn" v="Shinjuku-dōri"/>
    <tag k="name:ko" v="신쥬쿠로"/>
    <tag k="name:zh" v="新宿大街"/>
    <tag k="source" v="Bing 2010"/>
    <tag k="surface" v="paved"/>
    <tag k="was:ref" v="430"/>
    <tag k="wikidata" v="Q24886614"/>
  </way>
  <way id="1184938636">
    <nd ref="4716623695"/>
    <nd ref="472382787"/>
    <tag k="highway" v="unclassified"/>
    <tag k="name" v="西武新宿駅前通り"/>
    <tag k="name:en" v="Seibu Shinjuku Station Street"/>
    <tag k="name:fr" v="Rue Seibu Gare de Shinjuku"/>
    <tag k="name:ja-Latn" v="Seibu Shinjuku ekimae dōri"/>
    <tag k="name:ko" v="세이부 역전로"/>
    <tag k="name:zh" v="西武站前大街"/>
    <tag k="oneway:hgv" v="yes"/>
    <tag k="source" v="Bing 2010, survey"/>
    <tag k="surface" v="paved"/>
  </way>
  <way id="1190006014">
    <nd ref="11049605209"/>
    <nd ref="472382828"/>
    <nd ref="4717672458"/>
    <nd ref="472382788"/>
    <nd ref="472382835"/>
    <tag k="highway" v="unclassified"/>
    <tag k="name" v="花道通り"/>
    <tag k="name:en" v="Hanamichi Street"/>
    <tag k="name:fr" v="Rue Hanamichi"/>
    <tag k="name:ja-Hira" v="はなみちどおり"/>
    <tag k="name:ja-Latn" v="Hanamichi-dōri"/>
    <tag k="name:ko" v="하나미치로"/>
    <tag k="name:zh" v="花道大街"/>
  </way>
  <way id="1190006015">
    <nd ref="472382882"/>
    <nd ref="11049605209"/>
    <tag k="highway" v="unclassified"/>
    <tag k="name" v="花道通り"/>
    <tag k="name:en" v="Hanamichi Street"/>
    <tag k="name:fr" v="Rue Hanamichi"/>
    <tag k="name:ja-Hira" v="はなみちどおり"/>
    <tag k="name:ja-Latn" v="Hanamichi-dōri"/>
    <tag k="name:ko" v="하나미치로"/>
    <tag k="name:zh" v="花道大街"/>
  </way>
  <way id="1190067593">
    <nd ref="472359976"/>
    <nd ref="2237586095"/>
    <nd ref="3193649614"/>
    <nd ref="472359977"/>
    <tag k="highway" v="residential"/>
    <tag k="name" v="国際通り"/>
    <tag k="name:en" v="Kokusai-dori Street"/>
    <tag k="name:es" v="Calle Kokusai-dori"/>
  </way>
  <way id="1190067594">
    <nd ref="472359968"/>
    <nd ref="6240814965"/>
    <nd ref="472382655"/>
    <nd ref="5500147132"/>
    <nd ref="295416369"/>
    <tag k="highway" v="living_street"/>
    <tag k="lit" v="yes"/>
    <tag k="name" v="プラザ通り"/>
    <tag k="name:en" v="Plaza Street"/>
    <tag k="oneway" v="yes"/>
    <tag k="surface" v="asphalt"/>
  </way>
  <way id="1191359484">
    <nd ref="1664033666"/>
    <nd ref="4717670582"/>
    <nd ref="7947665033"/>
    <nd ref="7947665032"/>
    <nd ref="1664033708"/>
    <nd ref="12644572799"/>
    <nd ref="7947665036"/>
    <nd ref="1664033700"/>
    <nd ref="10605417927"/>
    <nd ref="2401040278"/>
    <nd ref="1664033641"/>
    <nd ref="12644572797"/>
    <nd ref="1664033639"/>
    <nd ref="12644572795"/>
    <nd ref="1664033648"/>
    <nd ref="1664033671"/>
    <nd ref="1665929674"/>
    <nd ref="10605469631"/>
    <nd ref="1665929680"/>
    <nd ref="2401040320"/>
    <nd ref="3079253617"/>
    <nd ref="10605469623"/>
    <nd ref="2401040289"/>
    <nd ref="475368541"/>
    <tag k="foot" v="no"/>
    <tag k="highway" v="primary"/>
    <tag k="lanes" v="4"/>
    <tag k="lit" v="yes"/>
    <tag k="maxspeed" v="60"/>
    <tag k="name" v="靖国通り"/>
    <tag k="name:en" v="Yasukuni Street"/>
    <tag k="name:es" v="Calle Yasukuni"/>
    <tag k="name:fr" v="Rue Yasukuni"/>
    <tag k="name:ja" v="靖国通り"/>
    <tag k="name:ja-Hira" v="やすくにどおり"/>
    <tag k="name:ja-Latn" v="Yasukuni-dōri"/>
    <tag k="name:ja_rm" v="Yasukuni Dōri"/>
    <tag k="oneway" v="yes"/>
    <tag k="ref" v="302"/>
    <tag k="source" v="survey, bing"/>
    <tag k="surface" v="paved"/>
    <tag k="wikidata" v="Q111948762"/>
  </way>
  <way id="1191359485">
    <nd ref="472447039"/>
    <nd ref="2401050126"/>
    <nd ref="1664033681"/>
    <nd ref="10605487405"/>
    <nd ref="2401040302"/>
    <nd ref="472447036"/>
    <nd ref="2401040286"/>
    <nd ref="10605447497"/>
    <nd ref="472447020"/>
    <nd ref="2401050144"/>
    <nd ref="472447143"/>
    <nd ref="472447026"/>
    <nd ref="10605479603"/>
    <nd ref="2393558991"/>
    <nd ref="1805702536"/>
    <nd ref="1805702537"/>
    <tag k="foot" v="no"/>
    <tag k="highway" v="primary"/>
    <tag k="lanes" v="4"/>
    <tag k="lit" v="yes"/>
    <tag k="maxspeed" v="60"/>
    <tag k="name" v="靖国通り"/>
    <tag k="name:en" v="Yasukuni Street"/>
    <tag k="name:es" v="Calle Yasukuni"/>
    <tag k="name:fr" v="Rue Yasukuni"/>
    <tag k="name:ja" v="靖国通り"/>
    <tag k="name:ja-Hira" v="やすくにどおり"/>
    <tag k="name:ja-Latn" v="Yasukuni-dōri"/>
    <tag k="name:ja_rm" v="Yasukuni Dōri"/>
    <tag k="name:ko" v="야스쿠니로"/>
    <tag k="name:zh" v="靖国大街"/>
    <tag k="oneway" v="yes"/>
    <tag k="ref" v="302;430"/>
    <tag k="source" v="survey, bing"/>
    <tag k="surface" v="paved"/>
    <tag k="wikidata" v="Q111948762"/>
  </way>
  <way id="1191359486">
    <nd ref="1664033663"/>
    <nd ref="1664033643"/>
    <nd ref="4717672353"/>
    <nd ref="11061280299"/>
    <tag k="foot" v="no"/>
    <tag k="highway" v="primary"/>
    <tag k="lanes" v="4"/>
    <tag k="lit" v="yes"/>
    <tag k="maxspeed" v="60"/>
    <tag k="name" v="靖国通り"/>
    <tag k="name:en" v="Yasukuni-dori"/>
    <tag k="name:es" v="Calle Yasukuni"/>
    <tag k="name:ja" v="靖国通り"/>
    <tag k="name:ja-Hira" v="やすくにどおり"/>
    <tag k="name:ja_rm" v="Yasukuni Dōri"/>
    <tag k="oneway" v="yes"/>
    <tag k="ref" v="302;430"/>
    <tag k="source" v="survey, bing"/>
    <tag k="surface" v="paved"/>
  </way>
  <way id="1191359487">
    <nd ref="11061280299"/>
    <nd ref="1664033636"/>
    <tag k="foot" v="no"/>
    <tag k="highway" v="primary"/>
    <tag k="lanes" v="4"/>
    <tag k="lit" v="yes"/>
    <tag k="name" v="靖国通り"/>
    <tag k="name:en" v="Yasukuni-dori"/>
    <tag k="name:es" v="Calle Yasukuni"/>
    <tag k="name:ja" v="靖国通り"/>
    <tag k="name:ja-Hira" v="やすくにどおり"/>
    <tag k="name:ja_rm" v="Yasukuni Dōri"/>
    <tag k="oneway" v="yes"/>
    <tag k="oneway:bicycle" v="no"/>
    <tag k="ref" v="302;430"/>
    <tag k="source" v="survey, bing"/>
    <tag k="surface" v="paved"/>
  </way>
  <way id="1204012491">
    <nd ref="11158773176"/>
    <nd ref="5993409146"/>
    <nd ref="11159642725"/>
    <nd ref="11159642727"/>
    <nd ref="11159642726"/>
    <nd ref="5993409144"/>
    <tag k="highway" v="unclassified"/>
    <tag k="lanes" v="1"/>
    <tag k="oneway" v="yes"/>
  </way>
  <way id="1204012492">
    <nd ref="11159642721"/>
    <nd ref="11159642741"/>
    <nd ref="11159642740"/>
    <nd ref="11158773176"/>
    <tag k="highway" v="unclassified"/>
    <tag k="lanes" v="1"/>
    <tag k="oneway" v="yes"/>
  </way>
  <way id="1204012493">
    <nd ref="11159642721"/>
    <nd ref="11159642720"/>
    <nd ref="11159642719"/>
    <nd ref="11159642723"/>
    <nd ref="11159642722"/>
    <nd ref="11159642724"/>
    <nd ref="5993409144"/>
    <tag k="highway" v="unclassified"/>
    <tag k="lanes" v="1"/>
    <tag k="oneway" v="yes"/>
  </way>
  <way id="1214006061">
    <nd ref="1582703027"/>
    <nd ref="1189983771"/>
    <tag k="access" v="no"/>
    <tag k="check_date:surface" v="2026-07-18"/>
    <tag k="foot" v="yes"/>
    <tag k="highway" v="unclassified"/>
    <tag k="lane_markings" v="no"/>
    <tag k="level" v="0"/>
    <tag k="lit" v="yes"/>
    <tag k="motor_vehicle" v="permit"/>
    <tag k="motor_vehicle:conditional" v="no @ (Apr-Sep: Su, PH 12:00-18:00; Oct-Mar: Su, PH 12:00-17:00)"/>
    <tag k="name" v="MOA2番街"/>
    <tag k="name:en" v="MOA 2nd street"/>
    <tag k="name:es" v="Calle Moa 2da"/>
    <tag k="name:ko" v="모아 2번가"/>
    <tag k="name:zh" v="MOA 二番街"/>
    <tag k="oneway" v="yes"/>
    <tag k="surface" v="paved"/>
  </way>
  <way id="1214088493">
    <nd ref="472383050"/>
    <nd ref="11274801927"/>
    <nd ref="11274801930"/>
    <nd ref="11274801924"/>
    <nd ref="472383048"/>
    <tag k="highway" v="unclassified"/>
    <tag k="level" v="0"/>
    <tag k="oneway" v="yes"/>
  </way>
  <way id="1214088496">
    <nd ref="1582703042"/>
    <nd ref="6240814972"/>
    <tag k="access" v="no"/>
    <tag k="foot" v="yes"/>
    <tag k="highway" v="unclassified"/>
    <tag k="level" v="0"/>
    <tag k="lit" v="yes"/>
    <tag k="motor_vehicle" v="permit"/>
    <tag k="motor_vehicle:conditional" v="no @ (Apr-Sep: Su, PH 12:00-18:00; Oct-Mar: Su, PH 12:00-17:00)"/>
    <tag k="name" v="MOA2番街"/>
    <tag k="name:en" v="MOA 2nd street"/>
    <tag k="name:es" v="Calle Moa 2da"/>
    <tag k="name:ko" v="모아 2번가"/>
    <tag k="name:zh" v="MOA 二番街"/>
    <tag k="oneway" v="yes"/>
  </way>
  <way id="1214088497">
    <nd ref="11248384415"/>
    <nd ref="6119005734"/>
    <nd ref="11248384396"/>
    <tag k="access" v="no"/>
    <tag k="foot" v="yes"/>
    <tag k="highway" v="unclassified"/>
    <tag k="level" v="0"/>
    <tag k="lit" v="yes"/>
    <tag k="motor_vehicle" v="no"/>
    <tag k="motor_vehicle:conditional" v="no @ (Apr-Sep: Su, PH 12:00-18:00; Oct-Mar: Su, PH 12:00-17:00)"/>
    <tag k="name" v="MOA4番街"/>
    <tag k="name:en" v="MOA 4th street"/>
    <tag k="name:es" v="Calle Moa 4ta"/>
    <tag k="name:ko" v="모아 4번가"/>
    <tag k="name:zh" v="MOA 四番街"/>
    <tag k="oneway" v="yes"/>
  </way>
  <way id="1214088498">
    <nd ref="11248384397"/>
    <nd ref="11248384401"/>
    <nd ref="11248384402"/>
    <nd ref="472382997"/>
    <tag k="access" v="no"/>
    <tag k="foot" v="yes"/>
    <tag k="highway" v="unclassified"/>
    <tag k="level" v="0"/>
    <tag k="lit" v="yes"/>
    <tag k="motor_vehicle" v="no"/>
    <tag k="motor_vehicle:conditional" v="no @ (Apr-Sep: Su, PH 12:00-18:00; Oct-Mar: Su, PH 12:00-17:00)"/>
    <tag k="name" v="MOA4番街"/>
    <tag k="name:en" v="MOA 4th street"/>
    <tag k="name:es" v="Calle Moa 4ta"/>
    <tag k="name:ko" v="모아 4번가"/>
    <tag k="name:zh" v="MOA 四番街"/>
    <tag k="oneway" v="yes"/>
  </way>
  <way id="1214088499">
    <nd ref="11258119898"/>
    <nd ref="11258120100"/>
    <nd ref="11258119896"/>
    <nd ref="11248384398"/>
    <tag k="access" v="no"/>
    <tag k="foot" v="yes"/>
    <tag k="highway" v="unclassified"/>
    <tag k="level" v="0"/>
    <tag k="lit" v="yes"/>
    <tag k="motor_vehicle" v="no"/>
    <tag k="motor_vehicle:conditional" v="no @ (Apr-Sep: Su, PH 12:00-18:00; Oct-Mar: Su, PH 12:00-17:00)"/>
    <tag k="name" v="MOA5番街"/>
    <tag k="name:en" v="MOA 5th street"/>
    <tag k="name:es" v="Calle Moa 5ta"/>
    <tag k="name:ko" v="모아 5번가"/>
    <tag k="name:zh" v="MOA 五番街"/>
    <tag k="oneway" v="yes"/>
  </way>
  <way id="1214088500">
    <nd ref="11248384399"/>
    <nd ref="11273525039"/>
    <nd ref="11261202712"/>
    <nd ref="11261202709"/>
    <tag k="access" v="no"/>
    <tag k="foot" v="yes"/>
    <tag k="highway" v="unclassified"/>
    <tag k="level" v="0"/>
    <tag k="lit" v="yes"/>
    <tag k="motor_vehicle" v="no"/>
    <tag k="motor_vehicle:conditional" v="no @ (Apr-Sep: Su, PH 12:00-18:00; Oct-Mar: Su, PH 12:00-17:00)"/>
    <tag k="name" v="MOA5番街"/>
    <tag k="name:en" v="MOA 5th street"/>
    <tag k="name:es" v="Calle Moa 5ta"/>
    <tag k="name:ko" v="모아 5번가"/>
    <tag k="name:zh" v="MOA 五番街"/>
    <tag k="oneway" v="yes"/>
  </way>
  <way id="1214443989">
    <nd ref="11252100570"/>
    <nd ref="473173573"/>
    <tag k="highway" v="residential"/>
    <tag k="surface" v="paved"/>
  </way>
  <way id="1216718049">
    <nd ref="472382814"/>
    <nd ref="2401050135"/>
    <nd ref="11273826877"/>
    <nd ref="11273826876"/>
    <nd ref="1664033852"/>
    <nd ref="1582762177"/>
    <tag k="highway" v="unclassified"/>
    <tag k="lane_markings" v="yes"/>
    <tag k="lanes" v="2"/>
    <tag k="oneway" v="no"/>
    <tag k="source" v="survey, bing"/>
    <tag k="surface" v="asphalt"/>
  </way>
  <way id="1218036237">
    <nd ref="295406737"/>
    <nd ref="4717670578"/>
    <nd ref="472447208"/>
    <nd ref="472447040"/>
    <nd ref="1664033629"/>
    <nd ref="11061280298"/>
    <nd ref="10605474992"/>
    <nd ref="472447039"/>
    <tag k="foot" v="no"/>
    <tag k="highway" v="primary"/>
    <tag k="lanes" v="4"/>
    <tag k="lit" v="yes"/>
    <tag k="maxspeed" v="60"/>
    <tag k="name" v="靖国通り"/>
    <tag k="name:en" v="Yasukuni Street"/>
    <tag k="name:es" v="Calle Yasukuni"/>
    <tag k="name:fr" v="Rue Yasukuni"/>
    <tag k="name:ja" v="靖国通り"/>
    <tag k="name:ja-Hira" v="やすくにどおり"/>
    <tag k="name:ja-Latn" v="Yasukuni-dōri"/>
    <tag k="name:ja_rm" v="Yasukuni Dōri"/>
    <tag k="oneway" v="yes"/>
    <tag k="ref" v="302;430"/>
    <tag k="source" v="survey, bing"/>
    <tag k="surface" v="paved"/>
    <tag k="wikidata" v="Q111948762"/>
  </way>
  <way id="1218036238">
    <nd ref="1664033636"/>
    <nd ref="1814193792"/>
    <nd ref="1664033652"/>
    <nd ref="10605462456"/>
    <nd ref="4717670579"/>
    <nd ref="1664033666"/>
    <tag k="foot" v="no"/>
    <tag k="highway" v="primary"/>
    <tag k="lanes" v="4"/>
    <tag k="lit" v="yes"/>
    <tag k="maxspeed" v="60"/>
    <tag k="name" v="靖国通り"/>
    <tag k="name:en" v="Yasukuni Street"/>
    <tag k="name:es" v="Calle Yasukuni"/>
    <tag k="name:fr" v="Rue Yasukuni"/>
    <tag k="name:ja" v="靖国通り"/>
    <tag k="name:ja-Hira" v="やすくにどおり"/>
    <tag k="name:ja-Latn" v="Yasukuni-dōri"/>
    <tag k="name:ja_rm" v="Yasukuni Dōri"/>
    <tag k="oneway" v="yes"/>
    <tag k="ref" v="302;430"/>
    <tag k="source" v="survey, bing"/>
    <tag k="surface" v="paved"/>
    <tag k="wikidata" v="Q111948762"/>
  </way>
  <way id="1218039398">
    <nd ref="1676479100"/>
    <nd ref="1582762182"/>
    <tag k="foot" v="no"/>
    <tag k="highway" v="primary"/>
    <tag k="lanes" v="4"/>
    <tag k="maxspeed" v="60"/>
    <tag k="name" v="靖国通り"/>
    <tag k="name:en" v="Yasukuni Street"/>
    <tag k="name:es" v="Calle Yasukuni"/>
    <tag k="name:fr" v="Rue Yasukuni"/>
    <tag k="name:ja" v="靖国通り"/>
    <tag k="name:ja-Hira" v="やすくにどおり"/>
    <tag k="name:ja-Latn" v="Yasukuni-dōri"/>
    <tag k="name:ko" v="야스쿠니로"/>
    <tag k="name:zh" v="靖国大街"/>
    <tag k="oneway" v="yes"/>
    <tag k="ref" v="4;5;302"/>
    <tag k="source" v="survey, bing"/>
    <tag k="surface" v="paved"/>
    <tag k="turn:lanes" v="left|through|through|through"/>
    <tag k="wikidata" v="Q111948762"/>
  </way>
  <way id="1218048349">
    <nd ref="1805702535"/>
    <nd ref="1805702534"/>
    <tag k="highway" v="primary"/>
    <tag k="lanes" v="4"/>
    <tag k="lit" v="yes"/>
    <tag k="maxspeed" v="60"/>
    <tag k="name" v="靖国通り"/>
    <tag k="name:en" v="Yasukuni Street"/>
    <tag k="name:es" v="Calle Yasukuni"/>
    <tag k="name:fr" v="Rue Yasukuni"/>
    <tag k="name:ja" v="靖国通り"/>
    <tag k="name:ja-Hira" v="やすくにどおり"/>
    <tag k="name:ja-Latn" v="Yasukuni-dōri"/>
    <tag k="name:ja_rm" v="Yasukuni Dōri"/>
    <tag k="name:ko" v="야스쿠니로"/>
    <tag k="name:zh" v="靖国大街"/>
    <tag k="oneway" v="yes"/>
    <tag k="ref" v="4;5;302;430"/>
    <tag k="source" v="survey, bing"/>
    <tag k="surface" v="asphalt"/>
    <tag k="wikidata" v="Q111948762"/>
  </way>
  <way id="1218048350">
    <nd ref="1805702534"/>
    <nd ref="1805702531"/>
    <tag k="highway" v="primary"/>
    <tag k="int_name" v="Meiji-dori"/>
    <tag k="lane_markings" v="no"/>
    <tag k="lit" v="yes"/>
    <tag k="maxspeed" v="50"/>
    <tag k="name" v="明治通り"/>
    <tag k="name:en" v="Meiji Street"/>
    <tag k="name:es" v="Calle Meiji"/>
    <tag k="name:fr" v="Rue Meiji"/>
    <tag k="name:ja" v="明治通り"/>
    <tag k="name:ja-Hira" v="めいじどおり"/>
    <tag k="name:ja-Latn" v="Meiji-dōri"/>
    <tag k="name:ko" v="메이지로"/>
    <tag k="name:zh" v="明治大街"/>
    <tag k="oneway" v="yes"/>
    <tag k="ref" v="305"/>
    <tag k="source" v="Bing,2007-04"/>
    <tag k="surface" v="asphalt"/>
    <tag k="wikidata" v="Q8011176"/>
  </way>
  <way id="1218048351">
    <nd ref="1625445416"/>
    <nd ref="2262160512"/>
    <nd ref="1504865494"/>
    <nd ref="1318940835"/>
    <nd ref="10537281258"/>
    <nd ref="2393558950"/>
    <nd ref="1625445409"/>
    <tag k="foot" v="no"/>
    <tag k="highway" v="primary"/>
    <tag k="int_name" v="Meiji-dori"/>
    <tag k="lane_markings" v="yes"/>
    <tag k="lanes" v="2"/>
    <tag k="lit" v="yes"/>
    <tag k="maxspeed" v="50"/>
    <tag k="name" v="明治通り"/>
    <tag k="name:en" v="Meiji-dori Avenue"/>
    <tag k="name:es" v="Calle Meiji"/>
    <tag k="name:fr" v="Rue Meiji"/>
    <tag k="name:ja" v="明治通り"/>
    <tag k="name:ja-Hira" v="めいじどおり"/>
    <tag k="name:ja-Latn" v="Meiji-dōri"/>
    <tag k="name:ko" v="메이지로"/>
    <tag k="name:zh" v="明治通"/>
    <tag k="oneway" v="yes"/>
    <tag k="ref" v="305"/>
    <tag k="source" v="Bing,2007-04"/>
    <tag k="surface" v="asphalt"/>
    <tag k="wikidata" v="Q8011176"/>
    <tag k="wikipedia" v="ja:明治通り (東京都)"/>
  </way>
  <way id="1225134825">
    <nd ref="1676479103"/>
    <nd ref="1676479099"/>
    <nd ref="13799877957"/>
    <nd ref="13799877958"/>
    <nd ref="1582762182"/>
    <tag k="bicycle" v="no"/>
    <tag k="destination" v="新宿駅東口;新宿通り"/>
    <tag k="foot" v="no"/>
    <tag k="highway" v="secondary_link"/>
    <tag k="lanes" v="2"/>
    <tag k="maxspeed" v="60"/>
    <tag k="oneway" v="yes"/>
    <tag k="source" v="bing"/>
    <tag k="surface" v="asphalt"/>
    <tag k="turn:lanes" v="right|right"/>
  </way>
  <way id="1225134826">
    <nd ref="10605511492"/>
    <nd ref="472382832"/>
    <tag k="foot" v="no"/>
    <tag k="highway" v="primary"/>
    <tag k="lanes" v="3"/>
    <tag k="maxspeed" v="60"/>
    <tag k="name" v="靖国通り"/>
    <tag k="name:en" v="Yasukuni Street"/>
    <tag k="name:es" v="Calle Yasukuni"/>
    <tag k="name:fr" v="Rue Yasukuni"/>
    <tag k="name:ja" v="靖国通り"/>
    <tag k="name:ja-Hira" v="やすくにどおり"/>
    <tag k="name:ja-Latn" v="Yasukuni-dōri"/>
    <tag k="name:ko" v="야스쿠니로"/>
    <tag k="name:zh" v="靖国大街"/>
    <tag k="oneway" v="yes"/>
    <tag k="ref" v="4;5;302"/>
    <tag k="source" v="survey, bing"/>
    <tag k="surface" v="paved"/>
    <tag k="wikidata" v="Q111948762"/>
  </way>
  <way id="1225134827">
    <nd ref="1813859589"/>
    <nd ref="1813859423"/>
    <tag k="highway" v="primary"/>
    <tag k="lanes" v="3"/>
    <tag k="maxspeed" v="60"/>
    <tag k="name" v="青梅街道"/>
    <tag k="name:en" v="Ome-Kaido Avenue"/>
    <tag k="name:es" v="Ome Kaido"/>
    <tag k="name:ja" v="青梅街道"/>
    <tag k="name:ja-Hira" v="おうめかいどう"/>
    <tag k="name:ko" v="오우메 가이도"/>
    <tag k="name:zh" v="青梅街道"/>
    <tag k="oneway" v="yes"/>
    <tag k="ref" v="4;5"/>
    <tag k="source" v="Bing 2010"/>
    <tag k="surface" v="paved"/>
    <tag k="turn:lanes" v="slight_left|slight_left|slight_right"/>
  </way>
  <way id="1225191484">
    <nd ref="6036731050"/>
    <nd ref="10605511487"/>
    <nd ref="2394607074"/>
    <tag k="destination" v="新宿駅西口;中野坂上"/>
    <tag k="highway" v="secondary_link"/>
    <tag k="lanes" v="3"/>
    <tag k="oneway" v="yes"/>
    <tag k="sidewalk" v="left"/>
    <tag k="source" v="bing"/>
    <tag k="surface" v="asphalt"/>
  </way>
  <way id="1225191485">
    <nd ref="735990801"/>
    <nd ref="10605511492"/>
    <tag k="foot" v="no"/>
    <tag k="highway" v="primary"/>
    <tag k="lanes" v="3"/>
    <tag k="maxspeed" v="60"/>
    <tag k="name" v="靖国通り"/>
    <tag k="name:en" v="Yasukuni Street"/>
    <tag k="name:es" v="Calle Yasukuni"/>
    <tag k="name:fr" v="Rue Yasukuni"/>
    <tag k="name:ja" v="靖国通り"/>
    <tag k="name:ja-Hira" v="やすくにどおり"/>
    <tag k="name:ja-Latn" v="Yasukuni-dōri"/>
    <tag k="name:ko" v="야스쿠니로"/>
    <tag k="name:zh" v="靖国大街"/>
    <tag k="oneway" v="yes"/>
    <tag k="ref" v="4;5;302"/>
    <tag k="source" v="survey, bing"/>
    <tag k="surface" v="asphalt"/>
    <tag k="wikidata" v="Q111948762"/>
  </way>
  <way id="1225191486">
    <nd ref="1582703045"/>
    <nd ref="11361791882"/>
    <tag k="highway" v="secondary"/>
    <tag k="name" v="小滝橋通り"/>
    <tag k="name:en" v="Otakibashi Street"/>
    <tag k="name:es" v="Calle Otakibashi"/>
    <tag k="name:fr" v="Rue Otakibashi"/>
    <tag k="name:ja" v="小滝橋通り"/>
    <tag k="name:ja-Hira" v="おたきばしどおり"/>
    <tag k="name:ja-Latn" v="Otakibashi-dōri"/>
    <tag k="name:ko" v="오타키바시로"/>
    <tag k="name:zh" v="小泷桥大街"/>
    <tag k="ref" v="414"/>
    <tag k="surface" v="asphalt"/>
    <tag k="wikidata" v="Q11462701"/>
  </way>
  <way id="1225191487">
    <nd ref="304610254"/>
    <nd ref="12213675080"/>
    <nd ref="5481693741"/>
    <nd ref="12213675079"/>
    <nd ref="10605594255"/>
    <nd ref="12213675081"/>
    <nd ref="6281908939"/>
    <tag k="highway" v="secondary"/>
    <tag k="lanes" v="1"/>
    <tag k="maxspeed" v="50"/>
    <tag k="name" v="中央通り"/>
    <tag k="name:en" v="Chuo-dori Avenue"/>
    <tag k="name:es" v="Avenida Chuo-dori"/>
    <tag k="name:ja" v="中央通り"/>
    <tag k="name:ko" v="주오도리"/>
    <tag k="oneway" v="yes"/>
    <tag k="ref" v="副4"/>
    <tag k="surface" v="paved"/>
  </way>
  <way id="1278152595">
    <nd ref="1813859423"/>
    <nd ref="11361306961"/>
    <tag k="destination" v="新宿駅西口;四谷角筈線;東京都道新宿副都心八号線"/>
    <tag k="foot" v="no"/>
    <tag k="highway" v="primary_link"/>
    <tag k="lanes" v="1"/>
    <tag k="name" v="青梅街道"/>
    <tag k="name:en" v="Ome-Kaido Avenue"/>
    <tag k="name:es" v="Ome Kaido"/>
    <tag k="name:ja" v="青梅街道"/>
    <tag k="name:ja-Hira" v="おうめかいどう"/>
    <tag k="name:ko" v="오우메 가이도"/>
    <tag k="name:zh" v="青梅街道"/>
    <tag k="oneway" v="yes"/>
    <tag k="source" v="Bing 2012"/>
    <tag k="surface" v="asphalt"/>
    <tag k="turn:lanes" v="through|right"/>
  </way>
  <way id="1279684816">
    <nd ref="2394600030"/>
    <nd ref="11879222762"/>
    <nd ref="11879222759"/>
    <nd ref="11879222760"/>
    <nd ref="11879222761"/>
    <nd ref="2394599992"/>
    <tag k="highway" v="unclassified"/>
    <tag k="oneway" v="yes"/>
    <tag k="source" v="Bing 2010"/>
    <tag k="surface" v="paved"/>
  </way>
  <way id="1279684817">
    <nd ref="735990791"/>
    <nd ref="1664033567"/>
    <tag k="highway" v="tertiary"/>
    <tag k="lanes" v="4"/>
    <tag k="lit" v="yes"/>
    <tag k="name" v="新宿通り"/>
    <tag k="name:en" v="Shinjuku-dori Ave."/>
    <tag k="name:es" v="Calle Shinjuku"/>
    <tag k="name:etymology:wikidata" v="Q179645"/>
    <tag k="name:fr" v="Rue Shinjuku"/>
    <tag k="name:ja" v="新宿通り"/>
    <tag k="name:ja-Hira" v="しんじゅくどおり"/>
    <tag k="name:ja-Latn" v="Shinjuku-dōri"/>
    <tag k="name:ko" v="신쥬쿠로"/>
    <tag k="name:zh" v="新宿大街"/>
    <tag k="source" v="Bing 2010"/>
    <tag k="surface" v="paved"/>
    <tag k="was:ref" v="430"/>
    <tag k="wikidata" v="Q24886614"/>
  </way>
  <way id="1279684818">
    <nd ref="1664033567"/>
    <nd ref="735990789"/>
    <nd ref="10605620522"/>
    <nd ref="2394599969"/>
    <nd ref="735990788"/>
    <tag k="highway" v="tertiary"/>
    <tag k="lanes" v="4"/>
    <tag k="lit" v="yes"/>
    <tag k="name" v="新宿通り"/>
    <tag k="name:en" v="Shinjuku-dori Ave."/>
    <tag k="name:es" v="Calle Shinjuku"/>
    <tag k="name:etymology:wikidata" v="Q179645"/>
    <tag k="name:fr" v="Rue Shinjuku"/>
    <tag k="name:ja" v="新宿通り"/>
    <tag k="name:ja-Hira" v="しんじゅくどおり"/>
    <tag k="name:ja-Latn" v="Shinjuku-dōri"/>
    <tag k="name:ko" v="신쥬쿠로"/>
    <tag k="name:zh" v="新宿大街"/>
    <tag k="source" v="Bing 2010"/>
    <tag k="surface" v="paved"/>
    <tag k="was:ref" v="430"/>
    <tag k="wikidata" v="Q24886614"/>
  </way>
  <way id="1279684819">
    <nd ref="1665929604"/>
    <nd ref="2394599992"/>
    <tag k="highway" v="tertiary"/>
    <tag k="lanes" v="4"/>
    <tag k="lit" v="yes"/>
    <tag k="name" v="新宿通り"/>
    <tag k="name:en" v="Shinjuku-dori Ave."/>
    <tag k="name:es" v="Calle Shinjuku"/>
    <tag k="name:etymology:wikidata" v="Q179645"/>
    <tag k="name:fr" v="Rue Shinjuku"/>
    <tag k="name:ja" v="新宿通り"/>
    <tag k="name:ja-Hira" v="しんじゅくどおり"/>
    <tag k="name:ja-Latn" v="Shinjuku-dōri"/>
    <tag k="name:ko" v="신쥬쿠로"/>
    <tag k="name:zh" v="新宿大街"/>
    <tag k="source" v="Bing 2010"/>
    <tag k="surface" v="paved"/>
    <tag k="was:ref" v="430"/>
    <tag k="wikidata" v="Q24886614"/>
  </way>
  <way id="1279684820">
    <nd ref="2394599992"/>
    <nd ref="735990791"/>
    <tag k="highway" v="tertiary"/>
    <tag k="lanes" v="4"/>
    <tag k="lit" v="yes"/>
    <tag k="name" v="新宿通り"/>
    <tag k="name:en" v="Shinjuku-dori Ave."/>
    <tag k="name:es" v="Calle Shinjuku"/>
    <tag k="name:etymology:wikidata" v="Q179645"/>
    <tag k="name:fr" v="Rue Shinjuku"/>
    <tag k="name:ja" v="新宿通り"/>
    <tag k="name:ja-Hira" v="しんじゅくどおり"/>
    <tag k="name:ja-Latn" v="Shinjuku-dōri"/>
    <tag k="name:ko" v="신쥬쿠로"/>
    <tag k="name:zh" v="新宿大街"/>
    <tag k="source" v="Bing 2010"/>
    <tag k="surface" v="asphalt"/>
    <tag k="was:ref" v="430"/>
    <tag k="wikidata" v="Q24886614"/>
  </way>
  <way id="1284902688">
    <nd ref="1813863763"/>
    <nd ref="2390973872"/>
    <tag k="highway" v="residential"/>
    <tag k="source" v="Bing 2010"/>
    <tag k="surface" v="paved"/>
  </way>
  <way id="1284902689">
    <nd ref="1813863762"/>
    <nd ref="6203468625"/>
    <nd ref="1813861635"/>
    <nd ref="12842609882"/>
    <nd ref="2394607087"/>
    <nd ref="295422578"/>
    <tag k="foot" v="no"/>
    <tag k="highway" v="primary"/>
    <tag k="lanes" v="2"/>
    <tag k="name" v="青梅街道"/>
    <tag k="name:en" v="Ome-Kaido Avenue"/>
    <tag k="name:es" v="Ome Kaido"/>
    <tag k="name:ja" v="青梅街道"/>
    <tag k="name:ja-Hira" v="おうめかいどう"/>
    <tag k="name:ko" v="오우메 가이도"/>
    <tag k="name:zh" v="青梅街道"/>
    <tag k="oneway" v="yes"/>
    <tag k="ref" v="4;5"/>
    <tag k="source" v="Bing 2010"/>
    <tag k="surface" v="paved"/>
  </way>
  <way id="1284902690">
    <nd ref="1813863762"/>
    <nd ref="1813860406"/>
    <nd ref="5505807990"/>
    <nd ref="2503429986"/>
    <nd ref="5500183392"/>
    <nd ref="9954179092"/>
    <nd ref="1813858800"/>
    <nd ref="472360095"/>
    <nd ref="2503429974"/>
    <nd ref="472360098"/>
    <tag k="highway" v="unclassified"/>
    <tag k="surface" v="paved"/>
  </way>
  <way id="1284902691">
    <nd ref="1813860490"/>
    <nd ref="1813860230"/>
    <nd ref="1813860081"/>
    <nd ref="10074080376"/>
    <nd ref="2394607079"/>
    <nd ref="1813863741"/>
    <tag k="highway" v="primary"/>
    <tag k="lanes" v="2"/>
    <tag k="name" v="青梅街道"/>
    <tag k="name:en" v="Ome-Kaido Avenue"/>
    <tag k="name:es" v="Ome Kaido"/>
    <tag k="name:ja" v="青梅街道"/>
    <tag k="name:ja-Hira" v="おうめかいどう"/>
    <tag k="name:ko" v="오우메 가이도"/>
    <tag k="name:zh" v="青梅街道"/>
    <tag k="oneway" v="yes"/>
    <tag k="ref" v="4;5"/>
    <tag k="source" v="Bing 2010"/>
    <tag k="surface" v="paved"/>
  </way>
  <way id="1284902692">
    <nd ref="1813863763"/>
    <nd ref="6203468630"/>
    <nd ref="1813860490"/>
    <tag k="foot" v="no"/>
    <tag k="highway" v="primary"/>
    <tag k="lanes" v="2"/>
    <tag k="name" v="青梅街道"/>
    <tag k="name:en" v="Ome-Kaido Avenue"/>
    <tag k="name:es" v="Ome Kaido"/>
    <tag k="name:ja" v="青梅街道"/>
    <tag k="name:ja-Hira" v="おうめかいどう"/>
    <tag k="name:ko" v="오우메 가이도"/>
    <tag k="name:zh" v="青梅街道"/>
    <tag k="oneway" v="yes"/>
    <tag k="ref" v="4;5"/>
    <tag k="source" v="Bing 2010"/>
    <tag k="surface" v="paved"/>
  </way>
  <way id="1292756086">
    <nd ref="582802728"/>
    <nd ref="1716064635"/>
    <tag k="highway" v="secondary"/>
    <tag k="lanes" v="3"/>
    <tag k="maxspeed" v="50"/>
    <tag k="name" v="中央通り"/>
    <tag k="name:en" v="Chuo-dori Avenue"/>
    <tag k="name:es" v="Avenida Chuo-dori"/>
    <tag k="name:ja" v="中央通り"/>
    <tag k="name:ko" v="주오도리"/>
    <tag k="oneway" v="yes"/>
    <tag k="ref" v="副4"/>
    <tag k="surface" v="paved"/>
  </way>
  <way id="1292756087">
    <nd ref="2258182894"/>
    <nd ref="13799877944"/>
    <nd ref="304610418"/>
    <tag k="highway" v="secondary"/>
    <tag k="lanes" v="3"/>
    <tag k="name" v="四谷角筈線"/>
    <tag k="oneway" v="yes"/>
    <tag k="ref" v="414"/>
    <tag k="source" v="Bing"/>
    <tag k="surface" v="asphalt"/>
  </way>
  <way id="1319817770">
    <nd ref="582802730"/>
    <nd ref="2389061789"/>
    <nd ref="5498668194"/>
    <nd ref="582802728"/>
    <tag k="highway" v="secondary"/>
    <tag k="lanes" v="3"/>
    <tag k="maxspeed" v="50"/>
    <tag k="name" v="中央通り"/>
    <tag k="name:en" v="Chuo-dori Avenue"/>
    <tag k="name:es" v="Avenida Chuo-dori"/>
    <tag k="name:ja" v="中央通り"/>
    <tag k="name:ko" v="주오도리"/>
    <tag k="oneway" v="yes"/>
    <tag k="ref" v="副4"/>
    <tag k="surface" v="paved"/>
  </way>
  <way id="1319817771">
    <nd ref="295416542"/>
    <nd ref="582802730"/>
    <tag k="highway" v="secondary"/>
    <tag k="maxspeed" v="40"/>
    <tag k="name" v="東京都道新宿副都心八号線"/>
    <tag k="ref" v="副8"/>
    <tag k="source" v="survey, bing"/>
    <tag k="surface" v="asphalt"/>
  </way>
  <way id="1319817772">
    <nd ref="1813858088"/>
    <nd ref="5500147180"/>
    <nd ref="8930931016"/>
    <tag k="access" v="yes"/>
    <tag k="highway" v="trunk"/>
    <tag k="name" v="甲州街道"/>
    <tag k="name:en" v="Koshu-kaido Avenue"/>
    <tag k="name:es" v="Koshu Kaido"/>
    <tag k="name:ja" v="甲州街道"/>
    <tag k="name:ja-Hira" v="こうしゅうかいどう"/>
    <tag k="name:ja-Latn" v="Kōshū Kaidō"/>
    <tag k="name:ko" v="고슈 가이도"/>
    <tag k="name:zh" v="甲州街道"/>
    <tag k="nat_name" v="国道20号"/>
    <tag k="nat_name:en" v="National Highway Route 20"/>
    <tag k="oneway" v="yes"/>
    <tag k="ref" v="20"/>
    <tag k="source" v="Bing 2010"/>
    <tag k="surface" v="asphalt"/>
  </way>
  <way id="1319974946">
    <nd ref="191500702"/>
    <nd ref="1813858088"/>
    <tag k="highway" v="secondary"/>
    <tag k="maxspeed" v="40"/>
    <tag k="name" v="東京都道新宿副都心八号線"/>
    <tag k="ref" v="副8"/>
    <tag k="source" v="survey, bing"/>
    <tag k="surface" v="asphalt"/>
  </way>
  <way id="1319974947">
    <nd ref="8930931014"/>
    <nd ref="5500147179"/>
    <nd ref="191500702"/>
    <tag k="access" v="yes"/>
    <tag k="highway" v="trunk"/>
    <tag k="name" v="甲州街道"/>
    <tag k="name:en" v="Koshu-kaido Avenue"/>
    <tag k="name:es" v="Koshu Kaido"/>
    <tag k="name:ja" v="甲州街道"/>
    <tag k="name:ja-Hira" v="こうしゅうかいどう"/>
    <tag k="name:ja-Latn" v="Kōshū Kaidō"/>
    <tag k="name:ko" v="고슈 가이도"/>
    <tag k="name:zh" v="甲州街道"/>
    <tag k="nat_name" v="国道20号"/>
    <tag k="nat_name:en" v="National Highway Route 20"/>
    <tag k="oneway" v="yes"/>
    <tag k="ref" v="20"/>
    <tag k="source" v="Bing 2010"/>
    <tag k="surface" v="asphalt"/>
  </way>
  <way id="1320211315">
    <nd ref="1111613987"/>
    <nd ref="2403065904"/>
    <tag k="highway" v="secondary"/>
    <tag k="lanes" v="3"/>
    <tag k="name" v="公園通り"/>
    <tag k="name:en" v="Koen-dori Pkwy."/>
    <tag k="name:ja" v="公園通り"/>
    <tag k="oneway" v="yes"/>
    <tag k="ref" v="副12"/>
    <tag k="surface" v="asphalt"/>
  </way>
  <way id="1320211316">
    <nd ref="5500076588"/>
    <nd ref="5500076603"/>
    <nd ref="2503429980"/>
    <nd ref="5498585151"/>
    <nd ref="1582703025"/>
    <nd ref="1582703026"/>
    <tag k="highway" v="secondary"/>
    <tag k="lanes" v="2"/>
    <tag k="name" v="北通り"/>
    <tag k="name:en" v="Kita-dori Ave."/>
    <tag k="name:es" v="Avenida Kita-dori"/>
    <tag k="name:ja" v="北通り"/>
    <tag k="oneway" v="yes"/>
    <tag k="ref" v="副5"/>
    <tag k="source" v="Bing 2012"/>
    <tag k="surface" v="paved"/>
  </way>
  <way id="1338212800">
    <nd ref="472447075"/>
    <nd ref="472447094"/>
    <nd ref="472447074"/>
    <nd ref="8728235966"/>
    <nd ref="2394600030"/>
    <tag k="highway" v="unclassified"/>
    <tag k="oneway" v="yes"/>
    <tag k="source" v="Bing 2010"/>
    <tag k="surface" v="paved"/>
  </way>
  <way id="1338212803">
    <nd ref="472447023"/>
    <nd ref="472447024"/>
    <nd ref="472447025"/>
    <nd ref="472447270"/>
    <tag k="highway" v="residential"/>
  </way>
  <way id="1338230296">
    <nd ref="475369320"/>
    <nd ref="475369319"/>
    <nd ref="475369337"/>
    <nd ref="475369316"/>
    <tag k="highway" v="residential"/>
    <tag k="source" v="Bing 2010"/>
    <tag k="surface" v="paved"/>
  </way>
  <way id="1347250299">
    <nd ref="475760753"/>
    <nd ref="475763897"/>
    <tag k="highway" v="residential"/>
    <tag k="source" v="Bing"/>
  </way>
  <way id="1347250300">
    <nd ref="475759244"/>
    <nd ref="475763897"/>
    <tag k="highway" v="residential"/>
    <tag k="surface" v="asphalt"/>
  </way>
  <way id="1348869187">
    <nd ref="1664033904"/>
    <nd ref="472447258"/>
    <nd ref="1664033903"/>
    <nd ref="472447259"/>
    <nd ref="472447263"/>
    <nd ref="472447260"/>
    <tag k="highway" v="residential"/>
  </way>
  <way id="1348869188">
    <nd ref="472447035"/>
    <nd ref="472447277"/>
    <nd ref="472447276"/>
    <nd ref="472447254"/>
    <nd ref="472447255"/>
    <nd ref="1664033904"/>
    <tag k="highway" v="residential"/>
  </way>
  <way id="1352854901">
    <nd ref="475368782"/>
    <nd ref="475368847"/>
    <tag k="highway" v="residential"/>
  </way>
  <way id="1352854902">
    <nd ref="472446987"/>
    <nd ref="4384718913"/>
    <nd ref="1665978181"/>
    <nd ref="4716622878"/>
    <nd ref="475368449"/>
    <tag k="highway" v="unclassified"/>
    <tag k="oneway" v="yes"/>
    <tag k="source" v="Bing 2010"/>
    <tag k="surface" v="paved"/>
  </way>
  <way id="1352854903">
    <nd ref="475369284"/>
    <nd ref="1665978193"/>
    <nd ref="1094262614"/>
    <nd ref="475369285"/>
    <tag k="highway" v="residential"/>
  </way>
  <way id="1354563686">
    <nd ref="472360304"/>
    <nd ref="3110659210"/>
    <nd ref="5583603445"/>
    <nd ref="472360299"/>
    <tag k="highway" v="residential"/>
  </way>
  <way id="1354563687">
    <nd ref="1139149660"/>
    <nd ref="472360303"/>
    <nd ref="7013263051"/>
    <nd ref="5495266914"/>
    <nd ref="472360304"/>
    <tag k="highway" v="residential"/>
  </way>
  <way id="1354563692">
    <nd ref="472360268"/>
    <nd ref="472360326"/>
    <tag k="highway" v="residential"/>
    <tag k="source" v="Bing 2010"/>
    <tag k="surface" v="paved"/>
  </way>
  <way id="1359781454">
    <nd ref="2401069459"/>
    <nd ref="1192630108"/>
    <nd ref="1666084518"/>
    <nd ref="1192630109"/>
    <nd ref="472382669"/>
    <tag k="highway" v="residential"/>
    <tag k="name" v="韓流第一通り"/>
    <tag k="oneway" v="yes"/>
    <tag k="source" v="Bing 2010"/>
    <tag k="surface" v="paved"/>
  </way>
  <way id="1365718073">
    <nd ref="6308229718"/>
    <nd ref="6308229719"/>
    <nd ref="2465137737"/>
    <nd ref="2449165945"/>
    <nd ref="6308229721"/>
    <nd ref="2449165926"/>
    <nd ref="6308229720"/>
    <nd ref="317859914"/>
    <tag k="bicycle" v="no"/>
    <tag k="foot" v="no"/>
    <tag k="highway" v="secondary"/>
    <tag k="lanes" v="2"/>
    <tag k="layer" v="-1"/>
    <tag k="maxspeed" v="50"/>
    <tag k="name" v="東京都道新宿副都心四号線"/>
    <tag k="oneway" v="yes"/>
    <tag k="ref" v="3504"/>
    <tag k="surface" v="asphalt"/>
  </way>
  <way id="1367643345">
    <nd ref="1813858845"/>
    <nd ref="7930911071"/>
    <tag k="highway" v="secondary"/>
    <tag k="lanes" v="2"/>
    <tag k="name" v="四谷角筈線"/>
    <tag k="oneway" v="yes"/>
    <tag k="ref" v="414"/>
    <tag k="source" v="Bing 2012"/>
    <tag k="surface" v="paved"/>
  </way>
  <way id="1367643346">
    <nd ref="8252333530"/>
    <nd ref="1813858845"/>
    <tag k="highway" v="secondary"/>
    <tag k="lanes" v="2"/>
    <tag k="name" v="四谷角筈線"/>
    <tag k="oneway" v="yes"/>
    <tag k="ref" v="414"/>
    <tag k="source" v="Bing 2012"/>
    <tag k="surface" v="paved"/>
  </way>
  <way id="1367643353">
    <nd ref="13174672840"/>
    <nd ref="13175986386"/>
    <nd ref="304610256"/>
    <nd ref="12666499819"/>
    <tag k="cycleway:left" v="no"/>
    <tag k="highway" v="secondary"/>
    <tag k="lanes" v="2"/>
    <tag k="name" v="四谷角筈線"/>
    <tag k="ref" v="414"/>
    <tag k="source" v="Bing"/>
    <tag k="surface" v="asphalt"/>
  </way>
  <way id="1367646060">
    <nd ref="2606035893"/>
    <nd ref="1666084547"/>
    <tag k="highway" v="primary"/>
    <tag k="lanes" v="2"/>
    <tag k="maxspeed" v="40"/>
    <tag k="name" v="職安通り"/>
    <tag k="name:en" v="Shokuan Street"/>
    <tag k="name:es" v="Calle Shokuan"/>
    <tag k="name:fr" v="Rue Shokuan"/>
    <tag k="name:ja" v="職安通り"/>
    <tag k="name:ja-Hira" v="しょくあんどおり"/>
    <tag k="name:ja-Latn" v="Shokuan-dōri"/>
    <tag k="name:ko" v="쇼쿠안로"/>
    <tag k="name:zh" v="职安大街"/>
    <tag k="oneway" v="yes"/>
    <tag k="ref" v="302"/>
    <tag k="surface" v="paved"/>
  </way>
  <way id="1377700065">
    <nd ref="304610250"/>
    <nd ref="1502259752"/>
    <nd ref="304610252"/>
    <nd ref="2450464339"/>
    <nd ref="10648540722"/>
    <nd ref="304610253"/>
    <nd ref="13799877943"/>
    <nd ref="3122006660"/>
    <tag k="highway" v="secondary"/>
    <tag k="lanes" v="2"/>
    <tag k="name" v="四谷角筈線"/>
    <tag k="oneway" v="yes"/>
    <tag k="ref" v="414"/>
    <tag k="source" v="Bing"/>
    <tag k="surface" v="asphalt"/>
  </way>
  <way id="1378649261">
    <nd ref="260567674"/>
    <nd ref="5500054935"/>
    <tag k="foot" v="no"/>
    <tag k="highway" v="primary"/>
    <tag k="lanes" v="2"/>
    <tag k="maxspeed" v="60"/>
    <tag k="name" v="青梅街道"/>
    <tag k="name:en" v="Ome-Kaido Avenue"/>
    <tag k="name:es" v="Ome Kaido"/>
    <tag k="name:ja" v="青梅街道"/>
    <tag k="name:ja-Hira" v="おうめかいどう"/>
    <tag k="name:ko" v="오우메 가이도"/>
    <tag k="name:zh" v="青梅街道"/>
    <tag k="oneway" v="yes"/>
    <tag k="ref" v="4;5"/>
    <tag k="source" v="Bing 2010"/>
    <tag k="surface" v="paved"/>
  </way>
  <way id="1378649262">
    <nd ref="295416423"/>
    <nd ref="2394607080"/>
    <tag k="highway" v="primary"/>
    <tag k="lanes" v="2"/>
    <tag k="name" v="青梅街道"/>
    <tag k="name:en" v="Ome-Kaido Avenue"/>
    <tag k="name:es" v="Ome Kaido"/>
    <tag k="name:ja" v="青梅街道"/>
    <tag k="name:ja-Hira" v="おうめかいどう"/>
    <tag k="name:ko" v="오우메 가이도"/>
    <tag k="name:zh" v="青梅街道"/>
    <tag k="oneway" v="yes"/>
    <tag k="ref" v="4;5"/>
    <tag k="source" v="Bing 2010"/>
    <tag k="surface" v="paved"/>
  </way>
  <way id="1378649263">
    <nd ref="2394607080"/>
    <nd ref="1813859589"/>
    <tag k="highway" v="primary"/>
    <tag k="lanes" v="2"/>
    <tag k="name" v="青梅街道"/>
    <tag k="name:en" v="Ome-Kaido Avenue"/>
    <tag k="name:es" v="Ome Kaido"/>
    <tag k="name:ja" v="青梅街道"/>
    <tag k="name:ja-Hira" v="おうめかいどう"/>
    <tag k="name:ko" v="오우메 가이도"/>
    <tag k="name:zh" v="青梅街道"/>
    <tag k="oneway" v="yes"/>
    <tag k="ref" v="4;5"/>
    <tag k="source" v="Bing 2010"/>
    <tag k="surface" v="paved"/>
  </way>
  <way id="1378649264">
    <nd ref="1813863741"/>
    <nd ref="295416423"/>
    <tag k="highway" v="primary"/>
    <tag k="lanes" v="2"/>
    <tag k="name" v="青梅街道"/>
    <tag k="name:en" v="Ome-Kaido Avenue"/>
    <tag k="name:es" v="Ome Kaido"/>
    <tag k="name:ja" v="青梅街道"/>
    <tag k="name:ja-Hira" v="おうめかいどう"/>
    <tag k="name:ko" v="오우메 가이도"/>
    <tag k="name:zh" v="青梅街道"/>
    <tag k="oneway" v="yes"/>
    <tag k="ref" v="4;5"/>
    <tag k="source" v="Bing 2010"/>
    <tag k="surface" v="paved"/>
  </way>
  <way id="1378649265">
    <nd ref="1813863740"/>
    <nd ref="1813863741"/>
    <tag k="highway" v="secondary"/>
    <tag k="lanes" v="3"/>
    <tag k="maxspeed" v="50"/>
    <tag k="name" v="東通り"/>
    <tag k="name:en" v="Higashi-dori Ave."/>
    <tag k="name:es" v="Avenida Higashi-dori"/>
    <tag k="name:ja" v="東通り"/>
    <tag k="oneway" v="yes"/>
    <tag k="ref" v="副9"/>
    <tag k="source" v="Bing 2012"/>
    <tag k="surface" v="paved"/>
    <tag k="turn:lanes" v="left;through|right|right"/>
  </way>
  <way id="1378649266">
    <nd ref="1813863740"/>
    <nd ref="1813859766"/>
    <nd ref="1813859987"/>
    <nd ref="1813860097"/>
    <nd ref="6203468629"/>
    <nd ref="1813863762"/>
    <tag k="foot" v="no"/>
    <tag k="highway" v="primary"/>
    <tag k="lanes" v="2"/>
    <tag k="name" v="青梅街道"/>
    <tag k="name:en" v="Ome-Kaido Avenue"/>
    <tag k="name:es" v="Ome Kaido"/>
    <tag k="name:ja" v="青梅街道"/>
    <tag k="name:ja-Hira" v="おうめかいどう"/>
    <tag k="name:ko" v="오우메 가이도"/>
    <tag k="name:zh" v="青梅街道"/>
    <tag k="oneway" v="yes"/>
    <tag k="ref" v="4;5"/>
    <tag k="source" v="Bing 2010"/>
    <tag k="surface" v="paved"/>
  </way>
  <way id="1378649267">
    <nd ref="1813863739"/>
    <nd ref="2394607065"/>
    <nd ref="5500054892"/>
    <nd ref="10074080369"/>
    <nd ref="1813858916"/>
    <nd ref="2503429984"/>
    <nd ref="295416458"/>
    <tag k="highway" v="secondary"/>
    <tag k="lanes" v="3"/>
    <tag k="maxspeed" v="50"/>
    <tag k="name" v="東通り"/>
    <tag k="name:en" v="Higashi-dori Ave."/>
    <tag k="name:es" v="Avenida Higashi-dori"/>
    <tag k="name:ja" v="東通り"/>
    <tag k="oneway" v="yes"/>
    <tag k="ref" v="副9"/>
    <tag k="source" v="Bing 2012"/>
    <tag k="surface" v="paved"/>
  </way>
  <way id="1378649268">
    <nd ref="12766037954"/>
    <nd ref="1813863740"/>
    <tag k="foot" v="no"/>
    <tag k="highway" v="primary"/>
    <tag k="lanes" v="2"/>
    <tag k="name" v="青梅街道"/>
    <tag k="name:en" v="Ome-Kaido Avenue"/>
    <tag k="name:es" v="Ome Kaido"/>
    <tag k="name:ja" v="青梅街道"/>
    <tag k="name:ja-Hira" v="おうめかいどう"/>
    <tag k="name:ko" v="오우메 가이도"/>
    <tag k="name:zh" v="青梅街道"/>
    <tag k="oneway" v="yes"/>
    <tag k="ref" v="4;5"/>
    <tag k="source" v="Bing 2010"/>
    <tag k="surface" v="paved"/>
  </way>
  <way id="1378649269">
    <nd ref="1813863739"/>
    <nd ref="12766037954"/>
    <tag k="foot" v="no"/>
    <tag k="highway" v="primary"/>
    <tag k="lanes" v="2"/>
    <tag k="name" v="青梅街道"/>
    <tag k="name:en" v="Ome-Kaido Avenue"/>
    <tag k="name:es" v="Ome Kaido"/>
    <tag k="name:ja" v="青梅街道"/>
    <tag k="name:ja-Hira" v="おうめかいどう"/>
    <tag k="name:ko" v="오우메 가이도"/>
    <tag k="name:zh" v="青梅街道"/>
    <tag k="oneway" v="yes"/>
    <tag k="ref" v="4;5"/>
    <tag k="source" v="Bing 2010"/>
    <tag k="surface" v="paved"/>
  </way>
  <way id="1381344955">
    <nd ref="472360172"/>
    <nd ref="10605511490"/>
    <nd ref="1189983702"/>
    <nd ref="191504250"/>
    <tag k="destination:backward" v="小滝橋;歌舞伎町(20時から7時)"/>
    <tag k="highway" v="tertiary"/>
    <tag k="lanes" v="2"/>
    <tag k="lit" v="yes"/>
    <tag k="maxspeed" v="40"/>
    <tag k="name" v="小滝橋通り"/>
    <tag k="name:en" v="Otakibashi Street"/>
    <tag k="name:es" v="Calle Otakibashi"/>
    <tag k="name:fr" v="Rue Otakibashi"/>
    <tag k="name:ja" v="小滝橋通り"/>
    <tag k="name:ja-Hira" v="おたきばしどおり"/>
    <tag k="name:ja-Latn" v="Otakibashi-dōri"/>
    <tag k="name:ko" v="오타키바시로"/>
    <tag k="name:zh" v="小泷桥大街"/>
    <tag k="source" v="survey;bing"/>
    <tag k="surface" v="asphalt"/>
    <tag k="wikidata" v="Q11462701"/>
  </way>
  <way id="1381387150">
    <nd ref="1582762182"/>
    <nd ref="13799877961"/>
    <nd ref="12788191391"/>
    <nd ref="13799877960"/>
    <nd ref="12788191392"/>
    <nd ref="6237216914"/>
    <nd ref="1676479060"/>
    <tag k="foot" v="no"/>
    <tag k="highway" v="secondary"/>
    <tag k="lanes" v="1"/>
    <tag k="name" v="新宿通り"/>
    <tag k="name:en" v="Shinjuku-dori Ave."/>
    <tag k="name:es" v="Calle Shinjuku"/>
    <tag k="name:etymology:wikidata" v="Q179645"/>
    <tag k="name:fr" v="Rue Shinjuku"/>
    <tag k="name:ja" v="新宿通り"/>
    <tag k="name:ja-Hira" v="しんじゅくどおり"/>
    <tag k="name:ja-Latn" v="Shinjuku-dōri"/>
    <tag k="name:ko" v="신쥬쿠로"/>
    <tag k="name:zh" v="新宿大街"/>
    <tag k="oneway" v="yes"/>
    <tag k="ref" v="430"/>
    <tag k="source" v="Bing 2010"/>
    <tag k="surface" v="asphalt"/>
    <tag k="wikidata" v="Q24886614"/>
  </way>
  <way id="1381387151">
    <nd ref="472382832"/>
    <nd ref="1676479117"/>
    <nd ref="11250679120"/>
    <nd ref="10605511498"/>
    <tag k="foot" v="no"/>
    <tag k="highway" v="primary"/>
    <tag k="lanes" v="4"/>
    <tag k="level" v="0"/>
    <tag k="lit" v="yes"/>
    <tag k="maxspeed" v="60"/>
    <tag k="name" v="靖国通り"/>
    <tag k="name:en" v="Yasukuni Street"/>
    <tag k="name:es" v="Calle Yasukuni"/>
    <tag k="name:fr" v="Rue Yasukuni"/>
    <tag k="name:ja" v="靖国通り"/>
    <tag k="name:ja-Hira" v="やすくにどおり"/>
    <tag k="name:ja-Latn" v="Yasukuni-dōri"/>
    <tag k="name:ko" v="야스쿠니로"/>
    <tag k="name:zh" v="靖国大街"/>
    <tag k="oneway" v="yes"/>
    <tag k="ref" v="4;5;302;430"/>
    <tag k="source" v="survey, bing"/>
    <tag k="surface" v="asphalt"/>
    <tag k="wikidata" v="Q111948762"/>
  </way>
  <way id="1387335072">
    <nd ref="1813863738"/>
    <nd ref="12842609876"/>
    <nd ref="12842609877"/>
    <nd ref="12842609878"/>
    <nd ref="295422578"/>
    <tag k="foot" v="no"/>
    <tag k="highway" v="secondary"/>
    <tag k="lanes" v="2"/>
    <tag k="name" v="公園通り"/>
    <tag k="name:en" v="Koen-dori Pkwy."/>
    <tag k="name:ja" v="公園通り"/>
    <tag k="oneway" v="yes"/>
    <tag k="ref" v="副12"/>
    <tag k="surface" v="asphalt"/>
  </way>
  <way id="1387335073">
    <nd ref="1813863738"/>
    <nd ref="2394607056"/>
    <nd ref="12842609874"/>
    <tag k="foot" v="no"/>
    <tag k="highway" v="primary"/>
    <tag k="lanes" v="2"/>
    <tag k="maxspeed" v="60"/>
    <tag k="name" v="青梅街道"/>
    <tag k="name:en" v="Ome-Kaido Avenue"/>
    <tag k="name:es" v="Ome Kaido"/>
    <tag k="name:ja" v="青梅街道"/>
    <tag k="name:ja-Hira" v="おうめかいどう"/>
    <tag k="name:ko" v="오우메 가이도"/>
    <tag k="name:zh" v="青梅街道"/>
    <tag k="oneway" v="yes"/>
    <tag k="ref" v="4;5"/>
    <tag k="source" v="Bing 2010"/>
    <tag k="surface" v="paved"/>
  </way>
  <way id="1387335074">
    <nd ref="295422578"/>
    <nd ref="1701041438"/>
    <tag k="foot" v="no"/>
    <tag k="highway" v="primary"/>
    <tag k="lanes" v="2"/>
    <tag k="name" v="青梅街道"/>
    <tag k="name:en" v="Ome-Kaido Avenue"/>
    <tag k="name:es" v="Ome Kaido"/>
    <tag k="name:ja" v="青梅街道"/>
    <tag k="name:ja-Hira" v="おうめかいどう"/>
    <tag k="name:ko" v="오우메 가이도"/>
    <tag k="name:zh" v="青梅街道"/>
    <tag k="oneway" v="yes"/>
    <tag k="ref" v="4;5"/>
    <tag k="source" v="Bing 2010"/>
    <tag k="surface" v="paved"/>
  </way>
  <way id="1387335075">
    <nd ref="1701041438"/>
    <nd ref="1813863738"/>
    <tag k="destination" v="青梅街道;新宿"/>
    <tag k="destination:ref" v="4"/>
    <tag k="foot" v="no"/>
    <tag k="highway" v="primary_link"/>
    <tag k="lanes" v="2"/>
    <tag k="oneway" v="yes"/>
    <tag k="surface" v="asphalt"/>
  </way>
  <way id="1387335076">
    <nd ref="1701041438"/>
    <nd ref="2394607082"/>
    <nd ref="1142397072"/>
    <nd ref="12842609873"/>
    <nd ref="1142397217"/>
    <nd ref="581799311"/>
    <nd ref="1813863737"/>
    <nd ref="2394607068"/>
    <nd ref="9905815525"/>
    <nd ref="600035330"/>
    <nd ref="563777514"/>
    <tag k="foot" v="no"/>
    <tag k="highway" v="primary"/>
    <tag k="lanes" v="2"/>
    <tag k="name" v="青梅街道"/>
    <tag k="name:en" v="Ome-Kaido Avenue"/>
    <tag k="name:es" v="Ome Kaido"/>
    <tag k="name:ja" v="青梅街道"/>
    <tag k="name:ja-Hira" v="おうめかいどう"/>
    <tag k="name:ko" v="오우메 가이도"/>
    <tag k="name:zh" v="青梅街道"/>
    <tag k="oneway" v="yes"/>
    <tag k="ref" v="4;5"/>
    <tag k="source" v="Bing 2010"/>
    <tag k="surface" v="paved"/>
  </way>
  <way id="1387335077">
    <nd ref="12842609874"/>
    <nd ref="1813861778"/>
    <nd ref="1813861666"/>
    <nd ref="1813861516"/>
    <nd ref="1813861280"/>
    <nd ref="1813861044"/>
    <nd ref="6203468626"/>
    <nd ref="1813863763"/>
    <tag k="foot" v="no"/>
    <tag k="highway" v="primary"/>
    <tag k="lanes" v="2"/>
    <tag k="maxspeed" v="60"/>
    <tag k="name" v="青梅街道"/>
    <tag k="name:en" v="Ome-Kaido Avenue"/>
    <tag k="name:es" v="Ome Kaido"/>
    <tag k="name:ja" v="青梅街道"/>
    <tag k="name:ja-Hira" v="おうめかいどう"/>
    <tag k="name:ko" v="오우메 가이도"/>
    <tag k="name:zh" v="青梅街道"/>
    <tag k="oneway" v="yes"/>
    <tag k="ref" v="4;5"/>
    <tag k="source" v="Bing 2010"/>
    <tag k="surface" v="paved"/>
  </way>
  <way id="1416783849">
    <nd ref="475769399"/>
    <nd ref="475757834"/>
    <nd ref="475766349"/>
    <nd ref="475769371"/>
    <nd ref="475769049"/>
    <nd ref="3193649608"/>
    <nd ref="1582702959"/>
    <nd ref="5260661742"/>
    <nd ref="1582702958"/>
    <tag k="highway" v="tertiary"/>
    <tag k="lanes" v="2"/>
    <tag k="maxspeed" v="40"/>
    <tag k="surface" v="asphalt"/>
  </way>
  <way id="1416783850">
    <nd ref="5260661795"/>
    <nd ref="2466136282"/>
    <nd ref="2466136267"/>
    <nd ref="475769399"/>
    <tag k="highway" v="tertiary"/>
    <tag k="lanes" v="2"/>
    <tag k="maxspeed" v="40"/>
    <tag k="name" v="新宿2号踏切"/>
    <tag k="surface" v="asphalt"/>
  </way>
  <way id="1428214886">
    <nd ref="13174672835"/>
    <nd ref="13174672834"/>
    <nd ref="13174672833"/>
    <nd ref="13174672832"/>
    <nd ref="13174672831"/>
    <nd ref="13130309797"/>
    <nd ref="13178967051"/>
    <nd ref="13174672803"/>
    <nd ref="13130309798"/>
    <nd ref="13174672802"/>
    <nd ref="13174669099"/>
    <tag k="highway" v="secondary"/>
    <tag k="lanes" v="1"/>
    <tag k="name" v="四谷角筈線"/>
    <tag k="oneway" v="yes"/>
    <tag k="ref" v="414"/>
    <tag k="start_date" v="2025-09-27"/>
    <tag k="surface" v="asphalt"/>
  </way>
  <way id="1431640393">
    <nd ref="472383093"/>
    <nd ref="1805702251"/>
    <nd ref="1681473091"/>
    <nd ref="13741710921"/>
    <nd ref="2393558980"/>
    <nd ref="13741710917"/>
    <nd ref="472383095"/>
    <nd ref="472447053"/>
    <nd ref="2393558952"/>
    <nd ref="366932922"/>
    <nd ref="10273580586"/>
    <nd ref="472383080"/>
    <nd ref="10605479601"/>
    <nd ref="2393558966"/>
    <nd ref="1805702537"/>
    <tag k="highway" v="primary"/>
    <tag k="lanes" v="3"/>
    <tag k="lit" v="yes"/>
    <tag k="maxspeed" v="50"/>
    <tag k="name" v="御苑通り"/>
    <tag k="oneway" v="yes"/>
    <tag k="ref" v="305"/>
    <tag k="source" v="Bing 2010"/>
    <tag k="surface" v="paved"/>
  </way>
  <way id="1433488646">
    <nd ref="304610378"/>
    <nd ref="2258182894"/>
    <tag k="highway" v="secondary"/>
    <tag k="lanes" v="3"/>
    <tag k="name" v="四谷角筈線"/>
    <tag k="oneway" v="yes"/>
    <tag k="ref" v="414"/>
    <tag k="source" v="Bing"/>
    <tag k="surface" v="asphalt"/>
  </way>
  <way id="1433488648">
    <nd ref="13174672836"/>
    <nd ref="13175986387"/>
    <nd ref="13174672837"/>
    <nd ref="13174672839"/>
    <nd ref="13175986388"/>
    <nd ref="13174672840"/>
    <tag k="highway" v="unclassified"/>
    <tag k="oneway" v="yes"/>
  </way>
  <way id="1433488651">
    <nd ref="3122009360"/>
    <nd ref="13174672853"/>
    <nd ref="13174672854"/>
    <nd ref="13174672855"/>
    <nd ref="13174672856"/>
    <nd ref="13174672857"/>
    <nd ref="13174669099"/>
    <tag k="highway" v="secondary_link"/>
    <tag k="lanes" v="1"/>
    <tag k="name" v="四谷角筈線"/>
    <tag k="oneway" v="yes"/>
    <tag k="ref" v="414"/>
    <tag k="source" v="Bing"/>
    <tag k="start_date" v="2025-09-27"/>
    <tag k="surface" v="asphalt"/>
    <tag k="turn:lanes" v="right"/>
  </way>
  <way id="1433501385">
    <nd ref="13174672836"/>
    <nd ref="1813858682"/>
    <nd ref="1813858689"/>
    <tag k="highway" v="unclassified"/>
    <tag k="oneway" v="yes"/>
  </way>
  <way id="1433501387">
    <nd ref="13174672840"/>
    <nd ref="1813858689"/>
    <tag k="highway" v="secondary"/>
    <tag k="lanes" v="2"/>
    <tag k="name" v="四谷角筈線"/>
    <tag k="oneway" v="yes"/>
    <tag k="ref" v="414"/>
    <tag k="source" v="Bing 2012"/>
    <tag k="surface" v="paved"/>
  </way>
  <way id="1433501388">
    <nd ref="13174672828"/>
    <nd ref="13174672836"/>
    <tag k="highway" v="unclassified"/>
    <tag k="oneway" v="yes"/>
  </way>
  <way id="1433501389">
    <nd ref="13174669099"/>
    <nd ref="13174669100"/>
    <nd ref="13130309799"/>
    <nd ref="13174672801"/>
    <nd ref="13130309800"/>
    <nd ref="304610378"/>
    <tag k="highway" v="secondary"/>
    <tag k="lanes" v="1"/>
    <tag k="name" v="四谷角筈線"/>
    <tag k="oneway" v="yes"/>
    <tag k="ref" v="414"/>
    <tag k="start_date" v="2025-09-27"/>
    <tag k="surface" v="asphalt"/>
  </way>
  <way id="1433501390">
    <nd ref="3122006660"/>
    <nd ref="3122009360"/>
    <tag k="highway" v="secondary"/>
    <tag k="lanes" v="2"/>
    <tag k="name" v="四谷角筈線"/>
    <tag k="oneway" v="yes"/>
    <tag k="ref" v="414"/>
    <tag k="source" v="Bing"/>
    <tag k="surface" v="asphalt"/>
  </way>
  <way id="1433962974">
    <nd ref="13179698734"/>
    <nd ref="13179698736"/>
    <nd ref="13179698737"/>
    <nd ref="13179698738"/>
    <tag k="highway" v="secondary"/>
    <tag k="maxspeed" v="40"/>
    <tag k="name" v="東京都道新宿副都心八号線"/>
    <tag k="oneway" v="yes"/>
    <tag k="ref" v="副8"/>
    <tag k="source" v="survey, bing"/>
    <tag k="surface" v="asphalt"/>
  </way>
  <way id="1433962975">
    <nd ref="13179698734"/>
    <nd ref="8244653618"/>
    <tag k="foot" v="no"/>
    <tag k="highway" v="secondary"/>
    <tag k="lanes" v="2"/>
    <tag k="maxspeed" v="40"/>
    <tag k="name" v="東京都道新宿副都心八号線"/>
    <tag k="ref" v="副8"/>
    <tag k="source" v="survey, bing"/>
    <tag k="surface" v="paved"/>
  </way>
  <way id="1434218212">
    <nd ref="13179698738"/>
    <nd ref="260567674"/>
    <tag k="highway" v="secondary"/>
    <tag k="maxspeed" v="40"/>
    <tag k="name" v="東京都道新宿副都心八号線(新都心歩道橋下交差点)"/>
    <tag k="oneway" v="yes"/>
    <tag k="ref" v="3508"/>
    <tag k="source" v="survey, bing"/>
    <tag k="surface" v="asphalt"/>
  </way>
  <way id="1499089888">
    <nd ref="7933069567"/>
    <nd ref="1676356348"/>
    <nd ref="11006985244"/>
    <tag k="foot" v="no"/>
    <tag k="highway" v="unclassified"/>
    <tag k="name" v="西武新宿駅前通り"/>
    <tag k="name:en" v="Seibu Shinjuku Station Street"/>
    <tag k="name:fr" v="Rue Seibu Gare de Shinjuku"/>
    <tag k="name:ja-Latn" v="Seibu Shinjuku ekimae dōri"/>
    <tag k="name:ko" v="세이부 역전로"/>
    <tag k="name:zh" v="西武站前大街"/>
    <tag k="source" v="Bing 2010;survey"/>
    <tag k="surface" v="paved"/>
  </way>
  <way id="1509646820">
    <nd ref="13799877947"/>
    <nd ref="13799877959"/>
    <nd ref="13799877948"/>
    <nd ref="13799877962"/>
    <nd ref="1582762182"/>
    <tag k="foot" v="no"/>
    <tag k="highway" v="secondary"/>
    <tag k="lanes" v="3"/>
    <tag k="maxspeed" v="40"/>
    <tag k="name" v="新宿通り"/>
    <tag k="name:en" v="Shinjuku-dori Ave."/>
    <tag k="name:es" v="Calle Shinjuku"/>
    <tag k="name:etymology:wikidata" v="Q179645"/>
    <tag k="name:fr" v="Rue Shinjuku"/>
    <tag k="name:ja" v="新宿通り"/>
    <tag k="name:ja-Hira" v="しんじゅくどおり"/>
    <tag k="name:ja-Latn" v="Shinjuku-dōri"/>
    <tag k="name:ko" v="신쥬쿠로"/>
    <tag k="name:zh" v="新宿大街"/>
    <tag k="oneway" v="yes"/>
    <tag k="ref" v="430"/>
    <tag k="source" v="Bing 2010"/>
    <tag k="surface" v="asphalt"/>
    <tag k="turn:lanes" v="left|left|right"/>
    <tag k="wikidata" v="Q24886614"/>
  </way>
  <way id="1509646821">
    <nd ref="1582762182"/>
    <nd ref="13799877963"/>
    <nd ref="13799877953"/>
    <nd ref="13799877952"/>
    <nd ref="1676479073"/>
    <tag k="destination" v="新宿駅西口;中野坂上"/>
    <tag k="foot" v="no"/>
    <tag k="highway" v="secondary_link"/>
    <tag k="lanes" v="1"/>
    <tag k="oneway" v="yes"/>
    <tag k="source" v="bing"/>
    <tag k="surface" v="asphalt"/>
  </way>
  <way id="1509646822">
    <nd ref="13799877947"/>
    <nd ref="13799877949"/>
    <nd ref="13799877950"/>
    <nd ref="13799877951"/>
    <nd ref="1676479073"/>
    <tag k="destination" v="新宿駅西口;中野坂上"/>
    <tag k="foot" v="no"/>
    <tag k="highway" v="secondary_link"/>
    <tag k="lanes" v="1"/>
    <tag k="oneway" v="yes"/>
    <tag k="source" v="bing"/>
    <tag k="surface" v="asphalt"/>
  </way>

</osm>
